0.00000,0.00000,0.00000,0.00000,0.00000,0.06000,-0.06000,0.84000,-0.83000
0.00000,0.00000,0.00000,0.00000,0.00000,0.06000,-0.06000,0.84000,-0.83000
0.00000,0.00000,0.00000,0.00000,0.00000,0.06000,-0.06000,1.18000,-1.17000
0.00000,0.00000,0.00000,0.00000,0.00000,0.06000,-0.06000,1.18000,-1.17000
0.00000,0.00000,0.00000,0.00000,0.00000,0.06000,-0.06000,1.52000,-1.50000
0.00000,0.00000,0.00000,0.00000,0.00000,0.06000,-0.06000,1.52000,-1.50000
0.00000,0.00000,0.00000,0.00000,0.00000,0.06000,-0.06000,1.85000,-1.84000
0.00000,0.00000,0.00000,0.00000,0.00000,0.06000,-0.06000,1.85000,-1.84000
0.00000,0.00000,0.00000,0.00000,0.00000,0.06000,-0.06000,2.19000,-2.17000
0.00000,0.00000,0.00000,0.00000,0.00000,0.06000,-0.06000,2.19000,-2.17000
0.00000,0.00000,0.00000,0.00000,0.00000,0.06000,-0.06000,2.53000,-2.50000
0.00000,0.00000,0.00000,0.00000,0.00000,0.06000,-0.06000,2.53000,-2.50000
0.00000,0.00000,0.00000,0.00000,0.00000,0.06000,-0.06000,2.86000,-2.84000
0.00000,0.00000,0.00000,0.00000,0.00000,0.06000,-0.06000,2.86000,-2.84000
0.00000,0.00000,0.00000,0.00000,0.00000,0.06000,-0.06000,3.20000,-3.17000
0.00000,0.00000,0.00000,0.00000,0.00000,0.06000,-0.06000,3.20000,-3.17000
0.00000,0.00000,0.00000,0.00000,0.00000,0.06000,-0.06000,3.54000,-3.51000
0.00000,0.00000,0.00000,0.00000,0.00000,0.06000,-0.06000,3.54000,-3.51000
0.00000,0.00000,0.00000,0.00000,0.00000,0.06000,-0.06000,3.87000,-3.84000
0.00000,0.00000,0.00000,0.00000,0.00000,0.06000,-0.06000,3.87000,-3.84000
0.00000,0.00000,0.00000,0.00000,0.00000,0.06000,-0.06000,4.21000,-4.17000
0.00000,0.00000,0.00000,0.00000,0.00000,0.06000,-0.06000,4.21000,-4.17000
0.00000,0.00000,0.00000,0.00000,0.00000,0.06000,-0.06000,4.55000,-4.51000
0.00000,0.00000,0.00000,0.00000,0.00000,0.06000,-0.06000,4.55000,-4.51000
0.00000,0.00000,0.00000,0.00000,0.00000,0.06000,-0.06000,4.89000,-4.84000
0.00000,0.00000,0.00000,0.00000,0.00000,0.06000,-0.06000,4.89000,-4.84000
0.00000,0.00000,0.00000,0.00000,0.00000,0.06000,-0.06000,5.22000,-5.18000
0.00000,0.00000,0.00000,0.00000,0.00000,0.06000,-0.06000,5.22000,-5.18000
0.00000,0.00000,0.00000,0.00000,0.00000,0.06000,-0.06000,5.56000,-5.51000
0.00000,0.00000,0.00000,0.00000,0.00000,0.06000,-0.06000,5.56000,-5.51000
0.00000,0.00000,0.00000,0.00000,0.00000,0.06000,-0.06000,5.90000,-5.84000
0.00000,0.00000,0.00000,0.00000,0.00000,0.06000,-0.06000,5.90000,-5.84000
0.00000,0.00000,0.00000,0.00000,0.00000,0.06000,-0.06000,6.23000,-6.18000
0.00000,0.00000,0.00000,0.00000,0.00000,0.06000,-0.06000,6.23000,-6.18000
0.00000,0.00000,0.00000,0.00000,0.00000,0.06000,-0.06000,6.57000,-6.51000
0.00000,0.00000,0.00000,0.00000,0.00000,0.06000,-0.06000,6.57000,-6.51000
0.00000,0.00000,0.00000,0.00000,0.00000,0.06000,-0.06000,6.91000,-6.85000
0.00000,0.00000,0.00000,0.00000,0.00000,0.06000,-0.06000,6.91000,-6.85000
0.00000,0.00000,0.00000,0.00000,0.00000,0.06000,-0.06000,7.24000,-7.18000
0.00000,0.00000,0.00000,0.00000,0.00000,0.06000,-0.06000,7.24000,-7.18000
0.00000,0.00000,0.00000,0.00000,0.00000,0.06000,-0.06000,7.58000,-7.51000
0.00000,0.00000,0.00000,0.00000,0.00000,0.06000,-0.06000,7.58000,-7.51000
0.00000,0.00000,0.00000,0.00000,0.00000,0.06000,-0.06000,7.92000,-7.85000
0.00000,0.00000,0.00000,0.00000,0.00000,0.06000,-0.06000,7.92000,-7.85000
0.00000,0.00000,0.00000,0.00000,0.00000,0.06000,-0.06000,8.25000,-8.18000
0.00000,0.00000,0.00000,0.00000,0.00000,0.06000,-0.06000,8.25000,-8.18000
0.00000,0.00000,0.00000,0.00000,0.00000,0.06000,-0.06000,8.59000,-8.52000
0.00000,0.00000,0.00000,0.00000,0.00000,0.06000,-0.06000,8.59000,-8.52000
0.00000,0.00000,0.00000,0.00000,0.00000,0.06000,-0.06000,8.93000,-8.85000
0.00000,0.00000,0.00000,0.00000,0.00000,0.06000,-0.06000,8.93000,-8.85000
0.00000,0.00000,0.00000,0.00000,0.00000,0.06000,-0.06000,9.27000,-9.18000
0.00000,0.00000,0.00000,0.00000,0.00000,0.06000,-0.06000,9.27000,-9.18000
0.00000,0.00000,0.00000,0.00000,0.00000,0.06000,-0.06000,9.60000,-9.52000
0.00000,0.00000,0.00000,0.00000,0.00000,0.06000,-0.06000,9.60000,-9.52000
0.00000,0.00000,0.00000,0.00000,0.00000,0.06000,-0.06000,9.94000,-9.85000
0.00000,0.00000,0.00000,0.00000,0.00000,0.06000,-0.06000,9.94000,-9.85000
0.00000,0.00000,0.00000,0.00000,0.00000,0.06000,-0.06000,10.28000,-10.19000
0.00000,0.00000,0.00000,0.00000,0.00000,0.06000,-0.06000,10.28000,-10.19000
0.00000,0.00000,0.00000,0.00000,0.00000,0.06000,-0.06000,10.61000,-10.52000
0.00000,0.00000,0.00000,0.00000,0.00000,0.06000,-0.06000,10.61000,-10.52000
0.00000,0.00000,0.00000,0.00000,0.00000,0.06000,-0.06000,10.95000,-10.85000
0.00000,0.00000,0.00000,0.00000,0.00000,0.06000,-0.06000,10.95000,-10.85000
0.00000,0.00000,0.00000,0.00000,0.00000,0.06000,-0.06000,11.29000,-11.19000
0.00000,0.00000,0.00000,0.00000,0.00000,0.06000,-0.06000,11.29000,-11.19000
0.00000,0.00000,0.00000,0.00000,0.00000,0.06000,-0.06000,11.62000,-11.52000
0.00000,0.00000,0.00000,0.00000,0.00000,0.06000,-0.06000,11.62000,-11.52000
0.00000,0.00000,0.00000,0.00000,0.00000,0.06000,-0.06000,11.96000,-11.86000
0.00000,0.00000,0.00000,0.00000,0.00000,0.06000,-0.06000,11.96000,-11.86000
0.00000,0.00000,0.00000,0.00000,0.00000,0.06000,-0.06000,12.30000,-12.19000
0.00000,0.00000,0.00000,0.00000,0.00000,0.06000,-0.06000,12.30000,-12.19000
0.00000,0.00000,0.00000,0.00000,0.00000,0.06000,-0.06000,12.63000,-12.52000
0.00000,0.00000,0.00000,0.00000,0.00000,0.06000,-0.06000,12.63000,-12.52000
0.00000,0.00000,0.00000,0.00000,0.00000,0.06000,-0.06000,12.97000,-12.86000
0.00000,0.00000,0.00000,0.00000,0.00000,0.06000,-0.06000,12.97000,-12.86000
0.00000,0.00000,0.00000,0.00000,0.00000,0.06000,-0.06000,13.31000,-13.19000
0.00000,0.00000,0.00000,0.00000,0.00000,0.06000,-0.06000,13.31000,-13.19000
0.00000,0.00000,0.00000,0.00000,0.00000,0.06000,-0.06000,13.65000,-13.53000
0.00000,0.00000,0.00000,0.00000,0.00000,0.06000,-0.06000,13.65000,-13.53000
0.00000,0.00000,0.00000,0.00000,0.00000,0.06000,-0.06000,13.98000,-13.86000
0.00000,0.00000,0.00000,0.00000,0.00000,0.06000,-0.06000,13.98000,-13.86000
0.00000,0.00000,0.00000,0.00000,0.00000,0.06000,-0.06000,14.32000,-14.19000
0.00000,0.00000,0.00000,0.00000,0.00000,0.06000,-0.06000,14.32000,-14.19000
0.00000,0.00000,0.00000,0.00000,0.00000,0.06000,-0.06000,14.66000,-14.53000
0.00000,0.00000,0.00000,0.00000,0.00000,0.06000,-0.06000,14.66000,-14.53000
0.00000,0.00000,0.00000,0.00000,0.00000,0.06000,-0.06000,14.99000,-14.86000
0.00000,0.00000,0.00000,0.00000,0.00000,0.06000,-0.06000,14.99000,-14.86000
0.00000,0.00000,0.00000,0.00000,0.00000,0.06000,-0.06000,15.33000,-15.20000
0.00000,0.00000,0.00000,0.00000,0.00000,0.06000,-0.06000,15.33000,-15.20000
0.00000,0.00000,0.00000,0.00000,0.00000,0.06000,-0.06000,15.67000,-15.53000
0.00000,0.00000,0.00000,0.00000,0.00000,0.06000,-0.06000,15.67000,-15.53000
0.00000,0.00000,0.00000,0.00000,0.00000,0.06000,-0.06000,16.00000,-15.86000
0.00000,0.00000,0.00000,0.00000,0.00000,0.06000,-0.06000,16.00000,-15.86000
0.00000,0.00000,0.00000,0.00000,0.00000,0.06000,-0.06000,16.34000,-16.20000
0.00000,0.00000,0.00000,0.00000,0.00000,0.06000,-0.06000,16.34000,-16.20000
0.00000,0.00000,0.00000,0.00000,0.00000,0.06000,-0.06000,16.68000,-16.53000
0.00000,0.00000,0.00000,0.00000,0.00000,0.06000,-0.06000,16.68000,-16.53000
0.00000,0.00000,0.00000,0.00000,0.00000,0.06000,-0.06000,17.01000,-16.87000
0.00000,0.00000,0.00000,0.00000,0.00000,0.06000,-0.06000,17.01000,-16.87000
0.00000,0.00000,0.00000,0.00000,0.00000,0.06000,-0.06000,17.35000,-17.20000
0.00000,0.00000,0.00000,0.00000,0.00000,0.06000,-0.06000,17.35000,-17.20000
0.00000,0.00000,0.00000,0.00000,0.00000,0.06000,-0.06000,17.69000,-17.53000
0.00000,0.00000,0.00000,0.00000,0.00000,0.06000,-0.06000,17.69000,-17.53000
0.00000,0.00000,0.00000,0.00000,0.00000,0.06000,-0.06000,18.03000,-17.87000
0.00000,0.00000,0.00000,0.00000,0.00000,0.06000,-0.06000,18.03000,-17.87000
0.00000,0.00000,0.00000,0.00000,0.00000,0.06000,-0.06000,18.36000,-18.20000
0.00000,0.00000,0.00000,0.00000,0.00000,0.06000,-0.06000,18.36000,-18.20000
0.00000,0.00000,0.00000,0.00000,0.00000,0.06000,-0.06000,18.70000,-18.54000
0.00000,0.00000,0.00000,0.00000,0.00000,0.06000,-0.06000,18.70000,-18.54000
0.00000,0.00000,0.00000,0.00000,0.00000,0.06000,-0.06000,19.04000,-18.87000
0.00000,0.00000,0.00000,0.00000,0.00000,0.06000,-0.06000,19.04000,-18.87000
0.00000,0.00000,0.00000,0.00000,0.00000,0.06000,-0.06000,19.37000,-19.20000
0.00000,0.00000,0.00000,0.00000,0.00000,0.06000,-0.06000,19.37000,-19.20000
0.00000,0.00000,0.00000,0.00000,0.00000,0.06000,-0.06000,19.71000,-19.54000
0.00000,0.00000,0.00000,0.00000,0.00000,0.06000,-0.06000,19.71000,-19.54000
0.00000,0.00000,0.00000,0.00000,0.00000,0.06000,-0.06000,20.05000,-19.87000
0.00000,0.00000,0.00000,0.00000,0.00000,0.06000,-0.06000,20.05000,-19.87000
0.00000,0.00000,0.00000,0.00000,0.00000,0.06000,-0.06000,20.38000,-20.21000
0.00000,0.00000,0.00000,0.00000,0.00000,0.06000,-0.06000,20.38000,-20.21000
0.00000,0.00000,0.00000,0.00000,0.00000,0.06000,-0.06000,20.72000,-20.54000
0.00000,0.00000,0.00000,0.00000,0.00000,0.06000,-0.06000,20.72000,-20.54000
0.00000,0.00000,0.00000,0.00000,0.00000,0.06000,-0.06000,21.06000,-20.87000
0.00000,0.00000,0.00000,0.00000,0.00000,0.06000,-0.06000,21.06000,-20.87000
0.00000,0.00000,0.00000,0.00000,0.00000,0.06000,-0.06000,21.39000,-21.21000
0.00000,0.00000,0.00000,0.00000,0.00000,0.06000,-0.06000,21.39000,-21.21000
0.00000,0.00000,0.00000,0.00000,0.00000,0.06000,-0.06000,21.73000,-21.54000
0.00000,0.00000,0.00000,0.00000,0.00000,0.06000,-0.06000,21.73000,-21.54000
0.00000,0.00000,0.00000,0.00000,0.00000,0.06000,-0.06000,22.07000,-21.88000
0.00000,0.00000,0.00000,0.00000,0.00000,0.06000,-0.06000,22.07000,-21.88000
0.00000,0.00000,0.00000,0.00000,0.00000,0.06000,-0.06000,22.40000,-22.21000
0.00000,0.00000,0.00000,0.00000,0.00000,0.06000,-0.06000,22.40000,-22.21000
0.00000,0.00000,0.00000,0.02000,0.00000,0.06000,-0.06000,22.74000,-22.54000
0.00000,0.00000,0.00000,0.00000,0.00000,0.06000,-0.06000,22.74000,-22.54000
0.00000,0.00000,0.00000,0.00000,0.00000,0.06000,-0.06000,23.08000,-22.88000
0.00000,0.00000,0.00000,0.00000,0.00000,0.06000,-0.06000,23.08000,-22.88000
0.00000,0.00000,0.00000,0.00000,0.00000,0.06000,-0.06000,23.42000,-23.22000
0.00000,0.00000,0.00000,0.00000,0.00000,0.06000,-0.06000,23.42000,-23.22000
0.00000,0.00000,0.00000,0.00000,0.00000,0.06000,-0.06000,23.76000,-23.55000
0.00000,0.00000,0.00000,0.00000,0.00000,0.06000,-0.06000,23.76000,-23.55000
0.00000,0.00000,0.00000,0.00000,0.00000,0.06000,-0.06000,24.10000,-23.89000
0.00000,0.00000,0.00000,0.02000,0.00000,0.06000,-0.06000,24.10000,-23.89000
0.00000,0.00000,0.00000,0.00000,0.00000,0.06000,-0.06000,24.12000,-24.22000
0.00000,0.00000,0.00000,0.00000,0.00000,0.06000,-0.06000,24.12000,-24.22000
0.00000,0.00000,0.00000,0.00000,0.00000,0.06000,-0.06000,24.65000,-24.56000
0.00000,0.00000,0.00000,0.00000,0.00000,0.06000,-0.06000,24.65000,-24.56000
0.00000,0.00000,0.00000,0.00000,0.00000,0.06000,-0.06000,24.99000,-24.90000
0.00000,0.00000,0.00000,0.00000,0.00000,0.06000,-0.06000,24.99000,-24.90000
0.00000,0.00000,0.00000,0.00000,0.00000,0.06000,-0.06000,25.33000,-25.23000
0.00000,0.00000,0.00000,0.00000,0.00000,0.06000,-0.06000,25.33000,-25.23000
0.00000,0.00000,0.00000,0.00000,0.00000,0.06000,-0.06000,25.67000,-25.57000
0.00000,0.00000,0.00000,0.04000,0.00000,0.06000,-0.06000,25.67000,-25.57000
0.00000,0.00000,0.00000,0.00000,0.00000,0.06000,-0.06000,25.39000,-25.91000
0.00000,0.00000,0.00000,0.00000,0.00000,0.06000,-0.06000,25.39000,-25.91000
0.00000,0.00000,0.00000,0.00000,0.00000,0.06000,-0.06000,26.10000,-26.25000
0.00000,0.00000,0.00000,0.00000,0.00000,0.06000,-0.06000,26.10000,-26.25000
0.00000,0.00000,0.00000,0.00000,0.00000,0.06000,-0.06000,26.44000,-26.59000
0.00000,0.00000,0.00000,0.00000,0.00000,0.06000,-0.06000,26.44000,-26.59000
0.00000,0.00000,0.00000,0.02000,0.00000,0.06000,-0.06000,26.79000,-26.92000
0.00000,0.00000,0.00000,0.00000,0.00000,0.06000,-0.06000,26.79000,-26.92000
0.00000,0.00000,0.00000,0.00000,0.00000,0.06000,-0.06000,27.13000,-27.26000
0.00000,0.00000,0.00000,0.00000,0.00000,0.06000,-0.06000,27.13000,-27.26000
0.00000,0.00000,0.00000,0.00000,0.00000,0.06000,-0.06000,27.47000,-27.60000
0.00000,0.00000,0.00000,0.00000,0.00000,0.06000,-0.06000,27.47000,-27.60000
0.00000,0.00000,0.00000,0.00000,0.00000,0.06000,-0.06000,27.81000,-27.94000
0.00000,0.00000,0.00000,0.00000,0.00000,0.06000,-0.06000,27.81000,-27.94000
0.00000,0.00000,0.00000,0.00000,0.00000,0.06000,-0.06000,28.16000,-28.28000
0.00000,0.00000,0.00000,0.00000,0.00000,0.06000,-0.06000,28.16000,-28.28000
0.00000,0.00000,0.00000,0.00000,0.00000,0.06000,-0.06000,28.50000,-28.62000
0.00000,0.00000,0.00000,0.00000,0.00000,0.06000,-0.06000,28.50000,-28.62000
0.00000,0.00000,0.00000,0.00000,0.00000,0.06000,-0.06000,28.84000,-28.96000
0.00000,0.00000,0.00000,0.00000,0.00000,0.06000,-0.06000,28.84000,-28.96000
0.00000,0.00000,0.00000,0.00000,0.00000,0.06000,-0.06000,29.18000,-29.30000
0.00000,0.00000,0.00000,0.00000,0.00000,0.06000,-0.06000,29.18000,-29.30000
0.00000,0.00000,0.00000,0.00000,0.00000,0.06000,-0.06000,29.52000,-29.64000
0.00000,0.00000,0.00000,0.00000,0.00000,0.06000,-0.06000,29.52000,-29.64000
0.00000,0.00000,0.00000,0.00000,0.00000,0.06000,-0.06000,29.87000,-29.98000
0.00000,0.00000,0.00000,0.00000,0.00000,0.06000,-0.06000,29.87000,-29.98000
0.00000,0.00000,0.00000,0.00000,0.00000,0.06000,-0.06000,30.21000,-30.32000
0.00000,0.00000,0.00000,0.00000,0.00000,0.06000,-0.06000,30.21000,-30.32000
0.00000,0.00000,0.00000,0.00000,0.00000,0.06000,-0.06000,30.55000,-30.66000
0.00000,0.00000,0.00000,0.00000,0.00000,0.06000,-0.06000,30.55000,-30.66000
0.00000,0.00000,0.00000,0.00000,0.00000,0.06000,-0.06000,30.89000,-30.99000
0.00000,0.00000,0.00000,0.00000,0.00000,0.06000,-0.06000,30.89000,-30.99000
0.00000,0.00000,0.00000,0.00000,0.00000,0.06000,-0.06000,31.23000,-31.33000
0.00000,0.00000,0.00000,0.00000,0.00000,0.06000,-0.06000,31.23000,-31.33000
0.00000,0.00000,0.00000,0.00000,0.00000,0.06000,-0.06000,31.58000,-31.67000
0.00000,0.00000,0.00000,0.00000,0.00000,0.06000,-0.06000,31.58000,-31.67000
0.00000,0.00000,0.00000,0.00000,0.00000,0.06000,-0.06000,31.92000,-32.01000
0.00000,0.00000,0.00000,0.00000,0.00000,0.06000,-0.06000,31.92000,-32.01000
0.00000,0.00000,0.00000,0.00000,0.00000,0.06000,-0.06000,32.26000,-32.35000
0.00000,0.00000,0.00000,0.00000,0.00000,0.06000,-0.06000,32.26000,-32.35000
0.00000,0.00000,0.00000,0.00000,0.00000,0.06000,-0.06000,32.60000,-32.69000
0.00000,0.00000,0.00000,0.00000,0.00000,0.06000,-0.06000,32.60000,-32.69000
0.00000,0.00000,0.00000,0.00000,0.00000,0.06000,-0.06000,32.95000,-33.03000
0.00000,0.00000,0.00000,0.00000,0.00000,0.06000,-0.06000,32.95000,-33.03000
0.00000,0.00000,0.00000,0.00000,0.00000,0.06000,-0.06000,33.29000,-33.37000
0.00000,0.00000,0.00000,0.00000,0.00000,0.06000,-0.06000,33.29000,-33.37000
0.00000,0.00000,0.00000,0.00000,0.00000,0.06000,-0.06000,33.63000,-33.71000
0.00000,0.00000,0.00000,0.00000,0.00000,0.06000,-0.06000,33.63000,-33.71000
0.00000,0.00000,0.00000,0.00000,0.00000,0.06000,-0.06000,33.97000,-34.05000
0.00000,0.00000,0.00000,0.00000,0.00000,0.06000,-0.06000,33.97000,-34.05000
0.00000,0.00000,0.00000,0.00000,0.00000,0.06000,-0.06000,34.31000,-34.39000
0.00000,0.00000,0.00000,0.00000,0.00000,0.06000,-0.06000,34.31000,-34.39000
0.00000,0.00000,0.00000,0.00000,0.00000,0.06000,-0.06000,34.66000,-34.73000
0.00000,0.00000,0.00000,0.00000,0.00000,0.06000,-0.06000,34.66000,-34.73000
0.00000,0.00000,0.00000,0.00000,0.00000,0.06000,-0.06000,35.00000,-35.06000
0.00000,0.00000,0.00000,0.00000,0.00000,0.06000,-0.06000,35.00000,-35.06000
0.00000,0.00000,0.00000,0.00000,0.00000,0.06000,-0.06000,35.34000,-35.40000
0.00000,0.00000,0.00000,0.00000,0.00000,0.06000,-0.06000,35.34000,-35.40000
0.00000,0.00000,0.00000,0.00000,0.00000,0.06000,-0.06000,35.68000,-35.74000
0.00000,0.00000,0.00000,0.00000,0.00000,0.06000,-0.06000,35.68000,-35.74000
0.00000,0.00000,0.00000,0.00000,0.00000,0.06000,-0.06000,36.02000,-36.08000
0.00000,0.00000,0.00000,0.00000,0.00000,0.06000,-0.06000,36.02000,-36.08000
0.00000,0.00000,0.00000,0.00000,0.00000,0.06000,-0.06000,36.37000,-36.42000
0.00000,0.00000,0.00000,0.00000,0.00000,0.06000,-0.06000,36.37000,-36.42000
0.00000,0.00000,0.00000,0.00000,0.00000,0.06000,-0.06000,36.71000,-36.76000
0.00000,0.00000,0.00000,0.00000,0.00000,0.06000,-0.06000,36.71000,-36.76000
0.00000,0.00000,0.00000,0.00000,0.00000,0.06000,-0.06000,37.05000,-37.10000
0.00000,0.00000,0.00000,0.00000,0.00000,0.06000,-0.06000,37.05000,-37.10000
0.00000,0.00000,0.00000,0.00000,0.00000,0.06000,-0.06000,37.39000,-37.44000
0.00000,0.00000,0.00000,0.00000,0.00000,0.06000,-0.06000,37.39000,-37.44000
0.00000,0.00000,0.00000,0.00000,0.00000,0.06000,-0.06000,37.74000,-37.78000
0.00000,0.00000,0.00000,0.00000,0.00000,0.06000,-0.06000,37.74000,-37.78000
0.00000,0.00000,0.00000,0.00000,0.00000,0.06000,-0.06000,38.08000,-38.12000
0.00000,0.00000,0.00000,0.00000,0.00000,0.06000,-0.06000,38.08000,-38.12000
0.00000,0.00000,0.00000,0.00000,0.00000,0.06000,-0.06000,38.42000,-38.46000
0.00000,0.00000,0.00000,0.00000,0.00000,0.06000,-0.06000,38.42000,-38.46000
0.00000,0.00000,0.00000,0.00000,0.00000,0.06000,-0.06000,38.76000,-38.80000
0.00000,0.00000,0.00000,0.00000,0.00000,0.06000,-0.06000,38.76000,-38.80000
0.00000,0.00000,0.00000,0.00000,0.00000,0.06000,-0.06000,39.10000,-39.13000
0.00000,0.00000,0.00000,0.00000,0.00000,0.06000,-0.06000,39.10000,-39.13000
0.00000,0.00000,0.00000,0.00000,0.00000,0.06000,-0.06000,39.45000,-39.47000
0.00000,0.00000,0.00000,0.00000,0.00000,0.06000,-0.06000,39.45000,-39.47000
0.00000,0.00000,0.00000,0.00000,0.00000,0.06000,-0.06000,39.79000,-39.81000
0.00000,0.00000,0.00000,0.00000,0.00000,0.06000,-0.06000,39.79000,-39.81000
0.00000,0.00000,0.00000,0.00000,0.00000,0.06000,-0.06000,40.13000,-40.15000
0.00000,0.00000,0.00000,0.00000,0.00000,0.06000,-0.06000,40.13000,-40.15000
0.00000,0.00000,0.00000,0.00000,0.00000,0.06000,-0.06000,40.47000,-40.49000
0.00000,0.00000,0.00000,0.00000,0.00000,0.06000,-0.06000,40.47000,-40.49000
0.00000,0.00000,0.00000,0.00000,0.00000,0.06000,-0.06000,40.81000,-40.83000
0.00000,0.00000,0.00000,0.00000,0.00000,0.06000,-0.06000,40.81000,-40.83000
0.00000,0.00000,0.00000,0.00000,0.00000,0.06000,-0.06000,41.16000,-41.17000
0.00000,0.00000,0.00000,0.00000,0.00000,0.06000,-0.06000,41.16000,-41.17000
0.00000,0.00000,0.00000,0.00000,0.00000,0.06000,-0.06000,41.50000,-41.51000
0.00000,0.00000,0.00000,0.00000,0.00000,0.06000,-0.06000,41.50000,-41.51000
0.00000,0.00000,0.00000,0.00000,0.00000,0.06000,-0.06000,41.84000,-41.85000
0.00000,0.00000,0.00000,0.00000,0.00000,0.06000,-0.06000,41.84000,-41.85000
0.00000,0.00000,0.00000,0.00000,0.00000,0.06000,-0.06000,42.18000,-42.19000
0.00000,0.00000,0.00000,0.00000,0.00000,0.06000,-0.06000,42.18000,-42.19000
0.00000,0.00000,0.00000,0.00000,0.00000,0.06000,-0.06000,42.53000,-42.53000
0.00000,0.00000,0.00000,0.00000,0.00000,0.06000,-0.06000,42.53000,-42.53000
0.00000,0.00000,0.00000,0.00000,0.00000,0.06000,-0.06000,42.87000,-42.87000
0.00000,0.00000,0.00000,0.00000,0.00000,0.06000,-0.06000,42.87000,-42.87000
0.00000,0.00000,0.00000,0.00000,0.00000,0.06000,-0.06000,43.21000,-43.20000
0.00000,0.00000,0.00000,0.02000,0.00000,0.06000,-0.06000,43.21000,-43.20000
0.00000,0.00000,0.00000,0.00000,0.00000,0.06000,-0.06000,43.24000,-43.55000
0.00000,0.00000,0.00000,0.00000,0.00000,0.06000,-0.06000,43.24000,-43.55000
0.00000,0.00000,0.00000,0.00000,0.00000,0.06000,-0.06000,43.77000,-43.89000
0.00000,0.00000,0.00000,0.00000,0.00000,0.06000,-0.06000,43.77000,-43.89000
0.00000,0.00000,0.00000,0.00000,0.00000,0.06000,-0.06000,44.12000,-44.23000
0.00000,0.00000,0.00000,0.00000,0.00000,0.06000,-0.06000,44.12000,-44.23000
0.00000,0.00000,0.00000,0.00000,0.00000,0.06000,-0.06000,44.46000,-44.57000
0.00000,0.00000,0.00000,0.00000,0.00000,0.06000,-0.06000,44.46000,-44.57000
0.00000,0.00000,0.00000,0.00000,0.00000,0.06000,-0.06000,44.80000,-44.91000
0.00000,0.00000,0.00000,0.00000,0.00000,0.06000,-0.06000,44.80000,-44.91000
0.00000,0.00000,0.00000,0.00000,0.00000,0.06000,-0.06000,45.15000,-45.25000
0.00000,0.00000,0.00000,0.00000,0.00000,0.06000,-0.06000,45.15000,-45.25000
0.00000,0.00000,0.00000,0.00000,0.00000,0.06000,-0.06000,45.49000,-45.59000
0.00000,0.00000,0.00000,0.00000,0.00000,0.06000,-0.06000,45.49000,-45.59000
0.00000,0.00000,0.00000,0.00000,0.00000,0.06000,-0.06000,45.83000,-45.93000
0.00000,0.00000,0.00000,0.00000,0.00000,0.06000,-0.06000,45.83000,-45.93000
0.00000,0.00000,0.00000,0.00000,0.00000,0.06000,-0.06000,46.18000,-46.27000
0.00000,0.00000,0.00000,0.00000,0.00000,0.06000,-0.06000,46.18000,-46.27000
0.00000,0.00000,0.00000,0.00000,0.00000,0.06000,-0.06000,46.52000,-46.61000
0.00000,0.00000,0.00000,0.00000,0.00000,0.06000,-0.06000,46.52000,-46.61000
0.00000,0.00000,0.00000,0.00000,0.00000,0.06000,-0.06000,46.86000,-46.95000
0.00000,0.00000,0.00000,0.00000,0.00000,0.06000,-0.06000,46.86000,-46.95000
0.00000,0.00000,0.00000,0.00000,0.00000,0.06000,-0.06000,47.20000,-47.29000
0.00000,0.00000,0.00000,0.00000,0.00000,0.06000,-0.06000,47.20000,-47.29000
0.00000,0.00000,0.00000,0.00000,0.00000,0.06000,-0.06000,47.55000,-47.63000
0.00000,0.00000,0.00000,0.00000,0.00000,0.06000,-0.06000,47.55000,-47.63000
0.00000,0.00000,0.00000,0.00000,0.00000,0.06000,-0.06000,47.89000,-47.97000
0.00000,0.00000,0.00000,0.00000,0.00000,0.06000,-0.06000,47.89000,-47.97000
0.00000,0.00000,0.00000,0.00000,0.00000,0.06000,-0.06000,48.23000,-48.31000
0.00000,0.00000,0.00000,0.00000,0.00000,0.06000,-0.06000,48.23000,-48.31000
0.00000,0.00000,0.00000,0.00000,0.00000,0.06000,-0.06000,48.58000,-48.65000
0.00000,0.00000,0.00000,0.00000,0.00000,0.06000,-0.06000,48.58000,-48.65000
0.00000,0.00000,0.00000,0.00000,0.00000,0.06000,-0.06000,48.92000,-48.99000
0.00000,0.00000,0.00000,0.00000,0.00000,0.06000,-0.06000,48.92000,-48.99000
0.00000,0.00000,0.00000,0.00000,0.00000,0.06000,-0.06000,49.26000,-49.33000
0.00000,0.00000,0.00000,0.00000,0.00000,0.06000,-0.06000,49.26000,-49.33000
0.00000,0.00000,0.00000,0.00000,0.00000,0.06000,-0.06000,49.61000,-49.67000
0.00000,0.00000,0.00000,0.00000,0.00000,0.06000,-0.06000,49.61000,-49.67000
0.00000,0.00000,0.00000,0.00000,0.00000,0.06000,-0.06000,49.95000,-50.01000
0.00000,0.00000,0.00000,0.02000,0.00000,0.06000,-0.06000,49.95000,-50.01000
0.00000,0.00000,0.01000,0.15000,0.00000,0.06000,-0.06000,49.98000,-50.35000
0.00000,0.00000,0.01000,0.00000,0.00000,0.06000,-0.06000,49.98000,-50.35000
0.00000,0.00000,0.01000,0.00000,0.00000,0.06000,-0.06000,50.53000,-50.71000
0.00000,0.00000,0.01000,0.19000,0.00000,0.06000,-0.06000,50.53000,-50.71000
0.00000,0.00000,0.01000,0.15000,0.00000,0.06000,-0.06000,48.10000,-51.08000
0.00000,0.00000,0.01000,0.00000,0.00000,0.06000,-0.06000,48.10000,-51.08000
0.00000,0.00000,0.01000,0.00000,0.00000,0.06000,-0.06000,50.16000,-51.46000
0.00000,0.00000,0.01000,0.00000,0.00000,0.06000,-0.06000,50.16000,-51.46000
0.00000,0.00000,0.01000,0.00000,0.00000,0.06000,-0.06000,50.53000,-51.82000
0.00000,0.00000,0.01000,0.00000,0.00000,0.06000,-0.06000,50.53000,-51.82000
0.00000,0.00000,0.01000,0.00000,0.00000,0.06000,-0.06000,50.90000,-52.19000
0.00000,0.00000,0.01000,0.00000,0.00000,0.06000,-0.06000,50.90000,-52.19000
0.00000,0.00000,0.01000,0.00000,0.00000,0.06000,-0.06000,51.27000,-52.55000
0.00000,0.00000,0.01000,0.00000,0.00000,0.06000,-0.06000,51.27000,-52.55000
0.00000,0.00000,0.01000,0.00000,0.00000,0.06000,-0.06000,51.63000,-52.91000
0.00000,0.00000,0.01000,0.00000,0.00000,0.06000,-0.06000,51.63000,-52.91000
0.00000,0.00000,0.01000,0.00000,0.00000,0.06000,-0.06000,52.00000,-53.28000
0.00000,0.00000,0.01000,0.00000,0.00000,0.06000,-0.06000,52.00000,-53.28000
0.00000,0.00000,0.01000,0.00000,0.00000,0.06000,-0.06000,52.37000,-53.64000
0.00000,0.00000,0.01000,0.00000,0.00000,0.06000,-0.06000,52.37000,-53.64000
0.00000,0.00000,0.01000,0.00000,0.00000,0.06000,-0.06000,52.74000,-54.01000
0.00000,0.00000,0.01000,0.00000,0.00000,0.06000,-0.06000,52.74000,-54.01000
0.00000,0.00000,0.01000,0.00000,0.00000,0.06000,-0.06000,53.10000,-54.37000
0.00000,0.00000,0.01000,0.00000,0.00000,0.06000,-0.06000,53.10000,-54.37000
0.00000,0.00000,0.01000,0.00000,0.00000,0.06000,-0.06000,53.47000,-54.74000
0.00000,0.00000,0.01000,0.00000,0.00000,0.06000,-0.06000,53.47000,-54.74000
0.00000,0.00000,0.01000,0.00000,0.00000,0.06000,-0.06000,53.84000,-55.10000
0.00000,0.00000,0.01000,0.00000,0.00000,0.06000,-0.06000,53.84000,-55.10000
0.00000,0.00000,0.01000,0.00000,0.00000,0.06000,-0.06000,54.21000,-55.46000
0.00000,0.00000,0.01000,0.00000,0.00000,0.06000,-0.06000,54.21000,-55.46000
0.00000,0.00000,0.01000,0.00000,0.00000,0.06000,-0.06000,54.57000,-55.83000
0.00000,0.00000,0.01000,0.00000,0.00000,0.06000,-0.06000,54.57000,-55.83000
0.00000,0.00000,0.01000,0.00000,0.00000,0.06000,-0.06000,54.94000,-56.19000
0.00000,0.00000,0.01000,0.00000,0.00000,0.06000,-0.06000,54.94000,-56.19000
0.00000,0.00000,0.01000,0.00000,0.00000,0.06000,-0.06000,55.31000,-56.56000
0.00000,0.00000,0.01000,0.00000,0.00000,0.06000,-0.06000,55.31000,-56.56000
0.00000,0.00000,0.01000,0.00000,0.00000,0.06000,-0.06000,55.68000,-56.92000
0.00000,0.00000,0.01000,0.00000,0.00000,0.06000,-0.06000,55.68000,-56.92000
0.00000,0.00000,0.01000,0.00000,0.00000,0.06000,-0.06000,56.05000,-57.29000
0.00000,0.00000,0.01000,0.00000,0.00000,0.06000,-0.06000,56.05000,-57.29000
0.00000,0.00000,0.01000,0.00000,0.00000,0.06000,-0.06000,56.41000,-57.65000
0.00000,0.00000,0.01000,0.00000,0.00000,0.06000,-0.06000,56.41000,-57.65000
0.00000,0.00000,0.01000,0.00000,0.00000,0.06000,-0.06000,56.78000,-58.01000
0.00000,0.00000,0.01000,0.00000,0.00000,0.06000,-0.06000,56.78000,-58.01000
0.00000,0.00000,0.01000,0.00000,0.00000,0.06000,-0.06000,57.15000,-58.38000
0.00000,0.00000,0.01000,0.00000,0.00000,0.06000,-0.06000,57.15000,-58.38000
0.00000,0.00000,0.01000,0.00000,0.00000,0.06000,-0.06000,57.52000,-58.74000
0.00000,0.00000,0.01000,0.00000,0.00000,0.06000,-0.06000,57.52000,-58.74000
0.00000,0.00000,0.01000,0.00000,-0.02000,0.06000,-0.06000,57.88000,-59.11000
0.00000,0.00000,0.01000,0.00000,0.00000,0.06000,-0.06000,57.88000,-59.11000
0.00000,0.00000,0.01000,0.00000,0.00000,0.06000,-0.06000,58.26000,-59.48000
0.00000,0.00000,0.01000,0.00000,0.00000,0.06000,-0.06000,58.26000,-59.48000
0.00000,0.00000,0.01000,0.00000,0.00000,0.06000,-0.06000,58.63000,-59.85000
0.00000,0.00000,0.01000,0.00000,0.00000,0.06000,-0.06000,58.63000,-59.85000
0.00000,0.00000,0.01000,0.00000,0.00000,0.06000,-0.06000,59.00000,-60.22000
0.00000,0.00000,0.01000,0.00000,0.00000,0.06000,-0.06000,59.00000,-60.22000
0.00000,0.00000,0.01000,0.00000,0.00000,0.06000,-0.06000,59.37000,-60.59000
0.00000,0.00000,0.01000,0.00000,0.00000,0.06000,-0.06000,59.37000,-60.59000
0.00000,0.00000,0.01000,0.00000,0.00000,0.06000,-0.06000,59.75000,-60.95000
0.00000,0.00000,0.02000,0.21000,-0.02000,0.06000,-0.06000,59.75000,-60.95000
0.00000,0.00000,0.02000,0.31000,0.00000,0.06000,-0.06000,57.04000,-61.05000
0.00000,0.00000,0.02000,0.12000,0.00000,0.07000,-0.07000,57.04000,-61.05000
0.00000,0.00000,0.02000,0.00000,-0.02000,0.07000,-0.07000,57.48000,-61.67000
0.00000,0.00000,0.02000,0.00000,0.00000,0.07000,-0.07000,57.48000,-61.67000
0.00000,0.00000,0.02000,0.00000,0.00000,0.07000,-0.07000,59.02000,-62.08000
0.00000,0.00000,0.02000,0.00000,0.00000,0.07000,-0.07000,59.02000,-62.08000
0.00000,0.00000,0.02000,0.00000,0.00000,0.07000,-0.07000,59.43000,-62.49000
0.00000,0.00000,0.02000,0.00000,0.00000,0.07000,-0.07000,59.43000,-62.49000
0.00000,0.00000,0.02000,0.00000,0.00000,0.07000,-0.07000,59.84000,-62.90000
0.00000,0.00000,0.02000,0.00000,0.00000,0.07000,-0.07000,59.84000,-62.90000
0.00000,0.00000,0.02000,0.00000,0.00000,0.07000,-0.07000,60.25000,-63.31000
0.00000,0.00000,0.02000,0.00000,-0.02000,0.07000,-0.07000,60.25000,-63.31000
0.00000,0.00000,0.02000,0.02000,0.00000,0.07000,-0.07000,60.68000,-63.42000
0.00000,0.00000,0.02000,0.00000,0.00000,0.07000,-0.07000,60.68000,-63.42000
0.00000,0.00000,0.02000,0.00000,0.00000,0.07000,-0.07000,61.10000,-64.02000
0.00000,0.00000,0.02000,0.00000,0.00000,0.07000,-0.07000,61.10000,-64.02000
0.00000,0.00000,0.02000,0.00000,0.00000,0.07000,-0.07000,61.51000,-64.43000
0.00000,0.00000,0.02000,0.00000,0.00000,0.07000,-0.07000,61.51000,-64.43000
0.00000,0.00000,0.02000,0.00000,0.00000,0.07000,-0.07000,61.93000,-64.84000
0.00000,0.00000,0.02000,0.00000,0.00000,0.07000,-0.07000,61.93000,-64.84000
0.00000,0.00000,0.02000,0.00000,0.00000,0.07000,-0.07000,62.35000,-65.26000
0.00000,0.00000,0.02000,0.00000,0.00000,0.07000,-0.07000,62.35000,-65.26000
0.00000,0.00000,0.02000,0.00000,0.00000,0.07000,-0.07000,62.76000,-65.67000
0.00000,0.00000,0.02000,0.00000,0.00000,0.07000,-0.07000,62.76000,-65.67000
0.00000,0.00000,0.02000,0.00000,0.00000,0.07000,-0.07000,63.18000,-66.08000
0.00000,0.00000,0.02000,0.00000,0.00000,0.07000,-0.07000,63.18000,-66.08000
0.00000,0.00000,0.02000,0.00000,0.00000,0.07000,-0.07000,63.60000,-66.50000
0.00000,0.00000,0.03000,0.08000,0.00000,0.07000,-0.07000,63.60000,-66.50000
0.00000,0.00000,0.03000,0.23000,0.00000,0.07000,-0.07000,62.78000,-66.92000
0.00000,0.00000,0.03000,0.02000,0.00000,0.07000,-0.07000,62.78000,-66.92000
0.00000,0.00000,0.03000,0.00000,0.00000,0.07000,-0.07000,63.67000,-67.37000
0.00000,0.00000,0.03000,0.00000,0.00000,0.07000,-0.07000,63.67000,-67.37000
0.00000,0.00000,0.03000,0.00000,0.00000,0.07000,-0.07000,64.29000,-67.80000
0.00000,0.00000,0.03000,0.00000,0.00000,0.07000,-0.07000,64.29000,-67.80000
0.00000,0.00000,0.03000,0.00000,0.00000,0.07000,-0.07000,64.72000,-68.23000
0.00000,0.00000,0.03000,0.00000,0.00000,0.07000,-0.07000,64.72000,-68.23000
0.00000,0.00000,0.03000,0.00000,0.00000,0.07000,-0.07000,65.16000,-68.66000
0.00000,0.00000,0.03000,0.00000,0.00000,0.07000,-0.07000,65.16000,-68.66000
0.00000,0.00000,0.03000,0.00000,0.00000,0.07000,-0.07000,65.59000,-69.09000
0.00000,0.00000,0.03000,0.00000,0.00000,0.07000,-0.07000,65.59000,-69.09000
0.00000,0.00000,0.03000,0.00000,0.00000,0.07000,-0.07000,66.02000,-69.52000
0.00000,0.00000,0.03000,0.00000,0.00000,0.07000,-0.07000,66.02000,-69.52000
0.00000,0.00000,0.03000,0.00000,0.00000,0.07000,-0.07000,66.46000,-69.95000
0.00000,0.00000,0.03000,0.00000,0.00000,0.07000,-0.07000,66.46000,-69.95000
0.00000,0.00000,0.03000,0.00000,0.00000,0.07000,-0.07000,66.89000,-70.38000
0.00000,0.00000,0.03000,0.00000,0.00000,0.07000,-0.07000,66.89000,-70.38000
0.00000,0.00000,0.03000,0.02000,0.00000,0.07000,-0.07000,67.32000,-70.81000
0.00000,0.00000,0.03000,0.15000,0.00000,0.07000,-0.07000,67.32000,-70.81000
0.00000,0.00000,0.04000,0.29000,0.00000,0.07000,-0.07000,65.60000,-71.26000
0.00000,0.00000,0.04000,0.29000,0.00000,0.08000,-0.08000,65.60000,-71.26000
0.00000,0.00000,0.05000,0.39000,0.00000,0.08000,-0.08000,63.06000,-71.77000
0.00000,0.00000,0.06000,0.39000,0.00000,0.08000,-0.08000,63.06000,-71.77000
0.00000,0.00000,0.06000,0.12000,0.00000,0.09000,-0.08000,60.34000,-72.34000
0.00000,0.00000,0.06000,0.00000,0.00000,0.09000,-0.09000,60.34000,-72.34000
0.00000,0.00000,0.06000,0.00000,0.00000,0.09000,-0.09000,64.42000,-72.86000
0.00000,0.00000,0.06000,0.00000,0.00000,0.09000,-0.09000,64.42000,-72.86000
0.00000,0.00000,0.06000,0.12000,0.00000,0.09000,-0.09000,64.94000,-73.38000
0.00000,0.00000,0.06000,0.04000,0.00000,0.09000,-0.09000,64.94000,-73.38000
0.00000,0.00000,0.06000,0.00000,0.00000,0.09000,-0.09000,64.86000,-73.92000
0.00000,0.00000,0.06000,0.00000,0.00000,0.09000,-0.09000,64.86000,-73.92000
0.00000,0.00000,0.06000,0.04000,0.00000,0.09000,-0.09000,65.76000,-74.44000
0.00000,0.00000,0.07000,0.10000,0.00000,0.09000,-0.09000,65.76000,-74.44000
0.00000,0.00000,0.07000,0.00000,0.00000,0.09000,-0.09000,64.75000,-74.98000
0.00000,0.00000,0.07000,0.00000,0.00000,0.09000,-0.09000,64.75000,-74.98000
0.00000,0.00000,0.07000,0.00000,0.00000,0.09000,-0.09000,66.22000,-75.51000
0.00000,0.00000,0.07000,0.00000,0.00000,0.09000,-0.09000,66.22000,-75.51000
0.00000,0.00000,0.07000,0.00000,0.00000,0.09000,-0.09000,66.76000,-76.04000
0.00000,0.00000,0.07000,0.00000,0.00000,0.09000,-0.09000,66.76000,-76.04000
0.00000,0.00000,0.07000,0.00000,0.00000,0.09000,-0.09000,67.29000,-76.57000
0.00000,0.00000,0.07000,0.00000,0.00000,0.09000,-0.09000,67.29000,-76.57000
0.00000,0.00000,0.07000,0.00000,0.00000,0.09000,-0.09000,67.83000,-77.10000
0.00000,0.00000,0.07000,0.00000,0.00000,0.09000,-0.09000,67.83000,-77.10000
0.00000,0.00000,0.07000,0.00000,0.00000,0.09000,-0.09000,68.36000,-77.64000
0.00000,0.00000,0.07000,0.00000,0.00000,0.09000,-0.09000,68.36000,-77.64000
0.00000,0.00000,0.07000,0.00000,0.00000,0.09000,-0.09000,68.90000,-78.17000
0.00000,0.00000,0.07000,0.00000,0.00000,0.09000,-0.09000,68.90000,-78.17000
0.00000,0.00000,0.07000,0.00000,0.00000,0.09000,-0.09000,69.44000,-78.70000
0.00000,0.00000,0.07000,0.00000,0.00000,0.09000,-0.09000,69.44000,-78.70000
0.00000,0.00000,0.07000,0.00000,0.00000,0.09000,-0.09000,69.97000,-79.23000
0.00000,0.00000,0.07000,0.00000,0.00000,0.09000,-0.09000,69.97000,-79.23000
0.00000,0.00000,0.07000,0.00000,0.00000,0.09000,-0.09000,70.51000,-79.76000
0.00000,0.00000,0.07000,0.00000,0.00000,0.09000,-0.09000,70.51000,-79.76000
0.00000,0.00000,0.07000,0.00000,0.00000,0.09000,-0.09000,71.04000,-80.29000
0.00000,0.00000,0.07000,0.00000,0.00000,0.09000,-0.09000,71.04000,-80.29000
0.00000,0.00000,0.07000,0.00000,0.00000,0.09000,-0.09000,71.58000,-80.82000
0.00000,0.00000,0.07000,0.00000,0.00000,0.09000,-0.09000,71.58000,-80.82000
0.00000,0.00000,0.07000,0.00000,0.00000,0.09000,-0.09000,72.12000,-81.35000
0.00000,0.00000,0.07000,0.00000,0.00000,0.09000,-0.09000,72.12000,-81.35000
0.00000,0.00000,0.07000,0.00000,0.00000,0.09000,-0.09000,72.65000,-81.88000
0.00000,0.00000,0.07000,0.00000,0.00000,0.09000,-0.09000,72.65000,-81.88000
0.00000,0.00000,0.07000,0.00000,0.00000,0.09000,-0.09000,73.19000,-82.41000
0.00000,0.00000,0.07000,0.00000,0.00000,0.09000,-0.09000,73.19000,-82.41000
0.00000,0.00000,0.07000,0.00000,0.00000,0.09000,-0.09000,73.73000,-82.95000
0.00000,0.00000,0.07000,0.00000,0.00000,0.09000,-0.09000,73.73000,-82.95000
0.00000,0.00000,0.07000,0.00000,0.00000,0.09000,-0.09000,74.26000,-83.48000
0.00000,0.00000,0.07000,0.02000,0.00000,0.09000,-0.09000,74.26000,-83.48000
0.00000,0.00000,0.07000,0.00000,0.00000,0.09000,-0.09000,74.49000,-84.01000
0.00000,0.00000,0.07000,0.00000,0.00000,0.09000,-0.09000,74.49000,-84.01000
0.00000,0.00000,0.07000,0.00000,0.00000,0.09000,-0.09000,75.21000,-84.54000
0.00000,0.00000,0.07000,0.00000,0.00000,0.09000,-0.09000,75.21000,-84.54000
0.00000,0.00000,0.07000,0.00000,0.00000,0.09000,-0.09000,75.75000,-85.07000
0.00000,0.00000,0.07000,0.00000,0.00000,0.09000,-0.09000,75.75000,-85.07000
0.00000,0.00000,0.07000,0.00000,0.00000,0.09000,-0.09000,76.29000,-85.61000
0.00000,0.00000,0.07000,0.00000,0.00000,0.09000,-0.09000,76.29000,-85.61000
0.00000,0.00000,0.07000,0.00000,0.00000,0.09000,-0.09000,76.82000,-86.14000
0.00000,0.00000,0.07000,0.00000,0.00000,0.09000,-0.09000,76.82000,-86.14000
0.00000,0.00000,0.07000,0.00000,0.00000,0.09000,-0.09000,77.36000,-86.67000
0.00000,0.00000,0.07000,0.00000,0.00000,0.09000,-0.09000,77.36000,-86.67000
0.00000,0.00000,0.07000,0.00000,0.00000,0.09000,-0.09000,77.90000,-87.20000
0.00000,0.00000,0.07000,0.00000,0.00000,0.09000,-0.09000,77.90000,-87.20000
0.00000,0.00000,0.07000,0.00000,0.00000,0.09000,-0.09000,78.44000,-87.73000
0.00000,0.00000,0.07000,0.00000,0.00000,0.09000,-0.09000,78.44000,-87.73000
0.00000,0.00000,0.07000,0.00000,0.00000,0.09000,-0.09000,78.97000,-88.27000
0.00000,0.00000,0.07000,0.00000,0.00000,0.09000,-0.09000,78.97000,-88.27000
0.00000,0.00000,0.07000,0.00000,0.00000,0.09000,-0.09000,79.51000,-88.80000
0.00000,0.00000,0.07000,0.00000,0.00000,0.09000,-0.09000,79.51000,-88.80000
0.00000,0.00000,0.07000,0.04000,0.00000,0.09000,-0.09000,80.05000,-89.33000
0.00000,0.00000,0.07000,0.29000,0.00000,0.09000,-0.09000,80.05000,-89.33000
0.00000,0.00000,0.08000,0.50000,0.00000,0.09000,-0.09000,76.27000,-89.91000
0.01000,0.00000,0.09000,0.66000,0.00000,0.10000,-0.10000,76.27000,-89.91000
0.01000,0.00000,0.11000,0.85000,0.00000,0.10000,-0.10000,69.63000,-90.61000
0.01000,0.00000,0.13000,1.06000,0.00000,0.11000,-0.11000,69.63000,-90.61000
0.01000,0.00000,0.15000,1.16000,0.00000,0.12000,-0.12000,60.62000,-91.49000
0.01000,0.00000,0.16000,0.83000,0.00000,0.13000,-0.13000,60.62000,-91.49000
0.01000,0.00000,0.17000,0.54000,-0.02000,0.14000,-0.14000,58.71000,-92.49000
0.01000,0.00000,0.18000,0.46000,0.00000,0.15000,-0.14000,58.71000,-92.49000
0.01000,0.00000,0.19000,0.37000,0.00000,0.15000,-0.15000,60.34000,-93.48000
0.01000,0.00000,0.20000,0.35000,0.00000,0.16000,-0.15000,60.34000,-93.48000
0.01000,0.00000,0.20000,0.42000,0.00000,0.16000,-0.16000,60.17000,-94.49000
0.01000,0.00000,0.21000,0.50000,0.00000,0.16000,-0.16000,60.17000,-94.49000
0.01000,0.00000,0.22000,0.44000,0.00000,0.17000,-0.17000,56.97000,-95.57000
0.01000,0.00000,0.22000,0.17000,0.00000,0.17000,-0.17000,56.97000,-95.57000
0.01000,0.00000,0.22000,0.00000,0.00000,0.17000,-0.17000,60.07000,-96.66000
0.01000,0.00000,0.22000,0.00000,0.00000,0.17000,-0.17000,60.07000,-96.66000
0.01000,0.00000,0.22000,0.00000,0.00000,0.17000,-0.17000,62.62000,-97.69000
0.01000,0.00000,0.22000,0.00000,0.00000,0.17000,-0.17000,62.62000,-97.69000
0.01000,0.00000,0.22000,0.00000,0.00000,0.17000,-0.17000,63.67000,-98.73000
0.01000,0.00000,0.22000,0.00000,0.00000,0.17000,-0.17000,63.67000,-98.73000
0.01000,0.00000,0.22000,0.00000,0.00000,0.17000,-0.17000,64.72000,-99.76000
0.01000,0.00000,0.22000,0.00000,0.00000,0.17000,-0.17000,64.72000,-99.76000
0.01000,0.00000,0.22000,0.00000,0.00000,0.17000,-0.17000,65.76000,-100.80000
0.01000,0.00000,0.22000,0.00000,0.00000,0.17000,-0.17000,65.76000,-100.80000
0.01000,0.00000,0.22000,0.00000,0.00000,0.17000,-0.17000,66.81000,-101.83000
0.01000,0.00000,0.22000,0.00000,0.00000,0.17000,-0.17000,66.81000,-101.83000
0.01000,0.00000,0.22000,0.00000,0.00000,0.17000,-0.17000,67.86000,-102.86000
0.01000,0.00000,0.23000,0.21000,0.00000,0.17000,-0.17000,67.86000,-102.86000
0.01000,0.00000,0.23000,0.25000,0.00000,0.18000,-0.17000,65.83000,-103.93000
0.01000,0.00000,0.24000,0.21000,0.00000,0.18000,-0.18000,65.83000,-103.93000
0.01000,0.00000,0.24000,0.00000,0.00000,0.18000,-0.18000,65.72000,-105.05000
0.01000,0.00000,0.24000,0.00000,0.00000,0.18000,-0.18000,65.72000,-105.05000
0.01000,0.00000,0.24000,0.00000,0.00000,0.18000,-0.18000,68.69000,-106.13000
0.01000,0.00000,0.24000,0.00000,0.00000,0.18000,-0.18000,68.69000,-106.13000
0.01000,0.00000,0.24000,0.00000,0.00000,0.18000,-0.18000,69.78000,-107.21000
0.01000,0.00000,0.24000,0.06000,-0.02000,0.18000,-0.18000,69.78000,-107.21000
0.01000,0.00000,0.24000,0.25000,-0.02000,0.18000,-0.18000,69.96000,-107.99000
0.01000,0.00000,0.25000,0.10000,-0.37000,0.19000,-0.18000,69.96000,-107.99000
0.01000,0.00000,0.27000,0.31000,-0.66000,0.20000,-0.20000,70.38000,-103.96000
0.01000,0.00000,0.30000,0.56000,-0.98000,0.24000,-0.23000,70.38000,-103.96000
0.01000,0.00000,0.33000,0.62000,-1.47000,0.29000,-0.28000,65.42000,-95.12000
0.01000,0.00000,0.37000,0.62000,-1.64000,0.37000,-0.35000,65.42000,-95.12000
0.01000,0.00000,0.41000,0.50000,-1.56000,0.44000,-0.41000,65.18000,-82.96000
0.01000,0.00000,0.44000,0.44000,-1.06000,0.51000,-0.44000,65.18000,-82.96000
0.01000,-0.00000,0.46000,0.27000,-0.73000,0.55000,-0.45000,68.43000,-84.85000
0.01000,-0.00000,0.47000,0.39000,-0.58000,0.57000,-0.44000,68.43000,-84.85000
0.01000,-0.00000,0.49000,0.48000,-0.56000,0.60000,-0.43000,70.52000,-88.03000
0.01000,-0.00000,0.52000,0.62000,-0.79000,0.63000,-0.40000,70.52000,-88.03000
0.01000,-0.00000,0.54000,0.71000,-0.64000,0.68000,-0.36000,69.51000,-82.98000
0.01000,-0.00000,0.56000,0.71000,-0.42000,0.73000,-0.30000,69.51000,-82.98000
0.01000,-0.00000,0.58000,0.58000,-0.31000,0.79000,-0.25000,70.22000,-84.35000
0.01000,0.00000,0.59000,0.44000,-0.02000,0.83000,-0.20000,70.22000,-84.35000
0.01000,0.00000,0.60000,0.31000,-0.12000,0.85000,-0.18000,75.72000,-88.26000
0.01000,0.00000,0.60000,0.33000,0.00000,0.88000,-0.16000,75.72000,-88.26000
0.01000,0.00000,0.61000,0.46000,0.00000,0.89000,-0.14000,80.30000,-88.96000
0.01000,0.00000,0.62000,0.62000,0.00000,0.90000,-0.13000,80.30000,-88.96000
0.01000,0.00000,0.64000,0.91000,0.00000,0.93000,-0.10000,79.90000,-89.16000
0.01000,0.00000,0.65000,0.58000,0.00000,0.97000,-0.06000,79.90000,-89.16000
0.01000,0.00000,0.65000,0.08000,0.00000,0.99000,-0.03000,83.32000,-88.74000
0.01000,0.00000,0.65000,0.00000,0.00000,1.00000,-0.03000,83.32000,-88.74000
0.01000,0.00000,0.65000,0.00000,0.00000,1.00000,-0.03000,94.56000,-88.87000
0.01000,0.00000,0.65000,0.19000,0.00000,1.00000,-0.03000,94.56000,-88.87000
0.01000,0.00000,0.66000,0.39000,0.00000,1.01000,-0.02000,97.87000,-88.91000
0.01000,0.00000,0.67000,0.62000,0.00000,1.02000,0.00000,97.87000,-88.91000
0.01000,0.00000,0.69000,0.87000,0.00000,1.05000,0.03000,96.98000,-88.24000
0.02000,0.00000,0.70000,0.91000,0.00000,1.10000,0.08000,96.98000,-88.24000
0.02000,0.00000,0.72000,0.75000,0.00000,1.15000,0.13000,96.63000,-86.56000
0.02000,0.01000,0.73000,0.58000,0.00000,1.19000,0.17000,96.63000,-86.56000
0.02000,0.01000,0.74000,0.66000,0.00000,1.22000,0.21000,104.10000,-84.63000
0.02000,0.01000,0.76000,0.93000,0.00000,1.26000,0.25000,104.10000,-84.63000
0.02000,0.01000,0.78000,1.35000,0.00000,1.32000,0.30000,104.08000,-82.01000
0.02000,0.01000,0.80000,1.27000,0.00000,1.40000,0.37000,104.08000,-82.01000
0.02000,0.01000,0.83000,1.37000,0.00000,1.48000,0.44000,103.90000,-78.16000
0.02000,0.01000,0.86000,1.60000,0.00000,1.56000,0.50000,103.90000,-78.16000
0.02000,0.01000,0.89000,1.56000,0.00000,1.64000,0.57000,102.61000,-73.61000
0.02000,0.01000,0.92000,1.68000,0.00000,1.72000,0.62000,102.61000,-73.61000
0.03000,0.02000,0.95000,1.62000,0.00000,1.79000,0.68000,103.82000,-68.46000
0.03000,0.02000,0.98000,1.99000,0.00000,1.85000,0.73000,103.82000,-68.46000
0.03000,0.02000,1.02000,2.03000,0.00000,1.91000,0.77000,101.64000,-63.00000
0.03000,0.02000,1.05000,1.99000,0.00000,1.97000,0.81000,101.64000,-63.00000
0.03000,0.02000,1.09000,2.03000,0.00000,2.01000,0.84000,102.63000,-57.38000
0.03000,0.03000,1.13000,2.22000,0.00000,2.05000,0.86000,102.63000,-57.38000
0.03000,0.03000,1.17000,2.22000,0.00000,2.08000,0.88000,100.41000,-51.76000
0.03000,0.03000,1.21000,2.24000,0.00000,2.11000,0.89000,100.41000,-51.76000
0.03000,0.03000,1.25000,2.16000,0.00000,2.13000,0.90000,100.05000,-46.21000
0.04000,0.03000,1.29000,1.91000,0.00000,2.15000,0.90000,100.05000,-46.21000
0.04000,0.04000,1.31000,1.62000,0.00000,2.17000,0.90000,104.85000,-40.75000
0.04000,0.04000,1.34000,1.47000,0.00000,2.18000,0.90000,104.85000,-40.75000
0.04000,0.04000,1.37000,1.37000,0.00000,2.18000,0.91000,113.19000,-35.29000
0.04000,0.04000,1.40000,1.81000,0.00000,2.19000,0.91000,113.19000,-35.29000
0.04000,0.04000,1.44000,2.08000,0.00000,2.19000,0.90000,112.63000,-29.86000
0.04000,0.05000,1.48000,2.49000,0.00000,2.20000,0.91000,112.63000,-29.86000
0.04000,0.05000,1.53000,2.74000,0.00000,2.21000,0.91000,104.87000,-24.41000
0.04000,0.05000,1.59000,3.24000,0.00000,2.21000,0.91000,104.87000,-24.41000
0.04000,0.06000,1.65000,3.57000,0.00000,2.21000,0.91000,92.04000,-18.95000
0.04000,0.06000,1.72000,3.51000,0.00000,2.21000,0.91000,92.04000,-18.95000
0.04000,0.06000,1.78000,3.55000,0.00000,2.21000,0.91000,81.86000,-13.47000
0.04000,0.07000,1.84000,3.20000,0.00000,2.21000,0.91000,81.86000,-13.47000
0.04000,0.07000,1.89000,2.99000,0.00000,2.21000,0.91000,78.72000,-7.94000
0.03000,0.07000,1.94000,2.74000,0.00000,2.21000,0.92000,78.72000,-7.94000
0.03000,0.08000,1.99000,2.62000,0.00000,2.20000,0.92000,79.55000,-2.35000
0.03000,0.08000,2.04000,2.57000,0.00000,2.20000,0.93000,79.55000,-2.35000
0.03000,0.08000,2.08000,2.49000,0.00000,2.19000,0.94000,78.62000,3.39000
0.03000,0.08000,2.13000,2.57000,0.00000,2.18000,0.95000,78.62000,3.39000
0.03000,0.09000,2.17000,2.49000,0.00000,2.17000,0.96000,75.97000,9.33000
0.03000,0.09000,2.22000,2.49000,0.00000,2.15000,0.97000,75.97000,9.33000
0.02000,0.09000,2.26000,2.20000,0.00000,0.90000,2.19000,55.85000,33.63000
0.02000,0.09000,2.29000,1.64000,0.00000,0.90000,2.17000,55.85000,33.63000
0.02000,0.09000,2.30000,0.73000,0.00000,0.90000,2.14000,58.97000,45.91000
0.02000,0.09000,2.31000,0.33000,0.00000,0.89000,2.11000,58.97000,45.91000
0.02000,0.09000,2.31000,0.00000,0.00000,0.89000,2.10000,73.96000,58.25000
0.02000,0.09000,2.31000,0.00000,0.02000,0.89000,2.10000,73.96000,58.25000
0.02000,0.09000,2.31000,0.00000,0.00000,0.89000,2.10000,82.27000,70.57000
0.02000,0.09000,2.31000,0.02000,0.00000,0.89000,2.10000,82.27000,70.57000
0.02000,0.09000,2.31000,0.42000,0.00000,0.89000,2.10000,87.27000,83.38000
0.02000,0.09000,2.33000,0.81000,0.02000,0.88000,2.09000,87.27000,83.38000
0.02000,0.10000,2.35000,1.04000,0.00000,0.87000,2.06000,80.34000,95.02000
0.02000,0.10000,2.36000,0.60000,0.00000,0.84000,2.00000,80.34000,95.02000
0.02000,0.10000,2.36000,0.10000,0.00000,0.81000,1.97000,82.97000,106.17000
0.02000,0.10000,2.36000,0.00000,0.00000,0.81000,1.96000,82.97000,106.17000
0.02000,0.10000,2.35000,0.00000,0.37000,0.81000,1.96000,93.19000,117.86000
0.02000,0.10000,2.33000,0.00000,1.12000,0.81000,1.97000,93.19000,117.86000
0.02000,0.10000,2.31000,0.00000,1.39000,0.83000,2.00000,98.43000,113.44000
0.02000,0.10000,2.28000,0.00000,1.43000,0.85000,2.04000,98.43000,113.44000
0.02000,0.10000,2.25000,0.00000,1.56000,0.87000,2.07000,103.99000,115.03000
0.02000,0.10000,2.23000,0.00000,1.54000,0.88000,2.09000,103.99000,115.03000
0.01000,0.10000,2.20000,0.02000,1.74000,0.89000,2.12000,109.50000,118.01000
0.01000,0.11000,2.17000,0.44000,1.91000,0.90000,2.14000,109.50000,118.01000
0.01000,0.11000,2.15000,0.75000,1.99000,0.90000,2.15000,108.45000,116.38000
0.01000,0.11000,2.13000,1.12000,1.91000,0.90000,2.15000,108.45000,116.38000
0.01000,0.11000,2.12000,1.16000,1.81000,0.90000,2.14000,100.95000,117.77000
0.01000,0.12000,2.10000,0.87000,1.78000,0.90000,2.14000,100.95000,117.77000
0.00000,0.12000,2.08000,0.56000,1.91000,0.90000,2.13000,103.31000,120.84000
0.00000,0.12000,2.05000,0.52000,1.89000,0.90000,2.14000,103.31000,120.84000
0.00000,0.12000,2.03000,0.87000,1.97000,0.90000,2.14000,108.78000,121.54000
-0.00000,0.13000,2.02000,1.06000,1.91000,0.90000,2.14000,108.78000,121.54000
-0.00000,0.13000,2.00000,1.10000,2.12000,0.90000,2.13000,102.92000,122.57000
-0.00000,0.13000,1.98000,1.18000,2.07000,0.89000,2.12000,102.92000,122.57000
-0.00000,0.14000,1.96000,1.12000,2.28000,0.88000,2.10000,99.92000,120.97000
-0.01000,0.14000,1.94000,0.75000,2.20000,0.88000,2.09000,99.92000,120.97000
-0.01000,0.14000,1.91000,0.93000,2.34000,0.88000,2.08000,104.56000,118.97000
-0.01000,0.15000,1.90000,1.29000,2.14000,0.87000,2.07000,104.56000,118.97000
-0.01000,0.15000,1.88000,1.49000,2.26000,0.85000,2.03000,96.81000,118.37000
-0.01000,0.15000,1.86000,1.14000,2.26000,0.80000,1.95000,96.81000,118.37000
-0.01000,0.16000,1.84000,1.14000,2.16000,0.76000,1.89000,94.98000,113.74000
-0.01000,0.16000,1.82000,0.93000,2.12000,0.68000,1.79000,94.98000,113.74000
-0.01000,0.16000,1.80000,0.54000,2.03000,0.60000,1.69000,93.50000,110.73000
-0.01000,0.17000,1.77000,0.50000,2.12000,0.56000,1.64000,93.50000,110.73000
-0.02000,0.17000,1.74000,0.60000,1.83000,0.52000,1.58000,96.74000,106.54000
-0.02000,0.17000,1.73000,0.98000,1.91000,0.44000,1.49000,96.74000,106.54000
-0.02000,0.18000,1.72000,1.10000,1.66000,0.26000,1.27000,85.85000,101.79000
-0.02000,0.18000,1.70000,0.91000,1.74000,0.03000,1.05000,85.85000,101.79000
-0.02000,0.18000,1.69000,0.64000,1.41000,-0.14000,0.89000,76.44000,94.69000
-0.02000,0.18000,1.67000,0.44000,1.49000,-0.24000,0.79000,76.44000,94.69000
-0.02000,0.18000,1.65000,0.08000,1.25000,-0.30000,0.74000,74.88000,91.02000
-0.02000,0.19000,1.63000,0.02000,0.91000,-0.32000,0.72000,74.88000,91.02000
-0.02000,0.19000,1.62000,0.12000,0.93000,-0.33000,0.71000,76.31000,94.82000
-0.02000,0.19000,1.60000,0.02000,1.14000,-0.34000,0.69000,76.31000,94.82000
-0.02000,0.19000,1.58000,0.00000,0.96000,-0.35000,0.68000,73.81000,89.77000
-0.02000,0.19000,1.57000,0.00000,0.60000,-0.36000,0.68000,73.81000,89.77000
-0.02000,0.19000,1.56000,0.00000,0.58000,-0.37000,0.67000,71.71000,94.95000
-0.02000,0.19000,1.54000,0.00000,0.81000,-0.37000,0.67000,71.71000,94.95000
-0.02000,0.19000,1.53000,0.00000,1.00000,-0.38000,0.66000,69.37000,92.11000
-0.02000,0.19000,1.51000,0.02000,0.71000,-0.38000,0.65000,69.37000,92.11000
-0.02000,0.19000,1.50000,0.02000,0.66000,-0.39000,0.65000,66.59000,92.55000
-0.02000,0.20000,1.49000,0.02000,0.75000,-0.40000,0.64000,66.59000,92.55000
-0.02000,0.20000,1.47000,0.02000,0.93000,-0.40000,0.63000,63.93000,91.35000
-0.02000,0.20000,1.45000,0.00000,1.02000,-0.41000,0.62000,63.93000,91.35000
-0.02000,0.20000,1.44000,0.04000,0.98000,-0.42000,0.61000,61.48000,86.32000
-0.02000,0.20000,1.42000,0.00000,0.96000,-0.43000,0.60000,61.48000,86.32000
-0.02000,0.20000,1.40000,0.00000,0.98000,-0.43000,0.59000,58.77000,84.52000
-0.02000,0.20000,1.39000,0.00000,0.79000,-0.44000,0.58000,58.77000,84.52000
-0.02000,0.20000,1.38000,0.00000,0.54000,-0.44000,0.58000,56.05000,84.59000
-0.02000,0.20000,1.37000,0.00000,0.37000,-0.44000,0.57000,56.05000,84.59000
-0.02000,0.20000,1.36000,0.00000,0.48000,-0.44000,0.57000,53.36000,89.42000
-0.02000,0.20000,1.35000,0.00000,0.75000,-0.44000,0.56000,53.36000,89.42000
-0.02000,0.21000,1.33000,0.00000,1.06000,-0.45000,0.56000,50.65000,84.80000
-0.02000,0.21000,1.31000,0.00000,0.89000,-0.45000,0.55000,50.65000,84.80000
-0.02000,0.21000,1.30000,0.00000,0.77000,-0.45000,0.54000,47.93000,81.17000
-0.02000,0.21000,1.29000,0.00000,0.73000,-0.45000,0.53000,47.93000,81.17000
-0.01000,0.21000,1.27000,0.00000,0.69000,-0.45000,0.52000,45.26000,81.29000
-0.01000,0.21000,1.26000,0.00000,0.79000,-0.45000,0.51000,45.26000,81.29000
-0.01000,0.21000,1.25000,0.00000,0.56000,-0.44000,0.50000,42.64000,78.86000
-0.01000,0.21000,1.24000,0.00000,0.31000,-0.44000,0.50000,42.64000,78.86000
-0.01000,0.21000,1.24000,0.00000,0.19000,-0.44000,0.49000,40.04000,84.14000
-0.01000,0.21000,1.24000,0.00000,0.08000,-0.44000,0.49000,40.04000,84.14000
-0.01000,0.21000,1.24000,0.00000,0.00000,-0.44000,0.49000,37.43000,88.59000
-0.01000,0.21000,1.24000,0.00000,0.06000,-0.44000,0.49000,37.43000,88.59000
-0.01000,0.21000,1.23000,0.00000,0.39000,-0.44000,0.49000,34.81000,91.32000
-0.01000,0.21000,1.22000,0.00000,0.81000,-0.43000,0.48000,34.81000,91.32000
-0.01000,0.21000,1.19000,0.00000,1.25000,-0.43000,0.47000,32.31000,82.41000
-0.01000,0.21000,1.18000,0.00000,1.04000,-0.42000,0.45000,32.31000,82.41000
-0.01000,0.22000,1.16000,0.00000,0.77000,-0.41000,0.43000,30.08000,76.41000
-0.01000,0.22000,1.15000,0.00000,0.58000,-0.40000,0.42000,30.08000,76.41000
-0.01000,0.22000,1.14000,0.00000,0.50000,-0.39000,0.41000,27.92000,79.27000
-0.01000,0.22000,1.13000,0.00000,0.64000,-0.38000,0.40000,27.92000,79.27000
-0.01000,0.22000,1.12000,0.00000,0.60000,-0.37000,0.39000,25.86000,76.98000
-0.01000,0.22000,1.11000,0.00000,0.31000,-0.36000,0.38000,25.86000,76.98000
-0.01000,0.22000,1.11000,0.00000,0.00000,-0.35000,0.37000,23.88000,80.14000
-0.01000,0.22000,1.11000,0.00000,0.00000,-0.35000,0.37000,23.88000,80.14000
-0.01000,0.22000,1.11000,0.00000,0.00000,-0.35000,0.37000,21.75000,85.16000
-0.01000,0.22000,1.11000,0.00000,0.00000,-0.35000,0.37000,21.75000,85.16000
-0.01000,0.22000,1.11000,0.00000,0.00000,-0.35000,0.37000,19.63000,87.38000
-0.01000,0.22000,1.11000,0.00000,0.00000,-0.35000,0.37000,19.63000,87.38000
-0.01000,0.22000,1.11000,0.00000,0.00000,-0.35000,0.37000,17.51000,89.59000
-0.01000,0.22000,1.11000,0.00000,0.00000,-0.35000,0.37000,17.51000,89.59000
-0.01000,0.22000,1.11000,0.00000,0.00000,-0.35000,0.37000,15.38000,91.81000
-0.01000,0.22000,1.11000,0.00000,0.00000,-0.35000,0.37000,15.38000,91.81000
-0.01000,0.22000,1.11000,0.00000,0.00000,-0.35000,0.37000,13.26000,94.02000
-0.01000,0.22000,1.11000,0.00000,0.00000,-0.35000,0.37000,13.26000,94.02000
-0.01000,0.22000,1.11000,0.00000,0.00000,-0.35000,0.37000,11.13000,96.24000
-0.01000,0.22000,1.11000,0.00000,0.00000,-0.35000,0.37000,11.13000,96.24000
-0.01000,0.22000,1.11000,0.00000,0.00000,-0.35000,0.37000,9.01000,98.45000
-0.01000,0.22000,1.11000,0.00000,0.00000,-0.35000,0.37000,9.01000,98.45000
-0.01000,0.22000,1.11000,0.00000,0.00000,-0.35000,0.37000,6.89000,100.67000
-0.01000,0.22000,1.11000,0.00000,0.00000,-0.35000,0.37000,6.89000,100.67000
-0.01000,0.22000,1.11000,0.00000,0.00000,-0.35000,0.37000,4.76000,102.88000
-0.01000,0.22000,1.11000,0.00000,0.00000,-0.35000,0.37000,4.76000,102.88000
-0.01000,0.22000,1.11000,0.00000,0.00000,-0.35000,0.37000,2.64000,105.10000
-0.01000,0.22000,1.11000,0.00000,0.00000,-0.35000,0.37000,2.64000,105.10000
-0.01000,0.22000,1.11000,0.00000,0.02000,-0.35000,0.37000,0.51000,107.31000
-0.01000,0.22000,1.10000,0.00000,0.52000,-0.35000,0.37000,0.51000,107.31000
-0.01000,0.22000,1.08000,0.00000,1.22000,-0.34000,0.36000,-1.46000,101.57000
-0.01000,0.22000,1.05000,0.00000,1.72000,-0.32000,0.33000,-1.46000,101.57000
-0.01000,0.22000,1.02000,0.00000,1.78000,-0.28000,0.29000,-2.60000,81.52000
-0.01000,0.22000,0.98000,0.00000,1.87000,-0.24000,0.25000,-2.60000,81.52000
-0.01000,0.23000,0.96000,0.00000,1.37000,-0.20000,0.20000,-3.03000,69.43000
-0.01000,0.23000,0.94000,0.00000,1.12000,-0.17000,0.17000,-3.03000,69.43000
-0.01000,0.23000,0.92000,0.00000,0.87000,-0.14000,0.15000,-3.40000,69.78000
-0.00000,0.23000,0.91000,0.00000,0.54000,-0.13000,0.13000,-3.40000,69.78000
-0.00000,0.23000,0.91000,0.00000,0.10000,-0.11000,0.12000,-3.82000,72.20000
-0.00000,0.23000,0.91000,0.00000,0.00000,-0.11000,0.11000,-3.82000,72.20000
-0.00000,0.23000,0.91000,0.00000,0.00000,-0.11000,0.11000,-4.47000,77.72000
-0.00000,0.23000,0.91000,0.00000,0.00000,-0.11000,0.11000,-4.47000,77.72000
-0.00000,0.23000,0.91000,0.00000,0.00000,-0.11000,0.11000,-5.14000,78.40000
-0.00000,0.23000,0.91000,0.00000,0.00000,-0.11000,0.11000,-5.14000,78.40000
-0.00000,0.23000,0.91000,0.00000,0.00000,-0.11000,0.11000,-5.81000,79.08000
-0.00000,0.23000,0.91000,0.00000,0.00000,-0.11000,0.11000,-5.81000,79.08000
-0.00000,0.23000,0.91000,0.00000,0.00000,-0.11000,0.11000,-6.49000,79.76000
-0.00000,0.23000,0.91000,0.00000,0.00000,-0.11000,0.11000,-6.49000,79.76000
-0.00000,0.23000,0.91000,0.00000,0.00000,-0.11000,0.11000,-7.16000,80.44000
-0.00000,0.23000,0.91000,0.00000,0.00000,-0.11000,0.11000,-7.16000,80.44000
-0.00000,0.23000,0.91000,0.00000,0.00000,-0.11000,0.11000,-7.83000,81.12000
-0.00000,0.23000,0.91000,0.00000,0.00000,-0.11000,0.11000,-7.83000,81.12000
-0.00000,0.23000,0.91000,0.00000,0.00000,-0.11000,0.11000,-8.50000,81.80000
-0.00000,0.23000,0.91000,0.00000,0.00000,-0.11000,0.11000,-8.50000,81.80000
-0.00000,0.23000,0.91000,0.00000,0.00000,-0.11000,0.11000,-9.17000,82.47000
-0.00000,0.23000,0.91000,0.00000,0.00000,-0.11000,0.11000,-9.17000,82.47000
-0.00000,0.23000,0.91000,0.00000,0.00000,-0.11000,0.11000,-9.85000,83.15000
-0.00000,0.23000,0.91000,0.00000,0.00000,-0.11000,0.11000,-9.85000,83.15000
-0.00000,0.23000,0.91000,0.00000,0.00000,-0.11000,0.11000,-10.52000,83.83000
-0.00000,0.23000,0.91000,0.00000,0.00000,-0.11000,0.11000,-10.52000,83.83000
-0.00000,0.23000,0.91000,0.00000,0.00000,-0.11000,0.11000,-11.19000,84.51000
-0.00000,0.23000,0.91000,0.00000,0.00000,-0.11000,0.11000,-11.19000,84.51000
-0.00000,0.23000,0.91000,0.00000,0.00000,-0.11000,0.11000,-11.86000,85.19000
-0.00000,0.23000,0.91000,0.00000,0.00000,-0.11000,0.11000,-11.86000,85.19000
-0.00000,0.23000,0.91000,0.00000,0.00000,-0.11000,0.11000,-12.53000,85.87000
-0.00000,0.23000,0.91000,0.00000,0.00000,-0.11000,0.11000,-12.53000,85.87000
-0.00000,0.23000,0.91000,0.00000,0.00000,-0.11000,0.11000,-13.21000,86.55000
-0.00000,0.23000,0.91000,0.00000,0.00000,-0.11000,0.11000,-13.21000,86.55000
-0.00000,0.23000,0.91000,0.00000,0.00000,-0.11000,0.11000,-13.88000,87.23000
-0.00000,0.23000,0.91000,0.00000,0.00000,-0.11000,0.11000,-13.88000,87.23000
-0.00000,0.23000,0.91000,0.00000,0.00000,-0.11000,0.11000,-14.55000,87.91000
-0.00000,0.23000,0.91000,0.00000,0.00000,-0.11000,0.11000,-14.55000,87.91000
-0.00000,0.23000,0.91000,0.00000,0.00000,-0.11000,0.11000,-15.22000,88.59000
-0.00000,0.23000,0.91000,0.00000,0.00000,-0.11000,0.11000,-15.22000,88.59000
-0.00000,0.23000,0.91000,0.00000,0.00000,-0.11000,0.11000,-15.89000,89.27000
-0.00000,0.23000,0.91000,0.00000,0.00000,-0.11000,0.11000,-15.89000,89.27000
-0.00000,0.23000,0.91000,0.00000,0.00000,-0.11000,0.11000,-16.57000,89.95000
-0.00000,0.23000,0.91000,0.00000,0.00000,-0.11000,0.11000,-16.57000,89.95000
-0.00000,0.23000,0.91000,0.00000,0.00000,-0.11000,0.11000,-17.24000,90.63000
-0.00000,0.23000,0.91000,0.00000,0.00000,-0.11000,0.11000,-17.24000,90.63000
-0.00000,0.23000,0.91000,0.00000,0.00000,-0.11000,0.11000,-17.91000,91.31000
-0.00000,0.23000,0.91000,0.00000,0.00000,-0.11000,0.11000,-17.91000,91.31000
-0.00000,0.23000,0.91000,0.00000,0.00000,-0.11000,0.11000,-18.58000,91.98000
-0.00000,0.23000,0.91000,0.00000,0.00000,-0.11000,0.11000,-18.58000,91.98000
-0.00000,0.23000,0.91000,0.00000,0.00000,-0.11000,0.11000,-19.25000,92.66000
-0.00000,0.23000,0.91000,0.00000,0.00000,-0.11000,0.11000,-19.25000,92.66000
-0.00000,0.23000,0.91000,0.00000,0.00000,-0.11000,0.11000,-19.93000,93.34000
-0.00000,0.23000,0.91000,0.00000,0.00000,-0.11000,0.11000,-19.93000,93.34000
-0.00000,0.23000,0.91000,0.00000,0.00000,-0.11000,0.11000,-20.60000,94.02000
-0.00000,0.23000,0.91000,0.00000,0.06000,-0.11000,0.11000,-20.60000,94.02000
-0.00000,0.23000,0.90000,0.00000,0.52000,-0.11000,0.11000,-21.25000,93.75000
-0.00000,0.23000,0.89000,0.00000,0.81000,-0.10000,0.10000,-21.25000,93.75000
-0.00000,0.23000,0.87000,0.00000,1.12000,-0.08000,0.09000,-21.53000,82.44000
-0.00000,0.23000,0.85000,0.00000,1.14000,-0.06000,0.06000,-21.53000,82.44000
-0.00000,0.23000,0.83000,0.00000,0.89000,-0.04000,0.04000,-21.41000,72.49000
-0.00000,0.23000,0.82000,0.00000,0.62000,-0.03000,0.03000,-21.41000,72.49000
-0.00000,0.23000,0.81000,0.00000,0.50000,-0.02000,0.02000,-21.27000,73.28000
-0.00000,0.23000,0.80000,0.00000,0.54000,-0.01000,0.01000,-21.27000,73.28000
-0.00000,0.23000,0.79000,0.00000,0.44000,0.00000,-0.00000,-21.11000,70.62000
0.00000,0.23000,0.79000,0.00000,0.15000,0.01000,-0.01000,-21.11000,70.62000
0.00000,0.23000,0.79000,0.00000,0.00000,0.01000,-0.01000,-20.95000,73.14000
0.00000,0.23000,0.79000,0.00000,0.00000,0.01000,-0.01000,-20.95000,73.14000
0.00000,0.23000,0.79000,0.00000,0.00000,0.01000,-0.01000,-20.88000,74.38000
0.00000,0.23000,0.79000,0.00000,0.00000,0.01000,-0.01000,-20.88000,74.38000
0.00000,0.23000,0.79000,0.00000,0.00000,0.01000,-0.01000,-20.82000,74.31000
0.00000,0.23000,0.79000,0.00000,0.00000,0.01000,-0.01000,-20.82000,74.31000
0.00000,0.23000,0.79000,0.00000,0.00000,0.01000,-0.01000,-20.75000,74.24000
0.00000,0.23000,0.79000,0.00000,0.00000,0.01000,-0.01000,-20.75000,74.24000
0.00000,0.23000,0.79000,0.00000,0.00000,0.01000,-0.01000,-20.68000,74.18000
0.00000,0.23000,0.79000,0.00000,0.00000,0.01000,-0.01000,-20.68000,74.18000
0.00000,0.23000,0.79000,0.00000,0.00000,0.01000,-0.01000,-20.62000,74.11000
0.00000,0.23000,0.79000,0.00000,0.00000,0.01000,-0.01000,-20.62000,74.11000
0.00000,0.23000,0.79000,0.00000,0.00000,0.01000,-0.01000,-20.55000,74.04000
0.00000,0.23000,0.79000,0.00000,0.00000,0.01000,-0.01000,-20.55000,74.04000
0.00000,0.23000,0.79000,0.00000,0.00000,0.01000,-0.01000,-20.48000,73.97000
0.00000,0.23000,0.79000,0.00000,0.00000,0.01000,-0.01000,-20.48000,73.97000
0.00000,0.23000,0.79000,0.00000,0.00000,0.01000,-0.01000,-20.41000,73.91000
0.00000,0.23000,0.79000,0.00000,0.00000,0.01000,-0.01000,-20.41000,73.91000
0.00000,0.23000,0.79000,0.00000,0.00000,0.01000,-0.01000,-20.35000,73.84000
0.00000,0.23000,0.79000,0.00000,0.00000,0.01000,-0.01000,-20.35000,73.84000
0.00000,0.23000,0.79000,0.00000,0.00000,0.01000,-0.01000,-20.28000,73.77000
0.00000,0.23000,0.79000,0.00000,0.00000,0.01000,-0.01000,-20.28000,73.77000
0.00000,0.23000,0.79000,0.00000,0.00000,0.01000,-0.01000,-20.21000,73.70000
0.00000,0.23000,0.79000,0.00000,0.00000,0.01000,-0.01000,-20.21000,73.70000
0.00000,0.23000,0.79000,0.00000,0.00000,0.01000,-0.01000,-20.15000,73.64000
0.00000,0.23000,0.79000,0.00000,0.00000,0.01000,-0.01000,-20.15000,73.64000
0.00000,0.23000,0.79000,0.00000,0.00000,0.01000,-0.01000,-20.08000,73.57000
0.00000,0.23000,0.79000,0.00000,0.00000,0.01000,-0.01000,-20.08000,73.57000
0.00000,0.23000,0.79000,0.00000,0.00000,0.01000,-0.01000,-20.01000,73.50000
0.00000,0.23000,0.79000,0.00000,0.00000,0.01000,-0.01000,-20.01000,73.50000
0.00000,0.23000,0.79000,0.00000,0.00000,0.01000,-0.01000,-19.95000,73.43000
0.00000,0.23000,0.79000,0.00000,0.00000,0.01000,-0.01000,-19.95000,73.43000
0.00000,0.23000,0.79000,0.00000,0.00000,0.01000,-0.01000,-19.88000,73.37000
0.00000,0.23000,0.79000,0.00000,0.00000,0.01000,-0.01000,-19.88000,73.37000
0.00000,0.23000,0.79000,0.00000,0.00000,0.01000,-0.01000,-19.81000,73.30000
0.00000,0.23000,0.79000,0.00000,0.00000,0.01000,-0.01000,-19.81000,73.30000
0.00000,0.23000,0.79000,0.00000,0.00000,0.01000,-0.01000,-19.75000,73.23000
0.00000,0.23000,0.79000,0.00000,0.00000,0.01000,-0.01000,-19.75000,73.23000
0.00000,0.23000,0.79000,0.00000,0.00000,0.01000,-0.01000,-19.68000,73.16000
0.00000,0.23000,0.79000,0.00000,0.00000,0.01000,-0.01000,-19.68000,73.16000
0.00000,0.23000,0.79000,0.00000,0.00000,0.01000,-0.01000,-19.61000,73.10000
0.00000,0.23000,0.79000,0.00000,0.00000,0.01000,-0.01000,-19.61000,73.10000
0.00000,0.23000,0.79000,0.00000,0.00000,0.01000,-0.01000,-19.54000,73.03000
0.00000,0.23000,0.79000,0.00000,0.00000,0.01000,-0.01000,-19.54000,73.03000
0.00000,0.23000,0.79000,0.00000,0.00000,0.01000,-0.01000,-19.48000,72.96000
0.00000,0.23000,0.79000,0.00000,0.00000,0.01000,-0.01000,-19.48000,72.96000
0.00000,0.23000,0.79000,0.00000,0.00000,0.01000,-0.01000,-19.41000,72.89000
0.00000,0.23000,0.79000,0.00000,0.00000,0.01000,-0.01000,-19.41000,72.89000
0.00000,0.23000,0.79000,0.00000,0.00000,0.01000,-0.01000,-19.34000,72.83000
0.00000,0.23000,0.79000,0.00000,0.00000,0.01000,-0.01000,-19.34000,72.83000
0.00000,0.23000,0.79000,0.00000,0.00000,0.01000,-0.01000,-19.28000,72.76000
0.00000,0.23000,0.79000,0.00000,0.00000,0.01000,-0.01000,-19.28000,72.76000
0.00000,0.23000,0.79000,0.00000,0.00000,0.01000,-0.01000,-19.21000,72.69000
0.00000,0.23000,0.79000,0.00000,0.00000,0.01000,-0.01000,-19.21000,72.69000
0.00000,0.23000,0.79000,0.00000,0.00000,0.01000,-0.01000,-19.14000,72.62000
0.00000,0.23000,0.79000,0.00000,0.00000,0.01000,-0.01000,-19.14000,72.62000
0.00000,0.23000,0.79000,0.00000,0.00000,0.01000,-0.01000,-19.08000,72.56000
0.00000,0.23000,0.79000,0.00000,0.00000,0.01000,-0.01000,-19.08000,72.56000
0.00000,0.23000,0.79000,0.00000,0.00000,0.01000,-0.01000,-19.01000,72.49000
0.00000,0.23000,0.79000,0.00000,0.00000,0.01000,-0.01000,-19.01000,72.49000
0.00000,0.23000,0.79000,0.00000,0.00000,0.01000,-0.01000,-18.94000,72.42000
0.00000,0.23000,0.79000,0.00000,0.00000,0.01000,-0.01000,-18.94000,72.42000
0.00000,0.23000,0.79000,0.00000,0.00000,0.01000,-0.01000,-18.88000,72.35000
0.00000,0.23000,0.79000,0.00000,0.00000,0.01000,-0.01000,-18.88000,72.35000
0.00000,0.23000,0.79000,0.00000,0.00000,0.01000,-0.01000,-18.81000,72.29000
0.00000,0.23000,0.79000,0.00000,0.00000,0.01000,-0.01000,-18.81000,72.29000
0.00000,0.23000,0.79000,0.00000,0.00000,0.01000,-0.01000,-18.74000,72.22000
0.00000,0.23000,0.79000,0.00000,0.00000,0.01000,-0.01000,-18.74000,72.22000
0.00000,0.23000,0.79000,0.00000,0.00000,0.01000,-0.01000,-18.67000,72.15000
0.00000,0.23000,0.79000,0.00000,0.00000,0.01000,-0.01000,-18.67000,72.15000
0.00000,0.23000,0.79000,0.00000,0.00000,0.01000,-0.01000,-18.61000,72.08000
0.00000,0.23000,0.79000,0.00000,0.00000,0.01000,-0.01000,-18.61000,72.08000
0.00000,0.23000,0.79000,0.00000,0.00000,0.01000,-0.01000,-18.54000,72.02000
0.00000,0.23000,0.79000,0.00000,0.00000,0.01000,-0.01000,-18.54000,72.02000
0.00000,0.23000,0.79000,0.00000,0.00000,0.01000,-0.01000,-18.47000,71.95000
0.00000,0.23000,0.79000,0.00000,0.00000,0.01000,-0.01000,-18.47000,71.95000
0.00000,0.23000,0.79000,0.00000,0.00000,0.01000,-0.01000,-18.41000,71.88000
0.00000,0.23000,0.79000,0.00000,0.00000,0.01000,-0.01000,-18.41000,71.88000
0.00000,0.23000,0.79000,0.00000,0.00000,0.01000,-0.01000,-18.34000,71.81000
0.00000,0.23000,0.79000,0.00000,0.00000,0.01000,-0.01000,-18.34000,71.81000
0.00000,0.23000,0.79000,0.00000,0.00000,0.01000,-0.01000,-18.27000,71.75000
0.00000,0.23000,0.79000,0.00000,0.00000,0.01000,-0.01000,-18.27000,71.75000
0.00000,0.23000,0.79000,0.00000,0.00000,0.01000,-0.01000,-18.21000,71.68000
0.00000,0.23000,0.79000,0.00000,0.00000,0.01000,-0.01000,-18.21000,71.68000
0.00000,0.23000,0.79000,0.00000,0.00000,0.01000,-0.01000,-18.14000,71.61000
0.00000,0.23000,0.79000,0.00000,0.00000,0.01000,-0.01000,-18.14000,71.61000
0.00000,0.23000,0.79000,0.00000,0.00000,0.01000,-0.01000,-18.07000,71.55000
0.00000,0.23000,0.79000,0.00000,0.00000,0.01000,-0.01000,-18.07000,71.55000
0.00000,0.23000,0.79000,0.00000,0.00000,0.01000,-0.01000,-18.01000,71.48000
0.00000,0.23000,0.79000,0.00000,0.00000,0.01000,-0.01000,-18.01000,71.48000
0.00000,0.23000,0.79000,0.00000,0.00000,0.01000,-0.01000,-17.94000,71.41000
0.00000,0.23000,0.79000,0.00000,0.00000,0.01000,-0.01000,-17.94000,71.41000
0.00000,0.23000,0.79000,0.00000,0.00000,0.01000,-0.01000,-17.87000,71.34000
0.00000,0.23000,0.79000,0.00000,0.00000,0.01000,-0.01000,-17.87000,71.34000
0.00000,0.23000,0.79000,0.00000,0.00000,0.01000,-0.01000,-17.80000,71.28000
0.00000,0.23000,0.79000,0.00000,0.00000,0.01000,-0.01000,-17.80000,71.28000
0.00000,0.23000,0.79000,0.00000,0.00000,0.01000,-0.01000,-17.74000,71.21000
0.00000,0.23000,0.79000,0.00000,0.00000,0.01000,-0.01000,-17.74000,71.21000
0.00000,0.23000,0.79000,0.00000,0.00000,0.01000,-0.01000,-17.67000,71.14000
0.00000,0.23000,0.79000,0.00000,0.00000,0.01000,-0.01000,-17.67000,71.14000
0.00000,0.23000,0.79000,0.00000,0.00000,0.01000,-0.01000,-17.60000,71.07000
0.00000,0.23000,0.79000,0.00000,0.00000,0.01000,-0.01000,-17.60000,71.07000
0.00000,0.23000,0.79000,0.00000,0.00000,0.01000,-0.01000,-17.54000,71.01000
0.00000,0.23000,0.79000,0.00000,0.00000,0.01000,-0.01000,-17.54000,71.01000
0.00000,0.23000,0.79000,0.00000,0.00000,0.01000,-0.01000,-17.47000,70.94000
0.00000,0.23000,0.79000,0.00000,0.00000,0.01000,-0.01000,-17.47000,70.94000
0.00000,0.23000,0.79000,0.00000,0.00000,0.01000,-0.01000,-17.40000,70.87000
0.00000,0.23000,0.79000,0.00000,0.00000,0.01000,-0.01000,-17.40000,70.87000
0.00000,0.23000,0.79000,0.00000,0.00000,0.01000,-0.01000,-17.34000,70.80000
0.00000,0.23000,0.79000,0.00000,0.00000,0.01000,-0.01000,-17.34000,70.80000
0.00000,0.23000,0.79000,0.00000,0.00000,0.01000,-0.01000,-17.27000,70.74000
0.00000,0.23000,0.79000,0.00000,0.00000,0.01000,-0.01000,-17.27000,70.74000
0.00000,0.23000,0.79000,0.00000,0.00000,0.01000,-0.01000,-17.20000,70.67000
0.00000,0.23000,0.79000,0.00000,0.00000,0.01000,-0.01000,-17.20000,70.67000
0.00000,0.23000,0.79000,0.00000,0.00000,0.01000,-0.01000,-17.14000,70.60000
0.00000,0.23000,0.79000,0.00000,0.00000,0.01000,-0.01000,-17.14000,70.60000
0.00000,0.23000,0.79000,0.00000,0.00000,0.01000,-0.01000,-17.07000,70.53000
0.00000,0.23000,0.79000,0.00000,0.00000,0.01000,-0.01000,-17.07000,70.53000
0.00000,0.23000,0.79000,0.00000,0.00000,0.01000,-0.01000,-17.00000,70.47000
0.00000,0.23000,0.79000,0.00000,0.00000,0.01000,-0.01000,-17.00000,70.47000
0.00000,0.23000,0.79000,0.00000,0.00000,0.01000,-0.01000,-16.93000,70.40000
0.00000,0.23000,0.79000,0.00000,0.00000,0.01000,-0.01000,-16.93000,70.40000
0.00000,0.23000,0.79000,0.00000,0.00000,0.01000,-0.01000,-16.87000,70.33000
0.00000,0.23000,0.79000,0.00000,0.00000,0.01000,-0.01000,-16.87000,70.33000
0.00000,0.23000,0.79000,0.00000,0.00000,0.01000,-0.01000,-16.80000,70.26000
0.00000,0.23000,0.79000,0.00000,0.00000,0.01000,-0.01000,-16.80000,70.26000
0.00000,0.23000,0.79000,0.00000,0.00000,0.01000,-0.01000,-16.73000,70.20000
0.00000,0.23000,0.79000,0.00000,0.00000,0.01000,-0.01000,-16.73000,70.20000
0.00000,0.23000,0.79000,0.00000,0.00000,0.01000,-0.01000,-16.67000,70.13000
0.00000,0.23000,0.79000,0.00000,0.00000,0.01000,-0.01000,-16.67000,70.13000
0.00000,0.23000,0.79000,0.00000,0.00000,0.01000,-0.01000,-16.60000,70.06000
0.00000,0.23000,0.79000,0.00000,0.00000,0.01000,-0.01000,-16.60000,70.06000
0.00000,0.23000,0.79000,0.00000,0.00000,0.01000,-0.01000,-16.53000,69.99000
0.00000,0.23000,0.79000,0.00000,0.00000,0.01000,-0.01000,-16.53000,69.99000
0.00000,0.23000,0.79000,0.00000,0.00000,0.01000,-0.01000,-16.47000,69.93000
0.00000,0.23000,0.79000,0.00000,0.00000,0.01000,-0.01000,-16.47000,69.93000
0.00000,0.23000,0.79000,0.00000,0.00000,0.01000,-0.01000,-16.40000,69.86000
0.00000,0.23000,0.79000,0.00000,0.00000,0.01000,-0.01000,-16.40000,69.86000
0.00000,0.23000,0.79000,0.00000,0.00000,0.01000,-0.01000,-16.33000,69.79000
0.00000,0.23000,0.79000,0.00000,0.00000,0.01000,-0.01000,-16.33000,69.79000
0.00000,0.23000,0.79000,0.00000,0.00000,0.01000,-0.01000,-16.27000,69.72000
0.00000,0.23000,0.79000,0.00000,0.00000,0.01000,-0.01000,-16.27000,69.72000
0.00000,0.23000,0.79000,0.00000,0.00000,0.01000,-0.01000,-16.20000,69.66000
0.00000,0.23000,0.79000,0.00000,0.00000,0.01000,-0.01000,-16.20000,69.66000
0.00000,0.23000,0.79000,0.00000,0.00000,0.01000,-0.01000,-16.13000,69.59000
0.00000,0.23000,0.79000,0.00000,0.00000,0.01000,-0.01000,-16.13000,69.59000
0.00000,0.23000,0.79000,0.00000,0.00000,0.01000,-0.01000,-16.06000,69.52000
0.00000,0.23000,0.79000,0.00000,0.00000,0.01000,-0.01000,-16.06000,69.52000
0.00000,0.23000,0.79000,0.00000,0.00000,0.01000,-0.01000,-16.00000,69.45000
0.00000,0.23000,0.79000,0.00000,0.00000,0.01000,-0.01000,-16.00000,69.45000
0.00000,0.23000,0.79000,0.00000,0.00000,0.01000,-0.01000,-15.93000,69.39000
0.00000,0.23000,0.79000,0.00000,0.00000,0.01000,-0.01000,-15.93000,69.39000
0.00000,0.23000,0.79000,0.00000,0.00000,0.01000,-0.01000,-15.86000,69.32000
0.00000,0.23000,0.79000,0.00000,0.00000,0.01000,-0.01000,-15.86000,69.32000
0.00000,0.23000,0.79000,0.00000,0.00000,0.01000,-0.01000,-15.80000,69.25000
0.00000,0.23000,0.79000,0.00000,0.00000,0.01000,-0.01000,-15.80000,69.25000
0.00000,0.23000,0.79000,0.00000,0.00000,0.01000,-0.01000,-15.73000,69.18000
0.00000,0.23000,0.79000,0.00000,0.00000,0.01000,-0.01000,-15.73000,69.18000
0.00000,0.23000,0.79000,0.00000,0.00000,0.01000,-0.01000,-15.66000,69.12000
0.00000,0.23000,0.79000,0.00000,0.00000,0.01000,-0.01000,-15.66000,69.12000
0.00000,0.23000,0.79000,0.00000,0.00000,0.01000,-0.01000,-15.60000,69.05000
0.00000,0.23000,0.79000,0.00000,0.00000,0.01000,-0.01000,-15.60000,69.05000
0.00000,0.23000,0.79000,0.00000,0.00000,0.01000,-0.01000,-15.53000,68.98000
0.00000,0.23000,0.79000,0.00000,0.00000,0.01000,-0.01000,-15.53000,68.98000
0.00000,0.23000,0.79000,0.00000,0.00000,0.01000,-0.01000,-15.46000,68.91000
0.00000,0.23000,0.79000,0.00000,0.00000,0.01000,-0.01000,-15.46000,68.91000
0.00000,0.23000,0.79000,0.00000,0.00000,0.01000,-0.01000,-15.40000,68.85000
0.00000,0.23000,0.79000,0.00000,0.00000,0.01000,-0.01000,-15.40000,68.85000
0.00000,0.23000,0.79000,0.00000,0.00000,0.01000,-0.01000,-15.33000,68.78000
0.00000,0.23000,0.79000,0.00000,0.00000,0.01000,-0.01000,-15.33000,68.78000
0.00000,0.23000,0.79000,0.00000,0.00000,0.01000,-0.01000,-15.26000,68.71000
0.00000,0.23000,0.79000,0.00000,0.00000,0.01000,-0.01000,-15.26000,68.71000
0.00000,0.23000,0.79000,0.00000,0.00000,0.01000,-0.01000,-15.19000,68.64000
0.00000,0.23000,0.79000,0.00000,0.00000,0.01000,-0.01000,-15.19000,68.64000
0.00000,0.23000,0.79000,0.00000,0.00000,0.01000,-0.01000,-15.13000,68.58000
0.00000,0.23000,0.79000,0.00000,0.00000,0.01000,-0.01000,-15.13000,68.58000
0.00000,0.23000,0.79000,0.00000,0.00000,0.01000,-0.01000,-15.06000,68.51000
0.00000,0.23000,0.79000,0.00000,0.00000,0.01000,-0.01000,-15.06000,68.51000
0.00000,0.23000,0.79000,0.00000,0.00000,0.01000,-0.01000,-14.99000,68.44000
0.00000,0.23000,0.79000,0.00000,0.00000,0.01000,-0.01000,-14.99000,68.44000
0.00000,0.23000,0.79000,0.00000,0.00000,0.01000,-0.01000,-14.93000,68.37000
0.00000,0.23000,0.79000,0.00000,0.00000,0.01000,-0.01000,-14.93000,68.37000
0.00000,0.23000,0.79000,0.00000,0.00000,0.01000,-0.01000,-14.86000,68.31000
0.00000,0.23000,0.79000,0.00000,0.00000,0.01000,-0.01000,-14.86000,68.31000
0.00000,0.23000,0.79000,0.00000,0.00000,0.01000,-0.01000,-14.79000,68.24000
0.00000,0.23000,0.79000,0.00000,0.00000,0.01000,-0.01000,-14.79000,68.24000
0.00000,0.23000,0.79000,0.00000,0.00000,0.01000,-0.01000,-14.73000,68.17000
0.00000,0.23000,0.79000,0.00000,0.00000,0.01000,-0.01000,-14.73000,68.17000
0.00000,0.23000,0.79000,0.00000,0.00000,0.01000,-0.01000,-14.66000,68.10000
0.00000,0.23000,0.79000,0.00000,0.00000,0.01000,-0.01000,-14.66000,68.10000
0.00000,0.23000,0.79000,0.00000,0.00000,0.01000,-0.01000,-14.59000,68.04000
0.00000,0.23000,0.79000,0.00000,0.00000,0.01000,-0.01000,-14.59000,68.04000
0.00000,0.23000,0.79000,0.00000,0.00000,0.01000,-0.01000,-14.53000,67.97000
0.00000,0.23000,0.79000,0.00000,0.00000,0.01000,-0.01000,-14.53000,67.97000
0.00000,0.23000,0.79000,0.00000,0.00000,0.01000,-0.01000,-14.46000,67.90000
0.00000,0.23000,0.79000,0.00000,0.00000,0.01000,-0.01000,-14.46000,67.90000
0.00000,0.23000,0.79000,0.00000,0.00000,0.01000,-0.01000,-14.39000,67.83000
0.00000,0.23000,0.79000,0.00000,0.00000,0.01000,-0.01000,-14.39000,67.83000
0.00000,0.23000,0.79000,0.00000,0.00000,0.01000,-0.01000,-14.32000,67.77000
0.00000,0.23000,0.79000,0.00000,0.00000,0.01000,-0.01000,-14.32000,67.77000
0.00000,0.23000,0.79000,0.00000,0.00000,0.01000,-0.01000,-14.26000,67.70000
0.00000,0.23000,0.79000,0.00000,0.00000,0.01000,-0.01000,-14.26000,67.70000
0.00000,0.23000,0.79000,0.00000,0.00000,0.01000,-0.01000,-14.19000,67.63000
0.00000,0.23000,0.79000,0.00000,0.00000,0.01000,-0.01000,-14.19000,67.63000
0.00000,0.23000,0.79000,0.00000,0.00000,0.01000,-0.01000,-14.12000,67.56000
0.00000,0.23000,0.79000,0.00000,0.00000,0.01000,-0.01000,-14.12000,67.56000
0.00000,0.23000,0.79000,0.00000,0.00000,0.01000,-0.01000,-14.06000,67.50000
0.00000,0.23000,0.79000,0.00000,0.00000,0.01000,-0.01000,-14.06000,67.50000
0.00000,0.23000,0.79000,0.00000,0.00000,0.01000,-0.01000,-13.99000,67.43000
0.00000,0.23000,0.79000,0.00000,0.00000,0.01000,-0.01000,-13.99000,67.43000
0.00000,0.23000,0.79000,0.00000,0.00000,0.01000,-0.01000,-13.92000,67.36000
0.00000,0.23000,0.79000,0.00000,0.00000,0.01000,-0.01000,-13.92000,67.36000
0.00000,0.23000,0.79000,0.00000,0.00000,0.01000,-0.01000,-13.86000,67.29000
0.00000,0.23000,0.79000,0.00000,0.00000,0.01000,-0.01000,-13.86000,67.29000
0.00000,0.23000,0.79000,0.00000,0.00000,0.01000,-0.01000,-13.79000,67.23000
0.00000,0.23000,0.79000,0.00000,0.00000,0.01000,-0.01000,-13.79000,67.23000
0.00000,0.23000,0.79000,0.00000,0.00000,0.01000,-0.01000,-13.72000,67.16000
0.00000,0.23000,0.79000,0.00000,0.00000,0.01000,-0.01000,-13.72000,67.16000
0.00000,0.23000,0.79000,0.00000,0.00000,0.01000,-0.01000,-13.66000,67.09000
0.00000,0.23000,0.79000,0.00000,0.00000,0.01000,-0.01000,-13.66000,67.09000
0.00000,0.23000,0.79000,0.00000,0.00000,0.01000,-0.01000,-13.59000,67.02000
0.00000,0.23000,0.79000,0.00000,0.00000,0.01000,-0.01000,-13.59000,67.02000
0.00000,0.23000,0.79000,0.00000,0.00000,0.01000,-0.01000,-13.52000,66.96000
0.00000,0.23000,0.79000,0.00000,0.00000,0.01000,-0.01000,-13.52000,66.96000
0.00000,0.23000,0.79000,0.00000,0.00000,0.01000,-0.01000,-13.45000,66.89000
0.00000,0.23000,0.79000,0.00000,0.00000,0.01000,-0.01000,-13.45000,66.89000
0.00000,0.23000,0.79000,0.00000,0.00000,0.01000,-0.01000,-13.39000,66.82000
0.00000,0.23000,0.79000,0.00000,0.00000,0.01000,-0.01000,-13.39000,66.82000
0.00000,0.23000,0.79000,0.00000,0.00000,0.01000,-0.01000,-13.32000,66.75000
0.00000,0.23000,0.79000,0.00000,0.00000,0.01000,-0.01000,-13.32000,66.75000
0.00000,0.23000,0.79000,0.00000,0.00000,0.01000,-0.01000,-13.25000,66.69000
0.00000,0.23000,0.79000,0.00000,0.00000,0.01000,-0.01000,-13.25000,66.69000
0.00000,0.23000,0.79000,0.00000,0.00000,0.01000,-0.01000,-13.19000,66.62000
0.00000,0.23000,0.79000,0.00000,0.00000,0.01000,-0.01000,-13.19000,66.62000
0.00000,0.23000,0.79000,0.00000,0.00000,0.01000,-0.01000,-13.12000,66.55000
0.00000,0.23000,0.79000,0.00000,0.00000,0.01000,-0.01000,-13.12000,66.55000
0.00000,0.23000,0.79000,0.00000,0.00000,0.01000,-0.01000,-13.05000,66.48000
0.00000,0.23000,0.79000,0.00000,0.00000,0.01000,-0.01000,-13.05000,66.48000
0.00000,0.23000,0.79000,0.00000,0.00000,0.01000,-0.01000,-12.99000,66.42000
0.00000,0.23000,0.79000,0.00000,0.00000,0.01000,-0.01000,-12.99000,66.42000
0.00000,0.23000,0.79000,0.00000,0.00000,0.01000,-0.01000,-12.92000,66.35000
0.00000,0.23000,0.79000,0.00000,0.00000,0.01000,-0.01000,-12.92000,66.35000
0.00000,0.23000,0.79000,0.00000,0.00000,0.01000,-0.01000,-12.85000,66.28000
0.00000,0.23000,0.79000,0.00000,0.00000,0.01000,-0.01000,-12.85000,66.28000
0.00000,0.23000,0.79000,0.00000,0.00000,0.01000,-0.01000,-12.79000,66.21000
0.00000,0.23000,0.79000,0.00000,0.00000,0.01000,-0.01000,-12.79000,66.21000
0.00000,0.23000,0.79000,0.00000,0.00000,0.01000,-0.01000,-12.72000,66.15000
0.00000,0.23000,0.79000,0.00000,0.00000,0.01000,-0.01000,-12.72000,66.15000
0.00000,0.23000,0.79000,0.00000,0.00000,0.01000,-0.01000,-12.65000,66.08000
0.00000,0.23000,0.79000,0.00000,0.00000,0.01000,-0.01000,-12.65000,66.08000
0.00000,0.23000,0.79000,0.00000,0.00000,0.01000,-0.01000,-12.58000,66.01000
0.00000,0.23000,0.79000,0.00000,0.00000,0.01000,-0.01000,-12.58000,66.01000
0.00000,0.23000,0.79000,0.00000,0.00000,0.01000,-0.01000,-12.52000,65.94000
0.00000,0.23000,0.79000,0.00000,0.00000,0.01000,-0.01000,-12.52000,65.94000
0.00000,0.23000,0.79000,0.00000,0.00000,0.01000,-0.01000,-12.45000,65.88000
0.00000,0.23000,0.79000,0.00000,0.00000,0.01000,-0.01000,-12.45000,65.88000
0.00000,0.23000,0.79000,0.00000,0.00000,0.01000,-0.01000,-12.38000,65.81000
0.00000,0.23000,0.79000,0.00000,0.00000,0.01000,-0.01000,-12.38000,65.81000
0.00000,0.23000,0.79000,0.00000,0.00000,0.01000,-0.01000,-12.32000,65.74000
0.00000,0.23000,0.79000,0.00000,0.00000,0.01000,-0.01000,-12.32000,65.74000
0.00000,0.23000,0.79000,0.00000,0.00000,0.01000,-0.01000,-12.25000,65.67000
0.00000,0.23000,0.79000,0.00000,0.00000,0.01000,-0.01000,-12.25000,65.67000
0.00000,0.23000,0.79000,0.00000,0.00000,0.01000,-0.01000,-12.18000,65.61000
0.00000,0.23000,0.79000,0.00000,0.00000,0.01000,-0.01000,-12.18000,65.61000
0.00000,0.23000,0.79000,0.00000,0.00000,0.01000,-0.01000,-12.12000,65.54000
0.00000,0.23000,0.79000,0.00000,0.00000,0.01000,-0.01000,-12.12000,65.54000
0.00000,0.23000,0.79000,0.00000,0.00000,0.01000,-0.01000,-12.05000,65.47000
0.00000,0.23000,0.79000,0.00000,0.00000,0.01000,-0.01000,-12.05000,65.47000
0.00000,0.23000,0.79000,0.00000,0.00000,0.01000,-0.01000,-11.98000,65.40000
0.00000,0.23000,0.79000,0.00000,0.00000,0.01000,-0.01000,-11.98000,65.40000
0.00000,0.23000,0.79000,0.00000,0.00000,0.01000,-0.01000,-11.92000,65.34000
0.00000,0.23000,0.79000,0.00000,0.00000,0.01000,-0.01000,-11.92000,65.34000
0.00000,0.23000,0.79000,0.00000,0.00000,0.01000,-0.01000,-11.85000,65.27000
0.00000,0.23000,0.79000,0.00000,0.00000,0.01000,-0.01000,-11.85000,65.27000
0.00000,0.23000,0.79000,0.00000,0.00000,0.01000,-0.01000,-11.78000,65.20000
0.00000,0.23000,0.79000,0.00000,0.00000,0.01000,-0.01000,-11.78000,65.20000
0.00000,0.23000,0.79000,0.00000,0.00000,0.01000,-0.01000,-11.71000,65.13000
0.00000,0.23000,0.79000,0.00000,0.00000,0.01000,-0.01000,-11.71000,65.13000
0.00000,0.23000,0.79000,0.00000,0.00000,0.01000,-0.01000,-11.65000,65.07000
0.00000,0.23000,0.79000,0.00000,0.00000,0.01000,-0.01000,-11.65000,65.07000
0.00000,0.23000,0.79000,0.00000,0.00000,0.01000,-0.01000,-11.58000,65.00000
0.00000,0.23000,0.79000,0.00000,0.00000,0.01000,-0.01000,-11.58000,65.00000
0.00000,0.23000,0.79000,0.00000,0.00000,0.01000,-0.01000,-11.51000,64.93000
0.00000,0.23000,0.79000,0.00000,0.00000,0.01000,-0.01000,-11.51000,64.93000
0.00000,0.23000,0.79000,0.00000,0.00000,0.01000,-0.01000,-11.45000,64.86000
0.00000,0.23000,0.79000,0.00000,0.00000,0.01000,-0.01000,-11.45000,64.86000
0.00000,0.23000,0.79000,0.00000,0.00000,0.01000,-0.01000,-11.38000,64.80000
0.00000,0.23000,0.79000,0.00000,0.00000,0.01000,-0.01000,-11.38000,64.80000
0.00000,0.23000,0.79000,0.00000,0.00000,0.01000,-0.01000,-11.31000,64.73000
0.00000,0.23000,0.79000,0.00000,0.00000,0.01000,-0.01000,-11.31000,64.73000
0.00000,0.23000,0.79000,0.00000,0.00000,0.01000,-0.01000,-11.25000,64.66000
0.00000,0.23000,0.79000,0.00000,0.00000,0.01000,-0.01000,-11.25000,64.66000
0.00000,0.23000,0.79000,0.00000,0.00000,0.01000,-0.01000,-11.18000,64.59000
0.00000,0.23000,0.79000,0.00000,0.00000,0.01000,-0.01000,-11.18000,64.59000
0.00000,0.23000,0.79000,0.00000,0.00000,0.01000,-0.01000,-11.11000,64.53000
0.00000,0.23000,0.79000,0.00000,0.00000,0.01000,-0.01000,-11.11000,64.53000
0.00000,0.23000,0.79000,0.00000,0.00000,0.01000,-0.01000,-11.05000,64.46000
0.00000,0.23000,0.79000,0.00000,0.00000,0.01000,-0.01000,-11.05000,64.46000
0.00000,0.23000,0.79000,0.00000,0.00000,0.01000,-0.01000,-10.98000,64.39000
0.00000,0.23000,0.79000,0.00000,0.00000,0.01000,-0.01000,-10.98000,64.39000
0.00000,0.23000,0.79000,0.00000,0.00000,0.01000,-0.01000,-10.91000,64.32000
0.00000,0.23000,0.79000,0.00000,0.00000,0.01000,-0.01000,-10.91000,64.32000
0.00000,0.23000,0.79000,0.00000,0.00000,0.01000,-0.01000,-10.84000,64.26000
0.00000,0.23000,0.79000,0.00000,0.00000,0.01000,-0.01000,-10.84000,64.26000
0.00000,0.23000,0.79000,0.00000,0.00000,0.01000,-0.01000,-10.78000,64.19000
0.00000,0.23000,0.79000,0.00000,0.00000,0.01000,-0.01000,-10.78000,64.19000
0.00000,0.23000,0.79000,0.00000,0.00000,0.01000,-0.01000,-10.71000,64.12000
0.00000,0.23000,0.79000,0.00000,0.00000,0.01000,-0.01000,-10.71000,64.12000
0.00000,0.23000,0.79000,0.00000,0.00000,0.01000,-0.01000,-10.64000,64.05000
0.00000,0.23000,0.79000,0.00000,0.00000,0.01000,-0.01000,-10.64000,64.05000
0.00000,0.23000,0.79000,0.00000,0.00000,0.01000,-0.01000,-10.58000,63.99000
0.00000,0.23000,0.79000,0.00000,0.00000,0.01000,-0.01000,-10.58000,63.99000
0.00000,0.23000,0.79000,0.00000,0.00000,0.01000,-0.01000,-10.51000,63.92000
0.00000,0.23000,0.79000,0.00000,0.00000,0.01000,-0.01000,-10.51000,63.92000
0.00000,0.23000,0.79000,0.00000,0.00000,0.01000,-0.01000,-10.44000,63.85000
0.00000,0.23000,0.79000,0.00000,0.00000,0.01000,-0.01000,-10.44000,63.85000
0.00000,0.23000,0.79000,0.00000,0.00000,0.01000,-0.01000,-10.38000,63.78000
0.00000,0.23000,0.79000,0.00000,0.00000,0.01000,-0.01000,-10.38000,63.78000
0.00000,0.23000,0.79000,0.00000,0.00000,0.01000,-0.01000,-10.31000,63.72000
0.00000,0.23000,0.79000,0.00000,0.00000,0.01000,-0.01000,-10.31000,63.72000
0.00000,0.23000,0.79000,0.00000,0.00000,0.01000,-0.01000,-10.24000,63.65000
0.00000,0.23000,0.79000,0.00000,0.00000,0.01000,-0.01000,-10.24000,63.65000
0.00000,0.23000,0.79000,0.00000,0.00000,0.01000,-0.01000,-10.18000,63.58000
0.00000,0.23000,0.79000,0.00000,0.00000,0.01000,-0.01000,-10.18000,63.58000
0.00000,0.23000,0.79000,0.00000,0.00000,0.01000,-0.01000,-10.11000,63.51000
0.00000,0.23000,0.79000,0.00000,0.00000,0.01000,-0.01000,-10.11000,63.51000
0.00000,0.23000,0.79000,0.00000,0.00000,0.01000,-0.01000,-10.04000,63.45000
0.00000,0.23000,0.79000,0.00000,0.00000,0.01000,-0.01000,-10.04000,63.45000
0.00000,0.23000,0.79000,0.00000,0.00000,0.01000,-0.01000,-9.97000,63.38000
0.00000,0.23000,0.79000,0.00000,0.00000,0.01000,-0.01000,-9.97000,63.38000
0.00000,0.23000,0.79000,0.00000,0.00000,0.01000,-0.01000,-9.91000,63.31000
0.00000,0.23000,0.79000,0.00000,0.00000,0.01000,-0.01000,-9.91000,63.31000
0.00000,0.23000,0.79000,0.00000,0.00000,0.01000,-0.01000,-9.84000,63.24000
0.00000,0.23000,0.79000,0.00000,0.00000,0.01000,-0.01000,-9.84000,63.24000
0.00000,0.23000,0.79000,0.00000,0.00000,0.01000,-0.01000,-9.77000,63.18000
0.00000,0.23000,0.79000,0.00000,0.00000,0.01000,-0.01000,-9.77000,63.18000
0.00000,0.23000,0.79000,0.00000,0.00000,0.01000,-0.01000,-9.71000,63.11000
0.00000,0.23000,0.79000,0.00000,0.00000,0.01000,-0.01000,-9.71000,63.11000
0.00000,0.23000,0.79000,0.00000,0.00000,0.01000,-0.01000,-9.64000,63.04000
0.00000,0.23000,0.79000,0.00000,0.00000,0.01000,-0.01000,-9.64000,63.04000
0.00000,0.23000,0.79000,0.00000,0.00000,0.01000,-0.01000,-9.57000,62.97000
0.00000,0.23000,0.79000,0.00000,0.00000,0.01000,-0.01000,-9.57000,62.97000
0.00000,0.23000,0.79000,0.00000,0.00000,0.01000,-0.01000,-9.51000,62.91000
0.00000,0.23000,0.79000,0.00000,0.00000,0.01000,-0.01000,-9.51000,62.91000
0.00000,0.23000,0.79000,0.00000,0.00000,0.01000,-0.01000,-9.44000,62.84000
0.00000,0.23000,0.79000,0.00000,0.00000,0.01000,-0.01000,-9.44000,62.84000
0.00000,0.23000,0.79000,0.00000,0.00000,0.01000,-0.01000,-9.37000,62.77000
0.00000,0.23000,0.79000,0.00000,0.00000,0.01000,-0.01000,-9.37000,62.77000
0.00000,0.23000,0.79000,0.00000,0.00000,0.01000,-0.01000,-9.31000,62.70000
0.00000,0.23000,0.79000,0.00000,0.00000,0.01000,-0.01000,-9.31000,62.70000
0.00000,0.23000,0.79000,0.00000,0.00000,0.01000,-0.01000,-9.24000,62.64000
0.00000,0.23000,0.79000,0.00000,0.00000,0.01000,-0.01000,-9.24000,62.64000
0.00000,0.23000,0.79000,0.00000,0.00000,0.01000,-0.01000,-9.17000,62.57000
0.00000,0.23000,0.79000,0.00000,0.00000,0.01000,-0.01000,-9.17000,62.57000
0.00000,0.23000,0.79000,0.00000,0.00000,0.01000,-0.01000,-9.10000,62.50000
0.00000,0.23000,0.79000,0.00000,0.00000,0.01000,-0.01000,-9.10000,62.50000
0.00000,0.23000,0.79000,0.00000,0.00000,0.01000,-0.01000,-9.04000,62.43000
0.00000,0.23000,0.79000,0.00000,0.00000,0.01000,-0.01000,-9.04000,62.43000
0.00000,0.23000,0.79000,0.00000,0.00000,0.01000,-0.01000,-8.97000,62.37000
0.00000,0.23000,0.79000,0.00000,0.00000,0.01000,-0.01000,-8.97000,62.37000
0.00000,0.23000,0.79000,0.00000,0.00000,0.01000,-0.01000,-8.90000,62.30000
0.00000,0.23000,0.79000,0.00000,0.00000,0.01000,-0.01000,-8.90000,62.30000
0.00000,0.23000,0.79000,0.00000,0.00000,0.01000,-0.01000,-8.84000,62.23000
0.00000,0.23000,0.79000,0.00000,0.00000,0.01000,-0.01000,-8.84000,62.23000
0.00000,0.23000,0.79000,0.00000,0.00000,0.01000,-0.01000,-8.77000,62.16000
0.00000,0.23000,0.79000,0.00000,0.00000,0.01000,-0.01000,-8.77000,62.16000
0.00000,0.23000,0.79000,0.00000,0.00000,0.01000,-0.01000,-8.70000,62.10000
0.00000,0.23000,0.79000,0.00000,0.00000,0.01000,-0.01000,-8.70000,62.10000
0.00000,0.23000,0.79000,0.00000,0.00000,0.01000,-0.01000,-8.64000,62.03000
0.00000,0.23000,0.79000,0.00000,0.00000,0.01000,-0.01000,-8.64000,62.03000
0.00000,0.23000,0.79000,0.00000,0.00000,0.01000,-0.01000,-8.57000,61.96000
0.00000,0.23000,0.79000,0.00000,0.00000,0.01000,-0.01000,-8.57000,61.96000
0.00000,0.23000,0.79000,0.00000,0.00000,0.01000,-0.01000,-8.50000,61.89000
0.00000,0.23000,0.79000,0.00000,0.00000,0.01000,-0.01000,-8.50000,61.89000
0.00000,0.23000,0.79000,0.00000,0.00000,0.01000,-0.01000,-8.44000,61.83000
0.00000,0.23000,0.79000,0.00000,0.00000,0.01000,-0.01000,-8.44000,61.83000
0.00000,0.23000,0.79000,0.00000,0.00000,0.01000,-0.01000,-8.37000,61.76000
0.00000,0.23000,0.79000,0.00000,0.00000,0.01000,-0.01000,-8.37000,61.76000
0.00000,0.23000,0.79000,0.00000,0.00000,0.01000,-0.01000,-8.30000,61.69000
0.00000,0.23000,0.79000,0.00000,0.00000,0.01000,-0.01000,-8.30000,61.69000
0.00000,0.23000,0.79000,0.00000,0.00000,0.01000,-0.01000,-8.23000,61.63000
0.00000,0.23000,0.79000,0.00000,0.00000,0.01000,-0.01000,-8.23000,61.63000
0.00000,0.23000,0.79000,0.00000,0.00000,0.01000,-0.01000,-8.17000,61.56000
0.00000,0.23000,0.79000,0.00000,0.00000,0.01000,-0.01000,-8.17000,61.56000
0.00000,0.23000,0.79000,0.00000,0.00000,0.01000,-0.01000,-8.10000,61.49000
0.00000,0.23000,0.79000,0.00000,0.00000,0.01000,-0.01000,-8.10000,61.49000
0.00000,0.23000,0.79000,0.00000,0.00000,0.01000,-0.01000,-8.03000,61.42000
0.00000,0.23000,0.79000,0.00000,0.00000,0.01000,-0.01000,-8.03000,61.42000
0.00000,0.23000,0.79000,0.00000,0.00000,0.01000,-0.01000,-7.97000,61.36000
0.00000,0.23000,0.79000,0.00000,0.00000,0.01000,-0.01000,-7.97000,61.36000
0.00000,0.23000,0.79000,0.00000,0.00000,0.01000,-0.01000,-7.90000,61.29000
0.00000,0.23000,0.79000,0.00000,0.00000,0.01000,-0.01000,-7.90000,61.29000
0.00000,0.23000,0.79000,0.00000,0.00000,0.01000,-0.01000,-7.83000,61.22000
0.00000,0.23000,0.79000,0.00000,0.00000,0.01000,-0.01000,-7.83000,61.22000
0.00000,0.23000,0.79000,0.00000,0.00000,0.01000,-0.01000,-7.77000,61.15000
0.00000,0.23000,0.79000,0.00000,0.00000,0.01000,-0.01000,-7.77000,61.15000
0.00000,0.23000,0.79000,0.00000,0.00000,0.01000,-0.01000,-7.70000,61.09000
0.00000,0.23000,0.79000,0.00000,0.00000,0.01000,-0.01000,-7.70000,61.09000
0.00000,0.23000,0.79000,0.00000,0.00000,0.01000,-0.01000,-7.63000,61.02000
0.00000,0.23000,0.79000,0.00000,0.00000,0.01000,-0.01000,-7.63000,61.02000
0.00000,0.23000,0.79000,0.00000,0.00000,0.01000,-0.01000,-7.57000,60.95000
0.00000,0.23000,0.79000,0.00000,0.00000,0.01000,-0.01000,-7.57000,60.95000
0.00000,0.23000,0.79000,0.00000,0.00000,0.01000,-0.01000,-7.50000,60.88000
0.00000,0.23000,0.79000,0.00000,0.00000,0.01000,-0.01000,-7.50000,60.88000
0.00000,0.23000,0.79000,0.00000,0.00000,0.01000,-0.01000,-7.43000,60.82000
0.00000,0.23000,0.79000,0.00000,0.00000,0.01000,-0.01000,-7.43000,60.82000
0.00000,0.23000,0.79000,0.00000,0.00000,0.01000,-0.01000,-7.36000,60.75000
0.00000,0.23000,0.79000,0.00000,0.00000,0.01000,-0.01000,-7.36000,60.75000
0.00000,0.23000,0.79000,0.00000,0.00000,0.01000,-0.01000,-7.30000,60.68000
0.00000,0.23000,0.79000,0.00000,0.00000,0.01000,-0.01000,-7.30000,60.68000
0.00000,0.23000,0.79000,0.00000,0.00000,0.01000,-0.01000,-7.23000,60.61000
0.00000,0.23000,0.79000,0.00000,0.00000,0.01000,-0.01000,-7.23000,60.61000
0.00000,0.23000,0.79000,0.00000,0.00000,0.01000,-0.01000,-7.16000,60.55000
0.00000,0.23000,0.79000,0.00000,0.00000,0.01000,-0.01000,-7.16000,60.55000
0.00000,0.23000,0.79000,0.00000,0.00000,0.01000,-0.01000,-7.10000,60.48000
0.00000,0.23000,0.79000,0.00000,0.00000,0.01000,-0.01000,-7.10000,60.48000
0.00000,0.23000,0.79000,0.00000,0.00000,0.01000,-0.01000,-7.03000,60.41000
0.00000,0.23000,0.79000,0.00000,0.00000,0.01000,-0.01000,-7.03000,60.41000
0.00000,0.23000,0.79000,0.00000,0.00000,0.01000,-0.01000,-6.96000,60.34000
0.00000,0.23000,0.79000,0.00000,0.00000,0.01000,-0.01000,-6.96000,60.34000
0.00000,0.23000,0.79000,0.00000,0.00000,0.01000,-0.01000,-6.90000,60.28000
0.00000,0.23000,0.79000,0.00000,0.00000,0.01000,-0.01000,-6.90000,60.28000
0.00000,0.23000,0.79000,0.00000,0.00000,0.01000,-0.01000,-6.83000,60.21000
0.00000,0.23000,0.79000,0.00000,0.00000,0.01000,-0.01000,-6.83000,60.21000
0.00000,0.23000,0.79000,0.00000,0.00000,0.01000,-0.01000,-6.76000,60.14000
0.00000,0.23000,0.79000,0.00000,0.00000,0.01000,-0.01000,-6.76000,60.14000
0.00000,0.23000,0.79000,0.00000,0.00000,0.01000,-0.01000,-6.70000,60.07000
0.00000,0.23000,0.79000,0.00000,0.00000,0.01000,-0.01000,-6.70000,60.07000
0.00000,0.23000,0.79000,0.00000,0.00000,0.01000,-0.01000,-6.63000,60.01000
0.00000,0.23000,0.79000,0.00000,0.00000,0.01000,-0.01000,-6.63000,60.01000
0.00000,0.23000,0.79000,0.00000,0.00000,0.01000,-0.01000,-6.56000,59.94000
0.00000,0.23000,0.79000,0.00000,0.00000,0.01000,-0.01000,-6.56000,59.94000
0.00000,0.23000,0.79000,0.00000,0.00000,0.01000,-0.01000,-6.49000,59.87000
0.00000,0.23000,0.79000,0.00000,0.00000,0.01000,-0.01000,-6.49000,59.87000
0.00000,0.23000,0.79000,0.00000,0.00000,0.01000,-0.01000,-6.43000,59.80000
0.00000,0.23000,0.79000,0.00000,0.00000,0.01000,-0.01000,-6.43000,59.80000
0.00000,0.23000,0.79000,0.00000,0.00000,0.01000,-0.01000,-6.36000,59.74000
0.00000,0.23000,0.79000,0.00000,0.00000,0.01000,-0.01000,-6.36000,59.74000
0.00000,0.23000,0.79000,0.00000,0.00000,0.01000,-0.01000,-6.29000,59.67000
0.00000,0.23000,0.79000,0.00000,0.00000,0.01000,-0.01000,-6.29000,59.67000
0.00000,0.23000,0.79000,0.00000,0.00000,0.01000,-0.01000,-6.23000,59.60000
0.00000,0.23000,0.79000,0.00000,0.00000,0.01000,-0.01000,-6.23000,59.60000
0.00000,0.23000,0.79000,0.00000,0.00000,0.01000,-0.01000,-6.16000,59.53000
0.00000,0.23000,0.79000,0.00000,0.00000,0.01000,-0.01000,-6.16000,59.53000
0.00000,0.23000,0.79000,0.00000,0.00000,0.01000,-0.01000,-6.09000,59.47000
0.00000,0.23000,0.79000,0.00000,0.00000,0.01000,-0.01000,-6.09000,59.47000
0.00000,0.23000,0.79000,0.00000,0.00000,0.01000,-0.01000,-6.03000,59.40000
0.00000,0.23000,0.79000,0.00000,0.00000,0.01000,-0.01000,-6.03000,59.40000
0.00000,0.23000,0.79000,0.00000,0.00000,0.01000,-0.01000,-5.96000,59.33000
0.00000,0.23000,0.79000,0.00000,0.00000,0.01000,-0.01000,-5.96000,59.33000
0.00000,0.23000,0.79000,0.00000,0.00000,0.01000,-0.01000,-5.89000,59.26000
0.00000,0.23000,0.79000,0.00000,0.00000,0.01000,-0.01000,-5.89000,59.26000
0.00000,0.23000,0.79000,0.00000,0.00000,0.01000,-0.01000,-5.83000,59.20000
0.00000,0.23000,0.79000,0.00000,0.00000,0.01000,-0.01000,-5.83000,59.20000
0.00000,0.23000,0.79000,0.00000,0.00000,0.01000,-0.01000,-5.76000,59.13000
0.00000,0.23000,0.79000,0.00000,0.00000,0.01000,-0.01000,-5.76000,59.13000
0.00000,0.23000,0.79000,0.00000,0.00000,0.01000,-0.01000,-5.69000,59.06000
0.00000,0.23000,0.79000,0.00000,0.00000,0.01000,-0.01000,-5.69000,59.06000
0.00000,0.23000,0.79000,0.00000,0.00000,0.01000,-0.01000,-5.62000,58.99000
0.00000,0.23000,0.79000,0.00000,0.00000,0.01000,-0.01000,-5.62000,58.99000
0.00000,0.23000,0.79000,0.00000,0.00000,0.01000,-0.01000,-5.56000,58.93000
0.00000,0.23000,0.79000,0.00000,0.00000,0.01000,-0.01000,-5.56000,58.93000
0.00000,0.23000,0.79000,0.00000,0.00000,0.01000,-0.01000,-5.49000,58.86000
0.00000,0.23000,0.79000,0.00000,0.00000,0.01000,-0.01000,-5.49000,58.86000
0.00000,0.23000,0.79000,0.00000,0.00000,0.01000,-0.01000,-5.42000,58.79000
0.00000,0.23000,0.79000,0.00000,0.00000,0.01000,-0.01000,-5.42000,58.79000
0.00000,0.23000,0.79000,0.00000,0.00000,0.01000,-0.01000,-5.36000,58.72000
0.00000,0.23000,0.79000,0.00000,0.00000,0.01000,-0.01000,-5.36000,58.72000
0.00000,0.23000,0.79000,0.00000,0.00000,0.01000,-0.01000,-5.29000,58.66000
0.00000,0.23000,0.79000,0.00000,0.00000,0.01000,-0.01000,-5.29000,58.66000
0.00000,0.23000,0.79000,0.00000,0.00000,0.01000,-0.01000,-5.22000,58.59000
0.00000,0.23000,0.79000,0.00000,0.00000,0.01000,-0.01000,-5.22000,58.59000
0.00000,0.23000,0.79000,0.00000,0.00000,0.01000,-0.01000,-5.16000,58.52000
0.00000,0.23000,0.79000,0.00000,0.00000,0.01000,-0.01000,-5.16000,58.52000
0.00000,0.23000,0.79000,0.00000,0.00000,0.01000,-0.01000,-5.09000,58.45000
0.00000,0.23000,0.79000,0.00000,0.00000,0.01000,-0.01000,-5.09000,58.45000
0.00000,0.23000,0.79000,0.00000,0.00000,0.01000,-0.01000,-5.02000,58.39000
0.00000,0.23000,0.79000,0.00000,0.00000,0.01000,-0.01000,-5.02000,58.39000
0.00000,0.23000,0.79000,0.00000,0.00000,0.01000,-0.01000,-4.96000,58.32000
0.00000,0.23000,0.79000,0.00000,0.00000,0.01000,-0.01000,-4.96000,58.32000
0.00000,0.23000,0.79000,0.00000,0.00000,0.01000,-0.01000,-4.89000,58.25000
0.00000,0.23000,0.79000,0.00000,0.00000,0.01000,-0.01000,-4.89000,58.25000
0.00000,0.23000,0.79000,0.00000,0.00000,0.01000,-0.01000,-4.82000,58.18000
0.00000,0.23000,0.79000,0.00000,0.00000,0.01000,-0.01000,-4.82000,58.18000
0.00000,0.23000,0.79000,0.00000,0.00000,0.01000,-0.01000,-4.75000,58.12000
0.00000,0.23000,0.79000,0.00000,0.00000,0.01000,-0.01000,-4.75000,58.12000
0.00000,0.23000,0.79000,0.00000,0.00000,0.01000,-0.01000,-4.69000,58.05000
0.00000,0.23000,0.79000,0.00000,0.00000,0.01000,-0.01000,-4.69000,58.05000
0.00000,0.23000,0.79000,0.00000,0.00000,0.01000,-0.01000,-4.62000,57.98000
0.00000,0.23000,0.79000,0.00000,0.00000,0.01000,-0.01000,-4.62000,57.98000
0.00000,0.23000,0.79000,0.00000,0.00000,0.01000,-0.01000,-4.55000,57.91000
0.00000,0.23000,0.79000,0.00000,0.00000,0.01000,-0.01000,-4.55000,57.91000
0.00000,0.23000,0.79000,0.00000,0.00000,0.01000,-0.01000,-4.49000,57.85000
0.00000,0.23000,0.79000,0.00000,0.00000,0.01000,-0.01000,-4.49000,57.85000
0.00000,0.23000,0.79000,0.00000,0.00000,0.01000,-0.01000,-4.42000,57.78000
0.00000,0.23000,0.79000,0.00000,0.00000,0.01000,-0.01000,-4.42000,57.78000
0.00000,0.23000,0.79000,0.00000,0.00000,0.01000,-0.01000,-4.35000,57.71000
0.00000,0.23000,0.79000,0.00000,0.00000,0.01000,-0.01000,-4.35000,57.71000
0.00000,0.23000,0.79000,0.00000,0.00000,0.01000,-0.01000,-4.29000,57.64000
0.00000,0.23000,0.79000,0.00000,0.00000,0.01000,-0.01000,-4.29000,57.64000
0.00000,0.23000,0.79000,0.00000,0.00000,0.01000,-0.01000,-4.22000,57.58000
0.00000,0.23000,0.79000,0.00000,0.00000,0.01000,-0.01000,-4.22000,57.58000
0.00000,0.23000,0.79000,0.00000,0.00000,0.01000,-0.01000,-4.15000,57.51000
0.00000,0.23000,0.79000,0.00000,0.00000,0.01000,-0.01000,-4.15000,57.51000
0.00000,0.23000,0.79000,0.00000,0.00000,0.01000,-0.01000,-4.09000,57.44000
0.00000,0.23000,0.79000,0.00000,0.00000,0.01000,-0.01000,-4.09000,57.44000
0.00000,0.23000,0.79000,0.00000,0.00000,0.01000,-0.01000,-4.02000,57.37000
0.00000,0.23000,0.79000,0.00000,0.00000,0.01000,-0.01000,-4.02000,57.37000
0.00000,0.23000,0.79000,0.00000,0.00000,0.01000,-0.01000,-3.95000,57.31000
0.00000,0.23000,0.79000,0.00000,0.00000,0.01000,-0.01000,-3.95000,57.31000
0.00000,0.23000,0.79000,0.00000,0.00000,0.01000,-0.01000,-3.88000,57.24000
0.00000,0.23000,0.79000,0.00000,0.00000,0.01000,-0.01000,-3.88000,57.24000
0.00000,0.23000,0.79000,0.00000,0.00000,0.01000,-0.01000,-3.82000,57.17000
0.00000,0.23000,0.79000,0.00000,0.00000,0.01000,-0.01000,-3.82000,57.17000
0.00000,0.23000,0.79000,0.00000,0.00000,0.01000,-0.01000,-3.75000,57.10000
0.00000,0.23000,0.79000,0.00000,0.00000,0.01000,-0.01000,-3.75000,57.10000
0.00000,0.23000,0.79000,0.00000,0.00000,0.01000,-0.01000,-3.68000,57.04000
0.00000,0.23000,0.79000,0.00000,0.00000,0.01000,-0.01000,-3.68000,57.04000
0.00000,0.23000,0.79000,0.00000,0.00000,0.01000,-0.01000,-3.62000,56.97000
0.00000,0.23000,0.79000,0.00000,0.00000,0.01000,-0.01000,-3.62000,56.97000
0.00000,0.23000,0.79000,0.00000,0.00000,0.01000,-0.01000,-3.55000,56.90000
0.00000,0.23000,0.79000,0.00000,0.00000,0.01000,-0.01000,-3.55000,56.90000
0.00000,0.23000,0.79000,0.00000,0.00000,0.01000,-0.01000,-3.48000,56.83000
0.00000,0.23000,0.79000,0.00000,0.00000,0.01000,-0.01000,-3.48000,56.83000
0.00000,0.23000,0.79000,0.00000,0.00000,0.01000,-0.01000,-3.42000,56.77000
0.00000,0.23000,0.79000,0.00000,0.00000,0.01000,-0.01000,-3.42000,56.77000
0.00000,0.23000,0.79000,0.00000,0.00000,0.01000,-0.01000,-3.35000,56.70000
0.00000,0.23000,0.79000,0.00000,0.00000,0.01000,-0.01000,-3.35000,56.70000
0.00000,0.23000,0.79000,0.00000,0.00000,0.01000,-0.01000,-3.28000,56.63000
0.00000,0.23000,0.79000,0.00000,0.00000,0.01000,-0.01000,-3.28000,56.63000
0.00000,0.23000,0.79000,0.00000,0.00000,0.01000,-0.01000,-3.22000,56.56000
0.00000,0.23000,0.79000,0.00000,0.00000,0.01000,-0.01000,-3.22000,56.56000
0.00000,0.23000,0.79000,0.00000,0.00000,0.01000,-0.01000,-3.15000,56.50000
0.00000,0.23000,0.79000,0.00000,0.00000,0.01000,-0.01000,-3.15000,56.50000
0.00000,0.23000,0.79000,0.00000,0.00000,0.01000,-0.01000,-3.08000,56.43000
0.00000,0.23000,0.79000,0.00000,0.00000,0.01000,-0.01000,-3.08000,56.43000
0.00000,0.23000,0.79000,0.00000,0.00000,0.01000,-0.01000,-3.02000,56.36000
0.00000,0.23000,0.79000,0.00000,0.00000,0.01000,-0.01000,-3.02000,56.36000
0.00000,0.23000,0.79000,0.00000,0.00000,0.01000,-0.01000,-2.95000,56.29000
0.00000,0.23000,0.79000,0.00000,0.00000,0.01000,-0.01000,-2.95000,56.29000
0.00000,0.23000,0.79000,0.00000,0.00000,0.01000,-0.01000,-2.88000,56.23000
0.00000,0.23000,0.79000,0.00000,0.00000,0.01000,-0.01000,-2.88000,56.23000
0.00000,0.23000,0.79000,0.00000,0.00000,0.01000,-0.01000,-2.81000,56.16000
0.00000,0.23000,0.79000,0.00000,0.00000,0.01000,-0.01000,-2.81000,56.16000
0.00000,0.23000,0.79000,0.00000,0.00000,0.01000,-0.01000,-2.75000,56.09000
0.00000,0.23000,0.79000,0.00000,0.00000,0.01000,-0.01000,-2.75000,56.09000
0.00000,0.23000,0.79000,0.00000,0.00000,0.01000,-0.01000,-2.68000,56.02000
0.00000,0.23000,0.79000,0.00000,0.00000,0.01000,-0.01000,-2.68000,56.02000
0.00000,0.23000,0.79000,0.00000,0.00000,0.01000,-0.01000,-2.61000,55.96000
0.00000,0.23000,0.79000,0.00000,0.00000,0.01000,-0.01000,-2.61000,55.96000
0.00000,0.23000,0.79000,0.00000,0.00000,0.01000,-0.01000,-2.55000,55.89000
0.00000,0.23000,0.79000,0.00000,0.00000,0.01000,-0.01000,-2.55000,55.89000
0.00000,0.23000,0.79000,0.00000,0.00000,0.01000,-0.01000,-2.48000,55.82000
0.00000,0.23000,0.79000,0.00000,0.00000,0.01000,-0.01000,-2.48000,55.82000
0.00000,0.23000,0.79000,0.00000,0.00000,0.01000,-0.01000,-2.41000,55.75000
0.00000,0.23000,0.79000,0.00000,0.00000,0.01000,-0.01000,-2.41000,55.75000
0.00000,0.23000,0.79000,0.00000,0.00000,0.01000,-0.01000,-2.35000,55.69000
0.00000,0.23000,0.79000,0.00000,0.00000,0.01000,-0.01000,-2.35000,55.69000
0.00000,0.23000,0.79000,0.00000,0.00000,0.01000,-0.01000,-2.28000,55.62000
0.00000,0.23000,0.79000,0.00000,0.00000,0.01000,-0.01000,-2.28000,55.62000
0.00000,0.23000,0.79000,0.00000,0.00000,0.01000,-0.01000,-2.21000,55.55000
0.00000,0.23000,0.79000,0.00000,0.00000,0.01000,-0.01000,-2.21000,55.55000
0.00000,0.23000,0.79000,0.00000,0.00000,0.01000,-0.01000,-2.15000,55.48000
0.00000,0.23000,0.79000,0.00000,0.00000,0.01000,-0.01000,-2.15000,55.48000
0.00000,0.23000,0.79000,0.00000,0.00000,0.01000,-0.01000,-2.08000,55.42000
0.00000,0.23000,0.79000,0.00000,0.00000,0.01000,-0.01000,-2.08000,55.42000
0.00000,0.23000,0.79000,0.00000,0.00000,0.01000,-0.01000,-2.01000,55.35000
0.00000,0.23000,0.79000,0.00000,0.00000,0.01000,-0.01000,-2.01000,55.35000
0.00000,0.23000,0.79000,0.00000,0.00000,0.01000,-0.01000,-1.94000,55.28000
0.00000,0.23000,0.79000,0.00000,0.00000,0.01000,-0.01000,-1.94000,55.28000
0.00000,0.23000,0.79000,0.00000,0.00000,0.01000,-0.01000,-1.88000,55.21000
0.00000,0.23000,0.79000,0.00000,0.00000,0.01000,-0.01000,-1.88000,55.21000
0.00000,0.23000,0.79000,0.00000,0.00000,0.01000,-0.01000,-1.81000,55.15000
0.00000,0.23000,0.79000,0.00000,0.00000,0.01000,-0.01000,-1.81000,55.15000
0.00000,0.23000,0.79000,0.00000,0.00000,0.01000,-0.01000,-1.74000,55.08000
0.00000,0.23000,0.79000,0.00000,0.00000,0.01000,-0.01000,-1.74000,55.08000
0.00000,0.23000,0.79000,0.00000,0.00000,0.01000,-0.01000,-1.68000,55.01000
0.00000,0.23000,0.79000,0.00000,0.00000,0.01000,-0.01000,-1.68000,55.01000
0.00000,0.23000,0.79000,0.00000,0.00000,0.01000,-0.01000,-1.61000,54.94000
0.00000,0.23000,0.79000,0.00000,0.00000,0.01000,-0.01000,-1.61000,54.94000
0.00000,0.23000,0.79000,0.00000,0.00000,0.01000,-0.01000,-1.54000,54.88000
0.00000,0.23000,0.79000,0.00000,0.00000,0.01000,-0.01000,-1.54000,54.88000
0.00000,0.23000,0.79000,0.00000,0.00000,0.01000,-0.01000,-1.48000,54.81000
0.00000,0.23000,0.79000,0.00000,0.00000,0.01000,-0.01000,-1.48000,54.81000
0.00000,0.23000,0.79000,0.00000,0.00000,0.01000,-0.01000,-1.41000,54.74000
0.00000,0.23000,0.79000,0.00000,0.00000,0.01000,-0.01000,-1.41000,54.74000
0.00000,0.23000,0.79000,0.00000,0.00000,0.01000,-0.01000,-1.34000,54.67000
0.00000,0.23000,0.79000,0.00000,0.00000,0.01000,-0.01000,-1.34000,54.67000
0.00000,0.23000,0.79000,0.00000,0.00000,0.01000,-0.01000,-1.28000,54.61000
0.00000,0.23000,0.79000,0.00000,0.00000,0.01000,-0.01000,-1.28000,54.61000
0.00000,0.23000,0.79000,0.00000,0.00000,0.01000,-0.01000,-1.21000,54.54000
0.00000,0.23000,0.79000,0.00000,0.00000,0.01000,-0.01000,-1.21000,54.54000
0.00000,0.23000,0.79000,0.00000,0.00000,0.01000,-0.01000,-1.14000,54.47000
0.00000,0.23000,0.79000,0.00000,0.00000,0.01000,-0.01000,-1.14000,54.47000
0.00000,0.23000,0.79000,0.00000,0.00000,0.01000,-0.01000,-1.07000,54.40000
0.00000,0.23000,0.79000,0.00000,0.00000,0.01000,-0.01000,-1.07000,54.40000
0.00000,0.23000,0.79000,0.00000,0.00000,0.01000,-0.01000,-1.01000,54.34000
0.00000,0.23000,0.79000,0.00000,0.00000,0.01000,-0.01000,-1.01000,54.34000
0.00000,0.23000,0.79000,0.00000,0.00000,0.01000,-0.01000,-0.94000,54.27000
0.00000,0.23000,0.79000,0.00000,0.00000,0.01000,-0.01000,-0.94000,54.27000
0.00000,0.23000,0.79000,0.00000,0.00000,0.01000,-0.01000,-0.87000,54.20000
0.00000,0.23000,0.79000,0.00000,0.00000,0.01000,-0.01000,-0.87000,54.20000
0.00000,0.23000,0.79000,0.00000,0.00000,0.01000,-0.01000,-0.81000,54.13000
0.00000,0.23000,0.79000,0.00000,0.00000,0.01000,-0.01000,-0.81000,54.13000
0.00000,0.23000,0.79000,0.00000,0.00000,0.01000,-0.01000,-0.74000,54.07000
0.00000,0.23000,0.79000,0.00000,0.00000,0.01000,-0.01000,-0.74000,54.07000
0.00000,0.23000,0.79000,0.00000,0.00000,0.01000,-0.01000,-0.67000,54.00000
0.00000,0.23000,0.79000,0.00000,0.00000,0.01000,-0.01000,-0.67000,54.00000
0.00000,0.23000,0.79000,0.00000,0.00000,0.01000,-0.01000,-0.61000,53.93000
0.00000,0.23000,0.79000,0.00000,0.00000,0.01000,-0.01000,-0.61000,53.93000
0.00000,0.23000,0.79000,0.00000,0.00000,0.01000,-0.01000,-0.54000,53.86000
0.00000,0.23000,0.79000,0.00000,0.00000,0.01000,-0.01000,-0.54000,53.86000
0.00000,0.23000,0.79000,0.00000,0.00000,0.01000,-0.01000,-0.47000,53.80000
0.00000,0.23000,0.79000,0.00000,0.00000,0.01000,-0.01000,-0.47000,53.80000
0.00000,0.23000,0.79000,0.00000,0.00000,0.01000,-0.01000,-0.41000,53.73000
0.00000,0.23000,0.79000,0.00000,0.00000,0.01000,-0.01000,-0.41000,53.73000
0.00000,0.23000,0.79000,0.00000,0.00000,0.01000,-0.01000,-0.34000,53.66000
0.00000,0.23000,0.79000,0.00000,0.00000,0.01000,-0.01000,-0.34000,53.66000
0.00000,0.23000,0.79000,0.00000,0.00000,0.01000,-0.01000,-0.27000,53.59000
0.00000,0.23000,0.79000,0.00000,0.00000,0.01000,-0.01000,-0.27000,53.59000
0.00000,0.23000,0.79000,0.00000,0.00000,0.01000,-0.01000,-0.20000,53.53000
0.00000,0.23000,0.79000,0.00000,0.00000,0.01000,-0.01000,-0.20000,53.53000
0.00000,0.23000,0.79000,0.00000,0.00000,0.01000,-0.01000,-0.14000,53.46000
0.00000,0.23000,0.79000,0.00000,0.00000,0.01000,-0.01000,-0.14000,53.46000
0.00000,0.23000,0.79000,0.00000,0.00000,0.01000,-0.01000,-0.07000,53.39000
0.00000,0.23000,0.79000,0.00000,0.00000,0.01000,-0.01000,-0.07000,53.39000
0.00000,0.23000,0.79000,0.00000,0.00000,0.01000,-0.01000,-0.00000,53.32000
0.00000,0.23000,0.79000,0.00000,0.00000,0.01000,-0.01000,-0.00000,53.32000
0.00000,0.23000,0.79000,0.00000,0.00000,0.01000,-0.01000,0.06000,53.26000
0.00000,0.23000,0.79000,0.00000,0.00000,0.01000,-0.01000,0.06000,53.26000
0.00000,0.23000,0.79000,0.00000,0.00000,0.01000,-0.01000,0.13000,53.19000
0.00000,0.23000,0.79000,0.00000,0.00000,0.01000,-0.01000,0.13000,53.19000
0.00000,0.23000,0.79000,0.00000,0.00000,0.01000,-0.01000,0.20000,53.12000
0.00000,0.23000,0.79000,0.00000,0.00000,0.01000,-0.01000,0.20000,53.12000
0.00000,0.23000,0.79000,0.00000,0.00000,0.01000,-0.01000,0.26000,53.05000
0.00000,0.23000,0.79000,0.00000,0.00000,0.01000,-0.01000,0.26000,53.05000
0.00000,0.23000,0.79000,0.00000,0.00000,0.01000,-0.01000,0.33000,52.99000
0.00000,0.23000,0.79000,0.00000,0.00000,0.01000,-0.01000,0.33000,52.99000
0.00000,0.23000,0.79000,0.00000,0.00000,0.01000,-0.01000,0.40000,52.92000
0.00000,0.23000,0.79000,0.00000,0.00000,0.01000,-0.01000,0.40000,52.92000
0.00000,0.23000,0.79000,0.00000,0.00000,0.01000,-0.01000,0.46000,52.85000
0.00000,0.23000,0.79000,0.00000,0.00000,0.01000,-0.01000,0.46000,52.85000
0.00000,0.23000,0.79000,0.00000,0.00000,0.01000,-0.01000,0.53000,52.78000
0.00000,0.23000,0.79000,0.00000,0.00000,0.01000,-0.01000,0.53000,52.78000
0.00000,0.23000,0.79000,0.00000,0.00000,0.01000,-0.01000,0.60000,52.72000
0.00000,0.23000,0.79000,0.00000,0.00000,0.01000,-0.01000,0.60000,52.72000
0.00000,0.23000,0.79000,0.00000,0.00000,0.01000,-0.01000,0.67000,52.65000
0.00000,0.23000,0.79000,0.00000,0.00000,0.01000,-0.01000,0.67000,52.65000
0.00000,0.23000,0.79000,0.00000,0.00000,0.01000,-0.01000,0.73000,52.58000
0.00000,0.23000,0.79000,0.00000,0.00000,0.01000,-0.01000,0.73000,52.58000
0.00000,0.23000,0.79000,0.00000,0.00000,0.01000,-0.01000,0.80000,52.51000
0.00000,0.23000,0.79000,0.00000,0.00000,0.01000,-0.01000,0.80000,52.51000
0.00000,0.23000,0.79000,0.00000,0.00000,0.01000,-0.01000,0.87000,52.45000
0.00000,0.23000,0.79000,0.00000,0.00000,0.01000,-0.01000,0.87000,52.45000
0.00000,0.23000,0.79000,0.00000,0.00000,0.01000,-0.01000,0.93000,52.38000
0.00000,0.23000,0.79000,0.00000,0.00000,0.01000,-0.01000,0.93000,52.38000
0.00000,0.23000,0.79000,0.00000,0.00000,0.01000,-0.01000,1.00000,52.31000
0.00000,0.23000,0.79000,0.00000,0.00000,0.01000,-0.01000,1.00000,52.31000
0.00000,0.23000,0.79000,0.00000,0.00000,0.01000,-0.01000,1.07000,52.24000
0.00000,0.23000,0.79000,0.00000,0.00000,0.01000,-0.01000,1.07000,52.24000
0.00000,0.23000,0.79000,0.00000,0.00000,0.01000,-0.01000,1.13000,52.18000
0.00000,0.23000,0.79000,0.00000,0.00000,0.01000,-0.01000,1.13000,52.18000
0.00000,0.23000,0.79000,0.00000,0.00000,0.01000,-0.01000,1.20000,52.11000
0.00000,0.23000,0.79000,0.00000,0.00000,0.01000,-0.01000,1.20000,52.11000
0.00000,0.23000,0.79000,0.00000,0.00000,0.01000,-0.01000,1.27000,52.04000
0.00000,0.23000,0.79000,0.00000,0.00000,0.01000,-0.01000,1.27000,52.04000
0.00000,0.23000,0.79000,0.00000,0.00000,0.01000,-0.01000,1.33000,51.97000
0.00000,0.23000,0.79000,0.00000,0.00000,0.01000,-0.01000,1.33000,51.97000
0.00000,0.23000,0.79000,0.00000,0.00000,0.01000,-0.01000,1.40000,51.91000
0.00000,0.23000,0.79000,0.00000,0.00000,0.01000,-0.01000,1.40000,51.91000
0.00000,0.23000,0.79000,0.00000,0.00000,0.01000,-0.01000,1.47000,51.84000
0.00000,0.23000,0.79000,0.00000,0.00000,0.01000,-0.01000,1.47000,51.84000
0.00000,0.23000,0.79000,0.00000,0.00000,0.01000,-0.01000,1.54000,51.77000
0.00000,0.23000,0.79000,0.00000,0.00000,0.01000,-0.01000,1.54000,51.77000
0.00000,0.23000,0.79000,0.00000,0.00000,0.01000,-0.01000,1.60000,51.70000
0.00000,0.23000,0.79000,0.00000,0.00000,0.01000,-0.01000,1.60000,51.70000
0.00000,0.23000,0.79000,0.00000,0.00000,0.01000,-0.01000,1.67000,51.64000
0.00000,0.23000,0.79000,0.00000,0.00000,0.01000,-0.01000,1.67000,51.64000
0.00000,0.23000,0.79000,0.00000,0.00000,0.01000,-0.01000,1.74000,51.57000
0.00000,0.23000,0.79000,0.00000,0.00000,0.01000,-0.01000,1.74000,51.57000
0.00000,0.23000,0.79000,0.00000,0.00000,0.01000,-0.01000,1.80000,51.50000
0.00000,0.23000,0.79000,0.00000,0.00000,0.01000,-0.01000,1.80000,51.50000
0.00000,0.23000,0.79000,0.00000,0.00000,0.01000,-0.01000,1.87000,51.43000
0.00000,0.23000,0.79000,0.00000,0.00000,0.01000,-0.01000,1.87000,51.43000
0.00000,0.23000,0.79000,0.00000,0.00000,0.01000,-0.01000,1.94000,51.37000
0.00000,0.23000,0.79000,0.00000,0.00000,0.01000,-0.01000,1.94000,51.37000
0.00000,0.23000,0.79000,0.00000,0.00000,0.01000,-0.01000,2.00000,51.30000
0.00000,0.23000,0.79000,0.00000,0.00000,0.01000,-0.01000,2.00000,51.30000
0.00000,0.23000,0.79000,0.00000,0.00000,0.01000,-0.01000,2.07000,51.23000
0.00000,0.23000,0.79000,0.00000,0.00000,0.01000,-0.01000,2.07000,51.23000
0.00000,0.23000,0.79000,0.00000,0.00000,0.01000,-0.01000,2.14000,51.16000
0.00000,0.23000,0.79000,0.00000,0.00000,0.01000,-0.01000,2.14000,51.16000
0.00000,0.23000,0.79000,0.00000,0.00000,0.01000,-0.01000,2.20000,51.10000
0.00000,0.23000,0.79000,0.00000,0.00000,0.01000,-0.01000,2.20000,51.10000
0.00000,0.23000,0.79000,0.00000,0.00000,0.01000,-0.01000,2.27000,51.03000
0.00000,0.23000,0.79000,0.00000,0.00000,0.01000,-0.01000,2.27000,51.03000
0.00000,0.23000,0.79000,0.00000,0.00000,0.01000,-0.01000,2.34000,50.96000
0.00000,0.23000,0.79000,0.00000,0.00000,0.01000,-0.01000,2.34000,50.96000
0.00000,0.23000,0.79000,0.00000,0.00000,0.01000,-0.01000,2.41000,50.89000
0.00000,0.23000,0.79000,0.00000,0.00000,0.01000,-0.01000,2.41000,50.89000
0.00000,0.23000,0.79000,0.00000,0.00000,0.01000,-0.01000,2.47000,50.83000
0.00000,0.23000,0.79000,0.00000,0.00000,0.01000,-0.01000,2.47000,50.83000
0.00000,0.23000,0.79000,0.00000,0.00000,0.01000,-0.01000,2.54000,50.76000
0.00000,0.23000,0.79000,0.00000,0.00000,0.01000,-0.01000,2.54000,50.76000
0.00000,0.23000,0.79000,0.00000,0.00000,0.01000,-0.01000,2.61000,50.69000
0.00000,0.23000,0.79000,0.00000,0.00000,0.01000,-0.01000,2.61000,50.69000
0.00000,0.23000,0.79000,0.00000,0.00000,0.01000,-0.01000,2.67000,50.62000
0.00000,0.23000,0.79000,0.00000,0.00000,0.01000,-0.01000,2.67000,50.62000
0.00000,0.23000,0.79000,0.00000,0.00000,0.01000,-0.01000,2.74000,50.56000
0.00000,0.23000,0.79000,0.00000,0.00000,0.01000,-0.01000,2.74000,50.56000
0.00000,0.23000,0.79000,0.00000,0.00000,0.01000,-0.01000,2.81000,50.49000
0.00000,0.23000,0.79000,0.00000,0.00000,0.01000,-0.01000,2.81000,50.49000
0.00000,0.23000,0.79000,0.00000,0.00000,0.01000,-0.01000,2.87000,50.42000
0.00000,0.23000,0.79000,0.00000,0.00000,0.01000,-0.01000,2.87000,50.42000
0.00000,0.23000,0.79000,0.00000,0.00000,0.01000,-0.01000,2.94000,50.35000
0.00000,0.23000,0.79000,0.00000,0.00000,0.01000,-0.01000,2.94000,50.35000
0.00000,0.23000,0.79000,0.00000,0.00000,0.01000,-0.01000,3.01000,50.29000
0.00000,0.23000,0.79000,0.00000,0.00000,0.01000,-0.01000,3.01000,50.29000
0.00000,0.23000,0.79000,0.00000,0.00000,0.01000,-0.01000,3.07000,50.22000
0.00000,0.23000,0.79000,0.00000,0.00000,0.01000,-0.01000,3.07000,50.22000
0.00000,0.23000,0.79000,0.00000,0.00000,0.01000,-0.01000,3.14000,50.15000
0.00000,0.23000,0.79000,0.00000,0.00000,0.01000,-0.01000,3.14000,50.15000
0.00000,0.23000,0.79000,0.00000,0.00000,0.01000,-0.01000,3.21000,50.08000
0.00000,0.23000,0.79000,0.00000,0.00000,0.01000,-0.01000,3.21000,50.08000
0.00000,0.23000,0.79000,0.00000,0.00000,0.01000,-0.01000,3.28000,50.02000
0.00000,0.23000,0.79000,0.00000,0.00000,0.01000,-0.01000,3.28000,50.02000
0.00000,0.23000,0.79000,0.00000,0.00000,0.01000,-0.01000,3.34000,49.95000
0.00000,0.23000,0.79000,0.00000,0.00000,0.01000,-0.01000,3.34000,49.95000
0.00000,0.23000,0.79000,0.00000,0.00000,0.01000,-0.01000,3.41000,49.88000
0.00000,0.23000,0.79000,0.00000,0.00000,0.01000,-0.01000,3.41000,49.88000
0.00000,0.23000,0.79000,0.00000,0.00000,0.01000,-0.01000,3.48000,49.82000
0.00000,0.23000,0.79000,0.00000,0.00000,0.01000,-0.01000,3.48000,49.82000
0.00000,0.23000,0.79000,0.00000,0.00000,0.01000,-0.01000,3.54000,49.75000
0.00000,0.23000,0.79000,0.00000,0.00000,0.01000,-0.01000,3.54000,49.75000
0.00000,0.23000,0.79000,0.00000,0.00000,0.01000,-0.01000,3.61000,49.68000
0.00000,0.23000,0.79000,0.00000,0.00000,0.01000,-0.01000,3.61000,49.68000
0.00000,0.23000,0.79000,0.00000,0.00000,0.01000,-0.01000,3.68000,49.61000
0.00000,0.23000,0.79000,0.00000,0.00000,0.01000,-0.01000,3.68000,49.61000
0.00000,0.23000,0.79000,0.00000,0.00000,0.01000,-0.01000,3.74000,49.55000
0.00000,0.23000,0.79000,0.00000,0.00000,0.01000,-0.01000,3.74000,49.55000
0.00000,0.23000,0.79000,0.00000,0.00000,0.01000,-0.01000,3.81000,49.48000
0.00000,0.23000,0.79000,0.00000,0.00000,0.01000,-0.01000,3.81000,49.48000
0.00000,0.23000,0.79000,0.00000,0.00000,0.01000,-0.01000,3.88000,49.41000
0.00000,0.23000,0.79000,0.00000,0.00000,0.01000,-0.01000,3.88000,49.41000
0.00000,0.23000,0.79000,0.00000,0.00000,0.01000,-0.01000,3.94000,49.34000
0.00000,0.23000,0.79000,0.00000,0.00000,0.01000,-0.01000,3.94000,49.34000
0.00000,0.23000,0.79000,0.00000,0.00000,0.01000,-0.01000,4.01000,49.28000
0.00000,0.23000,0.79000,0.00000,0.00000,0.01000,-0.01000,4.01000,49.28000
0.00000,0.23000,0.79000,0.00000,0.00000,0.01000,-0.01000,4.08000,49.21000
0.00000,0.23000,0.79000,0.00000,0.00000,0.01000,-0.01000,4.08000,49.21000
0.00000,0.23000,0.79000,0.00000,0.00000,0.01000,-0.01000,4.15000,49.14000
0.00000,0.23000,0.79000,0.00000,0.00000,0.01000,-0.01000,4.15000,49.14000
0.00000,0.23000,0.79000,0.00000,0.00000,0.01000,-0.01000,4.21000,49.07000
0.00000,0.23000,0.79000,0.00000,0.00000,0.01000,-0.01000,4.21000,49.07000
0.00000,0.23000,0.79000,0.00000,0.00000,0.01000,-0.01000,4.28000,49.01000
0.00000,0.23000,0.79000,0.00000,0.00000,0.01000,-0.01000,4.28000,49.01000
0.00000,0.23000,0.79000,0.00000,0.00000,0.01000,-0.01000,4.35000,48.94000
0.00000,0.23000,0.79000,0.00000,0.00000,0.01000,-0.01000,4.35000,48.94000
0.00000,0.23000,0.79000,0.00000,0.00000,0.01000,-0.01000,4.41000,48.87000
0.00000,0.23000,0.79000,0.00000,0.00000,0.01000,-0.01000,4.41000,48.87000
0.00000,0.23000,0.79000,0.00000,0.00000,0.01000,-0.01000,4.48000,48.80000
0.00000,0.23000,0.79000,0.00000,0.00000,0.01000,-0.01000,4.48000,48.80000
0.00000,0.23000,0.79000,0.00000,0.00000,0.01000,-0.01000,4.55000,48.74000
0.00000,0.23000,0.79000,0.00000,0.00000,0.01000,-0.01000,4.55000,48.74000
0.00000,0.23000,0.79000,0.00000,0.00000,0.01000,-0.01000,4.61000,48.67000
0.00000,0.23000,0.79000,0.00000,0.00000,0.01000,-0.01000,4.61000,48.67000
0.00000,0.23000,0.79000,0.00000,0.00000,0.01000,-0.01000,4.68000,48.60000
0.00000,0.23000,0.79000,0.00000,0.00000,0.01000,-0.01000,4.68000,48.60000
0.00000,0.23000,0.79000,0.00000,0.00000,0.01000,-0.01000,4.75000,48.53000
0.00000,0.23000,0.79000,0.00000,0.00000,0.01000,-0.01000,4.75000,48.53000
0.00000,0.23000,0.79000,0.00000,0.00000,0.01000,-0.01000,4.81000,48.47000
0.00000,0.23000,0.79000,0.00000,0.00000,0.01000,-0.01000,4.81000,48.47000
0.00000,0.23000,0.79000,0.00000,0.00000,0.01000,-0.01000,4.88000,48.40000
0.00000,0.23000,0.79000,0.00000,0.00000,0.01000,-0.01000,4.88000,48.40000
0.00000,0.23000,0.79000,0.00000,0.00000,0.01000,-0.01000,4.95000,48.33000
0.00000,0.23000,0.79000,0.00000,0.00000,0.01000,-0.01000,4.95000,48.33000
0.00000,0.23000,0.79000,0.00000,0.00000,0.01000,-0.01000,5.02000,48.26000
0.00000,0.23000,0.79000,0.00000,0.00000,0.01000,-0.01000,5.02000,48.26000
0.00000,0.23000,0.79000,0.00000,0.00000,0.01000,-0.01000,5.08000,48.20000
0.00000,0.23000,0.79000,0.00000,0.00000,0.01000,-0.01000,5.08000,48.20000
0.00000,0.23000,0.79000,0.00000,0.00000,0.01000,-0.01000,5.15000,48.13000
0.00000,0.23000,0.79000,0.00000,0.00000,0.01000,-0.01000,5.15000,48.13000
0.00000,0.23000,0.79000,0.00000,0.00000,0.01000,-0.01000,5.22000,48.06000
0.00000,0.23000,0.79000,0.00000,0.00000,0.01000,-0.01000,5.22000,48.06000
0.00000,0.23000,0.79000,0.00000,0.00000,0.01000,-0.01000,5.28000,47.99000
0.00000,0.23000,0.79000,0.00000,0.00000,0.01000,-0.01000,5.28000,47.99000
0.00000,0.23000,0.79000,0.00000,0.00000,0.01000,-0.01000,5.35000,47.93000
0.00000,0.23000,0.79000,0.00000,0.00000,0.01000,-0.01000,5.35000,47.93000
0.00000,0.23000,0.79000,0.00000,0.00000,0.01000,-0.01000,5.42000,47.86000
0.00000,0.23000,0.79000,0.00000,0.00000,0.01000,-0.01000,5.42000,47.86000
0.00000,0.23000,0.79000,0.00000,0.00000,0.01000,-0.01000,5.48000,47.79000
0.00000,0.23000,0.79000,0.00000,0.00000,0.01000,-0.01000,5.48000,47.79000
0.00000,0.23000,0.79000,0.00000,0.00000,0.01000,-0.01000,5.55000,47.72000
0.00000,0.23000,0.79000,0.00000,0.00000,0.01000,-0.01000,5.55000,47.72000
0.00000,0.23000,0.79000,0.00000,0.00000,0.01000,-0.01000,5.62000,47.66000
0.00000,0.23000,0.79000,0.00000,0.00000,0.01000,-0.01000,5.62000,47.66000
0.00000,0.23000,0.79000,0.00000,0.00000,0.01000,-0.01000,5.68000,47.59000
0.00000,0.23000,0.79000,0.00000,0.00000,0.01000,-0.01000,5.68000,47.59000
0.00000,0.23000,0.79000,0.00000,0.00000,0.01000,-0.01000,5.75000,47.52000
0.00000,0.23000,0.79000,0.00000,0.00000,0.01000,-0.01000,5.75000,47.52000
0.00000,0.23000,0.79000,0.00000,0.00000,0.01000,-0.01000,5.82000,47.45000
0.00000,0.23000,0.79000,0.00000,0.00000,0.01000,-0.01000,5.82000,47.45000
0.00000,0.23000,0.79000,0.00000,0.00000,0.01000,-0.01000,5.89000,47.39000
0.00000,0.23000,0.79000,0.00000,0.00000,0.01000,-0.01000,5.89000,47.39000
0.00000,0.23000,0.79000,0.00000,0.00000,0.01000,-0.01000,5.95000,47.32000
0.00000,0.23000,0.79000,0.00000,0.00000,0.01000,-0.01000,5.95000,47.32000
0.00000,0.23000,0.79000,0.00000,0.00000,0.01000,-0.01000,6.02000,47.25000
0.00000,0.23000,0.79000,0.00000,0.00000,0.01000,-0.01000,6.02000,47.25000
0.00000,0.23000,0.79000,0.00000,0.00000,0.01000,-0.01000,6.09000,47.18000
0.00000,0.23000,0.79000,0.00000,0.00000,0.01000,-0.01000,6.09000,47.18000
0.00000,0.23000,0.79000,0.00000,0.00000,0.01000,-0.01000,6.15000,47.12000
0.00000,0.23000,0.79000,0.00000,0.00000,0.01000,-0.01000,6.15000,47.12000
0.00000,0.23000,0.79000,0.00000,0.00000,0.01000,-0.01000,6.22000,47.05000
0.00000,0.23000,0.79000,0.00000,0.00000,0.01000,-0.01000,6.22000,47.05000
0.00000,0.23000,0.79000,0.00000,0.00000,0.01000,-0.01000,6.29000,46.98000
0.00000,0.23000,0.79000,0.00000,0.00000,0.01000,-0.01000,6.29000,46.98000
0.00000,0.23000,0.79000,0.00000,0.00000,0.01000,-0.01000,6.35000,46.91000
0.00000,0.23000,0.79000,0.00000,0.00000,0.01000,-0.01000,6.35000,46.91000
0.00000,0.23000,0.79000,0.00000,0.00000,0.01000,-0.01000,6.42000,46.85000
0.00000,0.23000,0.79000,0.00000,0.00000,0.01000,-0.01000,6.42000,46.85000
0.00000,0.23000,0.79000,0.00000,0.00000,0.01000,-0.01000,6.49000,46.78000
0.00000,0.23000,0.79000,0.00000,0.00000,0.01000,-0.01000,6.49000,46.78000
0.00000,0.23000,0.79000,0.00000,0.00000,0.01000,-0.01000,6.55000,46.71000
0.00000,0.23000,0.79000,0.00000,0.00000,0.01000,-0.01000,6.55000,46.71000
0.00000,0.23000,0.79000,0.00000,0.00000,0.01000,-0.01000,6.62000,46.64000
0.00000,0.23000,0.79000,0.00000,0.00000,0.01000,-0.01000,6.62000,46.64000
0.00000,0.23000,0.79000,0.00000,0.00000,0.01000,-0.01000,6.69000,46.58000
0.00000,0.23000,0.79000,0.00000,0.00000,0.01000,-0.01000,6.69000,46.58000
0.00000,0.23000,0.79000,0.00000,0.00000,0.01000,-0.01000,6.76000,46.51000
0.00000,0.23000,0.79000,0.00000,0.00000,0.01000,-0.01000,6.76000,46.51000
0.00000,0.23000,0.79000,0.00000,0.00000,0.01000,-0.01000,6.82000,46.44000
0.00000,0.23000,0.79000,0.00000,0.00000,0.01000,-0.01000,6.82000,46.44000
0.00000,0.23000,0.79000,0.00000,0.00000,0.01000,-0.01000,6.89000,46.37000
0.00000,0.23000,0.79000,0.00000,0.00000,0.01000,-0.01000,6.89000,46.37000
0.00000,0.23000,0.79000,0.00000,0.00000,0.01000,-0.01000,6.96000,46.31000
0.00000,0.23000,0.79000,0.00000,0.00000,0.01000,-0.01000,6.96000,46.31000
0.00000,0.23000,0.79000,0.00000,0.00000,0.01000,-0.01000,7.02000,46.24000
0.00000,0.23000,0.79000,0.00000,0.00000,0.01000,-0.01000,7.02000,46.24000
0.00000,0.23000,0.79000,0.00000,0.00000,0.01000,-0.01000,7.09000,46.17000
0.00000,0.23000,0.79000,0.00000,0.00000,0.01000,-0.01000,7.09000,46.17000
0.00000,0.23000,0.79000,0.00000,0.00000,0.01000,-0.01000,7.16000,46.10000
0.00000,0.23000,0.79000,0.00000,0.00000,0.01000,-0.01000,7.16000,46.10000
0.00000,0.23000,0.79000,0.00000,0.00000,0.01000,-0.01000,7.22000,46.04000
0.00000,0.23000,0.79000,0.00000,0.00000,0.01000,-0.01000,7.22000,46.04000
0.00000,0.23000,0.79000,0.00000,0.00000,0.01000,-0.01000,7.29000,45.97000
0.00000,0.23000,0.79000,0.00000,0.00000,0.01000,-0.01000,7.29000,45.97000
0.00000,0.23000,0.79000,0.00000,0.00000,0.01000,-0.01000,7.36000,45.90000
0.00000,0.23000,0.79000,0.00000,0.00000,0.01000,-0.01000,7.36000,45.90000
0.00000,0.23000,0.79000,0.00000,0.00000,0.01000,-0.01000,7.42000,45.83000
0.00000,0.23000,0.79000,0.00000,0.00000,0.01000,-0.01000,7.42000,45.83000
0.00000,0.23000,0.79000,0.00000,0.00000,0.01000,-0.01000,7.49000,45.77000
0.00000,0.23000,0.79000,0.00000,0.00000,0.01000,-0.01000,7.49000,45.77000
0.00000,0.23000,0.79000,0.00000,0.00000,0.01000,-0.01000,7.56000,45.70000
0.00000,0.23000,0.79000,0.00000,0.00000,0.01000,-0.01000,7.56000,45.70000
0.00000,0.23000,0.79000,0.00000,0.00000,0.01000,-0.01000,7.63000,45.63000
0.00000,0.23000,0.79000,0.00000,0.00000,0.01000,-0.01000,7.63000,45.63000
0.00000,0.23000,0.79000,0.00000,0.00000,0.01000,-0.01000,7.69000,45.56000
0.00000,0.23000,0.79000,0.00000,0.00000,0.01000,-0.01000,7.69000,45.56000
0.00000,0.23000,0.79000,0.00000,0.00000,0.01000,-0.01000,7.76000,45.50000
0.00000,0.23000,0.79000,0.00000,0.00000,0.01000,-0.01000,7.76000,45.50000
0.00000,0.23000,0.79000,0.00000,0.00000,0.01000,-0.01000,7.83000,45.43000
0.00000,0.23000,0.79000,0.00000,0.00000,0.01000,-0.01000,7.83000,45.43000
0.00000,0.23000,0.79000,0.00000,0.00000,0.01000,-0.01000,7.89000,45.36000
0.00000,0.23000,0.79000,0.00000,0.00000,0.01000,-0.01000,7.89000,45.36000
0.00000,0.23000,0.79000,0.00000,0.00000,0.01000,-0.01000,7.96000,45.29000
0.00000,0.23000,0.79000,0.00000,0.00000,0.01000,-0.01000,7.96000,45.29000
0.00000,0.23000,0.79000,0.00000,0.00000,0.01000,-0.01000,8.03000,45.23000
0.00000,0.23000,0.79000,0.00000,0.00000,0.01000,-0.01000,8.03000,45.23000
0.00000,0.23000,0.79000,0.00000,0.00000,0.01000,-0.01000,8.09000,45.16000
0.00000,0.23000,0.79000,0.00000,0.00000,0.01000,-0.01000,8.09000,45.16000
0.00000,0.23000,0.79000,0.00000,0.00000,0.01000,-0.01000,8.16000,45.09000
0.00000,0.23000,0.79000,0.00000,0.00000,0.01000,-0.01000,8.16000,45.09000
0.00000,0.23000,0.79000,0.00000,0.00000,0.01000,-0.01000,8.23000,45.02000
0.00000,0.23000,0.79000,0.00000,0.00000,0.01000,-0.01000,8.23000,45.02000
0.00000,0.23000,0.79000,0.00000,0.00000,0.01000,-0.01000,8.29000,44.96000
0.00000,0.23000,0.79000,0.00000,0.00000,0.01000,-0.01000,8.29000,44.96000
0.00000,0.23000,0.79000,0.00000,0.00000,0.01000,-0.01000,8.36000,44.89000
0.00000,0.23000,0.79000,0.00000,0.00000,0.01000,-0.01000,8.36000,44.89000
0.00000,0.23000,0.79000,0.00000,0.00000,0.01000,-0.01000,8.43000,44.82000
0.00000,0.23000,0.79000,0.00000,0.00000,0.01000,-0.01000,8.43000,44.82000
0.00000,0.23000,0.79000,0.00000,0.00000,0.01000,-0.01000,8.50000,44.75000
0.00000,0.23000,0.79000,0.00000,0.00000,0.01000,-0.01000,8.50000,44.75000
0.00000,0.23000,0.79000,0.00000,0.00000,0.01000,-0.01000,8.56000,44.69000
0.00000,0.23000,0.79000,0.00000,0.00000,0.01000,-0.01000,8.56000,44.69000
0.00000,0.23000,0.79000,0.00000,0.00000,0.01000,-0.01000,8.63000,44.62000
0.00000,0.23000,0.79000,0.00000,0.00000,0.01000,-0.01000,8.63000,44.62000
0.00000,0.23000,0.79000,0.00000,0.00000,0.01000,-0.01000,8.70000,44.55000
0.00000,0.23000,0.79000,0.00000,0.00000,0.01000,-0.01000,8.70000,44.55000
0.00000,0.23000,0.79000,0.00000,0.00000,0.01000,-0.01000,8.76000,44.48000
0.00000,0.23000,0.79000,0.00000,0.00000,0.01000,-0.01000,8.76000,44.48000
0.00000,0.23000,0.79000,0.00000,0.00000,0.01000,-0.01000,8.83000,44.42000
0.00000,0.23000,0.79000,0.00000,0.00000,0.01000,-0.01000,8.83000,44.42000
0.00000,0.23000,0.79000,0.00000,0.00000,0.01000,-0.01000,8.90000,44.35000
0.00000,0.23000,0.79000,0.00000,0.00000,0.01000,-0.01000,8.90000,44.35000
0.00000,0.23000,0.79000,0.00000,0.00000,0.01000,-0.01000,8.96000,44.28000
0.00000,0.23000,0.79000,0.00000,0.00000,0.01000,-0.01000,8.96000,44.28000
0.00000,0.23000,0.79000,0.00000,0.00000,0.01000,-0.01000,9.03000,44.21000
0.00000,0.23000,0.79000,0.00000,0.00000,0.01000,-0.01000,9.03000,44.21000
0.00000,0.23000,0.79000,0.00000,0.00000,0.01000,-0.01000,9.10000,44.15000
0.00000,0.23000,0.79000,0.00000,0.00000,0.01000,-0.01000,9.10000,44.15000
0.00000,0.23000,0.79000,0.00000,0.00000,0.01000,-0.01000,9.16000,44.08000
0.00000,0.23000,0.79000,0.00000,0.00000,0.01000,-0.01000,9.16000,44.08000
0.00000,0.23000,0.79000,0.00000,0.00000,0.01000,-0.01000,9.23000,44.01000
0.00000,0.23000,0.79000,0.00000,0.00000,0.01000,-0.01000,9.23000,44.01000
0.00000,0.23000,0.79000,0.00000,0.00000,0.01000,-0.01000,9.30000,43.94000
0.00000,0.23000,0.79000,0.00000,0.00000,0.01000,-0.01000,9.30000,43.94000
0.00000,0.23000,0.79000,0.00000,0.00000,0.01000,-0.01000,9.37000,43.88000
0.00000,0.23000,0.79000,0.00000,0.00000,0.01000,-0.01000,9.37000,43.88000
0.00000,0.23000,0.79000,0.00000,0.00000,0.01000,-0.01000,9.43000,43.81000
0.00000,0.23000,0.79000,0.00000,0.00000,0.01000,-0.01000,9.43000,43.81000
0.00000,0.23000,0.79000,0.00000,0.00000,0.01000,-0.01000,9.50000,43.74000
0.00000,0.23000,0.79000,0.00000,0.00000,0.01000,-0.01000,9.50000,43.74000
0.00000,0.23000,0.79000,0.00000,0.00000,0.01000,-0.01000,9.57000,43.67000
0.00000,0.23000,0.79000,0.00000,0.00000,0.01000,-0.01000,9.57000,43.67000
0.00000,0.23000,0.79000,0.00000,0.00000,0.01000,-0.01000,9.63000,43.61000
0.00000,0.23000,0.79000,0.00000,0.00000,0.01000,-0.01000,9.63000,43.61000
0.00000,0.23000,0.79000,0.00000,0.00000,0.01000,-0.01000,9.70000,43.54000
0.00000,0.23000,0.79000,0.00000,0.00000,0.01000,-0.01000,9.70000,43.54000
0.00000,0.23000,0.79000,0.00000,0.00000,0.01000,-0.01000,9.77000,43.47000
0.00000,0.23000,0.79000,0.00000,0.00000,0.01000,-0.01000,9.77000,43.47000
0.00000,0.23000,0.79000,0.00000,0.00000,0.01000,-0.01000,9.83000,43.40000
0.00000,0.23000,0.79000,0.00000,0.00000,0.01000,-0.01000,9.83000,43.40000
0.00000,0.23000,0.79000,0.00000,0.00000,0.01000,-0.01000,9.90000,43.34000
0.00000,0.23000,0.79000,0.00000,0.00000,0.01000,-0.01000,9.90000,43.34000
0.00000,0.23000,0.79000,0.00000,0.00000,0.01000,-0.01000,9.97000,43.27000
0.00000,0.23000,0.79000,0.00000,0.00000,0.01000,-0.01000,9.97000,43.27000
0.00000,0.23000,0.79000,0.00000,0.00000,0.01000,-0.01000,10.03000,43.20000
0.00000,0.23000,0.79000,0.00000,0.00000,0.01000,-0.01000,10.03000,43.20000
0.00000,0.23000,0.79000,0.00000,0.00000,0.01000,-0.01000,10.10000,43.13000
0.00000,0.23000,0.79000,0.00000,0.00000,0.01000,-0.01000,10.10000,43.13000
0.00000,0.23000,0.79000,0.00000,0.00000,0.01000,-0.01000,10.17000,43.07000
0.00000,0.23000,0.79000,0.00000,0.00000,0.01000,-0.01000,10.17000,43.07000
0.00000,0.23000,0.79000,0.00000,0.00000,0.01000,-0.01000,10.24000,43.00000
0.00000,0.23000,0.79000,0.00000,0.00000,0.01000,-0.01000,10.24000,43.00000
0.00000,0.23000,0.79000,0.00000,0.00000,0.01000,-0.01000,10.30000,42.93000
0.00000,0.23000,0.79000,0.00000,0.00000,0.01000,-0.01000,10.30000,42.93000
0.00000,0.23000,0.79000,0.00000,0.00000,0.01000,-0.01000,10.37000,42.86000
0.00000,0.23000,0.79000,0.00000,0.00000,0.01000,-0.01000,10.37000,42.86000
0.00000,0.23000,0.79000,0.00000,0.00000,0.01000,-0.01000,10.44000,42.80000
0.00000,0.23000,0.79000,0.00000,0.00000,0.01000,-0.01000,10.44000,42.80000
0.00000,0.23000,0.79000,0.00000,0.00000,0.01000,-0.01000,10.50000,42.73000
0.00000,0.23000,0.79000,0.00000,0.00000,0.01000,-0.01000,10.50000,42.73000
0.00000,0.23000,0.79000,0.00000,0.00000,0.01000,-0.01000,10.57000,42.66000
0.00000,0.23000,0.79000,0.00000,0.00000,0.01000,-0.01000,10.57000,42.66000
0.00000,0.23000,0.79000,0.00000,0.00000,0.01000,-0.01000,10.64000,42.59000
0.00000,0.23000,0.79000,0.00000,0.00000,0.01000,-0.01000,10.64000,42.59000
0.00000,0.23000,0.79000,0.00000,0.00000,0.01000,-0.01000,10.70000,42.53000
0.00000,0.23000,0.79000,0.00000,0.00000,0.01000,-0.01000,10.70000,42.53000
0.00000,0.23000,0.79000,0.00000,0.00000,0.01000,-0.01000,10.77000,42.46000
0.00000,0.23000,0.79000,0.00000,0.00000,0.01000,-0.01000,10.77000,42.46000
0.00000,0.23000,0.79000,0.00000,0.00000,0.01000,-0.01000,10.84000,42.39000
0.00000,0.23000,0.79000,0.00000,0.00000,0.01000,-0.01000,10.84000,42.39000
0.00000,0.23000,0.79000,0.00000,0.00000,0.01000,-0.01000,10.90000,42.32000
0.00000,0.23000,0.79000,0.00000,0.00000,0.01000,-0.01000,10.90000,42.32000
0.00000,0.23000,0.79000,0.00000,0.00000,0.01000,-0.01000,10.97000,42.26000
0.00000,0.23000,0.79000,0.00000,0.00000,0.01000,-0.01000,10.97000,42.26000
0.00000,0.23000,0.79000,0.00000,0.00000,0.01000,-0.01000,11.04000,42.19000
0.00000,0.23000,0.79000,0.00000,0.00000,0.01000,-0.01000,11.04000,42.19000
0.00000,0.23000,0.79000,0.00000,0.00000,0.01000,-0.01000,11.11000,42.12000
0.00000,0.23000,0.79000,0.00000,0.00000,0.01000,-0.01000,11.11000,42.12000
0.00000,0.23000,0.79000,0.00000,0.00000,0.01000,-0.01000,11.17000,42.05000
0.00000,0.23000,0.79000,0.00000,0.00000,0.01000,-0.01000,11.17000,42.05000
0.00000,0.23000,0.79000,0.00000,0.00000,0.01000,-0.01000,11.24000,41.99000
0.00000,0.23000,0.79000,0.00000,0.00000,0.01000,-0.01000,11.24000,41.99000
0.00000,0.23000,0.79000,0.00000,0.00000,0.01000,-0.01000,11.31000,41.92000
0.00000,0.23000,0.79000,0.00000,0.00000,0.01000,-0.01000,11.31000,41.92000
0.00000,0.23000,0.79000,0.00000,0.00000,0.01000,-0.01000,11.37000,41.85000
0.00000,0.23000,0.79000,0.00000,0.00000,0.01000,-0.01000,11.37000,41.85000
0.00000,0.23000,0.79000,0.00000,0.00000,0.01000,-0.01000,11.44000,41.78000
0.00000,0.23000,0.79000,0.00000,0.00000,0.01000,-0.01000,11.44000,41.78000
0.00000,0.23000,0.79000,0.00000,0.00000,0.01000,-0.01000,11.51000,41.72000
0.00000,0.23000,0.79000,0.00000,0.00000,0.01000,-0.01000,11.51000,41.72000
0.00000,0.23000,0.79000,0.00000,0.00000,0.01000,-0.01000,11.57000,41.65000
0.00000,0.23000,0.79000,0.00000,0.00000,0.01000,-0.01000,11.57000,41.65000
0.00000,0.23000,0.79000,0.00000,0.00000,0.01000,-0.01000,11.64000,41.58000
0.00000,0.23000,0.79000,0.00000,0.00000,0.01000,-0.01000,11.64000,41.58000
0.00000,0.23000,0.79000,0.00000,0.00000,0.01000,-0.01000,11.71000,41.51000
0.00000,0.23000,0.79000,0.00000,0.00000,0.01000,-0.01000,11.71000,41.51000
0.00000,0.23000,0.79000,0.00000,0.00000,0.01000,-0.01000,11.77000,41.45000
0.00000,0.23000,0.79000,0.00000,0.00000,0.01000,-0.01000,11.77000,41.45000
0.00000,0.23000,0.79000,0.00000,0.00000,0.01000,-0.01000,11.84000,41.38000
0.00000,0.23000,0.79000,0.00000,0.00000,0.01000,-0.01000,11.84000,41.38000
0.00000,0.23000,0.79000,0.00000,0.00000,0.01000,-0.01000,11.91000,41.31000
0.00000,0.23000,0.79000,0.00000,0.00000,0.01000,-0.01000,11.91000,41.31000
0.00000,0.23000,0.79000,0.00000,0.00000,0.01000,-0.01000,11.98000,41.24000
0.00000,0.23000,0.79000,0.00000,0.00000,0.01000,-0.01000,11.98000,41.24000
0.00000,0.23000,0.79000,0.00000,0.00000,0.01000,-0.01000,12.04000,41.18000
0.00000,0.23000,0.79000,0.00000,0.00000,0.01000,-0.01000,12.04000,41.18000
0.00000,0.23000,0.79000,0.00000,0.00000,0.01000,-0.01000,12.11000,41.11000
0.00000,0.23000,0.79000,0.00000,0.00000,0.01000,-0.01000,12.11000,41.11000
0.00000,0.23000,0.79000,0.00000,0.00000,0.01000,-0.01000,12.18000,41.04000
0.00000,0.23000,0.79000,0.00000,0.00000,0.01000,-0.01000,12.18000,41.04000
0.00000,0.23000,0.79000,0.00000,0.00000,0.01000,-0.01000,12.24000,40.97000
0.00000,0.23000,0.79000,0.00000,0.00000,0.01000,-0.01000,12.24000,40.97000
0.00000,0.23000,0.79000,0.00000,0.00000,0.01000,-0.01000,12.31000,40.91000
0.00000,0.23000,0.79000,0.00000,0.00000,0.01000,-0.01000,12.31000,40.91000
0.00000,0.23000,0.79000,0.00000,0.00000,0.01000,-0.01000,12.38000,40.84000
0.00000,0.23000,0.79000,0.00000,0.00000,0.01000,-0.01000,12.38000,40.84000
0.00000,0.23000,0.79000,0.00000,0.00000,0.01000,-0.01000,12.44000,40.77000
0.00000,0.23000,0.79000,0.00000,0.00000,0.01000,-0.01000,12.44000,40.77000
0.00000,0.23000,0.79000,0.00000,0.00000,0.01000,-0.01000,12.51000,40.70000
0.00000,0.23000,0.79000,0.00000,0.00000,0.01000,-0.01000,12.51000,40.70000
0.00000,0.23000,0.79000,0.00000,0.00000,0.01000,-0.01000,12.58000,40.64000
0.00000,0.23000,0.79000,0.00000,0.00000,0.01000,-0.01000,12.58000,40.64000
0.00000,0.23000,0.79000,0.00000,0.00000,0.01000,-0.01000,12.64000,40.57000
0.00000,0.23000,0.79000,0.00000,0.00000,0.01000,-0.01000,12.64000,40.57000
0.00000,0.23000,0.79000,0.00000,0.00000,0.01000,-0.01000,12.71000,40.50000
0.00000,0.23000,0.79000,0.00000,0.00000,0.01000,-0.01000,12.71000,40.50000
0.00000,0.23000,0.79000,0.00000,0.00000,0.01000,-0.01000,12.78000,40.43000
0.00000,0.23000,0.79000,0.00000,0.00000,0.01000,-0.01000,12.78000,40.43000
0.00000,0.23000,0.79000,0.00000,0.00000,0.01000,-0.01000,12.85000,40.37000
0.00000,0.23000,0.79000,0.00000,0.00000,0.01000,-0.01000,12.85000,40.37000
0.00000,0.23000,0.79000,0.00000,0.00000,0.01000,-0.01000,12.91000,40.30000
0.00000,0.23000,0.79000,0.00000,0.00000,0.01000,-0.01000,12.91000,40.30000
0.00000,0.23000,0.79000,0.00000,0.00000,0.01000,-0.01000,12.98000,40.23000
0.00000,0.23000,0.79000,0.00000,0.00000,0.01000,-0.01000,12.98000,40.23000
0.00000,0.23000,0.79000,0.00000,0.00000,0.01000,-0.01000,13.05000,40.16000
0.00000,0.23000,0.79000,0.00000,0.00000,0.01000,-0.01000,13.05000,40.16000
0.00000,0.23000,0.79000,0.00000,0.00000,0.01000,-0.01000,13.11000,40.10000
0.00000,0.23000,0.79000,0.00000,0.00000,0.01000,-0.01000,13.11000,40.10000
0.00000,0.23000,0.79000,0.00000,0.00000,0.01000,-0.01000,13.18000,40.03000
0.00000,0.23000,0.79000,0.00000,0.00000,0.01000,-0.01000,13.18000,40.03000
0.00000,0.23000,0.79000,0.00000,0.00000,0.01000,-0.01000,13.25000,39.96000
0.00000,0.23000,0.79000,0.00000,0.00000,0.01000,-0.01000,13.25000,39.96000
0.00000,0.23000,0.79000,0.00000,0.00000,0.01000,-0.01000,13.31000,39.89000
0.00000,0.23000,0.79000,0.00000,0.00000,0.01000,-0.01000,13.31000,39.89000
0.00000,0.23000,0.79000,0.00000,0.00000,0.01000,-0.01000,13.38000,39.83000
0.00000,0.23000,0.79000,0.00000,0.00000,0.01000,-0.01000,13.38000,39.83000
0.00000,0.23000,0.79000,0.00000,0.00000,0.01000,-0.01000,13.45000,39.76000
0.00000,0.23000,0.79000,0.00000,0.00000,0.01000,-0.01000,13.45000,39.76000
0.00000,0.23000,0.79000,0.00000,0.00000,0.01000,-0.01000,13.51000,39.69000
0.00000,0.23000,0.79000,0.00000,0.00000,0.01000,-0.01000,13.51000,39.69000
0.00000,0.23000,0.79000,0.00000,0.00000,0.01000,-0.01000,13.58000,39.62000
0.00000,0.23000,0.79000,0.00000,0.00000,0.01000,-0.01000,13.58000,39.62000
0.00000,0.23000,0.79000,0.00000,0.00000,0.01000,-0.01000,13.65000,39.56000
0.00000,0.23000,0.79000,0.00000,0.00000,0.01000,-0.01000,13.65000,39.56000
0.00000,0.23000,0.79000,0.00000,0.00000,0.01000,-0.01000,13.72000,39.49000
0.00000,0.23000,0.79000,0.00000,0.00000,0.01000,-0.01000,13.72000,39.49000
0.00000,0.23000,0.79000,0.00000,0.00000,0.01000,-0.01000,13.78000,39.42000
0.00000,0.23000,0.79000,0.00000,0.00000,0.01000,-0.01000,13.78000,39.42000
0.00000,0.23000,0.79000,0.00000,0.00000,0.01000,-0.01000,13.85000,39.35000
0.00000,0.23000,0.79000,0.00000,0.00000,0.01000,-0.01000,13.85000,39.35000
0.00000,0.23000,0.79000,0.00000,0.00000,0.01000,-0.01000,13.92000,39.29000
0.00000,0.23000,0.79000,0.00000,0.00000,0.01000,-0.01000,13.92000,39.29000
0.00000,0.23000,0.79000,0.00000,0.00000,0.01000,-0.01000,13.98000,39.22000
0.00000,0.23000,0.79000,0.00000,0.00000,0.01000,-0.01000,13.98000,39.22000
0.00000,0.23000,0.79000,0.00000,0.00000,0.01000,-0.01000,14.05000,39.15000
0.00000,0.23000,0.79000,0.00000,0.00000,0.01000,-0.01000,14.05000,39.15000
0.00000,0.23000,0.79000,0.00000,0.00000,0.01000,-0.01000,14.12000,39.08000
0.00000,0.23000,0.79000,0.00000,0.00000,0.01000,-0.01000,14.12000,39.08000
0.00000,0.23000,0.79000,0.00000,0.00000,0.01000,-0.01000,14.18000,39.02000
0.00000,0.23000,0.79000,0.00000,0.00000,0.01000,-0.01000,14.18000,39.02000
0.00000,0.23000,0.79000,0.00000,0.00000,0.01000,-0.01000,14.25000,38.95000
0.00000,0.23000,0.79000,0.00000,0.00000,0.01000,-0.01000,14.25000,38.95000
0.00000,0.23000,0.79000,0.00000,0.00000,0.01000,-0.01000,14.32000,38.88000
0.00000,0.23000,0.79000,0.00000,0.00000,0.01000,-0.01000,14.32000,38.88000
0.00000,0.23000,0.79000,0.00000,0.00000,0.01000,-0.01000,14.38000,38.81000
0.00000,0.23000,0.79000,0.00000,0.00000,0.01000,-0.01000,14.38000,38.81000
0.00000,0.23000,0.79000,0.00000,0.00000,0.01000,-0.01000,14.45000,38.75000
0.00000,0.23000,0.79000,0.00000,0.00000,0.01000,-0.01000,14.45000,38.75000
0.00000,0.23000,0.79000,0.00000,0.00000,0.01000,-0.01000,14.52000,38.68000
0.00000,0.23000,0.79000,0.00000,0.00000,0.01000,-0.01000,14.52000,38.68000
0.00000,0.23000,0.79000,0.00000,0.00000,0.01000,-0.01000,14.58000,38.61000
0.00000,0.23000,0.79000,0.00000,0.00000,0.01000,-0.01000,14.58000,38.61000
0.00000,0.23000,0.79000,0.00000,0.00000,0.01000,-0.01000,14.65000,38.54000
0.00000,0.23000,0.79000,0.00000,0.00000,0.01000,-0.01000,14.65000,38.54000
0.00000,0.23000,0.79000,0.00000,0.00000,0.01000,-0.01000,14.72000,38.48000
0.00000,0.23000,0.79000,0.00000,0.00000,0.01000,-0.01000,14.72000,38.48000
0.00000,0.23000,0.79000,0.00000,0.00000,0.01000,-0.01000,14.79000,38.41000
0.00000,0.23000,0.79000,0.00000,0.00000,0.01000,-0.01000,14.79000,38.41000
0.00000,0.23000,0.79000,0.00000,0.00000,0.01000,-0.01000,14.85000,38.34000
0.00000,0.23000,0.79000,0.00000,0.00000,0.01000,-0.01000,14.85000,38.34000
0.00000,0.23000,0.79000,0.00000,0.00000,0.01000,-0.01000,14.92000,38.27000
0.00000,0.23000,0.79000,0.00000,0.00000,0.01000,-0.01000,14.92000,38.27000
0.00000,0.23000,0.79000,0.00000,0.00000,0.01000,-0.01000,14.99000,38.21000
0.00000,0.23000,0.79000,0.00000,0.00000,0.01000,-0.01000,14.99000,38.21000
0.00000,0.23000,0.79000,0.00000,0.00000,0.01000,-0.01000,15.05000,38.14000
0.00000,0.23000,0.79000,0.00000,0.00000,0.01000,-0.01000,15.05000,38.14000
0.00000,0.23000,0.79000,0.00000,0.00000,0.01000,-0.01000,15.12000,38.07000
0.00000,0.23000,0.79000,0.00000,0.00000,0.01000,-0.01000,15.12000,38.07000
0.00000,0.23000,0.79000,0.00000,0.00000,0.01000,-0.01000,15.19000,38.01000
0.00000,0.23000,0.79000,0.00000,0.00000,0.01000,-0.01000,15.19000,38.01000
0.00000,0.23000,0.79000,0.00000,0.00000,0.01000,-0.01000,15.25000,37.94000
0.00000,0.23000,0.79000,0.00000,0.00000,0.01000,-0.01000,15.25000,37.94000
0.00000,0.23000,0.79000,0.00000,0.00000,0.01000,-0.01000,15.32000,37.87000
0.00000,0.23000,0.79000,0.00000,0.00000,0.01000,-0.01000,15.32000,37.87000
0.00000,0.23000,0.79000,0.00000,0.00000,0.01000,-0.01000,15.39000,37.80000
0.00000,0.23000,0.79000,0.00000,0.00000,0.01000,-0.01000,15.39000,37.80000
0.00000,0.23000,0.79000,0.00000,0.00000,0.01000,-0.01000,15.45000,37.74000
0.00000,0.23000,0.79000,0.00000,0.00000,0.01000,-0.01000,15.45000,37.74000
0.00000,0.23000,0.79000,0.00000,0.00000,0.01000,-0.01000,15.52000,37.67000
0.00000,0.23000,0.79000,0.00000,0.00000,0.01000,-0.01000,15.52000,37.67000
0.00000,0.23000,0.79000,0.00000,0.00000,0.01000,-0.01000,15.59000,37.60000
0.00000,0.23000,0.79000,0.00000,0.00000,0.01000,-0.01000,15.59000,37.60000
0.00000,0.23000,0.79000,0.00000,0.00000,0.01000,-0.01000,15.66000,37.53000
0.00000,0.23000,0.79000,0.00000,0.00000,0.01000,-0.01000,15.66000,37.53000
0.00000,0.23000,0.79000,0.00000,0.00000,0.01000,-0.01000,15.72000,37.47000
0.00000,0.23000,0.79000,0.00000,0.00000,0.01000,-0.01000,15.72000,37.47000
0.00000,0.23000,0.79000,0.00000,0.00000,0.01000,-0.01000,15.79000,37.40000
0.00000,0.23000,0.79000,0.00000,0.00000,0.01000,-0.01000,15.79000,37.40000
0.00000,0.23000,0.79000,0.00000,0.00000,0.01000,-0.01000,15.86000,37.33000
0.00000,0.23000,0.79000,0.00000,0.00000,0.01000,-0.01000,15.86000,37.33000
0.00000,0.23000,0.79000,0.00000,0.00000,0.01000,-0.01000,15.92000,37.26000
0.00000,0.23000,0.79000,0.00000,0.00000,0.01000,-0.01000,15.92000,37.26000
0.00000,0.23000,0.79000,0.00000,0.00000,0.01000,-0.01000,15.99000,37.20000
0.00000,0.23000,0.79000,0.00000,0.00000,0.01000,-0.01000,15.99000,37.20000
0.00000,0.23000,0.79000,0.00000,0.00000,0.01000,-0.01000,16.06000,37.13000
0.00000,0.23000,0.79000,0.00000,0.00000,0.01000,-0.01000,16.06000,37.13000
0.00000,0.23000,0.79000,0.00000,0.00000,0.01000,-0.01000,16.12000,37.06000
0.00000,0.23000,0.79000,0.00000,0.00000,0.01000,-0.01000,16.12000,37.06000
0.00000,0.23000,0.79000,0.00000,0.00000,0.01000,-0.01000,16.19000,36.99000
0.00000,0.23000,0.79000,0.00000,0.00000,0.01000,-0.01000,16.19000,36.99000
0.00000,0.23000,0.79000,0.00000,0.00000,0.01000,-0.01000,16.26000,36.93000
0.00000,0.23000,0.79000,0.00000,0.00000,0.01000,-0.01000,16.26000,36.93000
0.00000,0.23000,0.79000,0.00000,0.00000,0.01000,-0.01000,16.32000,36.86000
0.00000,0.23000,0.79000,0.00000,0.00000,0.01000,-0.01000,16.32000,36.86000
0.00000,0.23000,0.79000,0.00000,0.00000,0.01000,-0.01000,16.39000,36.79000
0.00000,0.23000,0.79000,0.00000,0.00000,0.01000,-0.01000,16.39000,36.79000
0.00000,0.23000,0.79000,0.00000,0.00000,0.01000,-0.01000,16.46000,36.72000
0.00000,0.23000,0.79000,0.00000,0.00000,0.01000,-0.01000,16.46000,36.72000
0.00000,0.23000,0.79000,0.00000,0.00000,0.01000,-0.01000,16.53000,36.66000
0.00000,0.23000,0.79000,0.00000,0.00000,0.01000,-0.01000,16.53000,36.66000
0.00000,0.23000,0.79000,0.00000,0.00000,0.01000,-0.01000,16.59000,36.59000
0.00000,0.23000,0.79000,0.00000,0.00000,0.01000,-0.01000,16.59000,36.59000
0.00000,0.23000,0.79000,0.00000,0.00000,0.01000,-0.01000,16.66000,36.52000
0.00000,0.23000,0.79000,0.00000,0.00000,0.01000,-0.01000,16.66000,36.52000
0.00000,0.23000,0.79000,0.00000,0.00000,0.01000,-0.01000,16.73000,36.45000
0.00000,0.23000,0.79000,0.00000,0.00000,0.01000,-0.01000,16.73000,36.45000
0.00000,0.23000,0.79000,0.00000,0.00000,0.01000,-0.01000,16.79000,36.39000
0.00000,0.23000,0.79000,0.00000,0.00000,0.01000,-0.01000,16.79000,36.39000
0.00000,0.23000,0.79000,0.00000,0.00000,0.01000,-0.01000,16.86000,36.32000
0.00000,0.23000,0.79000,0.00000,0.00000,0.01000,-0.01000,16.86000,36.32000
0.00000,0.23000,0.79000,0.00000,0.00000,0.01000,-0.01000,16.93000,36.25000
0.00000,0.23000,0.79000,0.00000,0.00000,0.01000,-0.01000,16.93000,36.25000
0.00000,0.23000,0.79000,0.00000,0.00000,0.01000,-0.01000,16.99000,36.18000
0.00000,0.23000,0.79000,0.00000,0.00000,0.01000,-0.01000,16.99000,36.18000
0.00000,0.23000,0.79000,0.00000,0.00000,0.01000,-0.01000,17.06000,36.12000
0.00000,0.23000,0.79000,0.00000,0.00000,0.01000,-0.01000,17.06000,36.12000
0.00000,0.23000,0.79000,0.00000,0.00000,0.01000,-0.01000,17.13000,36.05000
0.00000,0.23000,0.79000,0.00000,0.00000,0.01000,-0.01000,17.13000,36.05000
0.00000,0.23000,0.79000,0.00000,0.00000,0.01000,-0.01000,17.19000,35.98000
0.00000,0.23000,0.79000,0.00000,0.00000,0.01000,-0.01000,17.19000,35.98000
0.00000,0.23000,0.79000,0.00000,0.00000,0.01000,-0.01000,17.26000,35.91000
0.00000,0.23000,0.79000,0.00000,0.00000,0.01000,-0.01000,17.26000,35.91000
0.00000,0.23000,0.79000,0.00000,0.00000,0.01000,-0.01000,17.33000,35.85000
0.00000,0.23000,0.79000,0.00000,0.00000,0.01000,-0.01000,17.33000,35.85000
0.00000,0.23000,0.79000,0.00000,0.00000,0.01000,-0.01000,17.40000,35.78000
0.00000,0.23000,0.79000,0.00000,0.00000,0.01000,-0.01000,17.40000,35.78000
0.00000,0.23000,0.79000,0.00000,0.00000,0.01000,-0.01000,17.46000,35.71000
0.00000,0.23000,0.79000,0.00000,0.00000,0.01000,-0.01000,17.46000,35.71000
0.00000,0.23000,0.79000,0.00000,0.00000,0.01000,-0.01000,17.53000,35.64000
0.00000,0.23000,0.79000,0.00000,0.00000,0.01000,-0.01000,17.53000,35.64000
0.00000,0.23000,0.79000,0.00000,0.00000,0.01000,-0.01000,17.60000,35.58000
0.00000,0.23000,0.79000,0.00000,0.00000,0.01000,-0.01000,17.60000,35.58000
0.00000,0.23000,0.79000,0.00000,0.00000,0.01000,-0.01000,17.66000,35.51000
0.00000,0.23000,0.79000,0.00000,0.00000,0.01000,-0.01000,17.66000,35.51000
0.00000,0.23000,0.79000,0.00000,0.00000,0.01000,-0.01000,17.73000,35.44000
0.00000,0.23000,0.79000,0.00000,0.00000,0.01000,-0.01000,17.73000,35.44000
0.00000,0.23000,0.79000,0.00000,0.00000,0.01000,-0.01000,17.80000,35.37000
0.00000,0.23000,0.79000,0.00000,0.00000,0.01000,-0.01000,17.80000,35.37000
0.00000,0.23000,0.79000,0.00000,0.00000,0.01000,-0.01000,17.86000,35.31000
0.00000,0.23000,0.79000,0.00000,0.00000,0.01000,-0.01000,17.86000,35.31000
0.00000,0.23000,0.79000,0.00000,0.00000,0.01000,-0.01000,17.93000,35.24000
0.00000,0.23000,0.79000,0.00000,0.00000,0.01000,-0.01000,17.93000,35.24000
0.00000,0.23000,0.79000,0.00000,0.00000,0.01000,-0.01000,18.00000,35.17000
0.00000,0.23000,0.79000,0.00000,0.00000,0.01000,-0.01000,18.00000,35.17000
0.00000,0.23000,0.79000,0.00000,0.00000,0.01000,-0.01000,18.06000,35.10000
0.00000,0.23000,0.79000,0.00000,0.00000,0.01000,-0.01000,18.06000,35.10000
0.00000,0.23000,0.79000,0.00000,0.00000,0.01000,-0.01000,18.13000,35.04000
0.00000,0.23000,0.79000,0.00000,0.00000,0.01000,-0.01000,18.13000,35.04000
0.00000,0.23000,0.79000,0.00000,0.00000,0.01000,-0.01000,18.20000,34.97000
0.00000,0.23000,0.79000,0.00000,0.00000,0.01000,-0.01000,18.20000,34.97000
0.00000,0.23000,0.79000,0.00000,0.00000,0.01000,-0.01000,18.27000,34.90000
0.00000,0.23000,0.79000,0.00000,0.00000,0.01000,-0.01000,18.27000,34.90000
0.00000,0.23000,0.79000,0.00000,0.00000,0.01000,-0.01000,18.33000,34.83000
0.00000,0.23000,0.79000,0.00000,0.00000,0.01000,-0.01000,18.33000,34.83000
0.00000,0.23000,0.79000,0.00000,0.00000,0.01000,-0.01000,18.40000,34.77000
0.00000,0.23000,0.79000,0.00000,0.00000,0.01000,-0.01000,18.40000,34.77000
0.00000,0.23000,0.79000,0.00000,0.00000,0.01000,-0.01000,18.47000,34.70000
0.00000,0.23000,0.79000,0.00000,0.00000,0.01000,-0.01000,18.47000,34.70000
0.00000,0.23000,0.79000,0.00000,0.00000,0.01000,-0.01000,18.53000,34.63000
0.00000,0.23000,0.79000,0.00000,0.00000,0.01000,-0.01000,18.53000,34.63000
0.00000,0.23000,0.79000,0.00000,0.00000,0.01000,-0.01000,18.60000,34.56000
0.00000,0.23000,0.79000,0.00000,0.00000,0.01000,-0.01000,18.60000,34.56000
0.00000,0.23000,0.79000,0.00000,0.00000,0.01000,-0.01000,18.67000,34.50000
0.00000,0.23000,0.79000,0.00000,0.00000,0.01000,-0.01000,18.67000,34.50000
0.00000,0.23000,0.79000,0.00000,0.00000,0.01000,-0.01000,18.73000,34.43000
0.00000,0.23000,0.79000,0.00000,0.00000,0.01000,-0.01000,18.73000,34.43000
0.00000,0.23000,0.79000,0.00000,0.00000,0.01000,-0.01000,18.80000,34.36000
0.00000,0.23000,0.79000,0.00000,0.00000,0.01000,-0.01000,18.80000,34.36000
0.00000,0.23000,0.79000,0.00000,0.00000,0.01000,-0.01000,18.87000,34.29000
0.00000,0.23000,0.79000,0.00000,0.00000,0.01000,-0.01000,18.87000,34.29000
0.00000,0.23000,0.79000,0.00000,0.00000,0.01000,-0.01000,18.93000,34.23000
0.00000,0.23000,0.79000,0.00000,0.00000,0.01000,-0.01000,18.93000,34.23000
0.00000,0.23000,0.79000,0.00000,0.00000,0.01000,-0.01000,19.00000,34.16000
0.00000,0.23000,0.79000,0.00000,0.00000,0.01000,-0.01000,19.00000,34.16000
0.00000,0.23000,0.79000,0.00000,0.00000,0.01000,-0.01000,19.07000,34.09000
0.00000,0.23000,0.79000,0.00000,0.00000,0.01000,-0.01000,19.07000,34.09000
0.00000,0.23000,0.79000,0.00000,0.00000,0.01000,-0.01000,19.14000,34.02000
0.00000,0.23000,0.79000,0.00000,0.00000,0.01000,-0.01000,19.14000,34.02000
0.00000,0.23000,0.79000,0.00000,0.00000,0.01000,-0.01000,19.20000,33.96000
0.00000,0.23000,0.79000,0.00000,0.00000,0.01000,-0.01000,19.20000,33.96000
0.00000,0.23000,0.79000,0.00000,0.00000,0.01000,-0.01000,19.27000,33.89000
0.00000,0.23000,0.79000,0.00000,0.00000,0.01000,-0.01000,19.27000,33.89000
0.00000,0.23000,0.79000,0.00000,0.00000,0.01000,-0.01000,19.34000,33.82000
0.00000,0.23000,0.79000,0.00000,0.00000,0.01000,-0.01000,19.34000,33.82000
0.00000,0.23000,0.79000,0.00000,0.00000,0.01000,-0.01000,19.40000,33.75000
0.00000,0.23000,0.79000,0.00000,0.00000,0.01000,-0.01000,19.40000,33.75000
0.00000,0.23000,0.79000,0.00000,0.00000,0.01000,-0.01000,19.47000,33.69000
0.00000,0.23000,0.79000,0.00000,0.00000,0.01000,-0.01000,19.47000,33.69000
0.00000,0.23000,0.79000,0.00000,0.00000,0.01000,-0.01000,19.54000,33.62000
0.00000,0.23000,0.79000,0.00000,0.00000,0.01000,-0.01000,19.54000,33.62000
0.00000,0.23000,0.79000,0.00000,0.00000,0.01000,-0.01000,19.60000,33.55000
0.00000,0.23000,0.79000,0.00000,0.00000,0.01000,-0.01000,19.60000,33.55000
0.00000,0.23000,0.79000,0.00000,0.00000,0.01000,-0.01000,19.67000,33.48000
0.00000,0.23000,0.79000,0.00000,0.00000,0.01000,-0.01000,19.67000,33.48000
0.00000,0.23000,0.79000,0.00000,0.00000,0.01000,-0.01000,19.74000,33.42000
0.00000,0.23000,0.79000,0.00000,0.00000,0.01000,-0.01000,19.74000,33.42000
0.00000,0.23000,0.79000,0.00000,0.00000,0.01000,-0.01000,19.80000,33.35000
0.00000,0.23000,0.79000,0.00000,0.00000,0.01000,-0.01000,19.80000,33.35000
0.00000,0.23000,0.79000,0.00000,0.00000,0.01000,-0.01000,19.87000,33.28000
0.00000,0.23000,0.79000,0.00000,0.00000,0.01000,-0.01000,19.87000,33.28000
0.00000,0.23000,0.79000,0.00000,0.00000,0.01000,-0.01000,19.94000,33.21000
0.00000,0.23000,0.79000,0.00000,0.00000,0.01000,-0.01000,19.94000,33.21000
0.00000,0.23000,0.79000,0.00000,0.00000,0.01000,-0.01000,20.01000,33.15000
0.00000,0.23000,0.79000,0.00000,0.00000,0.01000,-0.01000,20.01000,33.15000
0.00000,0.23000,0.79000,0.00000,0.00000,0.01000,-0.01000,20.07000,33.08000
0.00000,0.23000,0.79000,0.00000,0.00000,0.01000,-0.01000,20.07000,33.08000
0.00000,0.23000,0.79000,0.00000,0.00000,0.01000,-0.01000,20.14000,33.01000
0.00000,0.23000,0.79000,0.00000,0.00000,0.01000,-0.01000,20.14000,33.01000
0.00000,0.23000,0.79000,0.00000,0.00000,0.01000,-0.01000,20.21000,32.94000
0.00000,0.23000,0.79000,0.00000,0.00000,0.01000,-0.01000,20.21000,32.94000
0.00000,0.23000,0.79000,0.00000,0.00000,0.01000,-0.01000,20.27000,32.88000
0.00000,0.23000,0.79000,0.00000,0.00000,0.01000,-0.01000,20.27000,32.88000
0.00000,0.23000,0.79000,0.00000,0.00000,0.01000,-0.01000,20.34000,32.81000
0.00000,0.23000,0.79000,0.00000,0.00000,0.01000,-0.01000,20.34000,32.81000
0.00000,0.23000,0.79000,0.00000,0.00000,0.01000,-0.01000,20.41000,32.74000
0.00000,0.23000,0.79000,0.00000,0.00000,0.01000,-0.01000,20.41000,32.74000
0.00000,0.23000,0.79000,0.00000,0.00000,0.01000,-0.01000,20.47000,32.67000
0.00000,0.23000,0.79000,0.00000,0.00000,0.01000,-0.01000,20.47000,32.67000
0.00000,0.23000,0.79000,0.00000,0.00000,0.01000,-0.01000,20.54000,32.61000
0.00000,0.23000,0.79000,0.00000,0.00000,0.01000,-0.01000,20.54000,32.61000
0.00000,0.23000,0.79000,0.00000,0.00000,0.01000,-0.01000,20.61000,32.54000
0.00000,0.23000,0.79000,0.00000,0.00000,0.01000,-0.01000,20.61000,32.54000
0.00000,0.23000,0.79000,0.00000,0.00000,0.01000,-0.01000,20.67000,32.47000
0.00000,0.23000,0.79000,0.00000,0.00000,0.01000,-0.01000,20.67000,32.47000
0.00000,0.23000,0.79000,0.00000,0.00000,0.01000,-0.01000,20.74000,32.40000
0.00000,0.23000,0.79000,0.00000,0.00000,0.01000,-0.01000,20.74000,32.40000
0.00000,0.23000,0.79000,0.00000,0.00000,0.01000,-0.01000,20.81000,32.34000
0.00000,0.23000,0.79000,0.00000,0.00000,0.01000,-0.01000,20.81000,32.34000
0.00000,0.23000,0.79000,0.00000,0.00000,0.01000,-0.01000,20.88000,32.27000
0.00000,0.23000,0.79000,0.00000,0.00000,0.01000,-0.01000,20.88000,32.27000
0.00000,0.23000,0.79000,0.00000,0.00000,0.01000,-0.01000,20.94000,32.20000
0.00000,0.23000,0.79000,0.00000,0.00000,0.01000,-0.01000,20.94000,32.20000
0.00000,0.23000,0.79000,0.00000,0.00000,0.01000,-0.01000,21.01000,32.13000
0.00000,0.23000,0.79000,0.00000,0.00000,0.01000,-0.01000,21.01000,32.13000
0.00000,0.23000,0.79000,0.00000,0.00000,0.01000,-0.01000,21.08000,32.07000
0.00000,0.23000,0.79000,0.00000,0.00000,0.01000,-0.01000,21.08000,32.07000
0.00000,0.23000,0.79000,0.00000,0.00000,0.01000,-0.01000,21.14000,32.00000
0.00000,0.23000,0.79000,0.00000,0.00000,0.01000,-0.01000,21.14000,32.00000
0.00000,0.23000,0.79000,0.00000,0.00000,0.01000,-0.01000,21.21000,31.93000
0.00000,0.23000,0.79000,0.00000,0.00000,0.01000,-0.01000,21.21000,31.93000
0.00000,0.23000,0.79000,0.00000,0.00000,0.01000,-0.01000,21.28000,31.86000
0.00000,0.23000,0.79000,0.00000,0.00000,0.01000,-0.01000,21.28000,31.86000
0.00000,0.23000,0.79000,0.00000,0.00000,0.01000,-0.01000,21.34000,31.80000
0.00000,0.23000,0.79000,0.00000,0.00000,0.01000,-0.01000,21.34000,31.80000
0.00000,0.23000,0.79000,0.00000,0.00000,0.01000,-0.01000,21.41000,31.73000
0.00000,0.23000,0.79000,0.00000,0.00000,0.01000,-0.01000,21.41000,31.73000
0.00000,0.23000,0.79000,0.00000,0.00000,0.01000,-0.01000,21.48000,31.66000
0.00000,0.23000,0.79000,0.00000,0.00000,0.01000,-0.01000,21.48000,31.66000
0.00000,0.23000,0.79000,0.00000,0.00000,0.01000,-0.01000,21.54000,31.59000
0.00000,0.23000,0.79000,0.00000,0.00000,0.01000,-0.01000,21.54000,31.59000
0.00000,0.23000,0.79000,0.00000,0.00000,0.01000,-0.01000,21.61000,31.53000
0.00000,0.23000,0.79000,0.00000,0.00000,0.01000,-0.01000,21.61000,31.53000
0.00000,0.23000,0.79000,0.00000,0.00000,0.01000,-0.01000,21.68000,31.46000
0.00000,0.23000,0.79000,0.00000,0.00000,0.01000,-0.01000,21.68000,31.46000
0.00000,0.23000,0.79000,0.00000,0.00000,0.01000,-0.01000,21.75000,31.39000
0.00000,0.23000,0.79000,0.00000,0.00000,0.01000,-0.01000,21.75000,31.39000
0.00000,0.23000,0.79000,0.00000,0.00000,0.01000,-0.01000,21.81000,31.32000
0.00000,0.23000,0.79000,0.00000,0.00000,0.01000,-0.01000,21.81000,31.32000
0.00000,0.23000,0.79000,0.00000,0.00000,0.01000,-0.01000,21.88000,31.26000
0.00000,0.23000,0.79000,0.00000,0.00000,0.01000,-0.01000,21.88000,31.26000
0.00000,0.23000,0.79000,0.00000,0.00000,0.01000,-0.01000,21.95000,31.19000
0.00000,0.23000,0.79000,0.00000,0.00000,0.01000,-0.01000,21.95000,31.19000
0.00000,0.23000,0.79000,0.00000,0.00000,0.01000,-0.01000,22.01000,31.12000
0.00000,0.23000,0.79000,0.00000,0.00000,0.01000,-0.01000,22.01000,31.12000
0.00000,0.23000,0.79000,0.00000,0.00000,0.01000,-0.01000,22.08000,31.05000
0.00000,0.23000,0.79000,0.00000,0.00000,0.01000,-0.01000,22.08000,31.05000
0.00000,0.23000,0.79000,0.00000,0.00000,0.01000,-0.01000,22.15000,30.99000
0.00000,0.23000,0.79000,0.00000,0.00000,0.01000,-0.01000,22.15000,30.99000
0.00000,0.23000,0.79000,0.00000,0.00000,0.01000,-0.01000,22.21000,30.92000
0.00000,0.23000,0.79000,0.00000,0.00000,0.01000,-0.01000,22.21000,30.92000
0.00000,0.23000,0.79000,0.00000,0.00000,0.01000,-0.01000,22.28000,30.85000
0.00000,0.23000,0.79000,0.00000,0.00000,0.01000,-0.01000,22.28000,30.85000
0.00000,0.23000,0.79000,0.00000,0.00000,0.01000,-0.01000,22.35000,30.78000
0.00000,0.23000,0.79000,0.00000,0.00000,0.01000,-0.01000,22.35000,30.78000
0.00000,0.23000,0.79000,0.00000,0.00000,0.01000,-0.01000,22.41000,30.72000
0.00000,0.23000,0.79000,0.00000,0.00000,0.01000,-0.01000,22.41000,30.72000
0.00000,0.23000,0.79000,0.00000,0.00000,0.01000,-0.01000,22.48000,30.65000
0.00000,0.23000,0.79000,0.00000,0.00000,0.01000,-0.01000,22.48000,30.65000
0.00000,0.23000,0.79000,0.00000,0.00000,0.01000,-0.01000,22.55000,30.58000
0.00000,0.23000,0.79000,0.00000,0.00000,0.01000,-0.01000,22.55000,30.58000
0.00000,0.23000,0.79000,0.00000,0.00000,0.01000,-0.01000,22.62000,30.51000
0.00000,0.23000,0.79000,0.00000,0.00000,0.01000,-0.01000,22.62000,30.51000
0.00000,0.23000,0.79000,0.00000,0.00000,0.01000,-0.01000,22.68000,30.45000
0.00000,0.23000,0.79000,0.00000,0.00000,0.01000,-0.01000,22.68000,30.45000
0.00000,0.23000,0.79000,0.00000,0.00000,0.01000,-0.01000,22.75000,30.38000
0.00000,0.23000,0.79000,0.00000,0.00000,0.01000,-0.01000,22.75000,30.38000
0.00000,0.23000,0.79000,0.00000,0.00000,0.01000,-0.01000,22.82000,30.31000
0.00000,0.23000,0.79000,0.00000,0.00000,0.01000,-0.01000,22.82000,30.31000
0.00000,0.23000,0.79000,0.00000,0.00000,0.01000,-0.01000,22.88000,30.24000
0.00000,0.23000,0.79000,0.00000,0.00000,0.01000,-0.01000,22.88000,30.24000
0.00000,0.23000,0.79000,0.00000,0.00000,0.01000,-0.01000,22.95000,30.18000
0.00000,0.23000,0.79000,0.00000,0.00000,0.01000,-0.01000,22.95000,30.18000
0.00000,0.23000,0.79000,0.00000,0.00000,0.01000,-0.01000,23.02000,30.11000
0.00000,0.23000,0.79000,0.00000,0.00000,0.01000,-0.01000,23.02000,30.11000
0.00000,0.23000,0.79000,0.00000,0.00000,0.01000,-0.01000,23.08000,30.04000
0.00000,0.23000,0.79000,0.00000,0.00000,0.01000,-0.01000,23.08000,30.04000
0.00000,0.23000,0.79000,0.00000,0.00000,0.01000,-0.01000,23.15000,29.97000
0.00000,0.23000,0.79000,0.00000,0.00000,0.01000,-0.01000,23.15000,29.97000
0.00000,0.23000,0.79000,0.00000,0.00000,0.01000,-0.01000,23.22000,29.91000
0.00000,0.23000,0.79000,0.00000,0.00000,0.01000,-0.01000,23.22000,29.91000
0.00000,0.23000,0.79000,0.00000,0.00000,0.01000,-0.01000,23.28000,29.84000
0.00000,0.23000,0.79000,0.00000,0.00000,0.01000,-0.01000,23.28000,29.84000
0.00000,0.23000,0.79000,0.00000,0.00000,0.01000,-0.01000,23.35000,29.77000
0.00000,0.23000,0.79000,0.00000,0.00000,0.01000,-0.01000,23.35000,29.77000
0.00000,0.23000,0.79000,0.00000,0.00000,0.01000,-0.01000,23.42000,29.70000
0.00000,0.23000,0.79000,0.00000,0.00000,0.01000,-0.01000,23.42000,29.70000
0.00000,0.23000,0.79000,0.00000,0.00000,0.01000,-0.01000,23.49000,29.64000
0.00000,0.23000,0.79000,0.00000,0.00000,0.01000,-0.01000,23.49000,29.64000
0.00000,0.23000,0.79000,0.00000,0.00000,0.01000,-0.01000,23.55000,29.57000
0.00000,0.23000,0.79000,0.00000,0.00000,0.01000,-0.01000,23.55000,29.57000
0.00000,0.23000,0.79000,0.00000,0.00000,0.01000,-0.01000,23.62000,29.50000
0.00000,0.23000,0.79000,0.00000,0.00000,0.01000,-0.01000,23.62000,29.50000
0.00000,0.23000,0.79000,0.00000,0.00000,0.01000,-0.01000,23.69000,29.43000
0.00000,0.23000,0.79000,0.00000,0.00000,0.01000,-0.01000,23.69000,29.43000
0.00000,0.23000,0.79000,0.00000,0.00000,0.01000,-0.01000,23.75000,29.37000
0.00000,0.23000,0.79000,0.00000,0.00000,0.01000,-0.01000,23.75000,29.37000
0.00000,0.23000,0.79000,0.00000,0.00000,0.01000,-0.01000,23.82000,29.30000
0.00000,0.23000,0.79000,0.00000,0.00000,0.01000,-0.01000,23.82000,29.30000
0.00000,0.23000,0.79000,0.00000,0.00000,0.01000,-0.01000,23.89000,29.23000
0.00000,0.23000,0.79000,0.00000,0.00000,0.01000,-0.01000,23.89000,29.23000
0.00000,0.23000,0.79000,0.00000,0.00000,0.01000,-0.01000,23.95000,29.16000
0.00000,0.23000,0.79000,0.00000,0.00000,0.01000,-0.01000,23.95000,29.16000
0.00000,0.23000,0.79000,0.00000,0.00000,0.01000,-0.01000,24.02000,29.10000
0.00000,0.23000,0.79000,0.00000,0.00000,0.01000,-0.01000,24.02000,29.10000
0.00000,0.23000,0.79000,0.00000,0.00000,0.01000,-0.01000,24.09000,29.03000
0.00000,0.23000,0.79000,0.00000,0.00000,0.01000,-0.01000,24.09000,29.03000
0.00000,0.23000,0.79000,0.00000,0.00000,0.01000,-0.01000,24.15000,28.96000
0.00000,0.23000,0.79000,0.00000,0.00000,0.01000,-0.01000,24.15000,28.96000
0.00000,0.23000,0.79000,0.00000,0.00000,0.01000,-0.01000,24.22000,28.89000
0.00000,0.23000,0.79000,0.00000,0.00000,0.01000,-0.01000,24.22000,28.89000
0.00000,0.23000,0.79000,0.00000,0.00000,0.01000,-0.01000,24.29000,28.83000
0.00000,0.23000,0.79000,0.00000,0.00000,0.01000,-0.01000,24.29000,28.83000
0.00000,0.23000,0.79000,0.00000,0.00000,0.01000,-0.01000,24.36000,28.76000
0.00000,0.23000,0.79000,0.00000,0.00000,0.01000,-0.01000,24.36000,28.76000
0.00000,0.23000,0.79000,0.00000,0.00000,0.01000,-0.01000,24.42000,28.69000
0.00000,0.23000,0.79000,0.00000,0.00000,0.01000,-0.01000,24.42000,28.69000
0.00000,0.23000,0.79000,0.00000,0.00000,0.01000,-0.01000,24.49000,28.62000
0.00000,0.23000,0.79000,0.00000,0.00000,0.01000,-0.01000,24.49000,28.62000
0.00000,0.23000,0.79000,0.00000,0.00000,0.01000,-0.01000,24.56000,28.56000
0.00000,0.23000,0.79000,0.00000,0.00000,0.01000,-0.01000,24.56000,28.56000
0.00000,0.23000,0.79000,0.00000,0.00000,0.01000,-0.01000,24.62000,28.49000
0.00000,0.23000,0.79000,0.00000,0.00000,0.01000,-0.01000,24.62000,28.49000
0.00000,0.23000,0.79000,0.00000,0.00000,0.01000,-0.01000,24.69000,28.42000
0.00000,0.23000,0.79000,0.00000,0.00000,0.01000,-0.01000,24.69000,28.42000
0.00000,0.23000,0.79000,0.00000,0.00000,0.01000,-0.01000,24.76000,28.35000
0.00000,0.23000,0.79000,0.00000,0.00000,0.01000,-0.01000,24.76000,28.35000
0.00000,0.23000,0.79000,0.00000,0.00000,0.01000,-0.01000,24.82000,28.29000
0.00000,0.23000,0.79000,0.00000,0.00000,0.01000,-0.01000,24.82000,28.29000
0.00000,0.23000,0.79000,0.00000,0.00000,0.01000,-0.01000,24.89000,28.22000
0.00000,0.23000,0.79000,0.00000,0.00000,0.01000,-0.01000,24.89000,28.22000
0.00000,0.23000,0.79000,0.00000,0.00000,0.01000,-0.01000,24.96000,28.15000
0.00000,0.23000,0.79000,0.00000,0.00000,0.01000,-0.01000,24.96000,28.15000
0.00000,0.23000,0.79000,0.00000,0.00000,0.01000,-0.01000,25.02000,28.08000
0.00000,0.23000,0.79000,0.00000,0.00000,0.01000,-0.01000,25.02000,28.08000
0.00000,0.23000,0.79000,0.00000,0.00000,0.01000,-0.01000,25.09000,28.02000
0.00000,0.23000,0.79000,0.00000,0.00000,0.01000,-0.01000,25.09000,28.02000
0.00000,0.23000,0.79000,0.00000,0.00000,0.01000,-0.01000,25.16000,27.95000
0.00000,0.23000,0.79000,0.00000,0.00000,0.01000,-0.01000,25.16000,27.95000
0.00000,0.23000,0.79000,0.00000,0.00000,0.01000,-0.01000,25.23000,27.88000
0.00000,0.23000,0.79000,0.00000,0.00000,0.01000,-0.01000,25.23000,27.88000
0.00000,0.23000,0.79000,0.00000,0.00000,0.01000,-0.01000,25.29000,27.81000
0.00000,0.23000,0.79000,0.00000,0.00000,0.01000,-0.01000,25.29000,27.81000
0.00000,0.23000,0.79000,0.00000,0.00000,0.01000,-0.01000,25.36000,27.75000
0.00000,0.23000,0.79000,0.00000,0.00000,0.01000,-0.01000,25.36000,27.75000
0.00000,0.23000,0.79000,0.00000,0.00000,0.01000,-0.01000,25.43000,27.68000
0.00000,0.23000,0.79000,0.00000,0.00000,0.01000,-0.01000,25.43000,27.68000
0.00000,0.23000,0.79000,0.00000,0.00000,0.01000,-0.01000,25.49000,27.61000
0.00000,0.23000,0.79000,0.00000,0.00000,0.01000,-0.01000,25.49000,27.61000
0.00000,0.23000,0.79000,0.00000,0.00000,0.01000,-0.01000,25.56000,27.54000
0.00000,0.23000,0.79000,0.00000,0.00000,0.01000,-0.01000,25.56000,27.54000
0.00000,0.23000,0.79000,0.00000,0.00000,0.01000,-0.01000,25.63000,27.48000
0.00000,0.23000,0.79000,0.00000,0.00000,0.01000,-0.01000,25.63000,27.48000
0.00000,0.23000,0.79000,0.00000,0.00000,0.01000,-0.01000,25.69000,27.41000
0.00000,0.23000,0.79000,0.00000,0.00000,0.01000,-0.01000,25.69000,27.41000
0.00000,0.23000,0.79000,0.00000,0.00000,0.01000,-0.01000,25.76000,27.34000
0.00000,0.23000,0.79000,0.00000,0.00000,0.01000,-0.01000,25.76000,27.34000
0.00000,0.23000,0.79000,0.00000,0.00000,0.01000,-0.01000,25.83000,27.27000
0.00000,0.23000,0.79000,0.00000,0.00000,0.01000,-0.01000,25.83000,27.27000
0.00000,0.23000,0.79000,0.00000,0.00000,0.01000,-0.01000,25.89000,27.21000
0.00000,0.23000,0.79000,0.00000,0.00000,0.01000,-0.01000,25.89000,27.21000
0.00000,0.23000,0.79000,0.00000,0.00000,0.01000,-0.01000,25.96000,27.14000
0.00000,0.23000,0.79000,0.00000,0.00000,0.01000,-0.01000,25.96000,27.14000
0.00000,0.23000,0.79000,0.00000,0.00000,0.01000,-0.01000,26.03000,27.07000
0.00000,0.23000,0.79000,0.00000,0.00000,0.01000,-0.01000,26.03000,27.07000
0.00000,0.23000,0.79000,0.00000,0.00000,0.01000,-0.01000,26.10000,27.00000
0.00000,0.23000,0.79000,0.00000,0.00000,0.01000,-0.01000,26.10000,27.00000
0.00000,0.23000,0.79000,0.00000,0.00000,0.01000,-0.01000,26.16000,26.94000
0.00000,0.23000,0.79000,0.00000,0.00000,0.01000,-0.01000,26.16000,26.94000
0.00000,0.23000,0.79000,0.00000,0.00000,0.01000,-0.01000,26.23000,26.87000
0.00000,0.23000,0.79000,0.00000,0.00000,0.01000,-0.01000,26.23000,26.87000
0.00000,0.23000,0.79000,0.00000,0.00000,0.01000,-0.01000,26.30000,26.80000
0.00000,0.23000,0.79000,0.00000,0.00000,0.01000,-0.01000,26.30000,26.80000
0.00000,0.23000,0.79000,0.00000,0.00000,0.01000,-0.01000,26.36000,26.74000
0.00000,0.23000,0.79000,0.00000,0.00000,0.01000,-0.01000,26.36000,26.74000
0.00000,0.23000,0.79000,0.00000,0.00000,0.01000,-0.01000,26.43000,26.67000
0.00000,0.23000,0.79000,0.00000,0.00000,0.01000,-0.01000,26.43000,26.67000
0.00000,0.23000,0.79000,0.00000,0.00000,0.01000,-0.01000,26.50000,26.60000
0.00000,0.23000,0.79000,0.00000,0.00000,0.01000,-0.01000,26.50000,26.60000
0.00000,0.23000,0.79000,0.00000,0.00000,0.01000,-0.01000,26.56000,26.53000
0.00000,0.23000,0.79000,0.00000,0.00000,0.01000,-0.01000,26.56000,26.53000
0.00000,0.23000,0.79000,0.00000,0.00000,0.01000,-0.01000,26.63000,26.47000
0.00000,0.23000,0.79000,0.00000,0.00000,0.01000,-0.01000,26.63000,26.47000
0.00000,0.23000,0.79000,0.00000,0.00000,0.01000,-0.01000,26.70000,26.40000
0.00000,0.23000,0.79000,0.00000,0.00000,0.01000,-0.01000,26.70000,26.40000
0.00000,0.23000,0.79000,0.00000,0.00000,0.01000,-0.01000,26.76000,26.33000
0.00000,0.23000,0.79000,0.00000,0.00000,0.01000,-0.01000,26.76000,26.33000
0.00000,0.23000,0.79000,0.00000,0.00000,0.01000,-0.01000,26.83000,26.26000
0.00000,0.23000,0.79000,0.00000,0.00000,0.01000,-0.01000,26.83000,26.26000
0.00000,0.23000,0.79000,0.00000,0.00000,0.01000,-0.01000,26.90000,26.20000
0.00000,0.23000,0.79000,0.00000,0.00000,0.01000,-0.01000,26.90000,26.20000
0.00000,0.23000,0.79000,0.00000,0.00000,0.01000,-0.01000,26.97000,26.13000
0.00000,0.23000,0.79000,0.00000,0.00000,0.01000,-0.01000,26.97000,26.13000
0.00000,0.23000,0.79000,0.00000,0.00000,0.01000,-0.01000,27.03000,26.06000
0.00000,0.23000,0.79000,0.00000,0.00000,0.01000,-0.01000,27.03000,26.06000
0.00000,0.23000,0.79000,0.00000,0.00000,0.01000,-0.01000,27.10000,25.99000
0.00000,0.23000,0.79000,0.00000,0.00000,0.01000,-0.01000,27.10000,25.99000
0.00000,0.23000,0.79000,0.00000,0.00000,0.01000,-0.01000,27.17000,25.93000
0.00000,0.23000,0.79000,0.00000,0.00000,0.01000,-0.01000,27.17000,25.93000
0.00000,0.23000,0.79000,0.00000,0.00000,0.01000,-0.01000,27.23000,25.86000
0.00000,0.23000,0.79000,0.00000,0.00000,0.01000,-0.01000,27.23000,25.86000
0.00000,0.23000,0.79000,0.00000,0.00000,0.01000,-0.01000,27.30000,25.79000
0.00000,0.23000,0.79000,0.00000,0.00000,0.01000,-0.01000,27.30000,25.79000
0.00000,0.23000,0.79000,0.00000,0.00000,0.01000,-0.01000,27.37000,25.72000
0.00000,0.23000,0.79000,0.00000,0.00000,0.01000,-0.01000,27.37000,25.72000
0.00000,0.23000,0.79000,0.00000,0.00000,0.01000,-0.01000,27.43000,25.66000
0.00000,0.23000,0.79000,0.00000,0.00000,0.01000,-0.01000,27.43000,25.66000
0.00000,0.23000,0.79000,0.00000,0.00000,0.01000,-0.01000,27.50000,25.59000
0.00000,0.23000,0.79000,0.00000,0.00000,0.01000,-0.01000,27.50000,25.59000
0.00000,0.23000,0.79000,0.00000,0.00000,0.01000,-0.01000,27.57000,25.52000
0.00000,0.23000,0.79000,0.00000,0.00000,0.01000,-0.01000,27.57000,25.52000
0.00000,0.23000,0.79000,0.00000,0.00000,0.01000,-0.01000,27.63000,25.45000
0.00000,0.23000,0.79000,0.00000,0.00000,0.01000,-0.01000,27.63000,25.45000
0.00000,0.23000,0.79000,0.00000,0.00000,0.01000,-0.01000,27.70000,25.39000
0.00000,0.23000,0.79000,0.00000,0.00000,0.01000,-0.01000,27.70000,25.39000
0.00000,0.23000,0.79000,0.00000,0.00000,0.01000,-0.01000,27.77000,25.32000
0.00000,0.23000,0.79000,0.00000,0.00000,0.01000,-0.01000,27.77000,25.32000
0.00000,0.23000,0.79000,0.00000,0.00000,0.01000,-0.01000,27.84000,25.25000
0.00000,0.23000,0.79000,0.00000,0.00000,0.01000,-0.01000,27.84000,25.25000
0.00000,0.23000,0.79000,0.00000,0.00000,0.01000,-0.01000,27.90000,25.18000
0.00000,0.23000,0.79000,0.00000,0.00000,0.01000,-0.01000,27.90000,25.18000
0.00000,0.23000,0.79000,0.00000,0.00000,0.01000,-0.01000,27.97000,25.12000
0.00000,0.23000,0.79000,0.00000,0.00000,0.01000,-0.01000,27.97000,25.12000
0.00000,0.23000,0.79000,0.00000,0.00000,0.01000,-0.01000,28.04000,25.05000
0.00000,0.23000,0.79000,0.00000,0.00000,0.01000,-0.01000,28.04000,25.05000
0.00000,0.23000,0.79000,0.00000,0.00000,0.01000,-0.01000,28.10000,24.98000
0.00000,0.23000,0.79000,0.00000,0.00000,0.01000,-0.01000,28.10000,24.98000
0.00000,0.23000,0.79000,0.00000,0.00000,0.01000,-0.01000,28.17000,24.91000
0.00000,0.23000,0.79000,0.00000,0.00000,0.01000,-0.01000,28.17000,24.91000
0.00000,0.23000,0.79000,0.00000,0.00000,0.01000,-0.01000,28.24000,24.85000
0.00000,0.23000,0.79000,0.00000,0.00000,0.01000,-0.01000,28.24000,24.85000
0.00000,0.23000,0.79000,0.00000,0.00000,0.01000,-0.01000,28.30000,24.78000
0.00000,0.23000,0.79000,0.00000,0.00000,0.01000,-0.01000,28.30000,24.78000
0.00000,0.23000,0.79000,0.00000,0.00000,0.01000,-0.01000,28.37000,24.71000
0.00000,0.23000,0.79000,0.00000,0.00000,0.01000,-0.01000,28.37000,24.71000
0.00000,0.23000,0.79000,0.00000,0.00000,0.01000,-0.01000,28.44000,24.64000
0.00000,0.23000,0.79000,0.00000,0.00000,0.01000,-0.01000,28.44000,24.64000
0.00000,0.23000,0.79000,0.00000,0.00000,0.01000,-0.01000,28.50000,24.58000
0.00000,0.23000,0.79000,0.00000,0.00000,0.01000,-0.01000,28.50000,24.58000
0.00000,0.23000,0.79000,0.00000,0.00000,0.01000,-0.01000,28.57000,24.51000
0.00000,0.23000,0.79000,0.00000,0.00000,0.01000,-0.01000,28.57000,24.51000
0.00000,0.23000,0.79000,0.00000,0.00000,0.01000,-0.01000,28.64000,24.44000
0.00000,0.23000,0.79000,0.00000,0.00000,0.01000,-0.01000,28.64000,24.44000
0.00000,0.23000,0.79000,0.00000,0.00000,0.01000,-0.01000,28.70000,24.37000
0.00000,0.23000,0.79000,0.00000,0.00000,0.01000,-0.01000,28.70000,24.37000
0.00000,0.23000,0.79000,0.00000,0.00000,0.01000,-0.01000,28.77000,24.31000
0.00000,0.23000,0.79000,0.00000,0.00000,0.01000,-0.01000,28.77000,24.31000
0.00000,0.23000,0.79000,0.00000,0.00000,0.01000,-0.01000,28.84000,24.24000
0.00000,0.23000,0.79000,0.00000,0.00000,0.01000,-0.01000,28.84000,24.24000
0.00000,0.23000,0.79000,0.00000,0.00000,0.01000,-0.01000,28.91000,24.17000
0.00000,0.23000,0.79000,0.00000,0.00000,0.01000,-0.01000,28.91000,24.17000
0.00000,0.23000,0.79000,0.00000,0.00000,0.01000,-0.01000,28.97000,24.10000
0.00000,0.23000,0.79000,0.00000,0.00000,0.01000,-0.01000,28.97000,24.10000
0.00000,0.23000,0.79000,0.00000,0.00000,0.01000,-0.01000,29.04000,24.04000
0.00000,0.23000,0.79000,0.00000,0.00000,0.01000,-0.01000,29.04000,24.04000
0.00000,0.23000,0.79000,0.00000,0.00000,0.01000,-0.01000,29.11000,23.97000
0.00000,0.23000,0.79000,0.00000,0.00000,0.01000,-0.01000,29.11000,23.97000
0.00000,0.23000,0.79000,0.00000,0.00000,0.01000,-0.01000,29.17000,23.90000
0.00000,0.23000,0.79000,0.00000,0.00000,0.01000,-0.01000,29.17000,23.90000
0.00000,0.23000,0.79000,0.00000,0.00000,0.01000,-0.01000,29.24000,23.83000
0.00000,0.23000,0.79000,0.00000,0.00000,0.01000,-0.01000,29.24000,23.83000
0.00000,0.23000,0.79000,0.00000,0.00000,0.01000,-0.01000,29.31000,23.77000
0.00000,0.23000,0.79000,0.00000,0.00000,0.01000,-0.01000,29.31000,23.77000
0.00000,0.23000,0.79000,0.00000,0.00000,0.01000,-0.01000,29.37000,23.70000
0.00000,0.23000,0.79000,0.00000,0.00000,0.01000,-0.01000,29.37000,23.70000
0.00000,0.23000,0.79000,0.00000,0.00000,0.01000,-0.01000,29.44000,23.63000
0.00000,0.23000,0.79000,0.00000,0.00000,0.01000,-0.01000,29.44000,23.63000
0.00000,0.23000,0.79000,0.00000,0.00000,0.01000,-0.01000,29.51000,23.56000
0.00000,0.23000,0.79000,0.00000,0.00000,0.01000,-0.01000,29.51000,23.56000
0.00000,0.23000,0.79000,0.00000,0.00000,0.01000,-0.01000,29.57000,23.50000
0.00000,0.23000,0.79000,0.00000,0.00000,0.01000,-0.01000,29.57000,23.50000
0.00000,0.23000,0.79000,0.00000,0.00000,0.01000,-0.01000,29.64000,23.43000
0.00000,0.23000,0.79000,0.00000,0.00000,0.01000,-0.01000,29.64000,23.43000
0.00000,0.23000,0.79000,0.00000,0.00000,0.01000,-0.01000,29.71000,23.36000
0.00000,0.23000,0.79000,0.00000,0.00000,0.01000,-0.01000,29.71000,23.36000
0.00000,0.23000,0.79000,0.00000,0.00000,0.01000,-0.01000,29.78000,23.29000
0.00000,0.23000,0.79000,0.00000,0.00000,0.01000,-0.01000,29.78000,23.29000
0.00000,0.23000,0.79000,0.00000,0.00000,0.01000,-0.01000,29.84000,23.23000
0.00000,0.23000,0.79000,0.00000,0.00000,0.01000,-0.01000,29.84000,23.23000
0.00000,0.23000,0.79000,0.00000,0.00000,0.01000,-0.01000,29.91000,23.16000
0.00000,0.23000,0.79000,0.00000,0.00000,0.01000,-0.01000,29.91000,23.16000
0.00000,0.23000,0.79000,0.00000,0.00000,0.01000,-0.01000,29.98000,23.09000
0.00000,0.23000,0.79000,0.00000,0.00000,0.01000,-0.01000,29.98000,23.09000
0.00000,0.23000,0.79000,0.00000,0.00000,0.01000,-0.01000,30.04000,23.02000
0.00000,0.23000,0.79000,0.00000,0.00000,0.01000,-0.01000,30.04000,23.02000
0.00000,0.23000,0.79000,0.00000,0.00000,0.01000,-0.01000,30.11000,22.96000
0.00000,0.23000,0.79000,0.00000,0.00000,0.01000,-0.01000,30.11000,22.96000
0.00000,0.23000,0.79000,0.00000,0.00000,0.01000,-0.01000,30.18000,22.89000
0.00000,0.23000,0.79000,0.00000,0.00000,0.01000,-0.01000,30.18000,22.89000
0.00000,0.23000,0.79000,0.00000,0.00000,0.01000,-0.01000,30.24000,22.82000
0.00000,0.23000,0.79000,0.00000,0.00000,0.01000,-0.01000,30.24000,22.82000
0.00000,0.23000,0.79000,0.00000,0.00000,0.01000,-0.01000,30.31000,22.75000
0.00000,0.23000,0.79000,0.00000,0.00000,0.01000,-0.01000,30.31000,22.75000
0.00000,0.23000,0.79000,0.00000,0.00000,0.01000,-0.01000,30.38000,22.69000
0.00000,0.23000,0.79000,0.00000,0.00000,0.01000,-0.01000,30.38000,22.69000
0.00000,0.23000,0.79000,0.00000,0.00000,0.01000,-0.01000,30.44000,22.62000
0.00000,0.23000,0.79000,0.00000,0.00000,0.01000,-0.01000,30.44000,22.62000
0.00000,0.23000,0.79000,0.00000,0.00000,0.01000,-0.01000,30.51000,22.55000
0.00000,0.23000,0.79000,0.00000,0.00000,0.01000,-0.01000,30.51000,22.55000
0.00000,0.23000,0.79000,0.00000,0.00000,0.01000,-0.01000,30.58000,22.48000
0.00000,0.23000,0.79000,0.00000,0.00000,0.01000,-0.01000,30.58000,22.48000
0.00000,0.23000,0.79000,0.00000,0.00000,0.01000,-0.01000,30.65000,22.42000
0.00000,0.23000,0.79000,0.00000,0.00000,0.01000,-0.01000,30.65000,22.42000
0.00000,0.23000,0.79000,0.00000,0.00000,0.01000,-0.01000,30.71000,22.35000
0.00000,0.23000,0.79000,0.00000,0.00000,0.01000,-0.01000,30.71000,22.35000
0.00000,0.23000,0.79000,0.00000,0.00000,0.01000,-0.01000,30.78000,22.28000
0.00000,0.23000,0.79000,0.00000,0.00000,0.01000,-0.01000,30.78000,22.28000
0.00000,0.23000,0.79000,0.00000,0.00000,0.01000,-0.01000,30.85000,22.21000
0.00000,0.23000,0.79000,0.00000,0.00000,0.01000,-0.01000,30.85000,22.21000
0.00000,0.23000,0.79000,0.00000,0.00000,0.01000,-0.01000,30.91000,22.15000
0.00000,0.23000,0.79000,0.00000,0.00000,0.01000,-0.01000,30.91000,22.15000
0.00000,0.23000,0.79000,0.00000,0.00000,0.01000,-0.01000,30.98000,22.08000
0.00000,0.23000,0.79000,0.00000,0.00000,0.01000,-0.01000,30.98000,22.08000
0.00000,0.23000,0.79000,0.00000,0.00000,0.01000,-0.01000,31.05000,22.01000
0.00000,0.23000,0.79000,0.00000,0.00000,0.01000,-0.01000,31.05000,22.01000
0.00000,0.23000,0.79000,0.00000,0.00000,0.01000,-0.01000,31.11000,21.94000
0.00000,0.23000,0.79000,0.00000,0.00000,0.01000,-0.01000,31.11000,21.94000
0.00000,0.23000,0.79000,0.00000,0.00000,0.01000,-0.01000,31.18000,21.88000
0.00000,0.23000,0.79000,0.00000,0.00000,0.01000,-0.01000,31.18000,21.88000
0.00000,0.23000,0.79000,0.00000,0.00000,0.01000,-0.01000,31.25000,21.81000
0.00000,0.23000,0.79000,0.00000,0.00000,0.01000,-0.01000,31.25000,21.81000
0.00000,0.23000,0.79000,0.00000,0.00000,0.01000,-0.01000,31.31000,21.74000
0.00000,0.23000,0.79000,0.00000,0.00000,0.01000,-0.01000,31.31000,21.74000
0.00000,0.23000,0.79000,0.00000,0.00000,0.01000,-0.01000,31.38000,21.67000
0.00000,0.23000,0.79000,0.00000,0.00000,0.01000,-0.01000,31.38000,21.67000
0.00000,0.23000,0.79000,0.00000,0.00000,0.01000,-0.01000,31.45000,21.61000
0.00000,0.23000,0.79000,0.00000,0.00000,0.01000,-0.01000,31.45000,21.61000
0.00000,0.23000,0.79000,0.00000,0.00000,0.01000,-0.01000,31.52000,21.54000
0.00000,0.23000,0.79000,0.00000,0.00000,0.01000,-0.01000,31.52000,21.54000
0.00000,0.23000,0.79000,0.00000,0.00000,0.01000,-0.01000,31.58000,21.47000
0.00000,0.23000,0.79000,0.00000,0.00000,0.01000,-0.01000,31.58000,21.47000
0.00000,0.23000,0.79000,0.00000,0.00000,0.01000,-0.01000,31.65000,21.40000
0.00000,0.23000,0.79000,0.00000,0.00000,0.01000,-0.01000,31.65000,21.40000
0.00000,0.23000,0.79000,0.00000,0.00000,0.01000,-0.01000,31.72000,21.34000
0.00000,0.23000,0.79000,0.00000,0.00000,0.01000,-0.01000,31.72000,21.34000
0.00000,0.23000,0.79000,0.00000,0.00000,0.01000,-0.01000,31.78000,21.27000
0.00000,0.23000,0.79000,0.00000,0.00000,0.01000,-0.01000,31.78000,21.27000
0.00000,0.23000,0.79000,0.00000,0.00000,0.01000,-0.01000,31.85000,21.20000
0.00000,0.23000,0.79000,0.00000,0.00000,0.01000,-0.01000,31.85000,21.20000
0.00000,0.23000,0.79000,0.00000,0.00000,0.01000,-0.01000,31.92000,21.13000
0.00000,0.23000,0.79000,0.00000,0.00000,0.01000,-0.01000,31.92000,21.13000
0.00000,0.23000,0.79000,0.00000,0.00000,0.01000,-0.01000,31.98000,21.07000
0.00000,0.23000,0.79000,0.00000,0.00000,0.01000,-0.01000,31.98000,21.07000
0.00000,0.23000,0.79000,0.00000,0.00000,0.01000,-0.01000,32.05000,21.00000
0.00000,0.23000,0.79000,0.00000,0.00000,0.01000,-0.01000,32.05000,21.00000
0.00000,0.23000,0.79000,0.00000,0.00000,0.01000,-0.01000,32.12000,20.93000
0.00000,0.23000,0.79000,0.00000,0.00000,0.01000,-0.01000,32.12000,20.93000
0.00000,0.23000,0.79000,0.00000,0.00000,0.01000,-0.01000,32.18000,20.86000
0.00000,0.23000,0.79000,0.00000,0.00000,0.01000,-0.01000,32.18000,20.86000
0.00000,0.23000,0.79000,0.00000,0.00000,0.01000,-0.01000,32.25000,20.80000
0.00000,0.23000,0.79000,0.00000,0.00000,0.01000,-0.01000,32.25000,20.80000
0.00000,0.23000,0.79000,0.00000,0.00000,0.01000,-0.01000,32.32000,20.73000
0.00000,0.23000,0.79000,0.00000,0.00000,0.01000,-0.01000,32.32000,20.73000
0.00000,0.23000,0.79000,0.00000,0.00000,0.01000,-0.01000,32.39000,20.66000
0.00000,0.23000,0.79000,0.00000,0.00000,0.01000,-0.01000,32.39000,20.66000
0.00000,0.23000,0.79000,0.00000,0.00000,0.01000,-0.01000,32.45000,20.59000
0.00000,0.23000,0.79000,0.00000,0.00000,0.01000,-0.01000,32.45000,20.59000
0.00000,0.23000,0.79000,0.00000,0.00000,0.01000,-0.01000,32.52000,20.53000
0.00000,0.23000,0.79000,0.00000,0.00000,0.01000,-0.01000,32.52000,20.53000
0.00000,0.23000,0.79000,0.00000,0.00000,0.01000,-0.01000,32.59000,20.46000
0.00000,0.23000,0.79000,0.00000,0.00000,0.01000,-0.01000,32.59000,20.46000
0.00000,0.23000,0.79000,0.00000,0.00000,0.01000,-0.01000,32.65000,20.39000
0.00000,0.23000,0.79000,0.00000,0.00000,0.01000,-0.01000,32.65000,20.39000
0.00000,0.23000,0.79000,0.00000,0.00000,0.01000,-0.01000,32.72000,20.32000
0.00000,0.23000,0.79000,0.00000,0.00000,0.01000,-0.01000,32.72000,20.32000
0.00000,0.23000,0.79000,0.00000,0.00000,0.01000,-0.01000,32.79000,20.26000
0.00000,0.23000,0.79000,0.00000,0.00000,0.01000,-0.01000,32.79000,20.26000
0.00000,0.23000,0.79000,0.00000,0.00000,0.01000,-0.01000,32.85000,20.19000
0.00000,0.23000,0.79000,0.00000,0.00000,0.01000,-0.01000,32.85000,20.19000
0.00000,0.23000,0.79000,0.00000,0.00000,0.01000,-0.01000,32.92000,20.12000
0.00000,0.23000,0.79000,0.00000,0.00000,0.01000,-0.01000,32.92000,20.12000
0.00000,0.23000,0.79000,0.00000,0.00000,0.01000,-0.01000,32.99000,20.05000
0.00000,0.23000,0.79000,0.00000,0.00000,0.01000,-0.01000,32.99000,20.05000
0.00000,0.23000,0.79000,0.00000,0.00000,0.01000,-0.01000,33.05000,19.99000
0.00000,0.23000,0.79000,0.00000,0.00000,0.01000,-0.01000,33.05000,19.99000
0.00000,0.23000,0.79000,0.00000,0.00000,0.01000,-0.01000,33.12000,19.92000
0.00000,0.23000,0.79000,0.00000,0.00000,0.01000,-0.01000,33.12000,19.92000
0.00000,0.23000,0.79000,0.00000,0.00000,0.01000,-0.01000,33.19000,19.85000
0.00000,0.23000,0.79000,0.00000,0.00000,0.01000,-0.01000,33.19000,19.85000
0.00000,0.23000,0.79000,0.00000,0.00000,0.01000,-0.01000,33.26000,19.78000
0.00000,0.23000,0.79000,0.00000,0.00000,0.01000,-0.01000,33.26000,19.78000
0.00000,0.23000,0.79000,0.00000,0.00000,0.01000,-0.01000,33.32000,19.72000
0.00000,0.23000,0.79000,0.00000,0.00000,0.01000,-0.01000,33.32000,19.72000
0.00000,0.23000,0.79000,0.00000,0.00000,0.01000,-0.01000,33.39000,19.65000
0.00000,0.23000,0.79000,0.00000,0.00000,0.01000,-0.01000,33.39000,19.65000
0.00000,0.23000,0.79000,0.00000,0.00000,0.01000,-0.01000,33.46000,19.58000
0.00000,0.23000,0.79000,0.00000,0.00000,0.01000,-0.01000,33.46000,19.58000
0.00000,0.23000,0.79000,0.00000,0.00000,0.01000,-0.01000,33.52000,19.51000
0.00000,0.23000,0.79000,0.00000,0.00000,0.01000,-0.01000,33.52000,19.51000
0.00000,0.23000,0.79000,0.00000,0.00000,0.01000,-0.01000,33.59000,19.45000
0.00000,0.23000,0.79000,0.00000,0.00000,0.01000,-0.01000,33.59000,19.45000
0.00000,0.23000,0.79000,0.00000,0.00000,0.01000,-0.01000,33.66000,19.38000
0.00000,0.23000,0.79000,0.00000,0.00000,0.01000,-0.01000,33.66000,19.38000
0.00000,0.23000,0.79000,0.00000,0.00000,0.01000,-0.01000,33.72000,19.31000
0.00000,0.23000,0.79000,0.00000,0.00000,0.01000,-0.01000,33.72000,19.31000
0.00000,0.23000,0.79000,0.00000,0.00000,0.01000,-0.01000,33.79000,19.24000
0.00000,0.23000,0.79000,0.00000,0.00000,0.01000,-0.01000,33.79000,19.24000
0.00000,0.23000,0.79000,0.00000,0.00000,0.01000,-0.01000,33.86000,19.18000
0.00000,0.23000,0.79000,0.00000,0.00000,0.01000,-0.01000,33.86000,19.18000
0.00000,0.23000,0.79000,0.00000,0.00000,0.01000,-0.01000,33.92000,19.11000
0.00000,0.23000,0.79000,0.00000,0.00000,0.01000,-0.01000,33.92000,19.11000
0.00000,0.23000,0.79000,0.00000,0.00000,0.01000,-0.01000,33.99000,19.04000
0.00000,0.23000,0.79000,0.00000,0.00000,0.01000,-0.01000,33.99000,19.04000
0.00000,0.23000,0.79000,0.00000,0.00000,0.01000,-0.01000,34.06000,18.97000
0.00000,0.23000,0.79000,0.00000,0.00000,0.01000,-0.01000,34.06000,18.97000
0.00000,0.23000,0.79000,0.00000,0.00000,0.01000,-0.01000,34.13000,18.91000
0.00000,0.23000,0.79000,0.00000,0.00000,0.01000,-0.01000,34.13000,18.91000
0.00000,0.23000,0.79000,0.00000,0.00000,0.01000,-0.01000,34.19000,18.84000
0.00000,0.23000,0.79000,0.00000,0.00000,0.01000,-0.01000,34.19000,18.84000
0.00000,0.23000,0.79000,0.00000,0.00000,0.01000,-0.01000,34.26000,18.77000
0.00000,0.23000,0.79000,0.00000,0.00000,0.01000,-0.01000,34.26000,18.77000
0.00000,0.23000,0.79000,0.00000,0.00000,0.01000,-0.01000,34.33000,18.70000
0.00000,0.23000,0.79000,0.00000,0.00000,0.01000,-0.01000,34.33000,18.70000
0.00000,0.23000,0.79000,0.00000,0.00000,0.01000,-0.01000,34.39000,18.64000
0.00000,0.23000,0.79000,0.00000,0.00000,0.01000,-0.01000,34.39000,18.64000
0.00000,0.23000,0.79000,0.00000,0.00000,0.01000,-0.01000,34.46000,18.57000
0.00000,0.23000,0.79000,0.00000,0.00000,0.01000,-0.01000,34.46000,18.57000
0.00000,0.23000,0.79000,0.00000,0.00000,0.01000,-0.01000,34.53000,18.50000
0.00000,0.23000,0.79000,0.00000,0.00000,0.01000,-0.01000,34.53000,18.50000
0.00000,0.23000,0.79000,0.00000,0.00000,0.01000,-0.01000,34.59000,18.43000
0.00000,0.23000,0.79000,0.00000,0.00000,0.01000,-0.01000,34.59000,18.43000
0.00000,0.23000,0.79000,0.00000,0.00000,0.01000,-0.01000,34.66000,18.37000
0.00000,0.23000,0.79000,0.00000,0.00000,0.01000,-0.01000,34.66000,18.37000
0.00000,0.23000,0.79000,0.00000,0.00000,0.01000,-0.01000,34.73000,18.30000
0.00000,0.23000,0.79000,0.00000,0.00000,0.01000,-0.01000,34.73000,18.30000
0.00000,0.23000,0.79000,0.00000,0.00000,0.01000,-0.01000,34.79000,18.23000
0.00000,0.23000,0.79000,0.00000,0.00000,0.01000,-0.01000,34.79000,18.23000
0.00000,0.23000,0.79000,0.00000,0.00000,0.01000,-0.01000,34.86000,18.16000
0.00000,0.23000,0.79000,0.00000,0.00000,0.01000,-0.01000,34.86000,18.16000
0.00000,0.23000,0.79000,0.00000,0.00000,0.01000,-0.01000,34.93000,18.10000
0.00000,0.23000,0.79000,0.00000,0.00000,0.01000,-0.01000,34.93000,18.10000
0.00000,0.23000,0.79000,0.00000,0.00000,0.01000,-0.01000,35.00000,18.03000
0.00000,0.23000,0.79000,0.00000,0.00000,0.01000,-0.01000,35.00000,18.03000
0.00000,0.23000,0.79000,0.00000,0.00000,0.01000,-0.01000,35.06000,17.96000
0.00000,0.23000,0.79000,0.00000,0.00000,0.01000,-0.01000,35.06000,17.96000
0.00000,0.23000,0.79000,0.00000,0.00000,0.01000,-0.01000,35.13000,17.89000
0.00000,0.23000,0.79000,0.00000,0.00000,0.01000,-0.01000,35.13000,17.89000
0.00000,0.23000,0.79000,0.00000,0.00000,0.01000,-0.01000,35.20000,17.83000
0.00000,0.23000,0.79000,0.00000,0.00000,0.01000,-0.01000,35.20000,17.83000
0.00000,0.23000,0.79000,0.00000,0.00000,0.01000,-0.01000,35.26000,17.76000
0.00000,0.23000,0.79000,0.00000,0.00000,0.01000,-0.01000,35.26000,17.76000
0.00000,0.23000,0.79000,0.00000,0.00000,0.01000,-0.01000,35.33000,17.69000
0.00000,0.23000,0.79000,0.00000,0.00000,0.01000,-0.01000,35.33000,17.69000
0.00000,0.23000,0.79000,0.00000,0.00000,0.01000,-0.01000,35.40000,17.62000
0.00000,0.23000,0.79000,0.00000,0.00000,0.01000,-0.01000,35.40000,17.62000
0.00000,0.23000,0.79000,0.00000,0.00000,0.01000,-0.01000,35.46000,17.56000
0.00000,0.23000,0.79000,0.00000,0.00000,0.01000,-0.01000,35.46000,17.56000
0.00000,0.23000,0.79000,0.00000,0.00000,0.01000,-0.01000,35.53000,17.49000
0.00000,0.23000,0.79000,0.00000,0.00000,0.01000,-0.01000,35.53000,17.49000
0.00000,0.23000,0.79000,0.00000,0.00000,0.01000,-0.01000,35.60000,17.42000
0.00000,0.23000,0.79000,0.00000,0.00000,0.01000,-0.01000,35.60000,17.42000
0.00000,0.23000,0.79000,0.00000,0.00000,0.01000,-0.01000,35.66000,17.35000
0.00000,0.23000,0.79000,0.00000,0.00000,0.01000,-0.01000,35.66000,17.35000
0.00000,0.23000,0.79000,0.00000,0.00000,0.01000,-0.01000,35.73000,17.29000
0.00000,0.23000,0.79000,0.00000,0.00000,0.01000,-0.01000,35.73000,17.29000
0.00000,0.23000,0.79000,0.00000,0.00000,0.01000,-0.01000,35.80000,17.22000
0.00000,0.23000,0.79000,0.00000,0.00000,0.01000,-0.01000,35.80000,17.22000
0.00000,0.23000,0.79000,0.00000,0.00000,0.01000,-0.01000,35.87000,17.15000
0.00000,0.23000,0.79000,0.00000,0.00000,0.01000,-0.01000,35.87000,17.15000
0.00000,0.23000,0.79000,0.00000,0.00000,0.01000,-0.01000,35.93000,17.08000
0.00000,0.23000,0.79000,0.00000,0.00000,0.01000,-0.01000,35.93000,17.08000
0.00000,0.23000,0.79000,0.00000,0.00000,0.01000,-0.01000,36.00000,17.02000
0.00000,0.23000,0.79000,0.00000,0.00000,0.01000,-0.01000,36.00000,17.02000
0.00000,0.23000,0.79000,0.00000,0.00000,0.01000,-0.01000,36.07000,16.95000
0.00000,0.23000,0.79000,0.00000,0.00000,0.01000,-0.01000,36.07000,16.95000
0.00000,0.23000,0.79000,0.00000,0.00000,0.01000,-0.01000,36.13000,16.88000
0.00000,0.23000,0.79000,0.00000,0.00000,0.01000,-0.01000,36.13000,16.88000
0.00000,0.23000,0.79000,0.00000,0.00000,0.01000,-0.01000,36.20000,16.81000
0.00000,0.23000,0.79000,0.00000,0.00000,0.01000,-0.01000,36.20000,16.81000
0.00000,0.23000,0.79000,0.00000,0.00000,0.01000,-0.01000,36.27000,16.75000
0.00000,0.23000,0.79000,0.00000,0.00000,0.01000,-0.01000,36.27000,16.75000
0.00000,0.23000,0.79000,0.00000,0.00000,0.01000,-0.01000,36.33000,16.68000
0.00000,0.23000,0.79000,0.00000,0.00000,0.01000,-0.01000,36.33000,16.68000
0.00000,0.23000,0.79000,0.00000,0.00000,0.01000,-0.01000,36.40000,16.61000
0.00000,0.23000,0.79000,0.00000,0.00000,0.01000,-0.01000,36.40000,16.61000
0.00000,0.23000,0.79000,0.00000,0.00000,0.01000,-0.01000,36.47000,16.54000
0.00000,0.23000,0.79000,0.00000,0.00000,0.01000,-0.01000,36.47000,16.54000
0.00000,0.23000,0.79000,0.00000,0.00000,0.01000,-0.01000,36.53000,16.48000
0.00000,0.23000,0.79000,0.00000,0.00000,0.01000,-0.01000,36.53000,16.48000
0.00000,0.23000,0.79000,0.00000,0.00000,0.01000,-0.01000,36.60000,16.41000
0.00000,0.23000,0.79000,0.00000,0.00000,0.01000,-0.01000,36.60000,16.41000
0.00000,0.23000,0.79000,0.00000,0.00000,0.01000,-0.01000,36.67000,16.34000
0.00000,0.23000,0.79000,0.00000,0.00000,0.01000,-0.01000,36.67000,16.34000
0.00000,0.23000,0.79000,0.00000,0.00000,0.01000,-0.01000,36.74000,16.28000
0.00000,0.23000,0.79000,0.00000,0.00000,0.01000,-0.01000,36.74000,16.28000
0.00000,0.23000,0.79000,0.00000,0.00000,0.01000,-0.01000,36.80000,16.21000
0.00000,0.23000,0.79000,0.00000,0.00000,0.01000,-0.01000,36.80000,16.21000
0.00000,0.23000,0.79000,0.00000,0.00000,0.01000,-0.01000,36.87000,16.14000
0.00000,0.23000,0.79000,0.00000,0.00000,0.01000,-0.01000,36.87000,16.14000
0.00000,0.23000,0.79000,0.00000,0.00000,0.01000,-0.01000,36.94000,16.07000
0.00000,0.23000,0.79000,0.00000,0.00000,0.01000,-0.01000,36.94000,16.07000
0.00000,0.23000,0.79000,0.00000,0.00000,0.01000,-0.01000,37.00000,16.01000
0.00000,0.23000,0.79000,0.00000,0.00000,0.01000,-0.01000,37.00000,16.01000
0.00000,0.23000,0.79000,0.00000,0.00000,0.01000,-0.01000,37.07000,15.94000
0.00000,0.23000,0.79000,0.00000,0.00000,0.01000,-0.01000,37.07000,15.94000
0.00000,0.23000,0.79000,0.00000,0.00000,0.01000,-0.01000,37.14000,15.87000
0.00000,0.23000,0.79000,0.00000,0.00000,0.01000,-0.01000,37.14000,15.87000
0.00000,0.23000,0.79000,0.00000,0.00000,0.01000,-0.01000,37.20000,15.80000
0.00000,0.23000,0.79000,0.00000,0.00000,0.01000,-0.01000,37.20000,15.80000
0.00000,0.23000,0.79000,0.00000,0.00000,0.01000,-0.01000,37.27000,15.74000
0.00000,0.23000,0.79000,0.00000,0.00000,0.01000,-0.01000,37.27000,15.74000
0.00000,0.23000,0.79000,0.00000,0.00000,0.01000,-0.01000,37.34000,15.67000
0.00000,0.23000,0.79000,0.00000,0.00000,0.01000,-0.01000,37.34000,15.67000
0.00000,0.23000,0.79000,0.00000,0.00000,0.01000,-0.01000,37.40000,15.60000
0.00000,0.23000,0.79000,0.00000,0.00000,0.01000,-0.01000,37.40000,15.60000
0.00000,0.23000,0.79000,0.00000,0.00000,0.01000,-0.01000,37.47000,15.53000
0.00000,0.23000,0.79000,0.00000,0.00000,0.01000,-0.01000,37.47000,15.53000
0.00000,0.23000,0.79000,0.00000,0.00000,0.01000,-0.01000,37.54000,15.47000
0.00000,0.23000,0.79000,0.00000,0.00000,0.01000,-0.01000,37.54000,15.47000
0.00000,0.23000,0.79000,0.00000,0.00000,0.01000,-0.01000,37.61000,15.40000
0.00000,0.23000,0.79000,0.00000,0.00000,0.01000,-0.01000,37.61000,15.40000
0.00000,0.23000,0.79000,0.00000,0.00000,0.01000,-0.01000,37.67000,15.33000
0.00000,0.23000,0.79000,0.00000,0.00000,0.01000,-0.01000,37.67000,15.33000
0.00000,0.23000,0.79000,0.00000,0.00000,0.01000,-0.01000,37.74000,15.26000
0.00000,0.23000,0.79000,0.00000,0.00000,0.01000,-0.01000,37.74000,15.26000
0.00000,0.23000,0.79000,0.00000,0.00000,0.01000,-0.01000,37.81000,15.20000
0.00000,0.23000,0.79000,0.00000,0.00000,0.01000,-0.01000,37.81000,15.20000
0.00000,0.23000,0.79000,0.00000,0.00000,0.01000,-0.01000,37.87000,15.13000
0.00000,0.23000,0.79000,0.00000,0.00000,0.01000,-0.01000,37.87000,15.13000
0.00000,0.23000,0.79000,0.00000,0.00000,0.01000,-0.01000,37.94000,15.06000
0.00000,0.23000,0.79000,0.00000,0.00000,0.01000,-0.01000,37.94000,15.06000
0.00000,0.23000,0.79000,0.00000,0.00000,0.01000,-0.01000,38.01000,14.99000
0.00000,0.23000,0.79000,0.00000,0.00000,0.01000,-0.01000,38.01000,14.99000
0.00000,0.23000,0.79000,0.00000,0.00000,0.01000,-0.01000,38.07000,14.93000
0.00000,0.23000,0.79000,0.00000,0.00000,0.01000,-0.01000,38.07000,14.93000
0.00000,0.23000,0.79000,0.00000,0.00000,0.01000,-0.01000,38.14000,14.86000
0.00000,0.23000,0.79000,0.00000,0.00000,0.01000,-0.01000,38.14000,14.86000
0.00000,0.23000,0.79000,0.00000,0.00000,0.01000,-0.01000,38.21000,14.79000
0.00000,0.23000,0.79000,0.00000,0.00000,0.01000,-0.01000,38.21000,14.79000
0.00000,0.23000,0.79000,0.00000,0.00000,0.01000,-0.01000,38.27000,14.72000
0.00000,0.23000,0.79000,0.00000,0.00000,0.01000,-0.01000,38.27000,14.72000
0.00000,0.23000,0.79000,0.00000,0.00000,0.01000,-0.01000,38.34000,14.66000
0.00000,0.23000,0.79000,0.00000,0.00000,0.01000,-0.01000,38.34000,14.66000
0.00000,0.23000,0.79000,0.00000,0.00000,0.01000,-0.01000,38.41000,14.59000
0.00000,0.23000,0.79000,0.00000,0.00000,0.01000,-0.01000,38.41000,14.59000
0.00000,0.23000,0.79000,0.00000,0.00000,0.01000,-0.01000,38.48000,14.52000
0.00000,0.23000,0.79000,0.00000,0.00000,0.01000,-0.01000,38.48000,14.52000
0.00000,0.23000,0.79000,0.00000,0.00000,0.01000,-0.01000,38.54000,14.45000
0.00000,0.23000,0.79000,0.00000,0.00000,0.01000,-0.01000,38.54000,14.45000
0.00000,0.23000,0.79000,0.00000,0.00000,0.01000,-0.01000,38.61000,14.39000
0.00000,0.23000,0.79000,0.00000,0.00000,0.01000,-0.01000,38.61000,14.39000
0.00000,0.23000,0.79000,0.00000,0.00000,0.01000,-0.01000,38.68000,14.32000
0.00000,0.23000,0.79000,0.00000,0.00000,0.01000,-0.01000,38.68000,14.32000
0.00000,0.23000,0.79000,0.00000,0.00000,0.01000,-0.01000,38.74000,14.25000
0.00000,0.23000,0.79000,0.00000,0.00000,0.01000,-0.01000,38.74000,14.25000
0.00000,0.23000,0.79000,0.00000,0.00000,0.01000,-0.01000,38.81000,14.18000
0.00000,0.23000,0.79000,0.00000,0.00000,0.01000,-0.01000,38.81000,14.18000
0.00000,0.23000,0.79000,0.00000,0.00000,0.01000,-0.01000,38.88000,14.12000
0.00000,0.23000,0.79000,0.00000,0.00000,0.01000,-0.01000,38.88000,14.12000
0.00000,0.23000,0.79000,0.00000,0.00000,0.01000,-0.01000,38.94000,14.05000
0.00000,0.23000,0.79000,0.00000,0.00000,0.01000,-0.01000,38.94000,14.05000
0.00000,0.23000,0.79000,0.00000,0.00000,0.01000,-0.01000,39.01000,13.98000
0.00000,0.23000,0.79000,0.00000,0.00000,0.01000,-0.01000,39.01000,13.98000
0.00000,0.23000,0.79000,0.00000,0.00000,0.01000,-0.01000,39.08000,13.91000
0.00000,0.23000,0.79000,0.00000,0.00000,0.01000,-0.01000,39.08000,13.91000
0.00000,0.23000,0.79000,0.00000,0.00000,0.01000,-0.01000,39.14000,13.85000
0.00000,0.23000,0.79000,0.00000,0.00000,0.01000,-0.01000,39.14000,13.85000
0.00000,0.23000,0.79000,0.00000,0.00000,0.01000,-0.01000,39.21000,13.78000
0.00000,0.23000,0.79000,0.00000,0.00000,0.01000,-0.01000,39.21000,13.78000
0.00000,0.23000,0.79000,0.00000,0.00000,0.01000,-0.01000,39.28000,13.71000
0.00000,0.23000,0.79000,0.00000,0.00000,0.01000,-0.01000,39.28000,13.71000
0.00000,0.23000,0.79000,0.00000,0.00000,0.01000,-0.01000,39.35000,13.64000
0.00000,0.23000,0.79000,0.00000,0.00000,0.01000,-0.01000,39.35000,13.64000
0.00000,0.23000,0.79000,0.00000,0.00000,0.01000,-0.01000,39.41000,13.58000
0.00000,0.23000,0.79000,0.00000,0.00000,0.01000,-0.01000,39.41000,13.58000
0.00000,0.23000,0.79000,0.00000,0.00000,0.01000,-0.01000,39.48000,13.51000
0.00000,0.23000,0.79000,0.00000,0.00000,0.01000,-0.01000,39.48000,13.51000
0.00000,0.23000,0.79000,0.00000,0.00000,0.01000,-0.01000,39.55000,13.44000
0.00000,0.23000,0.79000,0.00000,0.00000,0.01000,-0.01000,39.55000,13.44000
0.00000,0.23000,0.79000,0.00000,0.00000,0.01000,-0.01000,39.61000,13.37000
0.00000,0.23000,0.79000,0.00000,0.00000,0.01000,-0.01000,39.61000,13.37000
0.00000,0.23000,0.79000,0.00000,0.00000,0.01000,-0.01000,39.68000,13.31000
0.00000,0.23000,0.79000,0.00000,0.00000,0.01000,-0.01000,39.68000,13.31000
0.00000,0.23000,0.79000,0.00000,0.00000,0.01000,-0.01000,39.75000,13.24000
0.00000,0.23000,0.79000,0.00000,0.00000,0.01000,-0.01000,39.75000,13.24000
0.00000,0.23000,0.79000,0.00000,0.00000,0.01000,-0.01000,39.81000,13.17000
0.00000,0.23000,0.79000,0.00000,0.00000,0.01000,-0.01000,39.81000,13.17000
0.00000,0.23000,0.79000,0.00000,0.00000,0.01000,-0.01000,39.88000,13.10000
0.00000,0.23000,0.79000,0.00000,0.00000,0.01000,-0.01000,39.88000,13.10000
0.00000,0.23000,0.79000,0.00000,0.00000,0.01000,-0.01000,39.95000,13.04000
0.00000,0.23000,0.79000,0.00000,0.00000,0.01000,-0.01000,39.95000,13.04000
0.00000,0.23000,0.79000,0.00000,0.00000,0.01000,-0.01000,40.01000,12.97000
0.00000,0.23000,0.79000,0.00000,0.00000,0.01000,-0.01000,40.01000,12.97000
0.00000,0.23000,0.79000,0.00000,0.00000,0.01000,-0.01000,40.08000,12.90000
0.00000,0.23000,0.79000,0.00000,0.00000,0.01000,-0.01000,40.08000,12.90000
0.00000,0.23000,0.79000,0.00000,0.00000,0.01000,-0.01000,40.15000,12.83000
0.00000,0.23000,0.79000,0.00000,0.00000,0.01000,-0.01000,40.15000,12.83000
0.00000,0.23000,0.79000,0.00000,0.00000,0.01000,-0.01000,40.22000,12.77000
0.00000,0.23000,0.79000,0.00000,0.00000,0.01000,-0.01000,40.22000,12.77000
0.00000,0.23000,0.79000,0.00000,0.00000,0.01000,-0.01000,40.28000,12.70000
0.00000,0.23000,0.79000,0.00000,0.00000,0.01000,-0.01000,40.28000,12.70000
0.00000,0.23000,0.79000,0.00000,0.00000,0.01000,-0.01000,40.35000,12.63000
0.00000,0.23000,0.79000,0.00000,0.00000,0.01000,-0.01000,40.35000,12.63000
0.00000,0.23000,0.79000,0.00000,0.00000,0.01000,-0.01000,40.42000,12.56000
0.00000,0.23000,0.79000,0.00000,0.00000,0.01000,-0.01000,40.42000,12.56000
0.00000,0.23000,0.79000,0.00000,0.00000,0.01000,-0.01000,40.48000,12.50000
0.00000,0.23000,0.79000,0.00000,0.00000,0.01000,-0.01000,40.48000,12.50000
0.00000,0.23000,0.79000,0.00000,0.00000,0.01000,-0.01000,40.55000,12.43000
0.00000,0.23000,0.79000,0.00000,0.00000,0.01000,-0.01000,40.55000,12.43000
0.00000,0.23000,0.79000,0.00000,0.00000,0.01000,-0.01000,40.62000,12.36000
0.00000,0.23000,0.79000,0.00000,0.00000,0.01000,-0.01000,40.62000,12.36000
0.00000,0.23000,0.79000,0.00000,0.00000,0.01000,-0.01000,40.68000,12.29000
0.00000,0.23000,0.79000,0.00000,0.00000,0.01000,-0.01000,40.68000,12.29000
0.00000,0.23000,0.79000,0.00000,0.00000,0.01000,-0.01000,40.75000,12.23000
0.00000,0.23000,0.79000,0.00000,0.00000,0.01000,-0.01000,40.75000,12.23000
0.00000,0.23000,0.79000,0.00000,0.00000,0.01000,-0.01000,40.82000,12.16000
0.00000,0.23000,0.79000,0.00000,0.00000,0.01000,-0.01000,40.82000,12.16000
0.00000,0.23000,0.79000,0.00000,0.00000,0.01000,-0.01000,40.88000,12.09000
0.00000,0.23000,0.79000,0.00000,0.00000,0.01000,-0.01000,40.88000,12.09000
0.00000,0.23000,0.79000,0.00000,0.00000,0.01000,-0.01000,40.95000,12.02000
0.00000,0.23000,0.79000,0.00000,0.00000,0.01000,-0.01000,40.95000,12.02000
0.00000,0.23000,0.79000,0.00000,0.00000,0.01000,-0.01000,41.02000,11.96000
0.00000,0.23000,0.79000,0.00000,0.00000,0.01000,-0.01000,41.02000,11.96000
0.00000,0.23000,0.79000,0.00000,0.00000,0.01000,-0.01000,41.09000,11.89000
0.00000,0.23000,0.79000,0.00000,0.00000,0.01000,-0.01000,41.09000,11.89000
0.00000,0.23000,0.79000,0.00000,0.00000,0.01000,-0.01000,41.15000,11.82000
0.00000,0.23000,0.79000,0.00000,0.00000,0.01000,-0.01000,41.15000,11.82000
0.00000,0.23000,0.79000,0.00000,0.00000,0.01000,-0.01000,41.22000,11.75000
0.00000,0.23000,0.79000,0.00000,0.00000,0.01000,-0.01000,41.22000,11.75000
0.00000,0.23000,0.79000,0.00000,0.00000,0.01000,-0.01000,41.29000,11.69000
0.00000,0.23000,0.79000,0.00000,0.00000,0.01000,-0.01000,41.29000,11.69000
0.00000,0.23000,0.79000,0.00000,0.00000,0.01000,-0.01000,41.35000,11.62000
0.00000,0.23000,0.79000,0.00000,0.00000,0.01000,-0.01000,41.35000,11.62000
0.00000,0.23000,0.79000,0.00000,0.00000,0.01000,-0.01000,41.42000,11.55000
0.00000,0.23000,0.79000,0.00000,0.00000,0.01000,-0.01000,41.42000,11.55000
0.00000,0.23000,0.79000,0.00000,0.00000,0.01000,-0.01000,41.49000,11.48000
0.00000,0.23000,0.79000,0.00000,0.00000,0.01000,-0.01000,41.49000,11.48000
0.00000,0.23000,0.79000,0.00000,0.00000,0.01000,-0.01000,41.55000,11.42000
0.00000,0.23000,0.79000,0.00000,0.00000,0.01000,-0.01000,41.55000,11.42000
0.00000,0.23000,0.79000,0.00000,0.00000,0.01000,-0.01000,41.62000,11.35000
0.00000,0.23000,0.79000,0.00000,0.00000,0.01000,-0.01000,41.62000,11.35000
0.00000,0.23000,0.79000,0.00000,0.00000,0.01000,-0.01000,41.69000,11.28000
0.00000,0.23000,0.79000,0.00000,0.00000,0.01000,-0.01000,41.69000,11.28000
0.00000,0.23000,0.79000,0.00000,0.00000,0.01000,-0.01000,41.75000,11.21000
0.00000,0.23000,0.79000,0.00000,0.00000,0.01000,-0.01000,41.75000,11.21000
0.00000,0.23000,0.79000,0.00000,0.00000,0.01000,-0.01000,41.82000,11.15000
0.00000,0.23000,0.79000,0.00000,0.00000,0.01000,-0.01000,41.82000,11.15000
0.00000,0.23000,0.79000,0.00000,0.00000,0.01000,-0.01000,41.89000,11.08000
0.00000,0.23000,0.79000,0.00000,0.00000,0.01000,-0.01000,41.89000,11.08000
0.00000,0.23000,0.79000,0.00000,0.00000,0.01000,-0.01000,41.96000,11.01000
0.00000,0.23000,0.79000,0.00000,0.00000,0.01000,-0.01000,41.96000,11.01000
0.00000,0.23000,0.79000,0.00000,0.00000,0.01000,-0.01000,42.02000,10.94000
0.00000,0.23000,0.79000,0.00000,0.00000,0.01000,-0.01000,42.02000,10.94000
0.00000,0.23000,0.79000,0.00000,0.00000,0.01000,-0.01000,42.09000,10.88000
0.00000,0.23000,0.79000,0.00000,0.00000,0.01000,-0.01000,42.09000,10.88000
0.00000,0.23000,0.79000,0.00000,0.00000,0.01000,-0.01000,42.16000,10.81000
0.00000,0.23000,0.79000,0.00000,0.00000,0.01000,-0.01000,42.16000,10.81000
0.00000,0.23000,0.79000,0.00000,0.00000,0.01000,-0.01000,42.22000,10.74000
0.00000,0.23000,0.79000,0.00000,0.00000,0.01000,-0.01000,42.22000,10.74000
0.00000,0.23000,0.79000,0.00000,0.00000,0.01000,-0.01000,42.29000,10.67000
0.00000,0.23000,0.79000,0.00000,0.00000,0.01000,-0.01000,42.29000,10.67000
0.00000,0.23000,0.79000,0.00000,0.00000,0.01000,-0.01000,42.36000,10.61000
0.00000,0.23000,0.79000,0.00000,0.00000,0.01000,-0.01000,42.36000,10.61000
0.00000,0.23000,0.79000,0.00000,0.00000,0.01000,-0.01000,42.42000,10.54000
0.00000,0.23000,0.79000,0.00000,0.00000,0.01000,-0.01000,42.42000,10.54000
0.00000,0.23000,0.79000,0.00000,0.00000,0.01000,-0.01000,42.49000,10.47000
0.00000,0.23000,0.79000,0.00000,0.00000,0.01000,-0.01000,42.49000,10.47000
0.00000,0.23000,0.79000,0.00000,0.00000,0.01000,-0.01000,42.56000,10.40000
0.00000,0.23000,0.79000,0.00000,0.00000,0.01000,-0.01000,42.56000,10.40000
0.00000,0.23000,0.79000,0.00000,0.00000,0.01000,-0.01000,42.62000,10.34000
0.00000,0.23000,0.79000,0.00000,0.00000,0.01000,-0.01000,42.62000,10.34000
0.00000,0.23000,0.79000,0.00000,0.00000,0.01000,-0.01000,42.69000,10.27000
0.00000,0.23000,0.79000,0.00000,0.00000,0.01000,-0.01000,42.69000,10.27000
0.00000,0.23000,0.79000,0.00000,0.00000,0.01000,-0.01000,42.76000,10.20000
0.00000,0.23000,0.79000,0.00000,0.00000,0.01000,-0.01000,42.76000,10.20000
0.00000,0.23000,0.79000,0.00000,0.00000,0.01000,-0.01000,42.83000,10.13000
0.00000,0.23000,0.79000,0.00000,0.00000,0.01000,-0.01000,42.83000,10.13000
0.00000,0.23000,0.79000,0.00000,0.00000,0.01000,-0.01000,42.89000,10.07000
0.00000,0.23000,0.79000,0.00000,0.00000,0.01000,-0.01000,42.89000,10.07000
0.00000,0.23000,0.79000,0.00000,0.00000,0.01000,-0.01000,42.96000,10.00000
0.00000,0.23000,0.79000,0.00000,0.00000,0.01000,-0.01000,42.96000,10.00000
0.00000,0.23000,0.79000,0.00000,0.00000,0.01000,-0.01000,43.03000,9.93000
0.00000,0.23000,0.79000,0.00000,0.00000,0.01000,-0.01000,43.03000,9.93000
0.00000,0.23000,0.79000,0.00000,0.00000,0.01000,-0.01000,43.09000,9.86000
0.00000,0.23000,0.79000,0.00000,0.00000,0.01000,-0.01000,43.09000,9.86000
0.00000,0.23000,0.79000,0.00000,0.00000,0.01000,-0.01000,43.16000,9.80000
0.00000,0.23000,0.79000,0.00000,0.00000,0.01000,-0.01000,43.16000,9.80000
0.00000,0.23000,0.79000,0.00000,0.00000,0.01000,-0.01000,43.23000,9.73000
0.00000,0.23000,0.79000,0.00000,0.00000,0.01000,-0.01000,43.23000,9.73000
0.00000,0.23000,0.79000,0.00000,0.00000,0.01000,-0.01000,43.29000,9.66000
0.00000,0.23000,0.79000,0.00000,0.00000,0.01000,-0.01000,43.29000,9.66000
0.00000,0.23000,0.79000,0.00000,0.00000,0.01000,-0.01000,43.36000,9.59000
0.00000,0.23000,0.79000,0.00000,0.00000,0.01000,-0.01000,43.36000,9.59000
0.00000,0.23000,0.79000,0.00000,0.00000,0.01000,-0.01000,43.43000,9.53000
0.00000,0.23000,0.79000,0.00000,0.00000,0.01000,-0.01000,43.43000,9.53000
0.00000,0.23000,0.79000,0.00000,0.00000,0.01000,-0.01000,43.49000,9.46000
0.00000,0.23000,0.79000,0.00000,0.00000,0.01000,-0.01000,43.49000,9.46000
0.00000,0.23000,0.79000,0.00000,0.00000,0.01000,-0.01000,43.56000,9.39000
0.00000,0.23000,0.79000,0.00000,0.00000,0.01000,-0.01000,43.56000,9.39000
0.00000,0.23000,0.79000,0.00000,0.00000,0.01000,-0.01000,43.63000,9.32000
0.00000,0.23000,0.79000,0.00000,0.00000,0.01000,-0.01000,43.63000,9.32000
0.00000,0.23000,0.79000,0.00000,0.00000,0.01000,-0.01000,43.70000,9.26000
0.00000,0.23000,0.79000,0.00000,0.00000,0.01000,-0.01000,43.70000,9.26000
0.00000,0.23000,0.79000,0.00000,0.00000,0.01000,-0.01000,43.76000,9.19000
0.00000,0.23000,0.79000,0.00000,0.00000,0.01000,-0.01000,43.76000,9.19000
0.00000,0.23000,0.79000,0.00000,0.00000,0.01000,-0.01000,43.83000,9.12000
0.00000,0.23000,0.79000,0.00000,0.00000,0.01000,-0.01000,43.83000,9.12000
0.00000,0.23000,0.79000,0.00000,0.00000,0.01000,-0.01000,43.90000,9.05000
0.00000,0.23000,0.79000,0.00000,0.00000,0.01000,-0.01000,43.90000,9.05000
0.00000,0.23000,0.79000,0.00000,0.00000,0.01000,-0.01000,43.96000,8.99000
0.00000,0.23000,0.79000,0.00000,0.00000,0.01000,-0.01000,43.96000,8.99000
0.00000,0.23000,0.79000,0.00000,0.00000,0.01000,-0.01000,44.03000,8.92000
0.00000,0.23000,0.79000,0.00000,0.00000,0.01000,-0.01000,44.03000,8.92000
0.00000,0.23000,0.79000,0.00000,0.00000,0.01000,-0.01000,44.10000,8.85000
0.00000,0.23000,0.79000,0.00000,0.00000,0.01000,-0.01000,44.10000,8.85000
0.00000,0.23000,0.79000,0.00000,0.00000,0.01000,-0.01000,44.16000,8.78000
0.00000,0.23000,0.79000,0.00000,0.00000,0.01000,-0.01000,44.16000,8.78000
0.00000,0.23000,0.79000,0.00000,0.00000,0.01000,-0.01000,44.23000,8.72000
0.00000,0.23000,0.79000,0.00000,0.00000,0.01000,-0.01000,44.23000,8.72000
0.00000,0.23000,0.79000,0.00000,0.00000,0.01000,-0.01000,44.30000,8.65000
0.00000,0.23000,0.79000,0.00000,0.00000,0.01000,-0.01000,44.30000,8.65000
0.00000,0.23000,0.79000,0.00000,0.00000,0.01000,-0.01000,44.36000,8.58000
0.00000,0.23000,0.79000,0.00000,0.00000,0.01000,-0.01000,44.36000,8.58000
0.00000,0.23000,0.79000,0.00000,0.00000,0.01000,-0.01000,44.43000,8.51000
0.00000,0.23000,0.79000,0.00000,0.00000,0.01000,-0.01000,44.43000,8.51000
0.00000,0.23000,0.79000,0.00000,0.00000,0.01000,-0.01000,44.50000,8.45000
0.00000,0.23000,0.79000,0.00000,0.00000,0.01000,-0.01000,44.50000,8.45000
0.00000,0.23000,0.79000,0.00000,0.00000,0.01000,-0.01000,44.57000,8.38000
0.00000,0.23000,0.79000,0.00000,0.00000,0.01000,-0.01000,44.57000,8.38000
0.00000,0.23000,0.79000,0.00000,0.00000,0.01000,-0.01000,44.63000,8.31000
0.00000,0.23000,0.79000,0.00000,0.00000,0.01000,-0.01000,44.63000,8.31000
0.00000,0.23000,0.79000,0.00000,0.00000,0.01000,-0.01000,44.70000,8.24000
0.00000,0.23000,0.79000,0.00000,0.00000,0.01000,-0.01000,44.70000,8.24000
0.00000,0.23000,0.79000,0.00000,0.00000,0.01000,-0.01000,44.77000,8.18000
0.00000,0.23000,0.79000,0.00000,0.00000,0.01000,-0.01000,44.77000,8.18000
0.00000,0.23000,0.79000,0.00000,0.00000,0.01000,-0.01000,44.83000,8.11000
0.00000,0.23000,0.79000,0.00000,0.00000,0.01000,-0.01000,44.83000,8.11000
0.00000,0.23000,0.79000,0.00000,0.00000,0.01000,-0.01000,44.90000,8.04000
0.00000,0.23000,0.79000,0.00000,0.00000,0.01000,-0.01000,44.90000,8.04000
0.00000,0.23000,0.79000,0.00000,0.00000,0.01000,-0.01000,44.97000,7.97000
0.00000,0.23000,0.79000,0.00000,0.00000,0.01000,-0.01000,44.97000,7.97000
0.00000,0.23000,0.79000,0.00000,0.00000,0.01000,-0.01000,45.03000,7.91000
0.00000,0.23000,0.79000,0.00000,0.00000,0.01000,-0.01000,45.03000,7.91000
0.00000,0.23000,0.79000,0.00000,0.00000,0.01000,-0.01000,45.10000,7.84000
0.00000,0.23000,0.79000,0.00000,0.00000,0.01000,-0.01000,45.10000,7.84000
0.00000,0.23000,0.79000,0.00000,0.00000,0.01000,-0.01000,45.17000,7.77000
0.00000,0.23000,0.79000,0.00000,0.00000,0.01000,-0.01000,45.17000,7.77000
0.00000,0.23000,0.79000,0.00000,0.00000,0.01000,-0.01000,45.23000,7.70000
0.00000,0.23000,0.79000,0.00000,0.00000,0.01000,-0.01000,45.23000,7.70000
0.00000,0.23000,0.79000,0.00000,0.00000,0.01000,-0.01000,45.30000,7.64000
0.00000,0.23000,0.79000,0.00000,0.00000,0.01000,-0.01000,45.30000,7.64000
0.00000,0.23000,0.79000,0.00000,0.00000,0.01000,-0.01000,45.37000,7.57000
0.00000,0.23000,0.79000,0.00000,0.00000,0.01000,-0.01000,45.37000,7.57000
0.00000,0.23000,0.79000,0.00000,0.00000,0.01000,-0.01000,45.44000,7.50000
0.00000,0.23000,0.79000,0.00000,0.00000,0.01000,-0.01000,45.44000,7.50000
0.00000,0.23000,0.79000,0.00000,0.00000,0.01000,-0.01000,45.50000,7.43000
0.00000,0.23000,0.79000,0.00000,0.00000,0.01000,-0.01000,45.50000,7.43000
0.00000,0.23000,0.79000,0.00000,0.00000,0.01000,-0.01000,45.57000,7.37000
0.00000,0.23000,0.79000,0.00000,0.00000,0.01000,-0.01000,45.57000,7.37000
0.00000,0.23000,0.79000,0.00000,0.00000,0.01000,-0.01000,45.64000,7.30000
0.00000,0.23000,0.79000,0.00000,0.00000,0.01000,-0.01000,45.64000,7.30000
0.00000,0.23000,0.79000,0.00000,0.00000,0.01000,-0.01000,45.70000,7.23000
0.00000,0.23000,0.79000,0.00000,0.00000,0.01000,-0.01000,45.70000,7.23000
0.00000,0.23000,0.79000,0.00000,0.00000,0.01000,-0.01000,45.77000,7.16000
0.00000,0.23000,0.79000,0.00000,0.00000,0.01000,-0.01000,45.77000,7.16000
0.00000,0.23000,0.79000,0.00000,0.00000,0.01000,-0.01000,45.84000,7.10000
0.00000,0.23000,0.79000,0.00000,0.00000,0.01000,-0.01000,45.84000,7.10000
0.00000,0.23000,0.79000,0.00000,0.00000,0.01000,-0.01000,45.90000,7.03000
0.00000,0.23000,0.79000,0.00000,0.00000,0.01000,-0.01000,45.90000,7.03000
0.00000,0.23000,0.79000,0.00000,0.00000,0.01000,-0.01000,45.97000,6.96000
0.00000,0.23000,0.79000,0.00000,0.00000,0.01000,-0.01000,45.97000,6.96000
0.00000,0.23000,0.79000,0.00000,0.00000,0.01000,-0.01000,46.04000,6.89000
0.00000,0.23000,0.79000,0.00000,0.00000,0.01000,-0.01000,46.04000,6.89000
0.00000,0.23000,0.79000,0.00000,0.00000,0.01000,-0.01000,46.10000,6.83000
0.00000,0.23000,0.79000,0.00000,0.00000,0.01000,-0.01000,46.10000,6.83000
0.00000,0.23000,0.79000,0.00000,0.00000,0.01000,-0.01000,46.17000,6.76000
0.00000,0.23000,0.79000,0.00000,0.00000,0.01000,-0.01000,46.17000,6.76000
0.00000,0.23000,0.79000,0.00000,0.00000,0.01000,-0.01000,46.24000,6.69000
0.00000,0.23000,0.79000,0.00000,0.00000,0.01000,-0.01000,46.24000,6.69000
0.00000,0.23000,0.79000,0.00000,0.00000,0.01000,-0.01000,46.31000,6.62000
0.00000,0.23000,0.79000,0.00000,0.00000,0.01000,-0.01000,46.31000,6.62000
0.00000,0.23000,0.79000,0.00000,0.00000,0.01000,-0.01000,46.37000,6.56000
0.00000,0.23000,0.79000,0.00000,0.00000,0.01000,-0.01000,46.37000,6.56000
0.00000,0.23000,0.79000,0.00000,0.00000,0.01000,-0.01000,46.44000,6.49000
0.00000,0.23000,0.79000,0.00000,0.00000,0.01000,-0.01000,46.44000,6.49000
0.00000,0.23000,0.79000,0.00000,0.00000,0.01000,-0.01000,46.51000,6.42000
0.00000,0.23000,0.79000,0.00000,0.00000,0.01000,-0.01000,46.51000,6.42000
0.00000,0.23000,0.79000,0.00000,0.00000,0.01000,-0.01000,46.57000,6.35000
0.00000,0.23000,0.79000,0.00000,0.00000,0.01000,-0.01000,46.57000,6.35000
0.00000,0.23000,0.79000,0.00000,0.00000,0.01000,-0.01000,46.64000,6.29000
0.00000,0.23000,0.79000,0.00000,0.00000,0.01000,-0.01000,46.64000,6.29000
0.00000,0.23000,0.79000,0.00000,0.00000,0.01000,-0.01000,46.71000,6.22000
0.00000,0.23000,0.79000,0.00000,0.00000,0.01000,-0.01000,46.71000,6.22000
0.00000,0.23000,0.79000,0.00000,0.00000,0.01000,-0.01000,46.77000,6.15000
0.00000,0.23000,0.79000,0.00000,0.00000,0.01000,-0.01000,46.77000,6.15000
0.00000,0.23000,0.79000,0.00000,0.00000,0.01000,-0.01000,46.84000,6.08000
0.00000,0.23000,0.79000,0.00000,0.00000,0.01000,-0.01000,46.84000,6.08000
0.00000,0.23000,0.79000,0.00000,0.00000,0.01000,-0.01000,46.91000,6.02000
0.00000,0.23000,0.79000,0.00000,0.00000,0.01000,-0.01000,46.91000,6.02000
0.00000,0.23000,0.79000,0.00000,0.00000,0.01000,-0.01000,46.97000,5.95000
0.00000,0.23000,0.79000,0.00000,0.00000,0.01000,-0.01000,46.97000,5.95000
0.00000,0.23000,0.79000,0.00000,0.00000,0.01000,-0.01000,47.04000,5.88000
0.00000,0.23000,0.79000,0.00000,0.00000,0.01000,-0.01000,47.04000,5.88000
0.00000,0.23000,0.79000,0.00000,0.00000,0.01000,-0.01000,47.11000,5.82000
0.00000,0.23000,0.79000,0.00000,0.00000,0.01000,-0.01000,47.11000,5.82000
0.00000,0.23000,0.79000,0.00000,0.00000,0.01000,-0.01000,47.18000,5.75000
0.00000,0.23000,0.79000,0.00000,0.00000,0.01000,-0.01000,47.18000,5.75000
0.00000,0.23000,0.79000,0.00000,0.00000,0.01000,-0.01000,47.24000,5.68000
0.00000,0.23000,0.79000,0.00000,0.00000,0.01000,-0.01000,47.24000,5.68000
0.00000,0.23000,0.79000,0.00000,0.00000,0.01000,-0.01000,47.31000,5.61000
0.00000,0.23000,0.79000,0.00000,0.00000,0.01000,-0.01000,47.31000,5.61000
0.00000,0.23000,0.79000,0.00000,0.00000,0.01000,-0.01000,47.38000,5.55000
0.00000,0.23000,0.79000,0.00000,0.00000,0.01000,-0.01000,47.38000,5.55000
0.00000,0.23000,0.79000,0.00000,0.00000,0.01000,-0.01000,47.44000,5.48000
0.00000,0.23000,0.79000,0.00000,0.00000,0.01000,-0.01000,47.44000,5.48000
0.00000,0.23000,0.79000,0.00000,0.00000,0.01000,-0.01000,47.51000,5.41000
0.00000,0.23000,0.79000,0.00000,0.00000,0.01000,-0.01000,47.51000,5.41000
0.00000,0.23000,0.79000,0.00000,0.00000,0.01000,-0.01000,47.58000,5.34000
0.00000,0.23000,0.79000,0.00000,0.00000,0.01000,-0.01000,47.58000,5.34000
0.00000,0.23000,0.79000,0.00000,0.00000,0.01000,-0.01000,47.64000,5.28000
0.00000,0.23000,0.79000,0.00000,0.00000,0.01000,-0.01000,47.64000,5.28000
0.00000,0.23000,0.79000,0.00000,0.00000,0.01000,-0.01000,47.71000,5.21000
0.00000,0.23000,0.79000,0.00000,0.00000,0.01000,-0.01000,47.71000,5.21000
0.00000,0.23000,0.79000,0.00000,0.00000,0.01000,-0.01000,47.78000,5.14000
0.00000,0.23000,0.79000,0.00000,0.00000,0.01000,-0.01000,47.78000,5.14000
0.00000,0.23000,0.79000,0.00000,0.00000,0.01000,-0.01000,47.84000,5.07000
0.00000,0.23000,0.79000,0.00000,0.00000,0.01000,-0.01000,47.84000,5.07000
0.00000,0.23000,0.79000,0.00000,0.00000,0.01000,-0.01000,47.91000,5.01000
0.00000,0.23000,0.79000,0.00000,0.00000,0.01000,-0.01000,47.91000,5.01000
0.00000,0.23000,0.79000,0.00000,0.00000,0.01000,-0.01000,47.98000,4.94000
0.00000,0.23000,0.79000,0.00000,0.00000,0.01000,-0.01000,47.98000,4.94000
0.00000,0.23000,0.79000,0.00000,0.00000,0.01000,-0.01000,48.05000,4.87000
0.00000,0.23000,0.79000,0.00000,0.00000,0.01000,-0.01000,48.05000,4.87000
0.00000,0.23000,0.79000,0.00000,0.00000,0.01000,-0.01000,48.11000,4.80000
0.00000,0.23000,0.79000,0.00000,0.00000,0.01000,-0.01000,48.11000,4.80000
0.00000,0.23000,0.79000,0.00000,0.00000,0.01000,-0.01000,48.18000,4.74000
0.00000,0.23000,0.79000,0.00000,0.00000,0.01000,-0.01000,48.18000,4.74000
0.00000,0.23000,0.79000,0.00000,0.00000,0.01000,-0.01000,48.25000,4.67000
0.00000,0.23000,0.79000,0.00000,0.00000,0.01000,-0.01000,48.25000,4.67000
0.00000,0.23000,0.79000,0.00000,0.00000,0.01000,-0.01000,48.31000,4.60000
0.00000,0.23000,0.79000,0.00000,0.00000,0.01000,-0.01000,48.31000,4.60000
0.00000,0.23000,0.79000,0.00000,0.00000,0.01000,-0.01000,48.38000,4.53000
0.00000,0.23000,0.79000,0.00000,0.00000,0.01000,-0.01000,48.38000,4.53000
0.00000,0.23000,0.79000,0.00000,0.00000,0.01000,-0.01000,48.45000,4.47000
0.00000,0.23000,0.79000,0.00000,0.00000,0.01000,-0.01000,48.45000,4.47000
0.00000,0.23000,0.79000,0.00000,0.00000,0.01000,-0.01000,48.51000,4.40000
0.00000,0.23000,0.79000,0.00000,0.00000,0.01000,-0.01000,48.51000,4.40000
0.00000,0.23000,0.79000,0.00000,0.00000,0.01000,-0.01000,48.58000,4.33000
0.00000,0.23000,0.79000,0.00000,0.00000,0.01000,-0.01000,48.58000,4.33000
0.00000,0.23000,0.79000,0.00000,0.00000,0.01000,-0.01000,48.65000,4.26000
0.00000,0.23000,0.79000,0.00000,0.00000,0.01000,-0.01000,48.65000,4.26000
0.00000,0.23000,0.79000,0.00000,0.00000,0.01000,-0.01000,48.71000,4.20000
0.00000,0.23000,0.79000,0.00000,0.00000,0.01000,-0.01000,48.71000,4.20000
0.00000,0.23000,0.79000,0.00000,0.00000,0.01000,-0.01000,48.78000,4.13000
0.00000,0.23000,0.79000,0.00000,0.00000,0.01000,-0.01000,48.78000,4.13000
0.00000,0.23000,0.79000,0.00000,0.00000,0.01000,-0.01000,48.85000,4.06000
0.00000,0.23000,0.79000,0.00000,0.00000,0.01000,-0.01000,48.85000,4.06000
0.00000,0.23000,0.79000,0.00000,0.00000,0.01000,-0.01000,48.92000,3.99000
0.00000,0.23000,0.79000,0.00000,0.00000,0.01000,-0.01000,48.92000,3.99000
0.00000,0.23000,0.79000,0.00000,0.00000,0.01000,-0.01000,48.98000,3.93000
0.00000,0.23000,0.79000,0.00000,0.00000,0.01000,-0.01000,48.98000,3.93000
0.00000,0.23000,0.79000,0.00000,0.00000,0.01000,-0.01000,49.05000,3.86000
0.00000,0.23000,0.79000,0.00000,0.00000,0.01000,-0.01000,49.05000,3.86000
0.00000,0.23000,0.79000,0.00000,0.00000,0.01000,-0.01000,49.12000,3.79000
0.00000,0.23000,0.79000,0.00000,0.00000,0.01000,-0.01000,49.12000,3.79000
0.00000,0.23000,0.79000,0.00000,0.00000,0.01000,-0.01000,49.18000,3.72000
0.00000,0.23000,0.79000,0.00000,0.00000,0.01000,-0.01000,49.18000,3.72000
0.00000,0.23000,0.79000,0.00000,0.00000,0.01000,-0.01000,49.25000,3.66000
0.00000,0.23000,0.79000,0.00000,0.00000,0.01000,-0.01000,49.25000,3.66000
0.00000,0.23000,0.79000,0.00000,0.00000,0.01000,-0.01000,49.32000,3.59000
0.00000,0.23000,0.79000,0.00000,0.00000,0.01000,-0.01000,49.32000,3.59000
0.00000,0.23000,0.79000,0.00000,0.00000,0.01000,-0.01000,49.38000,3.52000
0.00000,0.23000,0.79000,0.00000,0.00000,0.01000,-0.01000,49.38000,3.52000
0.00000,0.23000,0.79000,0.00000,0.00000,0.01000,-0.01000,49.45000,3.45000
0.00000,0.23000,0.79000,0.00000,0.00000,0.01000,-0.01000,49.45000,3.45000
0.00000,0.23000,0.79000,0.00000,0.00000,0.01000,-0.01000,49.52000,3.39000
0.00000,0.23000,0.79000,0.00000,0.00000,0.01000,-0.01000,49.52000,3.39000
0.00000,0.23000,0.79000,0.00000,0.00000,0.01000,-0.01000,49.58000,3.32000
0.00000,0.23000,0.79000,0.00000,0.00000,0.01000,-0.01000,49.58000,3.32000
0.00000,0.23000,0.79000,0.00000,0.00000,0.01000,-0.01000,49.65000,3.25000
0.00000,0.23000,0.79000,0.00000,0.00000,0.01000,-0.01000,49.65000,3.25000
0.00000,0.23000,0.79000,0.00000,0.00000,0.01000,-0.01000,49.72000,3.18000
0.00000,0.23000,0.79000,0.00000,0.00000,0.01000,-0.01000,49.72000,3.18000
0.00000,0.23000,0.79000,0.00000,0.00000,0.01000,-0.01000,49.79000,3.12000
0.00000,0.23000,0.79000,0.00000,0.00000,0.01000,-0.01000,49.79000,3.12000
0.00000,0.23000,0.79000,0.00000,0.00000,0.01000,-0.01000,49.85000,3.05000
0.00000,0.23000,0.79000,0.00000,0.00000,0.01000,-0.01000,49.85000,3.05000
0.00000,0.23000,0.79000,0.00000,0.00000,0.01000,-0.01000,49.92000,2.98000
0.00000,0.23000,0.79000,0.00000,0.00000,0.01000,-0.01000,49.92000,2.98000
0.00000,0.23000,0.79000,0.00000,0.00000,0.01000,-0.01000,49.99000,2.91000
0.00000,0.23000,0.79000,0.00000,0.00000,0.01000,-0.01000,49.99000,2.91000
0.00000,0.23000,0.79000,0.00000,0.00000,0.01000,-0.01000,50.05000,2.85000
0.00000,0.23000,0.79000,0.00000,0.00000,0.01000,-0.01000,50.05000,2.85000
0.00000,0.23000,0.79000,0.00000,0.00000,0.01000,-0.01000,50.12000,2.78000
0.00000,0.23000,0.79000,0.00000,0.00000,0.01000,-0.01000,50.12000,2.78000
0.00000,0.23000,0.79000,0.00000,0.00000,0.01000,-0.01000,50.19000,2.71000
0.00000,0.23000,0.79000,0.00000,0.00000,0.01000,-0.01000,50.19000,2.71000
0.00000,0.23000,0.79000,0.00000,0.00000,0.01000,-0.01000,50.25000,2.64000
0.00000,0.23000,0.79000,0.00000,0.00000,0.01000,-0.01000,50.25000,2.64000
0.00000,0.23000,0.79000,0.00000,0.00000,0.01000,-0.01000,50.32000,2.58000
0.00000,0.23000,0.79000,0.00000,0.00000,0.01000,-0.01000,50.32000,2.58000
0.00000,0.23000,0.79000,0.00000,0.00000,0.01000,-0.01000,50.39000,2.51000
0.00000,0.23000,0.79000,0.00000,0.00000,0.01000,-0.01000,50.39000,2.51000
0.00000,0.23000,0.79000,0.00000,0.00000,0.01000,-0.01000,50.45000,2.44000
0.00000,0.23000,0.79000,0.00000,0.00000,0.01000,-0.01000,50.45000,2.44000
0.00000,0.23000,0.79000,0.00000,0.00000,0.01000,-0.01000,50.52000,2.37000
0.00000,0.23000,0.79000,0.00000,0.00000,0.01000,-0.01000,50.52000,2.37000
0.00000,0.23000,0.79000,0.00000,0.00000,0.01000,-0.01000,50.59000,2.31000
0.00000,0.23000,0.79000,0.00000,0.00000,0.01000,-0.01000,50.59000,2.31000
0.00000,0.23000,0.79000,0.00000,0.00000,0.01000,-0.01000,50.66000,2.24000
0.00000,0.23000,0.79000,0.00000,0.00000,0.01000,-0.01000,50.66000,2.24000
0.00000,0.23000,0.79000,0.00000,0.00000,0.01000,-0.01000,50.72000,2.17000
0.00000,0.23000,0.79000,0.00000,0.00000,0.01000,-0.01000,50.72000,2.17000
0.00000,0.23000,0.79000,0.00000,0.00000,0.01000,-0.01000,50.79000,2.10000
0.00000,0.23000,0.79000,0.00000,0.00000,0.01000,-0.01000,50.79000,2.10000
0.00000,0.23000,0.79000,0.00000,0.00000,0.01000,-0.01000,50.86000,2.04000
0.00000,0.23000,0.79000,0.00000,0.00000,0.01000,-0.01000,50.86000,2.04000
0.00000,0.23000,0.79000,0.00000,0.00000,0.01000,-0.01000,50.92000,1.97000
0.00000,0.23000,0.79000,0.00000,0.00000,0.01000,-0.01000,50.92000,1.97000
0.00000,0.23000,0.79000,0.00000,0.00000,0.01000,-0.01000,50.99000,1.90000
0.00000,0.23000,0.79000,0.00000,0.00000,0.01000,-0.01000,50.99000,1.90000
0.00000,0.23000,0.79000,0.00000,0.00000,0.01000,-0.01000,51.06000,1.83000
0.00000,0.23000,0.79000,0.00000,0.00000,0.01000,-0.01000,51.06000,1.83000
0.00000,0.23000,0.79000,0.00000,0.00000,0.01000,-0.01000,51.12000,1.77000
0.00000,0.23000,0.79000,0.00000,0.00000,0.01000,-0.01000,51.12000,1.77000
0.00000,0.23000,0.79000,0.00000,0.00000,0.01000,-0.01000,51.19000,1.70000
0.00000,0.23000,0.79000,0.00000,0.00000,0.01000,-0.01000,51.19000,1.70000
0.00000,0.23000,0.79000,0.00000,0.00000,0.01000,-0.01000,51.26000,1.63000
0.00000,0.23000,0.79000,0.00000,0.00000,0.01000,-0.01000,51.26000,1.63000
0.00000,0.23000,0.79000,0.00000,0.00000,0.01000,-0.01000,51.32000,1.56000
0.00000,0.23000,0.79000,0.00000,0.00000,0.01000,-0.01000,51.32000,1.56000
0.00000,0.23000,0.79000,0.00000,0.00000,0.01000,-0.01000,51.39000,1.50000
0.00000,0.23000,0.79000,0.00000,0.00000,0.01000,-0.01000,51.39000,1.50000
0.00000,0.23000,0.79000,0.00000,0.00000,0.01000,-0.01000,51.46000,1.43000
0.00000,0.23000,0.79000,0.00000,0.00000,0.01000,-0.01000,51.46000,1.43000
0.00000,0.23000,0.79000,0.00000,0.00000,0.01000,-0.01000,51.53000,1.36000
0.00000,0.23000,0.79000,0.00000,0.00000,0.01000,-0.01000,51.53000,1.36000
0.00000,0.23000,0.79000,0.00000,0.00000,0.01000,-0.01000,51.59000,1.29000
0.00000,0.23000,0.79000,0.00000,0.00000,0.01000,-0.01000,51.59000,1.29000
0.00000,0.23000,0.79000,0.00000,0.00000,0.01000,-0.01000,51.66000,1.23000
0.00000,0.23000,0.79000,0.00000,0.00000,0.01000,-0.01000,51.66000,1.23000
0.00000,0.23000,0.79000,0.00000,0.00000,0.01000,-0.01000,51.73000,1.16000
0.00000,0.23000,0.79000,0.00000,0.00000,0.01000,-0.01000,51.73000,1.16000
0.00000,0.23000,0.79000,0.00000,0.00000,0.01000,-0.01000,51.79000,1.09000
0.00000,0.23000,0.79000,0.00000,0.00000,0.01000,-0.01000,51.79000,1.09000
0.00000,0.23000,0.79000,0.00000,0.00000,0.01000,-0.01000,51.86000,1.02000
0.00000,0.23000,0.79000,0.00000,0.00000,0.01000,-0.01000,51.86000,1.02000
0.00000,0.23000,0.79000,0.00000,0.00000,0.01000,-0.01000,51.93000,0.96000
0.00000,0.23000,0.79000,0.00000,0.00000,0.01000,-0.01000,51.93000,0.96000
0.00000,0.23000,0.79000,0.00000,0.00000,0.01000,-0.01000,51.99000,0.89000
0.00000,0.23000,0.79000,0.00000,0.00000,0.01000,-0.01000,51.99000,0.89000
0.00000,0.23000,0.79000,0.00000,0.00000,0.01000,-0.01000,52.06000,0.82000
0.00000,0.23000,0.79000,0.00000,0.00000,0.01000,-0.01000,52.06000,0.82000
0.00000,0.23000,0.79000,0.00000,0.00000,0.01000,-0.01000,52.13000,0.75000
0.00000,0.23000,0.79000,0.00000,0.00000,0.01000,-0.01000,52.13000,0.75000
0.00000,0.23000,0.79000,0.00000,0.00000,0.01000,-0.01000,52.19000,0.69000
0.00000,0.23000,0.79000,0.00000,0.00000,0.01000,-0.01000,52.19000,0.69000
0.00000,0.23000,0.79000,0.00000,0.00000,0.01000,-0.01000,52.26000,0.62000
0.00000,0.23000,0.79000,0.00000,0.00000,0.01000,-0.01000,52.26000,0.62000
0.00000,0.23000,0.79000,0.00000,0.00000,0.01000,-0.01000,52.33000,0.55000
0.00000,0.23000,0.79000,0.00000,0.00000,0.01000,-0.01000,52.33000,0.55000
0.00000,0.23000,0.79000,0.00000,0.00000,0.01000,-0.01000,52.40000,0.48000
0.00000,0.23000,0.79000,0.00000,0.00000,0.01000,-0.01000,52.40000,0.48000
0.00000,0.23000,0.79000,0.00000,0.00000,0.01000,-0.01000,52.46000,0.42000
0.00000,0.23000,0.79000,0.00000,0.00000,0.01000,-0.01000,52.46000,0.42000
0.00000,0.23000,0.79000,0.00000,0.00000,0.01000,-0.01000,52.53000,0.35000
0.00000,0.23000,0.79000,0.00000,0.00000,0.01000,-0.01000,52.53000,0.35000
0.00000,0.23000,0.79000,0.00000,0.00000,0.01000,-0.01000,52.60000,0.28000
0.00000,0.23000,0.79000,0.00000,0.00000,0.01000,-0.01000,52.60000,0.28000
0.00000,0.23000,0.79000,0.00000,0.00000,0.01000,-0.01000,52.66000,0.21000
0.00000,0.23000,0.79000,0.00000,0.00000,0.01000,-0.01000,52.66000,0.21000
0.00000,0.23000,0.79000,0.00000,0.00000,0.01000,-0.01000,52.73000,0.15000
0.00000,0.23000,0.79000,0.00000,0.00000,0.01000,-0.01000,52.73000,0.15000
0.00000,0.23000,0.79000,0.00000,0.00000,0.01000,-0.01000,52.80000,0.08000
0.00000,0.23000,0.79000,0.00000,0.00000,0.01000,-0.01000,52.80000,0.08000
0.00000,0.23000,0.79000,0.00000,0.00000,0.01000,-0.01000,52.86000,0.01000
0.00000,0.23000,0.79000,0.00000,0.00000,0.01000,-0.01000,52.86000,0.01000
0.00000,0.23000,0.79000,0.00000,0.00000,0.01000,-0.01000,52.93000,-0.06000
0.00000,0.23000,0.79000,0.00000,0.00000,0.01000,-0.01000,52.93000,-0.06000
0.00000,0.23000,0.79000,0.00000,0.00000,0.01000,-0.01000,53.00000,-0.12000
0.00000,0.23000,0.79000,0.00000,0.00000,0.01000,-0.01000,53.00000,-0.12000
0.00000,0.23000,0.79000,0.00000,0.00000,0.01000,-0.01000,53.06000,-0.19000
0.00000,0.23000,0.79000,0.00000,0.00000,0.01000,-0.01000,53.06000,-0.19000
0.00000,0.23000,0.79000,0.00000,0.00000,0.01000,-0.01000,53.13000,-0.26000
0.00000,0.23000,0.79000,0.00000,0.00000,0.01000,-0.01000,53.13000,-0.26000
0.00000,0.23000,0.79000,0.00000,0.00000,0.01000,-0.01000,53.20000,-0.33000
0.00000,0.23000,0.79000,0.00000,0.00000,0.01000,-0.01000,53.20000,-0.33000
0.00000,0.23000,0.79000,0.00000,0.00000,0.01000,-0.01000,53.26000,-0.39000
0.00000,0.23000,0.79000,0.00000,0.00000,0.01000,-0.01000,53.26000,-0.39000
0.00000,0.23000,0.79000,0.00000,0.00000,0.01000,-0.01000,53.33000,-0.46000
0.00000,0.23000,0.79000,0.00000,0.00000,0.01000,-0.01000,53.33000,-0.46000
0.00000,0.23000,0.79000,0.00000,0.00000,0.01000,-0.01000,53.40000,-0.53000
0.00000,0.23000,0.79000,0.00000,0.00000,0.01000,-0.01000,53.40000,-0.53000
0.00000,0.23000,0.79000,0.00000,0.00000,0.01000,-0.01000,53.47000,-0.60000
0.00000,0.23000,0.79000,0.00000,0.00000,0.01000,-0.01000,53.47000,-0.60000
0.00000,0.23000,0.79000,0.00000,0.00000,0.01000,-0.01000,53.53000,-0.66000
0.00000,0.23000,0.79000,0.00000,0.00000,0.01000,-0.01000,53.53000,-0.66000
0.00000,0.23000,0.79000,0.00000,0.00000,0.01000,-0.01000,53.60000,-0.73000
0.00000,0.23000,0.79000,0.00000,0.00000,0.01000,-0.01000,53.60000,-0.73000
0.00000,0.23000,0.79000,0.00000,0.00000,0.01000,-0.01000,53.67000,-0.80000
0.00000,0.23000,0.79000,0.00000,0.00000,0.01000,-0.01000,53.67000,-0.80000
0.00000,0.23000,0.79000,0.00000,0.00000,0.01000,-0.01000,53.73000,-0.87000
0.00000,0.23000,0.79000,0.00000,0.00000,0.01000,-0.01000,53.73000,-0.87000
0.00000,0.23000,0.79000,0.00000,0.00000,0.01000,-0.01000,53.80000,-0.93000
0.00000,0.23000,0.79000,0.00000,0.00000,0.01000,-0.01000,53.80000,-0.93000
0.00000,0.23000,0.79000,0.00000,0.00000,0.01000,-0.01000,53.87000,-1.00000
0.00000,0.23000,0.79000,0.00000,0.00000,0.01000,-0.01000,53.87000,-1.00000
0.00000,0.23000,0.79000,0.00000,0.00000,0.01000,-0.01000,53.93000,-1.07000
0.00000,0.23000,0.79000,0.00000,0.00000,0.01000,-0.01000,53.93000,-1.07000
0.00000,0.23000,0.79000,0.00000,0.00000,0.01000,-0.01000,54.00000,-1.14000
0.00000,0.23000,0.79000,0.00000,0.00000,0.01000,-0.01000,54.00000,-1.14000
0.00000,0.23000,0.79000,0.00000,0.00000,0.01000,-0.01000,54.07000,-1.20000
0.00000,0.23000,0.79000,0.00000,0.00000,0.01000,-0.01000,54.07000,-1.20000
0.00000,0.23000,0.79000,0.00000,0.00000,0.01000,-0.01000,54.13000,-1.27000
0.00000,0.23000,0.79000,0.00000,0.00000,0.01000,-0.01000,54.13000,-1.27000
0.00000,0.23000,0.79000,0.00000,0.00000,0.01000,-0.01000,54.20000,-1.34000
0.00000,0.23000,0.79000,0.00000,0.00000,0.01000,-0.01000,54.20000,-1.34000
0.00000,0.23000,0.79000,0.00000,0.00000,0.01000,-0.01000,54.27000,-1.41000
0.00000,0.23000,0.79000,0.00000,0.00000,0.01000,-0.01000,54.27000,-1.41000
0.00000,0.23000,0.79000,0.00000,0.00000,0.01000,-0.01000,54.34000,-1.47000
0.00000,0.23000,0.79000,0.00000,0.00000,0.01000,-0.01000,54.34000,-1.47000
0.00000,0.23000,0.79000,0.00000,0.00000,0.01000,-0.01000,54.40000,-1.54000
0.00000,0.23000,0.79000,0.00000,0.00000,0.01000,-0.01000,54.40000,-1.54000
0.00000,0.23000,0.79000,0.00000,0.00000,0.01000,-0.01000,54.47000,-1.61000
0.00000,0.23000,0.79000,0.00000,0.00000,0.01000,-0.01000,54.47000,-1.61000
0.00000,0.23000,0.79000,0.00000,0.00000,0.01000,-0.01000,54.54000,-1.68000
0.00000,0.23000,0.79000,0.00000,0.00000,0.01000,-0.01000,54.54000,-1.68000
0.00000,0.23000,0.79000,0.00000,0.00000,0.01000,-0.01000,54.60000,-1.74000
0.00000,0.23000,0.79000,0.00000,0.00000,0.01000,-0.01000,54.60000,-1.74000
0.00000,0.23000,0.79000,0.00000,0.00000,0.01000,-0.01000,54.67000,-1.81000
0.00000,0.23000,0.79000,0.00000,0.00000,0.01000,-0.01000,54.67000,-1.81000
0.00000,0.23000,0.79000,0.00000,0.00000,0.01000,-0.01000,54.74000,-1.88000
0.00000,0.23000,0.79000,0.00000,0.00000,0.01000,-0.01000,54.74000,-1.88000
0.00000,0.23000,0.79000,0.00000,0.00000,0.01000,-0.01000,54.80000,-1.95000
0.00000,0.23000,0.79000,0.00000,0.00000,0.01000,-0.01000,54.80000,-1.95000
0.00000,0.23000,0.79000,0.00000,0.00000,0.01000,-0.01000,54.87000,-2.01000
0.00000,0.23000,0.79000,0.00000,0.00000,0.01000,-0.01000,54.87000,-2.01000
0.00000,0.23000,0.79000,0.00000,0.00000,0.01000,-0.01000,54.94000,-2.08000
0.00000,0.23000,0.79000,0.00000,0.00000,0.01000,-0.01000,54.94000,-2.08000
0.00000,0.23000,0.79000,0.00000,0.00000,0.01000,-0.01000,55.00000,-2.15000
0.00000,0.23000,0.79000,0.00000,0.00000,0.01000,-0.01000,55.00000,-2.15000
0.00000,0.23000,0.79000,0.00000,0.00000,0.01000,-0.01000,55.07000,-2.22000
0.00000,0.23000,0.79000,0.00000,0.00000,0.01000,-0.01000,55.07000,-2.22000
0.00000,0.23000,0.79000,0.00000,0.00000,0.01000,-0.01000,55.14000,-2.28000
0.00000,0.23000,0.79000,0.00000,0.00000,0.01000,-0.01000,55.14000,-2.28000
0.00000,0.23000,0.79000,0.00000,0.00000,0.01000,-0.01000,55.21000,-2.35000
0.00000,0.23000,0.79000,0.00000,0.00000,0.01000,-0.01000,55.21000,-2.35000
0.00000,0.23000,0.79000,0.00000,0.00000,0.01000,-0.01000,55.27000,-2.42000
0.00000,0.23000,0.79000,0.00000,0.00000,0.01000,-0.01000,55.27000,-2.42000
0.00000,0.23000,0.79000,0.00000,0.00000,0.01000,-0.01000,55.34000,-2.49000
0.00000,0.23000,0.79000,0.00000,0.00000,0.01000,-0.01000,55.34000,-2.49000
0.00000,0.23000,0.79000,0.00000,0.00000,0.01000,-0.01000,55.41000,-2.55000
0.00000,0.23000,0.79000,0.00000,0.00000,0.01000,-0.01000,55.41000,-2.55000
0.00000,0.23000,0.79000,0.00000,0.00000,0.01000,-0.01000,55.47000,-2.62000
0.00000,0.23000,0.79000,0.00000,0.00000,0.01000,-0.01000,55.47000,-2.62000
0.00000,0.23000,0.79000,0.00000,0.00000,0.01000,-0.01000,55.54000,-2.69000
0.00000,0.23000,0.79000,0.00000,0.00000,0.01000,-0.01000,55.54000,-2.69000
0.00000,0.23000,0.79000,0.00000,0.00000,0.01000,-0.01000,55.61000,-2.76000
0.00000,0.23000,0.79000,0.00000,0.00000,0.01000,-0.01000,55.61000,-2.76000
0.00000,0.23000,0.79000,0.00000,0.00000,0.01000,-0.01000,55.67000,-2.82000
0.00000,0.23000,0.79000,0.00000,0.00000,0.01000,-0.01000,55.67000,-2.82000
0.00000,0.23000,0.79000,0.00000,0.00000,0.01000,-0.01000,55.74000,-2.89000
0.00000,0.23000,0.79000,0.00000,0.00000,0.01000,-0.01000,55.74000,-2.89000
0.00000,0.23000,0.79000,0.00000,0.00000,0.01000,-0.01000,55.81000,-2.96000
0.00000,0.23000,0.79000,0.00000,0.00000,0.01000,-0.01000,55.81000,-2.96000
0.00000,0.23000,0.79000,0.00000,0.00000,0.01000,-0.01000,55.87000,-3.03000
0.00000,0.23000,0.79000,0.00000,0.00000,0.01000,-0.01000,55.87000,-3.03000
0.00000,0.23000,0.79000,0.00000,0.00000,0.01000,-0.01000,55.94000,-3.09000
0.00000,0.23000,0.79000,0.00000,0.00000,0.01000,-0.01000,55.94000,-3.09000
0.00000,0.23000,0.79000,0.00000,0.00000,0.01000,-0.01000,56.01000,-3.16000
0.00000,0.23000,0.79000,0.00000,0.00000,0.01000,-0.01000,56.01000,-3.16000
0.00000,0.23000,0.79000,0.00000,0.00000,0.01000,-0.01000,56.08000,-3.23000
0.00000,0.23000,0.79000,0.00000,0.00000,0.01000,-0.01000,56.08000,-3.23000
0.00000,0.23000,0.79000,0.00000,0.00000,0.01000,-0.01000,56.14000,-3.30000
0.00000,0.23000,0.79000,0.00000,0.00000,0.01000,-0.01000,56.14000,-3.30000
0.00000,0.23000,0.79000,0.00000,0.00000,0.01000,-0.01000,56.21000,-3.36000
0.00000,0.23000,0.79000,0.00000,0.00000,0.01000,-0.01000,56.21000,-3.36000
0.00000,0.23000,0.79000,0.00000,0.00000,0.01000,-0.01000,56.28000,-3.43000
0.00000,0.23000,0.79000,0.00000,0.00000,0.01000,-0.01000,56.28000,-3.43000
0.00000,0.23000,0.79000,0.00000,0.00000,0.01000,-0.01000,56.34000,-3.50000
0.00000,0.23000,0.79000,0.00000,0.00000,0.01000,-0.01000,56.34000,-3.50000
0.00000,0.23000,0.79000,0.00000,0.00000,0.01000,-0.01000,56.41000,-3.57000
0.00000,0.23000,0.79000,0.00000,0.00000,0.01000,-0.01000,56.41000,-3.57000
0.00000,0.23000,0.79000,0.00000,0.00000,0.01000,-0.01000,56.48000,-3.63000
0.00000,0.23000,0.79000,0.00000,0.00000,0.01000,-0.01000,56.48000,-3.63000
0.00000,0.23000,0.79000,0.00000,0.00000,0.01000,-0.01000,56.54000,-3.70000
0.00000,0.23000,0.79000,0.00000,0.00000,0.01000,-0.01000,56.54000,-3.70000
0.00000,0.23000,0.79000,0.00000,0.00000,0.01000,-0.01000,56.61000,-3.77000
0.00000,0.23000,0.79000,0.00000,0.00000,0.01000,-0.01000,56.61000,-3.77000
0.00000,0.23000,0.79000,0.00000,0.00000,0.01000,-0.01000,56.68000,-3.84000
0.00000,0.23000,0.79000,0.00000,0.00000,0.01000,-0.01000,56.68000,-3.84000
0.00000,0.23000,0.79000,0.00000,0.00000,0.01000,-0.01000,56.74000,-3.90000
0.00000,0.23000,0.79000,0.00000,0.00000,0.01000,-0.01000,56.74000,-3.90000
0.00000,0.23000,0.79000,0.00000,0.00000,0.01000,-0.01000,56.81000,-3.97000
0.00000,0.23000,0.79000,0.00000,0.00000,0.01000,-0.01000,56.81000,-3.97000
0.00000,0.23000,0.79000,0.00000,0.00000,0.01000,-0.01000,56.88000,-4.04000
0.00000,0.23000,0.79000,0.00000,0.00000,0.01000,-0.01000,56.88000,-4.04000
0.00000,0.23000,0.79000,0.00000,0.00000,0.01000,-0.01000,56.95000,-4.11000
0.00000,0.23000,0.79000,0.00000,0.00000,0.01000,-0.01000,56.95000,-4.11000
0.00000,0.23000,0.79000,0.00000,0.00000,0.01000,-0.01000,57.01000,-4.17000
0.00000,0.23000,0.79000,0.00000,0.00000,0.01000,-0.01000,57.01000,-4.17000
0.00000,0.23000,0.79000,0.00000,0.00000,0.01000,-0.01000,57.08000,-4.24000
0.00000,0.23000,0.79000,0.00000,0.00000,0.01000,-0.01000,57.08000,-4.24000
0.00000,0.23000,0.79000,0.00000,0.00000,0.01000,-0.01000,57.15000,-4.31000
0.00000,0.23000,0.79000,0.00000,0.00000,0.01000,-0.01000,57.15000,-4.31000
0.00000,0.23000,0.79000,0.00000,0.00000,0.01000,-0.01000,57.21000,-4.38000
0.00000,0.23000,0.79000,0.00000,0.00000,0.01000,-0.01000,57.21000,-4.38000
0.00000,0.23000,0.79000,0.00000,0.00000,0.01000,-0.01000,57.28000,-4.44000
0.00000,0.23000,0.79000,0.00000,0.00000,0.01000,-0.01000,57.28000,-4.44000
0.00000,0.23000,0.79000,0.00000,0.00000,0.01000,-0.01000,57.35000,-4.51000
0.00000,0.23000,0.79000,0.00000,0.00000,0.01000,-0.01000,57.35000,-4.51000
0.00000,0.23000,0.79000,0.00000,0.00000,0.01000,-0.01000,57.41000,-4.58000
0.00000,0.23000,0.79000,0.00000,0.00000,0.01000,-0.01000,57.41000,-4.58000
0.00000,0.23000,0.79000,0.00000,0.00000,0.01000,-0.01000,57.48000,-4.65000
0.00000,0.23000,0.79000,0.00000,0.00000,0.01000,-0.01000,57.48000,-4.65000
0.00000,0.23000,0.79000,0.00000,0.00000,0.01000,-0.01000,57.55000,-4.71000
0.00000,0.23000,0.79000,0.00000,0.00000,0.01000,-0.01000,57.55000,-4.71000
0.00000,0.23000,0.79000,0.00000,0.00000,0.01000,-0.01000,57.61000,-4.78000
0.00000,0.23000,0.79000,0.00000,0.00000,0.01000,-0.01000,57.61000,-4.78000
0.00000,0.23000,0.79000,0.00000,0.00000,0.01000,-0.01000,57.68000,-4.85000
0.00000,0.23000,0.79000,0.00000,0.00000,0.01000,-0.01000,57.68000,-4.85000
0.00000,0.23000,0.79000,0.00000,0.00000,0.01000,-0.01000,57.75000,-4.92000
0.00000,0.23000,0.79000,0.00000,0.00000,0.01000,-0.01000,57.75000,-4.92000
0.00000,0.23000,0.79000,0.00000,0.00000,0.01000,-0.01000,57.82000,-4.98000
0.00000,0.23000,0.79000,0.00000,0.00000,0.01000,-0.01000,57.82000,-4.98000
0.00000,0.23000,0.79000,0.00000,0.00000,0.01000,-0.01000,57.88000,-5.05000
0.00000,0.23000,0.79000,0.00000,0.00000,0.01000,-0.01000,57.88000,-5.05000
0.00000,0.23000,0.79000,0.00000,0.00000,0.01000,-0.01000,57.95000,-5.12000
0.00000,0.23000,0.79000,0.00000,0.00000,0.01000,-0.01000,57.95000,-5.12000
0.00000,0.23000,0.79000,0.00000,0.00000,0.01000,-0.01000,58.02000,-5.18000
0.00000,0.23000,0.79000,0.00000,0.00000,0.01000,-0.01000,58.02000,-5.18000
0.00000,0.23000,0.79000,0.00000,0.00000,0.01000,-0.01000,58.08000,-5.25000
0.00000,0.23000,0.79000,0.00000,0.00000,0.01000,-0.01000,58.08000,-5.25000
0.00000,0.23000,0.79000,0.00000,0.00000,0.01000,-0.01000,58.15000,-5.32000
0.00000,0.23000,0.79000,0.00000,0.00000,0.01000,-0.01000,58.15000,-5.32000
0.00000,0.23000,0.79000,0.00000,0.00000,0.01000,-0.01000,58.22000,-5.39000
0.00000,0.23000,0.79000,0.00000,0.00000,0.01000,-0.01000,58.22000,-5.39000
0.00000,0.23000,0.79000,0.00000,0.00000,0.01000,-0.01000,58.28000,-5.45000
0.00000,0.23000,0.79000,0.00000,0.00000,0.01000,-0.01000,58.28000,-5.45000
0.00000,0.23000,0.79000,0.00000,0.00000,0.01000,-0.01000,58.35000,-5.52000
0.00000,0.23000,0.79000,0.00000,0.00000,0.01000,-0.01000,58.35000,-5.52000
0.00000,0.23000,0.79000,0.00000,0.00000,0.01000,-0.01000,58.42000,-5.59000
0.00000,0.23000,0.79000,0.00000,0.00000,0.01000,-0.01000,58.42000,-5.59000
0.00000,0.23000,0.79000,0.00000,0.00000,0.01000,-0.01000,58.48000,-5.66000
0.00000,0.23000,0.79000,0.00000,0.00000,0.01000,-0.01000,58.48000,-5.66000
0.00000,0.23000,0.79000,0.00000,0.00000,0.01000,-0.01000,58.55000,-5.72000
0.00000,0.23000,0.79000,0.00000,0.00000,0.01000,-0.01000,58.55000,-5.72000
0.00000,0.23000,0.79000,0.00000,0.00000,0.01000,-0.01000,58.62000,-5.79000
0.00000,0.23000,0.79000,0.00000,0.00000,0.01000,-0.01000,58.62000,-5.79000
0.00000,0.23000,0.79000,0.00000,0.00000,0.01000,-0.01000,58.69000,-5.86000
0.00000,0.23000,0.79000,0.00000,0.00000,0.01000,-0.01000,58.69000,-5.86000
0.00000,0.23000,0.79000,0.00000,0.00000,0.01000,-0.01000,58.75000,-5.93000
0.00000,0.23000,0.79000,0.00000,0.00000,0.01000,-0.01000,58.75000,-5.93000
0.00000,0.23000,0.79000,0.00000,0.00000,0.01000,-0.01000,58.82000,-5.99000
0.00000,0.23000,0.79000,0.00000,0.00000,0.01000,-0.01000,58.82000,-5.99000
0.00000,0.23000,0.79000,0.00000,0.00000,0.01000,-0.01000,58.89000,-6.06000
0.00000,0.23000,0.79000,0.00000,0.00000,0.01000,-0.01000,58.89000,-6.06000
0.00000,0.23000,0.79000,0.00000,0.00000,0.01000,-0.01000,58.95000,-6.13000
0.00000,0.23000,0.79000,0.00000,0.00000,0.01000,-0.01000,58.95000,-6.13000
0.00000,0.23000,0.79000,0.00000,0.00000,0.01000,-0.01000,59.02000,-6.20000
0.00000,0.23000,0.79000,0.00000,0.00000,0.01000,-0.01000,59.02000,-6.20000
0.00000,0.23000,0.79000,0.00000,0.00000,0.01000,-0.01000,59.09000,-6.26000
0.00000,0.23000,0.79000,0.00000,0.00000,0.01000,-0.01000,59.09000,-6.26000
0.00000,0.23000,0.79000,0.00000,0.00000,0.01000,-0.01000,59.15000,-6.33000
0.00000,0.23000,0.79000,0.00000,0.00000,0.01000,-0.01000,59.15000,-6.33000
0.00000,0.23000,0.79000,0.00000,0.00000,0.01000,-0.01000,59.22000,-6.40000
0.00000,0.23000,0.79000,0.00000,0.00000,0.01000,-0.01000,59.22000,-6.40000
0.00000,0.23000,0.79000,0.00000,0.00000,0.01000,-0.01000,59.29000,-6.47000
0.00000,0.23000,0.79000,0.00000,0.00000,0.01000,-0.01000,59.29000,-6.47000
0.00000,0.23000,0.79000,0.00000,0.00000,0.01000,-0.01000,59.35000,-6.53000
0.00000,0.23000,0.79000,0.00000,0.00000,0.01000,-0.01000,59.35000,-6.53000
0.00000,0.23000,0.79000,0.00000,0.00000,0.01000,-0.01000,59.42000,-6.60000
0.00000,0.23000,0.79000,0.00000,0.00000,0.01000,-0.01000,59.42000,-6.60000
0.00000,0.23000,0.79000,0.00000,0.00000,0.01000,-0.01000,59.49000,-6.67000
0.00000,0.23000,0.79000,0.00000,0.00000,0.01000,-0.01000,59.49000,-6.67000
0.00000,0.23000,0.79000,0.00000,0.00000,0.01000,-0.01000,59.56000,-6.74000
0.00000,0.23000,0.79000,0.00000,0.00000,0.01000,-0.01000,59.56000,-6.74000
0.00000,0.23000,0.79000,0.00000,0.00000,0.01000,-0.01000,59.62000,-6.80000
0.00000,0.23000,0.79000,0.00000,0.00000,0.01000,-0.01000,59.62000,-6.80000
0.00000,0.23000,0.79000,0.00000,0.00000,0.01000,-0.01000,59.69000,-6.87000
0.00000,0.23000,0.79000,0.00000,0.00000,0.01000,-0.01000,59.69000,-6.87000
0.00000,0.23000,0.79000,0.00000,0.00000,0.01000,-0.01000,59.76000,-6.94000
0.00000,0.23000,0.79000,0.00000,0.00000,0.01000,-0.01000,59.76000,-6.94000
0.00000,0.23000,0.79000,0.00000,0.00000,0.01000,-0.01000,59.82000,-7.01000
0.00000,0.23000,0.79000,0.00000,0.00000,0.01000,-0.01000,59.82000,-7.01000
0.00000,0.23000,0.79000,0.00000,0.00000,0.01000,-0.01000,59.89000,-7.07000
0.00000,0.23000,0.79000,0.00000,0.00000,0.01000,-0.01000,59.89000,-7.07000
0.00000,0.23000,0.79000,0.00000,0.00000,0.01000,-0.01000,59.96000,-7.14000
0.00000,0.23000,0.79000,0.00000,0.00000,0.01000,-0.01000,59.96000,-7.14000
0.00000,0.23000,0.79000,0.00000,0.00000,0.01000,-0.01000,60.02000,-7.21000
0.00000,0.23000,0.79000,0.00000,0.00000,0.01000,-0.01000,60.02000,-7.21000
0.00000,0.23000,0.79000,0.00000,0.00000,0.01000,-0.01000,60.09000,-7.28000
0.00000,0.23000,0.79000,0.00000,0.00000,0.01000,-0.01000,60.09000,-7.28000
0.00000,0.23000,0.79000,0.00000,0.00000,0.01000,-0.01000,60.16000,-7.34000
0.00000,0.23000,0.79000,0.00000,0.00000,0.01000,-0.01000,60.16000,-7.34000
0.00000,0.23000,0.79000,0.00000,0.00000,0.01000,-0.01000,60.22000,-7.41000
0.00000,0.23000,0.79000,0.00000,0.00000,0.01000,-0.01000,60.22000,-7.41000
0.00000,0.23000,0.79000,0.00000,0.00000,0.01000,-0.01000,60.29000,-7.48000
0.00000,0.23000,0.79000,0.00000,0.00000,0.01000,-0.01000,60.29000,-7.48000
0.00000,0.23000,0.79000,0.00000,0.00000,0.01000,-0.01000,60.36000,-7.55000
0.00000,0.23000,0.79000,0.00000,0.00000,0.01000,-0.01000,60.36000,-7.55000
0.00000,0.23000,0.79000,0.00000,0.00000,0.01000,-0.01000,60.43000,-7.61000
0.00000,0.23000,0.79000,0.00000,0.00000,0.01000,-0.01000,60.43000,-7.61000
0.00000,0.23000,0.79000,0.00000,0.00000,0.01000,-0.01000,60.49000,-7.68000
0.00000,0.23000,0.79000,0.00000,0.00000,0.01000,-0.01000,60.49000,-7.68000
0.00000,0.23000,0.79000,0.00000,0.00000,0.01000,-0.01000,60.56000,-7.75000
0.00000,0.23000,0.79000,0.00000,0.00000,0.01000,-0.01000,60.56000,-7.75000
0.00000,0.23000,0.79000,0.00000,0.00000,0.01000,-0.01000,60.63000,-7.82000
0.00000,0.23000,0.79000,0.00000,0.00000,0.01000,-0.01000,60.63000,-7.82000
0.00000,0.23000,0.79000,0.00000,0.00000,0.01000,-0.01000,60.69000,-7.88000
0.00000,0.23000,0.79000,0.00000,0.00000,0.01000,-0.01000,60.69000,-7.88000
0.00000,0.23000,0.79000,0.00000,0.00000,0.01000,-0.01000,60.76000,-7.95000
0.00000,0.23000,0.79000,0.00000,0.00000,0.01000,-0.01000,60.76000,-7.95000
0.00000,0.23000,0.79000,0.00000,0.00000,0.01000,-0.01000,60.83000,-8.02000
0.00000,0.23000,0.79000,0.00000,0.00000,0.01000,-0.01000,60.83000,-8.02000
0.00000,0.23000,0.79000,0.00000,0.00000,0.01000,-0.01000,60.89000,-8.09000
0.00000,0.23000,0.79000,0.00000,0.00000,0.01000,-0.01000,60.89000,-8.09000
0.00000,0.23000,0.79000,0.00000,0.00000,0.01000,-0.01000,60.96000,-8.15000
0.00000,0.23000,0.79000,0.00000,0.00000,0.01000,-0.01000,60.96000,-8.15000
0.00000,0.23000,0.79000,0.00000,0.00000,0.01000,-0.01000,61.03000,-8.22000
0.00000,0.23000,0.79000,0.00000,0.00000,0.01000,-0.01000,61.03000,-8.22000
0.00000,0.23000,0.79000,0.00000,0.00000,0.01000,-0.01000,61.09000,-8.29000
0.00000,0.23000,0.79000,0.00000,0.00000,0.01000,-0.01000,61.09000,-8.29000
0.00000,0.23000,0.79000,0.00000,0.00000,0.01000,-0.01000,61.16000,-8.36000
0.00000,0.23000,0.79000,0.00000,0.00000,0.01000,-0.01000,61.16000,-8.36000
0.00000,0.23000,0.79000,0.00000,0.00000,0.01000,-0.01000,61.23000,-8.42000
0.00000,0.23000,0.79000,0.00000,0.00000,0.01000,-0.01000,61.23000,-8.42000
0.00000,0.23000,0.79000,0.00000,0.00000,0.01000,-0.01000,61.30000,-8.49000
0.00000,0.23000,0.79000,0.00000,0.00000,0.01000,-0.01000,61.30000,-8.49000
0.00000,0.23000,0.79000,0.00000,0.00000,0.01000,-0.01000,61.36000,-8.56000
0.00000,0.23000,0.79000,0.00000,0.00000,0.01000,-0.01000,61.36000,-8.56000
0.00000,0.23000,0.79000,0.00000,0.00000,0.01000,-0.01000,61.43000,-8.63000
0.00000,0.23000,0.79000,0.00000,0.00000,0.01000,-0.01000,61.43000,-8.63000
0.00000,0.23000,0.79000,0.00000,0.00000,0.01000,-0.01000,61.50000,-8.69000
0.00000,0.23000,0.79000,0.00000,0.00000,0.01000,-0.01000,61.50000,-8.69000
0.00000,0.23000,0.79000,0.00000,0.00000,0.01000,-0.01000,61.56000,-8.76000
0.00000,0.23000,0.79000,0.00000,0.00000,0.01000,-0.01000,61.56000,-8.76000
0.00000,0.23000,0.79000,0.00000,0.00000,0.01000,-0.01000,61.63000,-8.83000
0.00000,0.23000,0.79000,0.00000,0.00000,0.01000,-0.01000,61.63000,-8.83000
0.00000,0.23000,0.79000,0.00000,0.00000,0.01000,-0.01000,61.70000,-8.90000
0.00000,0.23000,0.79000,0.00000,0.00000,0.01000,-0.01000,61.70000,-8.90000
0.00000,0.23000,0.79000,0.02000,0.00000,0.01000,-0.01000,61.76000,-8.96000
0.00000,0.23000,0.79000,0.00000,0.00000,0.01000,-0.01000,61.76000,-8.96000
0.00000,0.23000,0.79000,0.00000,0.00000,0.01000,-0.01000,61.85000,-9.05000
0.00000,0.23000,0.79000,0.00000,0.00000,0.01000,-0.01000,61.85000,-9.05000
0.00000,0.23000,0.79000,0.00000,0.00000,0.01000,-0.01000,61.92000,-9.12000
0.00000,0.23000,0.79000,0.00000,0.00000,0.01000,-0.01000,61.92000,-9.12000
0.00000,0.23000,0.79000,0.00000,0.00000,0.01000,-0.01000,62.00000,-9.20000
0.00000,0.23000,0.79000,0.00000,0.00000,0.01000,-0.01000,62.00000,-9.20000
0.00000,0.23000,0.79000,0.00000,0.00000,0.01000,-0.01000,62.07000,-9.27000
0.00000,0.23000,0.79000,0.00000,0.00000,0.01000,-0.01000,62.07000,-9.27000
0.00000,0.23000,0.79000,0.00000,0.00000,0.01000,-0.01000,62.14000,-9.35000
0.00000,0.23000,0.79000,0.00000,0.00000,0.01000,-0.01000,62.14000,-9.35000
0.00000,0.23000,0.79000,0.00000,0.00000,0.01000,-0.01000,62.22000,-9.42000
0.00000,0.23000,0.79000,0.00000,0.00000,0.01000,-0.01000,62.22000,-9.42000
0.00000,0.23000,0.79000,0.00000,0.00000,0.01000,-0.01000,62.29000,-9.50000
0.00000,0.23000,0.79000,0.00000,0.00000,0.01000,-0.01000,62.29000,-9.50000
0.00000,0.23000,0.79000,0.00000,0.00000,0.01000,-0.01000,62.36000,-9.57000
0.00000,0.23000,0.79000,0.00000,0.00000,0.01000,-0.01000,62.36000,-9.57000
0.00000,0.23000,0.79000,0.00000,0.00000,0.01000,-0.01000,62.44000,-9.64000
0.00000,0.23000,0.79000,0.00000,0.00000,0.01000,-0.01000,62.44000,-9.64000
0.00000,0.23000,0.79000,0.00000,0.00000,0.01000,-0.01000,62.51000,-9.72000
0.00000,0.23000,0.79000,0.00000,0.00000,0.01000,-0.01000,62.51000,-9.72000
0.00000,0.23000,0.79000,0.00000,0.00000,0.01000,-0.01000,62.59000,-9.79000
0.00000,0.23000,0.79000,0.00000,0.00000,0.01000,-0.01000,62.59000,-9.79000
0.00000,0.23000,0.79000,0.00000,0.00000,0.01000,-0.01000,62.66000,-9.87000
0.00000,0.23000,0.79000,0.00000,0.00000,0.01000,-0.01000,62.66000,-9.87000
0.00000,0.23000,0.79000,0.00000,0.00000,0.01000,-0.01000,62.73000,-9.94000
0.00000,0.23000,0.79000,0.00000,0.00000,0.01000,-0.01000,62.73000,-9.94000
0.00000,0.23000,0.79000,0.00000,0.00000,0.01000,-0.01000,62.81000,-10.02000
0.00000,0.23000,0.79000,0.00000,0.00000,0.01000,-0.01000,62.81000,-10.02000
0.00000,0.23000,0.79000,0.00000,0.00000,0.01000,-0.01000,62.88000,-10.09000
0.00000,0.23000,0.79000,0.00000,0.00000,0.01000,-0.01000,62.88000,-10.09000
0.00000,0.23000,0.79000,0.00000,0.00000,0.01000,-0.01000,62.95000,-10.16000
0.00000,0.23000,0.79000,0.00000,0.00000,0.01000,-0.01000,62.95000,-10.16000
0.00000,0.23000,0.79000,0.00000,0.00000,0.01000,-0.01000,63.03000,-10.24000
0.00000,0.23000,0.79000,0.00000,0.00000,0.01000,-0.01000,63.03000,-10.24000
0.00000,0.23000,0.79000,0.00000,0.00000,0.01000,-0.01000,63.10000,-10.31000
0.00000,0.23000,0.79000,0.00000,0.00000,0.01000,-0.01000,63.10000,-10.31000
0.00000,0.23000,0.79000,0.00000,0.00000,0.01000,-0.01000,63.18000,-10.39000
0.00000,0.23000,0.79000,0.00000,0.00000,0.01000,-0.01000,63.18000,-10.39000
0.00000,0.23000,0.79000,0.00000,0.00000,0.01000,-0.01000,63.25000,-10.46000
0.00000,0.23000,0.79000,0.00000,0.00000,0.01000,-0.01000,63.25000,-10.46000
0.00000,0.23000,0.79000,0.00000,0.00000,0.01000,-0.01000,63.32000,-10.54000
0.00000,0.23000,0.79000,0.00000,0.00000,0.01000,-0.01000,63.32000,-10.54000
0.00000,0.23000,0.79000,0.00000,0.00000,0.01000,-0.01000,63.40000,-10.61000
0.00000,0.23000,0.79000,0.00000,0.00000,0.01000,-0.01000,63.40000,-10.61000
0.00000,0.23000,0.79000,0.00000,0.00000,0.01000,-0.01000,63.47000,-10.69000
0.00000,0.23000,0.79000,0.00000,0.00000,0.01000,-0.01000,63.47000,-10.69000
0.00000,0.23000,0.79000,0.00000,0.00000,0.01000,-0.01000,63.54000,-10.76000
0.00000,0.23000,0.79000,0.00000,0.00000,0.01000,-0.01000,63.54000,-10.76000
0.00000,0.23000,0.79000,0.00000,0.00000,0.01000,-0.01000,63.62000,-10.83000
0.00000,0.23000,0.79000,0.00000,0.00000,0.01000,-0.01000,63.62000,-10.83000
0.00000,0.23000,0.79000,0.00000,0.00000,0.01000,-0.01000,63.69000,-10.91000
0.00000,0.23000,0.79000,0.00000,0.00000,0.01000,-0.01000,63.69000,-10.91000
0.00000,0.23000,0.79000,0.00000,0.00000,0.01000,-0.01000,63.77000,-10.98000
0.00000,0.23000,0.79000,0.00000,0.00000,0.01000,-0.01000,63.77000,-10.98000
0.00000,0.23000,0.79000,0.00000,0.00000,0.01000,-0.01000,63.84000,-11.06000
0.00000,0.23000,0.79000,0.00000,0.00000,0.01000,-0.01000,63.84000,-11.06000
0.00000,0.23000,0.79000,0.00000,0.00000,0.01000,-0.01000,63.91000,-11.13000
0.00000,0.23000,0.79000,0.00000,0.00000,0.01000,-0.01000,63.91000,-11.13000
0.00000,0.23000,0.79000,0.00000,0.00000,0.01000,-0.01000,63.99000,-11.21000
0.00000,0.23000,0.79000,0.00000,0.00000,0.01000,-0.01000,63.99000,-11.21000
0.00000,0.23000,0.79000,0.00000,0.00000,0.01000,-0.01000,64.06000,-11.28000
0.00000,0.23000,0.79000,0.00000,0.00000,0.01000,-0.01000,64.06000,-11.28000
0.00000,0.23000,0.79000,0.00000,0.00000,0.01000,-0.01000,64.14000,-11.36000
0.00000,0.23000,0.79000,0.00000,0.00000,0.01000,-0.01000,64.14000,-11.36000
0.00000,0.23000,0.79000,0.00000,0.00000,0.01000,-0.01000,64.21000,-11.43000
0.00000,0.23000,0.79000,0.00000,0.00000,0.01000,-0.01000,64.21000,-11.43000
0.00000,0.23000,0.79000,0.00000,0.00000,0.01000,-0.01000,64.28000,-11.50000
0.00000,0.23000,0.79000,0.00000,0.00000,0.01000,-0.01000,64.28000,-11.50000
0.00000,0.23000,0.79000,0.00000,0.00000,0.01000,-0.01000,64.36000,-11.58000
0.00000,0.23000,0.79000,0.00000,0.00000,0.01000,-0.01000,64.36000,-11.58000
0.00000,0.23000,0.79000,0.00000,0.00000,0.01000,-0.01000,64.43000,-11.65000
0.00000,0.23000,0.79000,0.00000,0.00000,0.01000,-0.01000,64.43000,-11.65000
0.00000,0.23000,0.79000,0.00000,0.00000,0.01000,-0.01000,64.50000,-11.73000
0.00000,0.23000,0.79000,0.00000,0.00000,0.01000,-0.01000,64.50000,-11.73000
0.00000,0.23000,0.79000,0.00000,0.00000,0.01000,-0.01000,64.58000,-11.80000
0.00000,0.23000,0.79000,0.00000,0.00000,0.01000,-0.01000,64.58000,-11.80000
0.00000,0.23000,0.79000,0.00000,0.00000,0.01000,-0.01000,64.65000,-11.88000
0.00000,0.23000,0.79000,0.00000,0.00000,0.01000,-0.01000,64.65000,-11.88000
0.00000,0.23000,0.79000,0.00000,0.00000,0.01000,-0.01000,64.73000,-11.95000
0.00000,0.23000,0.79000,0.00000,0.00000,0.01000,-0.01000,64.73000,-11.95000
0.00000,0.23000,0.79000,0.00000,0.00000,0.01000,-0.01000,64.80000,-12.02000
0.00000,0.23000,0.79000,0.00000,0.00000,0.01000,-0.01000,64.80000,-12.02000
0.00000,0.23000,0.79000,0.00000,0.00000,0.01000,-0.01000,64.87000,-12.10000
0.00000,0.23000,0.79000,0.00000,0.00000,0.01000,-0.01000,64.87000,-12.10000
0.00000,0.23000,0.79000,0.00000,0.00000,0.01000,-0.01000,64.95000,-12.17000
0.00000,0.23000,0.79000,0.00000,0.00000,0.01000,-0.01000,64.95000,-12.17000
0.00000,0.23000,0.79000,0.00000,0.00000,0.01000,-0.01000,65.02000,-12.25000
0.00000,0.23000,0.79000,0.00000,0.00000,0.01000,-0.01000,65.02000,-12.25000
0.00000,0.23000,0.79000,0.00000,0.00000,0.01000,-0.01000,65.09000,-12.32000
0.00000,0.23000,0.79000,0.00000,0.00000,0.01000,-0.01000,65.09000,-12.32000
0.00000,0.23000,0.79000,0.00000,0.00000,0.01000,-0.01000,65.17000,-12.40000
0.00000,0.23000,0.79000,0.00000,0.00000,0.01000,-0.01000,65.17000,-12.40000
0.00000,0.23000,0.79000,0.00000,0.00000,0.01000,-0.01000,65.24000,-12.47000
0.00000,0.23000,0.79000,0.00000,0.00000,0.01000,-0.01000,65.24000,-12.47000
0.00000,0.23000,0.79000,0.00000,0.00000,0.01000,-0.01000,65.32000,-12.55000
0.00000,0.23000,0.79000,0.00000,0.00000,0.01000,-0.01000,65.32000,-12.55000
0.00000,0.23000,0.79000,0.00000,0.00000,0.01000,-0.01000,65.39000,-12.62000
0.00000,0.23000,0.79000,0.00000,0.00000,0.01000,-0.01000,65.39000,-12.62000
0.00000,0.23000,0.79000,0.00000,0.00000,0.01000,-0.01000,65.46000,-12.69000
0.00000,0.23000,0.79000,0.00000,0.00000,0.01000,-0.01000,65.46000,-12.69000
0.00000,0.23000,0.79000,0.00000,0.00000,0.01000,-0.01000,65.54000,-12.77000
0.00000,0.23000,0.79000,0.00000,0.00000,0.01000,-0.01000,65.54000,-12.77000
0.00000,0.23000,0.79000,0.00000,0.00000,0.01000,-0.01000,65.61000,-12.84000
0.00000,0.23000,0.79000,0.00000,0.00000,0.01000,-0.01000,65.61000,-12.84000
0.00000,0.23000,0.79000,0.00000,0.00000,0.01000,-0.01000,65.68000,-12.92000
0.00000,0.23000,0.79000,0.00000,0.00000,0.01000,-0.01000,65.68000,-12.92000
0.00000,0.23000,0.79000,0.00000,0.00000,0.01000,-0.01000,65.76000,-12.99000
0.00000,0.23000,0.79000,0.00000,0.00000,0.01000,-0.01000,65.76000,-12.99000
0.00000,0.23000,0.79000,0.00000,0.00000,0.01000,-0.01000,65.83000,-13.07000
0.00000,0.23000,0.79000,0.00000,0.00000,0.01000,-0.01000,65.83000,-13.07000
0.00000,0.23000,0.79000,0.00000,0.00000,0.01000,-0.01000,65.91000,-13.14000
0.00000,0.23000,0.79000,0.00000,0.00000,0.01000,-0.01000,65.91000,-13.14000
0.00000,0.23000,0.79000,0.00000,0.00000,0.01000,-0.01000,65.98000,-13.22000
0.00000,0.23000,0.79000,0.00000,0.00000,0.01000,-0.01000,65.98000,-13.22000
0.00000,0.23000,0.79000,0.00000,0.00000,0.01000,-0.01000,66.05000,-13.29000
0.00000,0.23000,0.79000,0.00000,0.00000,0.01000,-0.01000,66.05000,-13.29000
0.00000,0.23000,0.79000,0.00000,0.00000,0.01000,-0.01000,66.13000,-13.36000
0.00000,0.23000,0.79000,0.00000,0.00000,0.01000,-0.01000,66.13000,-13.36000
0.00000,0.23000,0.79000,0.00000,0.00000,0.01000,-0.01000,66.20000,-13.44000
0.00000,0.23000,0.79000,0.00000,0.00000,0.01000,-0.01000,66.20000,-13.44000
0.00000,0.23000,0.79000,0.00000,0.00000,0.01000,-0.01000,66.27000,-13.51000
0.00000,0.23000,0.79000,0.00000,0.00000,0.01000,-0.01000,66.27000,-13.51000
0.00000,0.23000,0.79000,0.00000,0.00000,0.01000,-0.01000,66.35000,-13.59000
0.00000,0.23000,0.79000,0.00000,0.00000,0.01000,-0.01000,66.35000,-13.59000
0.00000,0.23000,0.79000,0.00000,0.00000,0.01000,-0.01000,66.42000,-13.66000
0.00000,0.23000,0.79000,0.00000,0.00000,0.01000,-0.01000,66.42000,-13.66000
0.00000,0.23000,0.79000,0.00000,0.00000,0.01000,-0.01000,66.50000,-13.74000
0.00000,0.23000,0.79000,0.00000,0.00000,0.01000,-0.01000,66.50000,-13.74000
0.00000,0.23000,0.79000,0.00000,0.00000,0.01000,-0.01000,66.57000,-13.81000
0.00000,0.23000,0.79000,0.00000,0.00000,0.01000,-0.01000,66.57000,-13.81000
0.00000,0.23000,0.79000,0.00000,0.00000,0.01000,-0.01000,66.64000,-13.88000
0.00000,0.23000,0.79000,0.00000,0.00000,0.01000,-0.01000,66.64000,-13.88000
0.00000,0.23000,0.79000,0.00000,0.00000,0.01000,-0.01000,66.72000,-13.96000
0.00000,0.23000,0.79000,0.00000,0.00000,0.01000,-0.01000,66.72000,-13.96000
0.00000,0.23000,0.79000,0.00000,0.00000,0.01000,-0.01000,66.79000,-14.03000
0.00000,0.23000,0.79000,0.00000,0.00000,0.01000,-0.01000,66.79000,-14.03000
0.00000,0.23000,0.79000,0.00000,0.00000,0.01000,-0.01000,66.86000,-14.11000
0.00000,0.23000,0.79000,0.00000,0.00000,0.01000,-0.01000,66.86000,-14.11000
0.00000,0.23000,0.79000,0.00000,0.00000,0.01000,-0.01000,66.94000,-14.18000
0.00000,0.23000,0.79000,0.00000,0.00000,0.01000,-0.01000,66.94000,-14.18000
0.00000,0.23000,0.79000,0.00000,0.00000,0.01000,-0.01000,67.01000,-14.26000
0.00000,0.23000,0.79000,0.00000,0.00000,0.01000,-0.01000,67.01000,-14.26000
0.00000,0.23000,0.79000,0.00000,0.00000,0.01000,-0.01000,67.09000,-14.33000
0.00000,0.23000,0.79000,0.00000,0.00000,0.01000,-0.01000,67.09000,-14.33000
0.00000,0.23000,0.79000,0.00000,0.00000,0.01000,-0.01000,67.16000,-14.41000
0.00000,0.23000,0.79000,0.00000,0.00000,0.01000,-0.01000,67.16000,-14.41000
0.00000,0.23000,0.79000,0.00000,0.00000,0.01000,-0.01000,67.23000,-14.48000
0.00000,0.23000,0.79000,0.00000,0.00000,0.01000,-0.01000,67.23000,-14.48000
0.00000,0.23000,0.79000,0.00000,0.00000,0.01000,-0.01000,67.31000,-14.55000
0.00000,0.23000,0.79000,0.00000,0.00000,0.01000,-0.01000,67.31000,-14.55000
0.00000,0.23000,0.79000,0.00000,0.00000,0.01000,-0.01000,67.38000,-14.63000
0.00000,0.23000,0.79000,0.00000,0.00000,0.01000,-0.01000,67.38000,-14.63000
0.00000,0.23000,0.79000,0.00000,0.00000,0.01000,-0.01000,67.46000,-14.70000
0.00000,0.23000,0.79000,0.00000,0.00000,0.01000,-0.01000,67.46000,-14.70000
0.00000,0.23000,0.79000,0.00000,0.00000,0.01000,-0.01000,67.53000,-14.78000
0.00000,0.23000,0.79000,0.00000,0.00000,0.01000,-0.01000,67.53000,-14.78000
0.00000,0.23000,0.79000,0.00000,0.00000,0.01000,-0.01000,67.60000,-14.85000
0.00000,0.23000,0.79000,0.00000,0.00000,0.01000,-0.01000,67.60000,-14.85000
0.00000,0.23000,0.79000,0.00000,0.00000,0.01000,-0.01000,67.68000,-14.93000
0.00000,0.23000,0.79000,0.00000,0.00000,0.01000,-0.01000,67.68000,-14.93000
0.00000,0.23000,0.79000,0.00000,0.00000,0.01000,-0.01000,67.75000,-15.00000
0.00000,0.23000,0.79000,0.00000,0.00000,0.01000,-0.01000,67.75000,-15.00000
0.00000,0.23000,0.79000,0.00000,0.00000,0.01000,-0.01000,67.82000,-15.07000
0.00000,0.23000,0.79000,0.00000,0.00000,0.01000,-0.01000,67.82000,-15.07000
0.00000,0.23000,0.79000,0.00000,0.00000,0.01000,-0.01000,67.90000,-15.15000
0.00000,0.23000,0.79000,0.00000,0.00000,0.01000,-0.01000,67.90000,-15.15000
0.00000,0.23000,0.79000,0.00000,0.00000,0.01000,-0.01000,67.97000,-15.22000
0.00000,0.23000,0.79000,0.00000,0.00000,0.01000,-0.01000,67.97000,-15.22000
0.00000,0.23000,0.79000,0.00000,0.00000,0.01000,-0.01000,68.05000,-15.30000
0.00000,0.23000,0.79000,0.00000,0.00000,0.01000,-0.01000,68.05000,-15.30000
0.00000,0.23000,0.79000,0.00000,0.00000,0.01000,-0.01000,68.12000,-15.37000
0.00000,0.23000,0.79000,0.00000,0.00000,0.01000,-0.01000,68.12000,-15.37000
0.00000,0.23000,0.79000,0.00000,0.00000,0.01000,-0.01000,68.19000,-15.45000
0.00000,0.23000,0.79000,0.00000,0.00000,0.01000,-0.01000,68.19000,-15.45000
0.00000,0.23000,0.79000,0.00000,0.00000,0.01000,-0.01000,68.27000,-15.52000
0.00000,0.23000,0.79000,0.00000,0.00000,0.01000,-0.01000,68.27000,-15.52000
0.00000,0.23000,0.79000,0.00000,0.00000,0.01000,-0.01000,68.34000,-15.60000
0.00000,0.23000,0.79000,0.00000,0.00000,0.01000,-0.01000,68.34000,-15.60000
0.00000,0.23000,0.79000,0.00000,0.00000,0.01000,-0.01000,68.41000,-15.67000
0.00000,0.23000,0.79000,0.00000,0.00000,0.01000,-0.01000,68.41000,-15.67000
0.00000,0.23000,0.79000,0.00000,0.00000,0.01000,-0.01000,68.49000,-15.74000
0.00000,0.23000,0.79000,0.00000,0.00000,0.01000,-0.01000,68.49000,-15.74000
0.00000,0.23000,0.79000,0.00000,0.00000,0.01000,-0.01000,68.56000,-15.82000
0.00000,0.23000,0.79000,0.00000,0.00000,0.01000,-0.01000,68.56000,-15.82000
0.00000,0.23000,0.79000,0.00000,0.00000,0.01000,-0.01000,68.64000,-15.89000
0.00000,0.23000,0.79000,0.00000,0.00000,0.01000,-0.01000,68.64000,-15.89000
0.00000,0.23000,0.79000,0.00000,0.00000,0.01000,-0.01000,68.71000,-15.97000
0.00000,0.23000,0.79000,0.00000,0.00000,0.01000,-0.01000,68.71000,-15.97000
0.00000,0.23000,0.79000,0.00000,0.00000,0.01000,-0.01000,68.78000,-16.04000
0.00000,0.23000,0.79000,0.00000,0.00000,0.01000,-0.01000,68.78000,-16.04000
0.00000,0.23000,0.79000,0.00000,0.00000,0.01000,-0.01000,68.86000,-16.12000
0.00000,0.23000,0.79000,0.00000,0.00000,0.01000,-0.01000,68.86000,-16.12000
0.00000,0.23000,0.79000,0.00000,0.00000,0.01000,-0.01000,68.93000,-16.19000
0.00000,0.23000,0.79000,0.00000,0.00000,0.01000,-0.01000,68.93000,-16.19000
0.00000,0.23000,0.79000,0.00000,0.00000,0.01000,-0.01000,69.00000,-16.27000
0.00000,0.23000,0.79000,0.00000,0.00000,0.01000,-0.01000,69.00000,-16.27000
0.00000,0.23000,0.79000,0.00000,0.00000,0.01000,-0.01000,69.08000,-16.34000
0.00000,0.23000,0.79000,0.00000,0.00000,0.01000,-0.01000,69.08000,-16.34000
0.00000,0.23000,0.79000,0.00000,0.00000,0.01000,-0.01000,69.15000,-16.41000
0.00000,0.23000,0.79000,0.00000,0.00000,0.01000,-0.01000,69.15000,-16.41000
0.00000,0.23000,0.79000,0.00000,0.00000,0.01000,-0.01000,69.23000,-16.49000
0.00000,0.23000,0.79000,0.00000,0.00000,0.01000,-0.01000,69.23000,-16.49000
0.00000,0.23000,0.79000,0.00000,0.00000,0.01000,-0.01000,69.30000,-16.56000
0.00000,0.23000,0.79000,0.00000,0.00000,0.01000,-0.01000,69.30000,-16.56000
0.00000,0.23000,0.79000,0.00000,0.00000,0.01000,-0.01000,69.37000,-16.64000
0.00000,0.23000,0.79000,0.00000,0.00000,0.01000,-0.01000,69.37000,-16.64000
0.00000,0.23000,0.79000,0.00000,0.00000,0.01000,-0.01000,69.45000,-16.71000
0.00000,0.23000,0.79000,0.00000,0.00000,0.01000,-0.01000,69.45000,-16.71000
0.00000,0.23000,0.79000,0.00000,0.00000,0.01000,-0.01000,69.52000,-16.79000
0.00000,0.23000,0.79000,0.00000,0.00000,0.01000,-0.01000,69.52000,-16.79000
0.00000,0.23000,0.79000,0.00000,0.00000,0.01000,-0.01000,69.59000,-16.86000
0.00000,0.23000,0.79000,0.00000,0.00000,0.01000,-0.01000,69.59000,-16.86000
0.00000,0.23000,0.79000,0.00000,0.00000,0.01000,-0.01000,69.67000,-16.93000
0.00000,0.23000,0.79000,0.00000,0.00000,0.01000,-0.01000,69.67000,-16.93000
0.00000,0.23000,0.79000,0.00000,0.00000,0.01000,-0.01000,69.74000,-17.01000
0.00000,0.23000,0.79000,0.00000,0.00000,0.01000,-0.01000,69.74000,-17.01000
0.00000,0.23000,0.79000,0.00000,0.00000,0.01000,-0.01000,69.82000,-17.08000
0.00000,0.23000,0.79000,0.00000,0.00000,0.01000,-0.01000,69.82000,-17.08000
0.00000,0.23000,0.79000,0.00000,0.00000,0.01000,-0.01000,69.89000,-17.16000
0.00000,0.23000,0.79000,0.00000,0.00000,0.01000,-0.01000,69.89000,-17.16000
0.00000,0.23000,0.79000,0.00000,0.00000,0.01000,-0.01000,69.96000,-17.23000
0.00000,0.23000,0.79000,0.00000,0.00000,0.01000,-0.01000,69.96000,-17.23000
0.00000,0.23000,0.79000,0.00000,0.00000,0.01000,-0.01000,70.04000,-17.31000
0.00000,0.23000,0.79000,0.00000,0.00000,0.01000,-0.01000,70.04000,-17.31000
0.00000,0.23000,0.79000,0.00000,0.00000,0.01000,-0.01000,70.11000,-17.38000
0.00000,0.23000,0.79000,0.00000,0.00000,0.01000,-0.01000,70.11000,-17.38000
0.00000,0.23000,0.79000,0.00000,0.00000,0.01000,-0.01000,70.18000,-17.46000
0.00000,0.23000,0.79000,0.00000,0.00000,0.01000,-0.01000,70.18000,-17.46000
0.00000,0.23000,0.79000,0.00000,0.00000,0.01000,-0.01000,70.26000,-17.53000
0.00000,0.23000,0.79000,0.00000,0.00000,0.01000,-0.01000,70.26000,-17.53000
0.00000,0.23000,0.79000,0.00000,0.00000,0.01000,-0.01000,70.33000,-17.60000
0.00000,0.23000,0.79000,0.00000,0.00000,0.01000,-0.01000,70.33000,-17.60000
0.00000,0.23000,0.79000,0.00000,0.00000,0.01000,-0.01000,70.41000,-17.68000
0.00000,0.23000,0.79000,0.00000,0.00000,0.01000,-0.01000,70.41000,-17.68000
0.00000,0.23000,0.79000,0.00000,0.00000,0.01000,-0.01000,70.48000,-17.75000
0.00000,0.23000,0.79000,0.00000,0.00000,0.01000,-0.01000,70.48000,-17.75000
0.00000,0.23000,0.79000,0.00000,0.00000,0.01000,-0.01000,70.55000,-17.83000
0.00000,0.23000,0.79000,0.00000,0.00000,0.01000,-0.01000,70.55000,-17.83000
0.00000,0.23000,0.79000,0.00000,0.00000,0.01000,-0.01000,70.63000,-17.90000
0.00000,0.23000,0.79000,0.00000,0.00000,0.01000,-0.01000,70.63000,-17.90000
0.00000,0.23000,0.79000,0.00000,0.00000,0.01000,-0.01000,70.70000,-17.98000
0.00000,0.23000,0.79000,0.00000,0.00000,0.01000,-0.01000,70.70000,-17.98000
0.00000,0.23000,0.79000,0.00000,0.00000,0.01000,-0.01000,70.77000,-18.05000
0.00000,0.23000,0.79000,0.00000,0.00000,0.01000,-0.01000,70.77000,-18.05000
0.00000,0.23000,0.79000,0.00000,0.00000,0.01000,-0.01000,70.85000,-18.13000
0.00000,0.23000,0.79000,0.00000,0.00000,0.01000,-0.01000,70.85000,-18.13000
0.00000,0.23000,0.79000,0.00000,0.00000,0.01000,-0.01000,70.92000,-18.20000
0.00000,0.23000,0.79000,0.00000,0.00000,0.01000,-0.01000,70.92000,-18.20000
0.00000,0.23000,0.79000,0.00000,0.00000,0.01000,-0.01000,71.00000,-18.27000
0.00000,0.23000,0.79000,0.00000,0.00000,0.01000,-0.01000,71.00000,-18.27000
0.00000,0.23000,0.79000,0.00000,0.00000,0.01000,-0.01000,71.07000,-18.35000
0.00000,0.23000,0.79000,0.00000,0.00000,0.01000,-0.01000,71.07000,-18.35000
0.00000,0.23000,0.79000,0.00000,0.00000,0.01000,-0.01000,71.14000,-18.42000
0.00000,0.23000,0.79000,0.00000,0.00000,0.01000,-0.01000,71.14000,-18.42000
0.00000,0.23000,0.79000,0.00000,0.00000,0.01000,-0.01000,71.22000,-18.50000
0.00000,0.23000,0.79000,0.00000,0.00000,0.01000,-0.01000,71.22000,-18.50000
0.00000,0.23000,0.79000,0.00000,0.00000,0.01000,-0.01000,71.29000,-18.57000
0.00000,0.23000,0.79000,0.00000,0.00000,0.01000,-0.01000,71.29000,-18.57000
0.00000,0.23000,0.79000,0.00000,0.00000,0.01000,-0.01000,71.37000,-18.65000
0.00000,0.23000,0.79000,0.00000,0.00000,0.01000,-0.01000,71.37000,-18.65000
0.00000,0.23000,0.79000,0.00000,0.00000,0.01000,-0.01000,71.44000,-18.72000
0.00000,0.23000,0.79000,0.00000,0.00000,0.01000,-0.01000,71.44000,-18.72000
0.00000,0.23000,0.79000,0.00000,0.00000,0.01000,-0.01000,71.51000,-18.79000
0.00000,0.23000,0.79000,0.00000,0.00000,0.01000,-0.01000,71.51000,-18.79000
0.00000,0.23000,0.79000,0.00000,0.00000,0.01000,-0.01000,71.59000,-18.87000
0.00000,0.23000,0.79000,0.00000,0.00000,0.01000,-0.01000,71.59000,-18.87000
0.00000,0.23000,0.79000,0.00000,0.00000,0.01000,-0.01000,71.66000,-18.94000
0.00000,0.23000,0.79000,0.00000,0.00000,0.01000,-0.01000,71.66000,-18.94000
0.00000,0.23000,0.79000,0.00000,0.00000,0.01000,-0.01000,71.73000,-19.02000
0.00000,0.23000,0.79000,0.00000,0.00000,0.01000,-0.01000,71.73000,-19.02000
0.00000,0.23000,0.79000,0.00000,0.00000,0.01000,-0.01000,71.81000,-19.09000
0.00000,0.23000,0.79000,0.00000,0.00000,0.01000,-0.01000,71.81000,-19.09000
0.00000,0.23000,0.79000,0.00000,0.00000,0.01000,-0.01000,71.88000,-19.17000
0.00000,0.23000,0.79000,0.00000,0.00000,0.01000,-0.01000,71.88000,-19.17000
0.00000,0.23000,0.79000,0.00000,0.00000,0.01000,-0.01000,71.96000,-19.24000
0.00000,0.23000,0.79000,0.00000,0.00000,0.01000,-0.01000,71.96000,-19.24000
0.00000,0.23000,0.79000,0.00000,0.00000,0.01000,-0.01000,72.03000,-19.32000
0.00000,0.23000,0.79000,0.00000,0.00000,0.01000,-0.01000,72.03000,-19.32000
0.00000,0.23000,0.79000,0.00000,0.00000,0.01000,-0.01000,72.10000,-19.39000
0.00000,0.23000,0.79000,0.00000,0.00000,0.01000,-0.01000,72.10000,-19.39000
0.00000,0.23000,0.79000,0.00000,0.00000,0.01000,-0.01000,72.18000,-19.46000
0.00000,0.23000,0.79000,0.00000,0.00000,0.01000,-0.01000,72.18000,-19.46000
0.00000,0.23000,0.79000,0.00000,0.00000,0.01000,-0.01000,72.25000,-19.54000
0.00000,0.23000,0.79000,0.00000,0.00000,0.01000,-0.01000,72.25000,-19.54000
0.00000,0.23000,0.79000,0.00000,0.00000,0.01000,-0.01000,72.32000,-19.61000
0.00000,0.23000,0.79000,0.00000,0.00000,0.01000,-0.01000,72.32000,-19.61000
0.00000,0.23000,0.79000,0.00000,0.00000,0.01000,-0.01000,72.40000,-19.69000
0.00000,0.23000,0.79000,0.00000,0.00000,0.01000,-0.01000,72.40000,-19.69000
0.00000,0.23000,0.79000,0.00000,0.00000,0.01000,-0.01000,72.47000,-19.76000
0.00000,0.23000,0.79000,0.00000,0.00000,0.01000,-0.01000,72.47000,-19.76000
0.00000,0.23000,0.79000,0.00000,0.00000,0.01000,-0.01000,72.55000,-19.84000
0.00000,0.23000,0.79000,0.00000,0.00000,0.01000,-0.01000,72.55000,-19.84000
0.00000,0.23000,0.79000,0.00000,0.00000,0.01000,-0.01000,72.62000,-19.91000
0.00000,0.23000,0.79000,0.00000,0.00000,0.01000,-0.01000,72.62000,-19.91000
0.00000,0.23000,0.79000,0.00000,0.00000,0.01000,-0.01000,72.69000,-19.99000
0.00000,0.23000,0.79000,0.00000,0.00000,0.01000,-0.01000,72.69000,-19.99000
0.00000,0.23000,0.79000,0.00000,0.00000,0.01000,-0.01000,72.77000,-20.06000
0.00000,0.23000,0.79000,0.00000,0.00000,0.01000,-0.01000,72.77000,-20.06000
0.00000,0.23000,0.79000,0.00000,0.00000,0.01000,-0.01000,72.84000,-20.13000
0.00000,0.23000,0.79000,0.00000,0.00000,0.01000,-0.01000,72.84000,-20.13000
0.00000,0.23000,0.79000,0.00000,0.00000,0.01000,-0.01000,72.91000,-20.21000
0.00000,0.23000,0.79000,0.00000,0.00000,0.01000,-0.01000,72.91000,-20.21000
0.00000,0.23000,0.79000,0.00000,0.00000,0.01000,-0.01000,72.99000,-20.28000
0.00000,0.23000,0.79000,0.00000,0.00000,0.01000,-0.01000,72.99000,-20.28000
0.00000,0.23000,0.79000,0.00000,0.00000,0.01000,-0.01000,73.06000,-20.36000
0.00000,0.23000,0.79000,0.00000,0.00000,0.01000,-0.01000,73.06000,-20.36000
0.00000,0.23000,0.79000,0.00000,0.00000,0.01000,-0.01000,73.14000,-20.43000
0.00000,0.23000,0.79000,0.00000,0.00000,0.01000,-0.01000,73.14000,-20.43000
0.00000,0.23000,0.79000,0.00000,0.00000,0.01000,-0.01000,73.21000,-20.51000
0.00000,0.23000,0.79000,0.00000,0.00000,0.01000,-0.01000,73.21000,-20.51000
0.00000,0.23000,0.79000,0.00000,0.00000,0.01000,-0.01000,73.28000,-20.58000
0.00000,0.23000,0.79000,0.00000,0.00000,0.01000,-0.01000,73.28000,-20.58000
0.00000,0.23000,0.79000,0.00000,0.00000,0.01000,-0.01000,73.36000,-20.65000
0.00000,0.23000,0.79000,0.00000,0.00000,0.01000,-0.01000,73.36000,-20.65000
0.00000,0.23000,0.79000,0.00000,0.00000,0.01000,-0.01000,73.43000,-20.73000
0.00000,0.23000,0.79000,0.00000,0.00000,0.01000,-0.01000,73.43000,-20.73000
0.00000,0.23000,0.79000,0.00000,0.00000,0.01000,-0.01000,73.50000,-20.80000
0.00000,0.23000,0.79000,0.00000,0.00000,0.01000,-0.01000,73.50000,-20.80000
0.00000,0.23000,0.79000,0.00000,0.00000,0.01000,-0.01000,73.58000,-20.88000
0.00000,0.23000,0.79000,0.00000,0.00000,0.01000,-0.01000,73.58000,-20.88000
0.00000,0.23000,0.79000,0.00000,0.00000,0.01000,-0.01000,73.65000,-20.95000
0.00000,0.23000,0.79000,0.00000,0.00000,0.01000,-0.01000,73.65000,-20.95000
0.00000,0.23000,0.79000,0.00000,0.00000,0.01000,-0.01000,73.73000,-21.03000
0.00000,0.23000,0.79000,0.00000,0.00000,0.01000,-0.01000,73.73000,-21.03000
0.00000,0.23000,0.79000,0.00000,0.00000,0.01000,-0.01000,73.80000,-21.10000
0.00000,0.23000,0.79000,0.00000,0.00000,0.01000,-0.01000,73.80000,-21.10000
0.00000,0.23000,0.79000,0.00000,0.00000,0.01000,-0.01000,73.87000,-21.18000
0.00000,0.23000,0.79000,0.00000,0.00000,0.01000,-0.01000,73.87000,-21.18000
0.00000,0.23000,0.79000,0.00000,0.00000,0.01000,-0.01000,73.95000,-21.25000
0.00000,0.23000,0.79000,0.00000,0.00000,0.01000,-0.01000,73.95000,-21.25000
0.00000,0.23000,0.79000,0.00000,0.00000,0.01000,-0.01000,74.02000,-21.32000
0.00000,0.23000,0.79000,0.00000,0.00000,0.01000,-0.01000,74.02000,-21.32000
0.00000,0.23000,0.79000,0.00000,0.00000,0.01000,-0.01000,74.09000,-21.40000
0.00000,0.23000,0.79000,0.00000,0.00000,0.01000,-0.01000,74.09000,-21.40000
0.00000,0.23000,0.79000,0.00000,0.00000,0.01000,-0.01000,74.17000,-21.47000
0.00000,0.23000,0.79000,0.00000,0.00000,0.01000,-0.01000,74.17000,-21.47000
0.00000,0.23000,0.79000,0.00000,0.00000,0.01000,-0.01000,74.24000,-21.55000
0.00000,0.23000,0.79000,0.00000,0.00000,0.01000,-0.01000,74.24000,-21.55000
0.00000,0.23000,0.79000,0.00000,0.00000,0.01000,-0.01000,74.32000,-21.62000
0.00000,0.23000,0.79000,0.00000,0.00000,0.01000,-0.01000,74.32000,-21.62000
0.00000,0.23000,0.79000,0.00000,0.00000,0.01000,-0.01000,74.39000,-21.70000
0.00000,0.23000,0.79000,0.00000,0.00000,0.01000,-0.01000,74.39000,-21.70000
0.00000,0.23000,0.79000,0.00000,0.00000,0.01000,-0.01000,74.46000,-21.77000
0.00000,0.23000,0.79000,0.00000,0.00000,0.01000,-0.01000,74.46000,-21.77000
0.00000,0.23000,0.79000,0.00000,0.00000,0.01000,-0.01000,74.54000,-21.85000
0.00000,0.23000,0.79000,0.00000,0.00000,0.01000,-0.01000,74.54000,-21.85000
0.00000,0.23000,0.79000,0.00000,0.00000,0.01000,-0.01000,74.61000,-21.92000
0.00000,0.23000,0.79000,0.00000,0.00000,0.01000,-0.01000,74.61000,-21.92000
0.00000,0.23000,0.79000,0.00000,0.00000,0.01000,-0.01000,74.69000,-21.99000
0.00000,0.23000,0.79000,0.00000,0.00000,0.01000,-0.01000,74.69000,-21.99000
0.00000,0.23000,0.79000,0.00000,0.00000,0.01000,-0.01000,74.76000,-22.07000
0.00000,0.23000,0.79000,0.00000,0.00000,0.01000,-0.01000,74.76000,-22.07000
0.00000,0.23000,0.79000,0.00000,0.00000,0.01000,-0.01000,74.83000,-22.14000
0.00000,0.23000,0.79000,0.00000,0.00000,0.01000,-0.01000,74.83000,-22.14000
0.00000,0.23000,0.79000,0.00000,0.00000,0.01000,-0.01000,74.91000,-22.22000
0.00000,0.23000,0.79000,0.00000,0.00000,0.01000,-0.01000,74.91000,-22.22000
0.00000,0.23000,0.79000,0.00000,0.00000,0.01000,-0.01000,74.98000,-22.29000
0.00000,0.23000,0.79000,0.00000,0.00000,0.01000,-0.01000,74.98000,-22.29000
0.00000,0.23000,0.79000,0.00000,0.00000,0.01000,-0.01000,75.05000,-22.37000
0.00000,0.23000,0.79000,0.00000,0.00000,0.01000,-0.01000,75.05000,-22.37000
0.00000,0.23000,0.79000,0.00000,0.00000,0.01000,-0.01000,75.13000,-22.44000
0.00000,0.23000,0.79000,0.00000,0.00000,0.01000,-0.01000,75.13000,-22.44000
0.00000,0.23000,0.79000,0.00000,0.00000,0.01000,-0.01000,75.20000,-22.51000
0.00000,0.23000,0.79000,0.00000,0.00000,0.01000,-0.01000,75.20000,-22.51000
0.00000,0.23000,0.79000,0.00000,0.00000,0.01000,-0.01000,75.28000,-22.59000
0.00000,0.23000,0.79000,0.00000,0.00000,0.01000,-0.01000,75.28000,-22.59000
0.00000,0.23000,0.79000,0.00000,0.00000,0.01000,-0.01000,75.35000,-22.66000
0.00000,0.23000,0.79000,0.00000,0.00000,0.01000,-0.01000,75.35000,-22.66000
0.00000,0.23000,0.79000,0.00000,0.00000,0.01000,-0.01000,75.42000,-22.74000
0.00000,0.23000,0.79000,0.00000,0.00000,0.01000,-0.01000,75.42000,-22.74000
0.00000,0.23000,0.79000,0.00000,0.00000,0.01000,-0.01000,75.50000,-22.81000
0.00000,0.23000,0.79000,0.00000,0.00000,0.01000,-0.01000,75.50000,-22.81000
0.00000,0.23000,0.79000,0.00000,0.00000,0.01000,-0.01000,75.57000,-22.89000
0.00000,0.23000,0.79000,0.00000,0.00000,0.01000,-0.01000,75.57000,-22.89000
0.00000,0.23000,0.79000,0.00000,0.00000,0.01000,-0.01000,75.64000,-22.96000
0.00000,0.23000,0.79000,0.00000,0.00000,0.01000,-0.01000,75.64000,-22.96000
0.00000,0.23000,0.79000,0.00000,0.00000,0.01000,-0.01000,75.72000,-23.04000
0.00000,0.23000,0.79000,0.00000,0.00000,0.01000,-0.01000,75.72000,-23.04000
0.00000,0.23000,0.79000,0.00000,0.00000,0.01000,-0.01000,75.79000,-23.11000
0.00000,0.23000,0.79000,0.00000,0.00000,0.01000,-0.01000,75.79000,-23.11000
0.00000,0.23000,0.79000,0.00000,0.00000,0.01000,-0.01000,75.87000,-23.18000
0.00000,0.23000,0.79000,0.00000,0.00000,0.01000,-0.01000,75.87000,-23.18000
0.00000,0.23000,0.79000,0.00000,0.00000,0.01000,-0.01000,75.94000,-23.26000
0.00000,0.23000,0.79000,0.00000,0.00000,0.01000,-0.01000,75.94000,-23.26000
0.00000,0.23000,0.79000,0.00000,0.00000,0.01000,-0.01000,76.01000,-23.33000
0.00000,0.23000,0.79000,0.00000,0.00000,0.01000,-0.01000,76.01000,-23.33000
0.00000,0.23000,0.79000,0.00000,0.00000,0.01000,-0.01000,76.09000,-23.41000
0.00000,0.23000,0.79000,0.00000,0.00000,0.01000,-0.01000,76.09000,-23.41000
0.00000,0.23000,0.79000,0.00000,0.00000,0.01000,-0.01000,76.16000,-23.48000
0.00000,0.23000,0.79000,0.00000,0.00000,0.01000,-0.01000,76.16000,-23.48000
0.00000,0.23000,0.79000,0.00000,0.00000,0.01000,-0.01000,76.23000,-23.56000
0.00000,0.23000,0.79000,0.00000,0.00000,0.01000,-0.01000,76.23000,-23.56000
0.00000,0.23000,0.79000,0.00000,0.00000,0.01000,-0.01000,76.31000,-23.63000
0.00000,0.23000,0.79000,0.00000,0.00000,0.01000,-0.01000,76.31000,-23.63000
0.00000,0.23000,0.79000,0.00000,0.00000,0.01000,-0.01000,76.38000,-23.70000
0.00000,0.23000,0.79000,0.00000,0.00000,0.01000,-0.01000,76.38000,-23.70000
0.00000,0.23000,0.79000,0.00000,0.00000,0.01000,-0.01000,76.46000,-23.78000
0.00000,0.23000,0.79000,0.00000,0.00000,0.01000,-0.01000,76.46000,-23.78000
0.00000,0.23000,0.79000,0.00000,0.00000,0.01000,-0.01000,76.53000,-23.85000
0.00000,0.23000,0.79000,0.00000,0.00000,0.01000,-0.01000,76.53000,-23.85000
0.00000,0.23000,0.79000,0.00000,0.00000,0.01000,-0.01000,76.60000,-23.93000
0.00000,0.23000,0.79000,0.00000,0.00000,0.01000,-0.01000,76.60000,-23.93000
0.00000,0.23000,0.79000,0.00000,0.00000,0.01000,-0.01000,76.68000,-24.00000
0.00000,0.23000,0.79000,0.00000,0.00000,0.01000,-0.01000,76.68000,-24.00000
0.00000,0.23000,0.79000,0.00000,0.00000,0.01000,-0.01000,76.75000,-24.08000
0.00000,0.23000,0.79000,0.00000,0.00000,0.01000,-0.01000,76.75000,-24.08000
0.00000,0.23000,0.79000,0.00000,0.00000,0.01000,-0.01000,76.82000,-24.15000
0.00000,0.23000,0.79000,0.00000,0.00000,0.01000,-0.01000,76.82000,-24.15000
0.00000,0.23000,0.79000,0.00000,0.00000,0.01000,-0.01000,76.90000,-24.23000
0.00000,0.23000,0.79000,0.00000,0.00000,0.01000,-0.01000,76.90000,-24.23000
0.00000,0.23000,0.79000,0.00000,0.00000,0.01000,-0.01000,76.97000,-24.30000
0.00000,0.23000,0.79000,0.00000,0.00000,0.01000,-0.01000,76.97000,-24.30000
0.00000,0.23000,0.79000,0.00000,0.00000,0.01000,-0.01000,77.05000,-24.37000
0.00000,0.23000,0.79000,0.00000,0.00000,0.01000,-0.01000,77.05000,-24.37000
0.00000,0.23000,0.79000,0.00000,0.00000,0.01000,-0.01000,77.12000,-24.45000
0.00000,0.23000,0.79000,0.00000,0.00000,0.01000,-0.01000,77.12000,-24.45000
0.00000,0.23000,0.79000,0.00000,0.00000,0.01000,-0.01000,77.19000,-24.52000
0.00000,0.23000,0.79000,0.00000,0.00000,0.01000,-0.01000,77.19000,-24.52000
0.00000,0.23000,0.79000,0.00000,0.00000,0.01000,-0.01000,77.27000,-24.60000
0.00000,0.23000,0.79000,0.00000,0.00000,0.01000,-0.01000,77.27000,-24.60000
0.00000,0.23000,0.79000,0.00000,0.00000,0.01000,-0.01000,77.34000,-24.67000
0.00000,0.23000,0.79000,0.00000,0.00000,0.01000,-0.01000,77.34000,-24.67000
0.00000,0.23000,0.79000,0.00000,0.00000,0.01000,-0.01000,77.41000,-24.75000
0.00000,0.23000,0.79000,0.00000,0.00000,0.01000,-0.01000,77.41000,-24.75000
0.00000,0.23000,0.79000,0.00000,0.00000,0.01000,-0.01000,77.49000,-24.82000
0.00000,0.23000,0.79000,0.00000,0.00000,0.01000,-0.01000,77.49000,-24.82000
0.00000,0.23000,0.79000,0.00000,0.00000,0.01000,-0.01000,77.56000,-24.90000
0.00000,0.23000,0.79000,0.00000,0.00000,0.01000,-0.01000,77.56000,-24.90000
0.00000,0.23000,0.79000,0.00000,0.00000,0.01000,-0.01000,77.64000,-24.97000
0.00000,0.23000,0.79000,0.00000,0.00000,0.01000,-0.01000,77.64000,-24.97000
0.00000,0.23000,0.79000,0.00000,0.00000,0.01000,-0.01000,77.71000,-25.04000
0.00000,0.23000,0.79000,0.00000,0.00000,0.01000,-0.01000,77.71000,-25.04000
0.00000,0.23000,0.79000,0.00000,0.00000,0.01000,-0.01000,77.78000,-25.12000
0.00000,0.23000,0.79000,0.00000,0.00000,0.01000,-0.01000,77.78000,-25.12000
0.00000,0.23000,0.79000,0.00000,0.00000,0.01000,-0.01000,77.86000,-25.19000
0.00000,0.23000,0.79000,0.00000,0.00000,0.01000,-0.01000,77.86000,-25.19000
0.00000,0.23000,0.79000,0.00000,0.00000,0.01000,-0.01000,77.93000,-25.27000
0.00000,0.23000,0.79000,0.00000,0.00000,0.01000,-0.01000,77.93000,-25.27000
0.00000,0.23000,0.79000,0.00000,0.00000,0.01000,-0.01000,78.01000,-25.34000
0.00000,0.23000,0.79000,0.00000,0.00000,0.01000,-0.01000,78.01000,-25.34000
0.00000,0.23000,0.79000,0.00000,0.00000,0.01000,-0.01000,78.08000,-25.42000
0.00000,0.23000,0.79000,0.00000,0.00000,0.01000,-0.01000,78.08000,-25.42000
0.00000,0.23000,0.79000,0.00000,0.00000,0.01000,-0.01000,78.15000,-25.49000
0.00000,0.23000,0.79000,0.00000,0.00000,0.01000,-0.01000,78.15000,-25.49000
0.00000,0.23000,0.79000,0.00000,0.00000,0.01000,-0.01000,78.23000,-25.56000
0.00000,0.23000,0.79000,0.00000,0.00000,0.01000,-0.01000,78.23000,-25.56000
0.00000,0.23000,0.79000,0.00000,0.00000,0.01000,-0.01000,78.30000,-25.64000
0.00000,0.23000,0.79000,0.00000,0.00000,0.01000,-0.01000,78.30000,-25.64000
0.00000,0.23000,0.79000,0.00000,0.00000,0.01000,-0.01000,78.37000,-25.71000
0.00000,0.23000,0.79000,0.00000,0.00000,0.01000,-0.01000,78.37000,-25.71000
0.00000,0.23000,0.79000,0.00000,0.00000,0.01000,-0.01000,78.45000,-25.79000
0.00000,0.23000,0.79000,0.00000,0.00000,0.01000,-0.01000,78.45000,-25.79000
0.00000,0.23000,0.79000,0.00000,0.00000,0.01000,-0.01000,78.52000,-25.86000
0.00000,0.23000,0.79000,0.00000,0.00000,0.01000,-0.01000,78.52000,-25.86000
0.00000,0.23000,0.79000,0.00000,0.00000,0.01000,-0.01000,78.60000,-25.94000
0.00000,0.23000,0.79000,0.00000,0.00000,0.01000,-0.01000,78.60000,-25.94000
0.00000,0.23000,0.79000,0.00000,0.00000,0.01000,-0.01000,78.67000,-26.01000
0.00000,0.23000,0.79000,0.00000,0.00000,0.01000,-0.01000,78.67000,-26.01000
0.00000,0.23000,0.79000,0.00000,0.00000,0.01000,-0.01000,78.74000,-26.09000
0.00000,0.23000,0.79000,0.00000,0.00000,0.01000,-0.01000,78.74000,-26.09000
0.00000,0.23000,0.79000,0.00000,0.00000,0.01000,-0.01000,78.82000,-26.16000
0.00000,0.23000,0.79000,0.00000,0.00000,0.01000,-0.01000,78.82000,-26.16000
0.00000,0.23000,0.79000,0.00000,0.00000,0.01000,-0.01000,78.89000,-26.23000
0.00000,0.23000,0.79000,0.00000,0.00000,0.01000,-0.01000,78.89000,-26.23000
0.00000,0.23000,0.79000,0.00000,0.00000,0.01000,-0.01000,78.96000,-26.31000
0.00000,0.23000,0.79000,0.00000,0.00000,0.01000,-0.01000,78.96000,-26.31000
0.00000,0.23000,0.79000,0.00000,0.00000,0.01000,-0.01000,79.04000,-26.38000
0.00000,0.23000,0.79000,0.00000,0.00000,0.01000,-0.01000,79.04000,-26.38000
0.00000,0.23000,0.79000,0.00000,0.00000,0.01000,-0.01000,79.11000,-26.46000
0.00000,0.23000,0.79000,0.00000,0.00000,0.01000,-0.01000,79.11000,-26.46000
0.00000,0.23000,0.79000,0.00000,0.00000,0.01000,-0.01000,79.19000,-26.53000
0.00000,0.23000,0.79000,0.00000,0.00000,0.01000,-0.01000,79.19000,-26.53000
0.00000,0.23000,0.79000,0.00000,0.00000,0.01000,-0.01000,79.26000,-26.61000
0.00000,0.23000,0.79000,0.00000,0.00000,0.01000,-0.01000,79.26000,-26.61000
0.00000,0.23000,0.79000,0.00000,0.00000,0.01000,-0.01000,79.33000,-26.68000
0.00000,0.23000,0.79000,0.00000,0.00000,0.01000,-0.01000,79.33000,-26.68000
0.00000,0.23000,0.79000,0.00000,0.00000,0.01000,-0.01000,79.41000,-26.76000
0.00000,0.23000,0.79000,0.00000,0.00000,0.01000,-0.01000,79.41000,-26.76000
0.00000,0.23000,0.79000,0.00000,0.00000,0.01000,-0.01000,79.48000,-26.83000
0.00000,0.23000,0.79000,0.00000,0.00000,0.01000,-0.01000,79.48000,-26.83000
0.00000,0.23000,0.79000,0.00000,0.00000,0.01000,-0.01000,79.55000,-26.90000
0.00000,0.23000,0.79000,0.00000,0.00000,0.01000,-0.01000,79.55000,-26.90000
0.00000,0.23000,0.79000,0.00000,0.00000,0.01000,-0.01000,79.63000,-26.98000
0.00000,0.23000,0.79000,0.00000,0.00000,0.01000,-0.01000,79.63000,-26.98000
0.00000,0.23000,0.79000,0.00000,0.00000,0.01000,-0.01000,79.70000,-27.05000
0.00000,0.23000,0.79000,0.00000,0.00000,0.01000,-0.01000,79.70000,-27.05000
0.00000,0.23000,0.79000,0.00000,0.00000,0.01000,-0.01000,79.78000,-27.13000
0.00000,0.23000,0.79000,0.00000,0.00000,0.01000,-0.01000,79.78000,-27.13000
0.00000,0.23000,0.79000,0.00000,0.00000,0.01000,-0.01000,79.85000,-27.20000
0.00000,0.23000,0.79000,0.00000,0.00000,0.01000,-0.01000,79.85000,-27.20000
0.00000,0.23000,0.79000,0.00000,0.00000,0.01000,-0.01000,79.92000,-27.28000
0.00000,0.23000,0.79000,0.00000,0.00000,0.01000,-0.01000,79.92000,-27.28000
0.00000,0.23000,0.79000,0.00000,0.00000,0.01000,-0.01000,80.00000,-27.35000
0.00000,0.23000,0.79000,0.00000,0.00000,0.01000,-0.01000,80.00000,-27.35000
0.00000,0.23000,0.79000,0.00000,0.00000,0.01000,-0.01000,80.07000,-27.42000
0.00000,0.23000,0.79000,0.00000,0.00000,0.01000,-0.01000,80.07000,-27.42000
0.00000,0.23000,0.79000,0.00000,0.00000,0.01000,-0.01000,80.14000,-27.50000
0.00000,0.23000,0.79000,0.00000,0.00000,0.01000,-0.01000,80.14000,-27.50000
0.00000,0.23000,0.79000,0.00000,0.00000,0.01000,-0.01000,80.22000,-27.57000
0.00000,0.23000,0.79000,0.00000,0.00000,0.01000,-0.01000,80.22000,-27.57000
0.00000,0.23000,0.79000,0.00000,0.00000,0.01000,-0.01000,80.29000,-27.65000
0.00000,0.23000,0.79000,0.00000,0.00000,0.01000,-0.01000,80.29000,-27.65000
0.00000,0.23000,0.79000,0.00000,0.00000,0.01000,-0.01000,80.37000,-27.72000
0.00000,0.23000,0.79000,0.00000,0.00000,0.01000,-0.01000,80.37000,-27.72000
0.00000,0.23000,0.79000,0.00000,0.00000,0.01000,-0.01000,80.44000,-27.80000
0.00000,0.23000,0.79000,0.00000,0.00000,0.01000,-0.01000,80.44000,-27.80000
0.00000,0.23000,0.79000,0.00000,0.00000,0.01000,-0.01000,80.51000,-27.87000
0.00000,0.23000,0.79000,0.00000,0.00000,0.01000,-0.01000,80.51000,-27.87000
0.00000,0.23000,0.79000,0.00000,0.00000,0.01000,-0.01000,80.59000,-27.95000
0.00000,0.23000,0.79000,0.00000,0.00000,0.01000,-0.01000,80.59000,-27.95000
0.00000,0.23000,0.79000,0.00000,0.00000,0.01000,-0.01000,80.66000,-28.02000
0.00000,0.23000,0.79000,0.00000,0.00000,0.01000,-0.01000,80.66000,-28.02000
0.00000,0.23000,0.79000,0.00000,0.00000,0.01000,-0.01000,80.73000,-28.09000
0.00000,0.23000,0.79000,0.00000,0.00000,0.01000,-0.01000,80.73000,-28.09000
0.00000,0.23000,0.79000,0.00000,0.00000,0.01000,-0.01000,80.81000,-28.17000
0.00000,0.23000,0.79000,0.00000,0.00000,0.01000,-0.01000,80.81000,-28.17000
0.00000,0.23000,0.79000,0.00000,0.00000,0.01000,-0.01000,80.88000,-28.24000
0.00000,0.23000,0.79000,0.00000,0.00000,0.01000,-0.01000,80.88000,-28.24000
0.00000,0.23000,0.79000,0.00000,0.00000,0.01000,-0.01000,80.96000,-28.32000
0.00000,0.23000,0.79000,0.00000,0.00000,0.01000,-0.01000,80.96000,-28.32000
0.00000,0.23000,0.79000,0.00000,0.00000,0.01000,-0.01000,81.03000,-28.39000
0.00000,0.23000,0.79000,0.00000,0.00000,0.01000,-0.01000,81.03000,-28.39000
0.00000,0.23000,0.79000,0.00000,0.00000,0.01000,-0.01000,81.10000,-28.47000
0.00000,0.23000,0.79000,0.00000,0.00000,0.01000,-0.01000,81.10000,-28.47000
0.00000,0.23000,0.79000,0.00000,0.00000,0.01000,-0.01000,81.18000,-28.54000
0.00000,0.23000,0.79000,0.00000,0.00000,0.01000,-0.01000,81.18000,-28.54000
0.00000,0.23000,0.79000,0.00000,0.00000,0.01000,-0.01000,81.25000,-28.62000
0.00000,0.23000,0.79000,0.00000,0.00000,0.01000,-0.01000,81.25000,-28.62000
0.00000,0.23000,0.79000,0.00000,0.00000,0.01000,-0.01000,81.32000,-28.69000
0.00000,0.23000,0.79000,0.00000,0.00000,0.01000,-0.01000,81.32000,-28.69000
0.00000,0.23000,0.79000,0.00000,0.00000,0.01000,-0.01000,81.40000,-28.76000
0.00000,0.23000,0.79000,0.00000,0.00000,0.01000,-0.01000,81.40000,-28.76000
0.00000,0.23000,0.79000,0.00000,0.00000,0.01000,-0.01000,81.47000,-28.84000
0.00000,0.23000,0.79000,0.00000,0.00000,0.01000,-0.01000,81.47000,-28.84000
0.00000,0.23000,0.79000,0.00000,0.00000,0.01000,-0.01000,81.55000,-28.91000
0.00000,0.23000,0.79000,0.00000,0.00000,0.01000,-0.01000,81.55000,-28.91000
0.00000,0.23000,0.79000,0.00000,0.00000,0.01000,-0.01000,81.62000,-28.99000
0.00000,0.23000,0.79000,0.00000,0.00000,0.01000,-0.01000,81.62000,-28.99000
0.00000,0.23000,0.79000,0.00000,0.00000,0.01000,-0.01000,81.69000,-29.06000
0.00000,0.23000,0.79000,0.00000,0.00000,0.01000,-0.01000,81.69000,-29.06000
0.00000,0.23000,0.79000,0.00000,0.00000,0.01000,-0.01000,81.77000,-29.14000
0.00000,0.23000,0.79000,0.00000,0.00000,0.01000,-0.01000,81.77000,-29.14000
0.00000,0.23000,0.79000,0.00000,0.00000,0.01000,-0.01000,81.84000,-29.21000
0.00000,0.23000,0.79000,0.00000,0.00000,0.01000,-0.01000,81.84000,-29.21000
0.00000,0.23000,0.79000,0.00000,0.00000,0.01000,-0.01000,81.92000,-29.28000
0.00000,0.23000,0.79000,0.00000,0.00000,0.01000,-0.01000,81.92000,-29.28000
0.00000,0.23000,0.79000,0.00000,0.00000,0.01000,-0.01000,81.99000,-29.36000
0.00000,0.23000,0.79000,0.00000,0.00000,0.01000,-0.01000,81.99000,-29.36000
0.00000,0.23000,0.79000,0.00000,0.00000,0.01000,-0.01000,82.06000,-29.43000
0.00000,0.23000,0.79000,0.00000,0.00000,0.01000,-0.01000,82.06000,-29.43000
0.00000,0.23000,0.79000,0.00000,0.00000,0.01000,-0.01000,82.14000,-29.51000
0.00000,0.23000,0.79000,0.00000,0.00000,0.01000,-0.01000,82.14000,-29.51000
0.00000,0.23000,0.79000,0.00000,0.00000,0.01000,-0.01000,82.21000,-29.58000
0.00000,0.23000,0.79000,0.00000,0.00000,0.01000,-0.01000,82.21000,-29.58000
0.00000,0.23000,0.79000,0.00000,0.00000,0.01000,-0.01000,82.28000,-29.66000
0.00000,0.23000,0.79000,0.00000,0.00000,0.01000,-0.01000,82.28000,-29.66000
0.00000,0.23000,0.79000,0.00000,0.00000,0.01000,-0.01000,82.36000,-29.73000
0.00000,0.23000,0.79000,0.00000,0.00000,0.01000,-0.01000,82.36000,-29.73000
0.00000,0.23000,0.79000,0.00000,0.00000,0.01000,-0.01000,82.43000,-29.81000
0.00000,0.23000,0.79000,0.00000,0.00000,0.01000,-0.01000,82.43000,-29.81000
0.00000,0.23000,0.79000,0.00000,0.00000,0.01000,-0.01000,82.51000,-29.88000
0.00000,0.23000,0.79000,0.00000,0.00000,0.01000,-0.01000,82.51000,-29.88000
0.00000,0.23000,0.79000,0.00000,0.00000,0.01000,-0.01000,82.58000,-29.95000
0.00000,0.23000,0.79000,0.00000,0.00000,0.01000,-0.01000,82.58000,-29.95000
0.00000,0.23000,0.79000,0.00000,0.00000,0.01000,-0.01000,82.65000,-30.03000
0.00000,0.23000,0.79000,0.00000,0.00000,0.01000,-0.01000,82.65000,-30.03000
0.00000,0.23000,0.79000,0.00000,0.00000,0.01000,-0.01000,82.73000,-30.10000
0.00000,0.23000,0.79000,0.00000,0.00000,0.01000,-0.01000,82.73000,-30.10000
0.00000,0.23000,0.79000,0.00000,0.00000,0.01000,-0.01000,82.80000,-30.18000
0.00000,0.23000,0.79000,0.00000,0.00000,0.01000,-0.01000,82.80000,-30.18000
0.00000,0.23000,0.79000,0.00000,0.00000,0.01000,-0.01000,82.87000,-30.25000
0.00000,0.23000,0.79000,0.00000,0.00000,0.01000,-0.01000,82.87000,-30.25000
0.00000,0.23000,0.79000,0.00000,0.00000,0.01000,-0.01000,82.95000,-30.33000
0.00000,0.23000,0.79000,0.00000,0.00000,0.01000,-0.01000,82.95000,-30.33000
0.00000,0.23000,0.79000,0.00000,0.00000,0.01000,-0.01000,83.02000,-30.40000
0.00000,0.23000,0.79000,0.00000,0.00000,0.01000,-0.01000,83.02000,-30.40000
0.00000,0.23000,0.79000,0.00000,0.00000,0.01000,-0.01000,83.10000,-30.48000
0.00000,0.23000,0.79000,0.00000,0.00000,0.01000,-0.01000,83.10000,-30.48000
0.00000,0.23000,0.79000,0.00000,0.00000,0.01000,-0.01000,83.17000,-30.55000
0.00000,0.23000,0.79000,0.00000,0.00000,0.01000,-0.01000,83.17000,-30.55000
0.00000,0.23000,0.79000,0.00000,0.00000,0.01000,-0.01000,83.24000,-30.62000
0.00000,0.23000,0.79000,0.00000,0.00000,0.01000,-0.01000,83.24000,-30.62000
0.00000,0.23000,0.79000,0.00000,0.00000,0.01000,-0.01000,83.32000,-30.70000
0.00000,0.23000,0.79000,0.00000,0.00000,0.01000,-0.01000,83.32000,-30.70000
0.00000,0.23000,0.79000,0.00000,0.00000,0.01000,-0.01000,83.39000,-30.77000
0.00000,0.23000,0.79000,0.00000,0.00000,0.01000,-0.01000,83.39000,-30.77000
0.00000,0.23000,0.79000,0.00000,0.00000,0.01000,-0.01000,83.46000,-30.85000
0.00000,0.23000,0.79000,0.00000,0.00000,0.01000,-0.01000,83.46000,-30.85000
0.00000,0.23000,0.79000,0.00000,0.00000,0.01000,-0.01000,83.54000,-30.92000
0.00000,0.23000,0.79000,0.00000,0.00000,0.01000,-0.01000,83.54000,-30.92000
0.00000,0.23000,0.79000,0.00000,0.00000,0.01000,-0.01000,83.61000,-31.00000
0.00000,0.23000,0.79000,0.00000,0.00000,0.01000,-0.01000,83.61000,-31.00000
0.00000,0.23000,0.79000,0.00000,0.00000,0.01000,-0.01000,83.69000,-31.07000
0.00000,0.23000,0.79000,0.00000,0.00000,0.01000,-0.01000,83.69000,-31.07000
0.00000,0.23000,0.79000,0.00000,0.00000,0.01000,-0.01000,83.76000,-31.14000
0.00000,0.23000,0.79000,0.00000,0.00000,0.01000,-0.01000,83.76000,-31.14000
0.00000,0.23000,0.79000,0.00000,0.00000,0.01000,-0.01000,83.83000,-31.22000
0.00000,0.23000,0.79000,0.00000,0.00000,0.01000,-0.01000,83.83000,-31.22000
0.00000,0.23000,0.79000,0.00000,0.00000,0.01000,-0.01000,83.91000,-31.29000
0.00000,0.23000,0.79000,0.00000,0.00000,0.01000,-0.01000,83.91000,-31.29000
0.00000,0.23000,0.79000,0.00000,0.00000,0.01000,-0.01000,83.98000,-31.37000
0.00000,0.23000,0.79000,0.00000,0.00000,0.01000,-0.01000,83.98000,-31.37000
0.00000,0.23000,0.79000,0.00000,0.00000,0.01000,-0.01000,84.05000,-31.44000
0.00000,0.23000,0.79000,0.00000,0.00000,0.01000,-0.01000,84.05000,-31.44000
0.00000,0.23000,0.79000,0.00000,0.00000,0.01000,-0.01000,84.13000,-31.52000
0.00000,0.23000,0.79000,0.00000,0.00000,0.01000,-0.01000,84.13000,-31.52000
0.00000,0.23000,0.79000,0.00000,0.00000,0.01000,-0.01000,84.20000,-31.59000
0.00000,0.23000,0.79000,0.00000,0.00000,0.01000,-0.01000,84.20000,-31.59000
0.00000,0.23000,0.79000,0.00000,0.00000,0.01000,-0.01000,84.28000,-31.67000
0.00000,0.23000,0.79000,0.00000,0.00000,0.01000,-0.01000,84.28000,-31.67000
0.00000,0.23000,0.79000,0.00000,0.00000,0.01000,-0.01000,84.35000,-31.74000
0.00000,0.23000,0.79000,0.00000,0.00000,0.01000,-0.01000,84.35000,-31.74000
0.00000,0.23000,0.79000,0.00000,0.00000,0.01000,-0.01000,84.42000,-31.81000
0.00000,0.23000,0.79000,0.00000,0.00000,0.01000,-0.01000,84.42000,-31.81000
0.00000,0.23000,0.79000,0.00000,0.00000,0.01000,-0.01000,84.50000,-31.89000
0.00000,0.23000,0.79000,0.00000,0.00000,0.01000,-0.01000,84.50000,-31.89000
0.00000,0.23000,0.79000,0.00000,0.00000,0.01000,-0.01000,84.57000,-31.96000
0.00000,0.23000,0.79000,0.00000,0.00000,0.01000,-0.01000,84.57000,-31.96000
0.00000,0.23000,0.79000,0.00000,0.00000,0.01000,-0.01000,84.64000,-32.04000
0.00000,0.23000,0.79000,0.00000,0.00000,0.01000,-0.01000,84.64000,-32.04000
0.00000,0.23000,0.79000,0.00000,0.00000,0.01000,-0.01000,84.72000,-32.11000
0.00000,0.23000,0.79000,0.00000,0.00000,0.01000,-0.01000,84.72000,-32.11000
0.00000,0.23000,0.79000,0.00000,0.00000,0.01000,-0.01000,84.79000,-32.19000
0.00000,0.23000,0.79000,0.00000,0.00000,0.01000,-0.01000,84.79000,-32.19000
0.00000,0.23000,0.79000,0.00000,0.00000,0.01000,-0.01000,84.87000,-32.26000
0.00000,0.23000,0.79000,0.00000,0.00000,0.01000,-0.01000,84.87000,-32.26000
0.00000,0.23000,0.79000,0.00000,0.00000,0.01000,-0.01000,84.94000,-32.33000
0.00000,0.23000,0.79000,0.00000,0.00000,0.01000,-0.01000,84.94000,-32.33000
0.00000,0.23000,0.79000,0.00000,0.00000,0.01000,-0.01000,85.01000,-32.41000
0.00000,0.23000,0.79000,0.00000,0.00000,0.01000,-0.01000,85.01000,-32.41000
0.00000,0.23000,0.79000,0.00000,0.00000,0.01000,-0.01000,85.09000,-32.48000
0.00000,0.23000,0.79000,0.00000,0.00000,0.01000,-0.01000,85.09000,-32.48000
0.00000,0.23000,0.79000,0.00000,0.00000,0.01000,-0.01000,85.16000,-32.56000
0.00000,0.23000,0.79000,0.00000,0.00000,0.01000,-0.01000,85.16000,-32.56000
0.00000,0.23000,0.79000,0.00000,0.00000,0.01000,-0.01000,85.24000,-32.63000
0.00000,0.23000,0.79000,0.00000,0.00000,0.01000,-0.01000,85.24000,-32.63000
0.00000,0.23000,0.79000,0.00000,0.00000,0.01000,-0.01000,85.31000,-32.71000
0.00000,0.23000,0.79000,0.00000,0.00000,0.01000,-0.01000,85.31000,-32.71000
0.00000,0.23000,0.79000,0.00000,0.00000,0.01000,-0.01000,85.38000,-32.78000
0.00000,0.23000,0.79000,0.00000,0.00000,0.01000,-0.01000,85.38000,-32.78000
0.00000,0.23000,0.79000,0.00000,0.00000,0.01000,-0.01000,85.46000,-32.86000
0.00000,0.23000,0.79000,0.00000,0.00000,0.01000,-0.01000,85.46000,-32.86000
0.00000,0.23000,0.79000,0.00000,0.00000,0.01000,-0.01000,85.53000,-32.93000
0.00000,0.23000,0.79000,0.00000,0.00000,0.01000,-0.01000,85.53000,-32.93000
0.00000,0.23000,0.79000,0.00000,0.00000,0.01000,-0.01000,85.60000,-33.00000
0.00000,0.23000,0.79000,0.00000,0.00000,0.01000,-0.01000,85.60000,-33.00000
0.00000,0.23000,0.79000,0.00000,0.00000,0.01000,-0.01000,85.68000,-33.08000
0.00000,0.23000,0.79000,0.00000,0.00000,0.01000,-0.01000,85.68000,-33.08000
0.00000,0.23000,0.79000,0.00000,0.00000,0.01000,-0.01000,85.75000,-33.15000
0.00000,0.23000,0.79000,0.00000,0.00000,0.01000,-0.01000,85.75000,-33.15000
0.00000,0.23000,0.79000,0.00000,0.00000,0.01000,-0.01000,85.83000,-33.23000
0.00000,0.23000,0.79000,0.00000,0.00000,0.01000,-0.01000,85.83000,-33.23000
0.00000,0.23000,0.79000,0.00000,0.00000,0.01000,-0.01000,85.90000,-33.30000
0.00000,0.23000,0.79000,0.00000,0.00000,0.01000,-0.01000,85.90000,-33.30000
0.00000,0.23000,0.79000,0.00000,0.00000,0.01000,-0.01000,85.97000,-33.38000
0.00000,0.23000,0.79000,0.00000,0.00000,0.01000,-0.01000,85.97000,-33.38000
0.00000,0.23000,0.79000,0.00000,0.00000,0.01000,-0.01000,86.05000,-33.45000
0.00000,0.23000,0.79000,0.00000,0.00000,0.01000,-0.01000,86.05000,-33.45000
0.00000,0.23000,0.79000,0.00000,0.00000,0.01000,-0.01000,86.12000,-33.53000
0.00000,0.23000,0.79000,0.00000,0.00000,0.01000,-0.01000,86.12000,-33.53000
0.00000,0.23000,0.79000,0.00000,0.00000,0.01000,-0.01000,86.19000,-33.60000
0.00000,0.23000,0.79000,0.00000,0.00000,0.01000,-0.01000,86.19000,-33.60000
0.00000,0.23000,0.79000,0.00000,0.00000,0.01000,-0.01000,86.27000,-33.67000
0.00000,0.23000,0.79000,0.00000,0.00000,0.01000,-0.01000,86.27000,-33.67000
0.00000,0.23000,0.79000,0.00000,0.00000,0.01000,-0.01000,86.34000,-33.75000
0.00000,0.23000,0.79000,0.00000,0.00000,0.01000,-0.01000,86.34000,-33.75000
0.00000,0.23000,0.79000,0.00000,0.00000,0.01000,-0.01000,86.42000,-33.82000
0.00000,0.23000,0.79000,0.00000,0.00000,0.01000,-0.01000,86.42000,-33.82000
0.00000,0.23000,0.79000,0.00000,0.00000,0.01000,-0.01000,86.49000,-33.90000
0.00000,0.23000,0.79000,0.00000,0.00000,0.01000,-0.01000,86.49000,-33.90000
0.00000,0.23000,0.79000,0.00000,0.00000,0.01000,-0.01000,86.56000,-33.97000
0.00000,0.23000,0.79000,0.00000,0.00000,0.01000,-0.01000,86.56000,-33.97000
0.00000,0.23000,0.79000,0.00000,0.00000,0.01000,-0.01000,86.64000,-34.05000
0.00000,0.23000,0.79000,0.00000,0.00000,0.01000,-0.01000,86.64000,-34.05000
0.00000,0.23000,0.79000,0.00000,0.00000,0.01000,-0.01000,86.71000,-34.12000
0.00000,0.23000,0.79000,0.00000,0.00000,0.01000,-0.01000,86.71000,-34.12000
0.00000,0.23000,0.79000,0.00000,0.00000,0.01000,-0.01000,86.78000,-34.19000
0.00000,0.23000,0.79000,0.00000,0.00000,0.01000,-0.01000,86.78000,-34.19000
0.00000,0.23000,0.79000,0.00000,0.00000,0.01000,-0.01000,86.86000,-34.27000
0.00000,0.23000,0.79000,0.00000,0.00000,0.01000,-0.01000,86.86000,-34.27000
0.00000,0.23000,0.79000,0.00000,0.00000,0.01000,-0.01000,86.93000,-34.34000
0.00000,0.23000,0.79000,0.00000,0.00000,0.01000,-0.01000,86.93000,-34.34000
0.00000,0.23000,0.79000,0.00000,0.00000,0.01000,-0.01000,87.01000,-34.42000
0.00000,0.23000,0.79000,0.00000,0.00000,0.01000,-0.01000,87.01000,-34.42000
0.00000,0.23000,0.79000,0.00000,0.00000,0.01000,-0.01000,87.08000,-34.49000
0.00000,0.23000,0.79000,0.00000,0.00000,0.01000,-0.01000,87.08000,-34.49000
0.00000,0.23000,0.79000,0.00000,0.00000,0.01000,-0.01000,87.15000,-34.57000
0.00000,0.23000,0.79000,0.00000,0.00000,0.01000,-0.01000,87.15000,-34.57000
0.00000,0.23000,0.79000,0.00000,0.00000,0.01000,-0.01000,87.23000,-34.64000
0.00000,0.23000,0.79000,0.00000,0.00000,0.01000,-0.01000,87.23000,-34.64000
0.00000,0.23000,0.79000,0.00000,0.00000,0.01000,-0.01000,87.30000,-34.72000
0.00000,0.23000,0.79000,0.00000,0.00000,0.01000,-0.01000,87.30000,-34.72000
0.00000,0.23000,0.79000,0.00000,0.00000,0.01000,-0.01000,87.37000,-34.79000
0.00000,0.23000,0.79000,0.00000,0.00000,0.01000,-0.01000,87.37000,-34.79000
0.00000,0.23000,0.79000,0.00000,0.00000,0.01000,-0.01000,87.45000,-34.86000
0.00000,0.23000,0.79000,0.00000,0.00000,0.01000,-0.01000,87.45000,-34.86000
0.00000,0.23000,0.79000,0.00000,0.00000,0.01000,-0.01000,87.52000,-34.94000
0.00000,0.23000,0.79000,0.00000,0.00000,0.01000,-0.01000,87.52000,-34.94000
0.00000,0.23000,0.79000,0.00000,0.00000,0.01000,-0.01000,87.60000,-35.01000
0.00000,0.23000,0.79000,0.00000,0.00000,0.01000,-0.01000,87.60000,-35.01000
0.00000,0.23000,0.79000,0.00000,0.00000,0.01000,-0.01000,87.67000,-35.09000
0.00000,0.23000,0.79000,0.00000,0.00000,0.01000,-0.01000,87.67000,-35.09000
0.00000,0.23000,0.79000,0.00000,0.00000,0.01000,-0.01000,87.74000,-35.16000
0.00000,0.23000,0.79000,0.00000,0.00000,0.01000,-0.01000,87.74000,-35.16000
0.00000,0.23000,0.79000,0.00000,0.00000,0.01000,-0.01000,87.82000,-35.24000
0.00000,0.23000,0.79000,0.00000,0.00000,0.01000,-0.01000,87.82000,-35.24000
0.00000,0.23000,0.79000,0.00000,0.00000,0.01000,-0.01000,87.89000,-35.31000
0.00000,0.23000,0.79000,0.00000,0.00000,0.01000,-0.01000,87.89000,-35.31000
0.00000,0.23000,0.79000,0.00000,0.00000,0.01000,-0.01000,87.96000,-35.39000
0.00000,0.23000,0.79000,0.00000,0.00000,0.01000,-0.01000,87.96000,-35.39000
0.00000,0.23000,0.79000,0.00000,0.00000,0.01000,-0.01000,88.04000,-35.46000
0.00000,0.23000,0.79000,0.00000,0.00000,0.01000,-0.01000,88.04000,-35.46000
0.00000,0.23000,0.79000,0.00000,0.00000,0.01000,-0.01000,88.11000,-35.53000
0.00000,0.23000,0.79000,0.00000,0.00000,0.01000,-0.01000,88.11000,-35.53000
0.00000,0.23000,0.79000,0.00000,0.00000,0.01000,-0.01000,88.19000,-35.61000
0.00000,0.23000,0.79000,0.00000,0.00000,0.01000,-0.01000,88.19000,-35.61000
0.00000,0.23000,0.79000,0.00000,0.00000,0.01000,-0.01000,88.26000,-35.68000
0.00000,0.23000,0.79000,0.00000,0.00000,0.01000,-0.01000,88.26000,-35.68000
0.00000,0.23000,0.79000,0.00000,0.00000,0.01000,-0.01000,88.33000,-35.76000
0.00000,0.23000,0.79000,0.00000,0.00000,0.01000,-0.01000,88.33000,-35.76000
0.00000,0.23000,0.79000,0.00000,0.00000,0.01000,-0.01000,88.41000,-35.83000
0.00000,0.23000,0.79000,0.00000,0.00000,0.01000,-0.01000,88.41000,-35.83000
0.00000,0.23000,0.79000,0.00000,0.00000,0.01000,-0.01000,88.48000,-35.91000
0.00000,0.23000,0.79000,0.00000,0.00000,0.01000,-0.01000,88.48000,-35.91000
0.00000,0.23000,0.79000,0.00000,0.00000,0.01000,-0.01000,88.56000,-35.98000
0.00000,0.23000,0.79000,0.00000,0.00000,0.01000,-0.01000,88.56000,-35.98000
0.00000,0.23000,0.79000,0.00000,0.00000,0.01000,-0.01000,88.63000,-36.05000
0.00000,0.23000,0.79000,0.00000,0.00000,0.01000,-0.01000,88.63000,-36.05000
0.00000,0.23000,0.79000,0.00000,0.00000,0.01000,-0.01000,88.70000,-36.13000
0.00000,0.23000,0.79000,0.00000,0.00000,0.01000,-0.01000,88.70000,-36.13000
0.00000,0.23000,0.79000,0.00000,0.00000,0.01000,-0.01000,88.78000,-36.20000
0.00000,0.23000,0.79000,0.00000,0.00000,0.01000,-0.01000,88.78000,-36.20000
0.00000,0.23000,0.79000,0.00000,0.00000,0.01000,-0.01000,88.85000,-36.28000
0.00000,0.23000,0.79000,0.00000,0.00000,0.01000,-0.01000,88.85000,-36.28000
0.00000,0.23000,0.79000,0.00000,0.00000,0.01000,-0.01000,88.92000,-36.35000
0.00000,0.23000,0.79000,0.00000,0.00000,0.01000,-0.01000,88.92000,-36.35000
0.00000,0.23000,0.79000,0.00000,0.00000,0.01000,-0.01000,89.00000,-36.43000
0.00000,0.23000,0.79000,0.00000,0.00000,0.01000,-0.01000,89.00000,-36.43000
0.00000,0.23000,0.79000,0.00000,0.00000,0.01000,-0.01000,89.07000,-36.50000
0.00000,0.23000,0.79000,0.00000,0.00000,0.01000,-0.01000,89.07000,-36.50000
0.00000,0.23000,0.79000,0.00000,0.00000,0.01000,-0.01000,89.15000,-36.58000
0.00000,0.23000,0.79000,0.00000,0.00000,0.01000,-0.01000,89.15000,-36.58000
0.00000,0.23000,0.79000,0.00000,0.00000,0.01000,-0.01000,89.22000,-36.65000
0.00000,0.23000,0.79000,0.00000,0.00000,0.01000,-0.01000,89.22000,-36.65000
0.00000,0.23000,0.79000,0.00000,0.00000,0.01000,-0.01000,89.29000,-36.72000
0.00000,0.23000,0.79000,0.00000,0.00000,0.01000,-0.01000,89.29000,-36.72000
0.00000,0.23000,0.79000,0.00000,0.00000,0.01000,-0.01000,89.37000,-36.80000
0.00000,0.23000,0.79000,0.00000,0.00000,0.01000,-0.01000,89.37000,-36.80000
0.00000,0.23000,0.79000,0.00000,0.00000,0.01000,-0.01000,89.44000,-36.87000
0.00000,0.23000,0.79000,0.00000,0.00000,0.01000,-0.01000,89.44000,-36.87000
0.00000,0.23000,0.79000,0.00000,0.00000,0.01000,-0.01000,89.51000,-36.95000
0.00000,0.23000,0.79000,0.00000,0.00000,0.01000,-0.01000,89.51000,-36.95000
0.00000,0.23000,0.79000,0.00000,0.00000,0.01000,-0.01000,89.59000,-37.02000
0.00000,0.23000,0.79000,0.00000,0.00000,0.01000,-0.01000,89.59000,-37.02000
0.00000,0.23000,0.79000,0.00000,0.00000,0.01000,-0.01000,89.66000,-37.10000
0.00000,0.23000,0.79000,0.00000,0.00000,0.01000,-0.01000,89.66000,-37.10000
0.00000,0.23000,0.79000,0.00000,0.00000,0.01000,-0.01000,89.74000,-37.17000
0.00000,0.23000,0.79000,0.00000,0.00000,0.01000,-0.01000,89.74000,-37.17000
0.00000,0.23000,0.79000,0.00000,0.00000,0.01000,-0.01000,89.81000,-37.25000
0.00000,0.23000,0.79000,0.00000,0.00000,0.01000,-0.01000,89.81000,-37.25000
0.00000,0.23000,0.79000,0.00000,0.00000,0.01000,-0.01000,89.88000,-37.32000
0.00000,0.23000,0.79000,0.00000,0.00000,0.01000,-0.01000,89.88000,-37.32000
0.00000,0.23000,0.79000,0.00000,0.00000,0.01000,-0.01000,89.96000,-37.39000
0.00000,0.23000,0.79000,0.00000,0.00000,0.01000,-0.01000,89.96000,-37.39000
0.00000,0.23000,0.79000,0.00000,0.00000,0.01000,-0.01000,90.03000,-37.47000
0.00000,0.23000,0.79000,0.00000,0.00000,0.01000,-0.01000,90.03000,-37.47000
0.00000,0.23000,0.79000,0.00000,0.00000,0.01000,-0.01000,90.10000,-37.54000
0.00000,0.23000,0.79000,0.00000,0.00000,0.01000,-0.01000,90.10000,-37.54000
0.00000,0.23000,0.79000,0.00000,0.00000,0.01000,-0.01000,90.18000,-37.62000
0.00000,0.23000,0.79000,0.00000,0.00000,0.01000,-0.01000,90.18000,-37.62000
0.00000,0.23000,0.79000,0.00000,0.00000,0.01000,-0.01000,90.25000,-37.69000
0.00000,0.23000,0.79000,0.00000,0.00000,0.01000,-0.01000,90.25000,-37.69000
0.00000,0.23000,0.79000,0.00000,0.00000,0.01000,-0.01000,90.33000,-37.77000
0.00000,0.23000,0.79000,0.00000,0.00000,0.01000,-0.01000,90.33000,-37.77000
0.00000,0.23000,0.79000,0.00000,0.00000,0.01000,-0.01000,90.40000,-37.84000
0.00000,0.23000,0.79000,0.00000,0.00000,0.01000,-0.01000,90.40000,-37.84000
0.00000,0.23000,0.79000,0.00000,0.00000,0.01000,-0.01000,90.47000,-37.91000
0.00000,0.23000,0.79000,0.00000,0.00000,0.01000,-0.01000,90.47000,-37.91000
0.00000,0.23000,0.79000,0.00000,0.00000,0.01000,-0.01000,90.55000,-37.99000
0.00000,0.23000,0.79000,0.00000,0.00000,0.01000,-0.01000,90.55000,-37.99000
0.00000,0.23000,0.79000,0.00000,0.00000,0.01000,-0.01000,90.62000,-38.06000
0.00000,0.23000,0.79000,0.00000,0.00000,0.01000,-0.01000,90.62000,-38.06000
0.00000,0.23000,0.79000,0.00000,0.00000,0.01000,-0.01000,90.69000,-38.14000
0.00000,0.23000,0.79000,0.00000,0.00000,0.01000,-0.01000,90.69000,-38.14000
0.00000,0.23000,0.79000,0.00000,0.00000,0.01000,-0.01000,90.77000,-38.21000
0.00000,0.23000,0.79000,0.00000,0.00000,0.01000,-0.01000,90.77000,-38.21000
0.00000,0.23000,0.79000,0.00000,0.00000,0.01000,-0.01000,90.84000,-38.29000
0.00000,0.23000,0.79000,0.00000,0.00000,0.01000,-0.01000,90.84000,-38.29000
0.00000,0.23000,0.79000,0.00000,0.00000,0.01000,-0.01000,90.92000,-38.36000
0.00000,0.23000,0.79000,0.00000,0.00000,0.01000,-0.01000,90.92000,-38.36000
0.00000,0.23000,0.79000,0.00000,0.00000,0.01000,-0.01000,90.99000,-38.44000
0.00000,0.23000,0.79000,0.00000,0.00000,0.01000,-0.01000,90.99000,-38.44000
0.00000,0.23000,0.79000,0.00000,0.00000,0.01000,-0.01000,91.06000,-38.51000
0.00000,0.23000,0.79000,0.00000,0.00000,0.01000,-0.01000,91.06000,-38.51000
0.00000,0.23000,0.79000,0.00000,0.00000,0.01000,-0.01000,91.14000,-38.58000
0.00000,0.23000,0.79000,0.00000,0.00000,0.01000,-0.01000,91.14000,-38.58000
0.00000,0.23000,0.79000,0.00000,0.00000,0.01000,-0.01000,91.21000,-38.66000
0.00000,0.23000,0.79000,0.00000,0.00000,0.01000,-0.01000,91.21000,-38.66000
0.00000,0.23000,0.79000,0.00000,0.00000,0.01000,-0.01000,91.28000,-38.73000
0.00000,0.23000,0.79000,0.00000,0.00000,0.01000,-0.01000,91.28000,-38.73000
0.00000,0.23000,0.79000,0.00000,0.00000,0.01000,-0.01000,91.36000,-38.81000
0.00000,0.23000,0.79000,0.00000,0.00000,0.01000,-0.01000,91.36000,-38.81000
0.00000,0.23000,0.79000,0.00000,0.00000,0.01000,-0.01000,91.43000,-38.88000
0.00000,0.23000,0.79000,0.00000,0.00000,0.01000,-0.01000,91.43000,-38.88000
0.00000,0.23000,0.79000,0.00000,0.00000,0.01000,-0.01000,91.51000,-38.96000
0.00000,0.23000,0.79000,0.00000,0.00000,0.01000,-0.01000,91.51000,-38.96000
0.00000,0.23000,0.79000,0.00000,0.00000,0.01000,-0.01000,91.58000,-39.03000
0.00000,0.23000,0.79000,0.00000,0.00000,0.01000,-0.01000,91.58000,-39.03000
0.00000,0.23000,0.79000,0.00000,0.00000,0.01000,-0.01000,91.65000,-39.11000
0.00000,0.23000,0.79000,0.00000,0.00000,0.01000,-0.01000,91.65000,-39.11000
0.00000,0.23000,0.79000,0.00000,0.00000,0.01000,-0.01000,91.73000,-39.18000
0.00000,0.23000,0.79000,0.00000,0.00000,0.01000,-0.01000,91.73000,-39.18000
0.00000,0.23000,0.79000,0.00000,0.00000,0.01000,-0.01000,91.80000,-39.25000
0.00000,0.23000,0.79000,0.00000,0.00000,0.01000,-0.01000,91.80000,-39.25000
0.00000,0.23000,0.79000,0.00000,0.00000,0.01000,-0.01000,91.87000,-39.33000
0.00000,0.23000,0.79000,0.00000,0.00000,0.01000,-0.01000,91.87000,-39.33000
0.00000,0.23000,0.79000,0.00000,0.00000,0.01000,-0.01000,91.95000,-39.40000
0.00000,0.23000,0.79000,0.00000,0.00000,0.01000,-0.01000,91.95000,-39.40000
0.00000,0.23000,0.79000,0.00000,0.00000,0.01000,-0.01000,92.02000,-39.48000
0.00000,0.23000,0.79000,0.00000,0.00000,0.01000,-0.01000,92.02000,-39.48000
0.00000,0.23000,0.79000,0.00000,0.00000,0.01000,-0.01000,92.10000,-39.55000
0.00000,0.23000,0.79000,0.00000,0.00000,0.01000,-0.01000,92.10000,-39.55000
0.00000,0.23000,0.79000,0.00000,0.00000,0.01000,-0.01000,92.17000,-39.63000
0.00000,0.23000,0.79000,0.00000,0.00000,0.01000,-0.01000,92.17000,-39.63000
0.00000,0.23000,0.79000,0.00000,0.00000,0.01000,-0.01000,92.24000,-39.70000
0.00000,0.23000,0.79000,0.00000,0.00000,0.01000,-0.01000,92.24000,-39.70000
0.00000,0.23000,0.79000,0.00000,0.00000,0.01000,-0.01000,92.32000,-39.77000
0.00000,0.23000,0.79000,0.00000,0.00000,0.01000,-0.01000,92.32000,-39.77000
0.00000,0.23000,0.79000,0.00000,0.00000,0.01000,-0.01000,92.39000,-39.85000
0.00000,0.23000,0.79000,0.00000,0.00000,0.01000,-0.01000,92.39000,-39.85000
0.00000,0.23000,0.79000,0.00000,0.00000,0.01000,-0.01000,92.47000,-39.92000
0.00000,0.23000,0.79000,0.00000,0.00000,0.01000,-0.01000,92.47000,-39.92000
0.00000,0.23000,0.79000,0.00000,0.00000,0.01000,-0.01000,92.54000,-40.00000
0.00000,0.23000,0.79000,0.00000,0.00000,0.01000,-0.01000,92.54000,-40.00000
0.00000,0.23000,0.79000,0.00000,0.00000,0.01000,-0.01000,92.61000,-40.07000
0.00000,0.23000,0.79000,0.00000,0.00000,0.01000,-0.01000,92.61000,-40.07000
0.00000,0.23000,0.79000,0.00000,0.00000,0.01000,-0.01000,92.69000,-40.15000
0.00000,0.23000,0.79000,0.00000,0.00000,0.01000,-0.01000,92.69000,-40.15000
0.00000,0.23000,0.79000,0.00000,0.00000,0.01000,-0.01000,92.76000,-40.22000
0.00000,0.23000,0.79000,0.00000,0.00000,0.01000,-0.01000,92.76000,-40.22000
0.00000,0.23000,0.79000,0.00000,0.00000,0.01000,-0.01000,92.83000,-40.30000
0.00000,0.23000,0.79000,0.00000,0.00000,0.01000,-0.01000,92.83000,-40.30000
0.00000,0.23000,0.79000,0.00000,0.00000,0.01000,-0.01000,92.91000,-40.37000
0.00000,0.23000,0.79000,0.00000,0.00000,0.01000,-0.01000,92.91000,-40.37000
0.00000,0.23000,0.79000,0.00000,0.00000,0.01000,-0.01000,92.98000,-40.44000
0.00000,0.23000,0.79000,0.00000,0.00000,0.01000,-0.01000,92.98000,-40.44000
0.00000,0.23000,0.79000,0.00000,0.00000,0.01000,-0.01000,93.06000,-40.52000
0.00000,0.23000,0.79000,0.00000,0.00000,0.01000,-0.01000,93.06000,-40.52000
0.00000,0.23000,0.79000,0.00000,0.00000,0.01000,-0.01000,93.13000,-40.59000
0.00000,0.23000,0.79000,0.00000,0.00000,0.01000,-0.01000,93.13000,-40.59000
0.00000,0.23000,0.79000,0.00000,0.00000,0.01000,-0.01000,93.20000,-40.67000
0.00000,0.23000,0.79000,0.00000,0.00000,0.01000,-0.01000,93.20000,-40.67000
0.00000,0.23000,0.79000,0.00000,0.00000,0.01000,-0.01000,93.28000,-40.74000
0.00000,0.23000,0.79000,0.00000,0.00000,0.01000,-0.01000,93.28000,-40.74000
0.00000,0.23000,0.79000,0.00000,0.00000,0.01000,-0.01000,93.35000,-40.82000
0.00000,0.23000,0.79000,0.00000,0.00000,0.01000,-0.01000,93.35000,-40.82000
0.00000,0.23000,0.79000,0.00000,0.00000,0.01000,-0.01000,93.42000,-40.89000
0.00000,0.23000,0.79000,0.00000,0.00000,0.01000,-0.01000,93.42000,-40.89000
0.00000,0.23000,0.79000,0.00000,0.00000,0.01000,-0.01000,93.50000,-40.97000
0.00000,0.23000,0.79000,0.00000,0.00000,0.01000,-0.01000,93.50000,-40.97000
0.00000,0.23000,0.79000,0.00000,0.00000,0.01000,-0.01000,93.57000,-41.04000
0.00000,0.23000,0.79000,0.00000,0.00000,0.01000,-0.01000,93.57000,-41.04000
0.00000,0.23000,0.79000,0.00000,0.00000,0.01000,-0.01000,93.65000,-41.11000
0.00000,0.23000,0.79000,0.00000,0.00000,0.01000,-0.01000,93.65000,-41.11000
0.00000,0.23000,0.79000,0.00000,0.00000,0.01000,-0.01000,93.72000,-41.19000
0.00000,0.23000,0.79000,0.00000,0.00000,0.01000,-0.01000,93.72000,-41.19000
0.00000,0.23000,0.79000,0.00000,0.00000,0.01000,-0.01000,93.79000,-41.26000
0.00000,0.23000,0.79000,0.00000,0.00000,0.01000,-0.01000,93.79000,-41.26000
0.00000,0.23000,0.79000,0.00000,0.00000,0.01000,-0.01000,93.87000,-41.34000
0.00000,0.23000,0.79000,0.00000,0.00000,0.01000,-0.01000,93.87000,-41.34000
0.00000,0.23000,0.79000,0.00000,0.00000,0.01000,-0.01000,93.94000,-41.41000
0.00000,0.23000,0.79000,0.00000,0.00000,0.01000,-0.01000,93.94000,-41.41000
0.00000,0.23000,0.79000,0.00000,0.00000,0.01000,-0.01000,94.01000,-41.49000
0.00000,0.23000,0.79000,0.00000,0.00000,0.01000,-0.01000,94.01000,-41.49000
0.00000,0.23000,0.79000,0.00000,0.00000,0.01000,-0.01000,94.09000,-41.56000
0.00000,0.23000,0.79000,0.00000,0.00000,0.01000,-0.01000,94.09000,-41.56000
0.00000,0.23000,0.79000,0.00000,0.00000,0.01000,-0.01000,94.16000,-41.63000
0.00000,0.23000,0.79000,0.00000,0.00000,0.01000,-0.01000,94.16000,-41.63000
0.00000,0.23000,0.79000,0.00000,0.00000,0.01000,-0.01000,94.24000,-41.71000
0.00000,0.23000,0.79000,0.00000,0.00000,0.01000,-0.01000,94.24000,-41.71000
0.00000,0.23000,0.79000,0.00000,0.00000,0.01000,-0.01000,94.31000,-41.78000
0.00000,0.23000,0.79000,0.00000,0.00000,0.01000,-0.01000,94.31000,-41.78000
0.00000,0.23000,0.79000,0.00000,0.00000,0.01000,-0.01000,94.38000,-41.86000
0.00000,0.23000,0.79000,0.00000,0.00000,0.01000,-0.01000,94.38000,-41.86000
0.00000,0.23000,0.79000,0.00000,0.00000,0.01000,-0.01000,94.46000,-41.93000
0.00000,0.23000,0.79000,0.00000,0.00000,0.01000,-0.01000,94.46000,-41.93000
0.00000,0.23000,0.79000,0.00000,0.00000,0.01000,-0.01000,94.53000,-42.01000
0.00000,0.23000,0.79000,0.00000,0.00000,0.01000,-0.01000,94.53000,-42.01000
0.00000,0.23000,0.79000,0.00000,0.00000,0.01000,-0.01000,94.60000,-42.08000
0.00000,0.23000,0.79000,0.00000,0.00000,0.01000,-0.01000,94.60000,-42.08000
0.00000,0.23000,0.79000,0.00000,0.00000,0.01000,-0.01000,94.68000,-42.16000
0.00000,0.23000,0.79000,0.00000,0.00000,0.01000,-0.01000,94.68000,-42.16000
0.00000,0.23000,0.79000,0.00000,0.00000,0.01000,-0.01000,94.75000,-42.23000
0.00000,0.23000,0.79000,0.00000,0.00000,0.01000,-0.01000,94.75000,-42.23000
0.00000,0.23000,0.79000,0.00000,0.00000,0.01000,-0.01000,94.83000,-42.30000
0.00000,0.23000,0.79000,0.00000,0.00000,0.01000,-0.01000,94.83000,-42.30000
0.00000,0.23000,0.79000,0.00000,0.00000,0.01000,-0.01000,94.90000,-42.38000
0.00000,0.23000,0.79000,0.00000,0.00000,0.01000,-0.01000,94.90000,-42.38000
0.00000,0.23000,0.79000,0.00000,0.00000,0.01000,-0.01000,94.97000,-42.45000
0.00000,0.23000,0.79000,0.00000,0.00000,0.01000,-0.01000,94.97000,-42.45000
0.00000,0.23000,0.79000,0.00000,0.00000,0.01000,-0.01000,95.05000,-42.53000
0.00000,0.23000,0.79000,0.00000,0.00000,0.01000,-0.01000,95.05000,-42.53000
0.00000,0.23000,0.79000,0.00000,0.00000,0.01000,-0.01000,95.12000,-42.60000
0.00000,0.23000,0.79000,0.00000,0.00000,0.01000,-0.01000,95.12000,-42.60000
0.00000,0.23000,0.79000,0.00000,0.00000,0.01000,-0.01000,95.19000,-42.68000
0.00000,0.23000,0.79000,0.00000,0.00000,0.01000,-0.01000,95.19000,-42.68000
0.00000,0.23000,0.79000,0.00000,0.00000,0.01000,-0.01000,95.27000,-42.75000
0.00000,0.23000,0.79000,0.00000,0.00000,0.01000,-0.01000,95.27000,-42.75000
0.00000,0.23000,0.79000,0.00000,0.00000,0.01000,-0.01000,95.34000,-42.83000
0.00000,0.23000,0.79000,0.00000,0.00000,0.01000,-0.01000,95.34000,-42.83000
0.00000,0.23000,0.79000,0.00000,0.00000,0.01000,-0.01000,95.42000,-42.90000
0.00000,0.23000,0.79000,0.00000,0.00000,0.01000,-0.01000,95.42000,-42.90000
0.00000,0.23000,0.79000,0.00000,0.00000,0.01000,-0.01000,95.49000,-42.97000
0.00000,0.23000,0.79000,0.00000,0.00000,0.01000,-0.01000,95.49000,-42.97000
0.00000,0.23000,0.79000,0.00000,0.00000,0.01000,-0.01000,95.56000,-43.05000
0.00000,0.23000,0.79000,0.00000,0.00000,0.01000,-0.01000,95.56000,-43.05000
0.00000,0.23000,0.79000,0.00000,0.00000,0.01000,-0.01000,95.64000,-43.12000
0.00000,0.23000,0.79000,0.00000,0.00000,0.01000,-0.01000,95.64000,-43.12000
0.00000,0.23000,0.79000,0.00000,0.00000,0.01000,-0.01000,95.71000,-43.20000
0.00000,0.23000,0.79000,0.00000,0.00000,0.01000,-0.01000,95.71000,-43.20000
0.00000,0.23000,0.79000,0.00000,0.00000,0.01000,-0.01000,95.79000,-43.27000
0.00000,0.23000,0.79000,0.00000,0.00000,0.01000,-0.01000,95.79000,-43.27000
0.00000,0.23000,0.79000,0.00000,0.00000,0.01000,-0.01000,95.86000,-43.35000
0.00000,0.23000,0.79000,0.00000,0.00000,0.01000,-0.01000,95.86000,-43.35000
0.00000,0.23000,0.79000,0.00000,0.00000,0.01000,-0.01000,95.93000,-43.42000
0.00000,0.23000,0.79000,0.00000,0.00000,0.01000,-0.01000,95.93000,-43.42000
0.00000,0.23000,0.79000,0.00000,0.00000,0.01000,-0.01000,96.01000,-43.49000
0.00000,0.23000,0.79000,0.00000,0.00000,0.01000,-0.01000,96.01000,-43.49000
0.00000,0.23000,0.79000,0.00000,0.00000,0.01000,-0.01000,96.08000,-43.57000
0.00000,0.23000,0.79000,0.00000,0.00000,0.01000,-0.01000,96.08000,-43.57000
0.00000,0.23000,0.79000,0.00000,0.00000,0.01000,-0.01000,96.15000,-43.64000
0.00000,0.23000,0.79000,0.00000,0.00000,0.01000,-0.01000,96.15000,-43.64000
0.00000,0.23000,0.79000,0.00000,0.00000,0.01000,-0.01000,96.23000,-43.72000
0.00000,0.23000,0.79000,0.00000,0.00000,0.01000,-0.01000,96.23000,-43.72000
0.00000,0.23000,0.79000,0.00000,0.00000,0.01000,-0.01000,96.30000,-43.79000
0.00000,0.23000,0.79000,0.00000,0.00000,0.01000,-0.01000,96.30000,-43.79000
0.00000,0.23000,0.79000,0.00000,0.00000,0.01000,-0.01000,96.38000,-43.87000
0.00000,0.23000,0.79000,0.00000,0.00000,0.01000,-0.01000,96.38000,-43.87000
0.00000,0.23000,0.79000,0.00000,0.00000,0.01000,-0.01000,96.45000,-43.94000
0.00000,0.23000,0.79000,0.00000,0.00000,0.01000,-0.01000,96.45000,-43.94000
0.00000,0.23000,0.79000,0.00000,0.00000,0.01000,-0.01000,96.52000,-44.02000
0.00000,0.23000,0.79000,0.00000,0.00000,0.01000,-0.01000,96.52000,-44.02000
0.00000,0.23000,0.79000,0.00000,0.00000,0.01000,-0.01000,96.60000,-44.09000
0.00000,0.23000,0.79000,0.00000,0.00000,0.01000,-0.01000,96.60000,-44.09000
0.00000,0.23000,0.79000,0.00000,0.00000,0.01000,-0.01000,96.67000,-44.16000
0.00000,0.23000,0.79000,0.00000,0.00000,0.01000,-0.01000,96.67000,-44.16000
0.00000,0.23000,0.79000,0.00000,0.00000,0.01000,-0.01000,96.74000,-44.24000
0.00000,0.23000,0.79000,0.00000,0.00000,0.01000,-0.01000,96.74000,-44.24000
0.00000,0.23000,0.79000,0.00000,0.00000,0.01000,-0.01000,96.82000,-44.31000
0.00000,0.23000,0.79000,0.00000,0.00000,0.01000,-0.01000,96.82000,-44.31000
0.00000,0.23000,0.79000,0.00000,0.00000,0.01000,-0.01000,96.89000,-44.39000
0.00000,0.23000,0.79000,0.00000,0.00000,0.01000,-0.01000,96.89000,-44.39000
0.00000,0.23000,0.79000,0.00000,0.00000,0.01000,-0.01000,96.97000,-44.46000
0.00000,0.23000,0.79000,0.00000,0.00000,0.01000,-0.01000,96.97000,-44.46000
0.00000,0.23000,0.79000,0.00000,0.00000,0.01000,-0.01000,97.04000,-44.54000
0.00000,0.23000,0.79000,0.00000,0.00000,0.01000,-0.01000,97.04000,-44.54000
0.00000,0.23000,0.79000,0.00000,0.00000,0.01000,-0.01000,97.11000,-44.61000
0.00000,0.23000,0.79000,0.00000,0.00000,0.01000,-0.01000,97.11000,-44.61000
0.00000,0.23000,0.79000,0.00000,0.00000,0.01000,-0.01000,97.19000,-44.68000
0.00000,0.23000,0.79000,0.00000,0.00000,0.01000,-0.01000,97.19000,-44.68000
0.00000,0.23000,0.79000,0.00000,0.00000,0.01000,-0.01000,97.26000,-44.76000
0.00000,0.23000,0.79000,0.00000,0.00000,0.01000,-0.01000,97.26000,-44.76000
0.00000,0.23000,0.79000,0.00000,0.00000,0.01000,-0.01000,97.33000,-44.83000
0.00000,0.23000,0.79000,0.00000,0.00000,0.01000,-0.01000,97.33000,-44.83000
0.00000,0.23000,0.79000,0.00000,0.00000,0.01000,-0.01000,97.41000,-44.91000
0.00000,0.23000,0.79000,0.00000,0.00000,0.01000,-0.01000,97.41000,-44.91000
0.00000,0.23000,0.79000,0.00000,0.00000,0.01000,-0.01000,97.48000,-44.98000
0.00000,0.23000,0.79000,0.00000,0.00000,0.01000,-0.01000,97.48000,-44.98000
0.00000,0.23000,0.79000,0.00000,0.00000,0.01000,-0.01000,97.56000,-45.06000
0.00000,0.23000,0.79000,0.00000,0.00000,0.01000,-0.01000,97.56000,-45.06000
0.00000,0.23000,0.79000,0.00000,0.00000,0.01000,-0.01000,97.63000,-45.13000
0.00000,0.23000,0.79000,0.00000,0.00000,0.01000,-0.01000,97.63000,-45.13000
0.00000,0.23000,0.79000,0.00000,0.00000,0.01000,-0.01000,97.70000,-45.21000
0.00000,0.23000,0.79000,0.00000,0.00000,0.01000,-0.01000,97.70000,-45.21000
0.00000,0.23000,0.79000,0.00000,0.00000,0.01000,-0.01000,97.78000,-45.28000
0.00000,0.23000,0.79000,0.00000,0.00000,0.01000,-0.01000,97.78000,-45.28000
0.00000,0.23000,0.79000,0.00000,0.00000,0.01000,-0.01000,97.85000,-45.35000
0.00000,0.23000,0.79000,0.00000,0.00000,0.01000,-0.01000,97.85000,-45.35000
0.00000,0.23000,0.79000,0.00000,0.00000,0.01000,-0.01000,97.92000,-45.43000
0.00000,0.23000,0.79000,0.00000,0.00000,0.01000,-0.01000,97.92000,-45.43000
0.00000,0.23000,0.79000,0.00000,0.00000,0.01000,-0.01000,98.00000,-45.50000
0.00000,0.23000,0.79000,0.00000,0.00000,0.01000,-0.01000,98.00000,-45.50000
0.00000,0.23000,0.79000,0.00000,0.00000,0.01000,-0.01000,98.07000,-45.58000
0.00000,0.23000,0.79000,0.00000,0.00000,0.01000,-0.01000,98.07000,-45.58000
0.00000,0.23000,0.79000,0.00000,0.00000,0.01000,-0.01000,98.15000,-45.65000
0.00000,0.23000,0.79000,0.00000,0.00000,0.01000,-0.01000,98.15000,-45.65000
0.00000,0.23000,0.79000,0.00000,0.00000,0.01000,-0.01000,98.22000,-45.73000
0.00000,0.23000,0.79000,0.00000,0.00000,0.01000,-0.01000,98.22000,-45.73000
0.00000,0.23000,0.79000,0.00000,0.00000,0.01000,-0.01000,98.29000,-45.80000
0.00000,0.23000,0.79000,0.00000,0.00000,0.01000,-0.01000,98.29000,-45.80000
0.00000,0.23000,0.79000,0.00000,0.00000,0.01000,-0.01000,98.37000,-45.88000
0.00000,0.23000,0.79000,0.00000,0.00000,0.01000,-0.01000,98.37000,-45.88000
0.00000,0.23000,0.79000,0.00000,0.00000,0.01000,-0.01000,98.44000,-45.95000
0.00000,0.23000,0.79000,0.00000,0.00000,0.01000,-0.01000,98.44000,-45.95000
0.00000,0.23000,0.79000,0.00000,0.00000,0.01000,-0.01000,98.51000,-46.02000
0.00000,0.23000,0.79000,0.00000,0.00000,0.01000,-0.01000,98.51000,-46.02000
0.00000,0.23000,0.79000,0.00000,0.00000,0.01000,-0.01000,98.59000,-46.10000
0.00000,0.23000,0.79000,0.00000,0.00000,0.01000,-0.01000,98.59000,-46.10000
0.00000,0.23000,0.79000,0.00000,0.00000,0.01000,-0.01000,98.66000,-46.17000
0.00000,0.23000,0.79000,0.00000,0.00000,0.01000,-0.01000,98.66000,-46.17000
0.00000,0.23000,0.79000,0.00000,0.00000,0.01000,-0.01000,98.74000,-46.25000
0.00000,0.23000,0.79000,0.00000,0.00000,0.01000,-0.01000,98.74000,-46.25000
0.00000,0.23000,0.79000,0.00000,0.00000,0.01000,-0.01000,98.81000,-46.32000
0.00000,0.23000,0.79000,0.00000,0.00000,0.01000,-0.01000,98.81000,-46.32000
0.00000,0.23000,0.79000,0.00000,0.00000,0.01000,-0.01000,98.88000,-46.40000
0.00000,0.23000,0.79000,0.00000,0.00000,0.01000,-0.01000,98.88000,-46.40000
0.00000,0.23000,0.79000,0.00000,0.00000,0.01000,-0.01000,98.96000,-46.47000
0.00000,0.23000,0.79000,0.00000,0.00000,0.01000,-0.01000,98.96000,-46.47000
0.00000,0.23000,0.79000,0.00000,0.00000,0.01000,-0.01000,99.03000,-46.54000
0.00000,0.23000,0.79000,0.00000,0.00000,0.01000,-0.01000,99.03000,-46.54000
0.00000,0.23000,0.79000,0.00000,0.00000,0.01000,-0.01000,99.11000,-46.62000
0.00000,0.23000,0.79000,0.00000,0.00000,0.01000,-0.01000,99.11000,-46.62000
0.00000,0.23000,0.79000,0.00000,0.00000,0.01000,-0.01000,99.18000,-46.69000
0.00000,0.23000,0.79000,0.00000,0.00000,0.01000,-0.01000,99.18000,-46.69000
0.00000,0.23000,0.79000,0.00000,0.00000,0.01000,-0.01000,99.25000,-46.77000
0.00000,0.23000,0.79000,0.00000,0.00000,0.01000,-0.01000,99.25000,-46.77000
0.00000,0.23000,0.79000,0.00000,0.00000,0.01000,-0.01000,99.33000,-46.84000
0.00000,0.23000,0.79000,0.00000,0.00000,0.01000,-0.01000,99.33000,-46.84000
0.00000,0.23000,0.79000,0.00000,0.00000,0.01000,-0.01000,99.40000,-46.92000
0.00000,0.23000,0.79000,0.00000,0.00000,0.01000,-0.01000,99.40000,-46.92000
0.00000,0.23000,0.79000,0.00000,0.00000,0.01000,-0.01000,99.47000,-46.99000
0.00000,0.23000,0.79000,0.00000,0.00000,0.01000,-0.01000,99.47000,-46.99000
0.00000,0.23000,0.79000,0.00000,0.00000,0.01000,-0.01000,99.55000,-47.07000
0.00000,0.23000,0.79000,0.00000,0.00000,0.01000,-0.01000,99.55000,-47.07000
0.00000,0.23000,0.79000,0.00000,0.00000,0.01000,-0.01000,99.62000,-47.14000
0.00000,0.23000,0.79000,0.00000,0.00000,0.01000,-0.01000,99.62000,-47.14000
0.00000,0.23000,0.79000,0.00000,0.00000,0.01000,-0.01000,99.70000,-47.21000
0.00000,0.23000,0.79000,0.00000,0.00000,0.01000,-0.01000,99.70000,-47.21000
0.00000,0.23000,0.79000,0.00000,0.00000,0.01000,-0.01000,99.77000,-47.29000
0.00000,0.23000,0.79000,0.00000,0.00000,0.01000,-0.01000,99.77000,-47.29000
0.00000,0.23000,0.79000,0.00000,0.00000,0.01000,-0.01000,99.84000,-47.36000
0.00000,0.23000,0.79000,0.00000,0.00000,0.01000,-0.01000,99.84000,-47.36000
0.00000,0.23000,0.79000,0.00000,0.00000,0.01000,-0.01000,99.92000,-47.44000
0.00000,0.23000,0.79000,0.00000,0.00000,0.01000,-0.01000,99.92000,-47.44000
0.00000,0.23000,0.79000,0.00000,0.00000,0.01000,-0.01000,99.99000,-47.51000
0.00000,0.23000,0.79000,0.00000,0.00000,0.01000,-0.01000,99.99000,-47.51000
0.00000,0.23000,0.79000,0.00000,0.00000,0.01000,-0.01000,100.06000,-47.59000
0.00000,0.23000,0.79000,0.00000,0.00000,0.01000,-0.01000,100.06000,-47.59000
0.00000,0.23000,0.79000,0.00000,0.00000,0.01000,-0.01000,100.14000,-47.66000
0.00000,0.23000,0.79000,0.00000,0.00000,0.01000,-0.01000,100.14000,-47.66000
0.00000,0.23000,0.79000,0.00000,0.00000,0.01000,-0.01000,100.21000,-47.74000
0.00000,0.23000,0.79000,0.00000,0.00000,0.01000,-0.01000,100.21000,-47.74000
0.00000,0.23000,0.79000,0.00000,0.00000,0.01000,-0.01000,100.29000,-47.81000
0.00000,0.23000,0.79000,0.00000,0.00000,0.01000,-0.01000,100.29000,-47.81000
0.00000,0.23000,0.79000,0.00000,0.00000,0.01000,-0.01000,100.36000,-47.88000
0.00000,0.23000,0.79000,0.00000,0.00000,0.01000,-0.01000,100.36000,-47.88000
0.00000,0.23000,0.79000,0.00000,0.00000,0.01000,-0.01000,100.43000,-47.96000
0.00000,0.23000,0.79000,0.00000,0.00000,0.01000,-0.01000,100.43000,-47.96000
0.00000,0.23000,0.79000,0.00000,0.00000,0.01000,-0.01000,100.51000,-48.03000
0.00000,0.23000,0.79000,0.00000,0.00000,0.01000,-0.01000,100.51000,-48.03000
0.00000,0.23000,0.79000,0.00000,0.00000,0.01000,-0.01000,100.58000,-48.11000
0.00000,0.23000,0.79000,0.00000,0.00000,0.01000,-0.01000,100.58000,-48.11000
0.00000,0.23000,0.79000,0.00000,0.00000,0.01000,-0.01000,100.65000,-48.18000
0.00000,0.23000,0.79000,0.00000,0.00000,0.01000,-0.01000,100.65000,-48.18000
0.00000,0.23000,0.79000,0.00000,0.00000,0.01000,-0.01000,100.73000,-48.26000
0.00000,0.23000,0.79000,0.00000,0.00000,0.01000,-0.01000,100.73000,-48.26000
0.00000,0.23000,0.79000,0.00000,0.00000,0.01000,-0.01000,100.80000,-48.33000
0.00000,0.23000,0.79000,0.00000,0.00000,0.01000,-0.01000,100.80000,-48.33000
0.00000,0.23000,0.79000,0.00000,0.00000,0.01000,-0.01000,100.88000,-48.40000
0.00000,0.23000,0.79000,0.00000,0.00000,0.01000,-0.01000,100.88000,-48.40000
0.00000,0.23000,0.79000,0.00000,0.00000,0.01000,-0.01000,100.95000,-48.48000
0.00000,0.23000,0.79000,0.00000,0.00000,0.01000,-0.01000,100.95000,-48.48000
0.00000,0.23000,0.79000,0.00000,0.00000,0.01000,-0.01000,101.02000,-48.55000
0.00000,0.23000,0.79000,0.00000,0.00000,0.01000,-0.01000,101.02000,-48.55000
0.00000,0.23000,0.79000,0.00000,0.00000,0.01000,-0.01000,101.10000,-48.63000
0.00000,0.23000,0.79000,0.00000,0.00000,0.01000,-0.01000,101.10000,-48.63000
0.00000,0.23000,0.79000,0.00000,0.00000,0.01000,-0.01000,101.17000,-48.70000
0.00000,0.23000,0.79000,0.00000,0.00000,0.01000,-0.01000,101.17000,-48.70000
0.00000,0.23000,0.79000,0.00000,0.00000,0.01000,-0.01000,101.24000,-48.78000
0.00000,0.23000,0.79000,0.00000,0.00000,0.01000,-0.01000,101.24000,-48.78000
0.00000,0.23000,0.79000,0.00000,0.00000,0.01000,-0.01000,101.32000,-48.85000
0.00000,0.23000,0.79000,0.00000,0.00000,0.01000,-0.01000,101.32000,-48.85000
0.00000,0.23000,0.79000,0.00000,0.00000,0.01000,-0.01000,101.39000,-48.93000
0.00000,0.23000,0.79000,0.00000,0.00000,0.01000,-0.01000,101.39000,-48.93000
0.00000,0.23000,0.79000,0.00000,0.00000,0.01000,-0.01000,101.47000,-49.00000
0.00000,0.23000,0.79000,0.00000,0.00000,0.01000,-0.01000,101.47000,-49.00000
0.00000,0.23000,0.79000,0.00000,0.00000,0.01000,-0.01000,101.54000,-49.07000
0.00000,0.23000,0.79000,0.00000,0.00000,0.01000,-0.01000,101.54000,-49.07000
0.00000,0.23000,0.79000,0.00000,0.00000,0.01000,-0.01000,101.61000,-49.15000
0.00000,0.23000,0.79000,0.00000,0.00000,0.01000,-0.01000,101.61000,-49.15000
0.00000,0.23000,0.79000,0.00000,0.00000,0.01000,-0.01000,101.69000,-49.22000
0.00000,0.23000,0.79000,0.00000,0.00000,0.01000,-0.01000,101.69000,-49.22000
0.00000,0.23000,0.79000,0.00000,0.00000,0.01000,-0.01000,101.76000,-49.30000
0.00000,0.23000,0.79000,0.00000,0.00000,0.01000,-0.01000,101.76000,-49.30000
0.00000,0.23000,0.79000,0.00000,0.00000,0.01000,-0.01000,101.83000,-49.37000
0.00000,0.23000,0.79000,0.00000,0.00000,0.01000,-0.01000,101.83000,-49.37000
0.00000,0.23000,0.79000,0.00000,0.00000,0.01000,-0.01000,101.91000,-49.45000
0.00000,0.23000,0.79000,0.00000,0.00000,0.01000,-0.01000,101.91000,-49.45000
0.00000,0.23000,0.79000,0.00000,0.00000,0.01000,-0.01000,101.98000,-49.52000
0.00000,0.23000,0.79000,0.00000,0.00000,0.01000,-0.01000,101.98000,-49.52000
0.00000,0.23000,0.79000,0.00000,0.00000,0.01000,-0.01000,102.06000,-49.60000
0.00000,0.23000,0.79000,0.00000,0.00000,0.01000,-0.01000,102.06000,-49.60000
0.00000,0.23000,0.79000,0.00000,0.00000,0.01000,-0.01000,102.13000,-49.67000
0.00000,0.23000,0.79000,0.00000,0.00000,0.01000,-0.01000,102.13000,-49.67000
0.00000,0.23000,0.79000,0.00000,0.00000,0.01000,-0.01000,102.20000,-49.74000
0.00000,0.23000,0.79000,0.00000,0.00000,0.01000,-0.01000,102.20000,-49.74000
0.00000,0.23000,0.79000,0.00000,0.00000,0.01000,-0.01000,102.28000,-49.82000
0.00000,0.23000,0.79000,0.00000,0.00000,0.01000,-0.01000,102.28000,-49.82000
0.00000,0.23000,0.79000,0.00000,0.00000,0.01000,-0.01000,102.35000,-49.89000
0.00000,0.23000,0.79000,0.00000,0.00000,0.01000,-0.01000,102.35000,-49.89000
0.00000,0.23000,0.79000,0.00000,0.00000,0.01000,-0.01000,102.42000,-49.97000
0.00000,0.23000,0.79000,0.00000,0.00000,0.01000,-0.01000,102.42000,-49.97000
0.00000,0.23000,0.79000,0.00000,0.00000,0.01000,-0.01000,102.50000,-50.04000
0.00000,0.23000,0.79000,0.00000,0.00000,0.01000,-0.01000,102.50000,-50.04000
0.00000,0.23000,0.79000,0.00000,0.00000,0.01000,-0.01000,102.57000,-50.12000
0.00000,0.23000,0.79000,0.00000,0.00000,0.01000,-0.01000,102.57000,-50.12000
0.00000,0.23000,0.79000,0.00000,0.00000,0.01000,-0.01000,102.65000,-50.19000
0.00000,0.23000,0.79000,0.00000,0.00000,0.01000,-0.01000,102.65000,-50.19000
0.00000,0.23000,0.79000,0.00000,0.00000,0.01000,-0.01000,102.72000,-50.26000
0.00000,0.23000,0.79000,0.00000,0.00000,0.01000,-0.01000,102.72000,-50.26000
0.00000,0.23000,0.79000,0.00000,0.00000,0.01000,-0.01000,102.79000,-50.34000
0.00000,0.23000,0.79000,0.00000,0.00000,0.01000,-0.01000,102.79000,-50.34000
0.00000,0.23000,0.79000,0.00000,0.00000,0.01000,-0.01000,102.87000,-50.41000
0.00000,0.23000,0.79000,0.00000,0.00000,0.01000,-0.01000,102.87000,-50.41000
0.00000,0.23000,0.79000,0.00000,0.00000,0.01000,-0.01000,102.94000,-50.49000
0.00000,0.23000,0.79000,0.00000,0.00000,0.01000,-0.01000,102.94000,-50.49000
0.00000,0.23000,0.79000,0.00000,0.00000,0.01000,-0.01000,103.02000,-50.56000
0.00000,0.23000,0.79000,0.00000,0.00000,0.01000,-0.01000,103.02000,-50.56000
0.00000,0.23000,0.79000,0.00000,0.00000,0.01000,-0.01000,103.09000,-50.64000
0.00000,0.23000,0.79000,0.00000,0.00000,0.01000,-0.01000,103.09000,-50.64000
0.00000,0.23000,0.79000,0.00000,0.00000,0.01000,-0.01000,103.16000,-50.71000
0.00000,0.23000,0.79000,0.00000,0.00000,0.01000,-0.01000,103.16000,-50.71000
0.00000,0.23000,0.79000,0.00000,0.00000,0.01000,-0.01000,103.24000,-50.79000
0.00000,0.23000,0.79000,0.00000,0.00000,0.01000,-0.01000,103.24000,-50.79000
0.00000,0.23000,0.79000,0.00000,0.00000,0.01000,-0.01000,103.31000,-50.86000
0.00000,0.23000,0.79000,0.00000,0.00000,0.01000,-0.01000,103.31000,-50.86000
0.00000,0.23000,0.79000,0.00000,0.00000,0.01000,-0.01000,103.38000,-50.93000
0.00000,0.23000,0.79000,0.00000,0.00000,0.01000,-0.01000,103.38000,-50.93000
0.00000,0.23000,0.79000,0.00000,0.00000,0.01000,-0.01000,103.46000,-51.01000
0.00000,0.23000,0.79000,0.00000,0.00000,0.01000,-0.01000,103.46000,-51.01000
0.00000,0.23000,0.79000,0.00000,0.00000,0.01000,-0.01000,103.53000,-51.08000
0.00000,0.23000,0.79000,0.00000,0.00000,0.01000,-0.01000,103.53000,-51.08000
0.00000,0.23000,0.79000,0.00000,0.00000,0.01000,-0.01000,103.61000,-51.16000
0.00000,0.23000,0.79000,0.00000,0.00000,0.01000,-0.01000,103.61000,-51.16000
0.00000,0.23000,0.79000,0.00000,0.00000,0.01000,-0.01000,103.68000,-51.23000
0.00000,0.23000,0.79000,0.00000,0.00000,0.01000,-0.01000,103.68000,-51.23000
0.00000,0.23000,0.79000,0.00000,0.00000,0.01000,-0.01000,103.75000,-51.31000
0.00000,0.23000,0.79000,0.00000,0.00000,0.01000,-0.01000,103.75000,-51.31000
0.00000,0.23000,0.79000,0.00000,0.00000,0.01000,-0.01000,103.83000,-51.38000
0.00000,0.23000,0.79000,0.00000,0.00000,0.01000,-0.01000,103.83000,-51.38000
0.00000,0.23000,0.79000,0.00000,0.00000,0.01000,-0.01000,103.90000,-51.46000
0.00000,0.23000,0.79000,0.00000,0.00000,0.01000,-0.01000,103.90000,-51.46000
0.00000,0.23000,0.79000,0.00000,0.00000,0.01000,-0.01000,103.97000,-51.53000
0.00000,0.23000,0.79000,0.00000,0.00000,0.01000,-0.01000,103.97000,-51.53000
0.00000,0.23000,0.79000,0.00000,0.00000,0.01000,-0.01000,104.05000,-51.60000
0.00000,0.23000,0.79000,0.00000,0.00000,0.01000,-0.01000,104.05000,-51.60000
0.00000,0.23000,0.79000,0.00000,0.00000,0.01000,-0.01000,104.12000,-51.68000
0.00000,0.23000,0.79000,0.00000,0.00000,0.01000,-0.01000,104.12000,-51.68000
0.00000,0.23000,0.79000,0.00000,0.00000,0.01000,-0.01000,104.20000,-51.75000
0.00000,0.23000,0.79000,0.00000,0.00000,0.01000,-0.01000,104.20000,-51.75000
0.00000,0.23000,0.79000,0.00000,0.00000,0.01000,-0.01000,104.27000,-51.83000
0.00000,0.23000,0.79000,0.00000,0.00000,0.01000,-0.01000,104.27000,-51.83000
0.00000,0.23000,0.79000,0.00000,0.00000,0.01000,-0.01000,104.34000,-51.90000
0.00000,0.23000,0.79000,0.00000,0.00000,0.01000,-0.01000,104.34000,-51.90000
0.00000,0.23000,0.79000,0.00000,0.00000,0.01000,-0.01000,104.42000,-51.98000
0.00000,0.23000,0.79000,0.00000,0.00000,0.01000,-0.01000,104.42000,-51.98000
0.00000,0.23000,0.79000,0.00000,0.00000,0.01000,-0.01000,104.49000,-52.05000
0.00000,0.23000,0.79000,0.00000,0.00000,0.01000,-0.01000,104.49000,-52.05000
0.00000,0.23000,0.79000,0.00000,0.00000,0.01000,-0.01000,104.56000,-52.12000
0.00000,0.23000,0.79000,0.00000,0.00000,0.01000,-0.01000,104.56000,-52.12000
0.00000,0.23000,0.79000,0.00000,0.00000,0.01000,-0.01000,104.64000,-52.20000
0.00000,0.23000,0.79000,0.00000,0.00000,0.01000,-0.01000,104.64000,-52.20000
0.00000,0.23000,0.79000,0.00000,0.00000,0.01000,-0.01000,104.71000,-52.27000
0.00000,0.23000,0.79000,0.00000,0.00000,0.01000,-0.01000,104.71000,-52.27000
0.00000,0.23000,0.79000,0.00000,0.00000,0.01000,-0.01000,104.79000,-52.35000
0.00000,0.23000,0.79000,0.00000,0.00000,0.01000,-0.01000,104.79000,-52.35000
0.00000,0.23000,0.79000,0.00000,0.00000,0.01000,-0.01000,104.86000,-52.42000
0.00000,0.23000,0.79000,0.00000,0.00000,0.01000,-0.01000,104.86000,-52.42000
0.00000,0.23000,0.79000,0.00000,0.00000,0.01000,-0.01000,104.93000,-52.50000
0.00000,0.23000,0.79000,0.00000,0.00000,0.01000,-0.01000,104.93000,-52.50000
0.00000,0.23000,0.79000,0.00000,0.00000,0.01000,-0.01000,105.01000,-52.57000
0.00000,0.23000,0.79000,0.00000,0.00000,0.01000,-0.01000,105.01000,-52.57000
0.00000,0.23000,0.79000,0.00000,0.00000,0.01000,-0.01000,105.08000,-52.65000
0.00000,0.23000,0.79000,0.00000,0.00000,0.01000,-0.01000,105.08000,-52.65000
0.00000,0.23000,0.79000,0.00000,0.00000,0.01000,-0.01000,105.15000,-52.72000
0.00000,0.23000,0.79000,0.00000,0.00000,0.01000,-0.01000,105.15000,-52.72000
0.00000,0.23000,0.79000,0.00000,0.00000,0.01000,-0.01000,105.23000,-52.79000
0.00000,0.23000,0.79000,0.00000,0.00000,0.01000,-0.01000,105.23000,-52.79000
0.00000,0.23000,0.79000,0.00000,0.00000,0.01000,-0.01000,105.30000,-52.87000
0.00000,0.23000,0.79000,0.00000,0.00000,0.01000,-0.01000,105.30000,-52.87000
0.00000,0.23000,0.79000,0.00000,0.00000,0.01000,-0.01000,105.38000,-52.94000
0.00000,0.23000,0.79000,0.00000,0.00000,0.01000,-0.01000,105.38000,-52.94000
0.00000,0.23000,0.79000,0.00000,0.00000,0.01000,-0.01000,105.45000,-53.02000
0.00000,0.23000,0.79000,0.00000,0.00000,0.01000,-0.01000,105.45000,-53.02000
0.00000,0.23000,0.79000,0.00000,0.00000,0.01000,-0.01000,105.52000,-53.09000
0.00000,0.23000,0.79000,0.00000,0.00000,0.01000,-0.01000,105.52000,-53.09000
0.00000,0.23000,0.79000,0.00000,0.00000,0.01000,-0.01000,105.60000,-53.17000
0.00000,0.23000,0.79000,0.00000,0.00000,0.01000,-0.01000,105.60000,-53.17000
0.00000,0.23000,0.79000,0.00000,0.00000,0.01000,-0.01000,105.67000,-53.24000
0.00000,0.23000,0.79000,0.00000,0.00000,0.01000,-0.01000,105.67000,-53.24000
0.00000,0.23000,0.79000,0.00000,0.00000,0.01000,-0.01000,105.74000,-53.32000
0.00000,0.23000,0.79000,0.00000,0.00000,0.01000,-0.01000,105.74000,-53.32000
0.00000,0.23000,0.79000,0.00000,0.00000,0.01000,-0.01000,105.82000,-53.39000
0.00000,0.23000,0.79000,0.00000,0.00000,0.01000,-0.01000,105.82000,-53.39000
0.00000,0.23000,0.79000,0.00000,0.00000,0.01000,-0.01000,105.89000,-53.46000
0.00000,0.23000,0.79000,0.00000,0.00000,0.01000,-0.01000,105.89000,-53.46000
0.00000,0.23000,0.79000,0.00000,0.00000,0.01000,-0.01000,105.97000,-53.54000
0.00000,0.23000,0.79000,0.00000,0.00000,0.01000,-0.01000,105.97000,-53.54000
0.00000,0.23000,0.79000,0.00000,0.00000,0.01000,-0.01000,106.04000,-53.61000
0.00000,0.23000,0.79000,0.00000,0.00000,0.01000,-0.01000,106.04000,-53.61000
0.00000,0.23000,0.79000,0.00000,0.00000,0.01000,-0.01000,106.11000,-53.69000
0.00000,0.23000,0.79000,0.00000,0.00000,0.01000,-0.01000,106.11000,-53.69000
0.00000,0.23000,0.79000,0.00000,0.00000,0.01000,-0.01000,106.19000,-53.76000
0.00000,0.23000,0.79000,0.00000,0.00000,0.01000,-0.01000,106.19000,-53.76000
0.00000,0.23000,0.79000,0.00000,0.00000,0.01000,-0.01000,106.26000,-53.84000
0.00000,0.23000,0.79000,0.00000,0.00000,0.01000,-0.01000,106.26000,-53.84000
0.00000,0.23000,0.79000,0.00000,0.00000,0.01000,-0.01000,106.34000,-53.91000
0.00000,0.23000,0.79000,0.00000,0.00000,0.01000,-0.01000,106.34000,-53.91000
0.00000,0.23000,0.79000,0.00000,0.00000,0.01000,-0.01000,106.41000,-53.98000
0.00000,0.23000,0.79000,0.00000,0.00000,0.01000,-0.01000,106.41000,-53.98000
0.00000,0.23000,0.79000,0.00000,0.00000,0.01000,-0.01000,106.48000,-54.06000
0.00000,0.23000,0.79000,0.00000,0.00000,0.01000,-0.01000,106.48000,-54.06000
0.00000,0.23000,0.79000,0.00000,0.00000,0.01000,-0.01000,106.56000,-54.13000
0.00000,0.23000,0.79000,0.00000,0.00000,0.01000,-0.01000,106.56000,-54.13000
0.00000,0.23000,0.79000,0.00000,0.00000,0.01000,-0.01000,106.63000,-54.21000
0.00000,0.23000,0.79000,0.00000,0.00000,0.01000,-0.01000,106.63000,-54.21000
0.00000,0.23000,0.79000,0.00000,0.00000,0.01000,-0.01000,106.70000,-54.28000
0.00000,0.23000,0.79000,0.00000,0.00000,0.01000,-0.01000,106.70000,-54.28000
0.00000,0.23000,0.79000,0.00000,0.00000,0.01000,-0.01000,106.78000,-54.36000
0.00000,0.23000,0.79000,0.00000,0.00000,0.01000,-0.01000,106.78000,-54.36000
0.00000,0.23000,0.79000,0.00000,0.00000,0.01000,-0.01000,106.85000,-54.43000
0.00000,0.23000,0.79000,0.00000,0.00000,0.01000,-0.01000,106.85000,-54.43000
0.00000,0.23000,0.79000,0.00000,0.00000,0.01000,-0.01000,106.93000,-54.51000
0.00000,0.23000,0.79000,0.00000,0.00000,0.01000,-0.01000,106.93000,-54.51000
0.00000,0.23000,0.79000,0.00000,0.00000,0.01000,-0.01000,107.00000,-54.58000
0.00000,0.23000,0.79000,0.00000,0.00000,0.01000,-0.01000,107.00000,-54.58000
0.00000,0.23000,0.79000,0.00000,0.00000,0.01000,-0.01000,107.07000,-54.65000
0.00000,0.23000,0.79000,0.00000,0.00000,0.01000,-0.01000,107.07000,-54.65000
0.00000,0.23000,0.79000,0.00000,0.00000,0.01000,-0.01000,107.15000,-54.73000
0.00000,0.23000,0.79000,0.00000,0.00000,0.01000,-0.01000,107.15000,-54.73000
0.00000,0.23000,0.79000,0.00000,0.00000,0.01000,-0.01000,107.22000,-54.80000
0.00000,0.23000,0.79000,0.00000,0.00000,0.01000,-0.01000,107.22000,-54.80000
0.00000,0.23000,0.79000,0.00000,0.00000,0.01000,-0.01000,107.29000,-54.88000
0.00000,0.23000,0.79000,0.00000,0.00000,0.01000,-0.01000,107.29000,-54.88000
0.00000,0.23000,0.79000,0.00000,0.00000,0.01000,-0.01000,107.37000,-54.95000
0.00000,0.23000,0.79000,0.00000,0.00000,0.01000,-0.01000,107.37000,-54.95000
0.00000,0.23000,0.79000,0.00000,0.00000,0.01000,-0.01000,107.44000,-55.03000
0.00000,0.23000,0.79000,0.00000,0.00000,0.01000,-0.01000,107.44000,-55.03000
0.00000,0.23000,0.79000,0.00000,0.00000,0.01000,-0.01000,107.52000,-55.10000
0.00000,0.23000,0.79000,0.00000,0.00000,0.01000,-0.01000,107.52000,-55.10000
0.00000,0.23000,0.79000,0.00000,0.00000,0.01000,-0.01000,107.59000,-55.18000
0.00000,0.23000,0.79000,0.00000,0.00000,0.01000,-0.01000,107.59000,-55.18000
0.00000,0.23000,0.79000,0.00000,0.00000,0.01000,-0.01000,107.66000,-55.25000
0.00000,0.23000,0.79000,0.00000,0.00000,0.01000,-0.01000,107.66000,-55.25000
0.00000,0.23000,0.79000,0.00000,0.00000,0.01000,-0.01000,107.74000,-55.32000
0.00000,0.23000,0.79000,0.00000,0.00000,0.01000,-0.01000,107.74000,-55.32000
0.00000,0.23000,0.79000,0.00000,0.00000,0.01000,-0.01000,107.81000,-55.40000
0.00000,0.23000,0.79000,0.00000,0.00000,0.01000,-0.01000,107.81000,-55.40000
0.00000,0.23000,0.79000,0.00000,0.00000,0.01000,-0.01000,107.88000,-55.47000
0.00000,0.23000,0.79000,0.00000,0.00000,0.01000,-0.01000,107.88000,-55.47000
0.00000,0.23000,0.79000,0.00000,0.00000,0.01000,-0.01000,107.96000,-55.55000
0.00000,0.23000,0.79000,0.00000,0.00000,0.01000,-0.01000,107.96000,-55.55000
0.00000,0.23000,0.79000,0.00000,0.00000,0.01000,-0.01000,108.03000,-55.62000
0.00000,0.23000,0.79000,0.00000,0.00000,0.01000,-0.01000,108.03000,-55.62000
0.00000,0.23000,0.79000,0.00000,0.00000,0.01000,-0.01000,108.11000,-55.70000
0.00000,0.23000,0.79000,0.00000,0.00000,0.01000,-0.01000,108.11000,-55.70000
0.00000,0.23000,0.79000,0.00000,0.00000,0.01000,-0.01000,108.18000,-55.77000
0.00000,0.23000,0.79000,0.00000,0.00000,0.01000,-0.01000,108.18000,-55.77000
0.00000,0.23000,0.79000,0.00000,0.00000,0.01000,-0.01000,108.25000,-55.84000
0.00000,0.23000,0.79000,0.00000,0.00000,0.01000,-0.01000,108.25000,-55.84000
0.00000,0.23000,0.79000,0.00000,0.00000,0.01000,-0.01000,108.33000,-55.92000
0.00000,0.23000,0.79000,0.00000,0.00000,0.01000,-0.01000,108.33000,-55.92000
0.00000,0.23000,0.79000,0.00000,0.00000,0.01000,-0.01000,108.40000,-55.99000
0.00000,0.23000,0.79000,0.00000,0.00000,0.01000,-0.01000,108.40000,-55.99000
0.00000,0.23000,0.79000,0.00000,0.00000,0.01000,-0.01000,108.47000,-56.07000
0.00000,0.23000,0.79000,0.00000,0.00000,0.01000,-0.01000,108.47000,-56.07000
0.00000,0.23000,0.79000,0.00000,0.00000,0.01000,-0.01000,108.55000,-56.14000
0.00000,0.23000,0.79000,0.00000,0.00000,0.01000,-0.01000,108.55000,-56.14000
0.00000,0.23000,0.79000,0.00000,0.00000,0.01000,-0.01000,108.62000,-56.22000
0.00000,0.23000,0.79000,0.00000,0.00000,0.01000,-0.01000,108.62000,-56.22000
0.00000,0.23000,0.79000,0.00000,0.00000,0.01000,-0.01000,108.70000,-56.29000
0.00000,0.23000,0.79000,0.00000,0.00000,0.01000,-0.01000,108.70000,-56.29000
0.00000,0.23000,0.79000,0.00000,0.00000,0.01000,-0.01000,108.77000,-56.37000
0.00000,0.23000,0.79000,0.00000,0.00000,0.01000,-0.01000,108.77000,-56.37000
0.00000,0.23000,0.79000,0.00000,0.00000,0.01000,-0.01000,108.84000,-56.44000
0.00000,0.23000,0.79000,0.00000,0.00000,0.01000,-0.01000,108.84000,-56.44000
0.00000,0.23000,0.79000,0.00000,0.00000,0.01000,-0.01000,108.92000,-56.51000
0.00000,0.23000,0.79000,0.00000,0.00000,0.01000,-0.01000,108.92000,-56.51000
0.00000,0.23000,0.79000,0.00000,0.00000,0.01000,-0.01000,108.99000,-56.59000
0.00000,0.23000,0.79000,0.00000,0.00000,0.01000,-0.01000,108.99000,-56.59000
0.00000,0.23000,0.79000,0.00000,0.00000,0.01000,-0.01000,109.06000,-56.66000
0.00000,0.23000,0.79000,0.00000,0.00000,0.01000,-0.01000,109.06000,-56.66000
0.00000,0.23000,0.79000,0.00000,0.00000,0.01000,-0.01000,109.14000,-56.74000
0.00000,0.23000,0.79000,0.00000,0.00000,0.01000,-0.01000,109.14000,-56.74000
0.00000,0.23000,0.79000,0.00000,0.00000,0.01000,-0.01000,109.21000,-56.81000
0.00000,0.23000,0.79000,0.00000,0.00000,0.01000,-0.01000,109.21000,-56.81000
0.00000,0.23000,0.79000,0.00000,0.00000,0.01000,-0.01000,109.29000,-56.89000
0.00000,0.23000,0.79000,0.00000,0.00000,0.01000,-0.01000,109.29000,-56.89000
0.00000,0.23000,0.79000,0.00000,0.00000,0.01000,-0.01000,109.36000,-56.96000
0.00000,0.23000,0.79000,0.00000,0.00000,0.01000,-0.01000,109.36000,-56.96000
0.00000,0.23000,0.79000,0.00000,0.00000,0.01000,-0.01000,109.43000,-57.04000
0.00000,0.23000,0.79000,0.00000,0.00000,0.01000,-0.01000,109.43000,-57.04000
0.00000,0.23000,0.79000,0.00000,0.00000,0.01000,-0.01000,109.51000,-57.11000
0.00000,0.23000,0.79000,0.00000,0.00000,0.01000,-0.01000,109.51000,-57.11000
0.00000,0.23000,0.79000,0.00000,0.00000,0.01000,-0.01000,109.58000,-57.18000
0.00000,0.23000,0.79000,0.00000,0.00000,0.01000,-0.01000,109.58000,-57.18000
0.00000,0.23000,0.79000,0.00000,0.00000,0.01000,-0.01000,109.66000,-57.26000
0.00000,0.23000,0.79000,0.00000,0.00000,0.01000,-0.01000,109.66000,-57.26000
0.00000,0.23000,0.79000,0.00000,0.00000,0.01000,-0.01000,109.73000,-57.33000
0.00000,0.23000,0.79000,0.00000,0.00000,0.01000,-0.01000,109.73000,-57.33000
0.00000,0.23000,0.79000,0.00000,0.00000,0.01000,-0.01000,109.80000,-57.41000
0.00000,0.23000,0.79000,0.00000,0.00000,0.01000,-0.01000,109.80000,-57.41000
0.00000,0.23000,0.79000,0.00000,0.00000,0.01000,-0.01000,109.88000,-57.48000
0.00000,0.23000,0.79000,0.00000,0.00000,0.01000,-0.01000,109.88000,-57.48000
0.00000,0.23000,0.79000,0.00000,0.00000,0.01000,-0.01000,109.95000,-57.56000
0.00000,0.23000,0.79000,0.00000,0.00000,0.01000,-0.01000,109.95000,-57.56000
0.00000,0.23000,0.79000,0.00000,0.00000,0.01000,-0.01000,110.02000,-57.63000
0.00000,0.23000,0.79000,0.00000,0.00000,0.01000,-0.01000,110.02000,-57.63000
0.00000,0.23000,0.79000,0.00000,0.00000,0.01000,-0.01000,110.10000,-57.70000
0.00000,0.23000,0.79000,0.00000,0.00000,0.01000,-0.01000,110.10000,-57.70000
0.00000,0.23000,0.79000,0.00000,0.00000,0.01000,-0.01000,110.17000,-57.78000
0.00000,0.23000,0.79000,0.00000,0.00000,0.01000,-0.01000,110.17000,-57.78000
0.00000,0.23000,0.79000,0.00000,0.00000,0.01000,-0.01000,110.25000,-57.85000
0.00000,0.23000,0.79000,0.00000,0.00000,0.01000,-0.01000,110.25000,-57.85000
0.00000,0.23000,0.79000,0.00000,0.00000,0.01000,-0.01000,110.32000,-57.93000
0.00000,0.23000,0.79000,0.00000,0.00000,0.01000,-0.01000,110.32000,-57.93000
0.00000,0.23000,0.79000,0.00000,0.00000,0.01000,-0.01000,110.39000,-58.00000
0.00000,0.23000,0.79000,0.00000,0.00000,0.01000,-0.01000,110.39000,-58.00000
0.00000,0.23000,0.79000,0.00000,0.00000,0.01000,-0.01000,110.47000,-58.08000
0.00000,0.23000,0.79000,0.00000,0.00000,0.01000,-0.01000,110.47000,-58.08000
0.00000,0.23000,0.79000,0.00000,0.00000,0.01000,-0.01000,110.54000,-58.15000
0.00000,0.23000,0.79000,0.00000,0.00000,0.01000,-0.01000,110.54000,-58.15000
0.00000,0.23000,0.79000,0.00000,0.00000,0.01000,-0.01000,110.61000,-58.23000
0.00000,0.23000,0.79000,0.00000,0.00000,0.01000,-0.01000,110.61000,-58.23000
0.00000,0.23000,0.79000,0.00000,0.00000,0.01000,-0.01000,110.69000,-58.30000
0.00000,0.23000,0.79000,0.00000,0.00000,0.01000,-0.01000,110.69000,-58.30000
0.00000,0.23000,0.79000,0.00000,0.00000,0.01000,-0.01000,110.76000,-58.37000
0.00000,0.23000,0.79000,0.00000,0.00000,0.01000,-0.01000,110.76000,-58.37000
0.00000,0.23000,0.79000,0.00000,0.00000,0.01000,-0.01000,110.84000,-58.45000
0.00000,0.23000,0.79000,0.00000,0.00000,0.01000,-0.01000,110.84000,-58.45000
0.00000,0.23000,0.79000,0.00000,0.00000,0.01000,-0.01000,110.91000,-58.52000
0.00000,0.23000,0.79000,0.00000,0.00000,0.01000,-0.01000,110.91000,-58.52000
0.00000,0.23000,0.79000,0.00000,0.00000,0.01000,-0.01000,110.98000,-58.60000
0.00000,0.23000,0.79000,0.00000,0.00000,0.01000,-0.01000,110.98000,-58.60000
0.00000,0.23000,0.79000,0.00000,0.00000,0.01000,-0.01000,111.06000,-58.67000
0.00000,0.23000,0.79000,0.00000,0.00000,0.01000,-0.01000,111.06000,-58.67000
0.00000,0.23000,0.79000,0.00000,0.00000,0.01000,-0.01000,111.13000,-58.75000
0.00000,0.23000,0.79000,0.00000,0.00000,0.01000,-0.01000,111.13000,-58.75000
0.00000,0.23000,0.79000,0.00000,0.00000,0.01000,-0.01000,111.20000,-58.82000
0.00000,0.23000,0.79000,0.00000,0.00000,0.01000,-0.01000,111.20000,-58.82000
0.00000,0.23000,0.79000,0.00000,0.00000,0.01000,-0.01000,111.28000,-58.90000
0.00000,0.23000,0.79000,0.00000,0.00000,0.01000,-0.01000,111.28000,-58.90000
0.00000,0.23000,0.79000,0.00000,0.00000,0.01000,-0.01000,111.35000,-58.97000
0.00000,0.23000,0.79000,0.00000,0.00000,0.01000,-0.01000,111.35000,-58.97000
0.00000,0.23000,0.79000,0.00000,0.00000,0.01000,-0.01000,111.43000,-59.04000
0.00000,0.23000,0.79000,0.00000,0.00000,0.01000,-0.01000,111.43000,-59.04000
0.00000,0.23000,0.79000,0.00000,0.00000,0.01000,-0.01000,111.50000,-59.12000
0.00000,0.23000,0.79000,0.00000,0.00000,0.01000,-0.01000,111.50000,-59.12000
0.00000,0.23000,0.79000,0.00000,0.00000,0.01000,-0.01000,111.57000,-59.19000
0.00000,0.23000,0.79000,0.00000,0.00000,0.01000,-0.01000,111.57000,-59.19000
0.00000,0.23000,0.79000,0.00000,0.00000,0.01000,-0.01000,111.65000,-59.27000
0.00000,0.23000,0.79000,0.00000,0.00000,0.01000,-0.01000,111.65000,-59.27000
0.00000,0.23000,0.79000,0.00000,0.00000,0.01000,-0.01000,111.72000,-59.34000
0.00000,0.23000,0.79000,0.00000,0.00000,0.01000,-0.01000,111.72000,-59.34000
0.00000,0.23000,0.79000,0.00000,0.00000,0.01000,-0.01000,111.79000,-59.42000
0.00000,0.23000,0.79000,0.00000,0.00000,0.01000,-0.01000,111.79000,-59.42000
0.00000,0.23000,0.79000,0.00000,0.00000,0.01000,-0.01000,111.87000,-59.49000
0.00000,0.23000,0.79000,0.00000,0.00000,0.01000,-0.01000,111.87000,-59.49000
0.00000,0.23000,0.79000,0.00000,0.00000,0.01000,-0.01000,111.94000,-59.56000
0.00000,0.23000,0.79000,0.00000,0.00000,0.01000,-0.01000,111.94000,-59.56000
0.00000,0.23000,0.79000,0.00000,0.00000,0.01000,-0.01000,112.02000,-59.64000
0.00000,0.23000,0.79000,0.00000,0.00000,0.01000,-0.01000,112.02000,-59.64000
0.00000,0.23000,0.79000,0.00000,0.00000,0.01000,-0.01000,112.09000,-59.71000
0.00000,0.23000,0.79000,0.00000,0.00000,0.01000,-0.01000,112.09000,-59.71000
0.00000,0.23000,0.79000,0.00000,0.00000,0.01000,-0.01000,112.16000,-59.79000
0.00000,0.23000,0.79000,0.00000,0.00000,0.01000,-0.01000,112.16000,-59.79000
0.00000,0.23000,0.79000,0.00000,0.00000,0.01000,-0.01000,112.24000,-59.86000
0.00000,0.23000,0.79000,0.00000,0.00000,0.01000,-0.01000,112.24000,-59.86000
0.00000,0.23000,0.79000,0.00000,0.00000,0.01000,-0.01000,112.31000,-59.94000
0.00000,0.23000,0.79000,0.00000,0.00000,0.01000,-0.01000,112.31000,-59.94000
0.00000,0.23000,0.79000,0.00000,0.00000,0.01000,-0.01000,112.38000,-60.01000
0.00000,0.23000,0.79000,0.00000,0.00000,0.01000,-0.01000,112.38000,-60.01000
0.00000,0.23000,0.79000,0.00000,0.00000,0.01000,-0.01000,112.46000,-60.09000
0.00000,0.23000,0.79000,0.00000,0.00000,0.01000,-0.01000,112.46000,-60.09000
0.00000,0.23000,0.79000,0.00000,0.00000,0.01000,-0.01000,112.53000,-60.16000
0.00000,0.23000,0.79000,0.00000,0.00000,0.01000,-0.01000,112.53000,-60.16000
0.00000,0.23000,0.79000,0.00000,0.00000,0.01000,-0.01000,112.61000,-60.23000
0.00000,0.23000,0.79000,0.00000,0.00000,0.01000,-0.01000,112.61000,-60.23000
0.00000,0.23000,0.79000,0.00000,0.00000,0.01000,-0.01000,112.68000,-60.31000
0.00000,0.23000,0.79000,0.00000,0.00000,0.01000,-0.01000,112.68000,-60.31000
0.00000,0.23000,0.79000,0.00000,0.00000,0.01000,-0.01000,112.75000,-60.38000
0.00000,0.23000,0.79000,0.00000,0.00000,0.01000,-0.01000,112.75000,-60.38000
0.00000,0.23000,0.79000,0.00000,0.00000,0.01000,-0.01000,112.83000,-60.46000
0.00000,0.23000,0.79000,0.00000,0.00000,0.01000,-0.01000,112.83000,-60.46000
0.00000,0.23000,0.79000,0.00000,0.00000,0.01000,-0.01000,112.90000,-60.53000
0.00000,0.23000,0.79000,0.00000,0.00000,0.01000,-0.01000,112.90000,-60.53000
0.00000,0.23000,0.79000,0.00000,0.00000,0.01000,-0.01000,112.97000,-60.61000
0.00000,0.23000,0.79000,0.00000,0.00000,0.01000,-0.01000,112.97000,-60.61000
0.00000,0.23000,0.79000,0.00000,0.00000,0.01000,-0.01000,113.05000,-60.68000
0.00000,0.23000,0.79000,0.00000,0.00000,0.01000,-0.01000,113.05000,-60.68000
0.00000,0.23000,0.79000,0.00000,0.00000,0.01000,-0.01000,113.12000,-60.75000
0.00000,0.23000,0.79000,0.00000,0.00000,0.01000,-0.01000,113.12000,-60.75000
0.00000,0.23000,0.79000,0.00000,0.00000,0.01000,-0.01000,113.20000,-60.83000
0.00000,0.23000,0.79000,0.00000,0.00000,0.01000,-0.01000,113.20000,-60.83000
0.00000,0.23000,0.79000,0.00000,0.00000,0.01000,-0.01000,113.27000,-60.90000
0.00000,0.23000,0.79000,0.00000,0.00000,0.01000,-0.01000,113.27000,-60.90000
0.00000,0.23000,0.79000,0.00000,0.00000,0.01000,-0.01000,113.34000,-60.98000
0.00000,0.23000,0.79000,0.00000,0.00000,0.01000,-0.01000,113.34000,-60.98000
0.00000,0.23000,0.79000,0.00000,0.00000,0.01000,-0.01000,113.42000,-61.05000
0.00000,0.23000,0.79000,0.00000,0.00000,0.01000,-0.01000,113.42000,-61.05000
0.00000,0.23000,0.79000,0.00000,0.00000,0.01000,-0.01000,113.49000,-61.13000
0.00000,0.23000,0.79000,0.00000,0.00000,0.01000,-0.01000,113.49000,-61.13000
0.00000,0.23000,0.79000,0.00000,0.00000,0.01000,-0.01000,113.57000,-61.20000
0.00000,0.23000,0.79000,0.00000,0.00000,0.01000,-0.01000,113.57000,-61.20000
0.00000,0.23000,0.79000,0.00000,0.00000,0.01000,-0.01000,113.64000,-61.28000
0.00000,0.23000,0.79000,0.00000,0.00000,0.01000,-0.01000,113.64000,-61.28000
0.00000,0.23000,0.79000,0.00000,0.00000,0.01000,-0.01000,113.71000,-61.35000
0.00000,0.23000,0.79000,0.00000,0.00000,0.01000,-0.01000,113.71000,-61.35000
0.00000,0.23000,0.79000,0.00000,0.00000,0.01000,-0.01000,113.79000,-61.42000
0.00000,0.23000,0.79000,0.00000,0.00000,0.01000,-0.01000,113.79000,-61.42000
0.00000,0.23000,0.79000,0.00000,0.00000,0.01000,-0.01000,113.86000,-61.50000
0.00000,0.23000,0.79000,0.00000,0.00000,0.01000,-0.01000,113.86000,-61.50000
0.00000,0.23000,0.79000,0.00000,0.00000,0.01000,-0.01000,113.93000,-61.57000
0.00000,0.23000,0.79000,0.00000,0.00000,0.01000,-0.01000,113.93000,-61.57000
0.00000,0.23000,0.79000,0.00000,0.00000,0.01000,-0.01000,114.01000,-61.65000
0.00000,0.23000,0.79000,0.00000,0.00000,0.01000,-0.01000,114.01000,-61.65000
0.00000,0.23000,0.79000,0.00000,0.00000,0.01000,-0.01000,114.08000,-61.72000
0.00000,0.23000,0.79000,0.00000,0.00000,0.01000,-0.01000,114.08000,-61.72000
0.00000,0.23000,0.79000,0.00000,0.00000,0.01000,-0.01000,114.16000,-61.80000
0.00000,0.23000,0.79000,0.00000,0.00000,0.01000,-0.01000,114.16000,-61.80000
0.00000,0.23000,0.79000,0.00000,0.00000,0.01000,-0.01000,114.23000,-61.87000
0.00000,0.23000,0.79000,0.00000,0.00000,0.01000,-0.01000,114.23000,-61.87000
0.00000,0.23000,0.79000,0.00000,0.00000,0.01000,-0.01000,114.30000,-61.95000
0.00000,0.23000,0.79000,0.00000,0.00000,0.01000,-0.01000,114.30000,-61.95000
0.00000,0.23000,0.79000,0.00000,0.00000,0.01000,-0.01000,114.38000,-62.02000
0.00000,0.23000,0.79000,0.00000,0.00000,0.01000,-0.01000,114.38000,-62.02000
0.00000,0.23000,0.79000,0.00000,0.00000,0.01000,-0.01000,114.45000,-62.09000
0.00000,0.23000,0.79000,0.00000,0.00000,0.01000,-0.01000,114.45000,-62.09000
0.00000,0.23000,0.79000,0.00000,0.00000,0.01000,-0.01000,114.52000,-62.17000
0.00000,0.23000,0.79000,0.00000,0.00000,0.01000,-0.01000,114.52000,-62.17000
0.00000,0.23000,0.79000,0.00000,0.00000,0.01000,-0.01000,114.60000,-62.24000
0.00000,0.23000,0.79000,0.00000,0.00000,0.01000,-0.01000,114.60000,-62.24000
0.00000,0.23000,0.79000,0.00000,0.00000,0.01000,-0.01000,114.67000,-62.32000
0.00000,0.23000,0.79000,0.00000,0.00000,0.01000,-0.01000,114.67000,-62.32000
0.00000,0.23000,0.79000,0.00000,0.00000,0.01000,-0.01000,114.75000,-62.39000
0.00000,0.23000,0.79000,0.00000,0.00000,0.01000,-0.01000,114.75000,-62.39000
0.00000,0.23000,0.79000,0.00000,0.00000,0.01000,-0.01000,114.82000,-62.47000
0.00000,0.23000,0.79000,0.00000,0.00000,0.01000,-0.01000,114.82000,-62.47000
0.00000,0.23000,0.79000,0.00000,0.00000,0.01000,-0.01000,114.89000,-62.54000
0.00000,0.23000,0.79000,0.00000,0.00000,0.01000,-0.01000,114.89000,-62.54000
0.00000,0.23000,0.79000,0.00000,0.00000,0.01000,-0.01000,114.97000,-62.61000
0.00000,0.23000,0.79000,0.00000,0.00000,0.01000,-0.01000,114.97000,-62.61000
0.00000,0.23000,0.79000,0.00000,0.00000,0.01000,-0.01000,115.04000,-62.69000
0.00000,0.23000,0.79000,0.00000,0.00000,0.01000,-0.01000,115.04000,-62.69000
0.00000,0.23000,0.79000,0.00000,0.00000,0.01000,-0.01000,115.11000,-62.76000
0.00000,0.23000,0.79000,0.00000,0.00000,0.01000,-0.01000,115.11000,-62.76000
0.00000,0.23000,0.79000,0.00000,0.00000,0.01000,-0.01000,115.19000,-62.84000
0.00000,0.23000,0.79000,0.00000,0.00000,0.01000,-0.01000,115.19000,-62.84000
0.00000,0.23000,0.79000,0.00000,0.00000,0.01000,-0.01000,115.26000,-62.91000
0.00000,0.23000,0.79000,0.00000,0.00000,0.01000,-0.01000,115.26000,-62.91000
0.00000,0.23000,0.79000,0.00000,0.00000,0.01000,-0.01000,115.34000,-62.99000
0.00000,0.23000,0.79000,0.00000,0.00000,0.01000,-0.01000,115.34000,-62.99000
0.00000,0.23000,0.79000,0.00000,0.00000,0.01000,-0.01000,115.41000,-63.06000
0.00000,0.23000,0.79000,0.00000,0.00000,0.01000,-0.01000,115.41000,-63.06000
0.00000,0.23000,0.79000,0.00000,0.00000,0.01000,-0.01000,115.48000,-63.14000
0.00000,0.23000,0.79000,0.00000,0.00000,0.01000,-0.01000,115.48000,-63.14000
0.00000,0.23000,0.79000,0.00000,0.00000,0.01000,-0.01000,115.56000,-63.21000
0.00000,0.23000,0.79000,0.00000,0.00000,0.01000,-0.01000,115.56000,-63.21000
0.00000,0.23000,0.79000,0.00000,0.00000,0.01000,-0.01000,115.63000,-63.28000
0.00000,0.23000,0.79000,0.00000,0.00000,0.01000,-0.01000,115.63000,-63.28000
0.00000,0.23000,0.79000,0.00000,0.00000,0.01000,-0.01000,115.70000,-63.36000
0.00000,0.23000,0.79000,0.00000,0.00000,0.01000,-0.01000,115.70000,-63.36000
0.00000,0.23000,0.79000,0.00000,0.00000,0.01000,-0.01000,115.78000,-63.43000
0.00000,0.23000,0.79000,0.00000,0.00000,0.01000,-0.01000,115.78000,-63.43000
0.00000,0.23000,0.79000,0.00000,0.00000,0.01000,-0.01000,115.85000,-63.51000
0.00000,0.23000,0.79000,0.00000,0.00000,0.01000,-0.01000,115.85000,-63.51000
0.00000,0.23000,0.79000,0.00000,0.00000,0.01000,-0.01000,115.93000,-63.58000
0.00000,0.23000,0.79000,0.00000,0.00000,0.01000,-0.01000,115.93000,-63.58000
0.00000,0.23000,0.79000,0.00000,0.00000,0.01000,-0.01000,116.00000,-63.66000
0.00000,0.23000,0.79000,0.00000,0.00000,0.01000,-0.01000,116.00000,-63.66000
0.00000,0.23000,0.79000,0.00000,0.00000,0.01000,-0.01000,116.07000,-63.73000
0.00000,0.23000,0.79000,0.00000,0.00000,0.01000,-0.01000,116.07000,-63.73000
0.00000,0.23000,0.79000,0.00000,0.00000,0.01000,-0.01000,116.15000,-63.81000
0.00000,0.23000,0.79000,0.00000,0.00000,0.01000,-0.01000,116.15000,-63.81000
0.00000,0.23000,0.79000,0.00000,0.00000,0.01000,-0.01000,116.22000,-63.88000
0.00000,0.23000,0.79000,0.00000,0.00000,0.01000,-0.01000,116.22000,-63.88000
0.00000,0.23000,0.79000,0.00000,0.00000,0.01000,-0.01000,116.29000,-63.95000
0.00000,0.23000,0.79000,0.00000,0.00000,0.01000,-0.01000,116.29000,-63.95000
0.00000,0.23000,0.79000,0.00000,0.00000,0.01000,-0.01000,116.37000,-64.03000
0.00000,0.23000,0.79000,0.00000,0.00000,0.01000,-0.01000,116.37000,-64.03000
0.00000,0.23000,0.79000,0.00000,0.00000,0.01000,-0.01000,116.44000,-64.10000
0.00000,0.23000,0.79000,0.00000,0.00000,0.01000,-0.01000,116.44000,-64.10000
0.00000,0.23000,0.79000,0.00000,0.00000,0.01000,-0.01000,116.52000,-64.18000
0.00000,0.23000,0.79000,0.00000,0.00000,0.01000,-0.01000,116.52000,-64.18000
0.00000,0.23000,0.79000,0.00000,0.00000,0.01000,-0.01000,116.59000,-64.25000
0.00000,0.23000,0.79000,0.00000,0.00000,0.01000,-0.01000,116.59000,-64.25000
0.00000,0.23000,0.79000,0.00000,0.00000,0.01000,-0.01000,116.66000,-64.33000
0.00000,0.23000,0.79000,0.00000,0.00000,0.01000,-0.01000,116.66000,-64.33000
0.00000,0.23000,0.79000,0.00000,0.00000,0.01000,-0.01000,116.74000,-64.40000
0.00000,0.23000,0.79000,0.00000,0.00000,0.01000,-0.01000,116.74000,-64.40000
0.00000,0.23000,0.79000,0.00000,0.00000,0.01000,-0.01000,116.81000,-64.47000
