0.00000,0.70000,0.00000,0.00000,0.00000,-0.00000,0.00000,-0.00000,0.00000
0.00000,0.70000,0.00000,0.00000,0.00000,3.28000,3.28000,-0.00000,0.00000
0.00000,0.70000,0.00000,0.00000,0.00000,3.28000,3.28000,49.25000,49.25000
0.00000,0.70000,0.00000,0.00000,0.00000,3.28000,3.28000,49.25000,49.25000
0.00000,0.70000,0.00000,0.02000,0.02000,3.28000,3.28000,68.95000,68.95000
0.00000,0.70000,0.00000,0.00000,0.00000,3.28000,3.28000,68.95000,68.95000
0.00000,0.70000,0.00000,0.08000,0.00000,3.28000,3.28000,88.65000,88.65000
0.00000,0.70000,0.01000,0.62000,0.02000,3.28000,3.28000,88.65000,88.65000
0.00000,0.70000,0.03000,0.87000,0.00000,3.09000,3.10000,96.09000,105.28000
0.00000,0.70000,0.05000,1.33000,0.00000,1.99000,2.21000,96.09000,105.28000
0.01000,0.70000,0.08000,1.62000,0.02000,1.36000,1.77000,74.36000,104.09000
0.01000,0.70000,0.09000,1.45000,0.73000,1.26000,1.86000,74.36000,104.09000
0.01000,0.70000,0.09000,1.25000,1.43000,1.22000,1.90000,70.61000,105.85000
0.01000,0.70000,0.07000,1.08000,1.97000,1.23000,1.90000,70.61000,105.85000
0.02000,0.70000,0.05000,0.95000,2.28000,1.28000,1.85000,75.67000,93.37000
0.02000,0.70000,0.03000,1.16000,2.41000,1.36000,1.77000,75.67000,93.37000
0.03000,0.70000,0.01000,1.06000,2.06000,1.88000,2.12000,84.66000,90.12000
0.03000,0.70000,-0.00000,1.18000,1.89000,3.11000,3.12000,84.66000,90.12000
0.03000,0.70000,-0.01000,1.37000,1.60000,3.28000,3.28000,109.66000,113.62000
0.04000,0.70000,-0.01000,2.03000,2.10000,3.25000,3.25000,109.66000,113.62000
0.04000,0.70000,-0.01000,2.24000,2.45000,3.23000,3.23000,108.79000,118.10000
0.05000,0.70000,-0.02000,2.51000,2.82000,3.16000,3.15000,108.79000,118.10000
0.05000,0.70000,-0.03000,2.34000,2.97000,2.98000,2.96000,104.96000,109.97000
0.06000,0.70000,-0.04000,2.37000,3.22000,2.29000,2.08000,104.96000,109.97000
0.07000,0.70000,-0.06000,2.37000,3.03000,1.76000,1.42000,91.64000,81.75000
0.07000,0.70000,-0.06000,2.45000,2.59000,1.78000,1.35000,91.64000,81.75000
0.08000,0.70000,-0.05000,2.37000,2.05000,1.79000,1.34000,87.20000,79.08000
0.08000,0.70000,-0.04000,2.55000,1.68000,1.77000,1.36000,87.20000,79.08000
0.09000,0.70000,-0.02000,2.51000,1.52000,1.81000,1.51000,82.00000,87.86000
0.09000,0.70000,0.00000,2.57000,1.47000,2.80000,2.78000,82.00000,87.86000
0.09000,0.70000,0.01000,2.32000,1.68000,3.28000,3.28000,99.33000,116.52000
0.10000,0.70000,0.02000,2.51000,2.20000,3.10000,3.11000,99.33000,116.52000
0.11000,0.70000,0.02000,2.86000,2.68000,2.86000,2.88000,98.24000,110.50000
0.11000,0.70000,0.02000,2.99000,3.01000,2.64000,2.68000,98.24000,110.50000
0.12000,0.70000,0.02000,3.26000,3.45000,2.66000,2.69000,90.13000,99.60000
0.13000,0.70000,0.02000,3.03000,3.15000,2.86000,2.88000,90.13000,99.60000
0.13000,0.70000,0.01000,3.01000,3.09000,2.96000,2.98000,92.07000,99.79000
0.14000,0.70000,0.01000,2.97000,2.99000,3.02000,3.03000,92.07000,99.79000
0.15000,0.70000,0.02000,3.11000,2.88000,3.03000,3.04000,93.61000,102.19000
0.15000,0.70000,0.02000,3.05000,2.78000,2.83000,2.85000,93.61000,102.19000
0.16000,0.70000,0.03000,3.05000,2.91000,2.47000,2.53000,84.38000,97.98000
0.17000,0.70000,0.02000,2.84000,2.86000,2.16000,2.36000,84.38000,97.98000
0.17000,0.70000,0.02000,2.66000,2.66000,2.18000,2.38000,79.57000,92.90000
0.18000,0.70000,0.02000,2.39000,2.53000,2.16000,2.36000,79.57000,92.90000
0.18000,0.70000,0.01000,1.93000,2.41000,2.43000,2.51000,86.21000,96.96000
0.19000,0.70000,0.01000,1.76000,2.10000,2.98000,3.00000,86.21000,96.96000
0.19000,0.70000,0.00000,1.95000,2.34000,3.17000,3.18000,106.94000,113.39000
0.20000,0.70000,-0.01000,2.28000,2.76000,3.27000,3.28000,106.94000,113.39000
0.20000,0.70000,-0.01000,2.74000,3.01000,3.23000,3.23000,108.55000,110.71000
0.21000,0.70000,-0.01000,3.03000,3.11000,3.13000,3.12000,108.55000,110.71000
0.22000,0.70000,-0.02000,3.11000,3.30000,3.08000,3.07000,100.82000,105.90000
0.23000,0.70000,-0.03000,2.93000,3.36000,2.95000,2.94000,100.82000,105.90000
0.23000,0.70000,-0.03000,2.76000,3.24000,2.48000,2.36000,93.58000,91.23000
0.24000,0.70000,-0.04000,2.66000,3.01000,1.92000,1.66000,93.58000,91.23000
0.24000,0.70000,-0.05000,2.35000,2.57000,1.77000,1.45000,84.37000,76.93000
0.25000,0.70000,-0.05000,2.03000,2.03000,1.75000,1.40000,84.37000,76.93000
0.25000,0.70000,-0.04000,1.64000,1.62000,1.75000,1.40000,88.12000,81.42000
0.26000,0.70000,-0.04000,1.58000,1.31000,1.75000,1.40000,88.12000,81.42000
0.26000,0.70000,-0.04000,1.20000,1.14000,1.77000,1.46000,93.59000,89.36000
0.26000,0.70000,-0.04000,1.18000,1.41000,1.78000,1.48000,93.59000,89.36000
0.27000,0.70000,-0.05000,1.43000,1.56000,1.76000,1.41000,100.41000,88.07000
0.27000,0.70000,-0.05000,1.64000,1.68000,1.75000,1.39000,100.41000,88.07000
0.27000,0.70000,-0.04000,1.85000,1.70000,1.75000,1.39000,96.98000,83.63000
0.28000,0.70000,-0.03000,2.28000,1.51000,1.75000,1.40000,96.98000,83.63000
0.28000,0.70000,-0.01000,2.70000,1.60000,2.06000,1.82000,92.63000,90.84000
0.29000,0.70000,0.02000,2.86000,1.49000,3.15000,3.14000,92.63000,90.84000
0.29000,0.70000,0.04000,3.03000,1.74000,3.04000,3.05000,97.22000,111.43000
0.30000,0.70000,0.06000,3.11000,2.18000,1.51000,1.81000,97.22000,111.43000
0.30000,0.70000,0.06000,3.03000,2.66000,1.35000,1.78000,69.24000,91.39000
0.31000,0.70000,0.06000,2.82000,2.78000,1.32000,1.80000,69.24000,91.39000
0.32000,0.70000,0.06000,2.37000,2.59000,1.32000,1.80000,62.55000,80.38000
0.32000,0.70000,0.05000,2.01000,2.28000,1.33000,1.79000,62.55000,80.38000
0.32000,0.70000,0.05000,1.52000,1.89000,1.35000,1.78000,66.10000,81.58000
0.33000,0.70000,0.04000,1.52000,1.70000,1.38000,1.76000,66.10000,81.58000
0.33000,0.70000,0.04000,1.35000,1.45000,1.39000,1.75000,70.28000,86.91000
0.33000,0.70000,0.04000,1.41000,1.58000,1.41000,1.75000,70.28000,86.91000
0.34000,0.70000,0.04000,1.54000,1.56000,1.44000,1.76000,71.77000,89.24000
0.34000,0.70000,0.04000,1.56000,1.64000,1.44000,1.77000,71.77000,89.24000
0.35000,0.70000,0.04000,1.64000,1.60000,1.46000,1.78000,70.08000,89.60000
0.35000,0.70000,0.04000,1.78000,1.72000,1.44000,1.77000,70.08000,89.60000
0.35000,0.70000,0.03000,1.70000,1.93000,1.43000,1.76000,65.58000,88.93000
0.36000,0.70000,0.03000,1.64000,1.97000,1.49000,1.79000,65.58000,88.93000
0.36000,0.70000,0.03000,1.58000,1.72000,1.71000,1.96000,69.81000,88.49000
0.36000,0.70000,0.02000,1.56000,1.64000,1.86000,2.10000,69.81000,88.49000
0.37000,0.70000,0.01000,1.35000,1.93000,1.97000,2.19000,75.33000,96.80000
0.37000,0.70000,0.01000,1.47000,1.91000,2.84000,2.87000,75.33000,96.80000
0.38000,0.70000,-0.00000,1.58000,2.20000,3.15000,3.15000,96.76000,110.54000
0.38000,0.70000,-0.01000,1.95000,2.45000,3.28000,3.28000,96.76000,110.54000
0.39000,0.70000,-0.02000,2.28000,2.70000,3.17000,3.16000,99.96000,110.01000
0.39000,0.70000,-0.03000,2.41000,3.03000,2.90000,2.88000,99.96000,110.01000
0.40000,0.70000,-0.05000,2.43000,3.20000,2.16000,1.94000,85.36000,87.20000
0.41000,0.70000,-0.06000,2.37000,2.88000,1.76000,1.41000,85.36000,87.20000
0.41000,0.70000,-0.06000,2.32000,2.43000,1.77000,1.36000,78.62000,74.13000
0.42000,0.70000,-0.06000,1.95000,1.99000,1.78000,1.35000,78.62000,74.13000
0.42000,0.70000,-0.05000,1.85000,1.49000,1.78000,1.34000,81.44000,78.14000
0.42000,0.70000,-0.05000,1.54000,1.27000,1.76000,1.37000,81.44000,78.14000
0.42000,0.70000,-0.04000,1.49000,1.22000,1.75000,1.39000,86.24000,85.88000
0.43000,0.70000,-0.04000,1.39000,1.12000,1.76000,1.44000,86.24000,85.88000
0.43000,0.70000,-0.03000,1.62000,1.37000,1.82000,1.53000,90.76000,90.91000
0.44000,0.70000,-0.02000,2.03000,1.41000,1.97000,1.71000,90.76000,90.91000
0.44000,0.70000,-0.01000,2.01000,1.43000,2.69000,2.66000,96.73000,105.91000
0.44000,0.70000,-0.01000,2.16000,1.85000,3.15000,3.14000,96.73000,105.91000
0.45000,0.70000,-0.01000,2.37000,2.39000,3.25000,3.24000,107.17000,115.66000
0.45000,0.70000,-0.01000,2.45000,2.68000,3.24000,3.24000,107.17000,115.66000
0.46000,0.70000,-0.02000,2.47000,2.99000,3.17000,3.16000,108.15000,110.34000
0.47000,0.70000,-0.03000,2.59000,3.22000,2.80000,2.78000,108.15000,110.34000
0.47000,0.70000,-0.04000,2.76000,3.22000,2.04000,1.80000,93.37000,84.66000
0.48000,0.70000,-0.04000,2.89000,2.97000,1.78000,1.46000,93.37000,84.66000
0.49000,0.70000,-0.03000,2.99000,2.37000,1.76000,1.43000,81.50000,74.41000
0.49000,0.70000,-0.01000,2.95000,1.76000,2.05000,1.80000,81.50000,74.41000
0.50000,0.70000,0.02000,2.91000,1.33000,3.17000,3.17000,95.01000,109.27000
0.50000,0.70000,0.05000,3.01000,1.66000,2.81000,2.83000,95.01000,109.27000
0.51000,0.70000,0.06000,3.24000,2.37000,1.41000,1.75000,69.01000,98.08000
0.51000,0.70000,0.07000,2.97000,2.49000,1.33000,1.79000,69.01000,98.08000
0.52000,0.70000,0.07000,2.39000,2.57000,1.30000,1.82000,58.34000,87.23000
0.52000,0.70000,0.06000,2.05000,2.64000,1.31000,1.82000,58.34000,87.23000
0.53000,0.70000,0.04000,1.49000,2.22000,1.34000,1.78000,62.67000,80.43000
0.53000,0.70000,0.03000,1.39000,2.01000,1.40000,1.75000,62.67000,80.43000
0.54000,0.70000,0.02000,1.14000,1.78000,1.66000,1.92000,73.08000,86.75000
0.54000,0.70000,0.01000,1.29000,1.68000,2.60000,2.64000,73.08000,86.75000
0.54000,0.70000,0.01000,1.72000,1.66000,3.00000,3.01000,96.39000,107.56000
0.55000,0.70000,0.02000,2.10000,1.97000,2.95000,2.96000,96.39000,107.56000
0.55000,0.70000,0.02000,2.82000,2.37000,2.82000,2.85000,91.88000,108.69000
0.56000,0.70000,0.03000,3.07000,2.64000,2.09000,2.30000,91.88000,108.69000
0.57000,0.70000,0.04000,3.15000,2.97000,1.57000,1.85000,62.81000,89.06000
0.57000,0.70000,0.03000,2.62000,2.91000,1.47000,1.78000,62.81000,89.06000
0.58000,0.70000,0.02000,2.03000,2.68000,1.60000,1.87000,61.08000,80.65000
0.58000,0.70000,0.00000,1.41000,2.20000,2.48000,2.53000,61.08000,80.65000
0.59000,0.70000,-0.01000,1.33000,1.87000,3.17000,3.18000,96.64000,104.62000
0.59000,0.70000,-0.01000,1.47000,1.89000,3.28000,3.28000,96.64000,104.62000
0.59000,0.70000,-0.01000,2.05000,2.10000,3.21000,3.20000,106.82000,115.52000
0.60000,0.70000,-0.02000,2.30000,2.55000,3.19000,3.19000,106.82000,115.52000
0.61000,0.70000,-0.02000,2.80000,2.97000,3.07000,3.06000,102.70000,111.28000
0.61000,0.70000,-0.03000,3.01000,3.24000,2.94000,2.93000,102.70000,111.28000
0.62000,0.70000,-0.03000,3.05000,3.20000,2.70000,2.67000,91.15000,98.16000
0.63000,0.70000,-0.03000,2.93000,3.30000,2.50000,2.40000,91.15000,98.16000
0.63000,0.70000,-0.04000,2.68000,3.18000,2.02000,1.77000,80.33000,80.35000
0.64000,0.70000,-0.05000,2.45000,2.64000,1.77000,1.44000,80.33000,80.35000
0.64000,0.70000,-0.05000,2.08000,2.10000,1.75000,1.40000,78.08000,75.58000
0.65000,0.70000,-0.04000,1.87000,1.54000,1.75000,1.39000,78.08000,75.58000
0.65000,0.70000,-0.04000,1.54000,1.20000,1.77000,1.45000,82.85000,85.40000
0.65000,0.70000,-0.03000,1.33000,1.00000,1.87000,1.60000,82.85000,85.40000
0.66000,0.70000,-0.03000,1.20000,1.00000,2.16000,1.94000,96.27000,100.28000
0.66000,0.70000,-0.03000,1.04000,1.39000,2.43000,2.25000,96.27000,100.28000
0.66000,0.70000,-0.04000,1.43000,1.70000,1.98000,1.73000,102.92000,96.88000
0.67000,0.70000,-0.04000,1.47000,1.68000,1.81000,1.51000,102.92000,96.88000
0.67000,0.70000,-0.05000,1.64000,1.99000,1.76000,1.43000,98.76000,90.16000
0.67000,0.70000,-0.05000,2.08000,1.95000,1.76000,1.38000,98.76000,90.16000
0.68000,0.70000,-0.04000,2.10000,1.91000,1.75000,1.39000,91.35000,83.91000
0.68000,0.70000,-0.03000,2.32000,1.60000,1.75000,1.41000,91.35000,83.91000
0.69000,0.70000,-0.01000,2.49000,1.45000,2.01000,1.76000,89.57000,91.48000
0.69000,0.70000,0.01000,2.90000,1.62000,3.08000,3.07000,89.57000,91.48000
0.70000,0.70000,0.04000,3.01000,1.62000,3.15000,3.16000,96.11000,113.14000
0.70000,0.70000,0.06000,3.05000,2.08000,1.57000,1.85000,96.11000,113.14000
0.71000,0.70000,0.07000,3.24000,2.70000,1.35000,1.77000,68.41000,94.72000
0.72000,0.70000,0.07000,3.07000,2.74000,1.31000,1.81000,68.41000,94.72000
0.72000,0.70000,0.07000,2.49000,2.64000,1.29000,1.83000,56.93000,83.86000
0.73000,0.70000,0.06000,1.97000,2.45000,1.29000,1.83000,56.93000,83.86000
0.73000,0.70000,0.05000,1.31000,1.95000,1.32000,1.81000,63.16000,82.37000
0.73000,0.70000,0.04000,1.33000,1.79000,1.36000,1.77000,63.16000,82.37000
0.74000,0.70000,0.03000,1.12000,1.52000,1.39000,1.75000,70.04000,87.68000
0.74000,0.70000,0.02000,1.16000,1.70000,1.47000,1.78000,70.04000,87.68000
0.74000,0.70000,0.02000,1.52000,1.58000,1.89000,2.12000,80.31000,94.25000
0.75000,0.70000,0.02000,1.81000,1.76000,1.94000,2.17000,80.31000,94.25000
0.75000,0.70000,0.03000,2.16000,1.97000,1.85000,2.09000,74.49000,95.37000
0.76000,0.70000,0.03000,2.20000,1.97000,1.62000,1.90000,74.49000,95.37000
0.76000,0.70000,0.04000,2.16000,1.91000,1.48000,1.78000,63.22000,89.63000
0.77000,0.70000,0.03000,1.81000,1.99000,1.41000,1.75000,63.22000,89.63000
0.77000,0.70000,0.02000,1.64000,2.14000,1.43000,1.76000,64.15000,87.86000
0.77000,0.70000,0.01000,1.37000,2.03000,1.66000,1.93000,64.15000,87.86000
0.78000,0.70000,0.00000,1.43000,1.89000,2.62000,2.65000,86.18000,99.20000
0.78000,0.70000,-0.00000,1.60000,2.03000,3.04000,3.05000,86.18000,99.20000
0.79000,0.70000,-0.00000,2.26000,2.24000,3.23000,3.24000,99.48000,111.68000
0.79000,0.70000,-0.00000,2.51000,2.53000,3.22000,3.23000,99.48000,111.68000
0.80000,0.70000,-0.01000,2.57000,2.78000,3.23000,3.23000,95.52000,111.36000
0.81000,0.70000,-0.02000,2.51000,2.97000,3.27000,3.27000,95.52000,111.36000
0.81000,0.70000,-0.03000,2.76000,3.28000,3.25000,3.24000,100.15000,109.23000
0.82000,0.70000,-0.03000,2.86000,2.97000,3.02000,3.00000,100.15000,109.23000
0.83000,0.70000,-0.03000,3.07000,3.22000,2.91000,2.89000,94.26000,105.64000
0.83000,0.70000,-0.04000,2.78000,3.22000,2.73000,2.70000,94.26000,105.64000
0.84000,0.70000,-0.05000,2.57000,3.22000,2.14000,1.91000,84.18000,86.66000
0.84000,0.70000,-0.06000,2.20000,2.80000,1.76000,1.43000,84.18000,86.66000
0.85000,0.70000,-0.07000,2.08000,2.53000,1.78000,1.35000,83.59000,76.68000
0.85000,0.70000,-0.07000,1.89000,2.01000,1.81000,1.31000,83.59000,76.68000
0.86000,0.70000,-0.07000,1.68000,1.43000,1.82000,1.30000,86.43000,79.03000
0.86000,0.70000,-0.06000,1.54000,1.29000,1.81000,1.31000,86.43000,79.03000
0.86000,0.70000,-0.06000,1.16000,1.16000,1.80000,1.32000,91.03000,85.94000
0.87000,0.70000,-0.06000,1.25000,1.10000,1.81000,1.32000,91.03000,85.94000
0.87000,0.70000,-0.06000,1.29000,1.25000,1.80000,1.32000,97.00000,88.95000
0.87000,0.70000,-0.07000,1.18000,1.51000,1.81000,1.32000,97.00000,88.95000
0.87000,0.70000,-0.06000,1.45000,1.37000,1.83000,1.29000,101.68000,83.63000
0.88000,0.70000,-0.06000,1.81000,1.45000,1.83000,1.29000,101.68000,83.63000
0.88000,0.70000,-0.04000,2.16000,1.45000,1.82000,1.31000,96.03000,83.43000
0.89000,0.70000,-0.02000,2.51000,1.33000,1.78000,1.34000,96.03000,83.43000
0.89000,0.70000,0.00000,2.88000,1.47000,1.81000,1.51000,85.39000,87.51000
0.90000,0.70000,0.03000,2.93000,1.33000,3.07000,3.06000,85.39000,87.51000
0.90000,0.70000,0.06000,2.97000,1.56000,3.00000,3.01000,92.75000,111.08000
0.91000,0.70000,0.07000,2.90000,2.01000,1.43000,1.76000,92.75000,111.08000
0.91000,0.70000,0.08000,3.01000,2.55000,1.33000,1.79000,68.51000,92.66000
0.92000,0.70000,0.08000,2.70000,2.57000,1.29000,1.84000,68.51000,92.66000
0.92000,0.70000,0.08000,2.12000,2.45000,1.26000,1.86000,61.18000,83.93000
0.93000,0.70000,0.07000,1.97000,2.28000,1.27000,1.86000,61.18000,83.93000
0.93000,0.70000,0.06000,1.54000,2.10000,1.27000,1.86000,63.52000,83.97000
0.94000,0.70000,0.05000,1.41000,2.01000,1.28000,1.84000,63.52000,83.97000
0.94000,0.70000,0.04000,1.20000,1.70000,1.30000,1.82000,68.26000,84.88000
0.94000,0.70000,0.03000,1.25000,1.76000,1.32000,1.80000,68.26000,84.88000
0.95000,0.70000,0.03000,1.47000,1.74000,1.34000,1.78000,70.70000,86.89000
0.95000,0.70000,0.02000,1.49000,1.74000,1.35000,1.78000,70.70000,86.89000
0.95000,0.70000,0.02000,1.64000,1.68000,1.35000,1.78000,67.64000,87.23000
0.96000,0.70000,0.02000,1.74000,1.70000,1.34000,1.79000,67.64000,87.23000
0.96000,0.70000,0.02000,1.60000,1.85000,1.31000,1.81000,62.50000,88.55000
0.97000,0.70000,0.02000,1.56000,1.64000,1.31000,1.82000,62.50000,88.55000
0.97000,0.70000,0.01000,1.29000,1.83000,1.29000,1.83000,62.35000,90.50000
0.97000,0.70000,-0.00000,1.29000,1.91000,1.29000,1.83000,62.35000,90.50000
0.98000,0.70000,-0.02000,1.02000,2.08000,1.30000,1.82000,64.97000,87.44000
0.98000,0.70000,-0.04000,0.95000,2.01000,-0.13000,-1.15000,64.97000,87.44000
0.98000,0.70000,-0.06000,1.10000,2.01000,-0.12000,-1.14000,48.67000,40.93000
0.99000,0.70000,-0.06000,0.87000,1.00000,-0.14000,-1.15000,48.67000,40.93000
0.99000,0.70000,-0.05000,0.42000,0.06000,-0.19000,-1.21000,42.38000,36.23000
0.99000,0.70000,-0.05000,0.00000,0.00000,-0.25000,-1.27000,42.38000,36.23000
0.99000,0.70000,-0.05000,0.00000,0.00000,-0.25000,-1.27000,48.15000,37.08000
0.99000,0.70000,-0.05000,0.00000,0.00000,-0.25000,-1.27000,48.15000,37.08000
0.99000,0.70000,-0.05000,0.00000,0.00000,-0.25000,-1.27000,46.63000,29.49000
0.99000,0.70000,-0.05000,0.00000,0.00000,-0.25000,-1.27000,46.63000,29.49000
0.99000,0.70000,-0.05000,0.00000,0.00000,-0.25000,-1.27000,45.10000,21.89000
0.99000,0.70000,-0.05000,0.00000,0.00000,-0.25000,-1.27000,45.10000,21.89000
0.99000,0.70000,-0.05000,0.00000,0.00000,-0.25000,-1.27000,43.57000,14.29000
0.99000,0.70000,-0.05000,0.00000,0.00000,-0.25000,-1.27000,43.57000,14.29000
0.99000,0.70000,-0.05000,0.00000,0.00000,-0.25000,-1.27000,42.04000,6.70000
0.99000,0.70000,-0.05000,0.00000,0.00000,-0.25000,-1.27000,42.04000,6.70000
0.99000,0.70000,-0.05000,0.00000,0.00000,-0.25000,-1.27000,40.52000,-0.90000
0.99000,0.70000,-0.05000,0.00000,0.00000,-0.25000,-1.27000,40.52000,-0.90000
0.99000,0.70000,-0.05000,0.00000,0.00000,-0.25000,-1.27000,38.99000,-8.50000
0.99000,0.70000,-0.05000,0.00000,0.00000,-0.25000,-1.27000,38.99000,-8.50000
0.99000,0.70000,-0.05000,0.00000,0.00000,-0.25000,-1.27000,37.46000,-16.09000
0.99000,0.70000,-0.05000,0.00000,0.00000,-0.25000,-1.27000,37.46000,-16.09000
0.99000,0.70000,-0.05000,0.00000,0.00000,-0.25000,-1.27000,35.94000,-23.69000
0.99000,0.70000,-0.05000,0.00000,0.00000,-0.25000,-1.27000,35.94000,-23.69000
0.99000,0.70000,-0.05000,0.00000,0.00000,-0.25000,-1.27000,34.41000,-31.29000
0.99000,0.70000,-0.05000,0.00000,0.00000,-0.25000,-1.27000,34.41000,-31.29000
0.99000,0.70000,-0.05000,0.00000,0.00000,-0.25000,-1.27000,32.88000,-38.89000
0.99000,0.70000,-0.05000,0.00000,0.00000,-0.25000,-1.27000,32.88000,-38.89000
0.99000,0.70000,-0.05000,0.00000,0.00000,-0.25000,-1.27000,31.35000,-46.48000
0.99000,0.70000,-0.05000,0.00000,0.00000,-0.25000,-1.27000,31.35000,-46.48000
0.99000,0.70000,-0.05000,0.00000,0.00000,-0.25000,-1.27000,29.83000,-54.08000
0.99000,0.70000,-0.05000,-0.02000,-0.04000,-0.25000,-1.27000,29.83000,-54.08000
0.99000,0.70000,-0.05000,0.00000,0.00000,-0.25000,-1.27000,28.61000,-61.05000
0.99000,0.70000,-0.05000,0.00000,0.00000,-0.25000,-1.27000,28.61000,-61.05000
0.99000,0.70000,-0.05000,0.00000,0.00000,-0.25000,-1.27000,26.89000,-69.02000
0.99000,0.70000,-0.05000,0.00000,0.00000,-0.25000,-1.27000,26.89000,-69.02000
0.99000,0.70000,-0.05000,0.00000,0.00000,-0.25000,-1.27000,25.37000,-76.62000
0.99000,0.70000,-0.05000,0.00000,0.00000,-0.25000,-1.27000,25.37000,-76.62000
0.99000,0.70000,-0.05000,0.00000,0.00000,-0.25000,-1.27000,23.84000,-84.22000
0.99000,0.70000,-0.05000,0.00000,-0.02000,-0.25000,-1.27000,23.84000,-84.22000
0.99000,0.70000,-0.05000,0.00000,0.00000,-0.26000,-1.27000,22.29000,-91.53000
0.99000,0.70000,-0.05000,0.00000,0.00000,-0.26000,-1.27000,22.29000,-91.53000
0.99000,0.70000,-0.05000,0.00000,0.00000,-0.26000,-1.27000,20.75000,-99.32000
0.99000,0.70000,-0.05000,0.00000,0.00000,-0.26000,-1.27000,20.75000,-99.32000
0.99000,0.70000,-0.05000,0.00000,-0.02000,-0.26000,-1.27000,19.21000,-106.93000
0.98000,0.70000,-0.04000,0.00000,-0.66000,-0.26000,-1.27000,19.21000,-106.93000
0.98000,0.70000,-0.01000,0.00000,-1.56000,-0.31000,-1.33000,16.92000,-105.43000
0.98000,0.70000,0.02000,0.00000,-2.12000,-0.42000,-1.46000,16.92000,-105.43000
0.98000,0.70000,0.07000,0.00000,-2.45000,-0.55000,-1.62000,11.49000,-92.01000
0.98000,0.70000,0.12000,0.00000,-2.57000,-0.67000,-1.77000,11.49000,-92.01000
0.97000,0.70000,0.16000,0.00000,-2.53000,-0.76000,-1.90000,4.97000,-86.34000
0.97000,0.70000,0.20000,0.00000,-2.20000,-0.83000,-1.99000,4.97000,-86.34000
0.97000,0.70000,0.24000,0.00000,-2.12000,-0.86000,-2.05000,-1.09000,-90.18000
0.97000,0.70000,0.28000,0.00000,-2.20000,-0.88000,-2.09000,-1.09000,-90.18000
0.96000,0.70000,0.32000,0.00000,-2.14000,-0.89000,-2.13000,-6.76000,-90.47000
0.96000,0.70000,0.36000,0.00000,-2.18000,-0.90000,-2.15000,-6.76000,-90.47000
0.96000,0.70000,0.39000,0.00000,-2.08000,-0.90000,-2.18000,-12.27000,-91.05000
0.96000,0.70000,0.43000,0.00000,-2.12000,-0.91000,-2.19000,-12.27000,-91.05000
0.95000,0.70000,0.47000,0.00000,-2.03000,-0.90000,-2.20000,-17.70000,-92.30000
0.95000,0.69000,0.51000,0.00000,-2.07000,-0.91000,-2.21000,-17.70000,-92.30000
0.95000,0.69000,0.55000,0.00000,-2.12000,-0.91000,-2.21000,-23.16000,-93.59000
0.95000,0.69000,0.58000,0.00000,-2.16000,-0.91000,-2.21000,-23.16000,-93.59000
0.95000,0.69000,0.63000,-0.02000,-2.28000,-0.91000,-2.21000,-28.62000,-93.19000
0.94000,0.69000,0.67000,0.00000,-2.30000,-0.91000,-2.21000,-28.62000,-93.19000
0.94000,0.69000,0.71000,0.00000,-2.39000,-0.91000,-2.21000,-34.09000,-91.37000
0.94000,0.69000,0.75000,0.00000,-2.34000,-0.91000,-2.21000,-34.09000,-91.37000
0.94000,0.68000,0.79000,0.00000,-2.32000,-0.91000,-2.21000,-39.61000,-90.17000
0.94000,0.68000,0.84000,0.00000,-2.24000,-0.92000,-2.21000,-39.61000,-90.17000
0.93000,0.68000,0.87000,0.00000,-2.16000,-0.93000,-2.20000,-45.28000,-90.75000
0.93000,0.68000,0.91000,0.00000,-2.18000,-0.94000,-2.19000,-45.28000,-90.75000
0.93000,0.68000,0.95000,0.00000,-2.26000,-0.95000,-2.18000,-51.16000,-91.10000
0.93000,0.67000,0.99000,-0.02000,-2.18000,-0.96000,-2.16000,-51.16000,-91.10000
0.93000,0.67000,1.03000,-0.02000,-2.26000,-0.98000,-2.15000,-56.97000,-90.64000
0.93000,0.67000,1.07000,0.00000,-2.24000,-0.99000,-2.13000,-56.97000,-90.64000
0.93000,0.67000,1.12000,0.00000,-2.30000,-1.01000,-2.12000,-63.50000,-89.07000
0.92000,0.67000,1.15000,-0.37000,-2.16000,-1.04000,-2.11000,-63.50000,-89.07000
0.92000,0.66000,1.18000,-0.50000,-2.12000,-2.99000,-3.03000,-93.72000,-103.32000
0.92000,0.66000,1.20000,-1.06000,-2.22000,-3.06000,-3.02000,-93.72000,-103.32000
0.92000,0.65000,1.21000,-1.85000,-2.43000,-2.14000,-1.25000,-86.44000,-80.91000
0.92000,0.65000,1.21000,-2.16000,-2.22000,-2.11000,-1.03000,-86.44000,-80.91000
0.92000,0.65000,1.21000,-2.10000,-1.80000,-2.11000,-1.02000,-75.87000,-71.65000
0.92000,0.64000,1.20000,-1.91000,-1.49000,-2.11000,-1.02000,-75.87000,-71.65000
0.91000,0.64000,1.19000,-1.64000,-1.04000,-2.11000,-1.04000,-79.29000,-75.58000
0.91000,0.64000,1.18000,-1.45000,-1.02000,-2.13000,-1.17000,-79.29000,-75.58000
0.91000,0.63000,1.17000,-1.45000,-1.08000,-2.22000,-1.54000,-88.97000,-87.49000
0.91000,0.63000,1.17000,-1.58000,-1.22000,-2.41000,-2.10000,-88.97000,-87.49000
0.91000,0.63000,1.16000,-1.60000,-1.37000,-2.69000,-2.61000,-98.75000,-103.57000
0.91000,0.62000,1.16000,-2.03000,-1.95000,-2.85000,-2.79000,-98.75000,-103.57000
0.91000,0.62000,1.16000,-2.18000,-2.26000,-2.83000,-2.77000,-100.72000,-103.42000
0.90000,0.61000,1.16000,-2.45000,-2.53000,-2.59000,-2.49000,-100.72000,-103.42000
0.90000,0.61000,1.17000,-2.49000,-2.59000,-2.33000,-1.89000,-91.72000,-86.38000
0.90000,0.60000,1.17000,-2.43000,-2.55000,-2.15000,-1.27000,-91.72000,-86.38000
0.90000,0.60000,1.16000,-2.43000,-2.18000,-2.21000,-0.91000,-89.57000,-67.60000
0.90000,0.60000,1.15000,-2.49000,-1.68000,-2.21000,-0.91000,-89.57000,-67.60000
0.89000,0.59000,1.13000,-2.47000,-1.27000,-2.21000,-0.91000,-87.35000,-70.84000
0.89000,0.59000,1.10000,-2.26000,-0.91000,-2.21000,-0.91000,-87.35000,-70.84000
0.89000,0.59000,1.08000,-2.12000,-0.87000,-2.21000,-0.92000,-89.04000,-77.80000
0.89000,0.58000,1.06000,-2.01000,-0.98000,-2.20000,-0.92000,-89.04000,-77.80000
0.89000,0.58000,1.05000,-1.76000,-0.95000,-2.20000,-0.92000,-92.38000,-76.98000
0.89000,0.58000,1.03000,-1.56000,-0.89000,-2.20000,-0.92000,-92.38000,-76.98000
0.89000,0.58000,1.03000,-1.14000,-0.79000,-2.20000,-0.93000,-100.30000,-77.96000
0.88000,0.57000,1.02000,-1.29000,-0.83000,-2.20000,-0.93000,-100.30000,-77.96000
0.88000,0.57000,1.01000,-1.49000,-0.91000,-2.20000,-0.93000,-108.18000,-79.12000
0.88000,0.57000,1.00000,-1.45000,-0.79000,-2.20000,-0.93000,-108.18000,-79.12000
0.88000,0.57000,0.98000,-1.66000,-0.73000,-2.19000,-0.93000,-111.09000,-80.37000
0.88000,0.56000,0.97000,-1.70000,-0.93000,-2.19000,-0.93000,-111.09000,-80.37000
0.88000,0.56000,0.95000,-1.81000,-1.00000,-2.19000,-0.94000,-111.72000,-79.15000
0.87000,0.56000,0.93000,-2.07000,-0.83000,-2.18000,-0.94000,-111.72000,-79.15000
0.87000,0.56000,0.90000,-2.55000,-0.81000,-2.18000,-0.95000,-108.90000,-80.87000
0.87000,0.55000,0.86000,-2.84000,-0.93000,-2.17000,-0.96000,-108.90000,-80.87000
0.87000,0.55000,0.83000,-3.11000,-1.10000,-2.16000,-0.97000,-97.70000,-80.34000
0.86000,0.55000,0.79000,-2.84000,-1.02000,-2.14000,-0.98000,-97.70000,-80.34000
0.86000,0.54000,0.77000,-2.49000,-1.00000,-2.13000,-0.99000,-93.20000,-79.65000
0.86000,0.54000,0.75000,-2.18000,-1.10000,-2.12000,-1.00000,-93.20000,-79.65000
0.86000,0.54000,0.73000,-2.14000,-1.06000,-2.12000,-1.01000,-98.68000,-78.52000
0.85000,0.54000,0.71000,-2.10000,-0.85000,-2.11000,-1.01000,-98.68000,-78.52000
0.85000,0.53000,0.68000,-2.14000,-0.85000,-2.11000,-1.03000,-99.37000,-82.06000
0.85000,0.53000,0.67000,-1.87000,-1.00000,-2.43000,-2.16000,-99.37000,-82.06000
0.85000,0.53000,0.65000,-2.01000,-1.16000,-3.15000,-3.12000,-118.53000,-112.26000
0.84000,0.53000,0.64000,-2.14000,-1.45000,-3.25000,-3.27000,-118.53000,-112.26000
0.84000,0.52000,0.63000,-2.90000,-2.24000,-2.91000,-2.96000,-118.65000,-115.79000
0.83000,0.52000,0.60000,-3.57000,-2.34000,-1.70000,-2.27000,-118.65000,-115.79000
0.83000,0.52000,0.58000,-3.86000,-2.34000,-1.02000,-2.11000,-73.43000,-98.64000
0.82000,0.51000,0.56000,-3.20000,-2.18000,-1.01000,-2.12000,-73.43000,-98.64000
0.82000,0.51000,0.55000,-2.45000,-1.91000,-0.99000,-2.13000,-63.35000,-100.04000
0.81000,0.51000,0.55000,-1.70000,-1.81000,-0.99000,-2.14000,-63.35000,-100.04000
0.81000,0.51000,0.56000,-1.33000,-2.01000,-0.98000,-2.14000,-72.37000,-105.56000
0.81000,0.50000,0.58000,-1.16000,-2.12000,-0.98000,-2.14000,-72.37000,-105.56000
0.80000,0.50000,0.59000,-1.33000,-2.01000,-0.98000,-2.14000,-76.17000,-102.90000
0.80000,0.50000,0.60000,-1.56000,-2.10000,-0.98000,-2.14000,-76.17000,-102.90000
0.80000,0.50000,0.61000,-1.49000,-2.01000,-0.98000,-2.15000,-69.11000,-103.43000
0.79000,0.50000,0.62000,-1.51000,-2.14000,-0.97000,-2.15000,-69.11000,-103.43000
0.79000,0.49000,0.64000,-1.37000,-2.22000,-1.01000,-2.12000,-66.67000,-102.73000
0.79000,0.49000,0.66000,-1.12000,-2.32000,-1.01000,-2.12000,-66.67000,-102.73000
0.78000,0.49000,0.68000,-1.12000,-2.45000,-1.02000,-2.11000,-69.70000,-99.62000
0.78000,0.49000,0.71000,-1.14000,-2.34000,-1.17000,-2.13000,-69.70000,-99.62000
0.78000,0.48000,0.72000,-1.14000,-2.18000,-2.89000,-2.94000,-96.93000,-110.54000
0.78000,0.48000,0.74000,-1.72000,-2.32000,-3.29000,-3.27000,-96.93000,-110.54000
0.77000,0.48000,0.74000,-2.28000,-2.57000,-3.11000,-3.08000,-102.01000,-116.48000
0.77000,0.47000,0.74000,-2.63000,-2.82000,-2.88000,-2.83000,-102.01000,-116.48000
0.76000,0.47000,0.75000,-2.72000,-3.11000,-2.63000,-2.54000,-89.45000,-105.53000
0.76000,0.46000,0.76000,-2.63000,-3.19000,-2.24000,-1.62000,-89.45000,-105.53000
0.75000,0.46000,0.77000,-2.41000,-2.99000,-2.11000,-1.07000,-81.61000,-76.13000
0.75000,0.46000,0.79000,-1.83000,-2.55000,-2.11000,-1.02000,-81.61000,-76.13000
0.75000,0.45000,0.80000,-1.08000,-1.91000,-2.11000,-1.01000,-90.60000,-72.17000
0.75000,0.45000,0.81000,-0.69000,-1.39000,-2.12000,-1.01000,-90.60000,-72.17000
0.74000,0.45000,0.82000,-0.46000,-0.79000,-2.12000,-1.00000,-109.62000,-80.18000
0.74000,0.45000,0.82000,-0.35000,-0.56000,-2.13000,-1.00000,-109.62000,-80.18000
0.74000,0.45000,0.82000,-1.04000,-0.73000,-2.13000,-0.99000,-123.30000,-90.21000
0.74000,0.45000,0.80000,-1.83000,-0.91000,-2.13000,-1.00000,-123.30000,-90.21000
0.74000,0.44000,0.78000,-2.16000,-1.00000,-2.12000,-1.00000,-111.78000,-87.64000
0.74000,0.44000,0.76000,-2.07000,-1.14000,-2.12000,-1.01000,-111.78000,-87.64000
0.73000,0.44000,0.75000,-1.97000,-1.43000,-2.11000,-1.01000,-109.62000,-84.92000
0.73000,0.44000,0.74000,-2.03000,-1.31000,-2.11000,-1.02000,-109.62000,-84.92000
0.73000,0.43000,0.72000,-2.20000,-1.20000,-2.11000,-1.02000,-110.38000,-81.83000
0.72000,0.43000,0.70000,-2.63000,-1.31000,-2.15000,-1.28000,-110.38000,-81.83000
0.72000,0.43000,0.67000,-2.86000,-1.10000,-3.08000,-3.05000,-116.46000,-110.47000
0.72000,0.42000,0.64000,-2.95000,-1.43000,-2.85000,-2.90000,-116.46000,-110.47000
0.71000,0.42000,0.62000,-2.95000,-2.10000,-1.04000,-2.11000,-83.78000,-104.92000
0.71000,0.42000,0.62000,-2.45000,-2.30000,-1.01000,-2.11000,-83.78000,-104.92000
0.70000,0.42000,0.63000,-1.93000,-2.47000,-1.01000,-2.11000,-79.41000,-96.00000
0.70000,0.41000,0.65000,-1.35000,-2.39000,-1.01000,-2.11000,-79.41000,-96.00000
0.70000,0.41000,0.67000,-1.02000,-2.22000,-1.02000,-2.11000,-87.36000,-93.53000
0.69000,0.41000,0.69000,-1.12000,-2.07000,-1.04000,-2.11000,-87.36000,-93.53000
0.69000,0.41000,0.70000,-1.10000,-1.81000,-1.43000,-2.19000,-95.03000,-97.74000
0.69000,0.40000,0.71000,-1.08000,-1.83000,-2.47000,-2.57000,-95.03000,-97.74000
0.69000,0.40000,0.72000,-1.29000,-1.70000,-3.08000,-3.12000,-122.28000,-116.08000
0.68000,0.40000,0.72000,-2.07000,-1.97000,-3.22000,-3.25000,-122.28000,-116.08000
0.68000,0.40000,0.71000,-2.70000,-1.99000,-2.11000,-1.02000,-104.73000,-90.14000
0.68000,0.39000,0.68000,-2.99000,-1.60000,-2.11000,-1.03000,-104.73000,-90.14000
0.67000,0.39000,0.64000,-3.40000,-1.12000,-2.37000,-2.02000,-95.23000,-105.01000
0.67000,0.39000,0.60000,-3.32000,-1.18000,-3.05000,-3.08000,-95.23000,-105.01000
0.66000,0.38000,0.58000,-2.95000,-1.66000,-1.02000,-2.11000,-66.30000,-115.09000
0.66000,0.38000,0.57000,-2.26000,-1.74000,-1.01000,-2.11000,-66.30000,-115.09000
0.66000,0.38000,0.58000,-1.51000,-2.05000,-1.01000,-2.12000,-68.16000,-112.44000
0.65000,0.38000,0.59000,-1.29000,-2.16000,-1.01000,-2.12000,-68.16000,-112.44000
0.65000,0.37000,0.61000,-1.25000,-2.28000,-1.01000,-2.11000,-75.34000,-108.32000
0.65000,0.37000,0.62000,-1.45000,-2.07000,-1.02000,-2.11000,-75.34000,-108.32000
0.64000,0.37000,0.63000,-1.74000,-2.16000,-1.05000,-2.11000,-71.84000,-109.26000
0.64000,0.37000,0.64000,-1.60000,-2.28000,-1.16000,-2.13000,-71.84000,-109.26000
0.64000,0.36000,0.66000,-1.60000,-2.32000,-2.01000,-2.37000,-81.56000,-110.29000
0.63000,0.36000,0.67000,-1.56000,-2.39000,-2.98000,-3.02000,-81.56000,-110.29000
0.63000,0.36000,0.69000,-1.78000,-2.53000,-3.27000,-3.29000,-103.57000,-123.11000
0.62000,0.35000,0.70000,-2.26000,-2.95000,-3.10000,-3.07000,-103.57000,-123.11000
0.62000,0.35000,0.71000,-2.90000,-3.28000,-2.43000,-2.15000,-90.62000,-102.96000
0.61000,0.35000,0.71000,-3.11000,-3.22000,-2.15000,-1.29000,-90.62000,-102.96000
0.61000,0.34000,0.71000,-2.99000,-3.09000,-2.12000,-1.10000,-74.20000,-78.47000
0.60000,0.34000,0.71000,-2.47000,-2.59000,-2.11000,-1.04000,-74.20000,-78.47000
0.60000,0.33000,0.71000,-2.10000,-1.97000,-2.11000,-1.02000,-77.70000,-73.90000
0.60000,0.33000,0.71000,-1.51000,-1.56000,-2.11000,-1.02000,-77.70000,-73.90000
0.60000,0.33000,0.71000,-1.18000,-1.10000,-2.11000,-1.02000,-89.86000,-79.96000
0.59000,0.33000,0.71000,-1.04000,-0.85000,-2.11000,-1.02000,-89.86000,-79.96000
0.59000,0.33000,0.71000,-0.79000,-0.83000,-2.11000,-1.02000,-100.56000,-87.30000
0.59000,0.33000,0.71000,-0.71000,-0.95000,-2.11000,-1.02000,-100.56000,-87.30000
0.59000,0.33000,0.71000,-1.02000,-0.91000,-2.11000,-1.01000,-112.00000,-86.68000
0.59000,0.32000,0.70000,-1.66000,-0.95000,-2.11000,-1.01000,-112.00000,-86.68000
0.59000,0.32000,0.68000,-1.81000,-1.10000,-2.11000,-1.02000,-106.08000,-87.06000
0.58000,0.32000,0.67000,-1.89000,-1.31000,-2.11000,-1.02000,-106.08000,-87.06000
0.58000,0.32000,0.66000,-1.66000,-1.12000,-2.11000,-1.02000,-105.31000,-82.24000
0.58000,0.32000,0.65000,-1.68000,-0.83000,-2.11000,-1.03000,-105.31000,-82.24000
0.58000,0.31000,0.63000,-1.76000,-0.66000,-2.11000,-1.02000,-109.72000,-87.73000
0.57000,0.31000,0.60000,-2.22000,-0.68000,-2.22000,-1.54000,-109.72000,-87.73000
0.57000,0.31000,0.56000,-2.66000,-0.56000,-3.27000,-3.24000,-121.64000,-124.35000
0.57000,0.31000,0.53000,-3.11000,-1.24000,-1.39000,-2.18000,-121.64000,-124.35000
0.56000,0.30000,0.51000,-3.32000,-2.07000,-1.01000,-2.11000,-80.72000,-114.29000
0.56000,0.30000,0.50000,-2.76000,-2.47000,-1.01000,-2.12000,-80.72000,-114.29000
0.55000,0.30000,0.51000,-1.93000,-2.51000,-1.00000,-2.12000,-73.23000,-101.34000
0.55000,0.30000,0.52000,-1.54000,-2.30000,-1.00000,-2.12000,-73.23000,-101.34000
0.54000,0.30000,0.55000,-0.79000,-2.14000,-1.01000,-2.12000,-81.15000,-101.67000
0.54000,0.29000,0.57000,-0.42000,-1.70000,-1.02000,-2.11000,-81.15000,-101.67000
0.54000,0.29000,0.60000,-0.23000,-1.70000,-1.08000,-2.11000,-95.81000,-109.48000
0.54000,0.29000,0.63000,-0.02000,-1.81000,-2.94000,-2.98000,-95.81000,-109.48000
0.54000,0.29000,0.66000,-0.58000,-2.01000,-2.98000,-2.94000,-134.24000,-122.73000
0.53000,0.29000,0.66000,-1.93000,-2.14000,-2.11000,-1.07000,-134.24000,-122.73000
0.53000,0.28000,0.65000,-2.93000,-2.45000,-2.11000,-1.03000,-110.25000,-95.99000
0.52000,0.28000,0.64000,-3.11000,-2.43000,-2.11000,-1.07000,-110.25000,-95.99000
0.52000,0.28000,0.62000,-3.15000,-1.97000,-2.19000,-1.46000,-94.91000,-91.41000
0.51000,0.27000,0.59000,-3.17000,-1.58000,-3.09000,-3.05000,-94.91000,-91.41000
0.51000,0.27000,0.55000,-3.05000,-0.91000,-2.98000,-3.02000,-100.29000,-121.83000
0.51000,0.27000,0.52000,-2.99000,-1.20000,-1.02000,-2.11000,-100.29000,-121.83000
0.50000,0.27000,0.49000,-3.03000,-1.68000,-1.01000,-2.12000,-72.32000,-122.56000
0.50000,0.26000,0.48000,-2.66000,-2.07000,-0.99000,-2.13000,-72.32000,-122.56000
0.49000,0.26000,0.49000,-2.12000,-2.47000,-0.99000,-2.14000,-65.08000,-115.31000
0.49000,0.26000,0.50000,-1.72000,-2.37000,-0.98000,-2.14000,-65.08000,-115.31000
0.48000,0.26000,0.52000,-1.58000,-2.41000,-0.98000,-2.14000,-69.01000,-111.38000
0.48000,0.25000,0.54000,-1.43000,-2.55000,-0.98000,-2.14000,-69.01000,-111.38000
0.48000,0.25000,0.55000,-1.41000,-2.37000,-0.99000,-2.14000,-68.99000,-107.20000
0.47000,0.25000,0.57000,-1.47000,-2.28000,-0.99000,-2.14000,-68.99000,-107.20000
0.47000,0.25000,0.59000,-1.27000,-2.32000,-0.99000,-2.14000,-65.72000,-108.76000
0.47000,0.25000,0.61000,-1.24000,-2.32000,-0.99000,-2.14000,-65.72000,-108.76000
0.46000,0.24000,0.63000,-1.20000,-2.55000,-0.99000,-2.14000,-66.26000,-107.24000
0.46000,0.24000,0.66000,-1.10000,-2.59000,-0.99000,-2.13000,-66.26000,-107.24000
0.46000,0.24000,0.68000,-1.22000,-2.66000,-2.12000,-1.01000,-83.80000,-85.18000
0.45000,0.24000,0.70000,-1.70000,-2.26000,-2.13000,-1.00000,-83.80000,-85.18000
0.45000,0.23000,0.69000,-2.07000,-1.78000,-2.13000,-0.99000,-81.11000,-80.38000
0.45000,0.23000,0.68000,-2.14000,-1.51000,-2.13000,-0.99000,-81.11000,-80.38000
0.44000,0.23000,0.67000,-1.93000,-1.33000,-2.13000,-1.00000,-77.10000,-84.03000
0.44000,0.23000,0.66000,-1.76000,-1.47000,-2.13000,-1.00000,-77.10000,-84.03000
0.44000,0.22000,0.66000,-1.47000,-1.24000,-2.12000,-1.00000,-82.60000,-81.61000
0.44000,0.22000,0.65000,-1.43000,-1.25000,-2.12000,-1.00000,-82.60000,-81.61000
0.43000,0.22000,0.65000,-1.22000,-1.12000,-2.12000,-1.00000,-89.73000,-82.21000
0.43000,0.22000,0.64000,-1.16000,-0.56000,-2.12000,-1.00000,-89.73000,-82.21000
0.43000,0.22000,0.63000,-1.08000,-0.15000,-2.12000,-1.01000,-97.88000,-91.08000
0.43000,0.22000,0.61000,-0.83000,0.00000,-2.11000,-1.01000,-97.88000,-91.08000
0.43000,0.22000,0.60000,-0.69000,-0.02000,-2.11000,-1.02000,-108.41000,-102.31000
0.43000,0.22000,0.59000,-0.69000,-0.12000,-2.11000,-1.02000,-108.41000,-102.31000
0.43000,0.22000,0.57000,-1.12000,0.00000,-2.11000,-1.09000,-118.34000,-107.65000
0.43000,0.21000,0.54000,-1.54000,-0.02000,-2.71000,-2.64000,-118.34000,-107.65000
0.42000,0.21000,0.51000,-1.87000,-0.27000,-3.22000,-3.25000,-130.80000,-147.41000
0.42000,0.21000,0.49000,-2.36000,-1.27000,-1.29000,-2.15000,-130.80000,-147.41000
0.42000,0.21000,0.48000,-2.76000,-2.20000,-1.02000,-2.11000,-95.42000,-130.95000
0.41000,0.21000,0.48000,-2.59000,-2.55000,-1.01000,-2.11000,-95.42000,-130.95000
0.41000,0.20000,0.49000,-2.43000,-2.74000,-1.01000,-2.11000,-83.81000,-116.80000
0.40000,0.20000,0.49000,-2.18000,-2.57000,-1.01000,-2.11000,-83.81000,-116.80000
0.40000,0.20000,0.50000,-1.85000,-2.41000,-1.01000,-2.11000,-80.55000,-113.82000
0.39000,0.20000,0.51000,-1.68000,-2.05000,-1.01000,-2.11000,-80.55000,-113.82000
0.39000,0.20000,0.52000,-1.31000,-1.83000,-1.02000,-2.11000,-81.07000,-118.78000
0.39000,0.19000,0.53000,-0.85000,-1.68000,-1.02000,-2.11000,-81.07000,-118.78000
0.39000,0.19000,0.55000,-0.56000,-1.60000,-1.05000,-2.11000,-90.00000,-124.69000
0.38000,0.19000,0.57000,-0.77000,-1.64000,-1.95000,-2.35000,-90.00000,-124.69000
0.38000,0.19000,0.58000,-1.04000,-1.64000,-3.06000,-3.09000,-122.54000,-142.63000
0.38000,0.19000,0.59000,-1.56000,-1.87000,-3.26000,-3.28000,-122.54000,-142.63000
0.37000,0.18000,0.58000,-2.55000,-2.14000,-3.29000,-3.26000,-127.90000,-150.46000
0.37000,0.18000,0.58000,-2.84000,-2.76000,-3.24000,-3.27000,-127.90000,-150.46000
0.36000,0.18000,0.58000,-3.03000,-3.26000,-3.21000,-3.24000,-117.85000,-145.10000
0.36000,0.17000,0.58000,-3.01000,-3.07000,-3.25000,-3.27000,-117.85000,-145.10000
0.35000,0.17000,0.58000,-3.05000,-2.95000,-3.25000,-3.27000,-118.13000,-143.85000
0.34000,0.17000,0.58000,-3.46000,-3.22000,-2.11000,-1.01000,-118.13000,-143.85000
0.34000,0.16000,0.56000,-3.94000,-3.28000,-2.11000,-1.01000,-95.65000,-108.96000
0.33000,0.16000,0.54000,-3.82000,-2.74000,-2.11000,-1.02000,-95.65000,-108.96000
0.33000,0.15000,0.52000,-3.53000,-2.41000,-2.11000,-1.03000,-82.16000,-103.23000
0.32000,0.15000,0.51000,-3.11000,-2.16000,-2.28000,-1.75000,-82.16000,-103.23000
0.32000,0.15000,0.50000,-2.61000,-2.20000,-3.07000,-3.04000,-96.99000,-131.75000
0.31000,0.15000,0.50000,-2.57000,-2.41000,-3.24000,-3.21000,-96.99000,-131.75000
0.31000,0.14000,0.50000,-2.70000,-2.97000,-3.27000,-3.25000,-107.84000,-136.43000
0.30000,0.14000,0.51000,-2.95000,-3.24000,-3.19000,-3.16000,-107.84000,-136.43000
0.29000,0.14000,0.51000,-3.26000,-3.61000,-3.01000,-2.97000,-102.52000,-124.87000
0.29000,0.13000,0.52000,-3.28000,-3.73000,-2.57000,-2.48000,-102.52000,-124.87000
0.28000,0.13000,0.53000,-3.47000,-3.82000,-2.17000,-1.35000,-85.28000,-91.57000
0.27000,0.12000,0.53000,-3.24000,-3.18000,-2.11000,-1.05000,-85.28000,-91.57000
0.27000,0.12000,0.52000,-2.76000,-2.35000,-2.11000,-1.03000,-78.29000,-80.78000
0.26000,0.12000,0.52000,-2.01000,-1.83000,-2.11000,-1.03000,-78.29000,-80.78000
0.26000,0.12000,0.51000,-1.29000,-0.95000,-2.11000,-1.03000,-89.85000,-88.17000
0.26000,0.12000,0.51000,-0.66000,-0.75000,-2.11000,-1.05000,-89.85000,-88.17000
0.26000,0.12000,0.52000,-0.25000,-0.62000,-2.11000,-1.03000,-110.64000,-99.59000
0.26000,0.12000,0.52000,-0.25000,-0.52000,-2.11000,-1.02000,-110.64000,-99.59000
0.26000,0.12000,0.52000,-0.91000,-0.64000,-2.11000,-1.02000,-125.55000,-104.49000
0.25000,0.11000,0.50000,-1.78000,-0.83000,-2.11000,-1.02000,-125.55000,-104.49000
0.25000,0.11000,0.48000,-2.16000,-0.98000,-2.11000,-1.03000,-113.64000,-103.07000
0.25000,0.11000,0.46000,-2.24000,-1.16000,-2.24000,-1.60000,-113.64000,-103.07000
0.25000,0.11000,0.44000,-2.05000,-0.98000,-3.01000,-2.97000,-122.27000,-128.32000
0.24000,0.11000,0.42000,-2.30000,-1.20000,-3.14000,-3.17000,-122.27000,-128.32000
0.24000,0.11000,0.40000,-2.74000,-1.62000,-1.65000,-2.25000,-105.58000,-127.77000
0.23000,0.10000,0.38000,-2.99000,-1.91000,-1.02000,-2.11000,-105.58000,-127.77000
0.23000,0.10000,0.37000,-2.90000,-2.16000,-1.01000,-2.11000,-81.81000,-121.40000
0.22000,0.10000,0.37000,-2.28000,-2.32000,-1.01000,-2.12000,-81.81000,-121.40000
0.22000,0.10000,0.38000,-1.45000,-2.32000,-1.01000,-2.12000,-80.45000,-116.53000
0.21000,0.10000,0.40000,-1.16000,-2.16000,-1.01000,-2.12000,-80.45000,-116.53000
0.21000,0.09000,0.42000,-0.83000,-2.03000,-1.01000,-2.11000,-89.73000,-117.61000
0.21000,0.09000,0.44000,-0.75000,-1.85000,-1.04000,-2.11000,-89.73000,-117.61000
0.21000,0.09000,0.45000,-1.31000,-1.62000,-2.09000,-2.40000,-111.14000,-126.38000
0.20000,0.09000,0.45000,-1.89000,-1.74000,-2.60000,-2.68000,-111.14000,-126.38000
0.20000,0.09000,0.44000,-2.10000,-1.83000,-2.25000,-2.47000,-104.47000,-132.26000
0.19000,0.09000,0.44000,-2.14000,-2.12000,-1.58000,-2.23000,-104.47000,-132.26000
0.19000,0.08000,0.45000,-1.95000,-2.34000,-1.41000,-2.18000,-90.38000,-126.74000
0.19000,0.08000,0.46000,-1.83000,-2.51000,-1.93000,-2.34000,-90.38000,-126.74000
0.18000,0.08000,0.48000,-1.45000,-2.82000,-2.89000,-2.94000,-112.90000,-132.59000
0.18000,0.08000,0.50000,-2.07000,-2.82000,-3.24000,-3.21000,-112.90000,-132.59000
0.17000,0.07000,0.50000,-2.86000,-2.86000,-2.73000,-2.66000,-113.14000,-126.28000
0.16000,0.07000,0.49000,-3.49000,-3.05000,-2.60000,-2.50000,-113.14000,-126.28000
0.16000,0.07000,0.48000,-3.82000,-3.05000,-2.90000,-2.85000,-98.49000,-124.76000
0.15000,0.06000,0.46000,-3.80000,-2.66000,-3.24000,-3.22000,-98.49000,-124.76000
0.14000,0.06000,0.44000,-3.55000,-2.61000,-3.05000,-3.09000,-92.57000,-133.04000
0.14000,0.06000,0.43000,-3.24000,-2.90000,-1.46000,-2.20000,-92.57000,-133.04000
0.13000,0.06000,0.43000,-3.07000,-3.07000,-1.04000,-2.11000,-66.35000,-117.18000
0.13000,0.05000,0.44000,-2.61000,-3.05000,-1.02000,-2.11000,-66.35000,-117.18000
0.12000,0.05000,0.46000,-1.99000,-2.99000,-2.83000,-2.77000,-89.37000,-120.19000
0.12000,0.05000,0.48000,-1.95000,-3.03000,-2.13000,-1.16000,-89.37000,-120.19000
0.11000,0.05000,0.49000,-2.32000,-2.95000,-2.11000,-1.02000,-89.76000,-92.52000
0.11000,0.04000,0.49000,-2.57000,-2.66000,-2.11000,-1.01000,-89.76000,-92.52000
0.10000,0.04000,0.48000,-2.80000,-2.14000,-2.11000,-1.01000,-81.47000,-85.94000
0.10000,0.04000,0.46000,-2.55000,-1.72000,-2.11000,-1.01000,-81.47000,-85.94000
0.09000,0.04000,0.44000,-2.32000,-1.20000,-2.11000,-1.02000,-78.92000,-90.19000
0.09000,0.03000,0.42000,-2.08000,-1.00000,-2.11000,-1.10000,-78.92000,-90.19000
0.09000,0.03000,0.41000,-1.49000,-0.95000,-2.62000,-2.53000,-91.14000,-119.60000
0.08000,0.03000,0.41000,-1.49000,-1.37000,-3.08000,-3.05000,-91.14000,-119.60000
0.08000,0.03000,0.42000,-1.12000,-1.60000,-3.14000,-3.10000,-110.85000,-131.77000
0.08000,0.03000,0.43000,-1.12000,-1.87000,-2.75000,-2.68000,-110.85000,-131.77000
0.07000,0.03000,0.45000,-1.74000,-2.32000,-2.15000,-1.30000,-111.59000,-107.59000
0.07000,0.02000,0.45000,-2.34000,-2.74000,-2.11000,-1.03000,-111.59000,-107.59000
0.06000,0.02000,0.44000,-3.55000,-3.07000,-2.11000,-1.02000,-98.71000,-86.93000
0.06000,0.02000,0.42000,-4.13000,-2.97000,-2.11000,-1.02000,-98.71000,-86.93000
0.05000,0.01000,0.39000,-4.50000,-2.59000,-2.11000,-1.07000,-70.58000,-74.00000
0.04000,0.01000,0.35000,-4.23000,-2.14000,-3.06000,-3.02000,-70.58000,-74.00000
0.04000,0.01000,0.32000,-3.59000,-1.70000,-2.59000,-2.67000,-64.04000,-99.01000
0.03000,0.01000,0.30000,-3.05000,-1.93000,-1.02000,-2.11000,-64.04000,-99.01000
0.03000,0.01000,0.29000,-2.66000,-2.47000,-1.01000,-2.12000,-48.23000,-97.09000
0.02000,0.01000,0.31000,-2.01000,-2.78000,-1.00000,-2.13000,-48.23000,-97.09000
0.02000,0.00000,0.34000,-1.25000,-2.95000,0.93000,2.19000,-22.42000,-20.80000
0.01000,0.00000,0.36000,-0.31000,-1.66000,0.92000,2.20000,-22.42000,-20.80000
0.01000,0.00000,0.36000,0.00000,-0.06000,0.92000,2.21000,-30.48000,-7.54000
0.01000,0.00000,0.36000,0.00000,0.00000,0.92000,2.21000,-30.48000,-7.54000
0.01000,0.00000,0.36000,0.00000,0.00000,0.92000,2.21000,-27.77000,-9.25000
0.01000,0.00000,0.36000,0.00000,0.00000,0.92000,2.21000,-27.77000,-9.25000
0.01000,0.00000,0.36000,0.00000,0.00000,0.92000,2.21000,-22.25000,3.99000
0.01000,0.00000,0.36000,0.00000,0.00000,0.92000,2.21000,-22.25000,3.99000
0.01000,0.00000,0.36000,0.00000,0.00000,0.92000,2.21000,-16.74000,17.22000
0.01000,0.00000,0.36000,0.00000,0.00000,0.92000,2.21000,-16.74000,17.22000
0.01000,0.00000,0.36000,0.00000,0.00000,0.92000,2.21000,-11.23000,30.46000
0.01000,0.00000,0.36000,0.00000,0.00000,0.92000,2.21000,-11.23000,30.46000
0.01000,0.00000,0.36000,0.00000,0.00000,0.92000,2.21000,-5.71000,43.70000
0.01000,0.00000,0.36000,0.00000,0.04000,0.92000,2.21000,-5.71000,43.70000
0.01000,0.00000,0.36000,0.00000,0.00000,0.92000,2.21000,-0.20000,56.31000
0.01000,0.00000,0.36000,0.00000,0.00000,0.92000,2.21000,-0.20000,56.31000
0.01000,0.00000,0.36000,0.00000,0.00000,0.92000,2.21000,5.32000,69.92000
0.01000,0.00000,0.36000,0.00000,0.00000,0.92000,2.21000,5.32000,69.92000
0.01000,0.00000,0.36000,0.00000,0.00000,0.92000,2.21000,10.83000,83.15000
0.01000,0.00000,0.36000,0.00000,0.02000,0.92000,2.21000,10.83000,83.15000
0.01000,0.00000,0.36000,0.00000,0.00000,0.92000,2.21000,16.35000,96.08000
0.01000,0.00000,0.36000,0.00000,0.00000,0.92000,2.21000,16.35000,96.08000
0.01000,0.00000,0.36000,0.00000,0.00000,0.92000,2.21000,21.86000,109.50000
0.01000,0.00000,0.35000,0.02000,0.39000,0.92000,2.21000,21.86000,109.50000
0.02000,0.00000,0.34000,0.00000,1.02000,0.92000,2.20000,27.08000,116.80000
0.02000,0.00000,0.31000,0.02000,1.37000,0.92000,2.20000,27.08000,116.80000
0.02000,0.00000,0.28000,0.00000,1.83000,0.93000,2.19000,32.65000,112.86000
0.02000,0.01000,0.24000,0.00000,2.20000,0.95000,2.18000,32.65000,112.86000
0.02000,0.01000,0.20000,0.00000,2.43000,0.97000,2.15000,39.02000,104.76000
0.03000,0.01000,0.15000,0.00000,2.49000,1.01000,2.11000,39.02000,104.76000
0.03000,0.01000,0.11000,0.00000,2.47000,1.07000,2.05000,46.37000,98.58000
0.03000,0.01000,0.07000,0.00000,2.08000,1.16000,1.96000,46.37000,98.58000
0.03000,0.01000,0.03000,0.00000,1.85000,1.27000,1.86000,55.69000,99.31000
0.04000,0.01000,0.01000,0.02000,1.52000,1.39000,1.75000,55.69000,99.31000
0.04000,0.01000,-0.03000,0.00000,1.83000,2.76000,2.78000,85.34000,120.26000
0.04000,0.01000,-0.06000,0.02000,2.03000,3.07000,3.06000,85.34000,120.26000
0.04000,0.01000,-0.10000,0.27000,2.43000,1.76000,1.37000,86.83000,98.90000
0.05000,0.01000,-0.13000,0.68000,2.30000,1.89000,1.24000,86.83000,98.90000
0.05000,0.01000,-0.15000,1.02000,2.03000,1.96000,1.16000,90.37000,87.68000
0.05000,0.01000,-0.16000,1.14000,1.91000,2.01000,1.12000,90.37000,87.68000
0.06000,0.01000,-0.17000,1.37000,1.56000,2.03000,1.09000,92.25000,85.71000
0.06000,0.00000,-0.16000,1.62000,1.37000,2.04000,1.08000,92.25000,85.71000
0.06000,0.00000,-0.16000,1.47000,1.25000,2.03000,1.09000,90.45000,88.89000
0.07000,0.00000,-0.15000,1.68000,1.27000,2.03000,1.10000,90.45000,88.89000
0.07000,0.00000,-0.15000,1.62000,1.39000,2.02000,1.11000,91.72000,89.08000
0.07000,0.00000,-0.14000,1.64000,1.29000,2.01000,1.12000,91.72000,89.08000
0.08000,0.00000,-0.14000,1.66000,1.47000,2.00000,1.13000,94.06000,88.13000
0.08000,0.00000,-0.13000,1.64000,1.37000,1.99000,1.14000,94.06000,88.13000
0.08000,0.00000,-0.12000,2.03000,1.25000,1.98000,1.15000,95.94000,86.17000
0.09000,0.00000,-0.10000,2.07000,1.33000,1.95000,1.18000,95.94000,86.17000
0.09000,0.00000,-0.08000,2.28000,1.22000,1.91000,1.21000,90.45000,86.47000
0.09000,0.00000,-0.07000,2.03000,1.02000,1.86000,1.27000,90.45000,86.47000
0.10000,0.00000,-0.06000,1.76000,1.25000,1.80000,1.33000,88.35000,92.16000
0.10000,-0.00000,-0.06000,1.35000,1.41000,1.77000,1.36000,88.35000,92.16000
0.10000,-0.00000,-0.06000,1.25000,1.41000,1.77000,1.36000,96.80000,88.55000
0.11000,-0.00000,-0.07000,1.12000,1.56000,1.78000,1.34000,96.80000,88.55000
0.11000,-0.00000,-0.07000,1.33000,1.41000,1.81000,1.32000,103.32000,85.42000
0.11000,-0.00000,-0.06000,1.70000,1.16000,1.81000,1.31000,103.32000,85.42000
0.12000,-0.00000,-0.04000,2.08000,1.22000,1.78000,1.34000,98.33000,90.31000
0.12000,-0.00000,-0.02000,2.53000,1.20000,1.76000,1.44000,98.33000,90.31000
0.13000,-0.00000,0.01000,2.86000,1.16000,2.91000,2.89000,103.27000,113.98000
0.13000,-0.00000,0.04000,3.24000,1.70000,3.06000,3.07000,103.27000,113.98000
0.14000,-0.00000,0.06000,3.84000,2.37000,1.43000,1.76000,72.84000,99.71000
0.14000,-0.00000,0.08000,3.42000,2.55000,1.30000,1.82000,72.84000,99.71000
0.15000,-0.00000,0.09000,2.99000,2.66000,1.25000,1.88000,56.47000,89.01000
0.16000,0.00000,0.09000,2.37000,2.26000,1.23000,1.90000,56.47000,89.01000
0.16000,0.00000,0.08000,1.78000,2.20000,1.22000,1.90000,58.91000,89.70000
0.16000,0.00000,0.07000,1.45000,1.93000,1.25000,1.88000,58.91000,89.70000
0.17000,0.00000,0.06000,1.16000,1.89000,1.27000,1.86000,66.43000,91.82000
0.17000,0.00000,0.05000,1.25000,1.76000,1.31000,1.81000,66.43000,91.82000
0.17000,0.00000,0.04000,1.37000,1.76000,1.34000,1.78000,69.54000,92.76000
0.18000,0.00000,0.04000,1.41000,1.78000,1.37000,1.76000,69.54000,92.76000
0.18000,0.00000,0.03000,1.64000,1.93000,1.41000,1.76000,68.72000,92.17000
0.19000,0.00000,0.03000,1.76000,1.89000,1.49000,1.80000,68.72000,92.17000
0.19000,0.00000,0.02000,1.74000,2.08000,1.55000,1.84000,65.47000,91.65000
0.19000,0.00000,0.02000,1.81000,1.93000,1.85000,2.08000,65.47000,91.65000
0.20000,0.00000,0.02000,1.68000,1.93000,2.01000,2.23000,70.42000,96.56000
0.20000,0.00000,0.01000,1.74000,1.93000,2.45000,2.52000,70.42000,96.56000
0.21000,0.00000,0.00000,1.62000,2.10000,2.71000,2.74000,83.10000,106.03000
0.21000,0.00000,0.00000,2.03000,2.14000,3.11000,3.12000,83.10000,106.03000
0.22000,0.00000,0.00000,2.49000,2.47000,3.16000,3.16000,91.24000,114.15000
0.22000,0.00000,0.00000,2.70000,2.76000,3.14000,3.15000,91.24000,114.15000
0.23000,0.00000,-0.00000,2.86000,2.95000,3.17000,3.18000,88.22000,111.16000
0.24000,0.00000,-0.01000,2.57000,3.01000,3.20000,3.21000,88.22000,111.16000
0.24000,0.00000,-0.02000,2.30000,3.05000,3.28000,3.28000,94.62000,111.52000
0.25000,0.00000,-0.04000,2.34000,3.13000,3.07000,3.06000,94.62000,111.52000
0.25000,0.00000,-0.05000,2.45000,3.07000,2.25000,2.03000,86.80000,92.54000
0.26000,0.00000,-0.06000,2.32000,2.78000,1.78000,1.47000,86.80000,92.54000
0.27000,0.00000,-0.06000,2.30000,2.49000,1.76000,1.38000,79.14000,81.44000
0.27000,0.00000,-0.06000,1.91000,2.20000,1.77000,1.36000,79.14000,81.44000
0.27000,0.00000,-0.07000,1.60000,1.70000,1.78000,1.34000,82.38000,81.16000
0.28000,0.00000,-0.07000,1.37000,1.54000,1.79000,1.33000,82.38000,81.16000
0.28000,0.00000,-0.06000,1.49000,1.25000,1.80000,1.32000,89.99000,85.68000
0.28000,0.00000,-0.06000,1.64000,1.22000,1.79000,1.34000,89.99000,85.68000
0.29000,0.00000,-0.05000,1.68000,1.20000,1.76000,1.36000,87.98000,89.71000
0.29000,0.00000,-0.03000,1.91000,1.10000,1.76000,1.42000,87.98000,89.71000
0.29000,-0.00000,-0.02000,1.91000,1.39000,2.21000,1.99000,91.42000,101.84000
0.30000,-0.00000,-0.02000,1.78000,1.49000,2.82000,2.80000,91.42000,101.84000
0.30000,-0.00000,-0.02000,1.54000,1.70000,3.05000,3.04000,107.73000,117.03000
0.31000,-0.00000,-0.03000,1.93000,2.45000,2.93000,2.91000,107.73000,117.03000
0.31000,-0.00000,-0.04000,2.14000,2.74000,2.35000,2.15000,102.65000,98.61000
0.32000,-0.00000,-0.05000,2.26000,2.66000,1.80000,1.51000,102.65000,98.61000
0.32000,-0.00000,-0.05000,2.39000,2.49000,1.75000,1.40000,91.22000,82.44000
0.33000,-0.00000,-0.04000,2.82000,2.32000,1.76000,1.38000,91.22000,82.44000
0.33000,-0.00000,-0.02000,3.09000,1.83000,1.79000,1.48000,80.27000,81.10000
0.34000,-0.00000,0.01000,3.13000,1.58000,2.97000,2.96000,80.27000,81.10000
0.34000,-0.00000,0.04000,2.86000,1.29000,3.10000,3.11000,89.05000,111.66000
0.35000,-0.00000,0.06000,2.86000,1.68000,1.44000,1.77000,89.05000,111.66000
0.35000,-0.00000,0.07000,2.95000,2.26000,1.32000,1.80000,66.23000,99.70000
0.36000,-0.00000,0.07000,2.74000,2.59000,1.28000,1.85000,66.23000,99.70000
0.37000,-0.00000,0.07000,2.20000,2.57000,1.27000,1.86000,58.05000,87.54000
0.37000,0.00000,0.06000,1.76000,2.32000,1.29000,1.84000,58.05000,87.54000
0.37000,0.00000,0.05000,1.56000,2.12000,1.32000,1.80000,64.62000,86.38000
0.38000,0.00000,0.04000,1.37000,1.89000,1.36000,1.77000,64.62000,86.38000
0.38000,0.00000,0.03000,1.20000,1.68000,1.40000,1.75000,69.13000,89.04000
0.38000,0.00000,0.02000,1.37000,1.72000,1.55000,1.84000,69.13000,89.04000
0.39000,0.00000,0.02000,1.56000,1.64000,1.88000,2.11000,76.44000,96.10000
0.39000,0.00000,0.02000,1.72000,1.87000,1.98000,2.20000,76.44000,96.10000
0.40000,0.00000,0.02000,2.05000,1.83000,2.19000,2.39000,78.91000,100.43000
0.40000,0.00000,0.02000,2.22000,2.10000,1.84000,2.08000,78.91000,100.43000
0.41000,0.00000,0.03000,2.28000,2.14000,1.68000,1.95000,66.65000,93.48000
0.41000,0.00000,0.02000,2.26000,2.41000,1.56000,1.84000,66.65000,93.48000
0.42000,0.00000,0.02000,1.85000,2.26000,1.66000,1.92000,62.38000,87.54000
0.42000,0.00000,0.01000,1.54000,1.99000,2.18000,2.38000,62.38000,87.54000
0.42000,0.00000,-0.00000,1.49000,2.05000,2.86000,2.88000,87.63000,105.17000
0.43000,0.00000,-0.01000,1.85000,2.07000,3.20000,3.21000,87.63000,105.17000
0.43000,0.00000,-0.01000,2.43000,2.41000,3.26000,3.26000,96.96000,115.04000
0.44000,0.00000,-0.01000,2.34000,2.68000,3.26000,3.26000,96.96000,115.04000
0.45000,0.00000,-0.03000,2.30000,3.17000,3.28000,3.28000,98.24000,113.35000
0.45000,0.00000,-0.03000,2.61000,3.01000,2.90000,2.88000,98.24000,113.35000
0.46000,0.00000,-0.04000,2.61000,3.05000,2.45000,2.31000,87.42000,97.49000
0.46000,0.00000,-0.05000,2.66000,3.20000,1.93000,1.67000,87.42000,97.49000
0.47000,0.00000,-0.06000,2.30000,2.76000,1.76000,1.41000,75.36000,77.04000
0.48000,0.00000,-0.07000,1.99000,2.45000,1.77000,1.36000,75.36000,77.04000
0.48000,-0.00000,-0.08000,1.49000,1.95000,1.80000,1.33000,80.53000,76.26000
0.48000,-0.00000,-0.08000,1.47000,1.49000,1.82000,1.30000,80.53000,76.26000
0.49000,-0.00000,-0.07000,1.52000,1.29000,1.83000,1.29000,87.60000,83.35000
0.49000,-0.00000,-0.07000,1.47000,1.12000,1.82000,1.31000,87.60000,83.35000
0.49000,-0.00000,-0.05000,1.83000,1.10000,1.80000,1.33000,89.25000,88.27000
0.50000,-0.00000,-0.04000,1.87000,1.12000,1.76000,1.38000,89.25000,88.27000
0.50000,-0.00000,-0.03000,1.81000,1.20000,1.88000,1.60000,86.48000,93.60000
0.50000,-0.00000,-0.02000,1.70000,1.35000,2.51000,2.42000,86.48000,93.60000
0.51000,-0.00000,-0.03000,1.47000,1.64000,2.89000,2.87000,104.27000,112.14000
0.51000,-0.00000,-0.03000,1.62000,1.97000,2.72000,2.68000,104.27000,112.14000
0.51000,-0.00000,-0.05000,1.70000,2.41000,2.28000,2.07000,103.45000,99.84000
0.52000,-0.00000,-0.06000,2.16000,2.72000,1.77000,1.45000,103.45000,99.84000
0.53000,-0.00000,-0.06000,2.41000,2.61000,1.76000,1.37000,91.61000,78.70000
0.53000,-0.00000,-0.05000,2.72000,2.20000,1.78000,1.35000,91.61000,78.70000
0.54000,-0.00000,-0.03000,3.03000,1.76000,1.75000,1.39000,80.70000,78.69000
0.54000,-0.00000,0.00000,2.97000,1.47000,2.49000,2.38000,80.70000,78.69000
0.55000,-0.00000,0.03000,2.95000,1.29000,3.27000,3.27000,93.93000,113.00000
0.55000,-0.00000,0.05000,2.91000,1.58000,1.69000,1.95000,93.93000,113.00000
0.56000,-0.00000,0.07000,3.20000,2.47000,1.34000,1.78000,67.72000,99.90000
0.56000,-0.00000,0.07000,2.88000,2.59000,1.29000,1.83000,67.72000,99.90000
0.57000,-0.00000,0.07000,2.57000,2.72000,1.27000,1.85000,57.63000,86.91000
0.57000,-0.00000,0.06000,2.03000,2.51000,1.28000,1.85000,57.63000,86.91000
0.58000,-0.00000,0.05000,1.60000,2.28000,1.30000,1.82000,61.16000,83.23000
0.58000,-0.00000,0.04000,1.25000,1.87000,1.34000,1.78000,61.16000,83.23000
0.59000,-0.00000,0.03000,1.12000,1.79000,1.39000,1.75000,69.98000,87.73000
0.59000,-0.00000,0.02000,1.35000,1.70000,1.63000,1.90000,69.98000,87.73000
0.59000,-0.00000,0.02000,1.51000,1.64000,2.03000,2.25000,78.84000,96.93000
0.60000,-0.00000,0.02000,1.74000,1.78000,2.21000,2.40000,78.84000,96.93000
0.60000,-0.00000,0.02000,2.16000,1.97000,2.26000,2.43000,80.52000,101.72000
0.61000,-0.00000,0.02000,2.30000,2.18000,1.93000,2.16000,80.52000,101.72000
0.61000,-0.00000,0.02000,2.35000,2.28000,1.75000,2.00000,67.57000,93.27000
0.62000,-0.00000,0.02000,2.24000,2.30000,1.67000,1.93000,67.57000,93.27000
0.62000,-0.00000,0.01000,1.91000,2.45000,1.70000,1.96000,64.45000,89.71000
0.63000,-0.00000,0.00000,1.78000,2.32000,2.51000,2.56000,64.45000,89.71000
0.63000,-0.00000,-0.01000,1.54000,2.14000,3.05000,3.06000,88.29000,103.86000
0.63000,-0.00000,-0.01000,1.83000,2.18000,3.27000,3.27000,88.29000,103.86000
0.64000,-0.00000,-0.02000,2.03000,2.43000,3.27000,3.26000,98.50000,113.50000
0.64000,-0.00000,-0.03000,2.22000,2.68000,3.15000,3.14000,98.50000,113.50000
0.65000,-0.00000,-0.04000,2.41000,2.93000,2.81000,2.79000,94.41000,105.39000
0.66000,-0.00000,-0.05000,2.51000,3.01000,2.16000,1.94000,94.41000,105.39000
0.66000,-0.00000,-0.05000,2.59000,2.91000,1.79000,1.48000,78.27000,81.52000
0.67000,-0.00000,-0.06000,2.28000,2.51000,1.75000,1.40000,78.27000,81.52000
0.67000,-0.00000,-0.06000,1.89000,2.14000,1.76000,1.37000,76.92000,78.14000
0.68000,-0.00000,-0.07000,1.54000,1.85000,1.78000,1.35000,76.92000,78.14000
0.68000,-0.00000,-0.07000,1.33000,1.56000,1.80000,1.33000,85.55000,80.59000
0.68000,-0.00000,-0.07000,1.16000,1.29000,1.81000,1.31000,85.55000,80.59000
0.69000,-0.00000,-0.07000,1.45000,1.08000,1.82000,1.30000,93.10000,85.47000
0.69000,-0.00000,-0.06000,1.70000,1.20000,1.80000,1.32000,93.10000,85.47000
0.69000,-0.00000,-0.05000,1.78000,1.22000,1.77000,1.35000,88.25000,87.58000
0.70000,-0.00000,-0.03000,2.05000,1.14000,1.75000,1.40000,88.25000,87.58000
0.70000,-0.00000,-0.02000,2.01000,1.41000,2.18000,1.96000,89.54000,98.50000
0.70000,-0.00000,-0.02000,1.87000,1.58000,2.87000,2.85000,89.54000,98.50000
0.71000,-0.00000,-0.02000,1.62000,1.76000,3.08000,3.07000,106.55000,113.51000
0.71000,-0.00000,-0.03000,1.74000,2.26000,2.98000,2.96000,106.55000,113.51000
0.72000,-0.00000,-0.04000,1.87000,2.63000,2.42000,2.23000,105.75000,99.66000
0.72000,-0.00000,-0.05000,2.20000,2.72000,1.77000,1.46000,105.75000,99.66000
0.73000,-0.00000,-0.05000,2.45000,2.61000,1.76000,1.37000,93.12000,79.68000
0.73000,-0.00000,-0.05000,2.66000,2.24000,1.77000,1.35000,93.12000,79.68000
0.74000,-0.00000,-0.03000,2.95000,1.78000,1.76000,1.38000,83.56000,78.92000
0.74000,-0.00000,0.00000,3.07000,1.47000,2.26000,2.04000,83.56000,78.92000
0.75000,-0.00000,0.03000,2.97000,1.25000,3.28000,3.28000,94.81000,113.79000
0.75000,-0.00000,0.06000,2.97000,1.45000,1.73000,1.98000,94.81000,113.79000
0.76000,-0.00000,0.08000,3.15000,2.26000,1.33000,1.79000,68.37000,102.64000
0.77000,-0.00000,0.08000,2.78000,2.55000,1.27000,1.85000,68.37000,102.64000
0.77000,-0.00000,0.07000,2.28000,2.70000,1.25000,1.87000,60.19000,89.37000
0.78000,-0.00000,0.06000,1.91000,2.57000,1.27000,1.86000,60.19000,89.37000
0.78000,-0.00000,0.05000,1.45000,2.18000,1.30000,1.82000,64.82000,84.19000
0.78000,-0.00000,0.04000,1.43000,2.08000,1.34000,1.78000,64.82000,84.19000
0.79000,-0.00000,0.03000,1.29000,1.95000,1.39000,1.75000,69.72000,86.15000
0.79000,-0.00000,0.02000,1.41000,1.74000,1.61000,1.88000,69.72000,86.15000
0.79000,-0.00000,0.02000,1.51000,1.66000,1.93000,2.16000,77.91000,95.33000
0.80000,-0.00000,0.01000,1.66000,1.87000,2.11000,2.32000,77.91000,95.33000
0.80000,-0.00000,0.02000,1.99000,1.87000,2.46000,2.52000,85.16000,101.41000
0.81000,-0.00000,0.02000,2.26000,2.12000,2.15000,2.36000,85.16000,101.41000
0.81000,-0.00000,0.02000,2.53000,2.26000,1.88000,2.12000,72.27000,95.48000
0.82000,-0.00000,0.02000,2.43000,2.35000,1.57000,1.85000,72.27000,95.48000
0.82000,-0.00000,0.02000,2.12000,2.41000,1.49000,1.80000,61.70000,87.26000
0.83000,-0.00000,0.01000,1.91000,2.28000,1.63000,1.90000,61.70000,87.26000
0.83000,-0.00000,-0.00000,1.37000,2.10000,2.02000,2.23000,71.69000,91.47000
0.84000,-0.00000,-0.01000,1.41000,1.99000,2.98000,2.99000,71.69000,91.47000
0.84000,-0.00000,-0.02000,1.25000,1.91000,3.24000,3.25000,98.24000,110.75000
0.84000,-0.00000,-0.04000,1.62000,2.34000,3.23000,3.22000,98.24000,110.75000
0.85000,-0.00000,-0.05000,1.99000,2.57000,2.76000,2.73000,98.90000,105.30000
0.85000,-0.00000,-0.06000,2.07000,2.66000,2.02000,1.77000,98.90000,105.30000
0.86000,-0.00000,-0.07000,2.35000,2.80000,1.76000,1.42000,83.82000,83.20000
0.87000,-0.00000,-0.07000,2.43000,2.57000,1.77000,1.36000,83.82000,83.20000
0.87000,-0.00000,-0.07000,2.20000,2.18000,1.79000,1.34000,77.06000,75.83000
0.88000,-0.00000,-0.06000,2.03000,1.74000,1.79000,1.33000,77.06000,75.83000
0.88000,-0.00000,-0.06000,1.62000,1.62000,1.78000,1.34000,79.06000,80.95000
0.88000,-0.00000,-0.06000,1.54000,1.25000,1.79000,1.34000,79.06000,80.95000
0.89000,-0.00000,-0.06000,1.37000,1.35000,1.77000,1.35000,84.91000,86.14000
0.89000,-0.00000,-0.05000,1.45000,1.33000,1.78000,1.35000,84.91000,86.14000
0.89000,-0.00000,-0.05000,1.49000,1.41000,1.78000,1.35000,87.61000,85.51000
0.89000,-0.00000,-0.06000,1.39000,1.66000,1.78000,1.35000,87.61000,85.51000
0.90000,-0.00000,-0.06000,1.68000,1.66000,1.80000,1.32000,90.83000,80.28000
0.90000,-0.00000,-0.05000,1.72000,1.04000,1.81000,1.32000,90.83000,80.28000
0.90000,-0.01000,-0.02000,1.76000,0.62000,1.77000,1.36000,87.86000,88.08000
0.91000,-0.01000,-0.01000,1.56000,0.66000,1.90000,1.63000,87.86000,88.08000
0.91000,-0.01000,-0.00000,1.27000,0.81000,2.85000,2.83000,106.82000,117.65000
0.91000,-0.01000,0.00000,1.60000,1.58000,3.15000,3.14000,106.82000,117.65000
0.92000,-0.01000,-0.01000,1.76000,2.24000,3.15000,3.14000,118.41000,121.59000
0.92000,-0.01000,-0.02000,2.24000,2.76000,2.76000,2.74000,118.41000,121.59000
0.93000,-0.01000,-0.03000,2.86000,3.30000,2.04000,1.80000,101.50000,93.11000
0.94000,-0.01000,-0.02000,3.20000,3.07000,1.76000,1.43000,101.50000,93.11000
0.94000,-0.01000,-0.01000,3.61000,2.80000,1.75000,1.40000,81.66000,76.78000
0.95000,-0.01000,0.02000,3.51000,2.10000,1.86000,1.58000,81.66000,76.78000
0.96000,-0.01000,0.05000,3.07000,1.41000,3.05000,3.03000,87.73000,105.85000
0.96000,-0.01000,0.07000,3.13000,1.83000,3.02000,3.03000,87.73000,105.85000
0.97000,-0.00000,0.09000,3.20000,2.16000,1.45000,1.77000,66.64000,96.57000
0.97000,-0.00000,0.10000,2.78000,2.35000,1.31000,1.81000,66.64000,96.57000
0.98000,-0.00000,0.10000,2.45000,2.51000,1.24000,1.89000,58.69000,90.18000
0.98000,-0.00000,0.09000,1.91000,2.41000,-2.20000,-0.91000,58.69000,90.18000
0.99000,-0.00000,0.07000,1.51000,2.24000,-2.21000,-0.91000,10.78000,44.62000
0.99000,-0.00000,0.06000,0.27000,1.29000,-2.21000,-0.91000,10.78000,44.62000
0.99000,-0.00000,0.05000,0.00000,0.27000,-2.21000,-0.91000,10.60000,41.51000
0.99000,-0.00000,0.05000,0.00000,0.00000,-2.21000,-0.91000,10.60000,41.51000
0.99000,-0.00000,0.05000,0.00000,0.00000,-2.21000,-0.91000,-0.25000,47.64000
0.99000,-0.00000,0.05000,0.00000,0.00000,-2.21000,-0.91000,-0.25000,47.64000
0.99000,-0.00000,0.05000,0.00000,0.00000,-2.21000,-0.91000,-13.53000,42.19000
0.99000,-0.00000,0.05000,0.00000,0.00000,-2.21000,-0.91000,-13.53000,42.19000
0.99000,-0.00000,0.05000,0.00000,0.00000,-2.21000,-0.91000,-26.80000,36.74000
0.99000,-0.00000,0.05000,0.00000,0.00000,-2.21000,-0.91000,-26.80000,36.74000
0.99000,-0.00000,0.05000,0.00000,0.00000,-2.21000,-0.91000,-40.08000,31.29000
0.99000,-0.00000,0.05000,0.00000,0.00000,-2.21000,-0.91000,-40.08000,31.29000
0.99000,-0.00000,0.05000,-0.04000,0.00000,-2.21000,-0.91000,-53.36000,25.84000
0.99000,-0.00000,0.05000,0.00000,0.00000,-2.21000,-0.91000,-53.36000,25.84000
0.99000,-0.00000,0.05000,0.00000,0.00000,-2.21000,-0.91000,-66.63000,20.39000
0.99000,-0.00000,0.05000,-0.02000,0.00000,-2.21000,-0.91000,-66.63000,20.39000
0.99000,-0.00000,0.05000,-0.02000,0.00000,-2.21000,-0.91000,-79.60000,14.94000
0.99000,-0.00000,0.04000,-0.44000,0.00000,-2.21000,-0.91000,-79.60000,14.94000
0.99000,-0.00000,0.02000,-1.25000,0.00000,-2.21000,-0.91000,-86.52000,9.49000
0.98000,-0.00000,-0.02000,-1.89000,0.00000,-2.21000,-0.91000,-86.52000,9.49000
0.98000,-0.00000,-0.06000,-2.20000,0.00000,-2.21000,-0.91000,-75.41000,4.03000
0.98000,-0.00000,-0.10000,-2.49000,0.00000,-2.21000,-0.91000,-75.41000,4.03000
0.98000,-0.00000,-0.14000,-2.45000,0.00000,-2.21000,-0.91000,-68.32000,-1.48000
0.97000,-0.00000,-0.19000,-2.30000,0.00000,-2.21000,-0.92000,-68.32000,-1.48000
0.97000,-0.00000,-0.22000,-2.03000,0.00000,-2.20000,-0.92000,-69.31000,-7.10000
0.97000,-0.00000,-0.26000,-1.81000,0.00000,-2.19000,-0.93000,-69.31000,-7.10000
0.97000,-0.00000,-0.29000,-1.74000,0.00000,-2.19000,-0.94000,-75.93000,-12.88000
0.97000,-0.00000,-0.32000,-1.74000,0.00000,-2.18000,-0.95000,-75.93000,-12.88000
0.96000,0.00000,-0.35000,-1.95000,0.00000,-2.17000,-0.96000,-78.83000,-18.83000
0.96000,0.00000,-0.39000,-1.70000,0.00000,-2.15000,-0.97000,-78.83000,-18.83000
0.96000,0.00000,-0.41000,-1.58000,0.00000,-2.14000,-0.99000,-81.62000,-24.97000
0.96000,0.00000,-0.44000,-1.66000,0.00000,-2.13000,-0.99000,-81.62000,-24.97000
0.96000,0.00000,-0.48000,-1.85000,0.00000,-2.12000,-1.01000,-84.56000,-31.22000
0.96000,0.00000,-0.51000,-2.01000,0.00000,-2.11000,-1.02000,-84.56000,-31.22000
0.95000,0.01000,-0.55000,-2.22000,0.00000,-2.60000,-2.51000,-89.26000,-59.79000
0.95000,0.01000,-0.59000,-2.22000,-0.02000,-2.91000,-2.95000,-89.26000,-59.79000
0.95000,0.01000,-0.63000,-2.18000,0.00000,-1.02000,-2.11000,-65.93000,-68.49000
0.95000,0.01000,-0.66000,-1.54000,-0.02000,-1.00000,-2.12000,-65.93000,-68.49000
0.95000,0.01000,-0.68000,-1.00000,0.00000,-0.99000,-2.13000,-68.56000,-81.43000
0.95000,0.01000,-0.69000,-0.44000,0.00000,-0.98000,-2.14000,-68.56000,-81.43000
0.95000,0.01000,-0.69000,0.00000,0.00000,-0.98000,-2.15000,-81.58000,-94.61000
0.95000,0.01000,-0.69000,-0.25000,-0.02000,-0.98000,-2.15000,-81.58000,-94.61000
0.95000,0.01000,-0.70000,-0.50000,0.00000,-0.97000,-2.15000,-87.60000,-107.21000
0.95000,0.01000,-0.71000,-0.83000,0.00000,-0.97000,-2.15000,-87.60000,-107.21000
0.94000,0.01000,-0.74000,-1.33000,0.00000,-0.96000,-2.16000,-83.07000,-120.49000
0.94000,0.01000,-0.77000,-1.66000,-0.08000,-0.95000,-2.17000,-83.07000,-120.49000
0.94000,0.02000,-0.78000,-1.72000,-1.00000,-0.94000,-2.19000,-71.03000,-132.59000
0.94000,0.02000,-0.77000,-1.60000,-2.28000,-0.93000,-2.20000,-71.03000,-132.59000
0.93000,0.02000,-0.74000,-1.22000,-2.97000,-0.93000,-2.20000,-67.48000,-112.40000
0.93000,0.03000,-0.70000,-1.06000,-3.17000,-0.93000,-2.20000,-67.48000,-112.40000
0.93000,0.03000,-0.66000,-0.89000,-3.19000,-0.93000,-2.19000,-71.59000,-98.46000
0.92000,0.03000,-0.62000,-0.73000,-2.88000,-0.93000,-2.19000,-71.59000,-98.46000
0.92000,0.03000,-0.58000,-0.17000,-2.28000,-0.94000,-2.19000,-75.91000,-96.82000
0.92000,0.03000,-0.55000,-0.04000,-1.85000,-0.94000,-2.18000,-75.91000,-96.82000
0.92000,0.03000,-0.52000,-0.04000,-1.58000,-0.95000,-2.17000,-87.64000,-108.00000
0.92000,0.04000,-0.49000,-0.04000,-1.56000,-0.96000,-2.17000,-87.64000,-108.00000
0.91000,0.04000,-0.46000,-0.02000,-1.56000,-0.96000,-2.16000,-93.29000,-114.14000
0.91000,0.04000,-0.43000,-0.02000,-1.87000,-1.09000,-2.11000,-93.29000,-114.14000
0.91000,0.04000,-0.39000,-0.08000,-2.28000,-3.19000,-3.22000,-132.51000,-128.93000
0.91000,0.04000,-0.37000,-1.33000,-2.53000,-2.21000,-1.53000,-132.51000,-128.93000
0.90000,0.04000,-0.36000,-2.66000,-2.90000,-2.11000,-1.02000,-115.67000,-94.13000
0.89000,0.04000,-0.37000,-3.24000,-2.78000,-2.11000,-1.02000,-115.67000,-94.13000
0.89000,0.05000,-0.38000,-3.22000,-2.51000,-2.11000,-1.02000,-91.71000,-81.31000
0.88000,0.05000,-0.40000,-2.72000,-2.05000,-2.11000,-1.04000,-91.71000,-81.31000
0.88000,0.05000,-0.40000,-2.16000,-1.70000,-2.14000,-1.21000,-93.15000,-84.46000
0.88000,0.05000,-0.41000,-1.95000,-1.66000,-2.26000,-1.70000,-93.15000,-84.46000
0.87000,0.05000,-0.42000,-2.18000,-1.64000,-2.44000,-2.17000,-105.69000,-99.76000
0.87000,0.06000,-0.44000,-2.72000,-1.74000,-2.94000,-2.89000,-105.69000,-99.76000
0.86000,0.06000,-0.46000,-3.03000,-1.97000,-3.30000,-3.27000,-109.98000,-118.07000
0.86000,0.06000,-0.47000,-3.36000,-2.61000,-2.79000,-2.84000,-109.98000,-118.07000
0.85000,0.06000,-0.48000,-3.57000,-2.99000,-1.36000,-2.17000,-74.72000,-97.65000
0.84000,0.07000,-0.48000,-3.17000,-2.99000,-1.03000,-2.11000,-74.72000,-97.65000
0.84000,0.07000,-0.48000,-2.51000,-2.82000,-1.02000,-2.11000,-60.44000,-88.43000
0.83000,0.07000,-0.47000,-1.83000,-2.39000,-1.02000,-2.11000,-60.44000,-88.43000
0.83000,0.07000,-0.45000,-1.22000,-1.99000,-1.03000,-2.11000,-67.86000,-92.15000
0.83000,0.08000,-0.44000,-1.00000,-1.83000,-1.16000,-2.13000,-67.86000,-92.15000
0.83000,0.08000,-0.43000,-1.14000,-1.66000,-2.23000,-2.46000,-93.54000,-104.19000
0.82000,0.08000,-0.43000,-1.70000,-1.91000,-2.87000,-2.92000,-93.54000,-104.19000
0.82000,0.08000,-0.43000,-2.12000,-2.07000,-2.98000,-3.02000,-101.57000,-115.12000
0.81000,0.08000,-0.43000,-2.49000,-2.57000,-2.86000,-2.91000,-101.57000,-115.12000
0.81000,0.09000,-0.43000,-2.86000,-2.80000,-2.80000,-2.85000,-94.70000,-109.36000
0.80000,0.09000,-0.43000,-2.99000,-2.95000,-2.42000,-2.54000,-94.70000,-109.36000
0.79000,0.09000,-0.43000,-2.99000,-3.11000,-1.59000,-2.23000,-70.98000,-96.10000
0.79000,0.09000,-0.42000,-2.43000,-2.84000,-2.11000,-1.02000,-70.98000,-96.10000
0.78000,0.10000,-0.40000,-1.85000,-2.59000,-2.11000,-1.01000,-78.77000,-75.09000
0.78000,0.10000,-0.39000,-1.45000,-2.01000,-2.12000,-1.01000,-78.77000,-75.09000
0.78000,0.10000,-0.39000,-1.08000,-1.43000,-2.12000,-1.00000,-91.68000,-76.43000
0.78000,0.10000,-0.39000,-1.12000,-0.98000,-2.12000,-1.00000,-91.68000,-76.43000
0.77000,0.10000,-0.40000,-1.02000,-0.68000,-2.12000,-1.00000,-100.71000,-85.88000
0.77000,0.10000,-0.40000,-0.73000,-0.77000,-2.12000,-1.00000,-100.71000,-85.88000
0.77000,0.10000,-0.39000,-0.66000,-0.95000,-2.12000,-1.00000,-112.64000,-89.16000
0.77000,0.10000,-0.40000,-1.25000,-0.87000,-2.13000,-1.00000,-112.64000,-89.16000
0.77000,0.10000,-0.41000,-1.49000,-0.95000,-2.12000,-1.00000,-113.25000,-88.99000
0.76000,0.10000,-0.41000,-1.41000,-1.02000,-2.12000,-1.00000,-113.25000,-88.99000
0.76000,0.11000,-0.43000,-1.74000,-1.10000,-2.12000,-1.01000,-115.98000,-87.68000
0.76000,0.11000,-0.44000,-1.83000,-0.89000,-2.12000,-1.01000,-115.98000,-87.68000
0.75000,0.11000,-0.47000,-2.05000,-0.77000,-2.11000,-1.01000,-113.85000,-89.58000
0.75000,0.11000,-0.49000,-2.43000,-1.02000,-2.11000,-1.03000,-113.85000,-89.58000
0.75000,0.11000,-0.52000,-2.90000,-1.20000,-2.55000,-2.44000,-113.19000,-109.78000
0.74000,0.11000,-0.56000,-3.07000,-0.95000,-3.22000,-3.25000,-113.19000,-109.78000
0.74000,0.12000,-0.59000,-3.01000,-1.14000,-1.05000,-2.11000,-81.69000,-114.30000
0.74000,0.12000,-0.61000,-2.34000,-1.49000,-1.01000,-2.12000,-81.69000,-114.30000
0.73000,0.12000,-0.61000,-1.60000,-1.66000,-1.00000,-2.12000,-79.77000,-113.37000
0.73000,0.12000,-0.59000,-0.98000,-1.76000,-1.00000,-2.12000,-79.77000,-113.37000
0.73000,0.12000,-0.58000,-0.95000,-1.95000,-1.00000,-2.12000,-92.30000,-113.07000
0.72000,0.13000,-0.56000,-1.29000,-1.93000,-1.01000,-2.12000,-92.30000,-113.07000
0.72000,0.13000,-0.55000,-1.29000,-1.97000,-1.01000,-2.11000,-87.91000,-112.59000
0.72000,0.13000,-0.54000,-1.12000,-1.95000,-1.01000,-2.11000,-87.91000,-112.59000
0.72000,0.13000,-0.53000,-1.29000,-1.89000,-1.02000,-2.11000,-88.88000,-113.27000
0.71000,0.13000,-0.51000,-1.29000,-1.91000,-1.03000,-2.11000,-88.88000,-113.27000
0.71000,0.14000,-0.49000,-1.00000,-2.12000,-1.12000,-2.12000,-87.30000,-115.03000
0.71000,0.14000,-0.47000,-1.00000,-2.39000,-2.57000,-2.65000,-87.30000,-115.03000
0.70000,0.14000,-0.45000,-1.25000,-2.47000,-3.29000,-3.27000,-123.23000,-126.35000
0.70000,0.14000,-0.43000,-1.80000,-2.66000,-2.55000,-2.43000,-123.23000,-126.35000
0.69000,0.14000,-0.43000,-2.78000,-2.95000,-2.11000,-1.07000,-107.15000,-94.64000
0.69000,0.15000,-0.44000,-3.42000,-2.78000,-2.11000,-1.02000,-107.15000,-94.64000
0.68000,0.15000,-0.46000,-3.65000,-2.43000,-2.12000,-1.00000,-84.89000,-82.27000
0.67000,0.15000,-0.48000,-3.32000,-2.22000,-2.12000,-1.01000,-84.89000,-82.27000
0.67000,0.16000,-0.50000,-2.78000,-1.89000,-2.11000,-1.02000,-78.41000,-80.18000
0.67000,0.16000,-0.51000,-2.45000,-1.68000,-2.11000,-1.03000,-78.41000,-80.18000
0.66000,0.16000,-0.53000,-2.08000,-1.31000,-2.13000,-1.17000,-84.53000,-83.42000
0.66000,0.16000,-0.53000,-1.91000,-1.49000,-2.48000,-2.28000,-84.53000,-83.42000
0.66000,0.16000,-0.55000,-1.95000,-1.27000,-2.88000,-2.83000,-102.03000,-108.02000
0.65000,0.17000,-0.56000,-2.16000,-1.49000,-3.25000,-3.22000,-102.03000,-108.02000
0.65000,0.17000,-0.57000,-2.59000,-2.01000,-3.23000,-3.26000,-109.34000,-122.44000
0.64000,0.17000,-0.58000,-2.84000,-2.47000,-2.93000,-2.97000,-109.34000,-122.44000
0.64000,0.18000,-0.58000,-3.24000,-3.01000,-2.38000,-2.53000,-92.74000,-107.45000
0.63000,0.18000,-0.58000,-3.28000,-3.05000,-1.70000,-2.26000,-92.74000,-107.45000
0.63000,0.18000,-0.58000,-3.09000,-3.05000,-1.22000,-2.14000,-66.05000,-93.26000
0.62000,0.19000,-0.58000,-2.39000,-2.68000,-1.10000,-2.12000,-66.05000,-93.26000
0.62000,0.19000,-0.57000,-1.70000,-2.22000,-1.16000,-2.13000,-66.16000,-93.19000
0.61000,0.19000,-0.56000,-1.16000,-1.91000,-1.59000,-2.23000,-66.16000,-93.19000
0.61000,0.19000,-0.54000,-0.50000,-1.45000,-2.78000,-2.84000,-101.43000,-112.06000
0.61000,0.19000,-0.52000,-0.62000,-1.43000,-3.26000,-3.29000,-101.43000,-112.06000
0.61000,0.19000,-0.52000,-1.37000,-1.72000,-3.12000,-3.08000,-124.33000,-128.50000
0.60000,0.20000,-0.51000,-1.99000,-2.20000,-2.82000,-2.76000,-124.33000,-128.50000
0.60000,0.20000,-0.51000,-2.43000,-2.70000,-2.49000,-2.30000,-109.36000,-115.16000
0.59000,0.20000,-0.50000,-2.39000,-2.84000,-2.20000,-1.46000,-109.36000,-115.16000
0.59000,0.21000,-0.49000,-2.07000,-2.70000,-2.11000,-1.04000,-100.68000,-87.28000
0.58000,0.21000,-0.48000,-1.76000,-2.30000,-2.11000,-1.02000,-100.68000,-87.28000
0.58000,0.21000,-0.48000,-1.60000,-1.72000,-2.12000,-1.01000,-108.47000,-84.05000
0.58000,0.21000,-0.49000,-1.74000,-1.10000,-2.12000,-1.01000,-108.47000,-84.05000
0.58000,0.21000,-0.52000,-2.20000,-0.60000,-2.12000,-1.00000,-111.02000,-94.21000
0.57000,0.21000,-0.56000,-2.70000,-0.68000,-2.11000,-1.01000,-111.02000,-94.21000
0.57000,0.22000,-0.60000,-3.17000,-0.73000,-2.11000,-1.09000,-98.82000,-101.11000
0.56000,0.22000,-0.64000,-3.01000,-0.56000,-3.26000,-3.29000,-98.82000,-101.11000
0.56000,0.22000,-0.69000,-2.53000,-0.17000,-1.04000,-2.11000,-74.52000,-120.69000
0.56000,0.22000,-0.72000,-1.68000,0.00000,-1.01000,-2.12000,-74.52000,-120.69000
0.56000,0.22000,-0.73000,-0.98000,0.00000,-0.99000,-2.13000,-81.91000,-138.74000
0.56000,0.22000,-0.74000,-0.54000,-0.02000,-0.99000,-2.14000,-81.91000,-138.74000
0.56000,0.22000,-0.74000,-0.12000,-0.58000,-0.98000,-2.14000,-94.73000,-151.42000
0.56000,0.22000,-0.72000,-0.48000,-1.56000,-0.98000,-2.14000,-94.73000,-151.42000
0.55000,0.23000,-0.69000,-0.66000,-2.16000,-0.99000,-2.13000,-98.47000,-140.96000
0.55000,0.23000,-0.66000,-0.68000,-2.24000,-1.00000,-2.12000,-98.47000,-140.96000
0.55000,0.23000,-0.64000,-1.00000,-2.39000,-1.01000,-2.11000,-98.74000,-133.85000
0.55000,0.23000,-0.62000,-1.58000,-2.53000,-1.02000,-2.11000,-98.74000,-133.85000
0.54000,0.24000,-0.60000,-1.64000,-2.53000,-1.16000,-2.13000,-89.57000,-128.94000
0.54000,0.24000,-0.59000,-1.62000,-2.47000,-2.45000,-2.56000,-89.57000,-128.94000
0.53000,0.24000,-0.57000,-1.68000,-2.49000,-3.17000,-3.20000,-116.57000,-143.52000
0.53000,0.24000,-0.56000,-1.91000,-2.78000,-3.26000,-3.23000,-116.57000,-143.52000
0.52000,0.25000,-0.55000,-2.76000,-3.26000,-2.70000,-2.62000,-114.43000,-134.54000
0.52000,0.25000,-0.55000,-3.42000,-3.46000,-2.21000,-1.50000,-114.43000,-134.54000
0.51000,0.26000,-0.55000,-3.88000,-3.67000,-2.15000,-1.26000,-88.21000,-102.99000
0.50000,0.26000,-0.56000,-3.67000,-3.24000,-2.15000,-1.26000,-88.21000,-102.99000
0.50000,0.26000,-0.57000,-3.15000,-2.45000,-2.22000,-1.54000,-77.85000,-97.34000
0.49000,0.27000,-0.59000,-2.70000,-1.85000,-2.67000,-2.59000,-77.85000,-97.34000
0.49000,0.27000,-0.60000,-2.18000,-1.68000,-3.21000,-3.18000,-98.69000,-132.67000
0.49000,0.27000,-0.60000,-2.22000,-2.16000,-3.27000,-3.30000,-98.69000,-132.67000
0.48000,0.27000,-0.59000,-2.32000,-2.57000,-3.27000,-3.29000,-109.76000,-137.66000
0.48000,0.28000,-0.59000,-2.57000,-2.76000,-3.28000,-3.26000,-109.76000,-137.66000
0.47000,0.28000,-0.59000,-2.90000,-3.03000,-3.24000,-3.21000,-110.29000,-134.18000
0.47000,0.29000,-0.59000,-3.15000,-3.24000,-3.16000,-3.13000,-110.29000,-134.18000
0.46000,0.29000,-0.59000,-3.49000,-3.20000,-3.02000,-2.98000,-102.29000,-126.25000
0.45000,0.29000,-0.60000,-3.49000,-3.15000,-2.11000,-1.02000,-102.29000,-126.25000
0.45000,0.30000,-0.60000,-3.32000,-3.05000,-2.11000,-1.03000,-82.79000,-96.71000
0.44000,0.30000,-0.61000,-2.74000,-2.43000,-2.11000,-1.04000,-82.79000,-96.71000
0.44000,0.30000,-0.61000,-1.95000,-1.54000,-2.11000,-1.07000,-85.79000,-95.44000
0.44000,0.30000,-0.62000,-1.00000,-0.77000,-2.14000,-1.23000,-85.79000,-95.44000
0.44000,0.31000,-0.62000,-0.21000,-0.31000,-2.19000,-1.45000,-109.39000,-117.90000
0.44000,0.31000,-0.62000,-0.12000,-0.21000,-2.16000,-1.31000,-109.39000,-117.90000
0.44000,0.31000,-0.62000,-0.62000,-0.42000,-2.14000,-1.23000,-128.86000,-127.09000
0.43000,0.31000,-0.63000,-1.56000,-1.04000,-2.19000,-1.43000,-128.86000,-127.09000
0.43000,0.31000,-0.64000,-2.05000,-1.49000,-2.52000,-2.36000,-125.15000,-137.75000
0.43000,0.31000,-0.65000,-2.28000,-1.66000,-3.03000,-2.99000,-125.15000,-137.75000
0.42000,0.32000,-0.66000,-2.32000,-1.95000,-3.27000,-3.25000,-131.35000,-149.64000
0.42000,0.32000,-0.66000,-2.65000,-2.45000,-3.26000,-3.29000,-131.35000,-149.64000
0.41000,0.32000,-0.67000,-3.24000,-2.84000,-3.22000,-3.24000,-130.87000,-147.32000
0.41000,0.33000,-0.68000,-3.80000,-3.30000,-3.02000,-3.06000,-130.87000,-147.32000
0.40000,0.33000,-0.68000,-3.84000,-3.53000,-2.36000,-2.52000,-104.21000,-128.41000
0.39000,0.34000,-0.68000,-3.44000,-3.36000,-1.48000,-2.20000,-104.21000,-128.41000
0.39000,0.34000,-0.69000,-2.99000,-2.70000,-1.20000,-2.13000,-83.49000,-117.03000
0.39000,0.35000,-0.68000,-2.16000,-2.39000,-1.04000,-2.11000,-83.49000,-117.03000
0.38000,0.35000,-0.67000,-1.49000,-2.16000,-1.05000,-2.11000,-87.01000,-123.90000
0.38000,0.35000,-0.66000,-1.06000,-1.93000,-1.24000,-2.14000,-87.01000,-123.90000
0.38000,0.35000,-0.63000,-0.73000,-1.99000,-2.54000,-2.63000,-119.32000,-136.95000
0.37000,0.35000,-0.62000,-1.12000,-2.12000,-3.27000,-3.29000,-119.32000,-136.95000
0.37000,0.36000,-0.61000,-2.16000,-2.30000,-2.92000,-2.87000,-132.99000,-141.98000
0.37000,0.36000,-0.61000,-2.80000,-2.74000,-2.66000,-2.58000,-132.99000,-141.98000
0.36000,0.36000,-0.62000,-3.53000,-3.01000,-2.52000,-2.36000,-112.52000,-129.49000
0.35000,0.37000,-0.64000,-3.98000,-3.32000,-2.77000,-2.70000,-112.52000,-129.49000
0.35000,0.37000,-0.65000,-4.17000,-3.42000,-3.02000,-2.98000,-100.55000,-127.72000
0.34000,0.38000,-0.66000,-4.07000,-3.63000,-2.11000,-1.03000,-100.55000,-127.72000
0.33000,0.39000,-0.66000,-3.82000,-3.61000,-2.11000,-1.07000,-79.89000,-92.34000
0.33000,0.39000,-0.66000,-3.30000,-3.17000,-2.11000,-1.08000,-79.89000,-92.34000
0.32000,0.39000,-0.67000,-2.88000,-2.63000,-2.11000,-1.08000,-79.72000,-84.08000
0.32000,0.40000,-0.68000,-2.24000,-1.68000,-2.12000,-1.14000,-79.72000,-84.08000
0.32000,0.40000,-0.69000,-1.95000,-1.22000,-2.26000,-1.69000,-90.69000,-102.99000
0.31000,0.40000,-0.71000,-1.70000,-0.71000,-2.91000,-2.85000,-90.69000,-102.99000
0.31000,0.40000,-0.74000,-1.95000,-0.44000,-3.30000,-3.27000,-114.42000,-141.41000
0.31000,0.40000,-0.76000,-2.41000,-0.91000,-1.98000,-2.36000,-114.42000,-141.41000
0.30000,0.41000,-0.79000,-3.05000,-1.66000,-1.02000,-2.11000,-79.28000,-136.22000
0.30000,0.41000,-0.80000,-2.82000,-2.14000,-1.01000,-2.12000,-79.28000,-136.22000
0.30000,0.42000,-0.79000,-2.10000,-2.57000,-1.00000,-2.12000,-64.47000,-125.28000
0.29000,0.42000,-0.77000,-1.43000,-2.72000,-1.00000,-2.12000,-64.47000,-125.28000
0.29000,0.42000,-0.73000,-0.52000,-2.62000,-1.01000,-2.11000,-74.53000,-116.34000
0.29000,0.42000,-0.69000,-0.10000,-2.47000,-1.06000,-2.11000,-74.53000,-116.34000
0.29000,0.42000,-0.65000,0.00000,-2.18000,-3.26000,-3.29000,-125.70000,-134.06000
0.28000,0.43000,-0.63000,-0.85000,-2.10000,-2.13000,-1.19000,-125.70000,-134.06000
0.28000,0.43000,-0.63000,-2.03000,-1.99000,-2.11000,-1.02000,-116.12000,-110.51000
0.28000,0.43000,-0.64000,-2.30000,-1.83000,-2.11000,-1.02000,-116.12000,-110.51000
0.27000,0.43000,-0.65000,-2.28000,-1.62000,-2.11000,-1.02000,-101.86000,-108.08000
0.27000,0.44000,-0.65000,-1.89000,-1.51000,-2.11000,-1.02000,-101.86000,-108.08000
0.27000,0.44000,-0.66000,-1.49000,-1.39000,-2.11000,-1.03000,-106.89000,-108.11000
0.27000,0.44000,-0.65000,-1.06000,-1.37000,-2.11000,-1.03000,-106.89000,-108.11000
0.26000,0.44000,-0.64000,-0.98000,-1.39000,-2.11000,-1.02000,-120.65000,-107.20000
0.26000,0.44000,-0.65000,-1.60000,-1.39000,-2.11000,-1.01000,-120.65000,-107.20000
0.26000,0.45000,-0.66000,-1.97000,-1.41000,-2.11000,-1.01000,-118.89000,-104.71000
0.25000,0.45000,-0.68000,-2.37000,-1.31000,-2.11000,-1.02000,-118.89000,-104.71000
0.25000,0.45000,-0.70000,-2.76000,-1.39000,-2.11000,-1.03000,-110.39000,-103.90000
0.25000,0.46000,-0.73000,-2.86000,-1.37000,-2.24000,-1.63000,-110.39000,-103.90000
0.24000,0.46000,-0.75000,-2.64000,-1.37000,-3.22000,-3.19000,-118.13000,-133.80000
0.24000,0.46000,-0.76000,-2.51000,-1.97000,-3.02000,-3.06000,-118.13000,-133.80000
0.24000,0.47000,-0.76000,-2.63000,-2.49000,-3.20000,-3.23000,-125.28000,-136.28000
0.23000,0.47000,-0.77000,-2.80000,-2.39000,-3.14000,-3.17000,-125.28000,-136.28000
0.23000,0.47000,-0.78000,-2.80000,-2.16000,-2.84000,-2.89000,-119.60000,-132.51000
0.22000,0.48000,-0.79000,-2.74000,-2.20000,-1.66000,-2.25000,-119.60000,-132.51000
0.22000,0.48000,-0.80000,-2.68000,-2.32000,-1.09000,-2.11000,-94.50000,-126.68000
0.22000,0.49000,-0.80000,-2.45000,-2.39000,-1.03000,-2.11000,-94.50000,-126.68000
0.21000,0.49000,-0.80000,-2.34000,-2.39000,-1.02000,-2.11000,-87.98000,-123.24000
0.21000,0.49000,-0.80000,-2.49000,-2.45000,-1.02000,-2.11000,-87.98000,-123.24000
0.21000,0.50000,-0.80000,-2.47000,-2.41000,-1.02000,-2.11000,-78.76000,-120.64000
0.20000,0.50000,-0.79000,-2.22000,-2.66000,-1.02000,-2.11000,-78.76000,-120.64000
0.20000,0.50000,-0.78000,-2.03000,-2.80000,-1.02000,-2.11000,-73.99000,-115.46000
0.19000,0.51000,-0.77000,-1.91000,-2.64000,-1.06000,-2.11000,-73.99000,-115.46000
0.19000,0.51000,-0.75000,-1.74000,-2.66000,-1.50000,-2.20000,-78.60000,-113.95000
0.19000,0.51000,-0.73000,-1.76000,-2.57000,-2.89000,-2.94000,-78.60000,-113.95000
0.18000,0.52000,-0.73000,-1.83000,-2.34000,-3.26000,-3.28000,-104.69000,-128.46000
0.18000,0.52000,-0.73000,-2.34000,-2.32000,-3.25000,-3.22000,-104.69000,-128.46000
0.17000,0.53000,-0.73000,-2.64000,-2.59000,-3.25000,-3.22000,-104.83000,-135.55000
0.17000,0.53000,-0.72000,-2.76000,-2.90000,-3.25000,-3.23000,-104.83000,-135.55000
0.17000,0.53000,-0.72000,-2.91000,-3.20000,-3.20000,-3.17000,-103.32000,-131.48000
0.16000,0.54000,-0.71000,-2.90000,-3.15000,-3.03000,-2.98000,-103.32000,-131.48000
0.16000,0.54000,-0.72000,-3.05000,-2.78000,-2.72000,-2.65000,-96.60000,-121.49000
0.15000,0.55000,-0.72000,-3.01000,-2.70000,-2.87000,-2.81000,-96.60000,-121.49000
0.15000,0.55000,-0.73000,-2.78000,-2.51000,-3.02000,-2.98000,-98.46000,-130.31000
0.14000,0.55000,-0.73000,-2.55000,-2.55000,-3.12000,-3.09000,-98.46000,-130.31000
0.14000,0.56000,-0.72000,-2.24000,-2.57000,-3.07000,-3.03000,-106.14000,-135.00000
0.13000,0.56000,-0.72000,-2.10000,-2.57000,-2.67000,-2.59000,-106.14000,-135.00000
0.13000,0.57000,-0.70000,-1.74000,-2.53000,-2.17000,-1.35000,-102.52000,-112.25000
0.13000,0.57000,-0.69000,-1.66000,-2.24000,-2.11000,-1.02000,-102.52000,-112.25000
0.12000,0.57000,-0.69000,-1.31000,-1.54000,-2.13000,-0.99000,-108.90000,-104.58000
0.12000,0.57000,-0.69000,-1.18000,-1.20000,-2.13000,-0.99000,-108.90000,-104.58000
0.12000,0.57000,-0.69000,-1.37000,-1.20000,-2.13000,-0.99000,-118.94000,-112.62000
0.12000,0.58000,-0.69000,-1.33000,-1.12000,-2.13000,-0.99000,-118.94000,-112.62000
0.12000,0.58000,-0.70000,-1.37000,-0.91000,-2.13000,-0.99000,-122.44000,-112.60000
0.11000,0.58000,-0.71000,-1.66000,-1.06000,-2.13000,-0.99000,-122.44000,-112.60000
0.11000,0.58000,-0.73000,-2.03000,-1.02000,-2.13000,-1.00000,-122.19000,-112.87000
0.11000,0.58000,-0.76000,-2.57000,-1.14000,-2.12000,-1.01000,-122.19000,-112.87000
0.10000,0.59000,-0.79000,-2.99000,-1.14000,-2.11000,-1.01000,-111.05000,-111.50000
0.10000,0.59000,-0.82000,-2.95000,-1.31000,-2.15000,-1.26000,-111.05000,-111.50000
0.10000,0.59000,-0.84000,-2.55000,-1.18000,-3.23000,-3.21000,-119.56000,-141.14000
0.09000,0.60000,-0.86000,-2.59000,-1.74000,-2.86000,-2.91000,-119.56000,-141.14000
0.09000,0.60000,-0.87000,-2.76000,-2.34000,-1.38000,-2.17000,-98.72000,-130.52000
0.09000,0.61000,-0.86000,-2.39000,-2.72000,-1.07000,-2.11000,-98.72000,-130.52000
0.08000,0.61000,-0.85000,-2.03000,-2.61000,-1.15000,-2.12000,-91.10000,-117.72000
0.08000,0.61000,-0.85000,-1.47000,-1.74000,-1.73000,-2.28000,-91.10000,-117.72000
0.08000,0.61000,-0.84000,-1.06000,-1.29000,-2.20000,-2.45000,-113.10000,-133.62000
0.08000,0.62000,-0.85000,-1.49000,-1.20000,-2.57000,-2.66000,-113.10000,-133.62000
0.08000,0.62000,-0.85000,-1.70000,-1.45000,-1.93000,-2.34000,-113.05000,-144.35000
0.07000,0.62000,-0.86000,-2.26000,-2.03000,-1.40000,-2.18000,-113.05000,-144.35000
0.07000,0.63000,-0.86000,-2.82000,-2.53000,-1.14000,-2.12000,-92.29000,-135.45000
0.06000,0.63000,-0.86000,-3.13000,-2.88000,-1.04000,-2.11000,-92.29000,-135.45000
0.06000,0.64000,-0.86000,-2.74000,-2.97000,-1.02000,-2.11000,-70.73000,-122.97000
0.06000,0.64000,-0.84000,-2.24000,-3.15000,-1.02000,-2.11000,-70.73000,-122.97000
0.05000,0.65000,-0.82000,-1.60000,-3.11000,-1.08000,-2.11000,-72.30000,-114.36000
0.05000,0.65000,-0.79000,-1.56000,-2.95000,-2.88000,-2.93000,-72.30000,-114.36000
0.05000,0.65000,-0.77000,-1.33000,-2.57000,-3.24000,-3.21000,-108.03000,-127.73000
0.04000,0.66000,-0.76000,-1.91000,-2.49000,-2.27000,-1.72000,-108.03000,-127.73000
0.04000,0.66000,-0.76000,-2.66000,-2.64000,-2.11000,-1.07000,-95.90000,-103.99000
0.03000,0.66000,-0.77000,-2.82000,-2.41000,-2.11000,-1.04000,-95.90000,-103.99000
0.03000,0.67000,-0.78000,-2.61000,-2.05000,-2.11000,-1.05000,-83.35000,-96.37000
0.03000,0.67000,-0.78000,-2.28000,-1.89000,-2.12000,-1.11000,-83.35000,-96.37000
0.02000,0.67000,-0.79000,-1.91000,-1.64000,-2.13000,-1.17000,-87.48000,-97.86000
0.02000,0.68000,-0.79000,-1.70000,-1.64000,-2.13000,-1.19000,-87.48000,-97.86000
0.02000,0.68000,-0.79000,-1.76000,-1.60000,-2.12000,-1.10000,-95.08000,-96.24000
0.02000,0.68000,-0.80000,-1.89000,-1.39000,-2.11000,-1.06000,-95.08000,-96.24000
0.01000,0.68000,-0.82000,-2.12000,-0.87000,-2.08000,-0.87000,-94.15000,-93.35000
0.01000,0.69000,-0.85000,-2.03000,-0.35000,-2.10000,-0.89000,-94.15000,-93.35000
0.01000,0.69000,-0.89000,-2.08000,0.00000,-2.14000,-0.90000,-94.04000,-106.16000
0.01000,0.69000,-0.93000,-2.05000,0.00000,-2.17000,-0.90000,-94.04000,-106.16000
0.01000,0.69000,-0.96000,-1.89000,0.00000,-2.19000,-0.91000,-95.10000,-114.84000
0.01000,0.69000,-0.99000,-1.62000,-0.02000,-2.20000,-0.90000,-95.10000,-114.84000
0.01000,0.69000,-1.01000,-1.37000,-0.12000,-2.21000,-0.91000,-102.71000,-119.97000
0.00000,0.70000,-1.02000,-1.00000,-0.62000,-2.21000,-0.91000,-102.71000,-119.97000
0.00000,0.70000,-1.02000,-0.93000,-0.81000,-2.21000,-0.91000,-115.63000,-116.27000
0.00000,0.70000,-1.04000,-1.45000,-0.62000,-2.21000,-0.91000,-115.63000,-116.27000
0.00000,0.70000,-1.06000,-1.52000,-0.35000,-2.21000,-0.91000,-116.07000,-117.98000
0.00000,0.70000,-1.09000,-1.58000,-0.10000,-2.21000,-0.91000,-116.07000,-117.98000
-0.00000,0.71000,-1.12000,-1.78000,-0.02000,-2.21000,-0.91000,-118.78000,-127.48000
-0.00000,0.71000,-1.15000,-1.74000,0.00000,-2.21000,-0.91000,-118.78000,-127.48000
-0.00000,0.71000,-1.18000,-1.99000,-0.31000,-2.21000,-0.91000,-120.13000,-133.89000
-0.00000,0.71000,-1.21000,-2.37000,-0.95000,-2.21000,-0.91000,-120.13000,-133.89000
-0.01000,0.72000,-1.23000,-2.86000,-1.58000,-2.21000,-0.91000,-113.59000,-125.08000
-0.01000,0.72000,-1.25000,-3.07000,-1.89000,-2.21000,-0.91000,-113.59000,-125.08000
-0.01000,0.73000,-1.27000,-2.84000,-1.74000,-2.21000,-0.92000,-102.01000,-110.91000
-0.01000,0.73000,-1.28000,-2.41000,-1.72000,-2.20000,-0.92000,-102.01000,-110.91000
-0.01000,0.74000,-1.29000,-2.01000,-1.35000,-2.20000,-0.92000,-106.70000,-107.68000
-0.01000,0.74000,-1.31000,-2.03000,-1.08000,-2.20000,-0.93000,-106.70000,-107.68000
-0.01000,0.74000,-1.33000,-1.93000,-0.93000,-2.19000,-0.93000,-110.94000,-112.64000
-0.01000,0.74000,-1.35000,-1.93000,-0.85000,-2.19000,-0.94000,-110.94000,-112.64000
-0.01000,0.75000,-1.37000,-1.99000,-0.85000,-2.18000,-0.95000,-113.28000,-115.38000
-0.02000,0.75000,-1.39000,-1.87000,-0.83000,-2.17000,-0.95000,-113.28000,-115.38000
-0.02000,0.75000,-1.41000,-2.03000,-1.02000,-2.17000,-0.96000,-115.49000,-116.49000
-0.02000,0.76000,-1.43000,-2.28000,-1.10000,-2.16000,-0.97000,-115.49000,-116.49000
-0.02000,0.76000,-1.46000,-2.82000,-1.24000,-2.15000,-0.98000,-110.79000,-113.46000
-0.02000,0.77000,-1.49000,-3.28000,-1.37000,-2.14000,-0.99000,-110.79000,-113.46000
-0.02000,0.77000,-1.54000,-3.55000,-1.14000,-2.12000,-1.00000,-94.68000,-109.09000
-0.02000,0.78000,-1.57000,-3.30000,-1.27000,-2.11000,-1.02000,-94.68000,-109.09000
-0.02000,0.78000,-1.60000,-3.03000,-1.45000,-2.87000,-2.81000,-98.63000,-135.61000
-0.02000,0.79000,-1.62000,-2.90000,-1.87000,-3.14000,-3.17000,-98.63000,-135.61000
-0.02000,0.79000,-1.63000,-2.74000,-2.32000,-1.80000,-2.30000,-85.99000,-128.15000
-0.02000,0.80000,-1.63000,-2.68000,-2.61000,-1.21000,-2.14000,-85.99000,-128.15000
-0.02000,0.81000,-1.62000,-2.39000,-2.74000,-1.16000,-2.13000,-73.19000,-116.95000
-0.02000,0.81000,-1.61000,-1.91000,-2.53000,-1.51000,-2.21000,-73.19000,-116.95000
-0.02000,0.82000,-1.60000,-1.62000,-2.26000,-2.67000,-2.74000,-98.19000,-124.45000
-0.02000,0.82000,-1.59000,-1.78000,-2.30000,-3.16000,-3.19000,-98.19000,-124.45000
-0.02000,0.82000,-1.59000,-2.24000,-2.28000,-3.30000,-3.27000,-114.04000,-137.10000
-0.02000,0.83000,-1.60000,-2.74000,-2.30000,-3.29000,-3.27000,-114.04000,-137.10000
-0.02000,0.84000,-1.61000,-3.11000,-2.41000,-3.21000,-3.24000,-107.48000,-142.39000
-0.02000,0.84000,-1.62000,-3.11000,-2.59000,-2.73000,-2.79000,-107.48000,-142.39000
-0.02000,0.85000,-1.62000,-2.95000,-2.95000,-1.76000,-2.28000,-82.92000,-129.33000
-0.02000,0.86000,-1.61000,-2.20000,-2.86000,-1.73000,-2.28000,-82.92000,-129.33000
-0.02000,0.86000,-1.57000,-1.41000,-3.38000,-2.85000,-2.90000,-104.92000,-132.75000
-0.02000,0.87000,-1.53000,-1.00000,-3.38000,-2.90000,-2.85000,-104.92000,-132.75000
-0.02000,0.87000,-1.49000,-1.43000,-3.49000,-2.11000,-1.02000,-115.71000,-96.89000
-0.02000,0.88000,-1.47000,-1.68000,-2.88000,-2.12000,-1.00000,-115.71000,-96.89000
-0.02000,0.88000,-1.47000,-2.03000,-2.18000,-2.13000,-0.99000,-112.46000,-89.81000
-0.02000,0.89000,-1.47000,-1.95000,-1.76000,-2.13000,-0.99000,-112.46000,-89.81000
-0.02000,0.89000,-1.48000,-1.81000,-1.16000,-2.13000,-0.99000,-111.12000,-95.26000
-0.02000,0.89000,-1.50000,-1.76000,-0.87000,-2.13000,-1.00000,-111.12000,-95.26000
-0.02000,0.89000,-1.52000,-1.87000,-0.81000,-2.12000,-1.00000,-114.86000,-104.21000
-0.02000,0.90000,-1.54000,-2.37000,-0.95000,-2.11000,-1.01000,-114.86000,-104.21000
-0.02000,0.90000,-1.57000,-2.66000,-0.95000,-2.11000,-1.02000,-107.74000,-104.06000
-0.02000,0.91000,-1.60000,-2.66000,-1.20000,-2.76000,-2.70000,-107.74000,-104.06000
-0.02000,0.91000,-1.62000,-2.41000,-1.43000,-3.22000,-3.25000,-118.61000,-134.15000
-0.02000,0.92000,-1.63000,-2.45000,-1.97000,-2.43000,-2.55000,-118.61000,-134.15000
-0.02000,0.92000,-1.62000,-2.57000,-2.61000,-1.47000,-2.20000,-98.79000,-119.11000
-0.02000,0.93000,-1.62000,-2.34000,-2.78000,-1.51000,-2.21000,-98.79000,-119.11000
-0.02000,0.93000,-1.61000,-1.85000,-2.12000,-2.36000,-2.52000,-107.78000,-113.10000
-0.02000,0.93000,-1.62000,-1.66000,-1.22000,-2.75000,-2.81000,-107.78000,-113.10000
-0.02000,0.94000,-1.64000,-1.54000,-0.64000,-1.97000,-2.36000,-112.32000,-132.47000
-0.02000,0.94000,-1.65000,-1.66000,-0.75000,-1.06000,-2.11000,-112.32000,-132.47000
-0.02000,0.94000,-1.66000,-1.58000,-1.22000,-1.02000,-2.11000,-99.88000,-142.68000
-0.02000,0.95000,-1.66000,-1.78000,-1.80000,-1.01000,-2.11000,-99.88000,-142.68000
-0.02000,0.95000,-1.65000,-1.91000,-2.26000,-1.01000,-2.11000,-94.12000,-135.00000
-0.01000,0.96000,-1.65000,-2.28000,-2.59000,-1.02000,-2.11000,-94.12000,-135.00000
-0.01000,0.96000,-1.65000,-2.53000,-2.61000,-1.02000,-2.11000,-82.12000,-124.96000
-0.01000,0.97000,-1.64000,-2.53000,-2.68000,-1.02000,-2.11000,-82.12000,-124.96000
-0.01000,0.97000,-1.64000,-2.37000,-2.39000,-1.02000,-2.11000,-70.85000,-120.78000
-0.01000,0.98000,-1.64000,-2.03000,-2.16000,-1.02000,-2.11000,-70.85000,-120.78000
-0.01000,0.98000,-1.64000,-1.74000,-1.91000,-1.02000,-2.11000,-69.30000,-125.13000
-0.01000,0.99000,-1.63000,-1.33000,-1.95000,-1.03000,-2.11000,-69.30000,-125.13000
-0.01000,0.99000,-1.61000,-1.33000,-2.10000,-1.20000,-2.13000,-76.46000,-128.36000
-0.01000,0.99000,-1.60000,-1.24000,-2.01000,-2.47000,-2.57000,-76.46000,-128.36000
-0.01000,1.00000,-1.58000,-1.33000,-2.12000,-3.16000,-3.19000,-106.31000,-144.34000
-0.01000,1.00000,-1.58000,-1.95000,-2.41000,-3.27000,-3.24000,-106.31000,-144.34000
-0.01000,1.01000,-1.57000,-2.51000,-2.53000,-3.09000,-3.05000,-106.20000,-143.49000
-0.01000,1.01000,-1.57000,-2.76000,-2.80000,-3.07000,-3.04000,-106.20000,-143.49000
-0.01000,1.02000,-1.57000,-2.78000,-3.09000,-3.04000,-3.00000,-100.20000,-140.71000
-0.01000,1.03000,-1.57000,-2.86000,-2.90000,-2.77000,-2.70000,-100.20000,-140.71000
-0.01000,1.03000,-1.57000,-2.86000,-2.88000,-2.71000,-2.63000,-95.35000,-134.83000
-0.01000,1.04000,-1.56000,-2.74000,-2.88000,-2.67000,-2.59000,-95.35000,-134.83000
-0.01000,1.05000,-1.56000,-2.68000,-2.99000,-2.50000,-2.31000,-93.08000,-128.65000
-0.01000,1.05000,-1.55000,-2.43000,-2.84000,-2.25000,-1.64000,-93.08000,-128.65000
-0.01000,1.06000,-1.54000,-2.16000,-2.95000,-2.13000,-1.15000,-90.73000,-108.48000
-0.01000,1.06000,-1.52000,-1.78000,-2.84000,-2.11000,-1.02000,-90.73000,-108.48000
-0.01000,1.07000,-1.50000,-1.27000,-2.53000,-2.11000,-1.01000,-98.35000,-96.22000
-0.01000,1.07000,-1.47000,-0.93000,-2.07000,-2.12000,-1.00000,-98.35000,-96.22000
-0.01000,1.07000,-1.47000,-1.16000,-1.64000,-2.13000,-0.99000,-113.34000,-96.48000
-0.01000,1.08000,-1.46000,-1.33000,-1.41000,-2.13000,-0.99000,-113.34000,-96.48000
-0.01000,1.08000,-1.47000,-1.41000,-1.16000,-2.13000,-0.99000,-114.69000,-99.90000
-0.01000,1.08000,-1.48000,-1.58000,-1.18000,-2.13000,-0.99000,-114.69000,-99.90000
-0.01000,1.09000,-1.48000,-1.45000,-1.35000,-2.13000,-0.99000,-115.71000,-100.85000
-0.01000,1.09000,-1.48000,-1.37000,-1.35000,-2.13000,-0.99000,-115.71000,-100.85000
-0.02000,1.09000,-1.48000,-1.54000,-1.29000,-2.13000,-0.99000,-122.13000,-97.23000
-0.02000,1.10000,-1.50000,-1.87000,-1.12000,-2.13000,-1.00000,-122.13000,-97.23000
-0.02000,1.10000,-1.52000,-2.49000,-1.04000,-2.12000,-1.00000,-119.14000,-98.65000
-0.02000,1.10000,-1.56000,-2.95000,-0.95000,-2.11000,-1.01000,-119.14000,-98.65000
-0.02000,1.11000,-1.60000,-3.03000,-0.95000,-2.12000,-1.13000,-104.46000,-102.40000
-0.02000,1.11000,-1.62000,-2.74000,-1.20000,-3.29000,-3.27000,-104.46000,-102.40000
-0.02000,1.12000,-1.64000,-2.32000,-1.22000,-2.12000,-2.42000,-102.67000,-118.99000
-0.02000,1.12000,-1.65000,-1.95000,-1.49000,-1.04000,-2.11000,-102.67000,-118.99000
-0.02000,1.13000,-1.65000,-1.97000,-2.12000,-1.02000,-2.11000,-94.25000,-117.25000
-0.01000,1.13000,-1.64000,-1.47000,-2.26000,-1.02000,-2.11000,-94.25000,-117.25000
-0.01000,1.13000,-1.62000,-1.33000,-1.91000,-1.14000,-2.12000,-97.62000,-109.66000
-0.01000,1.14000,-1.62000,-1.14000,-1.22000,-1.85000,-2.31000,-97.62000,-109.66000
-0.01000,1.14000,-1.63000,-0.83000,-0.62000,-2.01000,-2.37000,-113.67000,-128.13000
-0.01000,1.14000,-1.63000,-0.87000,-0.52000,-1.60000,-2.23000,-113.67000,-128.13000
-0.01000,1.14000,-1.65000,-1.39000,-0.75000,-1.18000,-2.13000,-110.49000,-141.97000
-0.01000,1.14000,-1.65000,-1.41000,-1.29000,-1.03000,-2.11000,-110.49000,-141.97000
-0.01000,1.15000,-1.64000,-1.56000,-1.81000,-1.02000,-2.11000,-101.88000,-139.75000
-0.01000,1.15000,-1.64000,-1.93000,-2.07000,-1.03000,-2.11000,-101.88000,-139.75000
-0.01000,1.16000,-1.64000,-2.24000,-2.16000,-1.04000,-2.11000,-92.08000,-132.86000
-0.01000,1.16000,-1.64000,-2.41000,-2.41000,-1.03000,-2.11000,-92.08000,-132.86000
-0.01000,1.17000,-1.64000,-2.57000,-2.57000,-1.03000,-2.11000,-79.44000,-128.05000
-0.01000,1.17000,-1.64000,-2.47000,-2.37000,-1.03000,-2.11000,-79.44000,-128.05000
-0.01000,1.18000,-1.64000,-2.18000,-2.30000,-1.02000,-2.11000,-70.15000,-126.86000
-0.01000,1.18000,-1.63000,-1.89000,-2.37000,-1.03000,-2.11000,-70.15000,-126.86000
-0.01000,1.19000,-1.62000,-1.51000,-2.20000,-1.10000,-2.11000,-71.26000,-125.45000
-0.01000,1.19000,-1.60000,-1.49000,-2.34000,-1.84000,-2.31000,-71.26000,-125.45000
-0.01000,1.20000,-1.58000,-1.35000,-2.47000,-3.04000,-3.08000,-101.63000,-138.74000
-0.01000,1.20000,-1.57000,-1.64000,-2.61000,-3.24000,-3.21000,-101.63000,-138.74000
-0.01000,1.21000,-1.56000,-2.45000,-2.82000,-2.50000,-2.32000,-100.62000,-127.75000
-0.01000,1.21000,-1.56000,-2.70000,-2.84000,-2.22000,-1.54000,-100.62000,-127.75000
-0.01000,1.22000,-1.55000,-2.72000,-2.99000,-2.16000,-1.32000,-84.80000,-107.46000
-0.01000,1.23000,-1.55000,-2.55000,-2.68000,-2.12000,-1.11000,-84.80000,-107.46000
-0.01000,1.23000,-1.56000,-2.22000,-1.83000,-2.11000,-1.07000,-83.00000,-97.04000
-0.01000,1.23000,-1.57000,-2.05000,-1.25000,-2.14000,-1.24000,-83.00000,-97.04000
-0.01000,1.24000,-1.59000,-1.83000,-0.77000,-2.68000,-2.60000,-96.42000,-131.93000
-0.01000,1.24000,-1.60000,-1.74000,-1.16000,-3.29000,-3.26000,-96.42000,-131.93000
-0.01000,1.24000,-1.61000,-1.95000,-1.72000,-3.19000,-3.22000,-112.46000,-150.54000
-0.01000,1.25000,-1.61000,-2.26000,-2.14000,-3.08000,-3.12000,-112.46000,-150.54000
-0.01000,1.26000,-1.61000,-2.59000,-2.64000,-3.00000,-3.04000,-110.53000,-145.58000
-0.01000,1.26000,-1.59000,-2.57000,-3.36000,-3.02000,-3.06000,-110.53000,-145.58000
-0.01000,1.27000,-1.57000,-2.28000,-3.82000,-3.30000,-3.27000,-114.72000,-136.10000
-0.01000,1.28000,-1.53000,-2.32000,-4.05000,-2.34000,-1.92000,-114.72000,-136.10000
-0.01000,1.28000,-1.51000,-2.35000,-3.96000,-2.11000,-1.02000,-104.96000,-91.49000
-0.01000,1.29000,-1.49000,-2.22000,-3.11000,-2.12000,-1.01000,-104.96000,-91.49000
-0.01000,1.29000,-1.48000,-2.05000,-2.30000,-2.13000,-1.00000,-105.50000,-87.05000
-0.01000,1.30000,-1.49000,-1.89000,-1.56000,-2.13000,-1.00000,-105.50000,-87.05000
-0.01000,1.30000,-1.51000,-2.24000,-1.08000,-2.13000,-1.00000,-109.91000,-97.70000
-0.01000,1.31000,-1.54000,-2.49000,-0.79000,-2.12000,-1.01000,-109.91000,-97.70000
-0.01000,1.31000,-1.57000,-2.72000,-1.08000,-2.11000,-1.02000,-102.03000,-106.16000
-0.01000,1.31000,-1.59000,-2.70000,-1.54000,-2.29000,-1.78000,-102.03000,-106.16000
-0.01000,1.32000,-1.60000,-2.39000,-1.76000,-3.21000,-3.18000,-113.16000,-128.77000
-0.01000,1.32000,-1.60000,-2.32000,-2.41000,-3.26000,-3.28000,-113.16000,-128.77000
-0.01000,1.33000,-1.60000,-2.49000,-2.74000,-3.27000,-3.29000,-122.70000,-127.25000
-0.01000,1.34000,-1.60000,-2.63000,-2.63000,-3.28000,-3.25000,-122.70000,-127.25000
-0.01000,1.34000,-1.61000,-2.66000,-1.99000,-3.28000,-3.25000,-123.89000,-128.57000
-0.01000,1.35000,-1.62000,-2.55000,-1.76000,-3.17000,-3.20000,-123.89000,-128.57000
-0.01000,1.35000,-1.64000,-2.55000,-1.85000,-2.48000,-2.58000,-117.01000,-135.20000
-0.01000,1.36000,-1.65000,-2.68000,-1.95000,-1.23000,-2.14000,-117.01000,-135.20000
-0.01000,1.36000,-1.67000,-2.88000,-2.03000,-1.03000,-2.11000,-92.90000,-130.20000
-0.01000,1.37000,-1.68000,-2.88000,-2.20000,-1.01000,-2.11000,-92.90000,-130.20000
-0.01000,1.37000,-1.68000,-2.74000,-2.41000,-1.01000,-2.11000,-79.64000,-127.54000
-0.01000,1.38000,-1.68000,-2.34000,-2.41000,-1.01000,-2.12000,-79.64000,-127.54000
-0.01000,1.38000,-1.68000,-2.16000,-2.34000,-1.01000,-2.12000,-76.47000,-123.99000
-0.01000,1.39000,-1.67000,-1.97000,-2.30000,-1.01000,-2.12000,-76.47000,-123.99000
-0.01000,1.39000,-1.67000,-1.91000,-2.18000,-1.01000,-2.12000,-74.08000,-123.77000
-0.01000,1.40000,-1.66000,-1.62000,-2.18000,-1.01000,-2.11000,-74.08000,-123.77000
-0.01000,1.40000,-1.64000,-1.45000,-2.45000,-1.01000,-2.11000,-73.65000,-124.42000
-0.01000,1.41000,-1.61000,-1.83000,-3.30000,-1.02000,-2.11000,-73.65000,-124.42000
-0.00000,1.41000,-1.58000,-1.97000,-3.98000,-2.23000,-2.46000,-85.23000,-112.50000
-0.00000,1.42000,-1.54000,-2.30000,-4.21000,-3.16000,-3.13000,-85.23000,-112.50000
-0.01000,1.43000,-1.52000,-2.78000,-4.03000,-2.11000,-1.04000,-78.60000,-72.48000
-0.01000,1.44000,-1.52000,-3.01000,-3.24000,-2.11000,-1.01000,-78.60000,-72.48000
-0.01000,1.44000,-1.53000,-3.03000,-2.24000,-2.11000,-1.01000,-66.93000,-67.62000
-0.01000,1.45000,-1.55000,-2.76000,-1.51000,-2.11000,-1.02000,-66.93000,-67.62000
-0.01000,1.45000,-1.58000,-2.47000,-1.02000,-2.11000,-1.08000,-65.30000,-81.19000
-0.01000,1.45000,-1.60000,-2.26000,-1.04000,-3.00000,-2.95000,-65.30000,-81.19000
-0.01000,1.46000,-1.62000,-2.12000,-1.29000,-3.22000,-3.25000,-85.47000,-118.20000
-0.01000,1.46000,-1.62000,-2.34000,-2.05000,-2.62000,-2.70000,-85.47000,-118.20000
-0.01000,1.47000,-1.62000,-2.82000,-2.97000,-2.01000,-2.37000,-71.89000,-103.11000
-0.01000,1.48000,-1.61000,-2.76000,-3.40000,-2.24000,-2.46000,-71.89000,-103.11000
-0.00000,1.48000,-1.59000,-2.51000,-3.49000,-3.01000,-3.05000,-78.61000,-94.91000
-0.00000,1.49000,-1.58000,-2.43000,-3.24000,-3.28000,-3.26000,-78.61000,-94.91000
-0.00000,1.50000,-1.57000,-2.45000,-2.99000,-2.91000,-2.86000,-83.59000,-92.43000
-0.00000,1.50000,-1.56000,-2.59000,-2.88000,-2.34000,-1.91000,-83.59000,-92.43000
-0.00000,1.51000,-1.56000,-2.86000,-2.68000,-2.17000,-1.35000,-72.86000,-72.79000
-0.00000,1.51000,-1.58000,-2.84000,-2.12000,-2.21000,-1.52000,-72.86000,-72.79000
-0.00000,1.52000,-1.60000,-2.61000,-1.56000,-2.81000,-2.74000,-76.18000,-96.05000
-0.00000,1.52000,-1.61000,-2.53000,-1.74000,-3.29000,-3.27000,-76.18000,-96.05000
-0.00000,1.53000,-1.62000,-2.49000,-2.07000,-3.05000,-3.08000,-84.21000,-110.48000
-0.00000,1.53000,-1.62000,-2.66000,-2.51000,-2.63000,-2.70000,-84.21000,-110.48000
-0.00000,1.54000,-1.61000,-2.70000,-3.09000,-2.30000,-2.49000,-74.29000,-98.16000
-0.00000,1.55000,-1.60000,-2.24000,-3.11000,-2.81000,-2.87000,-74.29000,-98.16000
-0.00000,1.55000,-1.58000,-1.95000,-2.88000,-3.25000,-3.28000,-92.64000,-100.82000
-0.00000,1.56000,-1.57000,-1.99000,-2.32000,-3.08000,-3.05000,-92.64000,-100.82000
-0.00000,1.56000,-1.59000,-2.20000,-1.62000,-2.79000,-2.73000,-95.55000,-105.39000
-0.00000,1.56000,-1.60000,-2.28000,-1.47000,-3.18000,-3.15000,-95.55000,-105.39000
-0.00000,1.57000,-1.62000,-2.55000,-1.49000,-3.24000,-3.27000,-102.74000,-128.68000
-0.00000,1.57000,-1.64000,-2.78000,-1.83000,-2.41000,-2.54000,-102.74000,-128.68000
-0.00000,1.58000,-1.65000,-2.80000,-2.22000,-1.07000,-2.11000,-68.50000,-116.80000
-0.00000,1.59000,-1.65000,-2.37000,-2.22000,-1.02000,-2.11000,-68.50000,-116.80000
-0.00000,1.59000,-1.64000,-1.83000,-2.18000,-1.02000,-2.11000,-63.64000,-112.53000
-0.00000,1.59000,-1.63000,-1.29000,-1.85000,-1.02000,-2.11000,-63.64000,-112.53000
-0.00000,1.60000,-1.62000,-1.08000,-1.81000,-1.03000,-2.11000,-71.98000,-117.43000
-0.00000,1.60000,-1.60000,-1.08000,-1.89000,-1.26000,-2.15000,-71.98000,-117.43000
-0.00000,1.60000,-1.59000,-1.04000,-2.01000,-2.56000,-2.64000,-96.43000,-126.43000
-0.00000,1.61000,-1.58000,-1.49000,-2.12000,-3.23000,-3.26000,-96.43000,-126.43000
-0.00000,1.61000,-1.57000,-2.16000,-2.37000,-3.25000,-3.23000,-109.52000,-136.29000
-0.00000,1.62000,-1.57000,-2.55000,-2.63000,-3.18000,-3.15000,-109.52000,-136.29000
-0.00000,1.62000,-1.57000,-2.84000,-3.05000,-3.12000,-3.09000,-102.24000,-133.11000
-0.00000,1.63000,-1.56000,-2.93000,-3.24000,-2.95000,-2.90000,-102.24000,-133.11000
-0.00000,1.64000,-1.56000,-2.99000,-3.01000,-2.52000,-2.36000,-90.98000,-115.83000
-0.00000,1.64000,-1.56000,-2.84000,-2.63000,-2.37000,-2.00000,-90.98000,-115.83000
-0.00000,1.65000,-1.57000,-2.64000,-2.24000,-2.40000,-2.09000,-88.06000,-115.53000
-0.00000,1.65000,-1.58000,-2.39000,-2.01000,-2.64000,-2.56000,-88.06000,-115.53000
-0.00000,1.66000,-1.58000,-1.97000,-1.78000,-2.90000,-2.85000,-99.69000,-132.95000
-0.00000,1.66000,-1.57000,-1.89000,-2.30000,-2.97000,-2.92000,-99.69000,-132.95000
-0.00000,1.67000,-1.56000,-1.87000,-2.65000,-2.43000,-2.15000,-103.15000,-123.13000
-0.00000,1.67000,-1.54000,-1.74000,-2.76000,-2.11000,-1.05000,-103.15000,-123.13000
-0.00000,1.68000,-1.52000,-1.45000,-2.88000,-2.11000,-1.01000,-103.82000,-98.30000
-0.00000,1.68000,-1.50000,-1.66000,-2.57000,0.10000,1.12000,-103.82000,-98.30000
-0.00000,1.69000,-1.49000,-1.41000,-1.95000,0.16000,1.17000,-73.24000,-57.82000
-0.00000,1.69000,-1.49000,-0.93000,-1.06000,0.23000,1.24000,-73.24000,-57.82000
-0.00000,1.69000,-1.49000,-0.12000,-0.06000,0.29000,1.30000,-71.28000,-56.14000
-0.00000,1.69000,-1.49000,0.00000,0.00000,0.30000,1.32000,-71.28000,-56.14000
-0.00000,1.69000,-1.49000,-0.02000,0.00000,0.30000,1.32000,-77.77000,-57.62000
-0.00000,1.69000,-1.49000,0.00000,0.00000,0.30000,1.32000,-77.77000,-57.62000
-0.00000,1.69000,-1.49000,0.00000,0.00000,0.30000,1.32000,-75.93000,-49.66000
-0.00000,1.69000,-1.49000,-0.02000,0.00000,0.30000,1.32000,-75.93000,-49.66000
-0.00000,1.69000,-1.49000,-0.02000,0.00000,0.31000,1.32000,-73.76000,-41.69000
-0.00000,1.69000,-1.49000,-0.02000,0.00000,0.31000,1.33000,-73.76000,-41.69000
-0.00000,1.69000,-1.49000,-0.02000,0.00000,0.31000,1.33000,-71.71000,-33.63000
-0.00000,1.69000,-1.49000,0.00000,0.00000,0.31000,1.34000,-71.71000,-33.63000
-0.00000,1.69000,-1.49000,-0.02000,0.00000,0.31000,1.34000,-69.99000,-25.59000
-0.00000,1.69000,-1.49000,-0.02000,0.00000,0.32000,1.34000,-69.99000,-25.59000
-0.00000,1.69000,-1.49000,0.00000,0.00000,0.32000,1.34000,-67.70000,-17.47000
-0.00000,1.69000,-1.49000,0.00000,0.00000,0.32000,1.34000,-67.70000,-17.47000
-0.00000,1.69000,-1.49000,0.00000,0.00000,0.32000,1.34000,-65.97000,-9.41000
-0.00000,1.69000,-1.49000,0.00000,0.00000,0.32000,1.34000,-65.97000,-9.41000
-0.00000,1.69000,-1.49000,0.00000,0.00000,0.32000,1.34000,-64.05000,-1.36000
-0.00000,1.69000,-1.49000,0.00000,0.00000,0.32000,1.34000,-64.05000,-1.36000
-0.00000,1.69000,-1.49000,0.00000,0.00000,0.32000,1.34000,-62.12000,6.69000
-0.00000,1.69000,-1.49000,0.00000,0.00000,0.32000,1.34000,-62.12000,6.69000
-0.00000,1.69000,-1.49000,0.00000,0.00000,0.32000,1.34000,-60.20000,14.75000
-0.00000,1.69000,-1.49000,0.00000,0.00000,0.32000,1.34000,-60.20000,14.75000
-0.00000,1.69000,-1.49000,0.00000,0.00000,0.32000,1.34000,-58.28000,22.80000
-0.00000,1.69000,-1.49000,0.00000,0.00000,0.32000,1.34000,-58.28000,22.80000
-0.00000,1.69000,-1.49000,0.00000,0.00000,0.32000,1.34000,-56.36000,30.86000
-0.00000,1.69000,-1.49000,0.00000,0.00000,0.32000,1.34000,-56.36000,30.86000
-0.00000,1.69000,-1.49000,0.00000,0.00000,0.32000,1.34000,-54.44000,38.91000
-0.00000,1.69000,-1.49000,0.00000,0.00000,0.32000,1.34000,-54.44000,38.91000
-0.00000,1.69000,-1.49000,0.00000,0.00000,0.32000,1.34000,-52.52000,46.97000
-0.00000,1.69000,-1.49000,0.00000,0.00000,0.32000,1.34000,-52.52000,46.97000
-0.00000,1.69000,-1.49000,0.00000,0.00000,0.32000,1.34000,-50.60000,55.02000
-0.00000,1.69000,-1.49000,0.00000,0.00000,0.32000,1.34000,-50.60000,55.02000
-0.00000,1.69000,-1.49000,0.00000,0.00000,0.32000,1.34000,-48.68000,63.08000
-0.00000,1.69000,-1.49000,0.00000,0.04000,0.32000,1.34000,-48.68000,63.08000
-0.00000,1.69000,-1.49000,0.00000,0.00000,0.32000,1.35000,-46.71000,70.57000
-0.00000,1.69000,-1.49000,0.00000,0.10000,0.32000,1.35000,-46.71000,70.57000
-0.00000,1.69000,-1.49000,0.00000,0.06000,0.33000,1.36000,-44.66000,77.60000
-0.00000,1.69000,-1.50000,0.00000,0.37000,0.34000,1.36000,-44.66000,77.60000
-0.00000,1.69000,-1.51000,0.00000,0.37000,0.36000,1.39000,-42.20000,81.64000
-0.00000,1.69000,-1.51000,0.00000,0.00000,0.39000,1.43000,-42.20000,81.64000
-0.00000,1.69000,-1.51000,0.00000,0.00000,0.39000,1.43000,-39.63000,93.85000
-0.00000,1.69000,-1.51000,0.00000,0.00000,0.39000,1.43000,-39.63000,93.85000
-0.00000,1.69000,-1.51000,0.00000,0.00000,0.39000,1.43000,-37.29000,102.41000
-0.00000,1.69000,-1.51000,0.00000,0.02000,0.39000,1.43000,-37.29000,102.41000
-0.00000,1.69000,-1.51000,0.00000,0.10000,0.39000,1.43000,-34.94000,110.69000
-0.00000,1.69000,-1.52000,0.00000,0.75000,0.40000,1.44000,-34.94000,110.69000
-0.00000,1.69000,-1.55000,0.00000,1.16000,0.45000,1.50000,-31.72000,109.30000
-0.00000,1.68000,-1.57000,0.00000,1.52000,0.52000,1.59000,-31.72000,109.30000
-0.00000,1.68000,-1.61000,0.00000,1.83000,0.60000,1.69000,-26.75000,105.10000
-0.00000,1.68000,-1.64000,0.00000,1.85000,0.69000,1.80000,-26.75000,105.10000
-0.00000,1.68000,-1.68000,0.00000,1.99000,0.75000,1.88000,-20.84000,104.12000
-0.00000,1.68000,-1.71000,0.00000,1.99000,0.81000,1.96000,-20.84000,104.12000
-0.00000,1.67000,-1.75000,0.00000,2.10000,0.85000,2.02000,-14.95000,104.23000
-0.00000,1.67000,-1.79000,0.00000,2.18000,0.87000,2.07000,-14.95000,104.23000
-0.00000,1.67000,-1.83000,0.00000,2.12000,0.89000,2.11000,-9.23000,102.95000
-0.00000,1.67000,-1.86000,0.00000,2.08000,0.90000,2.14000,-9.23000,102.95000
-0.00000,1.66000,-1.90000,0.00000,1.83000,0.90000,2.16000,-3.70000,104.89000
-0.01000,1.66000,-1.93000,0.00000,1.87000,0.91000,2.18000,-3.70000,104.89000
-0.01000,1.66000,-1.96000,0.00000,1.72000,0.91000,2.19000,1.76000,108.94000
-0.01000,1.66000,-2.00000,0.00000,1.93000,0.90000,2.20000,1.76000,108.94000
-0.01000,1.66000,-2.04000,0.00000,2.18000,0.91000,2.20000,7.21000,110.15000
-0.01000,1.65000,-2.08000,0.00000,2.47000,0.91000,2.21000,7.21000,110.15000
-0.01000,1.65000,-2.13000,0.00000,2.66000,0.91000,2.21000,12.68000,103.80000
-0.01000,1.65000,-2.18000,0.00000,2.78000,0.91000,2.21000,12.68000,103.80000
-0.01000,1.65000,-2.23000,0.00000,2.86000,0.91000,2.21000,18.18000,97.59000
-0.02000,1.64000,-2.28000,0.00000,2.70000,0.91000,2.21000,18.18000,97.59000
-0.02000,1.64000,-2.33000,0.00000,2.64000,0.92000,2.20000,23.78000,95.31000
-0.02000,1.64000,-2.37000,0.00000,2.51000,0.93000,2.19000,23.78000,95.31000
-0.02000,1.64000,-2.41000,0.00000,1.93000,0.95000,2.18000,29.70000,94.75000
-0.02000,1.64000,-2.44000,0.00000,1.54000,0.97000,2.16000,29.70000,94.75000
-0.02000,1.64000,-2.47000,0.00000,1.64000,0.99000,2.14000,35.95000,106.82000
-0.03000,1.63000,-2.50000,0.00000,1.95000,1.01000,2.11000,35.95000,106.82000
-0.03000,1.63000,-2.54000,0.02000,2.26000,1.05000,2.07000,42.84000,103.24000
-0.03000,1.63000,-2.58000,0.00000,2.41000,1.11000,2.01000,42.84000,103.24000
-0.03000,1.63000,-2.63000,0.00000,2.49000,1.20000,1.92000,51.45000,94.83000
-0.03000,1.63000,-2.67000,0.00000,2.30000,1.33000,1.79000,51.45000,94.83000
-0.04000,1.63000,-2.70000,0.00000,1.83000,2.82000,2.84000,82.89000,107.27000
-0.04000,1.63000,-2.74000,0.02000,1.89000,3.05000,3.03000,82.89000,107.27000
-0.04000,1.63000,-2.77000,0.21000,1.97000,1.76000,1.38000,83.57000,94.77000
-0.04000,1.63000,-2.80000,0.46000,1.87000,1.87000,1.26000,83.57000,94.77000
-0.04000,1.62000,-2.83000,0.00000,1.66000,1.94000,1.18000,90.24000,89.06000
-0.05000,1.62000,-2.85000,0.00000,1.58000,2.02000,1.11000,90.24000,89.06000
-0.05000,1.62000,-2.88000,0.00000,1.45000,2.07000,1.05000,107.93000,87.38000
-0.05000,1.62000,-2.90000,0.17000,1.08000,2.11000,1.01000,107.93000,87.38000
-0.05000,1.62000,-2.90000,0.79000,0.91000,2.13000,0.99000,118.77000,90.80000
-0.05000,1.62000,-2.89000,1.54000,1.22000,2.14000,0.99000,118.77000,90.80000
-0.06000,1.62000,-2.88000,1.91000,1.22000,2.14000,0.98000,110.21000,87.95000
-0.06000,1.62000,-2.86000,2.08000,1.12000,2.14000,0.98000,110.21000,87.95000
-0.07000,1.62000,-2.85000,2.28000,1.37000,2.14000,0.99000,105.70000,88.11000
-0.07000,1.62000,-2.82000,2.63000,1.33000,2.14000,0.99000,105.70000,88.11000
-0.07000,1.62000,-2.80000,2.97000,1.37000,2.13000,0.99000,97.60000,84.27000
-0.08000,1.61000,-2.76000,3.24000,1.54000,2.13000,1.00000,97.60000,84.27000
-0.08000,1.61000,-2.73000,3.20000,1.20000,2.12000,1.00000,85.36000,79.34000
-0.09000,1.61000,-2.69000,3.11000,1.24000,2.11000,1.02000,85.36000,79.34000
-0.09000,1.61000,-2.66000,2.86000,1.20000,2.10000,1.03000,80.24000,80.82000
-0.10000,1.61000,-2.63000,2.68000,1.04000,2.10000,1.03000,80.24000,80.82000
-0.10000,1.60000,-2.61000,2.45000,1.12000,2.10000,1.03000,80.64000,82.68000
-0.10000,1.60000,-2.59000,2.39000,1.12000,2.17000,0.95000,80.64000,82.68000
-0.11000,1.60000,-2.56000,2.22000,0.79000,2.16000,0.97000,82.45000,80.44000
-0.11000,1.60000,-2.54000,2.28000,0.83000,2.14000,0.98000,82.45000,80.44000
-0.11000,1.60000,-2.51000,2.34000,0.79000,2.12000,1.00000,82.06000,84.43000
-0.11000,1.59000,-2.48000,2.30000,1.00000,2.09000,1.03000,82.06000,84.43000
-0.12000,1.59000,-2.46000,2.43000,1.08000,2.06000,1.06000,79.94000,83.80000
-0.12000,1.59000,-2.43000,2.20000,0.81000,2.03000,1.09000,79.94000,83.80000
-0.12000,1.59000,-2.41000,2.18000,0.93000,1.99000,1.14000,78.91000,88.16000
-0.13000,1.59000,-2.40000,2.01000,1.16000,1.94000,1.18000,78.91000,88.16000
-0.13000,1.58000,-2.39000,1.62000,1.45000,1.91000,1.22000,79.25000,86.04000
-0.13000,1.58000,-2.39000,1.49000,1.37000,1.91000,1.22000,79.25000,86.04000
-0.13000,1.58000,-2.39000,1.39000,1.20000,1.91000,1.22000,86.38000,83.29000
-0.13000,1.58000,-2.38000,1.22000,0.85000,1.90000,1.22000,86.38000,83.29000
-0.14000,1.58000,-2.37000,1.54000,0.98000,1.89000,1.24000,92.63000,90.46000
-0.14000,1.57000,-2.36000,1.54000,1.16000,1.86000,1.26000,92.63000,90.46000
-0.14000,1.57000,-2.36000,1.70000,1.43000,1.85000,1.28000,91.32000,88.69000
-0.14000,1.57000,-2.35000,1.70000,1.35000,1.84000,1.29000,91.32000,88.69000
-0.15000,1.57000,-2.35000,1.78000,1.47000,1.82000,1.30000,90.34000,86.91000
-0.15000,1.56000,-2.34000,1.74000,1.25000,1.81000,1.31000,90.34000,86.91000
-0.15000,1.56000,-2.33000,1.79000,1.25000,1.79000,1.34000,89.92000,88.73000
-0.15000,1.56000,-2.32000,1.70000,1.31000,1.76000,1.37000,89.92000,88.73000
-0.15000,1.56000,-2.32000,1.49000,1.18000,1.75000,1.40000,90.29000,89.29000
-0.16000,1.55000,-2.31000,1.62000,1.20000,1.77000,1.45000,90.29000,89.29000
-0.16000,1.55000,-2.31000,1.41000,1.39000,1.89000,1.61000,93.87000,94.63000
-0.16000,1.55000,-2.30000,1.74000,1.49000,1.86000,1.59000,93.87000,94.63000
-0.16000,1.55000,-2.30000,1.83000,1.43000,1.99000,1.74000,95.16000,94.58000
-0.17000,1.54000,-2.29000,1.97000,1.70000,2.39000,2.19000,95.16000,94.58000
-0.17000,1.54000,-2.29000,2.01000,1.66000,2.61000,2.57000,102.54000,105.45000
-0.17000,1.54000,-2.28000,2.07000,1.89000,2.92000,2.90000,102.54000,105.45000
-0.18000,1.53000,-2.28000,2.07000,2.03000,3.02000,3.01000,111.02000,114.46000
-0.18000,1.53000,-2.29000,2.22000,2.49000,3.02000,3.00000,111.02000,114.46000
-0.18000,1.53000,-2.29000,2.39000,2.66000,2.71000,2.68000,109.84000,107.20000
-0.19000,1.52000,-2.29000,2.66000,2.72000,2.26000,2.04000,109.84000,107.20000
-0.19000,1.52000,-2.29000,2.91000,2.70000,1.99000,1.74000,95.46000,90.80000
-0.19000,1.51000,-2.27000,3.09000,2.37000,1.98000,1.72000,95.46000,90.80000
-0.20000,1.51000,-2.25000,3.38000,2.12000,2.53000,2.48000,93.08000,101.28000
-0.20000,1.50000,-2.23000,3.57000,2.30000,3.26000,3.26000,93.08000,101.28000
-0.21000,1.50000,-2.21000,3.47000,2.30000,2.87000,2.89000,87.65000,109.12000
-0.21000,1.49000,-2.19000,3.34000,2.57000,1.41000,1.76000,87.65000,109.12000
-0.21000,1.49000,-2.18000,3.40000,2.76000,1.27000,1.85000,62.89000,93.00000
-0.22000,1.48000,-2.18000,2.82000,2.57000,1.23000,1.90000,62.89000,93.00000
-0.22000,1.48000,-2.18000,2.20000,2.47000,1.20000,1.92000,57.25000,89.71000
-0.22000,1.47000,-2.19000,1.72000,2.22000,1.21000,1.92000,57.25000,89.71000
-0.23000,1.47000,-2.20000,1.27000,1.83000,1.23000,1.90000,64.34000,90.79000
-0.23000,1.47000,-2.21000,1.20000,1.81000,1.25000,1.88000,64.34000,90.79000
-0.23000,1.46000,-2.22000,1.08000,1.70000,1.27000,1.85000,69.87000,94.34000
-0.23000,1.46000,-2.24000,1.12000,1.91000,1.30000,1.82000,69.87000,94.34000
-0.23000,1.46000,-2.25000,1.33000,1.85000,1.35000,1.78000,72.65000,91.95000
-0.24000,1.46000,-2.26000,1.54000,1.99000,1.38000,1.76000,72.65000,91.95000
-0.24000,1.45000,-2.26000,1.49000,1.83000,1.44000,1.77000,69.23000,89.76000
-0.24000,1.45000,-2.27000,1.58000,1.74000,1.55000,1.84000,69.23000,89.76000
-0.24000,1.45000,-2.27000,1.62000,1.95000,1.62000,1.89000,70.67000,94.01000
-0.25000,1.44000,-2.28000,1.60000,1.95000,1.90000,2.13000,70.67000,94.01000
-0.25000,1.44000,-2.29000,1.47000,1.97000,2.40000,2.49000,82.27000,100.82000
-0.25000,1.44000,-2.29000,1.66000,2.10000,2.95000,2.97000,82.27000,100.82000
-0.25000,1.43000,-2.30000,2.08000,2.26000,3.18000,3.19000,97.95000,112.35000
-0.26000,1.43000,-2.30000,2.37000,2.39000,3.24000,3.24000,97.95000,112.35000
-0.26000,1.43000,-2.30000,2.57000,2.70000,3.24000,3.24000,97.29000,115.31000
-0.27000,1.42000,-2.31000,2.66000,3.15000,3.26000,3.26000,97.29000,115.31000
-0.27000,1.42000,-2.32000,2.57000,3.28000,3.26000,3.25000,98.46000,109.11000
-0.28000,1.41000,-2.33000,2.70000,3.28000,2.88000,2.86000,98.46000,109.11000
-0.28000,1.41000,-2.34000,2.57000,3.03000,2.07000,1.83000,83.68000,86.52000
-0.28000,1.40000,-2.35000,2.49000,2.84000,1.76000,1.42000,83.68000,86.52000
-0.29000,1.40000,-2.35000,2.03000,2.14000,1.77000,1.35000,78.55000,77.20000
-0.29000,1.40000,-2.35000,1.78000,1.78000,1.80000,1.32000,78.55000,77.20000
-0.29000,1.39000,-2.35000,1.39000,1.18000,1.82000,1.30000,85.53000,83.38000
-0.29000,1.39000,-2.34000,1.60000,1.20000,1.82000,1.30000,85.53000,83.38000
-0.30000,1.39000,-2.33000,1.62000,1.10000,1.82000,1.30000,88.59000,89.16000
-0.30000,1.39000,-2.32000,1.74000,1.04000,1.81000,1.31000,88.59000,89.16000
-0.30000,1.39000,-2.31000,1.78000,1.33000,1.80000,1.33000,87.38000,92.62000
-0.30000,1.38000,-2.30000,1.62000,1.41000,1.88000,1.25000,87.38000,92.62000
-0.31000,1.38000,-2.30000,1.58000,1.39000,1.87000,1.25000,90.70000,87.65000
-0.31000,1.38000,-2.31000,1.20000,1.54000,1.87000,1.26000,90.70000,87.65000
-0.31000,1.38000,-2.31000,1.08000,1.47000,1.89000,1.24000,98.73000,84.58000
-0.31000,1.37000,-2.31000,1.37000,1.20000,1.92000,1.21000,98.73000,84.58000
-0.31000,1.37000,-2.31000,1.45000,1.27000,1.91000,1.21000,100.69000,87.41000
-0.32000,1.37000,-2.30000,1.74000,1.14000,1.91000,1.22000,100.69000,87.41000
-0.32000,1.37000,-2.28000,1.91000,1.04000,1.89000,1.24000,97.93000,88.85000
-0.32000,1.36000,-2.26000,2.24000,1.24000,1.84000,1.28000,97.93000,88.85000
-0.32000,1.36000,-2.24000,2.45000,1.33000,1.79000,1.34000,89.85000,89.31000
-0.33000,1.36000,-2.22000,2.88000,1.39000,1.77000,1.46000,89.85000,89.31000
-0.33000,1.35000,-2.19000,3.01000,1.47000,3.04000,3.02000,96.23000,113.01000
-0.33000,1.35000,-2.16000,3.22000,1.70000,3.07000,3.08000,96.23000,113.01000
-0.34000,1.34000,-2.14000,3.38000,2.41000,1.44000,1.76000,68.21000,99.25000
-0.34000,1.34000,-2.14000,2.95000,2.53000,1.33000,1.80000,68.21000,99.25000
-0.34000,1.33000,-2.14000,2.57000,2.57000,1.29000,1.83000,59.30000,88.21000
-0.34000,1.33000,-2.14000,2.01000,2.34000,1.27000,1.85000,59.30000,88.21000
-0.35000,1.33000,-2.15000,1.60000,1.97000,1.28000,1.84000,63.25000,86.96000
-0.35000,1.32000,-2.16000,1.29000,1.76000,1.29000,1.83000,63.25000,86.96000
-0.35000,1.32000,-2.16000,1.41000,1.66000,1.31000,1.81000,70.19000,92.22000
-0.35000,1.32000,-2.17000,1.35000,1.78000,1.32000,1.81000,70.19000,92.22000
-0.35000,1.31000,-2.17000,1.56000,1.72000,1.33000,1.79000,69.75000,91.86000
-0.36000,1.31000,-2.17000,1.66000,1.76000,1.33000,1.79000,69.75000,91.86000
-0.36000,1.31000,-2.18000,1.54000,1.72000,1.33000,1.80000,64.92000,92.28000
-0.36000,1.30000,-2.18000,1.62000,1.91000,1.33000,1.80000,64.92000,92.28000
-0.36000,1.30000,-2.19000,1.41000,1.89000,1.33000,1.79000,63.63000,90.22000
-0.37000,1.30000,-2.20000,1.45000,1.93000,1.35000,1.77000,63.63000,90.22000
-0.37000,1.29000,-2.21000,1.25000,1.91000,1.37000,1.76000,64.99000,88.73000
-0.37000,1.29000,-2.22000,1.12000,1.81000,1.44000,1.77000,64.99000,88.73000
-0.37000,1.29000,-2.24000,1.20000,1.83000,1.78000,2.03000,75.59000,93.58000
-0.37000,1.29000,-2.24000,1.37000,1.85000,2.58000,2.62000,75.59000,93.58000
-0.38000,1.28000,-2.26000,1.47000,2.22000,2.97000,2.99000,93.69000,108.69000
-0.38000,1.28000,-2.26000,2.07000,2.30000,3.26000,3.26000,93.69000,108.69000
-0.38000,1.28000,-2.26000,2.47000,2.30000,3.28000,3.28000,97.39000,113.13000
-0.39000,1.27000,-2.26000,2.63000,2.51000,3.27000,3.27000,97.39000,113.13000
-0.39000,1.27000,-2.26000,2.78000,2.84000,1.86000,1.27000,74.84000,85.69000
-0.39000,1.26000,-2.26000,2.39000,2.43000,1.87000,1.26000,74.84000,85.69000
-0.40000,1.26000,-2.26000,1.79000,2.08000,1.88000,1.24000,74.30000,79.12000
-0.40000,1.26000,-2.27000,1.58000,1.76000,1.91000,1.22000,74.30000,79.12000
-0.40000,1.25000,-2.27000,1.29000,1.45000,1.92000,1.20000,83.99000,81.36000
-0.40000,1.25000,-2.27000,1.16000,1.02000,1.94000,1.19000,83.99000,81.36000
-0.40000,1.25000,-2.26000,1.49000,1.00000,1.93000,1.19000,92.46000,89.01000
-0.41000,1.25000,-2.25000,1.56000,1.18000,1.92000,1.21000,92.46000,89.01000
-0.41000,1.24000,-2.24000,1.76000,1.22000,1.90000,1.22000,90.75000,88.03000
-0.41000,1.24000,-2.23000,1.83000,1.29000,1.88000,1.24000,90.75000,88.03000
-0.41000,1.24000,-2.23000,1.70000,1.45000,1.86000,1.26000,88.14000,87.33000
-0.42000,1.24000,-2.22000,1.85000,1.27000,1.86000,1.27000,88.14000,87.33000
-0.42000,1.23000,-2.21000,1.87000,1.29000,1.83000,1.29000,87.54000,87.95000
-0.42000,1.23000,-2.20000,2.01000,1.56000,1.80000,1.32000,87.54000,87.95000
-0.42000,1.23000,-2.19000,1.74000,1.43000,1.78000,1.34000,84.24000,84.51000
-0.42000,1.22000,-2.19000,1.62000,1.45000,1.77000,1.36000,84.24000,84.51000
-0.43000,1.22000,-2.19000,1.31000,1.29000,1.77000,1.36000,88.54000,85.05000
-0.43000,1.22000,-2.19000,1.04000,1.16000,1.77000,1.36000,88.54000,85.05000
-0.43000,1.22000,-2.19000,1.08000,1.14000,1.78000,1.34000,98.39000,88.57000
-0.43000,1.22000,-2.20000,1.10000,1.25000,1.79000,1.33000,98.39000,88.57000
-0.43000,1.21000,-2.19000,1.25000,1.04000,1.81000,1.32000,102.29000,88.01000
-0.43000,1.21000,-2.18000,1.70000,1.31000,1.80000,1.32000,102.29000,88.01000
-0.44000,1.21000,-2.18000,1.95000,1.47000,1.79000,1.34000,97.20000,87.84000
-0.44000,1.20000,-2.16000,2.41000,1.33000,1.77000,1.36000,97.20000,87.84000
-0.44000,1.20000,-2.13000,2.66000,1.45000,1.84000,1.56000,87.98000,91.02000
-0.44000,1.20000,-2.11000,2.84000,1.54000,2.95000,2.94000,87.98000,91.02000
-0.45000,1.19000,-2.08000,2.88000,1.31000,3.23000,3.24000,98.92000,114.49000
-0.45000,1.19000,-2.06000,3.13000,2.01000,1.58000,1.86000,98.92000,114.49000
-0.45000,1.18000,-2.05000,3.24000,2.47000,1.33000,1.79000,68.39000,95.85000
-0.45000,1.18000,-2.04000,2.84000,2.49000,1.26000,1.87000,68.39000,95.85000
-0.46000,1.17000,-2.04000,2.47000,2.64000,1.20000,1.92000,60.01000,89.32000
-0.46000,1.17000,-2.05000,1.89000,2.39000,1.16000,1.96000,60.01000,89.32000
-0.46000,1.16000,-2.07000,1.49000,2.18000,1.14000,1.98000,63.54000,88.41000
-0.46000,1.16000,-2.08000,1.27000,1.97000,1.32000,1.80000,63.54000,88.41000
-0.46000,1.16000,-2.09000,1.27000,1.76000,1.37000,1.76000,71.79000,88.90000
-0.47000,1.15000,-2.10000,1.33000,1.76000,1.42000,1.76000,71.79000,88.90000
-0.47000,1.15000,-2.10000,1.45000,1.66000,1.55000,1.84000,74.28000,91.92000
-0.47000,1.15000,-2.10000,1.74000,1.64000,1.67000,1.94000,74.28000,91.92000
-0.47000,1.14000,-2.10000,1.74000,1.81000,1.56000,1.84000,69.44000,94.26000
-0.47000,1.14000,-2.10000,1.87000,1.76000,1.56000,1.84000,69.44000,94.26000
-0.48000,1.14000,-2.10000,1.70000,1.95000,1.48000,1.79000,65.27000,92.77000
-0.48000,1.13000,-2.11000,1.68000,1.99000,1.57000,1.85000,65.27000,92.77000
-0.48000,1.13000,-2.12000,1.39000,2.08000,1.78000,2.03000,70.31000,93.13000
-0.48000,1.13000,-2.13000,1.45000,1.95000,2.75000,2.78000,70.31000,93.13000
-0.48000,1.12000,-2.14000,1.29000,1.99000,3.12000,3.13000,94.42000,110.49000
-0.49000,1.12000,-2.15000,1.74000,2.28000,3.28000,3.28000,94.42000,110.49000
-0.49000,1.12000,-2.15000,2.49000,2.70000,3.14000,3.13000,100.41000,112.66000
-0.49000,1.11000,-2.15000,2.82000,2.82000,3.00000,2.98000,100.41000,112.66000
-0.50000,1.10000,-2.16000,2.97000,3.05000,2.95000,2.94000,89.79000,106.73000
-0.50000,1.10000,-2.16000,2.72000,3.05000,2.81000,2.79000,89.79000,106.73000
-0.50000,1.09000,-2.17000,2.61000,3.09000,2.33000,2.12000,82.70000,91.69000
-0.51000,1.09000,-2.18000,2.24000,2.80000,1.80000,1.50000,82.70000,91.69000
-0.51000,1.09000,-2.19000,1.95000,2.66000,1.76000,1.36000,79.09000,78.53000
-0.51000,1.08000,-2.20000,1.78000,2.05000,1.82000,1.30000,79.09000,78.53000
-0.51000,1.08000,-2.21000,1.41000,1.79000,1.85000,1.27000,84.43000,79.69000
-0.52000,1.08000,-2.21000,1.37000,1.39000,1.89000,1.23000,84.43000,79.69000
-0.52000,1.07000,-2.20000,1.56000,1.35000,1.91000,1.22000,91.89000,84.16000
-0.52000,1.07000,-2.20000,1.51000,1.51000,1.92000,1.21000,91.89000,84.16000
-0.52000,1.07000,-2.19000,1.74000,1.25000,1.94000,1.19000,93.37000,80.81000
-0.52000,1.07000,-2.18000,1.81000,0.87000,1.94000,1.19000,93.37000,80.81000
-0.53000,1.06000,-2.15000,2.18000,0.75000,1.92000,1.21000,91.21000,88.84000
-0.53000,1.06000,-2.12000,2.16000,0.68000,1.87000,1.26000,91.21000,88.84000
-0.53000,1.06000,-2.10000,1.95000,0.75000,1.81000,1.32000,84.96000,95.25000
-0.53000,1.05000,-2.10000,1.66000,1.37000,1.76000,1.37000,84.96000,95.25000
-0.53000,1.05000,-2.10000,1.25000,1.54000,1.92000,1.65000,91.98000,93.80000
-0.53000,1.05000,-2.11000,1.18000,1.64000,1.78000,1.46000,91.98000,93.80000
-0.54000,1.05000,-2.13000,1.02000,1.85000,1.76000,1.38000,98.30000,87.33000
-0.54000,1.04000,-2.13000,1.25000,1.64000,1.81000,1.31000,98.30000,87.33000
-0.54000,1.04000,-2.13000,1.58000,1.60000,1.84000,1.28000,102.01000,84.37000
-0.54000,1.04000,-2.12000,1.89000,1.37000,1.85000,1.28000,102.01000,84.37000
-0.54000,1.03000,-2.10000,2.45000,1.37000,1.82000,1.30000,95.67000,86.53000
-0.55000,1.03000,-2.08000,2.72000,1.39000,1.76000,1.36000,95.67000,86.53000
-0.55000,1.03000,-2.05000,3.05000,1.29000,2.16000,1.93000,87.89000,95.26000
-0.55000,1.02000,-2.02000,3.13000,1.70000,3.28000,3.28000,87.89000,95.26000
-0.55000,1.02000,-2.00000,2.95000,1.74000,2.03000,2.24000,76.31000,98.53000
-0.56000,1.01000,-1.99000,2.74000,1.95000,1.37000,1.76000,76.31000,98.53000
-0.56000,1.01000,-1.98000,2.45000,2.03000,1.30000,1.82000,64.72000,91.69000
-0.56000,1.00000,-1.98000,2.16000,2.01000,1.27000,1.86000,64.72000,91.69000
-0.56000,1.00000,-1.98000,1.87000,2.12000,1.25000,1.88000,64.01000,90.85000
-0.56000,0.99000,-1.99000,1.70000,2.12000,1.25000,1.88000,64.01000,90.85000
-0.56000,0.99000,-2.00000,1.47000,1.93000,1.26000,1.87000,65.54000,88.33000
-0.57000,0.99000,-2.00000,1.47000,1.85000,1.27000,1.85000,65.54000,88.33000
-0.57000,0.98000,-2.01000,1.37000,1.54000,1.28000,1.84000,66.62000,90.53000
-0.57000,0.98000,-2.01000,1.27000,1.54000,1.28000,1.85000,66.62000,90.53000
-0.57000,0.98000,-2.02000,1.43000,1.68000,1.28000,1.84000,68.61000,95.14000
-0.57000,0.98000,-2.02000,1.25000,1.68000,1.28000,1.84000,68.61000,95.14000
-0.57000,0.97000,-2.03000,1.52000,1.83000,1.30000,1.83000,69.23000,94.56000
-0.57000,0.97000,-2.03000,1.72000,1.85000,1.30000,1.82000,69.23000,94.56000
-0.58000,0.97000,-2.04000,1.58000,1.95000,1.29000,1.83000,62.29000,93.01000
-0.58000,0.96000,-2.04000,1.47000,1.81000,1.29000,1.83000,62.29000,93.01000
-0.58000,0.96000,-2.06000,1.14000,1.89000,1.30000,1.83000,63.52000,93.47000
-0.58000,0.96000,-2.07000,1.16000,1.85000,1.32000,1.80000,63.52000,93.47000
-0.58000,0.95000,-2.08000,1.27000,1.93000,1.35000,1.78000,67.94000,92.21000
-0.58000,0.95000,-2.09000,1.25000,1.78000,1.38000,1.76000,67.94000,92.21000
-0.59000,0.95000,-2.10000,1.35000,1.91000,1.41000,1.76000,68.79000,92.42000
-0.59000,0.94000,-2.11000,1.37000,1.87000,1.49000,1.79000,68.79000,92.42000
-0.59000,0.94000,-2.12000,1.22000,2.01000,1.82000,1.31000,73.98000,84.24000
-0.59000,0.94000,-2.13000,1.37000,1.83000,1.87000,1.26000,73.98000,84.24000
-0.59000,0.93000,-2.14000,1.27000,1.68000,1.90000,1.23000,77.92000,80.30000
-0.60000,0.93000,-2.15000,1.12000,1.37000,1.93000,1.20000,77.92000,80.30000
-0.60000,0.93000,-2.15000,1.14000,1.20000,1.94000,1.18000,85.48000,82.86000
-0.60000,0.93000,-2.14000,1.29000,1.06000,1.95000,1.17000,85.48000,82.86000
-0.60000,0.93000,-2.14000,1.31000,0.93000,1.95000,1.18000,87.98000,86.34000
-0.60000,0.92000,-2.12000,1.52000,0.93000,1.94000,1.19000,87.98000,86.34000
-0.60000,0.92000,-2.12000,1.64000,1.12000,1.91000,1.21000,88.03000,89.43000
-0.60000,0.92000,-2.11000,1.70000,1.16000,1.90000,1.23000,88.03000,89.43000
-0.61000,0.92000,-2.10000,1.74000,1.27000,1.87000,1.25000,87.03000,88.29000
-0.61000,0.91000,-2.09000,1.62000,1.33000,1.85000,1.27000,87.03000,88.29000
-0.61000,0.91000,-2.08000,1.85000,1.45000,1.84000,1.28000,88.85000,86.75000
-0.61000,0.91000,-2.08000,1.64000,1.45000,1.83000,1.29000,88.85000,86.75000
-0.61000,0.90000,-2.08000,1.83000,1.52000,1.83000,1.30000,89.61000,84.86000
-0.61000,0.90000,-2.07000,1.78000,1.20000,1.82000,1.31000,89.61000,84.86000
-0.62000,0.90000,-2.05000,1.81000,1.12000,1.79000,1.34000,87.98000,88.25000
-0.62000,0.89000,-2.04000,1.97000,1.39000,1.76000,1.38000,87.98000,88.25000
-0.62000,0.89000,-2.03000,2.16000,1.25000,1.78000,1.47000,85.08000,88.22000
-0.62000,0.89000,-2.02000,1.99000,1.45000,2.48000,2.37000,85.08000,88.22000
-0.62000,0.88000,-2.01000,1.74000,1.49000,2.98000,2.97000,101.63000,110.21000
-0.62000,0.88000,-2.01000,1.66000,1.68000,3.11000,3.10000,101.63000,110.21000
-0.63000,0.88000,-2.02000,1.74000,2.16000,3.08000,3.07000,114.11000,117.49000
-0.63000,0.87000,-2.03000,1.89000,2.57000,2.69000,2.65000,114.11000,117.49000
-0.63000,0.87000,-2.04000,2.37000,2.86000,1.86000,1.58000,100.81000,90.00000
-0.63000,0.86000,-2.04000,2.45000,2.57000,1.76000,1.38000,100.81000,90.00000
-0.64000,0.86000,-2.04000,2.68000,2.34000,1.78000,1.35000,91.01000,80.63000
-0.64000,0.85000,-2.02000,2.66000,1.78000,1.78000,1.35000,91.01000,80.63000
-0.64000,0.85000,-2.00000,2.78000,1.58000,1.75000,1.40000,83.52000,85.80000
-0.64000,0.84000,-1.97000,2.93000,1.45000,2.15000,1.92000,83.52000,85.80000
-0.64000,0.84000,-1.95000,2.70000,1.20000,3.23000,3.23000,96.22000,115.91000
-0.65000,0.83000,-1.93000,2.80000,1.83000,2.76000,2.79000,96.22000,115.91000
-0.65000,0.83000,-1.92000,3.03000,2.45000,1.43000,1.76000,72.99000,99.00000
-0.65000,0.82000,-1.91000,2.82000,2.49000,1.32000,1.80000,72.99000,99.00000
-0.65000,0.82000,-1.91000,2.55000,2.62000,1.29000,1.83000,62.31000,89.66000
-0.65000,0.81000,-1.92000,1.97000,2.30000,1.29000,1.84000,62.31000,89.66000
-0.66000,0.81000,-1.93000,1.70000,2.24000,1.30000,1.83000,65.95000,88.45000
-0.66000,0.81000,-1.94000,1.29000,1.99000,1.32000,1.80000,65.95000,88.45000
-0.66000,0.80000,-1.95000,1.39000,1.97000,1.36000,1.77000,73.14000,89.37000
-0.66000,0.80000,-1.95000,1.54000,1.70000,1.41000,1.76000,73.14000,89.37000
-0.66000,0.79000,-1.96000,1.60000,1.74000,1.43000,1.76000,70.89000,92.27000
-0.66000,0.79000,-1.96000,1.74000,1.66000,1.45000,1.77000,70.89000,92.27000
-0.66000,0.79000,-1.96000,1.66000,1.81000,1.41000,1.75000,66.84000,93.16000
-0.67000,0.78000,-1.96000,1.66000,1.85000,1.42000,1.76000,66.84000,93.16000
-0.67000,0.78000,-1.97000,1.33000,1.97000,1.44000,1.76000,66.49000,91.06000
-0.67000,0.78000,-1.98000,1.33000,1.91000,1.77000,2.02000,66.49000,91.06000
-0.67000,0.77000,-2.00000,1.25000,1.91000,2.59000,2.63000,87.47000,102.64000
-0.67000,0.77000,-2.01000,1.49000,2.01000,3.13000,3.14000,87.47000,102.64000
-0.67000,0.77000,-2.01000,2.07000,2.37000,3.27000,3.28000,102.80000,115.10000
-0.68000,0.76000,-2.01000,2.49000,2.57000,3.27000,3.27000,102.80000,115.10000
-0.68000,0.76000,-2.01000,2.78000,2.91000,3.25000,3.25000,98.23000,113.89000
-0.68000,0.75000,-2.02000,2.95000,3.30000,3.21000,3.21000,98.23000,113.89000
-0.68000,0.74000,-2.02000,2.80000,3.01000,3.01000,3.00000,92.36000,103.30000
-0.69000,0.74000,-2.03000,2.74000,2.78000,2.72000,2.69000,92.36000,103.30000
-0.69000,0.73000,-2.03000,2.51000,2.55000,2.47000,2.34000,87.70000,99.43000
-0.69000,0.73000,-2.03000,2.37000,2.49000,2.14000,1.91000,87.70000,99.43000
-0.69000,0.72000,-2.04000,1.95000,2.43000,1.82000,1.52000,81.90000,88.87000
-0.70000,0.72000,-2.04000,1.76000,2.10000,1.77000,1.36000,81.90000,88.87000
-0.70000,0.72000,-2.05000,1.45000,1.99000,-0.91000,-2.21000,46.75000,32.93000
-0.70000,0.71000,-2.05000,0.77000,0.77000,-0.91000,-2.21000,46.75000,32.93000
-0.70000,0.71000,-2.05000,0.04000,0.00000,-0.91000,-2.21000,45.66000,26.99000
-0.70000,0.71000,-2.05000,0.00000,0.00000,-0.91000,-2.21000,45.66000,26.99000
-0.70000,0.71000,-2.05000,0.00000,0.00000,-0.91000,-2.21000,47.12000,20.63000
-0.70000,0.71000,-2.05000,0.00000,0.00000,-0.91000,-2.21000,47.12000,20.63000
-0.70000,0.71000,-2.05000,0.00000,0.00000,-0.91000,-2.21000,41.67000,7.36000
-0.70000,0.71000,-2.05000,0.02000,0.00000,-0.91000,-2.21000,41.67000,7.36000
-0.70000,0.71000,-2.05000,0.00000,0.00000,-0.91000,-2.21000,35.91000,-5.92000
-0.70000,0.71000,-2.05000,0.00000,0.00000,-0.91000,-2.21000,35.91000,-5.92000
-0.70000,0.71000,-2.05000,0.00000,0.00000,-0.91000,-2.21000,30.65000,-19.20000
-0.70000,0.71000,-2.05000,0.00000,0.00000,-0.91000,-2.21000,30.65000,-19.20000
-0.70000,0.71000,-2.05000,0.00000,0.00000,-0.91000,-2.21000,25.20000,-32.48000
-0.70000,0.71000,-2.05000,0.00000,0.00000,-0.91000,-2.21000,25.20000,-32.48000
-0.70000,0.71000,-2.05000,0.00000,0.00000,-0.91000,-2.21000,19.75000,-45.75000
-0.70000,0.71000,-2.05000,0.00000,0.00000,-0.91000,-2.21000,19.75000,-45.75000
-0.70000,0.71000,-2.05000,0.00000,0.00000,-0.91000,-2.21000,14.30000,-59.03000
-0.70000,0.71000,-2.05000,0.00000,0.00000,-0.91000,-2.21000,14.30000,-59.03000
-0.70000,0.71000,-2.05000,0.00000,0.00000,-0.91000,-2.21000,8.85000,-72.31000
-0.70000,0.71000,-2.05000,0.00000,-0.21000,-0.91000,-2.21000,8.85000,-72.31000
-0.70000,0.71000,-2.04000,0.00000,-0.29000,-0.91000,-2.21000,3.40000,-82.47000
-0.70000,0.72000,-2.03000,0.00000,-0.58000,-0.91000,-2.21000,3.40000,-82.47000
-0.70000,0.72000,-2.02000,0.00000,-0.89000,-0.91000,-2.21000,-2.06000,-88.90000
-0.70000,0.72000,-1.99000,0.00000,-1.16000,-0.91000,-2.21000,-2.06000,-88.90000
-0.70000,0.72000,-1.97000,0.00000,-1.31000,-0.91000,-2.21000,-7.52000,-89.99000
-0.70000,0.72000,-1.94000,0.00000,-1.54000,-0.91000,-2.21000,-7.52000,-89.99000
-0.70000,0.72000,-1.91000,0.00000,-1.70000,-0.91000,-2.21000,-13.02000,-90.68000
-0.69000,0.72000,-1.88000,0.00000,-1.66000,-0.91000,-2.21000,-13.02000,-90.68000
-0.69000,0.73000,-1.85000,0.00000,-1.85000,-0.92000,-2.21000,-18.60000,-92.77000
-0.69000,0.73000,-1.82000,0.00000,-1.87000,-0.93000,-2.20000,-18.60000,-92.77000
-0.69000,0.73000,-1.78000,0.00000,-2.05000,-0.94000,-2.19000,-24.38000,-92.66000
-0.69000,0.73000,-1.74000,0.00000,-2.03000,-0.95000,-2.17000,-24.38000,-92.66000
-0.69000,0.73000,-1.70000,0.00000,-2.03000,-0.97000,-2.16000,-30.45000,-91.67000
-0.69000,0.74000,-1.67000,0.00000,-1.99000,-0.98000,-2.14000,-30.45000,-91.67000
-0.69000,0.74000,-1.63000,0.00000,-2.03000,-1.00000,-2.13000,-36.70000,-92.55000
-0.69000,0.74000,-1.60000,-0.02000,-2.03000,-1.01000,-2.11000,-36.70000,-92.55000
-0.69000,0.74000,-1.56000,0.00000,-2.12000,-1.15000,-2.12000,-44.65000,-92.70000
-0.69000,0.75000,-1.52000,0.00000,-1.91000,-3.27000,-3.30000,-44.65000,-92.70000
-0.69000,0.75000,-1.49000,-0.02000,-1.76000,-2.16000,-1.33000,-66.92000,-83.13000
-0.69000,0.75000,-1.47000,-0.19000,-1.58000,-2.11000,-1.01000,-66.92000,-83.13000
-0.69000,0.75000,-1.45000,-0.04000,-1.10000,-2.12000,-1.01000,-76.47000,-79.82000
-0.69000,0.75000,-1.43000,-0.02000,-0.75000,-2.13000,-1.00000,-76.47000,-79.82000
-0.69000,0.75000,-1.42000,-0.02000,-0.60000,-2.13000,-0.99000,-90.74000,-88.62000
-0.69000,0.75000,-1.41000,-0.21000,-0.79000,-2.14000,-0.99000,-90.74000,-88.62000
-0.69000,0.76000,-1.41000,-0.79000,-0.77000,-2.14000,-0.98000,-100.76000,-89.34000
-0.69000,0.76000,-1.43000,-1.41000,-0.73000,-2.14000,-0.98000,-100.76000,-89.34000
-0.69000,0.76000,-1.44000,-1.58000,-0.98000,-2.14000,-0.99000,-94.25000,-91.53000
-0.69000,0.76000,-1.44000,-1.49000,-1.20000,-2.13000,-0.99000,-94.25000,-91.53000
-0.69000,0.77000,-1.45000,-1.58000,-1.20000,-2.13000,-0.99000,-97.24000,-86.02000
-0.69000,0.77000,-1.46000,-1.51000,-1.14000,-2.13000,-1.00000,-97.24000,-86.02000
-0.69000,0.77000,-1.47000,-1.85000,-1.25000,-2.12000,-1.00000,-100.68000,-85.79000
-0.69000,0.78000,-1.48000,-1.83000,-1.20000,-2.12000,-1.01000,-100.68000,-85.79000
-0.70000,0.78000,-1.49000,-1.85000,-1.02000,-2.12000,-1.01000,-99.55000,-84.15000
-0.70000,0.78000,-1.51000,-1.89000,-1.16000,-2.11000,-1.01000,-99.55000,-84.15000
-0.70000,0.79000,-1.52000,-1.93000,-1.29000,-2.11000,-1.02000,-100.19000,-83.75000
-0.70000,0.79000,-1.53000,-2.01000,-1.18000,-2.11000,-1.05000,-100.19000,-83.75000
-0.70000,0.79000,-1.55000,-2.28000,-1.10000,-2.27000,-1.73000,-102.16000,-93.27000
-0.70000,0.80000,-1.57000,-2.63000,-1.45000,-3.21000,-3.18000,-102.16000,-93.27000
-0.70000,0.80000,-1.60000,-3.15000,-1.56000,-3.05000,-3.09000,-106.09000,-112.89000
-0.70000,0.81000,-1.63000,-3.48000,-2.05000,-1.07000,-2.11000,-106.09000,-112.89000
-0.70000,0.82000,-1.65000,-3.61000,-2.61000,-1.01000,-2.11000,-65.24000,-98.99000
-0.69000,0.82000,-1.65000,-3.03000,-2.78000,-1.01000,-2.12000,-65.24000,-98.99000
-0.69000,0.83000,-1.64000,-2.20000,-2.61000,-1.01000,-2.12000,-57.15000,-88.60000
-0.69000,0.83000,-1.63000,-1.41000,-2.26000,-1.01000,-2.12000,-57.15000,-88.60000
-0.69000,0.84000,-1.61000,-0.85000,-1.95000,-1.01000,-2.11000,-69.37000,-92.25000
-0.69000,0.84000,-1.60000,-0.95000,-1.62000,-1.03000,-2.11000,-69.37000,-92.25000
-0.69000,0.84000,-1.59000,-1.16000,-1.56000,-1.14000,-2.12000,-75.78000,-101.19000
-0.69000,0.85000,-1.58000,-1.12000,-1.62000,-1.53000,-2.21000,-75.78000,-101.19000
-0.69000,0.85000,-1.58000,-1.41000,-1.72000,-2.51000,-2.61000,-94.97000,-111.44000
-0.69000,0.85000,-1.57000,-1.83000,-1.99000,-2.88000,-2.93000,-94.97000,-111.44000
-0.69000,0.86000,-1.57000,-2.12000,-2.26000,-3.01000,-3.05000,-100.24000,-118.46000
-0.69000,0.86000,-1.57000,-2.36000,-2.57000,-3.10000,-3.13000,-100.24000,-118.46000
-0.69000,0.87000,-1.56000,-2.66000,-2.74000,-3.19000,-3.22000,-101.92000,-118.60000
-0.69000,0.88000,-1.56000,-2.78000,-2.78000,-3.21000,-3.24000,-101.92000,-118.60000
-0.69000,0.88000,-1.57000,-2.86000,-2.82000,-3.21000,-3.24000,-101.01000,-119.72000
-0.69000,0.89000,-1.57000,-2.86000,-2.86000,-3.20000,-3.23000,-101.01000,-119.72000
-0.69000,0.89000,-1.57000,-2.86000,-2.86000,-3.20000,-3.23000,-102.15000,-121.02000
-0.69000,0.90000,-1.56000,-2.66000,-2.95000,-3.20000,-3.23000,-102.15000,-121.02000
-0.69000,0.91000,-1.55000,-2.37000,-3.19000,-3.26000,-3.29000,-108.21000,-122.87000
-0.69000,0.91000,-1.53000,-2.16000,-3.05000,-3.10000,-3.07000,-108.21000,-122.87000
-0.69000,0.92000,-1.51000,-2.07000,-3.17000,-2.30000,-1.80000,-104.85000,-101.05000
-0.69000,0.92000,-1.49000,-1.95000,-2.86000,-2.11000,-1.03000,-104.85000,-101.05000
-0.70000,0.93000,-1.48000,-1.66000,-2.49000,-2.11000,-1.01000,-105.97000,-84.56000
-0.70000,0.93000,-1.47000,-1.72000,-1.95000,-2.12000,-1.01000,-105.97000,-84.56000
-0.70000,0.94000,-1.48000,-1.93000,-1.51000,-2.12000,-1.01000,-110.49000,-87.08000
-0.70000,0.94000,-1.50000,-2.20000,-1.31000,-2.11000,-1.01000,-110.49000,-87.08000
-0.70000,0.95000,-1.52000,-2.53000,-1.20000,-2.11000,-1.02000,-105.55000,-91.18000
-0.70000,0.95000,-1.55000,-2.90000,-1.41000,-2.12000,-1.12000,-105.55000,-91.18000
-0.70000,0.95000,-1.57000,-2.66000,-1.49000,-3.11000,-3.07000,-109.40000,-118.71000
-0.70000,0.96000,-1.58000,-2.41000,-2.03000,-3.18000,-3.21000,-109.40000,-118.71000
-0.70000,0.97000,-1.58000,-2.45000,-2.49000,-2.97000,-3.02000,-116.09000,-118.49000
-0.70000,0.97000,-1.58000,-2.78000,-2.76000,-3.00000,-3.04000,-116.09000,-118.49000
-0.70000,0.98000,-1.58000,-2.82000,-2.76000,-2.98000,-3.02000,-113.97000,-113.57000
-0.70000,0.98000,-1.58000,-2.82000,-2.64000,-2.92000,-2.97000,-113.97000,-113.57000
-0.70000,0.99000,-1.58000,-2.82000,-2.74000,-2.73000,-2.79000,-110.74000,-113.55000
-0.70000,1.00000,-1.58000,-2.99000,-2.82000,-2.61000,-2.69000,-110.74000,-113.55000
-0.70000,1.00000,-1.59000,-3.36000,-2.82000,-2.29000,-2.49000,-101.21000,-107.16000
-0.70000,1.01000,-1.60000,-3.36000,-2.78000,-1.31000,-2.16000,-101.21000,-107.16000
-0.70000,1.02000,-1.61000,-2.99000,-2.70000,-1.04000,-2.11000,-72.64000,-100.04000
-0.70000,1.02000,-1.61000,-2.53000,-2.63000,-1.02000,-2.11000,-72.64000,-100.04000
-0.70000,1.03000,-1.60000,-2.16000,-2.51000,-1.03000,-2.11000,-70.95000,-98.16000
-0.70000,1.03000,-1.59000,-1.74000,-2.26000,-1.05000,-2.11000,-70.95000,-98.16000
-0.70000,1.04000,-1.58000,-1.60000,-2.12000,-1.30000,-2.16000,-77.93000,-101.36000
-0.70000,1.04000,-1.57000,-1.49000,-2.16000,-2.19000,-2.44000,-77.93000,-101.36000
-0.70000,1.04000,-1.56000,-1.62000,-2.03000,-3.03000,-3.07000,-104.95000,-115.98000
-0.70000,1.05000,-1.56000,-2.14000,-2.22000,-3.22000,-3.25000,-104.95000,-115.98000
-0.70000,1.06000,-1.56000,-2.66000,-2.55000,-3.24000,-3.26000,-107.62000,-123.45000
-0.70000,1.06000,-1.57000,-2.90000,-2.82000,-3.21000,-3.24000,-107.62000,-123.45000
-0.70000,1.07000,-1.57000,-3.11000,-3.09000,-3.18000,-3.21000,-101.89000,-119.91000
-0.70000,1.08000,-1.57000,-3.07000,-3.05000,-3.17000,-3.20000,-101.89000,-119.91000
-0.70000,1.08000,-1.57000,-3.11000,-2.84000,-3.16000,-3.19000,-100.76000,-118.52000
-0.70000,1.09000,-1.58000,-3.13000,-2.74000,-3.01000,-3.05000,-100.76000,-118.52000
-0.70000,1.10000,-1.58000,-2.97000,-2.80000,-2.61000,-2.69000,-92.05000,-116.46000
-0.70000,1.10000,-1.57000,-2.47000,-2.90000,-2.29000,-2.49000,-92.05000,-116.46000
-0.70000,1.11000,-1.56000,-2.05000,-2.82000,-2.88000,-2.93000,-103.00000,-117.35000
-0.70000,1.11000,-1.54000,-1.58000,-2.61000,-3.25000,-3.28000,-103.00000,-117.35000
-0.70000,1.12000,-1.52000,-1.72000,-2.66000,-3.01000,-2.97000,-120.74000,-122.38000
-0.70000,1.12000,-1.51000,-1.93000,-2.86000,-2.20000,-1.46000,-120.74000,-122.38000
-0.70000,1.13000,-1.50000,-2.24000,-2.82000,-2.11000,-1.03000,-110.49000,-91.66000
-0.70000,1.13000,-1.49000,-2.07000,-2.41000,-2.11000,-1.02000,-110.49000,-91.66000
-0.70000,1.14000,-1.49000,-2.03000,-1.78000,-2.11000,-1.01000,-109.42000,-87.29000
-0.70000,1.14000,-1.51000,-2.24000,-1.58000,-2.11000,-1.02000,-109.42000,-87.29000
-0.70000,1.15000,-1.53000,-2.61000,-1.41000,-2.11000,-1.02000,-107.07000,-91.52000
-0.70000,1.15000,-1.55000,-2.70000,-1.33000,-2.25000,-1.66000,-107.07000,-91.52000
-0.70000,1.15000,-1.57000,-2.68000,-1.56000,-3.25000,-3.23000,-116.64000,-124.99000
-0.70000,1.16000,-1.59000,-2.63000,-1.99000,-3.00000,-3.04000,-116.64000,-124.99000
-0.70000,1.17000,-1.59000,-2.66000,-2.61000,-2.10000,-2.41000,-103.68000,-114.16000
-0.70000,1.17000,-1.58000,-2.55000,-2.80000,-1.98000,-2.36000,-103.68000,-114.16000
-0.70000,1.18000,-1.57000,-2.39000,-2.80000,-2.48000,-2.57000,-107.31000,-107.00000
-0.70000,1.18000,-1.57000,-2.41000,-2.70000,-2.94000,-2.99000,-107.31000,-107.00000
-0.70000,1.19000,-1.56000,-2.20000,-2.51000,-3.12000,-3.16000,-118.76000,-115.92000
-0.70000,1.19000,-1.56000,-2.32000,-2.51000,-3.23000,-3.26000,-118.76000,-115.92000
-0.70000,1.20000,-1.56000,-2.68000,-2.72000,-3.26000,-3.29000,-126.41000,-123.48000
-0.70000,1.21000,-1.57000,-3.26000,-2.70000,-3.27000,-3.29000,-126.41000,-123.48000
-0.70000,1.21000,-1.59000,-3.98000,-2.84000,-3.11000,-3.14000,-115.70000,-123.12000
-0.70000,1.22000,-1.61000,-4.23000,-2.93000,-1.48000,-2.20000,-115.70000,-123.12000
-0.70000,1.23000,-1.64000,-4.28000,-2.88000,-1.02000,-2.11000,-68.83000,-106.83000
-0.70000,1.24000,-1.66000,-3.53000,-2.53000,-1.01000,-2.12000,-68.83000,-106.83000
-0.70000,1.24000,-1.66000,-2.53000,-2.49000,-1.00000,-2.12000,-59.87000,-108.09000
-0.70000,1.25000,-1.65000,-1.66000,-2.32000,-1.00000,-2.12000,-59.87000,-108.09000
-0.70000,1.25000,-1.63000,-1.12000,-2.18000,-1.01000,-2.12000,-72.79000,-108.71000
-0.70000,1.25000,-1.61000,-1.08000,-2.14000,-1.01000,-2.11000,-72.79000,-108.71000
-0.70000,1.26000,-1.59000,-1.02000,-2.08000,-1.02000,-2.11000,-77.78000,-110.07000
-0.70000,1.26000,-1.58000,-1.22000,-1.87000,-1.19000,-2.13000,-77.78000,-110.07000
-0.70000,1.27000,-1.57000,-1.51000,-2.03000,-2.16000,-2.43000,-92.42000,-118.84000
-0.70000,1.27000,-1.56000,-1.68000,-2.05000,-2.91000,-2.95000,-92.42000,-118.84000
-0.70000,1.27000,-1.56000,-2.03000,-2.01000,-3.14000,-3.17000,-105.91000,-130.56000
-0.70000,1.28000,-1.57000,-2.53000,-2.14000,-3.13000,-3.16000,-105.91000,-130.56000
-0.70000,1.29000,-1.58000,-3.03000,-2.55000,-2.85000,-2.90000,-97.51000,-131.93000
-0.70000,1.29000,-1.58000,-2.99000,-2.82000,-2.06000,-2.39000,-97.51000,-131.93000
-0.70000,1.30000,-1.58000,-2.95000,-2.86000,-1.67000,-2.26000,-74.89000,-116.57000
-0.70000,1.30000,-1.57000,-2.20000,-2.99000,-1.49000,-2.20000,-74.89000,-116.57000
-0.70000,1.31000,-1.54000,-1.37000,-2.93000,-2.82000,-2.87000,-96.04000,-119.95000
-0.70000,1.31000,-1.50000,-0.89000,-2.86000,-3.18000,-3.15000,-96.04000,-119.95000
-0.70000,1.32000,-1.47000,-0.79000,-2.74000,-2.11000,-1.04000,-108.67000,-93.66000
-0.70000,1.32000,-1.44000,-1.02000,-2.28000,-2.12000,-1.01000,-108.67000,-93.66000
-0.70000,1.33000,-1.44000,-1.66000,-1.95000,-2.12000,-1.00000,-114.37000,-90.82000
-0.70000,1.33000,-1.44000,-1.62000,-1.41000,-2.13000,-1.00000,-114.37000,-90.82000
-0.70000,1.33000,-1.45000,-1.78000,-1.22000,-2.13000,-1.00000,-112.01000,-96.17000
-0.70000,1.34000,-1.46000,-1.60000,-1.08000,-2.12000,-1.00000,-112.01000,-96.17000
-0.70000,1.34000,-1.47000,-1.62000,-1.10000,-2.12000,-1.01000,-115.28000,-98.80000
-0.70000,1.34000,-1.48000,-1.89000,-1.29000,-2.12000,-1.01000,-115.28000,-98.80000
-0.70000,1.35000,-1.50000,-2.28000,-1.39000,-2.11000,-1.01000,-113.93000,-95.34000
-0.70000,1.35000,-1.52000,-2.74000,-1.35000,-2.11000,-1.02000,-113.93000,-95.34000
-0.70000,1.36000,-1.55000,-2.93000,-1.37000,-2.20000,-1.47000,-103.78000,-99.57000
-0.70000,1.36000,-1.58000,-2.88000,-1.54000,-3.27000,-3.24000,-103.78000,-99.57000
-0.70000,1.36000,-1.59000,-2.45000,-1.68000,-2.74000,-2.80000,-106.43000,-117.46000
-0.70000,1.37000,-1.59000,-2.28000,-2.14000,-1.36000,-2.17000,-106.43000,-117.46000
-0.70000,1.37000,-1.59000,-2.37000,-2.37000,-1.20000,-2.13000,-91.49000,-106.04000
-0.70000,1.38000,-1.59000,-2.03000,-2.28000,-1.17000,-2.13000,-91.49000,-106.04000
-0.70000,1.38000,-1.59000,-1.60000,-1.56000,-1.37000,-2.17000,-91.34000,-104.43000
-0.70000,1.39000,-1.60000,-1.18000,-0.73000,-1.30000,-2.16000,-91.34000,-104.43000
-0.70000,1.39000,-1.61000,-0.62000,-0.10000,-1.06000,-2.11000,-95.42000,-126.14000
-0.70000,1.39000,-1.61000,-0.12000,-0.02000,-1.02000,-2.11000,-95.42000,-126.14000
-0.70000,1.39000,-1.60000,0.00000,-0.31000,-1.02000,-2.11000,-109.98000,-144.98000
-0.70000,1.39000,-1.59000,-0.02000,-0.85000,-1.03000,-2.11000,-109.98000,-144.98000
-0.70000,1.39000,-1.56000,-0.02000,-1.47000,-1.33000,-2.16000,-121.62000,-145.90000
-0.70000,1.39000,-1.54000,-0.77000,-2.01000,-3.19000,-3.22000,-121.62000,-145.90000
-0.70000,1.40000,-1.53000,-1.80000,-2.24000,-3.05000,-3.01000,-144.01000,-149.04000
-0.70000,1.40000,-1.54000,-2.70000,-2.47000,-2.63000,-2.54000,-144.01000,-149.04000
-0.70000,1.41000,-1.55000,-3.82000,-3.01000,-2.85000,-2.80000,-125.82000,-144.98000
-0.70000,1.42000,-1.57000,-4.19000,-3.11000,-3.27000,-3.24000,-125.82000,-144.98000
-0.70000,1.43000,-1.59000,-4.38000,-3.11000,-2.99000,-3.03000,-106.38000,-140.78000
-0.70000,1.44000,-1.61000,-4.29000,-3.20000,-1.15000,-2.13000,-106.38000,-140.78000
-0.70000,1.44000,-1.63000,-3.92000,-2.90000,-1.02000,-2.11000,-68.04000,-125.21000
-0.70000,1.45000,-1.64000,-3.09000,-2.70000,-1.01000,-2.11000,-68.04000,-125.21000
-0.70000,1.46000,-1.63000,-2.24000,-2.70000,-1.01000,-2.12000,-66.28000,-126.34000
-0.70000,1.46000,-1.61000,-1.58000,-2.70000,-1.01000,-2.12000,-66.28000,-126.34000
-0.70000,1.46000,-1.58000,-1.08000,-2.74000,-1.02000,-2.11000,-76.61000,-122.69000
-0.70000,1.47000,-1.55000,-1.16000,-2.74000,-1.30000,-2.15000,-76.61000,-122.69000
-0.70000,1.47000,-1.52000,-1.20000,-2.70000,-3.21000,-3.23000,-112.35000,-135.46000
-0.70000,1.48000,-1.51000,-1.78000,-2.39000,-2.79000,-2.72000,-112.35000,-135.46000
-0.70000,1.48000,-1.52000,-2.66000,-2.12000,-2.22000,-1.57000,-100.54000,-118.70000
-0.70000,1.49000,-1.54000,-3.03000,-2.22000,-2.64000,-2.55000,-100.54000,-118.70000
-0.70000,1.49000,-1.55000,-2.82000,-2.01000,-3.21000,-3.19000,-99.34000,-140.54000
-0.70000,1.50000,-1.56000,-2.78000,-2.39000,-3.22000,-3.25000,-99.34000,-140.54000
-0.70000,1.51000,-1.56000,-2.61000,-2.84000,-3.04000,-3.07000,-101.55000,-142.19000
-0.70000,1.51000,-1.54000,-2.24000,-3.09000,-3.15000,-3.18000,-101.55000,-142.19000
-0.70000,1.52000,-1.52000,-2.03000,-3.11000,-3.26000,-3.23000,-114.52000,-138.12000
-0.70000,1.52000,-1.50000,-2.28000,-3.28000,-2.48000,-2.27000,-114.52000,-138.12000
-0.70000,1.53000,-1.48000,-2.53000,-3.74000,-2.11000,-1.05000,-102.74000,-103.49000
-0.70000,1.54000,-1.47000,-2.57000,-3.40000,-2.11000,-1.01000,-102.74000,-103.49000
-0.70000,1.54000,-1.46000,-2.22000,-2.78000,-2.12000,-1.01000,-97.49000,-87.60000
-0.70000,1.55000,-1.46000,-2.12000,-2.10000,-2.12000,-1.00000,-97.49000,-87.60000
-0.70000,1.55000,-1.47000,-2.14000,-1.47000,-2.12000,-1.00000,-101.69000,-92.74000
-0.70000,1.56000,-1.48000,-2.16000,-1.31000,-2.12000,-1.01000,-101.69000,-92.74000
-0.70000,1.56000,-1.51000,-2.26000,-0.98000,-2.11000,-1.01000,-100.98000,-98.13000
-0.70000,1.56000,-1.53000,-2.16000,-0.87000,-2.11000,-1.02000,-100.98000,-98.13000
-0.70000,1.57000,-1.55000,-1.97000,-1.08000,-2.14000,-1.25000,-101.16000,-106.43000
-0.70000,1.57000,-1.56000,-1.78000,-1.29000,-2.74000,-2.67000,-101.16000,-106.43000
-0.70000,1.57000,-1.56000,-1.74000,-1.43000,-3.12000,-3.08000,-121.30000,-130.03000
-0.70000,1.58000,-1.57000,-2.03000,-1.70000,-3.24000,-3.21000,-121.30000,-130.03000
-0.70000,1.58000,-1.58000,-2.41000,-1.91000,-3.29000,-3.27000,-128.19000,-137.34000
-0.70000,1.59000,-1.59000,-2.55000,-1.72000,-3.19000,-3.22000,-128.19000,-137.34000
-0.70000,1.59000,-1.61000,-2.61000,-1.74000,-2.46000,-2.57000,-115.53000,-135.92000
-0.70000,1.60000,-1.62000,-2.55000,-2.07000,-1.11000,-2.12000,-115.53000,-135.92000
-0.70000,1.60000,-1.62000,-2.57000,-2.26000,-1.02000,-2.11000,-93.41000,-128.77000
-0.70000,1.61000,-1.63000,-2.70000,-2.36000,-1.02000,-2.11000,-93.41000,-128.77000
-0.70000,1.61000,-1.63000,-2.57000,-2.22000,-1.01000,-2.11000,-81.91000,-124.67000
-0.70000,1.62000,-1.64000,-2.49000,-2.30000,-1.01000,-2.11000,-81.91000,-124.67000
-0.70000,1.62000,-1.64000,-2.26000,-2.18000,-1.01000,-2.12000,-74.84000,-124.22000
-0.70000,1.63000,-1.64000,-2.01000,-2.03000,-1.00000,-2.12000,-74.84000,-124.22000
-0.70000,1.63000,-1.63000,-1.74000,-1.89000,-1.00000,-2.12000,-73.00000,-127.22000
-0.70000,1.64000,-1.63000,-1.58000,-1.60000,-1.00000,-2.12000,-73.00000,-127.22000
-0.70000,1.64000,-1.63000,-1.35000,-1.43000,-1.00000,-2.13000,-73.41000,-134.34000
-0.70000,1.64000,-1.63000,-1.39000,-1.72000,-1.00000,-2.13000,-73.41000,-134.34000
-0.70000,1.65000,-1.61000,-1.18000,-1.91000,-0.99000,-2.13000,-72.70000,-135.68000
-0.70000,1.65000,-1.59000,-1.24000,-2.34000,-1.00000,-2.13000,-72.70000,-135.68000
-0.70000,1.65000,-1.57000,-1.37000,-2.68000,-1.00000,-2.12000,-72.63000,-128.70000
-0.70000,1.66000,-1.54000,-1.27000,-2.86000,-1.01000,-2.12000,-72.63000,-128.70000
-0.70000,1.66000,-1.51000,-1.37000,-2.95000,-1.01000,-2.11000,-71.04000,-119.38000
-0.70000,1.67000,-1.49000,-1.43000,-2.84000,-1.04000,-2.11000,-71.04000,-119.38000
-0.70000,1.67000,-1.46000,-1.18000,-2.53000,-1.98000,-2.36000,-81.54000,-118.95000
-0.70000,1.68000,-1.45000,-1.33000,-1.97000,-3.20000,-3.23000,-81.54000,-118.95000
-0.70000,1.68000,-1.45000,-1.52000,-1.66000,2.20000,0.92000,-23.64000,-79.91000
-0.70000,1.68000,-1.44000,-0.60000,-0.93000,2.20000,0.92000,-23.64000,-79.91000
-0.70000,1.68000,-1.44000,0.00000,-0.23000,2.20000,0.93000,-13.44000,-77.99000
-0.70000,1.68000,-1.44000,0.00000,0.00000,2.19000,0.93000,-13.44000,-77.99000
-0.70000,1.68000,-1.44000,0.00000,0.00000,2.19000,0.93000,-5.70000,-80.81000
-0.70000,1.68000,-1.44000,0.00000,0.00000,2.19000,0.93000,-5.70000,-80.81000
-0.70000,1.68000,-1.44000,0.00000,0.00000,2.19000,0.93000,7.47000,-75.23000
-0.70000,1.68000,-1.44000,0.00000,0.00000,2.19000,0.93000,7.47000,-75.23000
-0.70000,1.68000,-1.44000,0.00000,0.00000,2.19000,0.93000,20.63000,-69.65000
-0.70000,1.68000,-1.44000,0.00000,0.00000,2.19000,0.93000,20.63000,-69.65000
-0.70000,1.68000,-1.44000,0.00000,0.00000,2.19000,0.93000,33.80000,-64.07000
-0.70000,1.68000,-1.44000,0.00000,0.00000,2.19000,0.93000,33.80000,-64.07000
-0.70000,1.68000,-1.44000,0.00000,0.00000,2.19000,0.93000,46.97000,-58.50000
-0.70000,1.68000,-1.44000,0.00000,0.00000,2.19000,0.93000,46.97000,-58.50000
-0.70000,1.68000,-1.44000,0.02000,0.00000,2.19000,0.93000,60.14000,-52.92000
-0.70000,1.68000,-1.44000,0.00000,0.00000,2.19000,0.93000,60.14000,-52.92000
-0.70000,1.68000,-1.44000,0.00000,0.00000,2.19000,0.93000,73.31000,-47.34000
-0.70000,1.68000,-1.44000,0.02000,0.00000,2.19000,0.93000,73.31000,-47.34000
-0.70000,1.68000,-1.44000,0.00000,0.00000,2.19000,0.93000,86.16000,-41.76000
-0.70000,1.68000,-1.43000,0.42000,0.00000,2.19000,0.93000,86.16000,-41.76000
-0.70000,1.68000,-1.41000,0.87000,0.00000,2.19000,0.93000,93.26000,-36.14000
-0.70000,1.68000,-1.39000,1.31000,0.00000,2.19000,0.94000,93.26000,-36.14000
-0.70000,1.68000,-1.36000,1.68000,0.00000,2.18000,0.95000,90.32000,-30.33000
-0.70000,1.68000,-1.32000,2.22000,0.00000,2.16000,0.96000,90.32000,-30.33000
-0.70000,1.67000,-1.28000,2.43000,0.00000,2.14000,0.99000,81.21000,-24.01000
-0.70000,1.67000,-1.23000,2.59000,0.00000,2.09000,1.03000,81.21000,-24.01000
-0.70000,1.67000,-1.18000,2.64000,0.00000,2.03000,1.09000,73.53000,-16.50000
-0.70000,1.66000,-1.14000,2.51000,0.00000,1.94000,1.19000,73.53000,-16.50000
-0.70000,1.66000,-1.09000,2.35000,0.00000,1.81000,1.31000,68.09000,-6.66000
-0.70000,1.66000,-1.05000,2.22000,0.00000,2.47000,2.34000,68.09000,-6.66000
-0.69000,1.66000,-1.02000,1.83000,0.00000,3.00000,3.01000,86.06000,26.72000
-0.69000,1.66000,-0.98000,1.99000,0.00000,1.38000,1.76000,86.06000,26.72000
-0.69000,1.65000,-0.94000,2.26000,0.00000,1.25000,1.88000,67.89000,27.79000
-0.69000,1.65000,-0.91000,2.14000,0.00000,1.13000,1.99000,67.89000,27.79000
-0.69000,1.65000,-0.88000,1.56000,0.00000,1.06000,2.07000,58.35000,41.91000
-0.69000,1.65000,-0.86000,0.96000,0.00000,1.01000,2.11000,58.35000,41.91000
-0.69000,1.65000,-0.86000,0.21000,0.00000,0.99000,2.13000,68.64000,55.29000
-0.69000,1.65000,-0.86000,0.02000,0.00000,0.99000,2.14000,68.64000,55.29000
-0.69000,1.65000,-0.86000,0.00000,0.02000,0.99000,2.14000,82.81000,68.16000
-0.69000,1.65000,-0.86000,0.02000,0.00000,0.99000,2.14000,82.81000,68.16000
-0.69000,1.65000,-0.86000,0.00000,0.00000,0.99000,2.14000,88.60000,81.00000
-0.69000,1.65000,-0.86000,0.00000,0.02000,0.99000,2.14000,88.60000,81.00000
-0.69000,1.65000,-0.85000,0.17000,0.00000,0.99000,2.14000,94.71000,93.51000
-0.69000,1.65000,-0.85000,0.33000,0.00000,0.98000,2.14000,94.71000,93.51000
-0.69000,1.65000,-0.84000,0.62000,0.00000,0.98000,2.15000,95.52000,106.67000
-0.69000,1.65000,-0.82000,0.87000,0.00000,0.97000,2.16000,95.52000,106.67000
-0.69000,1.65000,-0.80000,1.33000,0.00000,0.95000,2.17000,90.92000,119.90000
-0.68000,1.65000,-0.79000,1.16000,0.81000,0.94000,2.19000,90.92000,119.90000
-0.68000,1.64000,-0.80000,1.00000,1.76000,0.93000,2.19000,86.73000,121.13000
-0.68000,1.64000,-0.82000,1.12000,2.24000,0.93000,2.19000,86.73000,121.13000
-0.68000,1.64000,-0.85000,1.14000,2.55000,0.93000,2.19000,85.95000,107.98000
-0.67000,1.63000,-0.88000,1.06000,2.57000,0.93000,2.19000,85.95000,107.98000
-0.67000,1.63000,-0.90000,1.16000,2.43000,0.93000,2.19000,85.75000,102.71000
-0.67000,1.63000,-0.92000,1.24000,2.30000,0.93000,2.20000,85.75000,102.71000
-0.67000,1.63000,-0.94000,1.00000,2.10000,0.92000,2.20000,82.09000,104.56000
-0.66000,1.62000,-0.96000,1.20000,2.12000,0.92000,2.20000,82.09000,104.56000
-0.66000,1.62000,-0.97000,1.20000,2.18000,0.92000,2.21000,80.70000,106.85000
-0.66000,1.62000,-1.00000,0.83000,2.20000,0.91000,2.21000,80.70000,106.85000
-0.66000,1.61000,-1.03000,0.66000,2.37000,0.91000,2.21000,84.51000,106.21000
-0.66000,1.61000,-1.06000,0.64000,2.30000,1.09000,2.03000,84.51000,106.21000
-0.66000,1.61000,-1.09000,0.81000,2.32000,1.15000,1.98000,91.33000,101.19000
-0.65000,1.60000,-1.10000,1.04000,2.03000,1.21000,1.92000,91.33000,101.19000
-0.65000,1.60000,-1.12000,1.16000,2.16000,1.26000,1.87000,90.05000,101.71000
-0.65000,1.60000,-1.14000,1.41000,2.20000,1.30000,1.82000,90.05000,101.71000
-0.65000,1.59000,-1.15000,1.58000,2.16000,1.35000,1.78000,87.13000,96.86000
-0.65000,1.59000,-1.16000,1.54000,2.18000,1.39000,1.75000,87.13000,96.86000
-0.64000,1.59000,-1.16000,1.64000,1.97000,1.52000,1.82000,87.54000,95.22000
-0.64000,1.58000,-1.17000,1.52000,1.93000,1.72000,1.98000,87.54000,95.22000
-0.64000,1.58000,-1.18000,1.41000,1.76000,2.22000,2.41000,98.23000,105.70000
-0.64000,1.58000,-1.19000,1.47000,2.03000,2.73000,2.76000,98.23000,105.70000
-0.64000,1.57000,-1.20000,1.39000,2.03000,3.14000,3.15000,116.89000,118.09000
-0.64000,1.57000,-1.21000,1.74000,2.41000,3.28000,3.28000,116.89000,118.09000
-0.64000,1.56000,-1.22000,1.99000,2.57000,3.09000,3.08000,122.11000,118.17000
-0.63000,1.56000,-1.23000,2.41000,2.84000,2.51000,2.42000,122.11000,118.17000
-0.63000,1.55000,-1.23000,2.82000,2.93000,1.92000,1.65000,102.62000,94.21000
-0.63000,1.55000,-1.23000,3.24000,2.86000,1.80000,1.49000,102.62000,94.21000
-0.63000,1.54000,-1.21000,3.38000,2.45000,1.87000,1.59000,86.48000,85.82000
-0.62000,1.53000,-1.19000,3.40000,2.22000,2.68000,2.64000,86.48000,85.82000
-0.62000,1.53000,-1.16000,3.13000,1.89000,3.28000,3.27000,96.90000,113.10000
-0.62000,1.52000,-1.14000,3.15000,1.91000,2.73000,2.76000,96.90000,113.10000
-0.62000,1.52000,-1.13000,3.13000,2.35000,1.40000,1.75000,71.71000,101.29000
-0.62000,1.51000,-1.12000,2.95000,2.41000,1.31000,1.81000,71.71000,101.29000
-0.61000,1.51000,-1.12000,2.61000,2.51000,1.25000,1.88000,62.01000,94.80000
-0.61000,1.50000,-1.12000,2.03000,2.37000,1.19000,1.93000,62.01000,94.80000
-0.61000,1.50000,-1.13000,1.68000,2.37000,1.16000,1.96000,64.17000,93.52000
-0.61000,1.49000,-1.15000,1.43000,2.20000,1.96000,1.70000,64.17000,93.52000
-0.61000,1.49000,-1.16000,1.31000,1.99000,1.76000,1.38000,76.91000,84.88000
-0.60000,1.49000,-1.17000,1.25000,1.76000,1.80000,1.33000,76.91000,84.88000
-0.60000,1.48000,-1.17000,1.66000,1.56000,1.83000,1.29000,82.81000,85.11000
-0.60000,1.48000,-1.15000,2.12000,1.29000,1.83000,1.29000,82.81000,85.11000
-0.60000,1.48000,-1.13000,2.35000,1.02000,1.79000,1.33000,72.63000,90.09000
-0.60000,1.47000,-1.11000,2.10000,1.22000,1.82000,1.53000,72.63000,90.09000
-0.60000,1.47000,-1.10000,2.08000,1.47000,2.63000,2.59000,83.58000,110.18000
-0.59000,1.47000,-1.10000,2.08000,1.66000,3.11000,3.11000,83.58000,110.18000
-0.59000,1.46000,-1.09000,2.24000,2.22000,3.25000,3.25000,96.44000,121.72000
-0.59000,1.46000,-1.10000,2.82000,2.99000,3.26000,3.25000,96.44000,121.72000
-0.59000,1.45000,-1.10000,3.20000,3.05000,3.21000,3.20000,91.63000,110.63000
-0.58000,1.44000,-1.11000,2.61000,3.15000,3.24000,3.24000,91.63000,110.63000
-0.58000,1.44000,-1.12000,2.53000,3.40000,2.96000,2.95000,93.40000,105.60000
-0.58000,1.43000,-1.13000,2.39000,3.05000,1.92000,1.66000,93.40000,105.60000
-0.57000,1.43000,-1.14000,2.37000,2.99000,1.76000,1.38000,80.81000,82.39000
-0.57000,1.42000,-1.15000,2.14000,2.47000,1.81000,1.32000,80.81000,82.39000
-0.57000,1.42000,-1.16000,1.62000,2.22000,1.84000,1.28000,82.04000,79.61000
-0.57000,1.42000,-1.16000,1.56000,1.62000,1.89000,1.23000,82.04000,79.61000
-0.57000,1.41000,-1.16000,1.35000,1.33000,1.91000,1.21000,90.04000,84.22000
-0.57000,1.41000,-1.15000,1.58000,1.04000,1.93000,1.20000,90.04000,84.22000
-0.57000,1.41000,-1.14000,1.76000,0.91000,1.92000,1.21000,91.92000,90.45000
-0.56000,1.40000,-1.12000,1.89000,1.12000,1.89000,1.24000,91.92000,90.45000
-0.56000,1.40000,-1.11000,1.97000,1.08000,1.87000,1.26000,88.58000,90.95000
-0.56000,1.40000,-1.09000,1.81000,1.12000,1.84000,1.28000,88.58000,90.95000
-0.56000,1.40000,-1.09000,1.62000,1.18000,1.82000,1.30000,88.96000,92.47000
-0.56000,1.39000,-1.09000,1.16000,1.31000,1.81000,1.31000,88.96000,92.47000
-0.56000,1.39000,-1.09000,0.85000,1.18000,1.84000,1.28000,99.02000,90.43000
-0.56000,1.39000,-1.10000,1.10000,1.27000,1.88000,1.25000,99.02000,90.43000
-0.56000,1.39000,-1.10000,1.04000,1.31000,1.85000,1.28000,104.10000,90.84000
-0.55000,1.38000,-1.10000,1.31000,1.18000,1.87000,1.26000,104.10000,90.84000
-0.55000,1.38000,-1.09000,1.64000,1.20000,1.86000,1.26000,105.74000,91.92000
-0.55000,1.38000,-1.08000,1.76000,1.16000,1.84000,1.28000,105.74000,91.92000
-0.55000,1.37000,-1.06000,2.37000,1.18000,1.81000,1.31000,101.46000,93.42000
-0.55000,1.37000,-1.04000,2.70000,1.33000,1.75000,1.39000,101.46000,93.42000
-0.54000,1.37000,-1.01000,3.09000,1.52000,2.57000,2.52000,99.05000,109.99000
-0.54000,1.36000,-0.98000,3.40000,1.72000,3.25000,3.25000,99.05000,109.99000
-0.54000,1.36000,-0.96000,3.49000,2.37000,1.57000,1.85000,72.72000,101.19000
-0.53000,1.35000,-0.95000,3.07000,2.47000,1.34000,1.79000,72.72000,101.19000
-0.53000,1.35000,-0.95000,2.64000,2.70000,1.29000,1.83000,62.51000,90.48000
-0.53000,1.34000,-0.95000,2.05000,2.35000,1.28000,1.84000,62.51000,90.48000
-0.53000,1.34000,-0.96000,1.64000,2.28000,1.29000,1.84000,67.01000,88.58000
-0.52000,1.34000,-0.98000,1.37000,2.01000,1.31000,1.81000,67.01000,88.58000
-0.52000,1.33000,-0.98000,1.31000,1.85000,1.35000,1.78000,73.58000,89.65000
-0.52000,1.33000,-0.99000,1.54000,1.68000,1.38000,1.76000,73.58000,89.65000
-0.52000,1.33000,-0.99000,1.54000,1.64000,1.38000,1.76000,71.49000,92.88000
-0.51000,1.32000,-0.99000,1.62000,1.68000,1.38000,1.76000,71.49000,92.88000
-0.51000,1.32000,-0.99000,1.56000,1.58000,1.38000,1.76000,69.22000,93.36000
-0.51000,1.32000,-1.00000,1.52000,1.91000,1.37000,1.76000,69.22000,93.36000
-0.51000,1.31000,-1.00000,1.56000,1.81000,1.39000,1.75000,69.53000,90.34000
-0.51000,1.31000,-1.01000,1.33000,1.76000,1.40000,1.75000,69.53000,90.34000
-0.50000,1.31000,-1.02000,1.54000,1.81000,1.48000,1.79000,72.90000,92.06000
-0.50000,1.31000,-1.02000,1.41000,1.83000,1.54000,1.83000,72.90000,92.06000
-0.50000,1.30000,-1.03000,1.45000,1.76000,1.79000,2.03000,77.17000,94.96000
-0.50000,1.30000,-1.03000,1.62000,1.93000,2.05000,2.27000,77.17000,94.96000
-0.50000,1.30000,-1.04000,1.52000,1.87000,2.40000,2.50000,85.57000,101.62000
-0.49000,1.29000,-1.04000,1.95000,2.08000,2.76000,2.78000,85.57000,101.62000
-0.49000,1.29000,-1.04000,2.01000,2.01000,2.76000,2.79000,90.70000,107.22000
-0.49000,1.28000,-1.04000,2.28000,2.39000,2.60000,2.63000,90.70000,107.22000
-0.49000,1.28000,-1.05000,2.18000,2.51000,2.44000,2.51000,85.67000,102.70000
-0.48000,1.27000,-1.06000,2.05000,2.47000,2.55000,2.59000,85.67000,102.70000
-0.48000,1.27000,-1.07000,1.83000,2.51000,1.82000,1.30000,80.78000,84.05000
-0.48000,1.27000,-1.08000,1.64000,2.16000,1.87000,1.26000,80.78000,84.05000
-0.48000,1.26000,-1.09000,1.45000,1.95000,1.90000,1.22000,86.85000,80.52000
-0.48000,1.26000,-1.09000,1.64000,1.45000,1.93000,1.19000,86.85000,80.52000
-0.48000,1.26000,-1.08000,1.56000,1.31000,1.93000,1.19000,88.86000,85.03000
-0.47000,1.25000,-1.07000,1.66000,0.93000,1.93000,1.20000,88.86000,85.03000
-0.47000,1.25000,-1.06000,1.60000,0.95000,1.90000,1.23000,89.80000,91.80000
-0.47000,1.25000,-1.05000,1.52000,1.12000,1.87000,1.26000,89.80000,91.80000
-0.47000,1.25000,-1.04000,1.66000,1.39000,1.85000,1.27000,92.71000,91.42000
-0.47000,1.24000,-1.04000,1.66000,1.29000,1.84000,1.28000,92.71000,91.42000
-0.47000,1.24000,-1.03000,1.83000,1.35000,1.83000,1.30000,92.18000,90.19000
-0.46000,1.24000,-1.02000,1.89000,1.31000,1.81000,1.32000,92.18000,90.19000
-0.46000,1.23000,-1.00000,2.05000,1.20000,1.78000,1.35000,89.01000,90.73000
-0.46000,1.23000,-0.99000,1.81000,1.29000,1.76000,1.43000,89.01000,90.73000
-0.46000,1.23000,-0.99000,1.85000,1.62000,1.92000,1.65000,91.72000,95.85000
-0.46000,1.23000,-0.99000,1.45000,1.47000,2.06000,1.82000,91.72000,95.85000
-0.45000,1.22000,-1.00000,1.41000,1.78000,1.98000,1.73000,98.67000,96.41000
-0.45000,1.22000,-1.00000,1.41000,1.64000,1.77000,1.46000,98.67000,96.41000
-0.45000,1.22000,-1.01000,1.45000,1.87000,1.75000,1.39000,99.02000,90.42000
-0.45000,1.21000,-1.01000,1.68000,1.70000,1.78000,1.35000,99.02000,90.42000
-0.45000,1.21000,-1.01000,1.72000,1.68000,1.79000,1.34000,97.52000,87.18000
-0.44000,1.21000,-1.00000,2.16000,1.54000,1.79000,1.33000,97.52000,87.18000
-0.44000,1.20000,-0.98000,2.45000,1.41000,1.77000,1.36000,90.69000,87.84000
-0.44000,1.20000,-0.95000,2.78000,1.45000,1.83000,1.55000,90.69000,87.84000
-0.44000,1.19000,-0.92000,2.88000,1.27000,3.03000,3.01000,97.92000,112.82000
-0.43000,1.19000,-0.90000,3.09000,1.80000,3.05000,3.06000,97.92000,112.82000
-0.43000,1.19000,-0.89000,3.11000,2.26000,1.49000,1.79000,71.62000,98.56000
-0.43000,1.18000,-0.88000,2.86000,2.53000,1.34000,1.79000,71.62000,98.56000
-0.42000,1.18000,-0.88000,2.49000,2.45000,1.29000,1.83000,62.45000,88.22000
-0.42000,1.17000,-0.89000,1.95000,2.43000,1.26000,1.87000,62.45000,88.22000
-0.42000,1.17000,-0.90000,1.62000,2.16000,1.25000,1.88000,66.07000,86.28000
-0.41000,1.17000,-0.91000,1.29000,1.74000,1.24000,1.89000,66.07000,86.28000
-0.41000,1.16000,-0.91000,1.16000,1.60000,1.23000,1.89000,71.58000,93.48000
-0.41000,1.16000,-0.92000,1.45000,1.85000,2.54000,2.58000,71.58000,93.48000
-0.41000,1.16000,-0.93000,1.35000,1.81000,2.95000,2.97000,94.53000,108.91000
-0.41000,1.16000,-0.93000,2.01000,1.93000,3.20000,3.20000,94.53000,108.91000
-0.40000,1.15000,-0.92000,2.45000,2.30000,3.16000,3.17000,98.25000,117.39000
-0.40000,1.15000,-0.92000,2.95000,2.72000,3.07000,3.08000,98.25000,117.39000
-0.39000,1.14000,-0.92000,3.24000,3.11000,2.87000,2.89000,86.86000,108.90000
-0.39000,1.13000,-0.92000,3.13000,3.07000,2.68000,2.71000,86.86000,108.90000
-0.39000,1.13000,-0.92000,3.01000,3.20000,2.51000,2.55000,78.11000,99.54000
-0.38000,1.12000,-0.92000,2.74000,2.95000,2.66000,2.70000,78.11000,99.54000
-0.38000,1.12000,-0.93000,2.37000,2.70000,2.83000,2.85000,85.05000,102.74000
-0.38000,1.12000,-0.94000,2.12000,2.61000,3.05000,3.07000,85.05000,102.74000
-0.37000,1.11000,-0.95000,1.78000,2.34000,3.25000,3.25000,101.21000,113.14000
-0.37000,1.11000,-0.96000,2.10000,2.43000,3.25000,3.25000,101.21000,113.14000
-0.37000,1.10000,-0.96000,2.28000,2.57000,3.14000,3.13000,106.69000,117.97000
-0.36000,1.10000,-0.97000,2.51000,2.82000,2.92000,2.91000,106.69000,117.97000
-0.36000,1.09000,-0.97000,2.78000,3.07000,2.51000,2.42000,97.25000,105.64000
-0.36000,1.09000,-0.98000,2.66000,2.95000,2.02000,1.77000,97.25000,105.64000
-0.35000,1.08000,-0.98000,2.57000,2.91000,1.78000,1.46000,84.09000,86.99000
-0.35000,1.08000,-0.99000,2.30000,2.49000,1.76000,1.37000,84.09000,86.99000
-0.35000,1.07000,-0.99000,1.89000,1.93000,1.79000,1.34000,84.23000,83.07000
-0.34000,1.07000,-0.98000,2.03000,1.72000,1.80000,1.32000,84.23000,83.07000
-0.34000,1.07000,-0.97000,1.74000,1.31000,1.80000,1.32000,85.46000,87.40000
-0.34000,1.07000,-0.97000,1.58000,1.33000,1.79000,1.33000,85.46000,87.40000
-0.34000,1.06000,-0.97000,1.35000,1.33000,1.79000,1.33000,90.78000,91.03000
-0.34000,1.06000,-0.97000,1.02000,1.16000,1.81000,1.31000,90.78000,91.03000
-0.34000,1.06000,-0.98000,0.95000,1.41000,1.83000,1.29000,101.06000,92.93000
-0.33000,1.06000,-0.98000,1.25000,1.39000,1.88000,1.25000,101.06000,92.93000
-0.33000,1.05000,-0.98000,1.41000,1.20000,1.91000,1.22000,103.70000,89.16000
-0.33000,1.05000,-0.97000,1.70000,1.37000,1.94000,1.18000,103.70000,89.16000
-0.33000,1.05000,-0.96000,1.87000,1.41000,1.93000,1.19000,101.14000,88.11000
-0.33000,1.04000,-0.95000,2.28000,1.22000,1.91000,1.21000,101.14000,88.11000
-0.32000,1.04000,-0.92000,2.66000,1.33000,1.87000,1.26000,92.84000,90.22000
-0.32000,1.04000,-0.89000,2.95000,1.47000,1.79000,1.33000,92.84000,90.22000
-0.32000,1.03000,-0.86000,3.11000,1.27000,1.86000,1.57000,80.22000,91.42000
-0.32000,1.03000,-0.83000,2.78000,1.31000,3.27000,3.27000,80.22000,91.42000
-0.31000,1.03000,-0.82000,2.61000,1.64000,2.45000,2.52000,85.07000,108.70000
-0.31000,1.02000,-0.81000,2.57000,1.95000,1.42000,1.76000,85.07000,108.70000
-0.30000,1.02000,-0.80000,2.66000,2.28000,1.35000,1.78000,69.68000,95.18000
-0.30000,1.01000,-0.80000,2.39000,2.41000,1.32000,1.81000,69.68000,95.18000
-0.30000,1.01000,-0.80000,2.10000,2.35000,1.31000,1.82000,64.50000,87.87000
-0.29000,1.01000,-0.81000,1.70000,2.22000,1.31000,1.81000,64.50000,87.87000
-0.29000,1.01000,-0.82000,1.58000,1.83000,1.34000,1.79000,68.75000,86.70000
-0.29000,1.00000,-0.83000,1.25000,1.76000,1.35000,1.78000,68.75000,86.70000
-0.29000,1.00000,-0.83000,1.43000,1.66000,1.38000,1.76000,74.04000,90.49000
-0.28000,1.00000,-0.83000,1.74000,1.58000,1.39000,1.75000,74.04000,90.49000
-0.28000,0.99000,-0.82000,1.85000,1.45000,1.37000,1.76000,67.21000,93.33000
-0.28000,0.99000,-0.82000,1.49000,1.66000,1.33000,1.79000,67.21000,93.33000
-0.28000,0.99000,-0.83000,1.20000,1.58000,1.33000,1.79000,68.20000,93.60000
-0.28000,0.99000,-0.84000,1.37000,1.66000,1.35000,1.77000,68.20000,93.60000
-0.27000,0.99000,-0.84000,1.27000,1.62000,1.37000,1.76000,69.57000,94.00000
-0.27000,0.98000,-0.85000,1.18000,1.70000,1.39000,1.75000,69.57000,94.00000
-0.27000,0.98000,-0.86000,1.20000,1.83000,1.47000,1.78000,73.91000,94.25000
-0.27000,0.98000,-0.87000,1.20000,1.87000,1.88000,2.12000,73.91000,94.25000
-0.26000,0.97000,-0.89000,1.12000,2.14000,2.80000,2.82000,95.20000,107.81000
-0.26000,0.97000,-0.90000,1.74000,2.24000,3.28000,3.28000,95.20000,107.81000
-0.26000,0.97000,-0.90000,2.37000,2.22000,3.22000,3.21000,103.02000,113.85000
-0.25000,0.96000,-0.89000,2.63000,2.36000,3.25000,3.24000,103.02000,113.85000
-0.25000,0.96000,-0.89000,2.68000,2.55000,3.28000,3.28000,99.44000,118.82000
-0.25000,0.95000,-0.90000,2.74000,2.88000,3.28000,3.28000,99.44000,118.82000
-0.24000,0.95000,-0.90000,2.70000,3.11000,3.28000,3.28000,101.74000,116.51000
-0.24000,0.94000,-0.91000,2.68000,3.26000,3.19000,3.18000,101.74000,116.51000
-0.23000,0.94000,-0.92000,2.68000,3.22000,2.65000,2.61000,96.42000,103.24000
-0.23000,0.93000,-0.93000,2.57000,2.95000,1.92000,1.20000,96.42000,103.24000
-0.23000,0.93000,-0.94000,2.41000,2.82000,1.95000,1.18000,87.30000,82.51000
-0.22000,0.92000,-0.94000,2.18000,2.34000,1.98000,1.15000,87.30000,82.51000
-0.22000,0.92000,-0.93000,2.22000,1.83000,1.99000,1.13000,90.12000,80.28000
-0.22000,0.92000,-0.92000,2.16000,1.51000,1.98000,1.14000,90.12000,80.28000
-0.22000,0.91000,-0.90000,2.03000,1.06000,1.96000,1.16000,88.90000,85.83000
-0.22000,0.91000,-0.89000,1.81000,0.91000,1.93000,1.20000,88.90000,85.83000
-0.21000,0.91000,-0.88000,1.52000,0.93000,1.89000,1.24000,91.92000,93.88000
-0.21000,0.91000,-0.88000,1.37000,1.33000,1.86000,1.26000,91.92000,93.88000
-0.21000,0.91000,-0.88000,1.27000,1.35000,1.87000,1.26000,98.62000,89.93000
-0.21000,0.90000,-0.89000,1.14000,1.58000,1.88000,1.25000,98.62000,89.93000
-0.21000,0.90000,-0.89000,1.39000,1.39000,1.91000,1.22000,105.62000,85.20000
-0.20000,0.90000,-0.88000,1.68000,1.31000,1.91000,1.21000,105.62000,85.20000
-0.20000,0.89000,-0.87000,1.99000,1.27000,1.90000,1.22000,102.05000,87.18000
-0.20000,0.89000,-0.84000,2.49000,0.95000,1.87000,1.26000,102.05000,87.18000
-0.20000,0.89000,-0.81000,2.95000,1.12000,1.79000,1.34000,89.53000,93.64000
-0.19000,0.89000,-0.77000,3.03000,1.33000,2.25000,2.04000,89.53000,93.64000
-0.19000,0.88000,-0.74000,3.15000,1.39000,3.28000,3.28000,99.55000,119.45000
-0.18000,0.88000,-0.72000,3.20000,2.01000,1.63000,1.90000,99.55000,119.45000
-0.18000,0.87000,-0.71000,3.26000,2.61000,1.34000,1.79000,69.50000,98.50000
-0.17000,0.87000,-0.70000,3.03000,2.76000,1.28000,1.84000,69.50000,98.50000
-0.17000,0.87000,-0.71000,2.43000,2.53000,1.25000,1.87000,59.53000,87.24000
-0.17000,0.86000,-0.71000,2.03000,2.24000,1.24000,1.89000,59.53000,87.24000
-0.16000,0.86000,-0.72000,1.56000,2.14000,1.23000,1.89000,63.54000,90.00000
-0.16000,0.86000,-0.73000,1.35000,1.81000,1.25000,1.88000,63.54000,90.00000
-0.16000,0.86000,-0.74000,1.12000,1.87000,1.26000,1.87000,69.39000,94.05000
-0.16000,0.85000,-0.75000,1.12000,1.78000,1.29000,1.84000,69.39000,94.05000
-0.15000,0.85000,-0.76000,1.29000,1.83000,1.31000,1.81000,73.07000,93.90000
-0.15000,0.85000,-0.77000,1.45000,1.85000,1.33000,1.79000,73.07000,93.90000
-0.15000,0.85000,-0.78000,1.72000,1.95000,1.34000,1.78000,69.68000,92.71000
-0.15000,0.84000,-0.78000,1.72000,1.85000,1.34000,1.79000,69.68000,92.71000
-0.14000,0.84000,-0.78000,1.74000,1.81000,1.33000,1.80000,64.74000,92.54000
-0.14000,0.84000,-0.78000,1.54000,1.64000,1.31000,1.82000,64.74000,92.54000
-0.14000,0.83000,-0.79000,1.27000,1.81000,1.29000,1.83000,64.63000,95.86000
-0.13000,0.83000,-0.80000,1.18000,1.74000,1.30000,1.83000,64.63000,95.86000
-0.13000,0.83000,-0.82000,1.00000,1.81000,1.30000,1.82000,68.64000,95.27000
-0.13000,0.83000,-0.83000,0.93000,1.99000,1.77000,1.44000,68.64000,95.27000
-0.13000,0.82000,-0.85000,1.10000,2.01000,1.80000,1.33000,80.49000,84.63000
-0.13000,0.82000,-0.86000,1.45000,1.78000,1.85000,1.27000,80.49000,84.63000
-0.12000,0.82000,-0.85000,1.70000,1.54000,1.88000,1.25000,79.13000,82.55000
-0.12000,0.82000,-0.84000,1.83000,1.31000,1.88000,1.25000,79.13000,82.55000
-0.12000,0.81000,-0.84000,1.62000,1.14000,1.85000,1.27000,75.65000,86.87000
-0.12000,0.81000,-0.83000,1.45000,1.12000,1.83000,1.30000,75.65000,86.87000
-0.12000,0.81000,-0.83000,1.08000,1.20000,1.81000,1.31000,80.81000,90.05000
-0.11000,0.81000,-0.84000,0.91000,1.20000,1.82000,1.30000,80.81000,90.05000
-0.11000,0.81000,-0.84000,0.95000,1.33000,1.84000,1.28000,91.53000,89.48000
-0.11000,0.80000,-0.84000,1.37000,1.39000,1.87000,1.26000,91.53000,89.48000
-0.11000,0.80000,-0.84000,1.52000,1.31000,1.88000,1.25000,90.76000,86.70000
-0.11000,0.80000,-0.83000,1.78000,1.45000,1.87000,1.26000,90.76000,86.70000
-0.10000,0.80000,-0.83000,1.68000,1.25000,1.86000,1.27000,87.28000,85.18000
-0.10000,0.79000,-0.81000,1.74000,1.02000,1.84000,1.29000,87.28000,85.18000
-0.10000,0.79000,-0.80000,1.66000,1.08000,1.80000,1.33000,87.45000,91.47000
-0.10000,0.79000,-0.80000,1.70000,1.35000,1.77000,1.36000,87.45000,91.47000
-0.09000,0.79000,-0.79000,1.66000,1.16000,1.76000,1.38000,87.76000,89.22000
-0.09000,0.79000,-0.79000,1.58000,1.43000,1.78000,1.47000,87.76000,89.22000
-0.09000,0.78000,-0.78000,1.68000,1.43000,1.80000,1.50000,90.62000,89.92000
-0.09000,0.78000,-0.78000,1.60000,1.31000,1.89000,1.61000,90.62000,89.92000
-0.08000,0.78000,-0.77000,1.87000,1.54000,2.10000,1.86000,96.10000,97.58000
-0.08000,0.78000,-0.76000,1.87000,1.54000,2.45000,2.30000,96.10000,97.58000
-0.08000,0.77000,-0.76000,1.97000,1.74000,2.78000,2.75000,105.27000,110.85000
-0.08000,0.77000,-0.76000,1.93000,1.97000,2.95000,2.94000,105.27000,110.85000
-0.07000,0.77000,-0.77000,1.95000,2.28000,2.88000,2.86000,111.38000,113.29000
-0.07000,0.76000,-0.78000,1.93000,2.53000,2.46000,2.33000,111.38000,113.29000
-0.06000,0.76000,-0.79000,2.26000,2.74000,1.81000,1.52000,101.05000,90.08000
-0.06000,0.75000,-0.79000,2.37000,2.53000,1.76000,1.38000,101.05000,90.08000
-0.06000,0.75000,-0.78000,2.66000,2.24000,1.77000,1.35000,93.23000,81.49000
-0.05000,0.75000,-0.76000,2.78000,1.85000,1.76000,1.37000,93.23000,81.49000
-0.05000,0.74000,-0.74000,3.07000,1.49000,1.81000,1.51000,83.94000,87.05000
-0.05000,0.74000,-0.71000,3.01000,1.45000,3.12000,3.11000,83.94000,87.05000
-0.04000,0.74000,-0.68000,2.66000,1.41000,2.97000,2.99000,92.14000,113.10000
-0.04000,0.73000,-0.67000,2.61000,1.62000,1.46000,1.78000,92.14000,113.10000
-0.03000,0.73000,-0.66000,2.68000,2.12000,1.33000,1.80000,73.16000,101.97000
-0.03000,0.73000,-0.65000,2.57000,2.43000,1.27000,1.85000,73.16000,101.97000
-0.03000,0.72000,-0.66000,2.28000,2.47000,1.23000,1.90000,64.62000,92.39000
-0.02000,0.72000,-0.67000,1.87000,2.28000,1.20000,1.92000,64.62000,92.39000
-0.02000,0.72000,-0.67000,1.60000,2.12000,1.18000,1.94000,66.40000,92.10000
-0.02000,0.72000,-0.69000,1.37000,2.20000,1.16000,1.96000,66.40000,92.10000
