0.00000,0.00000,0.00000,0.00000,0.00000,3.28000,3.28000,49.25000,49.25000
0.00000,0.00000,0.00000,0.00000,0.00000,3.28000,3.28000,49.25000,49.25000
0.00000,0.00000,0.00000,0.00000,0.00000,3.28000,3.28000,68.95000,68.95000
0.00000,0.00000,-0.00000,0.02000,0.04000,3.28000,3.28000,68.95000,68.95000
0.00000,0.00000,-0.00000,0.00000,0.00000,3.28000,3.28000,88.33000,88.01000
0.00000,0.00000,-0.00000,0.00000,0.00000,3.28000,3.28000,88.33000,88.01000
0.00000,-0.00000,0.01000,0.33000,0.00000,3.28000,3.28000,108.21000,108.08000
0.00000,0.00000,0.02000,0.96000,0.02000,3.24000,3.24000,108.21000,108.08000
0.00000,0.00000,0.04000,1.22000,0.00000,2.55000,2.59000,102.59000,117.11000
0.00000,0.00000,0.07000,1.43000,0.02000,1.40000,1.75000,102.59000,117.11000
0.01000,0.00000,0.09000,1.54000,0.58000,1.29000,1.83000,86.16000,121.08000
0.01000,0.00000,0.09000,1.29000,1.29000,1.24000,1.89000,86.16000,121.08000
0.01000,0.00000,0.08000,1.20000,1.87000,1.24000,1.89000,86.72000,113.81000
0.02000,0.00000,0.06000,1.25000,2.10000,1.27000,1.85000,86.72000,113.81000
0.02000,0.00000,0.04000,1.08000,2.12000,1.32000,1.80000,88.32000,103.97000
0.02000,0.00000,0.03000,1.18000,2.03000,1.41000,1.76000,88.32000,103.97000
0.03000,0.00000,0.02000,1.25000,1.68000,2.01000,2.23000,99.97000,109.53000
0.03000,0.00000,0.01000,1.10000,1.56000,2.72000,2.75000,99.97000,109.53000
0.03000,0.00000,-0.00000,1.10000,1.70000,3.10000,3.11000,122.54000,131.08000
0.04000,0.00000,-0.01000,1.51000,1.89000,3.28000,3.28000,122.54000,131.08000
0.04000,0.00000,-0.02000,1.64000,2.34000,3.24000,3.24000,130.50000,137.40000
0.05000,0.00000,-0.03000,1.85000,2.59000,2.86000,2.84000,130.50000,137.40000
0.05000,0.00000,-0.06000,1.76000,2.97000,1.98000,1.72000,116.92000,112.19000
0.06000,0.00000,-0.08000,1.72000,2.99000,1.77000,1.35000,116.92000,112.19000
0.06000,0.00000,-0.10000,1.45000,2.70000,1.85000,1.27000,117.67000,94.28000
0.07000,0.00000,-0.12000,1.37000,2.32000,1.92000,1.21000,117.67000,94.28000
0.07000,-0.00000,-0.12000,1.54000,1.83000,1.96000,1.16000,125.42000,92.24000
0.07000,-0.00000,-0.12000,1.49000,1.54000,1.98000,1.15000,125.42000,92.24000
0.08000,-0.00000,-0.12000,1.70000,1.25000,1.98000,1.14000,127.39000,96.83000
0.08000,-0.00000,-0.11000,1.76000,1.20000,1.96000,1.16000,127.39000,96.83000
0.08000,-0.00000,-0.10000,1.85000,1.29000,1.94000,1.18000,125.64000,100.07000
0.09000,-0.00000,-0.09000,1.83000,1.33000,1.92000,1.21000,125.64000,100.07000
0.09000,-0.00000,-0.08000,1.97000,1.45000,1.89000,1.23000,125.06000,98.84000
0.09000,-0.00000,-0.07000,1.89000,1.66000,1.87000,1.26000,125.06000,98.84000
0.10000,-0.00000,-0.07000,1.91000,1.64000,1.85000,1.27000,123.94000,93.84000
0.10000,-0.00000,-0.07000,1.76000,1.68000,1.84000,1.28000,123.94000,93.84000
0.11000,-0.00000,-0.06000,1.89000,1.54000,1.84000,1.29000,125.33000,91.44000
0.11000,-0.00000,-0.05000,1.87000,1.37000,1.82000,1.31000,125.33000,91.44000
0.11000,-0.00000,-0.04000,1.87000,1.43000,1.79000,1.34000,123.47000,94.50000
0.12000,-0.00000,-0.04000,1.99000,1.56000,1.76000,1.37000,123.47000,94.50000
0.12000,-0.00000,-0.03000,1.87000,1.51000,1.76000,1.42000,120.66000,92.70000
0.12000,-0.00000,-0.03000,1.70000,1.47000,1.82000,1.52000,120.66000,92.70000
0.13000,-0.00000,-0.02000,1.49000,1.22000,1.94000,1.68000,126.36000,97.03000
0.13000,-0.00000,-0.02000,1.54000,1.37000,2.22000,2.00000,126.36000,97.03000
0.14000,-0.00000,-0.01000,1.81000,1.64000,2.43000,2.26000,137.62000,108.54000
0.14000,-0.00000,-0.01000,2.03000,1.70000,2.60000,2.56000,137.62000,108.54000
0.14000,-0.00000,-0.00000,2.24000,2.03000,2.94000,2.93000,143.23000,118.90000
0.15000,-0.00000,0.00000,2.47000,2.12000,3.08000,3.07000,143.23000,118.90000
0.15000,-0.00000,0.01000,2.70000,2.41000,3.23000,3.22000,146.43000,124.49000
0.16000,-0.00000,0.01000,3.01000,2.90000,3.28000,3.28000,146.43000,124.49000
0.17000,-0.00000,0.01000,3.26000,3.09000,3.28000,3.28000,143.70000,120.19000
0.18000,-0.00000,0.01000,3.18000,3.05000,3.26000,3.27000,143.70000,120.19000
0.18000,-0.00000,0.01000,3.11000,3.07000,3.24000,3.24000,142.19000,119.67000
0.19000,-0.00000,0.01000,2.93000,3.01000,3.23000,3.23000,142.19000,119.67000
0.20000,-0.00000,0.01000,3.03000,2.97000,3.25000,3.25000,146.43000,121.56000
0.20000,-0.00000,0.02000,3.15000,2.93000,3.23000,3.23000,146.43000,121.56000
0.21000,-0.00000,0.02000,3.20000,2.91000,3.14000,3.15000,143.40000,122.79000
0.22000,-0.00000,0.03000,3.40000,3.17000,2.96000,2.97000,143.40000,122.79000
0.22000,-0.00000,0.03000,3.32000,3.09000,2.72000,2.75000,133.21000,114.34000
0.23000,-0.00000,0.03000,3.24000,3.13000,2.33000,2.46000,133.21000,114.34000
0.24000,-0.00000,0.03000,3.03000,2.99000,2.10000,2.31000,122.35000,105.85000
0.24000,-0.00000,0.04000,2.84000,2.76000,2.01000,2.23000,122.35000,105.85000
0.25000,-0.00000,0.04000,2.68000,2.59000,1.86000,2.10000,117.84000,103.33000
0.26000,-0.00000,0.04000,2.53000,2.43000,1.74000,1.99000,117.84000,103.33000
0.26000,-0.00000,0.04000,2.16000,2.28000,1.62000,1.89000,113.04000,101.28000
0.27000,-0.00000,0.03000,1.78000,2.28000,1.72000,1.97000,113.04000,101.28000
0.27000,-0.00000,0.02000,1.76000,2.22000,2.47000,2.53000,131.56000,109.83000
0.27000,-0.00000,0.02000,2.07000,2.12000,2.98000,2.99000,131.56000,109.83000
0.28000,-0.00000,0.02000,2.30000,2.16000,3.00000,3.02000,139.30000,121.10000
0.29000,-0.00000,0.02000,2.53000,2.47000,2.88000,2.90000,139.30000,121.10000
0.29000,-0.00000,0.02000,2.62000,2.72000,2.80000,2.83000,134.99000,118.34000
0.30000,-0.00000,0.02000,2.61000,2.93000,2.89000,2.91000,134.99000,118.34000
0.30000,-0.00000,0.01000,2.45000,2.88000,3.10000,3.11000,139.91000,117.95000
0.31000,-0.00000,0.00000,2.72000,2.99000,3.26000,3.26000,139.91000,117.95000
0.32000,-0.00000,-0.00000,2.84000,3.01000,3.28000,3.28000,143.95000,120.66000
0.32000,-0.00000,-0.00000,2.82000,3.01000,3.26000,3.26000,143.95000,120.66000
0.33000,-0.00000,-0.01000,2.70000,2.97000,3.22000,3.22000,144.88000,121.15000
0.34000,-0.00000,-0.01000,2.66000,2.97000,3.11000,3.10000,144.88000,121.15000
0.34000,-0.00000,-0.02000,2.53000,2.78000,2.88000,2.86000,144.62000,117.63000
0.35000,-0.00000,-0.02000,2.74000,2.82000,2.58000,2.54000,144.62000,117.63000
0.35000,-0.00000,-0.02000,2.99000,2.86000,2.47000,2.34000,138.53000,111.39000
0.36000,-0.00000,-0.01000,3.15000,2.78000,2.58000,2.53000,138.53000,111.39000
0.37000,-0.00000,-0.00000,3.28000,2.74000,2.95000,2.93000,137.94000,118.03000
0.37000,-0.00000,0.01000,3.32000,2.72000,3.22000,3.22000,137.94000,118.03000
0.38000,-0.00000,0.02000,3.45000,3.09000,3.26000,3.26000,138.88000,124.83000
0.39000,-0.00000,0.02000,3.34000,3.05000,3.15000,3.16000,138.88000,124.83000
0.40000,-0.00000,0.03000,3.42000,3.13000,2.96000,2.98000,133.74000,118.84000
0.40000,-0.00000,0.03000,3.36000,3.09000,2.64000,2.67000,133.74000,118.84000
0.41000,-0.00000,0.03000,3.03000,3.20000,2.12000,2.32000,118.46000,107.96000
0.42000,-0.00000,0.03000,3.09000,3.13000,2.37000,2.48000,118.46000,107.96000
0.42000,-0.00000,0.03000,2.82000,2.78000,2.40000,2.49000,119.21000,105.26000
0.43000,-0.00000,0.03000,2.82000,2.59000,2.25000,2.42000,119.21000,105.26000
0.44000,-0.00000,0.04000,2.80000,2.57000,1.85000,2.09000,110.97000,103.51000
0.44000,-0.00000,0.04000,2.57000,2.53000,1.59000,1.87000,110.97000,103.51000
0.45000,-0.00000,0.04000,2.49000,2.30000,1.54000,1.83000,104.21000,97.50000
0.45000,0.00000,0.04000,2.26000,2.18000,1.45000,1.77000,104.21000,97.50000
0.46000,0.00000,0.04000,2.16000,2.16000,1.42000,1.76000,100.88000,97.49000
0.46000,0.00000,0.04000,1.81000,1.99000,1.41000,1.76000,100.88000,97.49000
0.47000,0.00000,0.03000,1.62000,2.05000,1.45000,1.77000,103.05000,97.92000
0.47000,0.00000,0.02000,1.43000,1.89000,1.66000,1.92000,103.05000,97.92000
0.47000,0.00000,0.01000,1.47000,2.05000,2.24000,2.42000,118.44000,107.93000
0.48000,0.00000,0.01000,1.91000,1.99000,2.98000,3.00000,118.44000,107.93000
0.48000,0.00000,0.01000,2.12000,2.26000,3.03000,3.05000,128.01000,118.93000
0.49000,0.00000,0.01000,2.39000,2.39000,3.11000,3.12000,128.01000,118.93000
0.49000,0.00000,0.01000,2.61000,2.72000,3.10000,3.11000,128.65000,120.36000
0.50000,0.00000,0.00000,2.68000,2.88000,3.15000,3.16000,128.65000,120.36000
0.51000,0.00000,-0.00000,2.88000,3.07000,3.22000,3.23000,130.35000,118.93000
0.51000,0.00000,-0.00000,3.13000,3.09000,3.26000,3.26000,130.35000,118.93000
0.52000,0.00000,-0.00000,2.97000,3.20000,3.25000,3.26000,127.25000,118.33000
0.53000,0.00000,-0.01000,2.84000,3.32000,3.28000,3.28000,127.25000,118.33000
0.53000,0.00000,-0.02000,2.55000,3.18000,3.21000,3.20000,131.62000,115.05000
0.54000,0.00000,-0.04000,1.93000,2.99000,2.79000,2.76000,131.62000,115.05000
0.54000,0.00000,-0.06000,2.01000,2.90000,1.78000,1.47000,126.09000,93.31000
0.55000,0.00000,-0.06000,2.59000,2.64000,1.78000,1.34000,126.09000,93.31000
0.56000,-0.00000,-0.05000,2.88000,2.18000,1.79000,1.33000,115.41000,87.46000
0.56000,-0.00000,-0.02000,3.22000,1.93000,1.76000,1.38000,115.41000,87.46000
0.57000,-0.00000,0.00000,3.28000,1.66000,2.33000,2.13000,109.38000,102.13000
0.57000,-0.00000,0.03000,3.36000,1.85000,3.28000,3.28000,109.38000,102.13000
0.58000,-0.00000,0.05000,3.15000,2.10000,1.91000,2.14000,95.51000,104.74000
0.59000,0.00000,0.06000,2.99000,2.30000,1.37000,1.76000,95.51000,104.74000
0.59000,0.00000,0.07000,2.80000,2.30000,1.32000,1.81000,83.52000,94.67000
0.60000,0.00000,0.08000,2.61000,2.30000,1.28000,1.85000,83.52000,94.67000
0.60000,0.00000,0.08000,2.43000,2.24000,1.25000,1.87000,78.13000,92.70000
0.61000,0.00000,0.08000,2.16000,1.99000,1.23000,1.89000,78.13000,92.70000
0.61000,0.00000,0.08000,1.95000,2.01000,1.21000,1.91000,76.24000,95.36000
0.61000,0.00000,0.08000,1.78000,2.07000,1.21000,1.92000,76.24000,95.36000
0.62000,0.00000,0.07000,1.70000,2.08000,1.21000,1.91000,76.14000,93.67000
0.62000,0.00000,0.07000,1.68000,1.89000,1.22000,1.91000,76.14000,93.67000
0.63000,0.00000,0.06000,1.81000,2.05000,1.22000,1.90000,74.41000,95.37000
0.63000,0.00000,0.06000,1.70000,1.95000,1.22000,1.90000,74.41000,95.37000
0.64000,0.00000,0.05000,1.66000,2.01000,1.23000,1.90000,71.40000,94.48000
0.64000,0.00000,0.04000,1.56000,2.03000,1.23000,1.89000,71.40000,94.48000
0.64000,0.00000,0.03000,1.47000,2.14000,1.25000,1.88000,71.04000,92.63000
0.65000,0.00000,0.02000,1.29000,1.95000,1.27000,1.85000,71.04000,92.63000
0.65000,0.00000,0.01000,1.41000,1.97000,1.30000,1.83000,73.98000,92.13000
0.65000,0.00000,0.00000,1.45000,1.83000,1.32000,1.80000,73.98000,92.13000
0.66000,0.00000,-0.01000,1.33000,1.95000,1.33000,1.79000,72.11000,92.72000
0.66000,0.00000,-0.02000,1.33000,1.76000,1.37000,1.76000,72.11000,92.72000
0.67000,0.00000,-0.03000,1.25000,1.89000,1.40000,1.75000,74.20000,92.88000
0.67000,0.00000,-0.04000,0.95000,1.74000,1.55000,1.84000,74.20000,92.88000
0.67000,0.00000,-0.06000,0.87000,1.76000,2.49000,2.54000,96.65000,104.96000
0.67000,0.00000,-0.07000,1.08000,1.76000,3.20000,3.20000,96.65000,104.96000
0.68000,0.00000,-0.09000,1.33000,2.20000,3.26000,3.26000,115.59000,120.24000
0.68000,0.00000,-0.10000,1.87000,2.53000,2.77000,2.75000,115.59000,120.24000
0.69000,0.00000,-0.11000,2.43000,2.91000,1.90000,1.63000,96.44000,93.27000
0.69000,0.00000,-0.11000,2.34000,2.66000,1.76000,1.38000,96.44000,93.27000
0.70000,0.00000,-0.12000,2.22000,2.39000,1.79000,1.33000,87.86000,81.48000
0.70000,0.00000,-0.11000,2.01000,1.93000,1.83000,1.29000,87.86000,81.48000
0.71000,0.00000,-0.11000,1.58000,1.54000,1.87000,1.26000,90.65000,83.33000
0.71000,0.00000,-0.11000,1.47000,1.41000,0.08000,-0.08000,90.65000,83.33000
0.71000,-0.00000,-0.11000,1.31000,1.12000,0.09000,-0.09000,71.23000,66.82000
0.72000,-0.00000,-0.10000,1.20000,0.91000,0.10000,-0.10000,71.23000,66.82000
0.72000,-0.00000,-0.10000,0.93000,0.58000,0.11000,-0.12000,67.32000,64.92000
0.72000,-0.00000,-0.09000,0.56000,0.23000,0.13000,-0.13000,67.32000,64.92000
0.72000,-0.00000,-0.09000,0.27000,0.06000,0.14000,-0.14000,70.76000,68.69000
0.72000,-0.00000,-0.08000,0.19000,0.00000,0.14000,-0.14000,70.76000,68.69000
0.72000,-0.00000,-0.08000,0.21000,0.00000,0.15000,-0.15000,73.97000,69.76000
0.72000,-0.00000,-0.08000,0.10000,0.00000,0.15000,-0.15000,73.97000,69.76000
0.72000,-0.00000,-0.08000,0.15000,0.00000,0.16000,-0.16000,75.11000,68.73000
0.72000,-0.00000,-0.08000,0.00000,0.00000,0.16000,-0.16000,75.11000,68.73000
0.72000,-0.00000,-0.07000,0.17000,0.00000,0.16000,-0.16000,77.03000,67.73000
0.72000,-0.00000,-0.07000,0.37000,0.00000,0.16000,-0.17000,77.03000,67.73000
0.72000,-0.00000,-0.05000,0.62000,0.00000,0.17000,-0.18000,72.61000,66.53000
0.72000,-0.00000,-0.04000,0.81000,0.00000,0.19000,-0.20000,72.61000,66.53000
0.72000,-0.00000,-0.03000,0.60000,0.00000,0.22000,-0.22000,65.50000,64.81000
0.72000,-0.00000,-0.03000,0.21000,0.00000,0.23000,-0.24000,65.50000,64.81000
0.72000,-0.00000,-0.03000,0.02000,0.00000,0.24000,-0.25000,71.35000,63.10000
0.72000,-0.00000,-0.03000,0.00000,0.00000,0.24000,-0.25000,71.35000,63.10000
0.72000,-0.00000,-0.03000,0.00000,0.00000,0.24000,-0.25000,74.67000,61.61000
0.72000,-0.00000,-0.02000,0.02000,0.00000,0.24000,-0.25000,74.67000,61.61000
0.72000,-0.00000,-0.02000,0.00000,0.00000,0.24000,-0.25000,75.82000,60.12000
0.72000,-0.00000,-0.02000,0.00000,0.00000,0.24000,-0.25000,75.82000,60.12000
0.72000,-0.00000,-0.02000,0.00000,0.00000,0.24000,-0.25000,77.46000,58.64000
0.72000,-0.00000,-0.02000,0.00000,0.00000,0.24000,-0.25000,77.46000,58.64000
0.72000,-0.00000,-0.02000,0.12000,0.00000,0.24000,-0.25000,78.92000,57.15000
0.72000,-0.00000,-0.02000,0.04000,0.00000,0.25000,-0.25000,78.92000,57.15000
0.72000,-0.00000,-0.02000,0.00000,0.00000,0.25000,-0.25000,79.83000,55.58000
0.72000,-0.00000,-0.02000,0.04000,0.00000,0.25000,-0.25000,79.83000,55.58000
0.72000,-0.00000,-0.02000,0.12000,0.00000,0.25000,-0.25000,81.08000,54.04000
0.72000,-0.00000,-0.02000,0.08000,0.00000,0.25000,-0.26000,81.08000,54.04000
0.72000,-0.00000,-0.01000,0.29000,0.00000,0.26000,-0.26000,81.80000,52.41000
0.72000,-0.00000,-0.00000,0.42000,0.00000,0.26000,-0.27000,81.80000,52.41000
0.72000,-0.00000,0.01000,0.58000,0.00000,0.28000,-0.28000,78.18000,50.50000
0.73000,-0.00000,0.02000,0.71000,0.00000,0.30000,-0.30000,78.18000,50.50000
0.73000,-0.00000,0.03000,0.87000,0.00000,0.32000,-0.33000,73.59000,48.14000
0.73000,-0.00000,0.05000,0.58000,0.00000,0.34000,-0.36000,73.59000,48.14000
0.73000,-0.00000,0.05000,0.12000,0.00000,0.36000,-0.38000,73.76000,45.46000
0.73000,-0.00000,0.05000,0.12000,0.00000,0.36000,-0.38000,73.76000,45.46000
0.73000,-0.00000,0.05000,0.02000,0.00000,0.37000,-0.38000,79.38000,43.09000
0.73000,-0.00000,0.05000,0.02000,0.00000,0.37000,-0.38000,79.38000,43.09000
0.73000,-0.00000,0.05000,0.00000,0.00000,0.37000,-0.38000,82.40000,40.77000
0.73000,-0.00000,0.05000,0.00000,0.00000,0.37000,-0.38000,82.40000,40.77000
0.73000,-0.00000,0.05000,0.00000,0.00000,0.37000,-0.38000,84.79000,38.47000
0.73000,-0.00000,0.05000,0.00000,0.00000,0.37000,-0.38000,84.79000,38.47000
0.73000,-0.00000,0.05000,0.00000,0.00000,0.37000,-0.38000,86.99000,36.16000
0.73000,-0.00000,0.05000,0.00000,0.00000,0.37000,-0.38000,86.99000,36.16000
0.73000,-0.00000,0.05000,0.00000,0.00000,0.37000,-0.38000,89.19000,33.85000
0.73000,-0.00000,0.05000,0.00000,0.00000,0.37000,-0.38000,89.19000,33.85000
0.73000,-0.00000,0.05000,0.00000,0.00000,0.37000,-0.38000,91.39000,31.54000
0.73000,-0.00000,0.05000,0.00000,0.00000,0.37000,-0.38000,91.39000,31.54000
0.73000,-0.00000,0.05000,0.00000,0.00000,0.37000,-0.38000,93.60000,29.24000
0.73000,-0.00000,0.05000,0.17000,0.00000,0.37000,-0.38000,93.60000,29.24000
0.73000,-0.00000,0.06000,0.42000,0.00000,0.37000,-0.39000,93.37000,26.85000
0.73000,-0.00000,0.07000,0.54000,0.00000,0.38000,-0.40000,93.37000,26.85000
0.73000,-0.00000,0.08000,0.79000,0.00000,0.39000,-0.42000,89.35000,24.07000
0.73000,-0.00000,0.10000,1.06000,0.00000,0.41000,-0.44000,89.35000,24.07000
0.73000,-0.00000,0.12000,0.77000,0.00000,0.43000,-0.47000,81.21000,20.78000
0.73000,-0.00000,0.13000,0.42000,0.00000,0.44000,-0.49000,81.21000,20.78000
0.73000,-0.00000,0.13000,0.27000,0.00000,0.44000,-0.50000,87.29000,17.49000
0.73000,-0.00000,0.14000,0.58000,0.00000,0.44000,-0.51000,87.29000,17.49000
0.73000,-0.00000,0.16000,0.85000,0.00000,0.45000,-0.52000,85.04000,14.17000
0.74000,-0.00000,0.17000,0.87000,0.00000,0.45000,-0.54000,85.04000,14.17000
0.74000,-0.00000,0.19000,0.75000,0.00000,0.44000,-0.56000,79.83000,10.42000
0.74000,0.00000,0.20000,0.54000,0.00000,0.44000,-0.58000,79.83000,10.42000
0.74000,0.00000,0.21000,0.58000,0.00000,0.43000,-0.60000,82.01000,6.54000
0.74000,0.00000,0.22000,0.79000,0.00000,0.42000,-0.61000,82.01000,6.54000
0.74000,0.00000,0.24000,1.16000,0.00000,0.40000,-0.64000,77.11000,2.31000
0.74000,0.00000,0.26000,1.20000,0.00000,0.36000,-0.68000,77.11000,2.31000
0.74000,0.00000,0.28000,1.14000,0.00000,0.30000,-0.74000,67.03000,-3.06000
0.74000,0.00000,0.30000,1.16000,0.00000,0.22000,-0.81000,67.03000,-3.06000
0.74000,0.00000,0.33000,1.14000,0.00000,0.13000,-0.90000,59.68000,-9.91000
0.75000,0.00000,0.34000,0.89000,0.00000,0.02000,-1.01000,59.68000,-9.91000
0.75000,0.00000,0.35000,0.66000,0.00000,-0.09000,-1.11000,54.29000,-18.39000
0.75000,0.00000,0.36000,0.60000,0.00000,-0.17000,-1.18000,54.29000,-18.39000
0.75000,0.00000,0.37000,0.58000,0.00000,-0.25000,-1.26000,50.39000,-27.30000
0.75000,0.00000,0.38000,0.54000,0.00000,-0.32000,-1.34000,50.39000,-27.30000
0.75000,0.00000,0.39000,0.33000,0.00000,-0.38000,-1.41000,44.25000,-37.19000
0.75000,0.00000,0.39000,0.12000,0.00000,-0.42000,-1.46000,44.25000,-37.19000
0.75000,0.00000,0.39000,0.00000,0.00000,-0.43000,-1.48000,44.19000,-46.62000
0.75000,0.00000,0.39000,0.00000,0.00000,-0.43000,-1.48000,44.19000,-46.62000
0.75000,0.00000,0.39000,0.00000,0.00000,-0.43000,-1.48000,42.73000,-55.48000
0.75000,0.00000,0.39000,0.00000,0.00000,-0.43000,-1.48000,42.73000,-55.48000
0.75000,0.00000,0.39000,0.00000,-0.02000,-0.43000,-1.48000,40.14000,-64.34000
0.75000,0.00000,0.39000,0.00000,0.00000,-0.43000,-1.48000,40.14000,-64.34000
0.75000,0.00000,0.39000,0.00000,0.00000,-0.43000,-1.48000,37.53000,-73.24000
0.75000,0.00000,0.39000,0.00000,0.00000,-0.43000,-1.48000,37.53000,-73.24000
0.75000,0.00000,0.39000,0.00000,0.00000,-0.43000,-1.48000,34.94000,-82.12000
0.75000,0.00000,0.39000,0.00000,0.00000,-0.43000,-1.48000,34.94000,-82.12000
0.75000,0.00000,0.39000,0.00000,-0.02000,-0.43000,-1.48000,32.34000,-90.99000
0.75000,0.00000,0.39000,0.00000,0.00000,-0.43000,-1.48000,32.34000,-90.99000
0.75000,0.00000,0.39000,0.00000,0.00000,-0.43000,-1.48000,29.72000,-99.90000
0.75000,0.00000,0.39000,0.00000,0.00000,-0.43000,-1.48000,29.72000,-99.90000
0.75000,0.00000,0.40000,0.00000,-0.19000,-0.43000,-1.48000,27.12000,-108.79000
0.75000,0.00000,0.42000,0.00000,-1.08000,-0.45000,-1.50000,27.12000,-108.79000
0.75000,0.00000,0.45000,0.00000,-1.64000,-0.54000,-1.61000,22.97000,-103.39000
0.74000,0.00000,0.48000,0.00000,-2.10000,-0.65000,-1.75000,22.97000,-103.39000
0.74000,0.00000,0.52000,0.00000,-2.18000,-0.76000,-1.89000,16.44000,-95.53000
0.74000,-0.00000,0.56000,0.00000,-2.20000,-0.83000,-1.99000,16.44000,-95.53000
0.74000,-0.00000,0.60000,0.00000,-2.03000,-0.87000,-2.07000,10.17000,-95.44000
0.74000,-0.00000,0.64000,0.00000,-2.08000,-0.89000,-2.12000,10.17000,-95.44000
0.73000,-0.01000,0.68000,0.00000,-2.12000,-0.90000,-2.15000,4.52000,-97.78000
0.73000,-0.01000,0.71000,0.00000,-2.16000,-0.90000,-2.18000,4.52000,-97.78000
0.73000,-0.01000,0.76000,0.00000,-2.32000,-0.90000,-2.19000,-0.95000,-97.62000
0.73000,-0.01000,0.80000,0.00000,-2.37000,-0.91000,-2.21000,-0.95000,-97.62000
0.73000,-0.01000,0.85000,0.00000,-2.55000,-0.91000,-2.21000,-6.41000,-94.97000
0.72000,-0.01000,0.89000,0.00000,-2.55000,-0.91000,-2.21000,-6.41000,-94.97000
0.72000,-0.02000,0.94000,0.00000,-2.74000,-0.91000,-2.21000,-11.89000,-91.29000
0.72000,-0.02000,0.98000,0.00000,-2.32000,-0.91000,-2.21000,-11.89000,-91.29000
0.72000,-0.02000,1.03000,-0.02000,-2.32000,-0.91000,-2.21000,-17.40000,-92.65000
0.72000,-0.02000,1.07000,0.00000,-2.30000,-0.92000,-2.21000,-17.40000,-92.65000
0.72000,-0.03000,1.11000,0.00000,-2.47000,-0.93000,-2.20000,-23.11000,-92.06000
0.71000,-0.03000,1.15000,0.00000,-2.37000,-0.94000,-2.18000,-23.11000,-92.06000
0.71000,-0.03000,1.20000,0.00000,-2.30000,-0.96000,-2.17000,-29.14000,-90.03000
0.71000,-0.03000,1.24000,-0.02000,-2.28000,-0.98000,-2.15000,-29.14000,-90.03000
0.71000,-0.04000,1.28000,0.00000,-2.18000,-0.99000,-2.13000,-35.09000,-89.53000
0.71000,-0.04000,1.31000,0.00000,-2.14000,-1.01000,-2.12000,-35.09000,-89.53000
0.71000,-0.04000,1.35000,0.00000,-2.01000,-1.07000,-2.11000,-42.41000,-90.50000
0.71000,-0.04000,1.39000,0.00000,-1.95000,-3.22000,-3.25000,-42.41000,-90.50000
0.71000,-0.04000,1.42000,0.00000,-1.95000,-2.28000,-1.76000,-67.00000,-87.81000
0.71000,-0.05000,1.46000,-0.02000,-1.87000,-2.11000,-1.01000,-67.00000,-87.81000
0.71000,-0.05000,1.49000,-0.10000,-1.81000,-2.12000,-1.00000,-77.99000,-76.60000
0.71000,-0.05000,1.50000,-0.75000,-1.56000,-2.14000,-0.99000,-77.99000,-76.60000
0.71000,-0.05000,1.50000,-1.12000,-1.12000,-2.14000,-0.98000,-80.01000,-75.78000
0.71000,-0.06000,1.49000,-1.33000,-1.00000,-2.14000,-0.98000,-80.01000,-75.78000
0.71000,-0.06000,1.49000,-1.47000,-1.02000,-2.14000,-0.99000,-79.64000,-80.78000
0.71000,-0.06000,1.48000,-1.39000,-0.83000,-2.14000,-0.99000,-79.64000,-80.78000
0.71000,-0.06000,1.47000,-1.39000,-0.89000,-2.13000,-0.99000,-83.46000,-83.30000
0.71000,-0.07000,1.46000,-1.41000,-1.18000,-2.13000,-0.99000,-83.46000,-83.30000
0.71000,-0.07000,1.46000,-1.22000,-1.31000,-2.13000,-1.00000,-87.52000,-79.05000
0.71000,-0.07000,1.46000,-1.31000,-1.06000,-2.13000,-1.00000,-87.52000,-79.05000
0.71000,-0.07000,1.46000,-1.16000,-1.08000,-2.13000,-1.00000,-93.37000,-79.81000
0.71000,-0.08000,1.46000,-1.08000,-1.10000,-2.13000,-1.00000,-93.37000,-79.81000
0.71000,-0.08000,1.45000,-1.29000,-0.89000,-2.13000,-1.00000,-101.71000,-78.82000
0.71000,-0.08000,1.44000,-1.43000,-0.85000,-2.12000,-1.00000,-101.71000,-78.82000
0.71000,-0.08000,1.43000,-1.43000,-0.95000,-2.12000,-1.01000,-102.62000,-82.06000
0.71000,-0.09000,1.42000,-1.60000,-1.14000,-2.12000,-1.01000,-102.62000,-82.06000
0.70000,-0.09000,1.41000,-1.64000,-1.00000,-2.11000,-1.01000,-104.17000,-78.71000
0.70000,-0.09000,1.40000,-1.87000,-1.02000,-2.11000,-1.01000,-104.17000,-78.71000
0.70000,-0.10000,1.38000,-2.18000,-1.12000,-2.11000,-1.02000,-103.08000,-79.97000
0.70000,-0.10000,1.35000,-2.32000,-1.00000,-2.17000,-1.35000,-103.08000,-79.97000
0.70000,-0.10000,1.33000,-2.18000,-0.85000,-3.17000,-3.14000,-113.63000,-112.06000
0.70000,-0.11000,1.32000,-2.30000,-1.56000,-3.03000,-3.07000,-113.63000,-112.06000
0.70000,-0.11000,1.31000,-2.32000,-2.20000,-1.97000,-2.36000,-101.10000,-104.82000
0.70000,-0.12000,1.32000,-2.28000,-2.45000,-1.69000,-2.26000,-101.10000,-104.82000
0.70000,-0.12000,1.32000,-2.28000,-2.45000,-1.97000,-2.36000,-99.44000,-96.26000
0.70000,-0.13000,1.33000,-2.03000,-2.30000,-2.29000,-2.49000,-99.44000,-96.26000
0.69000,-0.13000,1.33000,-1.97000,-1.97000,-2.70000,-2.77000,-112.26000,-104.07000
0.69000,-0.14000,1.32000,-2.14000,-2.03000,-2.69000,-2.76000,-112.26000,-104.07000
0.69000,-0.14000,1.32000,-2.41000,-2.22000,-2.53000,-2.62000,-112.06000,-108.61000
0.69000,-0.15000,1.32000,-2.43000,-2.41000,-2.11000,-2.41000,-112.06000,-108.61000
0.69000,-0.15000,1.31000,-2.84000,-2.57000,-2.02000,-2.38000,-102.43000,-102.89000
0.69000,-0.16000,1.31000,-2.97000,-2.59000,-1.47000,-2.20000,-102.43000,-102.89000
0.69000,-0.17000,1.30000,-3.11000,-2.70000,-1.11000,-2.12000,-78.33000,-96.04000
0.68000,-0.17000,1.30000,-2.68000,-2.59000,-1.03000,-2.11000,-78.33000,-96.04000
0.68000,-0.18000,1.31000,-2.16000,-2.49000,-1.03000,-2.11000,-70.24000,-93.00000
0.68000,-0.18000,1.31000,-1.91000,-2.30000,-1.04000,-2.11000,-70.24000,-93.00000
0.68000,-0.19000,1.32000,-1.64000,-2.20000,-1.14000,-2.12000,-73.61000,-94.69000
0.68000,-0.19000,1.33000,-1.72000,-1.95000,-1.80000,-2.30000,-73.61000,-94.69000
0.68000,-0.19000,1.34000,-1.68000,-2.16000,-2.24000,-2.46000,-88.23000,-104.01000
0.68000,-0.20000,1.35000,-1.68000,-2.26000,-2.90000,-2.94000,-88.23000,-104.01000
0.68000,-0.20000,1.36000,-1.81000,-2.41000,-3.21000,-3.24000,-106.59000,-114.09000
0.68000,-0.21000,1.36000,-2.14000,-2.57000,-3.27000,-3.25000,-106.59000,-114.09000
0.67000,-0.21000,1.37000,-2.37000,-2.80000,-3.12000,-3.08000,-107.52000,-112.96000
0.67000,-0.22000,1.38000,-2.70000,-2.95000,-2.77000,-2.70000,-107.52000,-112.96000
0.67000,-0.23000,1.38000,-2.86000,-2.90000,-2.46000,-2.23000,-95.16000,-97.67000
0.67000,-0.23000,1.38000,-2.57000,-2.82000,-2.40000,-2.07000,-95.16000,-97.67000
0.67000,-0.24000,1.38000,-2.37000,-2.51000,-2.21000,-1.53000,-91.90000,-84.69000
0.67000,-0.24000,1.38000,-2.26000,-2.07000,-2.15000,-1.30000,-91.90000,-84.69000
0.67000,-0.25000,1.37000,-2.10000,-1.68000,-2.20000,-1.48000,-94.22000,-87.47000
0.67000,-0.25000,1.36000,-2.08000,-1.25000,-2.47000,-2.24000,-94.22000,-87.47000
0.67000,-0.25000,1.34000,-1.78000,-0.83000,-3.16000,-3.13000,-111.09000,-121.09000
0.67000,-0.26000,1.33000,-1.95000,-1.29000,-3.21000,-3.24000,-111.09000,-121.09000
0.66000,-0.26000,1.33000,-1.91000,-1.91000,-2.79000,-2.85000,-113.93000,-127.56000
0.66000,-0.26000,1.34000,-2.07000,-2.41000,-2.77000,-2.83000,-113.93000,-127.56000
0.66000,-0.27000,1.35000,-2.28000,-2.88000,-3.04000,-3.08000,-120.84000,-123.55000
0.66000,-0.28000,1.36000,-2.45000,-3.03000,-3.26000,-3.28000,-120.84000,-123.55000
0.66000,-0.28000,1.37000,-2.24000,-3.09000,-3.23000,-3.20000,-123.82000,-120.05000
0.66000,-0.29000,1.38000,-2.49000,-3.03000,-2.58000,-2.48000,-123.82000,-120.05000
0.66000,-0.30000,1.38000,-3.11000,-2.99000,-2.17000,-1.38000,-112.10000,-93.81000
0.66000,-0.30000,1.37000,-3.32000,-2.68000,-2.20000,-1.47000,-112.10000,-93.81000
0.65000,-0.31000,1.35000,-3.13000,-2.26000,-2.67000,-2.59000,-105.18000,-107.31000
0.65000,-0.31000,1.34000,-2.76000,-2.24000,-3.24000,-3.21000,-105.18000,-107.31000
0.65000,-0.32000,1.34000,-2.47000,-2.37000,-3.26000,-3.29000,-118.54000,-123.78000
0.65000,-0.32000,1.34000,-2.80000,-2.72000,-3.24000,-3.27000,-118.54000,-123.78000
0.65000,-0.33000,1.34000,-2.97000,-3.03000,-3.22000,-3.25000,-120.33000,-122.33000
0.65000,-0.34000,1.34000,-2.97000,-3.09000,-3.23000,-3.26000,-120.33000,-122.33000
0.65000,-0.34000,1.35000,-3.01000,-3.15000,-3.25000,-3.28000,-120.88000,-120.41000
0.64000,-0.35000,1.35000,-3.09000,-3.17000,-3.27000,-3.29000,-120.88000,-120.41000
0.64000,-0.36000,1.34000,-3.36000,-3.05000,-3.29000,-3.27000,-121.33000,-120.13000
0.64000,-0.37000,1.33000,-3.65000,-3.07000,-3.24000,-3.26000,-121.33000,-120.13000
0.64000,-0.37000,1.32000,-3.57000,-3.17000,-2.96000,-3.00000,-109.06000,-118.19000
0.64000,-0.38000,1.32000,-3.49000,-3.05000,-2.42000,-2.55000,-109.06000,-118.19000
0.64000,-0.39000,1.31000,-3.47000,-2.86000,-1.42000,-2.19000,-84.40000,-105.87000
0.63000,-0.39000,1.30000,-3.07000,-2.57000,-1.04000,-2.11000,-84.40000,-105.87000
0.63000,-0.40000,1.29000,-2.51000,-2.24000,-1.02000,-2.11000,-72.17000,-106.65000
0.63000,-0.40000,1.29000,-2.12000,-1.91000,-1.01000,-2.11000,-72.17000,-106.65000
0.63000,-0.41000,1.29000,-1.58000,-1.60000,-1.01000,-2.11000,-74.07000,-113.87000
0.63000,-0.41000,1.29000,-1.45000,-1.78000,-1.01000,-2.11000,-74.07000,-113.87000
0.63000,-0.41000,1.31000,-1.33000,-1.95000,-1.01000,-2.11000,-77.40000,-116.94000
0.63000,-0.42000,1.32000,-1.37000,-2.03000,-1.02000,-2.11000,-77.40000,-116.94000
0.63000,-0.42000,1.34000,-1.08000,-2.24000,-1.02000,-2.11000,-76.16000,-115.10000
0.63000,-0.42000,1.37000,-0.79000,-2.49000,-1.32000,-2.16000,-76.16000,-115.10000
0.63000,-0.43000,1.40000,-0.66000,-2.30000,-3.23000,-3.26000,-115.94000,-125.98000
0.62000,-0.43000,1.41000,-1.08000,-1.91000,-2.52000,-2.36000,-115.94000,-125.98000
0.62000,-0.43000,1.43000,-1.58000,-2.26000,-2.12000,-1.10000,-109.50000,-106.97000
0.62000,-0.44000,1.44000,-1.41000,-2.03000,-2.11000,-1.02000,-109.50000,-106.97000
0.62000,-0.44000,1.44000,-1.25000,-1.60000,-2.11000,-1.01000,-110.65000,-98.91000
0.62000,-0.44000,1.44000,-1.06000,-0.71000,-2.12000,-1.01000,-110.65000,-98.91000
0.62000,-0.44000,1.42000,-0.98000,-0.29000,-2.11000,-1.01000,-120.17000,-112.67000
0.62000,-0.45000,1.41000,-0.98000,0.00000,-2.11000,-1.01000,-120.17000,-112.67000
0.62000,-0.45000,1.39000,-1.18000,0.00000,-2.11000,-1.03000,-127.62000,-125.35000
0.62000,-0.45000,1.36000,-1.16000,0.00000,-2.30000,-1.81000,-127.62000,-125.35000
0.62000,-0.45000,1.35000,-1.16000,-0.19000,-3.21000,-3.18000,-148.16000,-163.81000
0.62000,-0.45000,1.35000,-1.45000,-1.39000,-3.17000,-3.20000,-148.16000,-163.81000
0.62000,-0.46000,1.36000,-1.62000,-2.32000,-3.13000,-3.16000,-154.87000,-161.72000
0.62000,-0.46000,1.38000,-1.62000,-2.92000,-3.29000,-3.27000,-154.87000,-161.72000
0.62000,-0.47000,1.41000,-1.83000,-3.38000,-2.48000,-2.28000,-152.76000,-136.13000
0.62000,-0.47000,1.44000,-1.78000,-3.38000,-2.11000,-1.02000,-152.76000,-136.13000
0.62000,-0.48000,1.46000,-1.95000,-3.03000,-2.12000,-1.00000,-150.05000,-106.26000
0.62000,-0.48000,1.48000,-1.74000,-2.68000,-2.15000,-0.97000,-150.05000,-106.26000
0.62000,-0.49000,1.48000,-1.83000,-2.30000,-2.16000,-0.96000,-153.30000,-101.98000
0.61000,-0.49000,1.48000,-1.91000,-1.89000,-2.17000,-0.96000,-153.30000,-101.98000
0.61000,-0.50000,1.47000,-2.16000,-1.64000,-2.17000,-0.96000,-153.40000,-103.45000
0.61000,-0.50000,1.46000,-2.16000,-1.31000,-2.16000,-0.96000,-153.40000,-103.45000
0.61000,-0.51000,1.45000,-2.20000,-1.47000,-2.16000,-0.97000,-151.09000,-106.73000
0.61000,-0.51000,1.43000,-2.16000,-1.49000,-2.15000,-0.97000,-151.09000,-106.73000
0.61000,-0.51000,1.42000,-1.91000,-1.33000,-2.15000,-0.98000,-150.93000,-102.02000
0.61000,-0.52000,1.41000,-1.93000,-1.39000,-2.14000,-0.98000,-150.93000,-102.02000
0.61000,-0.52000,1.40000,-1.89000,-1.33000,-2.14000,-0.99000,-154.19000,-100.61000
0.61000,-0.52000,1.39000,-2.07000,-1.18000,-2.14000,-0.99000,-154.19000,-100.61000
0.61000,-0.53000,1.37000,-2.12000,-1.33000,-2.13000,-0.99000,-153.11000,-101.42000
0.61000,-0.53000,1.36000,-2.03000,-1.35000,-2.12000,-1.00000,-153.11000,-101.42000
0.61000,-0.54000,1.35000,-1.87000,-1.39000,-2.12000,-1.01000,-153.93000,-97.98000
0.61000,-0.54000,1.34000,-1.87000,-1.43000,-2.12000,-1.01000,-153.93000,-97.98000
0.61000,-0.54000,1.34000,-1.91000,-1.39000,-2.11000,-1.01000,-156.85000,-94.76000
0.61000,-0.55000,1.32000,-2.07000,-1.33000,-2.11000,-1.01000,-156.85000,-94.76000
0.61000,-0.55000,1.30000,-2.32000,-1.33000,-2.11000,-1.02000,-155.09000,-93.91000
0.60000,-0.55000,1.28000,-2.57000,-1.20000,-2.12000,-1.14000,-155.09000,-93.91000
0.60000,-0.56000,1.25000,-2.74000,-1.14000,-3.05000,-3.01000,-162.00000,-123.84000
0.60000,-0.56000,1.22000,-2.84000,-1.33000,-3.00000,-3.04000,-162.00000,-123.84000
0.60000,-0.57000,1.20000,-2.88000,-1.85000,-1.07000,-2.11000,-131.13000,-119.29000
0.60000,-0.57000,1.20000,-2.61000,-2.22000,-1.02000,-2.11000,-131.13000,-119.29000
0.60000,-0.58000,1.20000,-2.30000,-2.41000,-1.01000,-2.11000,-123.04000,-110.59000
0.59000,-0.58000,1.20000,-2.12000,-2.37000,-1.01000,-2.11000,-123.04000,-110.59000
0.59000,-0.59000,1.20000,-2.05000,-2.16000,-1.01000,-2.11000,-120.93000,-107.74000
0.59000,-0.59000,1.20000,-1.99000,-1.95000,-1.02000,-2.11000,-120.93000,-107.74000
0.59000,-0.59000,1.20000,-1.99000,-1.70000,-1.01000,-2.11000,-116.19000,-112.42000
0.59000,-0.60000,1.20000,-1.76000,-1.56000,-1.01000,-2.11000,-116.19000,-112.42000
0.59000,-0.60000,1.19000,-1.68000,-1.43000,-1.01000,-2.11000,-113.69000,-119.35000
0.59000,-0.60000,1.19000,-1.64000,-1.45000,-1.01000,-2.12000,-113.69000,-119.35000
0.58000,-0.61000,1.18000,-1.68000,-1.29000,-1.01000,-2.12000,-111.01000,-124.33000
0.58000,-0.61000,1.18000,-1.66000,-1.54000,-1.01000,-2.12000,-111.01000,-124.33000
0.58000,-0.61000,1.18000,-1.74000,-1.80000,-1.00000,-2.12000,-106.84000,-127.14000
0.58000,-0.62000,1.18000,-1.85000,-2.10000,-1.00000,-2.12000,-106.84000,-127.14000
0.58000,-0.62000,1.19000,-1.97000,-2.41000,-1.01000,-2.12000,-100.13000,-122.25000
0.58000,-0.63000,1.20000,-1.91000,-2.57000,-1.01000,-2.12000,-100.13000,-122.25000
0.57000,-0.63000,1.22000,-1.58000,-2.53000,-1.01000,-2.11000,-94.23000,-115.13000
0.57000,-0.64000,1.24000,-1.37000,-2.59000,-1.02000,-2.11000,-94.23000,-115.13000
0.57000,-0.64000,1.27000,-1.12000,-2.57000,-1.11000,-2.12000,-98.43000,-112.12000
0.57000,-0.64000,1.29000,-1.29000,-2.34000,-3.02000,-3.05000,-98.43000,-112.12000
0.57000,-0.65000,1.30000,-1.41000,-2.01000,-3.27000,-3.24000,-130.44000,-129.81000
0.57000,-0.65000,1.31000,-1.70000,-2.03000,-2.99000,-2.95000,-130.44000,-129.81000
0.57000,-0.66000,1.30000,-2.37000,-2.22000,-2.65000,-2.57000,-126.93000,-129.83000
0.56000,-0.66000,1.30000,-2.49000,-2.45000,-2.79000,-2.73000,-126.93000,-129.83000
0.56000,-0.67000,1.30000,-2.61000,-2.61000,-2.81000,-2.75000,-123.21000,-129.55000
0.56000,-0.67000,1.31000,-2.57000,-2.80000,-2.79000,-2.72000,-123.21000,-129.55000
0.56000,-0.68000,1.31000,-2.74000,-2.91000,-2.50000,-2.32000,-119.22000,-119.65000
0.56000,-0.69000,1.31000,-3.07000,-2.88000,-2.33000,-1.89000,-119.22000,-119.65000
0.56000,-0.69000,1.30000,-3.24000,-2.86000,-2.45000,-2.20000,-110.53000,-113.71000
0.55000,-0.70000,1.29000,-3.07000,-2.84000,-2.81000,-2.75000,-110.53000,-113.71000
0.55000,-0.71000,1.29000,-2.74000,-2.72000,-2.99000,-2.94000,-114.88000,-121.36000
0.55000,-0.71000,1.30000,-2.61000,-2.72000,-2.98000,-2.94000,-114.88000,-121.36000
0.55000,-0.72000,1.30000,-2.74000,-2.76000,-2.88000,-2.82000,-119.58000,-122.03000
0.55000,-0.72000,1.29000,-2.76000,-2.63000,-2.83000,-2.77000,-119.58000,-122.03000
0.55000,-0.73000,1.29000,-2.76000,-2.78000,-2.92000,-2.87000,-119.56000,-124.55000
0.54000,-0.73000,1.30000,-2.88000,-2.93000,-2.87000,-2.82000,-119.56000,-124.55000
0.54000,-0.74000,1.29000,-3.17000,-3.09000,-2.79000,-2.73000,-116.81000,-119.55000
0.54000,-0.75000,1.29000,-3.59000,-3.20000,-2.84000,-2.78000,-116.81000,-119.55000
0.54000,-0.76000,1.28000,-3.73000,-3.09000,-3.10000,-3.07000,-110.32000,-119.39000
0.54000,-0.76000,1.26000,-3.73000,-3.13000,-3.29000,-3.27000,-110.32000,-119.39000
0.53000,-0.77000,1.26000,-3.63000,-3.13000,-3.16000,-3.19000,-106.13000,-121.44000
0.53000,-0.78000,1.25000,-3.57000,-3.20000,-2.80000,-2.86000,-106.13000,-121.44000
0.53000,-0.79000,1.24000,-3.49000,-3.18000,-2.09000,-2.40000,-89.12000,-109.03000
0.53000,-0.79000,1.24000,-3.11000,-2.78000,-1.39000,-2.18000,-89.12000,-109.03000
0.53000,-0.80000,1.23000,-2.78000,-2.39000,-1.09000,-2.11000,-72.04000,-106.15000
0.52000,-0.80000,1.22000,-2.16000,-1.83000,-1.03000,-2.11000,-72.04000,-106.15000
0.52000,-0.81000,1.22000,-1.74000,-1.80000,-1.02000,-2.11000,-73.17000,-116.36000
0.52000,-0.81000,1.23000,-1.41000,-1.85000,-1.02000,-2.11000,-73.17000,-116.36000
0.52000,-0.81000,1.25000,-1.33000,-2.01000,-1.02000,-2.11000,-77.60000,-117.72000
0.52000,-0.82000,1.26000,-1.45000,-2.26000,-1.07000,-2.11000,-77.60000,-117.72000
0.52000,-0.82000,1.28000,-1.54000,-2.57000,-1.79000,-2.29000,-86.20000,-115.89000
0.52000,-0.83000,1.29000,-1.83000,-2.55000,-3.11000,-3.14000,-86.20000,-115.89000
0.51000,-0.83000,1.31000,-1.85000,-2.66000,-3.29000,-3.27000,-105.14000,-126.33000
0.51000,-0.84000,1.32000,-2.22000,-2.90000,-2.99000,-2.95000,-105.14000,-126.33000
0.51000,-0.84000,1.33000,-2.49000,-2.86000,-2.29000,-1.76000,-92.92000,-102.78000
0.51000,-0.85000,1.33000,-2.22000,-2.24000,-2.13000,-1.16000,-92.92000,-102.78000
0.51000,-0.85000,1.33000,-1.68000,-1.83000,-2.11000,-1.09000,-90.74000,-95.78000
0.51000,-0.85000,1.33000,-1.58000,-1.56000,-2.11000,-1.04000,-90.74000,-95.78000
0.51000,-0.86000,1.33000,-1.33000,-1.29000,-2.11000,-1.03000,-99.61000,-98.26000
0.51000,-0.86000,1.32000,-1.37000,-0.95000,-2.11000,-1.03000,-99.61000,-98.26000
0.51000,-0.86000,1.31000,-1.35000,-1.04000,-2.11000,-1.06000,-105.94000,-104.50000
0.51000,-0.86000,1.31000,-1.27000,-1.22000,-2.12000,-1.11000,-105.94000,-104.50000
0.50000,-0.87000,1.32000,-1.58000,-1.70000,-2.11000,-1.09000,-112.01000,-101.56000
0.50000,-0.87000,1.31000,-2.12000,-1.76000,-2.11000,-1.04000,-112.01000,-101.56000
0.50000,-0.88000,1.28000,-2.72000,-1.29000,-2.11000,-1.06000,-104.26000,-92.16000
0.50000,-0.88000,1.25000,-2.97000,-1.12000,-2.66000,-2.57000,-104.26000,-92.16000
0.50000,-0.88000,1.22000,-2.78000,-1.20000,-3.17000,-3.20000,-107.32000,-129.67000
0.50000,-0.89000,1.20000,-2.70000,-1.68000,-1.14000,-2.12000,-107.32000,-129.67000
0.50000,-0.89000,1.20000,-2.59000,-2.45000,-1.02000,-2.11000,-80.32000,-117.41000
0.49000,-0.90000,1.21000,-2.14000,-2.84000,-1.01000,-2.11000,-80.32000,-117.41000
0.49000,-0.90000,1.24000,-1.66000,-2.99000,-2.39000,-2.53000,-99.30000,-108.94000
0.49000,-0.91000,1.26000,-1.49000,-2.78000,-3.27000,-3.30000,-99.30000,-108.94000
0.49000,-0.91000,1.27000,-1.91000,-2.32000,-2.57000,-2.48000,-113.20000,-107.16000
0.49000,-0.92000,1.27000,-2.20000,-2.16000,-2.23000,-1.59000,-113.20000,-107.16000
0.49000,-0.92000,1.26000,-2.45000,-2.24000,-2.24000,-1.62000,-104.11000,-101.89000
0.48000,-0.93000,1.26000,-2.41000,-2.24000,-2.36000,-1.99000,-104.11000,-101.89000
0.48000,-0.93000,1.26000,-2.57000,-2.37000,-2.49000,-2.30000,-104.98000,-107.56000
0.48000,-0.94000,1.25000,-2.78000,-2.28000,-2.70000,-2.62000,-104.98000,-107.56000
0.48000,-0.95000,1.24000,-3.20000,-2.53000,-3.10000,-3.07000,-109.10000,-118.85000
0.48000,-0.95000,1.22000,-3.44000,-2.57000,-3.29000,-3.27000,-109.10000,-118.85000
0.47000,-0.96000,1.21000,-3.57000,-2.84000,-2.99000,-3.03000,-99.30000,-118.57000
0.47000,-0.97000,1.20000,-3.49000,-3.20000,-1.86000,-2.32000,-99.30000,-118.57000
0.47000,-0.97000,1.20000,-3.32000,-3.24000,-1.33000,-2.16000,-71.10000,-99.00000
0.47000,-0.98000,1.20000,-2.86000,-2.95000,-1.21000,-2.14000,-71.10000,-99.00000
0.46000,-0.98000,1.21000,-2.22000,-2.47000,-1.24000,-2.14000,-66.22000,-96.25000
0.46000,-0.99000,1.21000,-1.64000,-1.95000,-1.50000,-2.20000,-66.22000,-96.25000
0.46000,-0.99000,1.22000,-1.45000,-1.68000,-2.04000,-2.38000,-86.85000,-109.99000
0.46000,-0.99000,1.21000,-1.41000,-1.29000,-2.49000,-2.58000,-86.85000,-109.99000
0.46000,-1.00000,1.21000,-1.70000,-1.43000,-2.20000,-2.45000,-95.07000,-123.51000
0.46000,-1.00000,1.21000,-2.05000,-1.87000,-1.62000,-2.24000,-95.07000,-123.51000
0.46000,-1.01000,1.20000,-2.30000,-2.26000,-1.32000,-2.16000,-76.90000,-117.44000
0.45000,-1.01000,1.21000,-2.07000,-2.66000,-1.24000,-2.14000,-76.90000,-117.44000
0.45000,-1.01000,1.23000,-1.78000,-2.74000,-2.13000,-2.42000,-84.32000,-111.25000
0.45000,-1.02000,1.25000,-1.70000,-2.51000,-3.16000,-3.19000,-84.32000,-111.25000
0.45000,-1.02000,1.26000,-1.78000,-2.32000,-3.26000,-3.23000,-107.24000,-124.24000
0.45000,-1.03000,1.27000,-1.95000,-2.51000,-3.02000,-2.98000,-107.24000,-124.24000
0.45000,-1.03000,1.27000,-2.24000,-2.55000,-2.45000,-2.21000,-100.70000,-113.15000
0.45000,-1.04000,1.27000,-2.01000,-2.07000,-2.21000,-1.53000,-100.70000,-113.15000
0.44000,-1.04000,1.27000,-1.78000,-1.74000,-2.18000,-1.39000,-98.68000,-105.66000
0.44000,-1.04000,1.28000,-1.35000,-1.49000,-2.18000,-1.41000,-98.68000,-105.66000
0.44000,-1.05000,1.29000,-0.33000,-1.25000,-2.14000,-1.23000,-109.06000,-107.81000
0.44000,-1.05000,1.31000,-0.10000,-1.16000,-2.11000,-1.02000,-109.06000,-107.81000
0.44000,-1.05000,1.32000,-0.02000,-0.73000,-2.11000,-1.01000,-132.05000,-107.94000
0.44000,-1.05000,1.33000,0.00000,-0.52000,-2.12000,-1.01000,-132.05000,-107.94000
0.44000,-1.05000,1.34000,0.00000,-0.58000,-2.12000,-1.00000,-145.81000,-116.58000
0.44000,-1.05000,1.36000,0.00000,-0.69000,-2.13000,-1.00000,-145.81000,-116.58000
0.44000,-1.05000,1.37000,0.00000,-0.87000,-2.13000,-0.99000,-158.66000,-116.83000
0.44000,-1.05000,1.39000,0.00000,-0.79000,-2.14000,-0.99000,-158.66000,-116.83000
0.44000,-1.05000,1.40000,0.00000,-0.58000,-2.14000,-0.98000,-171.66000,-116.94000
0.44000,-1.05000,1.40000,0.00000,-0.39000,-2.15000,-0.98000,-171.66000,-116.94000
0.44000,-1.05000,1.41000,0.00000,-0.42000,-2.15000,-0.97000,-184.63000,-123.87000
0.44000,-1.06000,1.41000,-0.87000,-0.77000,-2.16000,-0.97000,-184.63000,-123.87000
0.44000,-1.06000,1.39000,-2.10000,-1.10000,-2.16000,-0.97000,-184.52000,-121.70000
0.44000,-1.06000,1.35000,-3.05000,-1.04000,-2.15000,-0.98000,-184.52000,-121.70000
0.44000,-1.07000,1.31000,-3.90000,-1.27000,-2.13000,-0.99000,-159.25000,-119.19000
0.44000,-1.08000,1.26000,-4.15000,-1.68000,-2.12000,-1.01000,-159.25000,-119.19000
0.43000,-1.08000,1.22000,-4.09000,-1.78000,-2.11000,-1.09000,-136.96000,-110.73000
0.43000,-1.09000,1.18000,-3.88000,-1.70000,-3.29000,-3.27000,-136.96000,-110.73000
0.43000,-1.09000,1.13000,-3.69000,-1.00000,-1.14000,-2.12000,-114.20000,-122.38000
0.43000,-1.10000,1.10000,-3.19000,-1.56000,-1.01000,-2.12000,-114.20000,-122.38000
0.43000,-1.10000,1.09000,-2.74000,-2.28000,-0.99000,-2.13000,-105.81000,-127.21000
0.42000,-1.11000,1.10000,-2.53000,-2.80000,-0.99000,-2.14000,-105.81000,-127.21000
0.42000,-1.11000,1.11000,-2.41000,-2.95000,-0.99000,-2.14000,-102.49000,-112.08000
0.42000,-1.12000,1.11000,-2.61000,-2.78000,-0.99000,-2.13000,-102.49000,-112.08000
0.41000,-1.12000,1.11000,-2.99000,-2.61000,-0.99000,-2.14000,-92.01000,-108.39000
0.41000,-1.13000,1.10000,-2.99000,-2.59000,-0.98000,-2.14000,-92.01000,-108.39000
0.41000,-1.14000,1.10000,-2.78000,-2.66000,-0.98000,-2.15000,-76.49000,-107.48000
0.41000,-1.14000,1.10000,-2.39000,-2.63000,-0.97000,-2.15000,-76.49000,-107.48000
0.40000,-1.14000,1.11000,-2.01000,-2.45000,-0.97000,-2.15000,-73.38000,-104.25000
0.40000,-1.15000,1.11000,-1.87000,-2.18000,-0.97000,-2.15000,-73.38000,-104.25000
0.40000,-1.15000,1.12000,-1.66000,-2.22000,-0.97000,-2.15000,-72.69000,-108.18000
0.40000,-1.16000,1.14000,-1.64000,-2.24000,-0.98000,-2.15000,-72.69000,-108.18000
0.40000,-1.16000,1.15000,-1.66000,-2.28000,-0.98000,-2.15000,-70.81000,-107.03000
0.39000,-1.16000,1.16000,-1.51000,-2.22000,-0.98000,-2.14000,-70.81000,-107.03000
0.39000,-1.17000,1.17000,-1.45000,-2.14000,-0.98000,-2.14000,-68.80000,-106.71000
0.39000,-1.17000,1.18000,-1.29000,-1.99000,-0.99000,-2.14000,-68.80000,-106.71000
0.39000,-1.17000,1.19000,-1.20000,-1.74000,-0.99000,-2.14000,-69.13000,-109.57000
0.39000,-1.18000,1.21000,-1.10000,-1.70000,-0.99000,-2.13000,-69.13000,-109.57000
0.39000,-1.18000,1.22000,-0.98000,-1.64000,-0.99000,-2.13000,-70.20000,-114.69000
0.39000,-1.18000,1.23000,-1.04000,-1.49000,-1.00000,-2.13000,-70.20000,-114.69000
0.39000,-1.19000,1.24000,-1.12000,-1.74000,-1.00000,-2.12000,-70.59000,-120.30000
0.38000,-1.19000,1.25000,-1.20000,-2.05000,-1.00000,-2.12000,-70.59000,-120.30000
0.38000,-1.19000,1.27000,-1.22000,-2.26000,-1.01000,-2.12000,-68.01000,-115.60000
0.38000,-1.20000,1.29000,-1.31000,-2.39000,-1.01000,-2.11000,-68.01000,-115.60000
0.38000,-1.20000,1.32000,-1.20000,-2.59000,-1.02000,-2.11000,-65.44000,-110.82000
0.38000,-1.21000,1.34000,-1.00000,-2.53000,-1.25000,-2.14000,-65.44000,-110.82000
0.38000,-1.21000,1.37000,-0.93000,-2.39000,-3.14000,-3.17000,-100.21000,-122.95000
0.38000,-1.21000,1.39000,-1.60000,-2.59000,-3.00000,-2.96000,-100.21000,-122.95000
0.38000,-1.22000,1.39000,-2.12000,-2.43000,-2.16000,-1.30000,-89.28000,-97.77000
0.38000,-1.22000,1.39000,-2.07000,-1.74000,-2.11000,-1.05000,-89.28000,-97.77000
0.38000,-1.23000,1.38000,-1.49000,-0.98000,-2.11000,-1.07000,-84.79000,-99.38000
0.38000,-1.23000,1.37000,-1.08000,-0.77000,-2.15000,-1.27000,-84.79000,-99.38000
0.38000,-1.23000,1.37000,-0.81000,-0.71000,-2.22000,-1.55000,-101.57000,-117.10000
0.37000,-1.23000,1.38000,-0.68000,-0.95000,-2.23000,-1.60000,-101.57000,-117.10000
0.37000,-1.23000,1.39000,-0.83000,-1.45000,-2.13000,-1.19000,-113.01000,-113.56000
0.37000,-1.24000,1.39000,-1.37000,-1.54000,-2.11000,-1.02000,-113.01000,-113.56000
0.37000,-1.24000,1.38000,-1.85000,-1.56000,-2.11000,-1.02000,-111.05000,-103.71000
0.37000,-1.24000,1.38000,-1.89000,-1.54000,-2.11000,-1.02000,-111.05000,-103.71000
0.37000,-1.25000,1.37000,-1.89000,-1.33000,-2.16000,-0.96000,-108.55000,-99.75000
0.37000,-1.25000,1.36000,-1.66000,-1.39000,-2.16000,-0.97000,-108.55000,-99.75000
0.37000,-1.25000,1.35000,-1.74000,-1.04000,-2.16000,-0.97000,-113.58000,-98.57000
0.37000,-1.26000,1.33000,-1.89000,-0.71000,-2.15000,-0.97000,-113.58000,-98.57000
0.37000,-1.26000,1.30000,-2.53000,-0.81000,-2.15000,-0.98000,-112.94000,-106.48000
0.37000,-1.26000,1.27000,-2.90000,-1.12000,-2.13000,-0.99000,-112.94000,-106.48000
0.37000,-1.27000,1.24000,-3.03000,-1.39000,-2.12000,-1.01000,-98.89000,-102.30000
0.36000,-1.27000,1.22000,-2.63000,-1.60000,-2.11000,-1.01000,-98.89000,-102.30000
0.36000,-1.28000,1.21000,-2.32000,-1.76000,-2.11000,-1.03000,-97.98000,-94.84000
0.36000,-1.28000,1.20000,-2.14000,-1.58000,-2.12000,-1.15000,-97.98000,-94.84000
0.36000,-1.29000,1.19000,-1.95000,-1.47000,-2.30000,-1.81000,-105.18000,-103.38000
0.36000,-1.29000,1.18000,-1.85000,-1.58000,-2.75000,-2.68000,-105.18000,-103.38000
0.36000,-1.29000,1.18000,-1.89000,-1.81000,-2.98000,-2.94000,-120.78000,-121.75000
0.36000,-1.30000,1.18000,-1.97000,-2.07000,-3.03000,-2.99000,-120.78000,-121.75000
0.35000,-1.30000,1.18000,-2.49000,-2.24000,-2.95000,-2.90000,-125.19000,-121.86000
0.35000,-1.31000,1.17000,-2.84000,-2.41000,-3.10000,-3.07000,-125.19000,-121.86000
0.35000,-1.31000,1.16000,-3.40000,-2.66000,-3.26000,-3.24000,-122.71000,-126.88000
0.35000,-1.32000,1.14000,-3.82000,-3.03000,-3.18000,-3.21000,-122.71000,-126.88000
0.34000,-1.33000,1.13000,-4.07000,-3.40000,-2.50000,-2.59000,-99.12000,-112.85000
0.34000,-1.34000,1.12000,-3.94000,-3.36000,-1.25000,-2.15000,-99.12000,-112.85000
0.34000,-1.34000,1.11000,-3.61000,-3.09000,-1.03000,-2.11000,-67.36000,-97.95000
0.33000,-1.35000,1.11000,-2.90000,-2.95000,-1.02000,-2.11000,-67.36000,-97.95000
0.33000,-1.35000,1.12000,-2.12000,-2.64000,-1.02000,-2.11000,-65.24000,-96.66000
0.33000,-1.36000,1.13000,-1.58000,-1.95000,-1.02000,-2.11000,-65.24000,-96.66000
0.33000,-1.36000,1.14000,-1.37000,-1.91000,-1.04000,-2.11000,-74.20000,-106.56000
0.33000,-1.36000,1.15000,-1.24000,-1.80000,-1.22000,-2.14000,-74.20000,-106.56000
0.32000,-1.37000,1.15000,-1.43000,-1.78000,-2.03000,-2.38000,-90.73000,-113.75000
0.32000,-1.37000,1.15000,-1.64000,-1.66000,-2.64000,-2.72000,-90.73000,-113.75000
0.32000,-1.37000,1.15000,-1.95000,-1.83000,-2.64000,-2.72000,-98.77000,-124.46000
0.32000,-1.38000,1.15000,-2.14000,-1.87000,-2.41000,-2.54000,-98.77000,-124.46000
0.32000,-1.38000,1.14000,-2.41000,-2.18000,-1.77000,-2.29000,-84.24000,-121.24000
0.31000,-1.39000,1.15000,-2.22000,-2.43000,-1.34000,-2.17000,-84.24000,-121.24000
0.31000,-1.39000,1.16000,-1.99000,-2.74000,-1.56000,-2.22000,-77.61000,-114.38000
0.31000,-1.40000,1.18000,-1.78000,-2.74000,-2.80000,-2.85000,-77.61000,-114.38000
0.31000,-1.40000,1.20000,-1.45000,-2.57000,-3.26000,-3.29000,-105.75000,-124.49000
0.31000,-1.41000,1.22000,-1.58000,-2.76000,-2.88000,-2.82000,-105.75000,-124.49000
0.30000,-1.41000,1.24000,-1.97000,-2.97000,-2.12000,-1.10000,-100.53000,-94.71000
0.30000,-1.42000,1.25000,-1.83000,-2.35000,-2.11000,-1.02000,-100.53000,-94.71000
0.30000,-1.42000,1.24000,-1.78000,-1.27000,-2.11000,-1.01000,-99.93000,-89.61000
0.30000,-1.42000,1.23000,-1.20000,-0.71000,-2.11000,-1.02000,-99.93000,-89.61000
0.30000,-1.42000,1.21000,-1.02000,-0.15000,-2.11000,-1.02000,-110.90000,-106.32000
0.30000,-1.42000,1.19000,-1.14000,0.00000,-2.12000,-1.12000,-110.90000,-106.32000
0.30000,-1.42000,1.17000,-1.22000,0.00000,-2.82000,-2.76000,-127.95000,-144.86000
0.30000,-1.43000,1.15000,-1.54000,-0.50000,-3.26000,-3.28000,-127.95000,-144.86000
0.30000,-1.43000,1.14000,-2.24000,-1.70000,-2.61000,-2.69000,-129.00000,-152.93000
0.30000,-1.44000,1.14000,-2.78000,-2.49000,-1.50000,-2.21000,-129.00000,-152.93000
0.29000,-1.44000,1.13000,-3.40000,-3.22000,-1.14000,-2.12000,-94.76000,-127.71000
0.29000,-1.45000,1.14000,-3.17000,-3.32000,-1.05000,-2.11000,-94.76000,-127.71000
0.29000,-1.45000,1.15000,-2.41000,-3.20000,-1.05000,-2.11000,-77.62000,-112.82000
0.28000,-1.46000,1.17000,-1.62000,-2.86000,-1.45000,-2.19000,-77.62000,-112.82000
0.28000,-1.46000,1.20000,-1.04000,-2.68000,-3.10000,-3.13000,-118.97000,-127.78000
0.28000,-1.47000,1.23000,-1.31000,-2.57000,-2.91000,-2.86000,-118.97000,-127.78000
0.28000,-1.47000,1.23000,-2.32000,-2.72000,-2.11000,-1.09000,-117.72000,-103.04000
0.28000,-1.48000,1.23000,-2.53000,-2.57000,-2.11000,-1.02000,-117.72000,-103.04000
0.28000,-1.48000,1.23000,-2.57000,-2.18000,-2.11000,-1.02000,-104.09000,-93.13000
0.27000,-1.49000,1.22000,-2.28000,-1.76000,-2.11000,-1.02000,-104.09000,-93.13000
0.27000,-1.49000,1.21000,-1.95000,-1.58000,-2.11000,-1.04000,-105.28000,-96.31000
0.27000,-1.49000,1.20000,-1.95000,-1.60000,-2.11000,-1.09000,-105.28000,-96.31000
0.27000,-1.50000,1.19000,-2.16000,-1.62000,-2.13000,-1.20000,-109.62000,-96.82000
0.27000,-1.50000,1.18000,-2.61000,-1.74000,-2.27000,-1.73000,-109.62000,-96.82000
0.27000,-1.51000,1.16000,-3.11000,-1.93000,-2.97000,-2.93000,-113.34000,-118.16000
0.26000,-1.51000,1.14000,-3.32000,-2.41000,-3.25000,-3.28000,-113.34000,-118.16000
0.26000,-1.52000,1.13000,-3.47000,-2.66000,-2.69000,-2.75000,-100.61000,-112.73000
0.26000,-1.53000,1.11000,-3.36000,-2.59000,-1.14000,-2.12000,-100.61000,-112.73000
0.25000,-1.53000,1.10000,-3.09000,-2.59000,-1.02000,-2.11000,-71.15000,-102.30000
0.25000,-1.54000,1.10000,-2.66000,-2.45000,-1.01000,-2.12000,-71.15000,-102.30000
0.25000,-1.54000,1.10000,-2.03000,-2.35000,-3.09000,-3.13000,-98.83000,-116.87000
0.25000,-1.55000,1.11000,-1.99000,-2.37000,-3.22000,-3.24000,-98.83000,-116.87000
0.24000,-1.55000,1.11000,-2.41000,-2.34000,-3.30000,-3.27000,-114.44000,-124.33000
0.24000,-1.56000,1.10000,-2.78000,-2.39000,-3.27000,-3.29000,-114.44000,-124.33000
0.24000,-1.56000,1.09000,-3.03000,-2.45000,-3.19000,-3.22000,-108.84000,-128.66000
0.24000,-1.57000,1.08000,-3.11000,-2.61000,-2.80000,-2.85000,-108.84000,-128.66000
0.23000,-1.57000,1.08000,-3.07000,-2.66000,-1.88000,-2.32000,-86.66000,-116.82000
0.23000,-1.58000,1.07000,-2.68000,-2.64000,-1.22000,-2.14000,-86.66000,-116.82000
0.23000,-1.58000,1.09000,-1.99000,-2.66000,-1.16000,-2.13000,-74.99000,-111.79000
0.23000,-1.59000,1.11000,-1.45000,-2.55000,-2.04000,-2.38000,-74.99000,-111.79000
0.22000,-1.59000,1.13000,-0.77000,-2.30000,-3.20000,-3.23000,-114.85000,-126.51000
0.22000,-1.59000,1.16000,-0.83000,-2.47000,-2.77000,-2.70000,-114.85000,-126.51000
0.22000,-1.60000,1.19000,-1.45000,-2.74000,-2.11000,-1.03000,-118.26000,-98.79000
0.22000,-1.60000,1.19000,-2.05000,-2.32000,-2.11000,-1.01000,-118.26000,-98.79000
0.22000,-1.61000,1.18000,-2.18000,-1.25000,-2.12000,-1.01000,-107.70000,-92.06000
0.22000,-1.61000,1.15000,-1.95000,-0.66000,-2.11000,-1.01000,-107.70000,-92.06000
0.22000,-1.61000,1.13000,-1.41000,-0.15000,-2.11000,-1.06000,-109.51000,-109.81000
0.22000,-1.61000,1.10000,-1.49000,-0.02000,-2.74000,-2.67000,-109.51000,-109.81000
0.21000,-1.61000,1.08000,-1.58000,-0.37000,-3.23000,-3.25000,-134.06000,-154.74000
0.21000,-1.62000,1.06000,-2.32000,-1.27000,-1.94000,-2.35000,-134.06000,-154.74000
0.21000,-1.62000,1.05000,-3.15000,-2.39000,-1.03000,-2.11000,-99.13000,-138.25000
0.21000,-1.63000,1.04000,-3.01000,-2.84000,-1.02000,-2.11000,-99.13000,-138.25000
0.20000,-1.63000,1.06000,-2.61000,-3.42000,-1.01000,-2.11000,-80.82000,-119.69000
0.20000,-1.64000,1.08000,-1.80000,-3.07000,-1.02000,-2.11000,-80.82000,-119.69000
0.20000,-1.64000,1.11000,-1.25000,-2.84000,-1.32000,-2.16000,-91.43000,-112.63000
0.20000,-1.65000,1.14000,-1.29000,-2.72000,-3.21000,-3.24000,-91.43000,-112.63000
0.19000,-1.65000,1.15000,-1.64000,-2.57000,-2.83000,-2.77000,-118.95000,-121.57000
0.19000,-1.66000,1.17000,-1.91000,-2.53000,-2.14000,-1.21000,-118.95000,-121.57000
0.19000,-1.66000,1.17000,-2.12000,-2.53000,-2.11000,-1.03000,-108.03000,-98.58000
0.19000,-1.67000,1.18000,-1.99000,-2.32000,-2.11000,-1.02000,-108.03000,-98.58000
0.19000,-1.67000,1.17000,-2.20000,-1.95000,-2.11000,-1.01000,-108.02000,-92.47000
0.18000,-1.67000,1.16000,-2.66000,-1.72000,-2.11000,-1.02000,-108.02000,-92.47000
0.18000,-1.68000,1.13000,-2.93000,-1.56000,-2.11000,-1.03000,-98.70000,-93.84000
0.18000,-1.68000,1.11000,-3.05000,-1.74000,-2.42000,-2.13000,-98.70000,-93.84000
0.18000,-1.69000,1.09000,-2.97000,-1.66000,-3.28000,-3.25000,-107.08000,-122.72000
0.18000,-1.69000,1.07000,-3.01000,-2.28000,-2.72000,-2.78000,-107.08000,-122.72000
0.17000,-1.70000,1.07000,-3.22000,-2.90000,-1.34000,-2.17000,-80.03000,-107.39000
0.17000,-1.71000,1.07000,-2.93000,-3.07000,-1.08000,-2.11000,-80.03000,-107.39000
0.17000,-1.71000,1.08000,-2.34000,-2.70000,-1.08000,-2.11000,-67.27000,-94.05000
0.16000,-1.71000,1.08000,-1.95000,-2.43000,-1.16000,-2.13000,-67.27000,-94.05000
0.16000,-1.72000,1.10000,-1.58000,-2.39000,-1.56000,-2.22000,-78.11000,-99.62000
0.16000,-1.72000,1.10000,-1.58000,-1.85000,-2.83000,-2.88000,-78.11000,-99.62000
0.16000,-1.73000,1.10000,-1.72000,-1.62000,-3.02000,-3.06000,-103.22000,-119.61000
0.16000,-1.73000,1.10000,-1.95000,-1.99000,-2.91000,-2.96000,-103.22000,-119.61000
0.15000,-1.73000,1.10000,-2.43000,-2.30000,-2.90000,-2.95000,-104.51000,-123.07000
0.15000,-1.74000,1.10000,-2.68000,-2.47000,-2.70000,-2.76000,-104.51000,-123.07000
0.15000,-1.74000,1.09000,-2.80000,-2.68000,-2.17000,-2.43000,-88.29000,-113.93000
0.15000,-1.75000,1.09000,-2.57000,-2.34000,-1.62000,-2.24000,-88.29000,-113.93000
0.14000,-1.75000,1.09000,-2.28000,-2.34000,-1.17000,-2.13000,-71.78000,-110.99000
0.14000,-1.76000,1.10000,-1.70000,-2.16000,-1.10000,-2.11000,-71.78000,-110.99000
0.14000,-1.76000,1.12000,-1.33000,-2.22000,-1.23000,-2.14000,-77.32000,-112.66000
0.14000,-1.76000,1.14000,-1.08000,-2.24000,-2.43000,-2.55000,-77.32000,-112.66000
0.14000,-1.77000,1.16000,-0.85000,-2.22000,-3.24000,-3.26000,-113.98000,-128.18000
0.13000,-1.77000,1.18000,-1.24000,-2.28000,-2.81000,-2.75000,-113.98000,-128.18000
0.13000,-1.78000,1.19000,-1.93000,-2.70000,-2.11000,-1.09000,-107.59000,-101.14000
0.13000,-1.78000,1.21000,-1.95000,-2.55000,-2.11000,-1.02000,-107.59000,-101.14000
0.13000,-1.78000,1.20000,-1.91000,-1.81000,-2.15000,-0.97000,-102.82000,-88.11000
0.13000,-1.79000,1.19000,-1.70000,-0.89000,-2.15000,-0.97000,-102.82000,-88.11000
0.13000,-1.79000,1.17000,-1.33000,-0.35000,-2.15000,-0.97000,-107.69000,-103.58000
0.13000,-1.79000,1.15000,-1.12000,-0.12000,-2.14000,-0.98000,-107.69000,-103.58000
0.13000,-1.79000,1.14000,-0.91000,0.00000,-2.13000,-0.99000,-118.88000,-115.83000
0.13000,-1.79000,1.11000,-1.27000,-0.02000,-2.13000,-1.00000,-118.88000,-115.83000
0.13000,-1.79000,1.08000,-1.72000,-0.06000,-2.12000,-1.01000,-122.56000,-122.83000
0.12000,-1.80000,1.06000,-2.28000,-0.68000,-2.11000,-1.02000,-122.56000,-122.83000
0.12000,-1.80000,1.03000,-2.82000,-1.20000,-2.18000,-1.42000,-113.41000,-124.99000
0.12000,-1.81000,1.00000,-3.05000,-1.56000,-3.27000,-3.24000,-113.41000,-124.99000
0.12000,-1.81000,0.98000,-2.97000,-1.89000,-2.52000,-2.61000,-106.32000,-134.18000
0.11000,-1.82000,0.97000,-2.70000,-2.26000,-1.06000,-2.11000,-106.32000,-134.18000
0.11000,-1.82000,0.98000,-2.43000,-2.82000,-1.02000,-2.11000,-85.99000,-122.34000
0.11000,-1.82000,0.99000,-2.05000,-2.86000,-1.04000,-2.11000,-85.99000,-122.34000
0.10000,-1.83000,1.02000,-1.35000,-2.74000,-1.45000,-2.19000,-91.98000,-113.68000
0.10000,-1.83000,1.05000,-1.27000,-2.76000,-3.19000,-3.21000,-91.98000,-113.68000
0.10000,-1.84000,1.07000,-1.47000,-2.72000,-2.86000,-2.80000,-121.28000,-120.31000
0.10000,-1.84000,1.08000,-1.87000,-2.59000,-2.11000,-1.08000,-121.28000,-120.31000
0.09000,-1.85000,1.08000,-2.49000,-2.68000,-2.11000,-1.02000,-110.55000,-96.36000
0.09000,-1.85000,1.08000,-2.47000,-2.41000,-2.11000,-1.02000,-110.55000,-96.36000
0.09000,-1.86000,1.07000,-2.57000,-1.91000,-2.11000,-1.02000,-102.97000,-89.65000
0.09000,-1.86000,1.05000,-2.88000,-1.64000,-2.11000,-1.02000,-102.97000,-89.65000
0.08000,-1.86000,1.02000,-2.95000,-1.33000,-2.24000,-1.61000,-96.53000,-101.74000
0.08000,-1.87000,1.00000,-2.84000,-1.68000,-3.29000,-3.26000,-96.53000,-101.74000
0.08000,-1.87000,0.98000,-2.70000,-1.81000,-2.80000,-2.86000,-101.78000,-119.70000
0.08000,-1.88000,0.98000,-2.66000,-2.30000,-1.27000,-2.15000,-101.78000,-119.70000
0.07000,-1.88000,0.98000,-2.82000,-2.84000,-1.06000,-2.11000,-78.20000,-106.17000
0.07000,-1.89000,0.98000,-2.57000,-2.88000,-1.05000,-2.11000,-78.20000,-106.17000
0.07000,-1.89000,0.99000,-2.28000,-2.59000,-1.09000,-2.11000,-70.27000,-96.36000
0.06000,-1.90000,0.99000,-1.87000,-2.24000,-1.19000,-2.13000,-70.27000,-96.36000
0.06000,-1.90000,1.01000,-1.45000,-2.08000,-1.50000,-2.21000,-78.17000,-102.77000
0.06000,-1.90000,1.01000,-1.47000,-1.87000,-2.59000,-2.67000,-78.17000,-102.77000
0.06000,-1.91000,1.02000,-1.60000,-1.85000,-2.97000,-3.01000,-103.88000,-120.23000
0.05000,-1.91000,1.02000,-1.95000,-2.12000,-3.11000,-3.14000,-103.88000,-120.23000
0.05000,-1.91000,1.02000,-2.51000,-2.47000,-3.17000,-3.20000,-108.75000,-126.23000
0.05000,-1.92000,1.02000,-2.80000,-2.57000,-3.14000,-3.17000,-108.75000,-126.23000
0.05000,-1.92000,1.01000,-2.82000,-2.59000,-2.99000,-3.03000,-100.57000,-123.30000
0.04000,-1.93000,1.01000,-2.80000,-2.63000,-2.72000,-2.78000,-100.57000,-123.30000
0.04000,-1.93000,1.01000,-2.64000,-2.64000,-2.32000,-2.50000,-91.71000,-117.19000
0.04000,-1.94000,1.02000,-2.20000,-2.66000,-2.09000,-2.40000,-91.71000,-117.19000
0.03000,-1.94000,1.04000,-1.64000,-2.78000,-2.71000,-2.77000,-103.61000,-120.15000
0.03000,-1.95000,1.06000,-1.47000,-2.70000,-3.27000,-3.29000,-103.61000,-120.15000
0.03000,-1.95000,1.08000,-1.68000,-2.68000,-2.71000,-2.64000,-117.68000,-118.23000
0.03000,-1.96000,1.09000,-1.81000,-2.68000,-2.11000,-1.09000,-117.68000,-118.23000
0.02000,-1.96000,1.10000,-2.14000,-2.68000,-2.11000,-1.02000,-111.03000,-93.85000
0.02000,-1.96000,1.10000,-2.05000,-2.01000,-2.11000,-1.01000,-111.03000,-93.85000
0.02000,-1.97000,1.08000,-1.95000,-0.83000,-2.12000,-1.01000,-109.27000,-93.73000
0.02000,-1.97000,1.05000,-1.91000,-0.37000,-2.11000,-1.01000,-109.27000,-93.73000
0.02000,-1.97000,1.02000,-2.26000,-0.12000,-2.11000,-1.03000,-111.63000,-112.57000
0.02000,-1.97000,0.97000,-2.59000,0.00000,-3.03000,-2.99000,-111.63000,-112.57000
0.01000,-1.98000,0.92000,-2.70000,0.00000,-1.61000,-2.24000,-95.15000,-140.26000
0.01000,-1.98000,0.89000,-2.37000,-0.77000,-1.01000,-2.12000,-95.15000,-140.26000
0.01000,-1.98000,0.89000,-2.03000,-1.85000,0.39000,1.43000,-62.63000,-87.16000
0.01000,-1.99000,0.89000,-1.29000,-1.62000,0.44000,1.49000,-62.63000,-87.16000
0.01000,-1.99000,0.91000,-0.54000,-1.31000,0.42000,1.47000,-61.78000,-60.61000
0.01000,-1.99000,0.91000,-0.04000,-0.27000,0.36000,1.39000,-61.78000,-60.61000
0.01000,-1.99000,0.91000,0.00000,0.00000,0.33000,1.36000,-71.54000,-63.95000
0.01000,-1.99000,0.91000,-0.12000,0.00000,0.33000,1.36000,-71.54000,-63.95000
0.01000,-1.99000,0.91000,-0.02000,0.00000,0.35000,1.38000,-67.82000,-57.96000
0.01000,-1.99000,0.91000,-0.02000,0.00000,0.35000,1.38000,-67.82000,-57.96000
0.01000,-1.99000,0.91000,0.00000,0.00000,0.35000,1.38000,-66.47000,-49.61000
0.01000,-1.99000,0.91000,0.00000,0.00000,0.35000,1.38000,-66.47000,-49.61000
0.01000,-1.99000,0.91000,-0.04000,0.00000,0.35000,1.38000,-64.53000,-41.31000
0.01000,-1.99000,0.91000,-0.04000,0.00000,0.36000,1.39000,-64.53000,-41.31000
0.01000,-1.99000,0.91000,-0.04000,0.00000,0.36000,1.39000,-61.65000,-32.83000
0.01000,-1.99000,0.91000,0.00000,0.00000,0.37000,1.40000,-61.65000,-32.83000
0.01000,-1.99000,0.91000,0.00000,0.00000,0.37000,1.40000,-59.77000,-24.38000
0.01000,-1.99000,0.91000,0.00000,0.00000,0.37000,1.40000,-59.77000,-24.38000
0.01000,-1.99000,0.91000,0.00000,0.00000,0.37000,1.40000,-57.57000,-15.97000
0.01000,-1.99000,0.91000,0.00000,0.00000,0.37000,1.40000,-57.57000,-15.97000
0.01000,-1.99000,0.91000,0.00000,0.00000,0.37000,1.40000,-55.36000,-7.57000
0.01000,-1.99000,0.91000,0.00000,0.00000,0.37000,1.40000,-55.36000,-7.57000
0.01000,-1.99000,0.91000,0.00000,0.00000,0.37000,1.40000,-53.16000,0.83000
0.01000,-1.99000,0.91000,0.00000,0.00000,0.37000,1.40000,-53.16000,0.83000
0.01000,-1.99000,0.91000,0.00000,0.00000,0.37000,1.40000,-50.95000,9.24000
0.01000,-1.99000,0.91000,0.00000,0.00000,0.37000,1.40000,-50.95000,9.24000
0.01000,-1.99000,0.91000,0.00000,0.00000,0.37000,1.40000,-48.74000,17.64000
0.01000,-1.99000,0.91000,0.00000,0.00000,0.37000,1.40000,-48.74000,17.64000
0.01000,-1.99000,0.91000,0.00000,0.00000,0.37000,1.40000,-46.54000,26.05000
0.01000,-1.99000,0.91000,0.00000,0.00000,0.37000,1.40000,-46.54000,26.05000
0.01000,-1.99000,0.91000,0.00000,0.00000,0.37000,1.40000,-44.33000,34.45000
0.01000,-1.99000,0.91000,0.00000,0.00000,0.37000,1.40000,-44.33000,34.45000
0.01000,-1.99000,0.91000,0.00000,0.00000,0.37000,1.40000,-42.13000,42.85000
0.01000,-1.99000,0.91000,0.00000,0.00000,0.37000,1.40000,-42.13000,42.85000
0.01000,-1.99000,0.91000,0.00000,0.00000,0.37000,1.40000,-39.92000,51.26000
0.01000,-1.99000,0.91000,0.00000,0.02000,0.37000,1.40000,-39.92000,51.26000
0.01000,-1.99000,0.91000,0.00000,0.00000,0.37000,1.40000,-37.68000,59.39000
0.01000,-1.99000,0.91000,0.00000,0.00000,0.37000,1.40000,-37.68000,59.39000
0.01000,-1.99000,0.91000,0.00000,0.00000,0.37000,1.40000,-35.47000,68.00000
0.01000,-1.99000,0.91000,0.00000,0.00000,0.37000,1.40000,-35.47000,68.00000
0.01000,-1.99000,0.91000,0.00000,0.02000,0.37000,1.40000,-33.25000,76.41000
0.01000,-1.99000,0.91000,0.00000,0.00000,0.37000,1.41000,-33.25000,76.41000
0.01000,-1.99000,0.91000,0.00000,0.00000,0.37000,1.41000,-31.00000,84.87000
0.01000,-1.99000,0.91000,0.00000,0.00000,0.37000,1.41000,-31.00000,84.87000
0.01000,-1.99000,0.91000,0.00000,0.00000,0.37000,1.41000,-28.77000,93.31000
0.01000,-1.99000,0.91000,0.00000,0.00000,0.37000,1.41000,-28.77000,93.31000
0.01000,-1.99000,0.90000,0.00000,0.04000,0.37000,1.41000,-26.54000,101.74000
0.01000,-1.99000,0.89000,0.00000,1.02000,0.38000,1.41000,-26.54000,101.74000
0.01000,-1.99000,0.87000,0.00000,1.14000,0.47000,1.53000,-22.83000,96.72000
0.01000,-1.99000,0.84000,0.00000,1.14000,0.56000,1.64000,-22.83000,96.72000
0.01000,-1.98000,0.82000,0.00000,1.27000,0.64000,1.74000,-17.43000,101.09000
0.01000,-1.98000,0.80000,0.00000,1.39000,0.72000,1.83000,-17.43000,101.09000
0.01000,-1.98000,0.77000,0.00000,1.39000,0.78000,1.92000,-11.55000,103.60000
0.01000,-1.98000,0.74000,0.00000,1.68000,0.82000,1.98000,-11.55000,103.60000
0.01000,-1.98000,0.71000,0.00000,1.78000,0.86000,2.05000,-5.63000,104.37000
0.02000,-1.98000,0.67000,0.00000,2.14000,0.88000,2.10000,-5.63000,104.37000
0.02000,-1.98000,0.63000,0.00000,2.22000,0.90000,2.14000,0.09000,101.13000
0.02000,-1.97000,0.59000,0.00000,2.20000,0.90000,2.17000,0.09000,101.13000
0.02000,-1.97000,0.55000,0.00000,2.18000,0.91000,2.19000,5.59000,100.96000
0.02000,-1.97000,0.51000,0.00000,2.20000,0.91000,2.20000,5.59000,100.96000
0.03000,-1.97000,0.47000,0.00000,2.22000,0.91000,2.21000,11.05000,101.17000
0.03000,-1.97000,0.43000,0.00000,2.10000,0.91000,2.21000,11.05000,101.17000
0.03000,-1.97000,0.39000,0.00000,2.32000,0.91000,2.21000,16.53000,102.83000
0.03000,-1.97000,0.35000,0.00000,2.41000,0.91000,2.21000,16.53000,102.83000
0.04000,-1.97000,0.30000,0.00000,2.55000,0.92000,2.21000,22.07000,98.81000
0.04000,-1.97000,0.25000,0.00000,2.57000,0.92000,2.20000,22.07000,98.81000
0.04000,-1.96000,0.21000,0.00000,2.47000,0.94000,2.19000,27.91000,94.81000
0.04000,-1.96000,0.17000,0.00000,2.41000,0.96000,2.16000,27.91000,94.81000
0.05000,-1.96000,0.12000,0.00000,2.39000,1.00000,2.13000,34.43000,94.06000
0.05000,-1.96000,0.08000,0.00000,2.16000,1.05000,2.07000,34.43000,94.06000
0.05000,-1.96000,0.05000,0.00000,1.99000,1.12000,2.01000,42.22000,94.34000
0.05000,-1.96000,0.02000,0.02000,1.85000,1.20000,1.92000,42.22000,94.34000
0.06000,-1.96000,-0.02000,0.00000,1.85000,1.30000,1.82000,51.31000,95.36000
0.06000,-1.96000,-0.05000,0.00000,1.70000,1.54000,1.83000,51.31000,95.36000
0.06000,-1.96000,-0.08000,0.00000,1.79000,3.24000,3.25000,88.45000,118.71000
0.06000,-1.96000,-0.12000,0.02000,2.18000,2.32000,2.11000,88.45000,118.71000
0.07000,-1.96000,-0.16000,0.71000,2.76000,1.81000,1.31000,86.17000,91.76000
0.07000,-1.96000,-0.19000,1.04000,2.64000,1.93000,1.20000,86.17000,91.76000
0.07000,-1.97000,-0.21000,1.00000,2.18000,2.00000,1.13000,84.45000,76.98000
0.08000,-1.97000,-0.23000,0.83000,2.01000,2.04000,1.08000,84.45000,76.98000
0.08000,-1.97000,-0.24000,0.87000,1.35000,2.08000,1.05000,94.49000,76.08000
0.08000,-1.97000,-0.23000,1.25000,1.10000,2.09000,1.04000,94.49000,76.08000
0.08000,-1.97000,-0.23000,1.29000,0.98000,2.09000,1.04000,95.91000,83.85000
0.09000,-1.97000,-0.22000,1.41000,0.81000,2.08000,1.05000,95.91000,83.85000
0.09000,-1.97000,-0.20000,1.74000,0.87000,2.06000,1.06000,98.12000,88.15000
0.09000,-1.97000,-0.19000,1.78000,1.14000,2.04000,1.08000,98.12000,88.15000
0.10000,-1.97000,-0.18000,2.03000,1.20000,2.02000,1.11000,95.78000,85.36000
0.10000,-1.97000,-0.16000,1.87000,0.93000,1.99000,1.13000,95.78000,85.36000
0.10000,-1.97000,-0.14000,1.78000,0.87000,1.95000,1.17000,94.93000,89.24000
0.11000,-1.97000,-0.14000,1.74000,1.33000,1.91000,1.21000,94.93000,89.24000
0.11000,-1.97000,-0.13000,1.56000,1.35000,1.89000,1.23000,96.41000,85.69000
0.11000,-1.97000,-0.13000,1.39000,1.29000,1.88000,1.24000,96.41000,85.69000
0.11000,-1.97000,-0.13000,1.37000,1.35000,1.88000,1.25000,102.39000,85.97000
0.12000,-1.97000,-0.12000,1.54000,1.22000,1.88000,1.25000,102.39000,85.97000
0.12000,-1.97000,-0.12000,1.70000,1.25000,1.86000,1.26000,102.90000,86.89000
0.12000,-1.97000,-0.10000,2.05000,1.41000,1.84000,1.29000,102.90000,86.89000
0.13000,-1.97000,-0.09000,2.26000,1.33000,1.80000,1.32000,96.13000,85.25000
0.13000,-1.98000,-0.06000,2.55000,1.35000,1.75000,1.40000,96.13000,85.25000
0.14000,-1.98000,-0.04000,2.70000,1.37000,2.52000,2.46000,98.00000,102.63000
0.14000,-1.98000,-0.02000,2.92000,1.60000,3.28000,3.28000,98.00000,102.63000
0.15000,-1.98000,-0.00000,2.86000,2.03000,2.37000,2.48000,89.89000,105.91000
0.15000,-1.98000,0.01000,2.78000,2.20000,1.46000,1.78000,89.89000,105.91000
0.16000,-1.98000,0.01000,2.72000,2.47000,1.37000,1.76000,73.70000,91.41000
0.17000,-1.98000,0.01000,2.39000,2.43000,1.35000,1.78000,73.70000,91.41000
0.17000,-1.98000,0.01000,2.08000,2.26000,1.35000,1.78000,70.84000,85.60000
0.17000,-1.98000,0.00000,1.85000,2.08000,1.36000,1.77000,70.84000,85.60000
0.18000,-1.98000,0.00000,1.56000,1.62000,1.38000,1.76000,73.12000,86.69000
0.18000,-1.98000,-0.00000,1.33000,1.68000,1.38000,1.76000,73.12000,86.69000
0.18000,-1.98000,-0.00000,1.54000,1.49000,1.43000,1.76000,78.87000,90.73000
0.19000,-1.98000,-0.00000,1.78000,1.72000,1.42000,1.76000,78.87000,90.73000
0.19000,-1.98000,0.00000,1.87000,1.70000,1.40000,1.75000,72.26000,90.49000
0.20000,-1.98000,0.00000,1.91000,1.81000,1.38000,1.76000,72.26000,90.49000
0.20000,-1.98000,0.00000,1.74000,1.85000,1.37000,1.76000,67.59000,89.54000
0.20000,-1.98000,0.00000,1.74000,1.81000,1.38000,1.76000,67.59000,89.54000
0.21000,-1.98000,-0.01000,1.45000,1.81000,1.38000,1.76000,67.03000,89.20000
0.21000,-1.98000,-0.01000,1.41000,1.66000,1.43000,1.76000,67.03000,89.20000
0.22000,-1.98000,-0.02000,1.49000,1.95000,1.51000,1.81000,71.78000,91.86000
0.22000,-1.98000,-0.02000,1.47000,1.74000,1.91000,2.14000,71.78000,91.86000
0.22000,-1.98000,-0.03000,1.68000,1.97000,2.34000,2.47000,83.90000,101.39000
0.23000,-1.98000,-0.04000,1.66000,2.08000,2.77000,2.79000,83.90000,101.39000
0.23000,-1.98000,-0.06000,1.29000,2.49000,3.10000,3.11000,97.63000,110.35000
0.24000,-1.98000,-0.08000,1.41000,2.41000,3.17000,3.17000,97.63000,110.35000
0.24000,-1.98000,-0.09000,1.66000,2.34000,2.25000,2.04000,97.34000,95.51000
0.25000,-1.98000,-0.10000,1.74000,2.24000,1.77000,1.45000,97.34000,95.51000
0.25000,-1.98000,-0.10000,1.70000,1.99000,1.76000,1.37000,90.02000,85.78000
0.25000,-1.98000,-0.10000,1.95000,1.99000,1.78000,1.35000,90.02000,85.78000
0.26000,-1.98000,-0.10000,1.95000,1.70000,1.78000,1.34000,87.35000,83.87000
0.26000,-1.98000,-0.09000,1.74000,1.51000,1.77000,1.36000,87.35000,83.87000
0.26000,-1.98000,-0.09000,1.78000,1.37000,1.76000,1.37000,89.10000,87.62000
0.27000,-1.98000,-0.08000,1.83000,1.47000,1.76000,1.43000,89.10000,87.62000
0.27000,-1.98000,-0.08000,1.70000,1.45000,1.84000,1.56000,89.19000,90.14000
0.28000,-1.98000,-0.07000,1.83000,1.62000,2.01000,1.76000,89.19000,90.14000
0.28000,-1.98000,-0.07000,1.66000,1.81000,2.23000,2.01000,95.11000,95.27000
0.28000,-1.98000,-0.07000,1.95000,1.85000,2.04000,1.80000,95.11000,95.27000
0.29000,-1.98000,-0.07000,2.08000,2.08000,2.14000,1.91000,94.32000,92.66000
0.29000,-1.98000,-0.07000,2.26000,2.14000,2.12000,1.89000,94.32000,92.66000
0.30000,-1.98000,-0.07000,2.12000,2.12000,2.26000,2.04000,92.51000,90.63000
0.30000,-1.98000,-0.07000,1.93000,2.10000,2.23000,2.01000,92.51000,90.63000
0.31000,-1.98000,-0.08000,1.74000,1.99000,2.02000,1.77000,93.90000,86.63000
0.31000,-1.98000,-0.08000,1.62000,1.85000,1.83000,1.55000,93.90000,86.63000
0.31000,-1.98000,-0.09000,1.45000,1.66000,1.77000,1.45000,95.34000,83.54000
0.32000,-1.98000,-0.08000,1.60000,1.39000,1.75000,1.40000,95.34000,83.54000
0.32000,-1.98000,-0.08000,1.64000,1.41000,1.76000,1.44000,96.47000,87.83000
0.32000,-1.98000,-0.07000,2.03000,1.37000,1.80000,1.51000,96.47000,87.83000
0.33000,-1.98000,-0.05000,2.28000,1.45000,2.40000,2.20000,100.51000,99.95000
0.33000,-1.98000,-0.03000,2.78000,1.87000,3.14000,3.13000,100.51000,99.95000
0.34000,-1.98000,-0.02000,3.11000,2.16000,3.24000,3.25000,104.13000,113.12000
0.35000,-1.98000,-0.00000,3.40000,2.64000,2.53000,2.58000,104.13000,113.12000
0.35000,-1.98000,0.01000,3.49000,2.91000,1.52000,1.81000,71.65000,88.34000
0.36000,-1.98000,0.01000,3.18000,2.99000,1.38000,1.76000,71.65000,88.34000
0.37000,-1.98000,0.01000,2.53000,2.57000,1.36000,1.77000,61.38000,77.47000
0.37000,-1.98000,0.01000,2.14000,2.22000,1.36000,1.77000,61.38000,77.47000
0.38000,-1.98000,0.01000,1.81000,1.83000,1.36000,1.77000,66.09000,81.64000
0.38000,-1.98000,0.01000,1.60000,1.70000,1.36000,1.77000,66.09000,81.64000
0.38000,-1.98000,0.00000,1.47000,1.54000,1.37000,1.76000,69.60000,86.65000
0.39000,-1.98000,0.00000,1.51000,1.54000,1.37000,1.76000,69.60000,86.65000
0.39000,-1.98000,0.01000,1.68000,1.56000,1.37000,1.76000,69.49000,89.49000
0.39000,-1.98000,0.00000,1.60000,1.81000,1.36000,1.77000,69.49000,89.49000
0.40000,-1.98000,0.00000,1.70000,1.70000,1.37000,1.76000,67.39000,86.80000
0.40000,-1.98000,-0.00000,1.54000,1.83000,1.37000,1.76000,67.39000,86.80000
0.41000,-1.98000,-0.01000,1.54000,1.87000,1.39000,1.75000,67.29000,86.10000
0.41000,-1.98000,-0.01000,1.60000,1.85000,1.45000,1.77000,67.29000,86.10000
0.41000,-1.98000,-0.02000,1.56000,1.72000,1.54000,1.83000,67.73000,86.50000
0.42000,-1.98000,-0.02000,1.49000,1.76000,1.64000,1.91000,67.73000,86.50000
0.42000,-1.98000,-0.03000,1.25000,1.68000,1.92000,2.15000,74.61000,92.43000
0.42000,-1.98000,-0.03000,1.49000,1.70000,2.63000,2.66000,74.61000,92.43000
0.43000,-1.98000,-0.03000,1.62000,1.74000,2.85000,2.87000,91.16000,106.54000
0.43000,-1.98000,-0.04000,1.80000,2.16000,2.95000,2.97000,91.16000,106.54000
0.44000,-1.98000,-0.05000,2.30000,2.59000,3.16000,3.17000,99.27000,111.15000
0.44000,-1.99000,-0.06000,2.32000,2.88000,3.25000,3.25000,99.27000,111.15000
0.45000,-1.99000,-0.07000,2.28000,3.03000,3.25000,3.24000,100.93000,107.46000
0.46000,-1.99000,-0.08000,2.53000,3.24000,2.83000,2.80000,100.93000,107.46000
0.46000,-1.99000,-0.09000,2.55000,3.15000,1.97000,1.72000,84.23000,81.40000
0.47000,-1.99000,-0.10000,2.26000,2.61000,1.75000,1.41000,84.23000,81.40000
0.47000,-1.99000,-0.10000,2.20000,2.35000,1.76000,1.36000,81.81000,76.34000
0.48000,-1.99000,-0.10000,1.83000,1.66000,1.78000,1.35000,81.81000,76.34000
0.48000,-1.99000,-0.10000,1.70000,1.52000,1.77000,1.36000,85.43000,83.06000
0.48000,-1.99000,-0.09000,1.41000,1.31000,1.76000,1.37000,85.43000,83.06000
0.49000,-1.99000,-0.09000,1.58000,1.41000,1.76000,1.38000,91.15000,86.81000
0.49000,-1.99000,-0.09000,1.74000,1.64000,1.75000,1.39000,91.15000,86.81000
0.49000,-1.99000,-0.08000,1.91000,1.58000,1.75000,1.40000,88.18000,82.56000
0.50000,-1.99000,-0.08000,2.08000,1.66000,1.77000,1.46000,88.18000,82.56000
0.50000,-1.99000,-0.07000,1.83000,1.49000,1.93000,1.67000,85.93000,84.85000
0.50000,-1.99000,-0.07000,1.54000,1.33000,2.26000,2.04000,85.93000,84.85000
0.51000,-1.99000,-0.07000,1.10000,1.41000,2.49000,2.38000,101.50000,100.62000
0.51000,-1.99000,-0.08000,1.27000,1.58000,2.08000,1.84000,101.50000,100.62000
0.51000,-1.99000,-0.08000,1.49000,1.81000,1.83000,1.54000,101.39000,90.58000
0.52000,-1.99000,-0.09000,1.58000,1.85000,1.76000,1.42000,101.39000,90.58000
0.52000,-1.99000,-0.09000,1.97000,1.91000,1.76000,1.38000,99.02000,83.88000
0.53000,-1.99000,-0.08000,2.03000,1.58000,1.76000,1.38000,99.02000,83.88000
0.53000,-1.99000,-0.06000,2.47000,1.62000,1.77000,1.44000,93.40000,86.10000
0.54000,-1.99000,-0.04000,2.57000,1.56000,2.37000,2.17000,93.40000,86.10000
0.54000,-1.99000,-0.03000,2.70000,1.70000,3.20000,3.19000,105.19000,111.85000
0.55000,-1.99000,-0.01000,3.15000,2.22000,3.17000,3.18000,105.19000,111.85000
0.55000,-1.99000,0.00000,3.38000,2.64000,2.12000,2.33000,84.10000,98.76000
0.56000,-1.99000,0.01000,3.05000,2.68000,1.44000,1.76000,84.10000,98.76000
0.57000,-1.99000,0.01000,2.91000,2.86000,1.37000,1.76000,68.19000,84.03000
0.57000,-1.99000,0.01000,2.55000,2.64000,1.36000,1.77000,68.19000,84.03000
0.58000,-1.99000,0.01000,2.18000,2.14000,1.36000,1.77000,65.38000,79.27000
0.58000,-1.99000,0.01000,1.87000,2.05000,1.35000,1.78000,65.38000,79.27000
0.58000,-1.99000,0.01000,1.62000,1.68000,1.36000,1.77000,68.46000,82.83000
0.59000,-1.99000,0.00000,1.54000,1.64000,1.36000,1.77000,68.46000,82.83000
0.59000,-1.99000,0.01000,1.66000,1.39000,1.36000,1.77000,70.39000,87.33000
0.60000,-1.99000,0.01000,1.45000,1.47000,1.33000,1.79000,70.39000,87.33000
0.60000,-1.99000,0.01000,1.70000,1.64000,1.33000,1.79000,70.16000,90.97000
0.60000,-1.99000,0.01000,1.70000,1.78000,1.32000,1.80000,70.16000,90.97000
0.61000,-1.99000,0.00000,1.70000,1.99000,1.32000,1.80000,65.51000,88.38000
0.61000,-1.99000,-0.00000,1.64000,1.99000,1.33000,1.79000,65.51000,88.38000
0.61000,-1.99000,-0.01000,1.39000,1.93000,1.35000,1.78000,64.56000,85.01000
0.62000,-1.99000,-0.02000,1.41000,1.89000,1.38000,1.76000,64.56000,85.01000
0.62000,-1.99000,-0.03000,1.18000,1.87000,1.45000,1.77000,67.72000,85.11000
0.63000,-1.99000,-0.04000,1.22000,1.70000,1.90000,2.13000,67.72000,85.11000
0.63000,-1.99000,-0.05000,1.41000,1.74000,2.62000,2.66000,88.36000,100.54000
0.63000,-1.99000,-0.05000,1.58000,1.85000,2.94000,2.95000,88.36000,100.54000
0.64000,-1.99000,-0.06000,2.03000,2.26000,3.10000,3.11000,98.61000,110.86000
0.64000,-1.99000,-0.06000,2.24000,2.59000,3.19000,3.19000,98.61000,110.86000
0.65000,-1.99000,-0.08000,2.28000,2.93000,3.27000,3.27000,100.37000,109.69000
0.65000,-1.99000,-0.09000,2.28000,3.17000,3.19000,3.19000,100.37000,109.69000
0.66000,-2.00000,-0.11000,2.53000,3.26000,2.41000,2.22000,93.04000,89.28000
0.67000,-2.00000,-0.11000,2.37000,2.82000,1.76000,1.44000,93.04000,89.28000
0.67000,-2.00000,-0.11000,2.30000,2.39000,1.77000,1.36000,82.95000,75.87000
0.68000,-2.00000,-0.11000,2.26000,2.10000,1.79000,1.33000,82.95000,75.87000
0.68000,-2.00000,-0.11000,1.81000,1.58000,1.80000,1.33000,81.34000,77.50000
0.68000,-2.00000,-0.10000,1.87000,1.56000,1.80000,1.32000,81.34000,77.50000
0.69000,-2.00000,-0.10000,1.60000,1.27000,1.80000,1.33000,84.46000,80.99000
0.69000,-2.00000,-0.09000,1.43000,1.29000,1.79000,1.33000,84.46000,80.99000
0.69000,-2.00000,-0.09000,1.39000,1.29000,1.80000,1.33000,90.58000,83.65000
0.70000,-2.00000,-0.08000,1.72000,1.31000,1.81000,1.32000,90.58000,83.65000
0.70000,-2.00000,-0.08000,1.76000,1.35000,1.80000,1.32000,88.49000,83.50000
0.70000,-2.00000,-0.07000,1.74000,1.25000,1.80000,1.32000,88.49000,83.50000
0.71000,-2.00000,-0.06000,1.49000,1.29000,1.80000,1.33000,88.54000,84.63000
0.71000,-2.00000,-0.07000,1.16000,1.45000,-0.73000,0.30000,88.54000,84.63000
0.71000,-2.00000,-0.07000,1.14000,1.27000,-0.78000,0.25000,58.93000,65.91000
0.71000,-2.00000,-0.08000,0.56000,0.96000,-0.82000,0.21000,58.93000,65.91000
0.72000,-2.00000,-0.09000,0.00000,0.73000,-0.88000,0.16000,54.88000,64.70000
0.72000,-2.00000,-0.10000,0.00000,0.42000,-0.94000,0.08000,54.88000,64.70000
0.72000,-2.00000,-0.10000,0.02000,0.02000,-0.99000,0.04000,52.97000,66.21000
0.72000,-2.00000,-0.10000,0.00000,0.00000,-0.99000,0.04000,52.97000,66.21000
0.72000,-2.00000,-0.10000,0.00000,0.00000,-0.99000,0.04000,47.03000,70.15000
0.72000,-2.00000,-0.10000,0.02000,0.00000,-0.99000,0.04000,47.03000,70.15000
0.72000,-2.00000,-0.10000,0.00000,0.00000,-0.99000,0.04000,40.80000,70.38000
0.72000,-2.00000,-0.10000,0.00000,0.00000,-0.99000,0.04000,40.80000,70.38000
0.72000,-2.00000,-0.10000,0.00000,0.00000,-0.99000,0.04000,35.06000,70.60000
0.72000,-2.00000,-0.10000,0.00000,0.00000,-0.99000,0.04000,35.06000,70.60000
0.72000,-2.00000,-0.10000,0.00000,0.00000,-0.99000,0.04000,29.13000,70.82000
0.72000,-2.00000,-0.10000,0.00000,0.00000,-0.99000,0.04000,29.13000,70.82000
0.72000,-2.00000,-0.10000,0.00000,0.00000,-0.99000,0.04000,23.20000,71.04000
0.72000,-2.00000,-0.10000,0.00000,0.00000,-0.99000,0.04000,23.20000,71.04000
0.72000,-2.00000,-0.10000,0.00000,0.00000,-0.99000,0.04000,17.27000,71.26000
0.72000,-2.00000,-0.10000,0.00000,0.00000,-0.99000,0.04000,17.27000,71.26000
0.72000,-2.00000,-0.10000,0.00000,0.00000,-0.99000,0.04000,11.34000,71.48000
0.72000,-2.00000,-0.10000,0.00000,0.00000,-0.99000,0.04000,11.34000,71.48000
0.72000,-2.00000,-0.10000,0.00000,0.00000,-0.99000,0.04000,5.41000,71.71000
0.72000,-2.00000,-0.10000,0.00000,0.00000,-0.99000,0.04000,5.41000,71.71000
0.72000,-2.00000,-0.10000,0.00000,0.00000,-0.99000,0.04000,-0.52000,71.93000
0.72000,-2.00000,-0.10000,0.00000,0.00000,-0.99000,0.04000,-0.52000,71.93000
0.72000,-2.00000,-0.10000,0.00000,0.00000,-0.99000,0.04000,-6.45000,72.15000
0.72000,-2.00000,-0.10000,0.00000,0.00000,-0.99000,0.04000,-6.45000,72.15000
0.72000,-2.00000,-0.10000,0.00000,0.00000,-0.99000,0.04000,-12.37000,72.37000
0.72000,-2.00000,-0.10000,0.00000,0.00000,-0.99000,0.04000,-12.37000,72.37000
0.72000,-2.00000,-0.10000,0.00000,0.00000,-0.99000,0.04000,-18.30000,72.59000
0.72000,-2.00000,-0.10000,-0.02000,0.00000,-0.99000,0.04000,-18.30000,72.59000
0.72000,-2.00000,-0.10000,0.00000,0.00000,-0.99000,0.04000,-23.94000,72.78000
0.72000,-2.00000,-0.10000,0.00000,0.00000,-0.99000,0.04000,-23.94000,72.78000
0.72000,-2.00000,-0.10000,-0.02000,0.00000,-0.99000,0.04000,-30.07000,73.00000
0.72000,-2.00000,-0.10000,0.00000,0.00000,-0.99000,0.03000,-30.07000,73.00000
0.72000,-2.00000,-0.10000,0.00000,0.00000,-0.99000,0.03000,-36.02000,73.18000
0.72000,-2.00000,-0.10000,-0.02000,0.00000,-0.99000,0.03000,-36.02000,73.18000
0.72000,-2.00000,-0.10000,-0.02000,0.00000,-0.99000,0.03000,-41.68000,73.36000
0.72000,-2.00000,-0.10000,-0.04000,0.00000,-0.99000,0.03000,-41.68000,73.36000
0.72000,-2.00000,-0.10000,0.00000,0.00000,-1.00000,0.03000,-47.26000,73.49000
0.72000,-2.00000,-0.10000,0.00000,0.00000,-1.00000,0.03000,-47.26000,73.49000
0.72000,-2.00000,-0.10000,-0.02000,0.00000,-1.00000,0.03000,-53.62000,73.65000
0.72000,-2.00000,-0.10000,0.00000,0.00000,-1.00000,0.03000,-53.62000,73.65000
0.72000,-2.00000,-0.10000,0.00000,0.00000,-1.00000,0.03000,-59.62000,73.80000
0.72000,-2.00000,-0.10000,-0.02000,0.00000,-1.00000,0.03000,-59.62000,73.80000
0.72000,-2.00000,-0.10000,0.00000,0.00000,-1.00000,0.02000,-65.32000,73.93000
0.72000,-2.00000,-0.11000,-0.29000,0.00000,-1.00000,0.02000,-65.32000,73.93000
0.72000,-2.00000,-0.11000,-0.04000,0.00000,-1.02000,0.00000,-67.46000,73.75000
0.72000,-2.00000,-0.11000,0.00000,0.00000,-1.02000,-0.00000,-67.46000,73.75000
0.72000,-2.00000,-0.11000,0.00000,0.00000,-1.02000,-0.00000,-76.24000,73.72000
0.72000,-2.00000,-0.11000,-0.04000,0.00000,-1.02000,-0.00000,-76.24000,73.72000
0.72000,-2.00000,-0.11000,-0.04000,0.00000,-1.03000,-0.00000,-81.81000,73.67000
0.72000,-2.00000,-0.11000,-0.04000,0.00000,-1.03000,-0.01000,-81.81000,73.67000
0.72000,-2.00000,-0.11000,0.00000,0.00000,-1.03000,-0.01000,-87.81000,73.55000
0.72000,-2.00000,-0.11000,0.00000,0.00000,-1.03000,-0.01000,-87.81000,73.55000
0.72000,-2.00000,-0.11000,0.00000,0.00000,-1.03000,-0.01000,-94.38000,73.48000
0.72000,-2.00000,-0.11000,-0.02000,0.00000,-1.03000,-0.01000,-94.38000,73.48000
0.72000,-2.00000,-0.11000,-0.02000,0.00000,-1.03000,-0.01000,-100.29000,73.40000
0.72000,-2.00000,-0.11000,-0.08000,0.00000,-1.04000,-0.01000,-100.29000,73.40000
0.71000,-2.00000,-0.12000,-0.37000,0.00000,-1.04000,-0.02000,-105.56000,73.20000
0.71000,-2.00000,-0.13000,-0.71000,0.00000,-1.07000,-0.05000,-105.56000,73.20000
0.71000,-2.00000,-0.15000,-1.00000,0.00000,-1.13000,-0.11000,-103.29000,71.70000
0.71000,-2.00000,-0.18000,-1.41000,0.00000,-1.21000,-0.20000,-103.29000,71.70000
0.71000,-2.00000,-0.21000,-1.70000,0.00000,-1.34000,-0.32000,-98.46000,67.89000
0.71000,-2.00000,-0.24000,-1.95000,0.00000,-1.51000,-0.46000,-98.46000,67.89000
0.70000,-2.00000,-0.28000,-2.32000,0.00000,-1.67000,-0.59000,-94.85000,61.98000
0.70000,-2.00000,-0.33000,-2.47000,0.00000,-1.83000,-0.71000,-94.85000,61.98000
0.70000,-2.00000,-0.38000,-2.61000,0.00000,-1.95000,-0.80000,-89.54000,55.28000
0.70000,-2.00000,-0.42000,-2.43000,0.00000,-2.04000,-0.86000,-89.54000,55.28000
0.69000,-1.99000,-0.46000,-2.22000,0.00000,-2.10000,-0.88000,-89.28000,49.22000
0.69000,-1.99000,-0.50000,-2.05000,0.00000,-2.14000,-0.90000,-89.28000,49.22000
0.69000,-1.99000,-0.53000,-2.05000,0.00000,-2.16000,-0.90000,-93.88000,43.64000
0.69000,-1.99000,-0.57000,-2.16000,0.00000,-2.18000,-0.91000,-93.88000,43.64000
0.69000,-1.99000,-0.61000,-2.26000,0.00000,-2.20000,-0.90000,-93.46000,38.19000
0.68000,-1.99000,-0.65000,-2.20000,0.00000,-2.20000,-0.91000,-93.46000,38.19000
0.68000,-1.99000,-0.70000,-2.34000,0.00000,-2.21000,-0.91000,-93.27000,32.73000
0.68000,-1.99000,-0.74000,-2.28000,0.00000,-2.21000,-0.91000,-93.27000,32.73000
0.68000,-1.98000,-0.78000,-2.26000,0.00000,-2.21000,-0.91000,-92.14000,27.26000
0.68000,-1.98000,-0.82000,-2.18000,0.00000,-2.21000,-0.91000,-92.14000,27.26000
0.67000,-1.98000,-0.86000,-2.37000,0.00000,-2.21000,-0.91000,-93.29000,21.78000
0.67000,-1.98000,-0.91000,-2.68000,0.00000,-2.21000,-0.91000,-93.29000,21.78000
0.67000,-1.98000,-0.96000,-2.91000,0.00000,-2.21000,-0.92000,-85.92000,16.20000
0.67000,-1.97000,-1.01000,-2.78000,0.00000,-2.20000,-0.93000,-85.92000,16.20000
0.67000,-1.97000,-1.06000,-2.66000,0.00000,-2.18000,-0.95000,-81.16000,10.28000
0.67000,-1.97000,-1.11000,-2.57000,0.00000,-2.16000,-0.96000,-81.16000,10.28000
0.66000,-1.97000,-1.15000,-2.49000,0.00000,-2.14000,-0.98000,-80.11000,4.06000
0.66000,-1.96000,-1.19000,-2.37000,0.00000,-2.12000,-1.00000,-80.11000,4.06000
0.66000,-1.96000,-1.24000,-2.28000,0.00000,-2.11000,-1.02000,-80.10000,-2.34000
0.66000,-1.96000,-1.28000,-2.22000,0.00000,-2.62000,-2.53000,-80.10000,-2.34000
0.66000,-1.96000,-1.31000,-2.08000,0.00000,-2.87000,-2.92000,-92.14000,-36.98000
0.66000,-1.95000,-1.36000,-2.43000,0.00000,-1.02000,-2.11000,-92.14000,-36.98000
0.66000,-1.95000,-1.40000,-2.66000,0.00000,-1.00000,-2.12000,-64.93000,-42.56000
0.66000,-1.95000,-1.45000,-2.28000,-0.02000,-0.98000,-2.14000,-64.93000,-42.56000
0.66000,-1.95000,-1.48000,-1.74000,0.00000,-0.96000,-2.16000,-57.95000,-55.59000
0.66000,-1.94000,-1.50000,-1.25000,0.00000,-0.95000,-2.18000,-57.95000,-55.59000
0.66000,-1.94000,-1.52000,-0.87000,-0.02000,-0.94000,-2.19000,-65.23000,-69.10000
0.66000,-1.94000,-1.53000,-0.83000,0.00000,-0.93000,-2.19000,-65.23000,-69.10000
0.66000,-1.94000,-1.55000,-0.83000,0.00000,-0.93000,-2.20000,-69.46000,-82.38000
0.66000,-1.94000,-1.56000,-0.77000,0.00000,-0.92000,-2.20000,-69.46000,-82.38000
0.66000,-1.94000,-1.57000,-0.77000,-0.02000,-0.92000,-2.20000,-70.86000,-95.68000
0.66000,-1.94000,-1.59000,-0.95000,0.00000,-0.92000,-2.21000,-70.86000,-95.68000
0.66000,-1.94000,-1.61000,-1.10000,0.00000,-0.91000,-2.21000,-68.88000,-108.98000
0.66000,-1.94000,-1.62000,-0.73000,-0.02000,-0.91000,-2.21000,-68.88000,-108.98000
0.66000,-1.94000,-1.62000,-0.50000,-0.83000,-0.91000,-2.21000,-72.02000,-121.98000
0.66000,-1.93000,-1.60000,-0.54000,-1.54000,-0.91000,-2.21000,-72.02000,-121.98000
0.66000,-1.93000,-1.57000,-0.62000,-2.36000,-0.91000,-2.21000,-75.95000,-112.42000
0.66000,-1.93000,-1.53000,-0.83000,-2.74000,-0.91000,-2.21000,-75.95000,-112.42000
0.66000,-1.92000,-1.50000,-0.87000,-2.82000,-0.92000,-2.21000,-73.91000,-98.34000
0.66000,-1.92000,-1.46000,-0.64000,-2.59000,-0.92000,-2.20000,-73.91000,-98.34000
0.66000,-1.91000,-1.43000,-0.46000,-2.32000,-0.93000,-2.19000,-77.42000,-97.14000
0.66000,-1.91000,-1.40000,-0.56000,-2.20000,-0.94000,-2.19000,-77.42000,-97.14000
0.66000,-1.91000,-1.38000,-0.79000,-2.03000,-0.95000,-2.18000,-80.65000,-100.40000
0.66000,-1.91000,-1.35000,-0.93000,-2.12000,-0.95000,-2.17000,-80.65000,-100.40000
0.66000,-1.90000,-1.33000,-0.77000,-2.20000,-0.96000,-2.16000,-77.58000,-101.33000
0.66000,-1.90000,-1.30000,-0.54000,-2.08000,-0.97000,-2.16000,-77.58000,-101.33000
0.65000,-1.90000,-1.27000,-0.08000,-2.03000,-0.98000,-2.15000,-83.93000,-101.94000
0.65000,-1.89000,-1.23000,0.00000,-2.08000,-0.99000,-2.13000,-83.93000,-101.94000
0.65000,-1.89000,-1.19000,-0.15000,-2.26000,-1.01000,-2.12000,-95.10000,-101.96000
0.65000,-1.89000,-1.15000,-0.21000,-2.16000,-1.03000,-2.11000,-95.10000,-101.96000
0.65000,-1.89000,-1.13000,-0.60000,-2.20000,-2.95000,-2.99000,-127.11000,-114.05000
0.65000,-1.88000,-1.11000,-1.66000,-2.43000,-3.11000,-3.07000,-127.11000,-114.05000
0.65000,-1.88000,-1.11000,-2.61000,-2.64000,-2.37000,-2.01000,-113.13000,-100.27000
0.64000,-1.87000,-1.12000,-3.15000,-2.72000,-2.28000,-1.75000,-113.13000,-100.27000
0.64000,-1.87000,-1.13000,-3.20000,-2.74000,-2.53000,-2.39000,-97.42000,-99.15000
0.64000,-1.86000,-1.13000,-2.86000,-2.70000,-2.90000,-2.85000,-97.42000,-99.15000
0.64000,-1.85000,-1.12000,-2.32000,-2.64000,-2.96000,-2.92000,-104.48000,-105.37000
0.63000,-1.85000,-1.12000,-2.37000,-2.70000,-2.55000,-2.42000,-104.48000,-105.37000
0.63000,-1.84000,-1.12000,-2.49000,-2.68000,-2.20000,-1.49000,-101.16000,-85.32000
0.63000,-1.84000,-1.12000,-2.37000,-2.39000,-2.12000,-1.13000,-101.16000,-85.32000
0.63000,-1.84000,-1.12000,-2.37000,-2.01000,-2.11000,-1.05000,-98.75000,-76.12000
0.62000,-1.83000,-1.13000,-2.03000,-1.54000,-2.11000,-1.06000,-98.75000,-76.12000
0.62000,-1.83000,-1.14000,-2.01000,-1.33000,-2.12000,-1.12000,-102.36000,-81.94000
0.62000,-1.82000,-1.16000,-1.97000,-1.10000,-2.21000,-1.52000,-102.36000,-81.94000
0.62000,-1.82000,-1.18000,-2.28000,-0.98000,-2.79000,-2.73000,-113.87000,-110.05000
0.62000,-1.82000,-1.21000,-2.76000,-1.49000,-1.01000,-2.11000,-113.87000,-110.05000
0.62000,-1.81000,-1.23000,-3.22000,-1.91000,-1.00000,-2.12000,-80.17000,-104.85000
0.61000,-1.81000,-1.24000,-2.90000,-2.03000,-0.99000,-2.13000,-80.17000,-104.85000
0.61000,-1.80000,-1.25000,-2.34000,-2.20000,-0.99000,-2.14000,-67.19000,-100.81000
0.61000,-1.80000,-1.24000,-1.85000,-2.22000,-0.98000,-2.14000,-67.19000,-100.81000
0.61000,-1.79000,-1.23000,-1.49000,-2.05000,-0.98000,-2.14000,-71.53000,-98.67000
0.61000,-1.79000,-1.22000,-1.41000,-2.07000,-0.99000,-2.14000,-71.53000,-98.67000
0.61000,-1.79000,-1.21000,-1.49000,-1.99000,-0.99000,-2.13000,-73.00000,-100.24000
0.61000,-1.78000,-1.20000,-1.41000,-2.10000,-0.99000,-2.13000,-73.00000,-100.24000
0.60000,-1.78000,-1.19000,-1.49000,-1.99000,-1.00000,-2.13000,-70.60000,-100.17000
0.60000,-1.78000,-1.17000,-1.54000,-2.28000,-1.00000,-2.12000,-70.60000,-100.17000
0.60000,-1.77000,-1.16000,-1.41000,-2.30000,-1.01000,-2.12000,-66.40000,-97.45000
0.60000,-1.77000,-1.14000,-1.35000,-2.16000,-1.01000,-2.11000,-66.40000,-97.45000
0.60000,-1.76000,-1.12000,-1.00000,-2.12000,-1.02000,-2.11000,-66.18000,-98.15000
0.60000,-1.76000,-1.10000,-1.00000,-2.22000,-1.11000,-2.12000,-66.18000,-98.15000
0.59000,-1.76000,-1.08000,-1.10000,-2.18000,-2.83000,-2.88000,-96.64000,-108.55000
0.59000,-1.75000,-1.07000,-1.45000,-2.12000,-3.29000,-3.27000,-96.64000,-108.55000
0.59000,-1.75000,-1.07000,-2.18000,-2.24000,-3.09000,-3.05000,-104.71000,-116.65000
0.59000,-1.74000,-1.07000,-2.68000,-2.72000,-3.04000,-3.00000,-104.71000,-116.65000
0.58000,-1.74000,-1.07000,-2.99000,-2.95000,-2.99000,-2.95000,-94.75000,-111.72000
0.58000,-1.73000,-1.06000,-2.90000,-3.17000,-3.00000,-2.96000,-94.75000,-111.72000
0.58000,-1.73000,-1.05000,-2.72000,-3.28000,-2.73000,-2.66000,-89.23000,-101.83000
0.57000,-1.72000,-1.04000,-2.55000,-3.13000,-2.21000,-1.52000,-89.23000,-101.83000
0.57000,-1.72000,-1.03000,-2.12000,-2.95000,-2.11000,-1.06000,-84.18000,-75.38000
0.57000,-1.71000,-1.01000,-1.49000,-2.41000,-2.11000,-1.02000,-84.18000,-75.38000
0.57000,-1.71000,-1.00000,-1.22000,-1.83000,-2.11000,-1.01000,-97.46000,-73.11000
0.57000,-1.71000,-1.00000,-1.22000,-1.25000,-2.12000,-1.01000,-97.46000,-73.11000
0.56000,-1.71000,-1.01000,-1.18000,-0.91000,-2.12000,-1.01000,-105.33000,-82.09000
0.56000,-1.70000,-1.02000,-1.43000,-0.75000,-2.12000,-1.01000,-105.33000,-82.09000
0.56000,-1.70000,-1.03000,-1.64000,-0.85000,-2.11000,-1.01000,-107.49000,-88.20000
0.56000,-1.70000,-1.04000,-1.64000,-1.06000,-2.11000,-1.01000,-107.49000,-88.20000
0.56000,-1.70000,-1.05000,-1.85000,-1.35000,-2.11000,-1.02000,-108.35000,-85.25000
0.56000,-1.69000,-1.06000,-2.01000,-1.31000,-2.11000,-1.03000,-108.35000,-85.25000
0.55000,-1.69000,-1.08000,-2.53000,-1.43000,-2.14000,-1.25000,-106.12000,-84.67000
0.55000,-1.68000,-1.11000,-2.82000,-1.45000,-2.94000,-2.89000,-106.12000,-84.67000
0.55000,-1.68000,-1.14000,-2.82000,-1.20000,-3.20000,-3.23000,-110.68000,-111.92000
0.55000,-1.68000,-1.16000,-2.80000,-1.74000,-1.21000,-2.14000,-110.68000,-111.92000
0.55000,-1.67000,-1.17000,-2.80000,-2.18000,-1.02000,-2.11000,-80.50000,-101.35000
0.54000,-1.67000,-1.17000,-2.32000,-2.37000,-1.01000,-2.11000,-80.50000,-101.35000
0.54000,-1.66000,-1.15000,-1.58000,-2.34000,-1.01000,-2.11000,-76.86000,-94.28000
0.54000,-1.66000,-1.13000,-0.95000,-2.03000,-1.02000,-2.11000,-76.86000,-94.28000
0.54000,-1.66000,-1.12000,-0.81000,-1.62000,-1.05000,-2.11000,-90.07000,-97.66000
0.54000,-1.65000,-1.11000,-1.10000,-1.70000,-1.58000,-2.23000,-90.07000,-97.66000
0.54000,-1.65000,-1.10000,-1.18000,-1.64000,-2.64000,-2.72000,-112.39000,-112.25000
0.54000,-1.65000,-1.09000,-1.64000,-1.97000,-3.04000,-3.08000,-112.39000,-112.25000
0.53000,-1.64000,-1.10000,-2.28000,-2.24000,-3.19000,-3.22000,-121.76000,-121.82000
0.53000,-1.64000,-1.10000,-2.80000,-2.51000,-3.17000,-3.20000,-121.76000,-121.82000
0.53000,-1.63000,-1.12000,-3.34000,-2.43000,-2.98000,-3.02000,-110.54000,-118.30000
0.52000,-1.62000,-1.14000,-3.71000,-2.66000,-1.44000,-2.19000,-110.54000,-118.30000
0.52000,-1.62000,-1.15000,-3.67000,-2.66000,-1.02000,-2.11000,-68.50000,-105.43000
0.52000,-1.61000,-1.16000,-2.99000,-2.47000,-1.01000,-2.11000,-68.50000,-105.43000
0.52000,-1.61000,-1.16000,-2.22000,-2.49000,-1.00000,-2.12000,-62.98000,-105.17000
0.51000,-1.60000,-1.15000,-1.68000,-2.45000,-1.00000,-2.12000,-62.98000,-105.17000
0.51000,-1.60000,-1.13000,-1.31000,-2.41000,-1.00000,-2.12000,-70.70000,-103.40000
0.51000,-1.60000,-1.11000,-1.33000,-2.37000,-1.01000,-2.12000,-70.70000,-103.40000
0.51000,-1.59000,-1.09000,-1.60000,-2.43000,-1.01000,-2.11000,-72.04000,-102.52000
0.51000,-1.59000,-1.08000,-1.54000,-2.32000,-1.01000,-2.11000,-72.04000,-102.52000
0.50000,-1.58000,-1.06000,-1.62000,-2.32000,-1.02000,-2.11000,-67.11000,-101.54000
0.50000,-1.58000,-1.05000,-1.43000,-2.24000,-1.02000,-2.11000,-67.11000,-101.54000
0.50000,-1.58000,-1.03000,-1.22000,-2.16000,-1.03000,-2.11000,-65.77000,-101.47000
0.50000,-1.57000,-1.02000,-1.29000,-2.16000,-2.13000,-0.99000,-65.77000,-101.47000
0.50000,-1.57000,-1.00000,-1.00000,-1.99000,-2.14000,-0.98000,-82.21000,-85.07000
0.50000,-1.57000,-1.00000,-1.31000,-1.54000,-2.15000,-0.97000,-82.21000,-85.07000
0.49000,-1.57000,-1.01000,-1.78000,-1.22000,-2.15000,-0.97000,-87.18000,-87.18000
0.49000,-1.56000,-1.02000,-1.99000,-1.37000,-2.15000,-0.98000,-87.18000,-87.18000
0.49000,-1.56000,-1.03000,-2.05000,-1.31000,-2.15000,-0.98000,-81.87000,-86.42000
0.49000,-1.56000,-1.04000,-1.91000,-1.54000,-2.14000,-0.99000,-81.87000,-86.42000
0.49000,-1.55000,-1.04000,-1.78000,-1.56000,-2.14000,-0.99000,-83.94000,-81.71000
0.48000,-1.55000,-1.05000,-1.66000,-1.18000,-2.14000,-0.99000,-83.94000,-81.71000
0.48000,-1.55000,-1.06000,-1.70000,-0.87000,-2.13000,-0.99000,-88.97000,-83.76000
0.48000,-1.55000,-1.08000,-1.52000,-0.58000,-2.13000,-1.00000,-88.97000,-83.76000
0.48000,-1.54000,-1.10000,-1.45000,-0.23000,-2.12000,-1.00000,-93.81000,-91.84000
0.48000,-1.54000,-1.13000,-1.39000,-0.06000,-2.11000,-1.01000,-93.81000,-91.84000
0.48000,-1.54000,-1.15000,-1.10000,0.00000,-2.11000,-1.03000,-99.06000,-102.48000
0.48000,-1.54000,-1.17000,-1.10000,0.00000,-2.24000,-1.63000,-99.06000,-102.48000
0.48000,-1.54000,-1.19000,-1.39000,0.00000,-3.16000,-3.13000,-123.51000,-140.71000
0.48000,-1.54000,-1.22000,-1.56000,-0.12000,-3.01000,-3.05000,-123.51000,-140.71000
0.48000,-1.53000,-1.23000,-2.18000,-1.39000,-1.10000,-2.12000,-98.14000,-142.43000
0.47000,-1.53000,-1.22000,-2.05000,-2.70000,-1.02000,-2.11000,-98.14000,-142.43000
0.47000,-1.52000,-1.19000,-1.85000,-3.42000,-1.05000,-2.11000,-87.15000,-115.67000
0.47000,-1.52000,-1.16000,-1.60000,-3.42000,-2.89000,-2.94000,-87.15000,-115.67000
0.47000,-1.51000,-1.13000,-1.62000,-3.05000,-3.00000,-2.95000,-117.20000,-113.94000
0.47000,-1.51000,-1.13000,-2.26000,-2.43000,-2.11000,-1.08000,-117.20000,-113.94000
0.46000,-1.50000,-1.15000,-2.93000,-2.12000,-2.11000,-1.04000,-102.28000,-97.36000
0.46000,-1.50000,-1.17000,-2.90000,-1.68000,-2.20000,-1.49000,-102.28000,-97.36000
0.46000,-1.49000,-1.19000,-2.45000,-1.10000,-3.16000,-3.13000,-107.52000,-131.58000
0.46000,-1.49000,-1.21000,-2.32000,-1.45000,-3.03000,-3.07000,-107.52000,-131.58000
0.46000,-1.49000,-1.21000,-2.37000,-2.05000,-1.72000,-2.27000,-96.13000,-130.81000
0.45000,-1.48000,-1.20000,-2.03000,-2.49000,-1.24000,-2.14000,-96.13000,-130.81000
0.45000,-1.48000,-1.18000,-1.74000,-2.88000,-1.85000,-2.31000,-98.84000,-120.82000
0.45000,-1.47000,-1.16000,-1.87000,-2.99000,-3.18000,-3.21000,-98.84000,-120.82000
0.45000,-1.47000,-1.14000,-1.81000,-2.90000,-3.13000,-3.10000,-119.48000,-124.09000
0.45000,-1.46000,-1.13000,-2.26000,-2.97000,-2.21000,-1.51000,-119.48000,-124.09000
0.44000,-1.46000,-1.13000,-2.91000,-2.88000,-2.11000,-1.04000,-105.77000,-94.20000
0.44000,-1.45000,-1.15000,-3.22000,-2.24000,-2.11000,-1.04000,-105.77000,-94.20000
0.44000,-1.44000,-1.18000,-3.30000,-1.51000,-2.25000,-1.65000,-92.64000,-102.62000
0.44000,-1.44000,-1.22000,-3.22000,-1.35000,-3.27000,-3.29000,-92.64000,-102.62000
0.44000,-1.44000,-1.25000,-3.01000,-1.33000,-1.29000,-2.15000,-72.54000,-120.05000
0.43000,-1.43000,-1.26000,-2.49000,-1.95000,-1.01000,-2.11000,-72.54000,-120.05000
0.43000,-1.43000,-1.25000,-1.99000,-2.24000,-1.01000,-2.11000,-67.64000,-115.26000
0.43000,-1.42000,-1.24000,-1.74000,-2.47000,-1.01000,-2.11000,-67.64000,-115.26000
0.43000,-1.42000,-1.22000,-1.41000,-2.45000,-1.01000,-2.11000,-70.04000,-108.38000
0.43000,-1.41000,-1.20000,-1.54000,-2.41000,-1.03000,-2.11000,-70.04000,-108.38000
0.43000,-1.41000,-1.19000,-1.45000,-2.39000,-1.41000,-2.18000,-74.77000,-108.27000
0.42000,-1.41000,-1.17000,-1.58000,-2.30000,-2.89000,-2.93000,-74.77000,-108.27000
0.42000,-1.40000,-1.16000,-1.56000,-2.45000,-3.24000,-3.27000,-100.85000,-124.78000
0.42000,-1.40000,-1.14000,-1.95000,-2.68000,-3.14000,-3.10000,-100.85000,-124.78000
0.42000,-1.39000,-1.14000,-2.49000,-2.97000,-2.46000,-2.24000,-93.58000,-109.55000
0.42000,-1.39000,-1.13000,-2.78000,-2.86000,-2.15000,-1.29000,-93.58000,-109.55000
0.41000,-1.38000,-1.14000,-2.80000,-2.72000,-2.13000,-1.15000,-79.13000,-87.84000
0.41000,-1.37000,-1.14000,-2.41000,-2.18000,-2.12000,-1.14000,-79.13000,-87.84000
0.41000,-1.37000,-1.14000,-2.12000,-1.83000,-2.14000,-1.23000,-81.02000,-88.97000
0.41000,-1.37000,-1.15000,-1.83000,-1.64000,-2.20000,-1.46000,-81.02000,-88.97000
0.41000,-1.36000,-1.15000,-1.66000,-1.54000,-2.25000,-1.66000,-89.83000,-97.88000
0.40000,-1.36000,-1.15000,-1.39000,-1.62000,-2.29000,-1.79000,-89.83000,-97.88000
0.40000,-1.36000,-1.14000,-1.39000,-1.62000,-2.17000,-1.34000,-97.62000,-93.54000
0.40000,-1.35000,-1.14000,-1.39000,-1.51000,-2.12000,-1.12000,-97.62000,-93.54000
0.40000,-1.35000,-1.14000,-1.14000,-1.04000,-2.11000,-1.06000,-101.42000,-89.22000
0.40000,-1.35000,-1.15000,-1.25000,-0.71000,-2.11000,-1.07000,-101.42000,-89.22000
0.40000,-1.35000,-1.16000,-1.29000,-0.73000,-2.17000,-1.38000,-108.89000,-103.38000
0.40000,-1.35000,-1.16000,-1.16000,-1.06000,-2.51000,-2.34000,-108.89000,-103.38000
0.40000,-1.34000,-1.17000,-1.49000,-1.41000,-2.57000,-2.48000,-121.71000,-118.61000
0.39000,-1.34000,-1.17000,-1.87000,-1.83000,-2.62000,-2.53000,-121.71000,-118.61000
0.39000,-1.34000,-1.16000,-1.99000,-2.16000,-2.58000,-2.49000,-119.73000,-115.75000
0.39000,-1.33000,-1.16000,-2.26000,-2.30000,-2.35000,-1.96000,-119.73000,-115.75000
0.39000,-1.32000,-1.17000,-2.80000,-2.59000,-2.25000,-1.65000,-113.11000,-100.00000
0.39000,-1.32000,-1.18000,-3.15000,-2.45000,-2.27000,-1.73000,-113.11000,-100.00000
0.38000,-1.31000,-1.20000,-3.09000,-1.87000,-2.77000,-2.70000,-107.47000,-109.71000
0.38000,-1.31000,-1.22000,-2.88000,-1.70000,-3.30000,-3.27000,-107.47000,-109.71000
0.38000,-1.30000,-1.25000,-2.74000,-1.41000,-2.64000,-2.72000,-107.27000,-122.63000
0.38000,-1.30000,-1.26000,-2.66000,-1.74000,-1.03000,-2.11000,-107.27000,-122.63000
0.38000,-1.30000,-1.27000,-2.41000,-2.12000,-1.01000,-2.11000,-84.81000,-119.01000
0.38000,-1.29000,-1.26000,-2.03000,-2.28000,-1.01000,-2.12000,-84.81000,-119.01000
0.37000,-1.29000,-1.24000,-1.33000,-2.57000,-1.32000,-2.16000,-88.86000,-113.87000
0.37000,-1.28000,-1.21000,-1.20000,-2.68000,-3.08000,-3.11000,-88.86000,-113.87000
0.37000,-1.28000,-1.19000,-1.41000,-2.49000,-3.05000,-3.02000,-123.07000,-120.07000
0.37000,-1.27000,-1.19000,-1.89000,-2.22000,-2.17000,-1.36000,-123.07000,-120.07000
0.37000,-1.27000,-1.20000,-2.84000,-2.41000,-2.12000,-1.10000,-109.83000,-100.26000
0.37000,-1.26000,-1.21000,-3.28000,-2.26000,-2.18000,-1.42000,-109.83000,-100.26000
0.36000,-1.26000,-1.25000,-3.49000,-1.47000,-3.02000,-2.97000,-103.84000,-121.00000
0.36000,-1.25000,-1.28000,-3.36000,-1.72000,-2.64000,-2.72000,-103.84000,-121.00000
0.36000,-1.25000,-1.30000,-3.09000,-1.85000,-1.02000,-2.11000,-71.14000,-120.33000
0.36000,-1.24000,-1.31000,-2.64000,-2.28000,-1.01000,-2.11000,-71.14000,-120.33000
0.36000,-1.24000,-1.30000,-2.01000,-2.57000,-1.01000,-2.12000,-67.80000,-114.39000
0.36000,-1.23000,-1.28000,-1.60000,-2.70000,-1.01000,-2.11000,-67.80000,-114.39000
0.35000,-1.23000,-1.26000,-1.60000,-2.68000,-1.02000,-2.11000,-73.77000,-107.01000
0.35000,-1.22000,-1.25000,-1.54000,-2.39000,-1.26000,-2.15000,-73.77000,-107.01000
0.35000,-1.22000,-1.23000,-1.64000,-2.34000,-2.68000,-2.75000,-96.07000,-117.73000
0.35000,-1.21000,-1.22000,-1.91000,-2.49000,-3.19000,-3.22000,-96.07000,-117.73000
0.35000,-1.21000,-1.21000,-2.41000,-2.80000,-3.29000,-3.26000,-106.48000,-126.08000
0.35000,-1.20000,-1.21000,-2.78000,-2.95000,-3.19000,-3.16000,-106.48000,-126.08000
0.34000,-1.20000,-1.21000,-3.11000,-3.30000,-3.10000,-3.07000,-98.93000,-120.96000
0.34000,-1.19000,-1.21000,-3.19000,-3.34000,-2.97000,-2.92000,-98.93000,-120.96000
0.34000,-1.18000,-1.20000,-3.05000,-3.26000,-2.82000,-2.75000,-90.32000,-111.06000
0.34000,-1.18000,-1.19000,-2.66000,-3.11000,-2.55000,-2.42000,-90.32000,-111.06000
0.33000,-1.17000,-1.18000,-2.14000,-3.09000,-2.19000,-1.46000,-86.81000,-91.52000
0.33000,-1.17000,-1.16000,-1.76000,-2.70000,-2.11000,-1.03000,-86.81000,-91.52000
0.33000,-1.16000,-1.14000,-1.29000,-2.30000,-2.11000,-1.01000,-96.15000,-81.14000
0.33000,-1.16000,-1.13000,-1.10000,-1.74000,-2.12000,-1.01000,-96.15000,-81.14000
0.33000,-1.16000,-1.13000,-1.41000,-1.35000,-2.12000,-1.00000,-108.40000,-85.19000
0.33000,-1.15000,-1.13000,-1.27000,-1.20000,-2.12000,-1.00000,-108.40000,-85.19000
0.33000,-1.15000,-1.14000,-1.39000,-0.87000,-2.12000,-1.00000,-112.04000,-88.83000
0.32000,-1.15000,-1.15000,-1.54000,-0.87000,-2.12000,-1.01000,-112.04000,-88.83000
0.32000,-1.15000,-1.16000,-1.51000,-0.98000,-2.12000,-1.01000,-113.03000,-92.73000
0.32000,-1.14000,-1.17000,-1.64000,-1.14000,-2.11000,-1.01000,-113.03000,-92.73000
0.32000,-1.14000,-1.18000,-1.87000,-1.16000,-2.11000,-1.01000,-114.84000,-89.58000
0.32000,-1.14000,-1.21000,-2.32000,-1.10000,-2.11000,-1.02000,-114.84000,-89.58000
0.32000,-1.13000,-1.24000,-2.78000,-1.08000,-2.22000,-1.56000,-109.10000,-97.62000
0.32000,-1.13000,-1.27000,-2.92000,-1.14000,-3.29000,-3.27000,-109.10000,-97.62000
0.32000,-1.13000,-1.30000,-2.82000,-1.27000,-1.57000,-2.23000,-89.67000,-109.74000
0.31000,-1.12000,-1.32000,-2.41000,-1.41000,-1.02000,-2.11000,-89.67000,-109.74000
0.31000,-1.12000,-1.32000,-1.85000,-1.51000,-1.01000,-2.11000,-80.93000,-110.54000
0.31000,-1.11000,-1.32000,-1.49000,-1.72000,-1.01000,-2.12000,-80.93000,-110.54000
0.31000,-1.11000,-1.30000,-0.93000,-1.70000,-1.01000,-2.12000,-86.22000,-110.13000
0.31000,-1.11000,-1.29000,-0.50000,-1.43000,-1.01000,-2.11000,-86.22000,-110.13000
0.31000,-1.11000,-1.26000,-0.27000,-1.49000,-1.02000,-2.11000,-98.41000,-116.68000
0.31000,-1.11000,-1.24000,-0.15000,-1.54000,-1.37000,-2.17000,-98.41000,-116.68000
0.31000,-1.10000,-1.22000,-0.48000,-1.66000,-3.17000,-3.20000,-139.12000,-135.60000
0.31000,-1.10000,-1.21000,-1.74000,-2.09000,-3.11000,-3.07000,-139.12000,-135.60000
0.31000,-1.09000,-1.21000,-2.95000,-2.80000,-2.83000,-2.77000,-128.20000,-130.75000
0.30000,-1.09000,-1.22000,-3.34000,-3.07000,-2.93000,-2.88000,-128.20000,-130.75000
0.30000,-1.08000,-1.23000,-3.59000,-3.22000,-3.09000,-3.06000,-114.70000,-124.47000
0.30000,-1.07000,-1.24000,-3.78000,-3.17000,-3.24000,-3.21000,-114.70000,-124.47000
0.29000,-1.06000,-1.26000,-3.84000,-2.74000,-3.25000,-3.28000,-109.03000,-126.11000
0.29000,-1.06000,-1.28000,-3.69000,-2.49000,-2.40000,-2.54000,-109.03000,-126.11000
0.29000,-1.05000,-1.30000,-3.57000,-2.61000,-1.04000,-2.11000,-73.90000,-119.43000
0.29000,-1.04000,-1.30000,-3.05000,-2.88000,-1.01000,-2.11000,-73.90000,-119.43000
0.29000,-1.04000,-1.29000,-2.32000,-3.01000,-1.01000,-2.11000,-67.25000,-111.31000
0.29000,-1.03000,-1.27000,-2.01000,-2.93000,-1.02000,-2.11000,-67.25000,-111.31000
0.28000,-1.03000,-1.25000,-1.72000,-2.72000,-1.03000,-2.11000,-70.79000,-105.95000
0.28000,-1.02000,-1.23000,-1.51000,-2.74000,-1.34000,-2.16000,-70.79000,-105.95000
0.28000,-1.02000,-1.21000,-1.43000,-2.59000,-3.04000,-3.08000,-102.57000,-118.42000
0.28000,-1.02000,-1.20000,-2.03000,-2.63000,-3.24000,-3.21000,-102.57000,-118.42000
0.28000,-1.01000,-1.20000,-2.66000,-2.74000,-2.88000,-2.82000,-101.51000,-118.21000
0.27000,-1.00000,-1.20000,-2.99000,-3.01000,-2.73000,-2.65000,-101.51000,-118.21000
0.27000,-1.00000,-1.20000,-3.07000,-2.91000,-2.59000,-2.50000,-88.01000,-108.89000
0.27000,-0.99000,-1.20000,-2.88000,-2.88000,-2.67000,-2.59000,-88.01000,-108.89000
0.27000,-0.99000,-1.19000,-2.47000,-2.82000,-2.55000,-2.43000,-86.55000,-106.65000
0.27000,-0.98000,-1.18000,-1.99000,-2.74000,-2.21000,-1.50000,-86.55000,-106.65000
0.26000,-0.98000,-1.16000,-1.70000,-2.61000,-2.11000,-1.03000,-91.25000,-85.11000
0.26000,-0.97000,-1.15000,-1.37000,-2.30000,-2.11000,-1.01000,-91.25000,-85.11000
0.26000,-0.97000,-1.13000,-1.12000,-1.74000,-2.12000,-1.01000,-101.48000,-81.04000
0.26000,-0.97000,-1.14000,-1.41000,-1.29000,-2.13000,-1.00000,-101.48000,-81.04000
0.26000,-0.96000,-1.14000,-1.37000,-1.10000,-2.13000,-1.00000,-105.47000,-88.36000
0.26000,-0.96000,-1.15000,-1.29000,-1.02000,-2.13000,-1.00000,-105.47000,-88.36000
0.26000,-0.96000,-1.15000,-1.37000,-0.98000,-2.13000,-0.99000,-111.65000,-90.64000
0.26000,-0.96000,-1.16000,-1.41000,-0.93000,-2.13000,-0.99000,-111.65000,-90.64000
0.25000,-0.95000,-1.17000,-1.41000,-1.02000,-2.13000,-1.00000,-114.83000,-91.76000
0.25000,-0.95000,-1.18000,-1.66000,-0.98000,-2.13000,-0.99000,-114.83000,-91.76000
0.25000,-0.95000,-1.20000,-1.91000,-0.85000,-2.13000,-1.00000,-115.40000,-91.51000
0.25000,-0.95000,-1.23000,-2.49000,-0.91000,-2.13000,-1.00000,-115.40000,-91.51000
0.25000,-0.94000,-1.26000,-2.88000,-1.08000,-2.12000,-1.01000,-105.65000,-92.72000
0.25000,-0.94000,-1.29000,-2.93000,-1.12000,-2.37000,-2.01000,-105.65000,-92.72000
0.25000,-0.93000,-1.32000,-2.66000,-1.04000,-3.23000,-3.26000,-113.58000,-123.97000
0.25000,-0.93000,-1.35000,-2.61000,-1.37000,-1.31000,-2.16000,-113.58000,-123.97000
0.24000,-0.92000,-1.36000,-2.74000,-1.85000,-1.02000,-2.11000,-86.88000,-115.78000
0.24000,-0.92000,-1.36000,-2.20000,-2.10000,-1.01000,-2.11000,-86.88000,-115.78000
0.24000,-0.92000,-1.36000,-1.68000,-1.89000,-1.01000,-2.11000,-83.42000,-109.42000
0.24000,-0.91000,-1.35000,-1.10000,-1.74000,-1.01000,-2.11000,-83.42000,-109.42000
0.24000,-0.91000,-1.33000,-0.66000,-1.66000,-1.02000,-2.11000,-92.85000,-114.72000
0.24000,-0.91000,-1.31000,-0.62000,-1.54000,-1.04000,-2.11000,-92.85000,-114.72000
0.24000,-0.90000,-1.30000,-1.04000,-1.78000,-1.79000,-2.29000,-111.09000,-122.80000
0.24000,-0.90000,-1.29000,-1.64000,-2.07000,-2.95000,-2.99000,-111.09000,-122.80000
0.24000,-0.90000,-1.29000,-2.10000,-2.32000,-3.19000,-3.22000,-123.86000,-133.14000
0.24000,-0.89000,-1.29000,-2.76000,-2.68000,-3.25000,-3.27000,-123.86000,-133.14000
0.23000,-0.88000,-1.30000,-3.47000,-3.05000,-3.23000,-3.26000,-116.96000,-131.55000
0.23000,-0.87000,-1.31000,-3.82000,-3.22000,-3.05000,-3.09000,-116.96000,-131.55000
0.23000,-0.87000,-1.32000,-3.74000,-2.88000,-2.35000,-2.51000,-90.66000,-115.77000
0.23000,-0.86000,-1.34000,-3.40000,-2.66000,-1.11000,-2.12000,-90.66000,-115.77000
0.23000,-0.85000,-1.35000,-3.01000,-2.51000,-1.02000,-2.11000,-68.16000,-113.85000
0.23000,-0.85000,-1.35000,-2.61000,-2.45000,-1.01000,-2.11000,-68.16000,-113.85000
0.22000,-0.84000,-1.34000,-2.05000,-2.47000,-1.01000,-2.11000,-65.59000,-113.72000
0.22000,-0.84000,-1.33000,-1.68000,-2.39000,-1.02000,-2.11000,-65.59000,-113.72000
0.22000,-0.84000,-1.31000,-1.29000,-2.41000,-1.03000,-2.11000,-70.18000,-112.56000
0.22000,-0.83000,-1.29000,-1.35000,-2.24000,-1.67000,-2.26000,-70.18000,-112.56000
0.22000,-0.83000,-1.28000,-1.45000,-2.28000,-3.01000,-3.05000,-100.97000,-127.19000
0.22000,-0.82000,-1.26000,-1.91000,-2.72000,-3.29000,-3.27000,-100.97000,-127.19000
0.22000,-0.82000,-1.26000,-2.66000,-2.84000,-3.02000,-2.97000,-102.65000,-123.79000
0.21000,-0.81000,-1.26000,-3.09000,-3.05000,-2.85000,-2.79000,-102.65000,-123.79000
0.21000,-0.80000,-1.26000,-3.13000,-3.15000,-2.87000,-2.81000,-89.29000,-117.87000
0.21000,-0.80000,-1.26000,-2.86000,-3.13000,-2.82000,-2.76000,-89.29000,-117.87000
0.21000,-0.79000,-1.24000,-2.45000,-3.11000,-2.50000,-2.31000,-85.81000,-107.69000
0.21000,-0.79000,-1.22000,-1.97000,-3.05000,-2.13000,-1.19000,-85.81000,-107.69000
0.21000,-0.78000,-1.20000,-1.39000,-2.93000,-2.11000,-1.02000,-91.15000,-84.63000
0.20000,-0.78000,-1.17000,-1.04000,-2.34000,-2.12000,-1.01000,-91.15000,-84.63000
0.20000,-0.78000,-1.16000,-1.16000,-1.68000,-2.13000,-1.00000,-106.28000,-82.70000
0.20000,-0.77000,-1.17000,-1.41000,-1.20000,-2.13000,-0.99000,-106.28000,-82.70000
0.20000,-0.77000,-1.18000,-1.41000,-0.95000,-2.13000,-0.99000,-107.25000,-91.67000
0.20000,-0.77000,-1.18000,-1.58000,-1.10000,-2.13000,-1.00000,-107.25000,-91.67000
0.20000,-0.76000,-1.19000,-1.49000,-1.10000,-2.12000,-1.00000,-109.00000,-92.07000
0.20000,-0.76000,-1.19000,-1.33000,-1.20000,-2.12000,-1.00000,-109.00000,-92.07000
0.20000,-0.76000,-1.20000,-1.45000,-1.16000,-2.12000,-1.00000,-115.98000,-89.97000
0.19000,-0.76000,-1.21000,-1.78000,-1.08000,-2.12000,-1.01000,-115.98000,-89.97000
0.19000,-0.75000,-1.24000,-2.28000,-0.93000,-2.12000,-1.01000,-113.81000,-90.73000
0.19000,-0.75000,-1.27000,-2.72000,-0.93000,-2.11000,-1.02000,-113.81000,-90.73000
0.19000,-0.74000,-1.30000,-2.97000,-1.08000,-2.39000,-2.06000,-105.91000,-108.19000
0.19000,-0.74000,-1.33000,-2.90000,-1.37000,-3.21000,-3.24000,-105.91000,-108.19000
0.19000,-0.74000,-1.35000,-2.61000,-1.68000,-1.29000,-2.15000,-84.70000,-109.86000
0.19000,-0.73000,-1.35000,-2.20000,-1.76000,-1.02000,-2.11000,-84.70000,-109.86000
0.19000,-0.73000,-1.35000,-1.70000,-1.72000,-1.02000,-2.11000,-81.45000,-107.95000
0.19000,-0.72000,-1.34000,-1.06000,-1.74000,-1.02000,-2.11000,-81.45000,-107.95000
0.19000,-0.72000,-1.33000,-0.71000,-1.31000,-1.03000,-2.11000,-91.60000,-110.29000
0.18000,-0.72000,-1.32000,-1.02000,-1.39000,-1.11000,-2.12000,-91.60000,-110.29000
0.18000,-0.72000,-1.32000,-1.20000,-1.56000,-1.36000,-2.17000,-97.09000,-118.74000
0.18000,-0.71000,-1.31000,-1.08000,-1.68000,-1.92000,-2.34000,-97.09000,-118.74000
0.18000,-0.71000,-1.29000,-1.12000,-1.85000,-2.87000,-2.92000,-120.84000,-130.30000
0.18000,-0.71000,-1.29000,-1.91000,-2.30000,-3.24000,-3.27000,-120.84000,-130.30000
0.18000,-0.70000,-1.28000,-2.47000,-2.70000,-3.29000,-3.26000,-125.37000,-133.51000
0.18000,-0.69000,-1.29000,-3.15000,-3.01000,-3.24000,-3.21000,-125.37000,-133.51000
0.18000,-0.69000,-1.30000,-3.84000,-3.24000,-3.27000,-3.24000,-114.74000,-128.44000
0.17000,-0.68000,-1.31000,-4.07000,-3.28000,-3.22000,-3.24000,-114.74000,-128.44000
0.17000,-0.67000,-1.33000,-3.98000,-2.91000,-2.65000,-2.72000,-92.47000,-118.02000
0.17000,-0.66000,-1.35000,-3.61000,-2.68000,-1.08000,-2.11000,-92.47000,-118.02000
0.17000,-0.66000,-1.36000,-3.26000,-2.59000,-1.02000,-2.11000,-66.32000,-114.46000
0.17000,-0.65000,-1.36000,-2.61000,-2.61000,-1.01000,-2.11000,-66.32000,-114.46000
0.17000,-0.65000,-1.35000,-1.97000,-2.72000,-1.01000,-2.11000,-65.60000,-112.07000
0.16000,-0.64000,-1.33000,-1.58000,-2.64000,-1.01000,-2.11000,-65.60000,-112.07000
0.16000,-0.64000,-1.31000,-1.43000,-2.49000,-1.03000,-2.11000,-71.78000,-108.63000
0.16000,-0.63000,-1.28000,-1.22000,-2.53000,-1.51000,-2.21000,-71.78000,-108.63000
0.16000,-0.63000,-1.26000,-1.29000,-2.62000,-3.17000,-3.20000,-105.85000,-123.35000
0.16000,-0.62000,-1.25000,-2.22000,-2.70000,-3.04000,-3.00000,-105.85000,-123.35000
0.16000,-0.62000,-1.25000,-2.97000,-3.07000,-2.53000,-2.39000,-93.07000,-112.79000
0.16000,-0.61000,-1.25000,-2.99000,-3.09000,-2.37000,-2.01000,-93.07000,-112.79000
0.15000,-0.60000,-1.25000,-2.91000,-2.99000,-2.24000,-1.62000,-79.06000,-93.52000
0.15000,-0.60000,-1.24000,-2.49000,-2.66000,-2.17000,-1.35000,-79.06000,-93.52000
0.15000,-0.60000,-1.23000,-1.70000,-2.35000,-2.12000,-1.13000,-80.24000,-83.90000
0.15000,-0.59000,-1.22000,-1.31000,-1.97000,-2.11000,-1.02000,-80.24000,-83.90000
0.15000,-0.59000,-1.21000,-0.89000,-1.43000,-2.11000,-1.01000,-95.58000,-83.24000
0.15000,-0.59000,-1.20000,-0.75000,-1.25000,-2.11000,-1.01000,-95.58000,-83.24000
0.15000,-0.59000,-1.20000,-0.83000,-0.95000,-2.12000,-1.01000,-108.96000,-88.29000
0.15000,-0.58000,-1.21000,-1.33000,-0.93000,-2.12000,-1.01000,-108.96000,-88.29000
0.14000,-0.58000,-1.22000,-1.66000,-1.06000,-2.12000,-1.01000,-108.48000,-91.54000
0.14000,-0.58000,-1.23000,-1.62000,-1.00000,-2.12000,-1.01000,-108.48000,-91.54000
0.14000,-0.57000,-1.24000,-1.62000,-0.87000,-2.11000,-1.01000,-108.75000,-91.10000
0.14000,-0.57000,-1.25000,-1.45000,-1.04000,-2.11000,-1.02000,-108.75000,-91.10000
0.14000,-0.57000,-1.25000,-1.45000,-1.18000,-2.11000,-1.02000,-114.11000,-90.67000
0.14000,-0.57000,-1.26000,-1.62000,-1.25000,-2.11000,-1.02000,-114.11000,-90.67000
0.14000,-0.56000,-1.28000,-1.99000,-1.12000,-2.11000,-1.02000,-115.53000,-87.54000
0.14000,-0.56000,-1.30000,-2.61000,-1.04000,-2.13000,-1.16000,-115.53000,-87.54000
0.14000,-0.55000,-1.34000,-2.93000,-0.89000,-3.12000,-3.09000,-118.74000,-120.26000
0.13000,-0.55000,-1.37000,-3.11000,-1.37000,-2.40000,-2.54000,-118.74000,-120.26000
0.13000,-0.54000,-1.39000,-3.11000,-2.07000,-1.02000,-2.11000,-82.79000,-112.88000
0.13000,-0.54000,-1.39000,-2.59000,-2.41000,-1.01000,-2.12000,-82.79000,-112.88000
0.13000,-0.53000,-1.38000,-1.81000,-2.37000,-1.00000,-2.12000,-77.76000,-101.99000
0.13000,-0.53000,-1.37000,-1.10000,-2.01000,-1.00000,-2.12000,-77.76000,-101.99000
0.13000,-0.53000,-1.35000,-0.75000,-1.58000,-1.00000,-2.12000,-90.62000,-106.19000
0.13000,-0.53000,-1.35000,-0.87000,-1.06000,-2.31000,-2.50000,-90.62000,-106.19000
0.13000,-0.52000,-1.35000,-1.12000,-1.10000,-2.63000,-2.70000,-117.80000,-129.85000
0.13000,-0.52000,-1.35000,-1.54000,-1.66000,-2.59000,-2.67000,-117.80000,-129.85000
0.13000,-0.52000,-1.35000,-2.14000,-2.18000,-2.74000,-2.80000,-120.06000,-132.18000
0.13000,-0.51000,-1.34000,-2.47000,-2.59000,-2.77000,-2.83000,-120.06000,-132.18000
0.12000,-0.50000,-1.35000,-2.99000,-2.95000,-2.89000,-2.94000,-115.53000,-127.06000
0.12000,-0.50000,-1.35000,-3.53000,-3.09000,-2.84000,-2.89000,-115.53000,-127.06000
0.12000,-0.49000,-1.36000,-3.82000,-3.22000,-2.12000,-2.42000,-90.65000,-113.83000
0.12000,-0.48000,-1.37000,-3.53000,-3.18000,-1.18000,-2.13000,-90.65000,-113.83000
0.12000,-0.47000,-1.38000,-3.11000,-2.47000,-1.05000,-2.11000,-66.13000,-103.90000
0.12000,-0.47000,-1.39000,-2.53000,-2.07000,-1.02000,-2.11000,-66.13000,-103.90000
0.12000,-0.47000,-1.39000,-1.89000,-1.83000,-1.01000,-2.11000,-65.69000,-114.01000
0.12000,-0.46000,-1.39000,-1.60000,-1.83000,-1.01000,-2.11000,-65.69000,-114.01000
0.12000,-0.46000,-1.38000,-1.41000,-2.05000,-1.02000,-2.11000,-70.60000,-117.94000
0.11000,-0.45000,-1.36000,-1.33000,-2.12000,-1.02000,-2.11000,-70.60000,-117.94000
0.11000,-0.45000,-1.35000,-1.56000,-2.24000,-1.14000,-2.12000,-73.05000,-115.50000
0.11000,-0.45000,-1.34000,-1.76000,-2.49000,-2.07000,-2.39000,-73.05000,-115.50000
0.11000,-0.44000,-1.32000,-1.56000,-2.30000,-3.03000,-3.07000,-93.75000,-124.14000
0.11000,-0.44000,-1.31000,-1.64000,-2.32000,-3.27000,-3.30000,-93.75000,-124.14000
0.11000,-0.43000,-1.31000,-2.26000,-2.55000,-3.12000,-3.09000,-104.57000,-130.38000
0.11000,-0.43000,-1.30000,-2.64000,-2.82000,-2.92000,-2.87000,-104.57000,-130.38000
0.11000,-0.42000,-1.29000,-2.84000,-3.22000,-2.71000,-2.64000,-92.43000,-120.77000
0.10000,-0.41000,-1.28000,-2.80000,-3.38000,-2.32000,-1.88000,-92.43000,-120.77000
0.10000,-0.41000,-1.27000,-2.57000,-3.30000,-2.12000,-1.13000,-81.50000,-88.60000
0.10000,-0.40000,-1.26000,-2.18000,-2.90000,-2.11000,-1.02000,-81.50000,-88.60000
0.10000,-0.40000,-1.25000,-1.58000,-2.30000,-2.11000,-1.01000,-86.58000,-80.52000
0.10000,-0.39000,-1.24000,-1.35000,-1.83000,-2.12000,-1.01000,-86.58000,-80.52000
0.10000,-0.39000,-1.23000,-0.83000,-1.29000,-2.12000,-1.01000,-98.78000,-85.26000
0.10000,-0.39000,-1.22000,-0.93000,-1.20000,-2.12000,-1.00000,-98.78000,-85.26000
0.10000,-0.39000,-1.23000,-1.31000,-1.04000,-2.12000,-1.00000,-109.70000,-89.57000
0.09000,-0.38000,-1.23000,-1.41000,-1.18000,-2.12000,-1.00000,-109.70000,-89.57000
0.09000,-0.38000,-1.24000,-1.45000,-1.02000,-2.12000,-1.00000,-109.65000,-88.72000
0.09000,-0.38000,-1.25000,-1.64000,-0.98000,-2.12000,-1.01000,-109.65000,-88.72000
0.09000,-0.38000,-1.26000,-1.56000,-0.87000,-2.11000,-1.01000,-110.37000,-90.86000
0.09000,-0.37000,-1.28000,-1.72000,-0.98000,-2.11000,-1.01000,-110.37000,-90.86000
0.09000,-0.37000,-1.29000,-1.93000,-1.10000,-2.11000,-1.02000,-111.85000,-91.24000
0.09000,-0.37000,-1.32000,-2.37000,-1.12000,-2.12000,-1.14000,-111.85000,-91.24000
0.09000,-0.36000,-1.34000,-2.78000,-1.16000,-2.96000,-2.91000,-117.27000,-117.67000
0.09000,-0.36000,-1.37000,-2.99000,-1.68000,-3.07000,-3.11000,-117.27000,-117.67000
0.09000,-0.35000,-1.38000,-3.11000,-2.28000,-1.22000,-2.14000,-85.49000,-108.44000
0.08000,-0.34000,-1.39000,-2.63000,-2.47000,-1.02000,-2.11000,-85.49000,-108.44000
0.08000,-0.34000,-1.38000,-1.97000,-2.37000,-1.02000,-2.11000,-77.14000,-98.88000
0.08000,-0.34000,-1.37000,-1.58000,-2.10000,-1.03000,-2.11000,-77.14000,-98.88000
0.08000,-0.33000,-1.35000,-0.79000,-1.74000,-1.10000,-2.11000,-84.44000,-102.42000
0.08000,-0.33000,-1.34000,-0.48000,-1.29000,-2.41000,-2.54000,-84.44000,-102.42000
0.08000,-0.33000,-1.33000,-0.56000,-0.83000,-3.16000,-3.19000,-129.07000,-130.84000
0.08000,-0.33000,-1.34000,-1.54000,-1.29000,-3.24000,-3.27000,-129.07000,-130.84000
0.08000,-0.32000,-1.34000,-2.41000,-2.05000,-3.17000,-3.20000,-129.42000,-142.38000
0.08000,-0.32000,-1.35000,-2.66000,-2.53000,-2.96000,-3.01000,-129.42000,-142.38000
0.08000,-0.31000,-1.34000,-3.01000,-3.22000,-2.84000,-2.89000,-117.46000,-130.58000
0.07000,-0.30000,-1.34000,-3.34000,-3.40000,-3.00000,-3.04000,-117.46000,-130.58000
0.07000,-0.29000,-1.35000,-3.73000,-3.40000,-3.03000,-3.07000,-111.11000,-122.26000
0.07000,-0.29000,-1.36000,-3.78000,-3.34000,-2.70000,-2.77000,-111.11000,-122.26000
0.07000,-0.28000,-1.37000,-3.78000,-3.05000,-1.83000,-2.31000,-84.71000,-109.79000
0.07000,-0.27000,-1.38000,-3.24000,-2.45000,-1.07000,-2.11000,-84.71000,-109.79000
0.07000,-0.27000,-1.39000,-2.66000,-2.08000,-1.02000,-2.11000,-68.96000,-113.97000
0.07000,-0.26000,-1.40000,-2.16000,-2.05000,-1.01000,-2.11000,-68.96000,-113.97000
0.07000,-0.26000,-1.39000,-1.54000,-1.89000,-1.01000,-2.11000,-71.73000,-117.90000
0.07000,-0.25000,-1.38000,-1.49000,-2.18000,-1.01000,-2.11000,-71.73000,-117.90000
0.06000,-0.25000,-1.36000,-1.33000,-2.20000,-1.02000,-2.11000,-74.93000,-116.30000
0.06000,-0.25000,-1.34000,-1.35000,-2.37000,-1.09000,-2.11000,-74.93000,-116.30000
0.06000,-0.24000,-1.33000,-1.43000,-2.32000,-2.47000,-2.57000,-96.09000,-120.06000
0.06000,-0.24000,-1.32000,-1.78000,-2.22000,-3.20000,-3.23000,-96.09000,-120.06000
0.06000,-0.23000,-1.31000,-2.55000,-2.76000,-3.29000,-3.27000,-108.62000,-133.95000
0.06000,-0.23000,-1.31000,-2.93000,-3.15000,-3.27000,-3.25000,-108.62000,-133.95000
0.06000,-0.22000,-1.31000,-3.24000,-3.53000,-3.21000,-3.18000,-99.30000,-124.91000
0.05000,-0.21000,-1.30000,-3.15000,-3.55000,-3.06000,-3.02000,-99.30000,-124.91000
0.05000,-0.20000,-1.29000,-2.86000,-3.55000,-2.69000,-2.61000,-89.72000,-110.55000
0.05000,-0.20000,-1.27000,-2.34000,-3.40000,-2.16000,-1.31000,-89.72000,-110.55000
0.05000,-0.19000,-1.24000,-1.68000,-3.09000,-2.11000,-1.02000,-90.34000,-83.28000
0.05000,-0.19000,-1.22000,-1.51000,-2.49000,-2.12000,-1.01000,-90.34000,-83.28000
0.05000,-0.19000,-1.21000,-1.18000,-1.85000,-2.12000,-1.00000,-101.63000,-82.39000
0.05000,-0.18000,-1.21000,-1.04000,-1.31000,-2.13000,-0.99000,-101.63000,-82.39000
0.04000,-0.18000,-1.21000,-1.18000,-0.87000,-2.13000,-0.99000,-112.55000,-91.06000
0.04000,-0.18000,-1.22000,-1.39000,-0.95000,-2.13000,-0.99000,-112.55000,-91.06000
0.04000,-0.18000,-1.22000,-1.35000,-1.08000,-2.13000,-1.00000,-113.76000,-94.53000
0.04000,-0.17000,-1.24000,-1.60000,-1.02000,-2.13000,-1.00000,-113.76000,-94.53000
0.04000,-0.17000,-1.25000,-1.81000,-1.06000,-2.12000,-1.00000,-115.01000,-93.94000
0.04000,-0.17000,-1.27000,-2.22000,-1.20000,-2.12000,-1.01000,-115.01000,-93.94000
0.04000,-0.16000,-1.29000,-2.72000,-1.41000,-2.11000,-1.01000,-108.64000,-91.20000
0.04000,-0.16000,-1.32000,-2.84000,-1.25000,-2.11000,-1.03000,-108.64000,-91.20000
0.04000,-0.15000,-1.35000,-2.78000,-1.18000,-2.65000,-2.56000,-106.70000,-112.68000
0.03000,-0.15000,-1.37000,-2.53000,-1.60000,-3.22000,-3.25000,-106.70000,-112.68000
0.03000,-0.14000,-1.38000,-2.37000,-1.78000,-2.46000,-2.57000,-107.39000,-115.34000
0.03000,-0.14000,-1.39000,-2.37000,-1.87000,-1.32000,-2.16000,-107.39000,-115.34000
0.03000,-0.14000,-1.39000,-2.07000,-1.97000,-1.05000,-2.11000,-88.25000,-110.22000
0.03000,-0.13000,-1.38000,-1.74000,-1.87000,-1.03000,-2.11000,-88.25000,-110.22000
0.03000,-0.13000,-1.38000,-1.14000,-1.47000,-1.03000,-2.11000,-89.48000,-111.64000
0.03000,-0.13000,-1.37000,-0.66000,-1.41000,-1.07000,-2.11000,-89.48000,-111.64000
0.03000,-0.12000,-1.36000,-0.50000,-0.96000,-1.74000,-2.28000,-111.97000,-122.48000
0.03000,-0.12000,-1.36000,-1.08000,-0.83000,-2.60000,-2.68000,-111.97000,-122.48000
0.03000,-0.12000,-1.37000,-1.33000,-0.69000,-2.08000,-2.40000,-117.38000,-138.25000
0.03000,-0.12000,-1.38000,-1.29000,-0.75000,-1.14000,-2.12000,-117.38000,-138.25000
0.03000,-0.12000,-1.40000,-1.81000,-0.83000,-1.03000,-2.11000,-104.45000,-144.48000
0.03000,-0.11000,-1.42000,-1.93000,-0.68000,-1.01000,-2.11000,-104.45000,-144.48000
0.03000,-0.11000,-1.44000,-2.14000,-1.12000,-1.01000,-2.12000,-92.92000,-153.80000
0.03000,-0.10000,-1.44000,-2.24000,-2.47000,-1.00000,-2.13000,-92.92000,-153.80000
0.03000,-0.10000,-1.42000,-2.49000,-3.42000,-0.99000,-2.13000,-82.56000,-135.77000
0.02000,-0.09000,-1.40000,-2.45000,-3.80000,-1.00000,-2.13000,-82.56000,-135.77000
0.02000,-0.08000,-1.37000,-2.26000,-3.82000,-1.01000,-2.12000,-72.16000,-113.68000
0.02000,-0.08000,-1.35000,-2.05000,-3.07000,-1.01000,-2.11000,-72.16000,-113.68000
0.02000,-0.07000,-1.34000,-1.87000,-2.47000,-1.02000,-2.11000,-69.62000,-114.30000
0.02000,-0.07000,-1.33000,-1.56000,-2.20000,-1.03000,-2.11000,-69.62000,-114.30000
0.02000,-0.07000,-1.31000,-1.35000,-2.07000,-1.15000,-2.12000,-72.85000,-121.86000
0.02000,-0.06000,-1.30000,-1.49000,-2.12000,-1.98000,-2.36000,-72.85000,-121.86000
0.02000,-0.06000,-1.29000,-1.47000,-2.03000,-2.85000,-2.90000,-96.82000,-134.31000
0.02000,-0.05000,-1.29000,-1.89000,-2.26000,-3.17000,-3.20000,-96.82000,-134.31000
0.01000,-0.05000,-1.28000,-2.24000,-2.59000,-3.26000,-3.28000,-105.18000,-142.58000
0.01000,-0.04000,-1.27000,-2.61000,-3.05000,-3.28000,-3.25000,-105.18000,-142.58000
0.01000,-0.03000,-1.26000,-2.99000,-3.65000,-3.13000,-3.10000,-100.62000,-134.13000
0.01000,-0.03000,-1.25000,-3.24000,-3.94000,-2.42000,-2.13000,-100.62000,-134.13000
0.01000,-0.02000,-1.23000,-3.28000,-4.07000,-2.11000,-1.04000,-78.99000,-90.10000
0.00000,-0.01000,-1.22000,-3.03000,-3.67000,0.16000,-0.16000,-78.99000,-90.10000
0.00000,-0.01000,-1.21000,-2.49000,-2.88000,0.15000,-0.16000,-41.42000,-63.49000
-0.00000,-0.00000,-1.20000,-1.08000,-1.95000,0.15000,-0.15000,-41.42000,-63.49000
-0.00000,-0.00000,-1.18000,-0.04000,-1.00000,0.16000,-0.16000,-51.48000,-68.32000
-0.00000,-0.00000,-1.17000,0.00000,-0.64000,0.18000,-0.18000,-51.48000,-68.32000
-0.00000,-0.00000,-1.16000,0.00000,-0.42000,0.20000,-0.20000,-59.69000,-77.75000
-0.00000,-0.00000,-1.16000,0.00000,-0.08000,0.21000,-0.21000,-59.69000,-77.75000
-0.00000,-0.00000,-1.16000,0.00000,0.00000,0.21000,-0.21000,-58.34000,-83.67000
-0.00000,-0.00000,-1.16000,0.00000,0.00000,0.21000,-0.21000,-58.34000,-83.67000
-0.00000,-0.00000,-1.16000,0.00000,0.00000,0.21000,-0.21000,-57.10000,-85.69000
-0.00000,-0.00000,-1.16000,-0.02000,0.00000,0.21000,-0.21000,-57.10000,-85.69000
-0.00000,-0.00000,-1.16000,0.00000,0.00000,0.21000,-0.21000,-55.55000,-86.95000
-0.00000,-0.00000,-1.16000,0.00000,0.00000,0.21000,-0.21000,-55.55000,-86.95000
-0.00000,-0.00000,-1.16000,0.00000,0.00000,0.21000,-0.21000,-54.49000,-88.21000
-0.00000,-0.00000,-1.16000,0.00000,0.00000,0.21000,-0.21000,-54.49000,-88.21000
-0.00000,-0.00000,-1.16000,0.00000,0.00000,0.21000,-0.21000,-53.25000,-89.47000
-0.00000,-0.00000,-1.16000,0.00000,0.00000,0.21000,-0.21000,-53.25000,-89.47000
-0.00000,-0.00000,-1.16000,0.00000,0.00000,0.21000,-0.21000,-52.01000,-90.74000
-0.00000,-0.00000,-1.16000,0.00000,0.00000,0.21000,-0.21000,-52.01000,-90.74000
-0.00000,-0.00000,-1.16000,0.00000,0.00000,0.21000,-0.21000,-50.77000,-92.00000
-0.00000,-0.00000,-1.16000,0.00000,0.00000,0.21000,-0.21000,-50.77000,-92.00000
-0.00000,-0.00000,-1.16000,0.00000,0.00000,0.21000,-0.21000,-49.53000,-93.27000
-0.00000,-0.00000,-1.16000,0.00000,0.00000,0.21000,-0.21000,-49.53000,-93.27000
-0.00000,-0.00000,-1.16000,0.00000,0.00000,0.21000,-0.21000,-48.28000,-94.53000
-0.00000,-0.00000,-1.16000,0.00000,0.00000,0.21000,-0.21000,-48.28000,-94.53000
-0.00000,-0.00000,-1.16000,0.00000,0.00000,0.21000,-0.21000,-47.04000,-95.79000
-0.00000,-0.00000,-1.16000,0.00000,-0.02000,0.21000,-0.21000,-47.04000,-95.79000
-0.00000,-0.00000,-1.16000,0.00000,-0.19000,0.21000,-0.21000,-45.79000,-96.76000
-0.00000,0.00000,-1.14000,0.00000,-0.71000,0.21000,-0.22000,-45.79000,-96.76000
-0.00000,0.00000,-1.12000,0.00000,-1.04000,0.23000,-0.23000,-44.23000,-87.95000
-0.00000,0.00000,-1.10000,0.00000,-1.33000,0.25000,-0.26000,-44.23000,-87.95000
-0.00000,0.00000,-1.08000,0.00000,-1.22000,0.29000,-0.29000,-41.99000,-76.70000
-0.00000,0.00000,-1.06000,0.00000,-0.91000,0.32000,-0.33000,-41.99000,-76.70000
-0.00000,0.01000,-1.05000,0.00000,-0.81000,0.34000,-0.35000,-39.50000,-77.57000
-0.01000,0.01000,-1.03000,0.00000,-0.89000,0.36000,-0.37000,-39.50000,-77.57000
-0.01000,0.01000,-1.02000,0.00000,-0.85000,0.37000,-0.39000,-36.91000,-75.15000
-0.01000,0.01000,-1.01000,0.00000,-0.46000,0.39000,-0.41000,-36.91000,-75.15000
-0.01000,0.01000,-1.00000,0.00000,-0.31000,0.40000,-0.43000,-34.29000,-79.17000
-0.01000,0.01000,-1.00000,0.00000,-0.17000,0.40000,-0.43000,-34.29000,-79.17000
-0.01000,0.01000,-1.00000,0.00000,-0.06000,0.41000,-0.44000,-31.78000,-83.51000
-0.01000,0.01000,-1.00000,0.00000,0.00000,0.41000,-0.44000,-31.78000,-83.51000
-0.01000,0.01000,-1.00000,0.00000,0.00000,0.41000,-0.44000,-29.32000,-87.65000
-0.01000,0.01000,-1.00000,0.00000,0.00000,0.41000,-0.44000,-29.32000,-87.65000
-0.01000,0.01000,-1.00000,0.00000,0.00000,0.41000,-0.44000,-26.86000,-90.28000
-0.01000,0.01000,-1.00000,0.00000,0.00000,0.41000,-0.44000,-26.86000,-90.28000
-0.01000,0.01000,-1.00000,0.00000,0.00000,0.41000,-0.44000,-24.41000,-92.91000
-0.01000,0.01000,-1.00000,0.00000,0.00000,0.41000,-0.44000,-24.41000,-92.91000
-0.01000,0.01000,-1.00000,0.00000,-0.02000,0.41000,-0.44000,-21.96000,-95.53000
-0.01000,0.01000,-0.99000,0.00000,-0.39000,0.41000,-0.44000,-21.96000,-95.53000
-0.01000,0.01000,-0.97000,0.00000,-1.04000,0.42000,-0.45000,-19.41000,-92.39000
-0.01000,0.01000,-0.95000,0.00000,-1.39000,0.43000,-0.47000,-19.41000,-92.39000
-0.01000,0.01000,-0.92000,0.00000,-1.29000,0.44000,-0.50000,-16.52000,-78.53000
-0.01000,0.01000,-0.90000,0.00000,-1.02000,0.45000,-0.52000,-16.52000,-78.53000
-0.01000,0.01000,-0.89000,0.00000,-0.77000,0.45000,-0.54000,-13.76000,-79.44000
-0.01000,0.01000,-0.88000,0.00000,-0.54000,0.45000,-0.56000,-13.76000,-79.44000
-0.01000,0.01000,-0.88000,0.00000,-0.21000,0.44000,-0.57000,-11.16000,-84.13000
-0.01000,0.01000,-0.88000,0.00000,0.00000,0.44000,-0.57000,-11.16000,-84.13000
-0.01000,0.01000,-0.88000,0.00000,0.00000,0.44000,-0.57000,-8.52000,-92.46000
-0.01000,0.01000,-0.87000,0.00000,-0.17000,0.44000,-0.57000,-8.52000,-92.46000
-0.01000,0.01000,-0.87000,0.00000,-0.35000,0.44000,-0.58000,-5.89000,-93.45000
-0.01000,0.01000,-0.86000,0.00000,-0.56000,0.44000,-0.58000,-5.89000,-93.45000
-0.01000,0.02000,-0.84000,0.00000,-0.87000,0.43000,-0.60000,-3.41000,-90.29000
-0.01000,0.02000,-0.82000,0.00000,-1.04000,0.42000,-0.62000,-3.41000,-90.29000
-0.01000,0.02000,-0.81000,0.00000,-0.98000,0.39000,-0.64000,-1.39000,-84.06000
-0.01000,0.02000,-0.79000,0.00000,-0.79000,0.37000,-0.67000,-1.39000,-84.06000
-0.01000,0.02000,-0.78000,0.00000,-0.71000,0.34000,-0.70000,0.17000,-86.26000
-0.02000,0.02000,-0.76000,0.00000,-0.77000,0.31000,-0.73000,0.17000,-86.26000
-0.02000,0.02000,-0.75000,0.00000,-0.83000,0.28000,-0.76000,1.24000,-86.98000
-0.02000,0.02000,-0.74000,0.00000,-0.75000,0.23000,-0.80000,1.24000,-86.98000
-0.02000,0.02000,-0.73000,0.00000,-0.50000,0.18000,-0.85000,1.53000,-88.54000
-0.02000,0.02000,-0.73000,0.00000,-0.12000,0.15000,-0.88000,1.53000,-88.54000
-0.02000,0.02000,-0.72000,0.00000,-0.02000,0.14000,-0.89000,2.02000,-99.08000
-0.02000,0.02000,-0.72000,0.00000,0.00000,0.14000,-0.89000,2.02000,-99.08000
-0.02000,0.02000,-0.72000,0.00000,0.00000,0.14000,-0.89000,2.86000,-105.55000
-0.02000,0.02000,-0.72000,0.00000,0.00000,0.14000,-0.89000,2.86000,-105.55000
-0.02000,0.02000,-0.72000,0.00000,-0.02000,0.14000,-0.89000,3.70000,-110.88000
-0.02000,0.02000,-0.71000,0.00000,-0.58000,0.14000,-0.89000,3.70000,-110.88000
-0.02000,0.02000,-0.69000,0.00000,-1.41000,0.10000,-0.93000,3.89000,-108.12000
-0.02000,0.02000,-0.65000,0.00000,-1.85000,-0.02000,-1.04000,3.89000,-108.12000
-0.02000,0.03000,-0.62000,0.00000,-2.10000,-0.21000,-1.22000,-0.08000,-95.57000
-0.02000,0.03000,-0.58000,0.00000,-2.26000,-0.41000,-1.46000,-0.08000,-95.57000
-0.03000,0.03000,-0.54000,0.00000,-2.16000,-0.59000,-1.67000,-7.08000,-92.40000
-0.03000,0.03000,-0.50000,0.00000,-2.03000,-0.72000,-1.84000,-7.08000,-92.40000
-0.03000,0.03000,-0.47000,0.00000,-1.62000,-0.80000,-1.95000,-13.78000,-96.45000
-0.03000,0.03000,-0.44000,0.00000,-1.49000,-0.84000,-2.02000,-13.78000,-96.45000
-0.03000,0.03000,-0.42000,0.00000,-1.47000,-0.87000,-2.07000,-19.64000,-105.79000
-0.03000,0.03000,-0.39000,0.00000,-1.76000,-0.89000,-2.10000,-19.64000,-105.79000
-0.04000,0.03000,-0.35000,0.00000,-1.93000,-0.90000,-2.14000,-25.26000,-106.25000
-0.04000,0.03000,-0.31000,0.00000,-2.05000,-0.90000,-2.16000,-25.26000,-106.25000
-0.04000,0.03000,-0.28000,0.00000,-2.03000,-0.91000,-2.19000,-30.76000,-104.85000
-0.04000,0.04000,-0.24000,0.00000,-2.05000,-0.90000,-2.20000,-30.76000,-104.85000
-0.05000,0.04000,-0.21000,0.00000,-1.89000,-0.91000,-2.21000,-36.21000,-105.95000
-0.05000,0.04000,-0.17000,0.00000,-2.08000,-0.91000,-2.21000,-36.21000,-105.95000
-0.05000,0.04000,-0.13000,0.00000,-2.26000,-0.91000,-2.21000,-41.67000,-106.64000
-0.05000,0.04000,-0.08000,0.00000,-2.41000,-0.91000,-2.21000,-41.67000,-106.64000
-0.06000,0.04000,-0.04000,0.00000,-2.49000,-0.91000,-2.21000,-47.15000,-102.51000
-0.06000,0.04000,0.00000,0.00000,-2.34000,-0.91000,-2.21000,-47.15000,-102.51000
-0.06000,0.04000,0.05000,0.00000,-2.30000,-0.92000,-2.21000,-52.69000,-102.19000
-0.06000,0.04000,0.09000,0.00000,-2.45000,-0.92000,-2.20000,-52.69000,-102.19000
-0.07000,0.04000,0.13000,0.00000,-2.37000,-0.94000,-2.19000,-58.50000,-99.53000
-0.07000,0.04000,0.18000,0.00000,-2.57000,-0.95000,-2.17000,-58.50000,-99.53000
-0.07000,0.04000,0.22000,0.00000,-2.51000,-0.97000,-2.15000,-64.63000,-95.57000
-0.07000,0.04000,0.27000,-0.02000,-2.45000,-0.99000,-2.13000,-64.63000,-95.57000
-0.08000,0.03000,0.31000,0.00000,-2.37000,-1.01000,-2.12000,-70.72000,-94.38000
-0.08000,0.03000,0.35000,-0.17000,-2.16000,-1.08000,-2.11000,-70.72000,-94.38000
-0.08000,0.03000,0.38000,-0.37000,-1.97000,-3.22000,-3.25000,-107.66000,-113.73000
-0.09000,0.03000,0.40000,-1.00000,-2.14000,-2.60000,-2.50000,-107.66000,-113.73000
-0.09000,0.03000,0.41000,-1.45000,-2.28000,-2.11000,-1.06000,-96.84000,-87.68000
-0.09000,0.03000,0.42000,-1.60000,-2.05000,-2.11000,-1.02000,-96.84000,-87.68000
-0.10000,0.03000,0.42000,-1.52000,-1.60000,-2.11000,-1.01000,-94.50000,-81.80000
-0.10000,0.03000,0.42000,-1.45000,-1.41000,-2.11000,-1.01000,-94.50000,-81.80000
-0.10000,0.02000,0.41000,-1.41000,-0.91000,-2.11000,-1.01000,-99.75000,-85.19000
-0.10000,0.02000,0.40000,-1.29000,-0.62000,-2.11000,-1.02000,-99.75000,-85.19000
-0.11000,0.02000,0.39000,-1.12000,-0.46000,-2.11000,-1.03000,-106.11000,-94.84000
-0.11000,0.02000,0.38000,-1.33000,-0.79000,-2.13000,-1.17000,-106.11000,-94.84000
-0.11000,0.02000,0.37000,-1.62000,-1.04000,-2.33000,-1.90000,-113.77000,-107.81000
-0.11000,0.02000,0.36000,-2.07000,-1.39000,-2.90000,-2.85000,-113.77000,-107.81000
-0.12000,0.02000,0.34000,-2.70000,-1.81000,-3.26000,-3.23000,-122.49000,-125.44000
-0.12000,0.02000,0.32000,-3.32000,-2.47000,-3.13000,-3.16000,-122.49000,-125.44000
-0.13000,0.01000,0.31000,-3.57000,-2.93000,-2.12000,-2.42000,-93.91000,-108.10000
-0.14000,0.01000,0.31000,-3.32000,-2.97000,-1.15000,-2.12000,-93.91000,-108.10000
-0.14000,0.01000,0.30000,-2.84000,-2.72000,-1.04000,-2.11000,-70.52000,-95.66000
-0.15000,0.01000,0.31000,-2.08000,-2.37000,-1.03000,-2.11000,-70.52000,-95.66000
-0.15000,0.01000,0.32000,-1.52000,-1.95000,-1.05000,-2.11000,-75.70000,-99.54000
-0.16000,0.01000,0.33000,-1.14000,-1.83000,-1.23000,-2.14000,-75.70000,-99.54000
-0.16000,0.00000,0.35000,-0.68000,-1.70000,-2.35000,-2.51000,-103.05000,-112.18000
-0.16000,0.00000,0.36000,-1.12000,-1.91000,-3.22000,-3.25000,-103.05000,-112.18000
-0.17000,0.00000,0.36000,-1.95000,-2.12000,-3.21000,-3.18000,-123.55000,-125.13000
-0.17000,-0.00000,0.36000,-2.55000,-2.49000,-3.14000,-3.11000,-123.55000,-125.13000
-0.18000,-0.00000,0.36000,-3.38000,-2.90000,-3.17000,-3.14000,-113.94000,-123.33000
-0.19000,-0.01000,0.34000,-4.00000,-3.13000,-3.29000,-3.26000,-113.94000,-123.33000
-0.19000,-0.01000,0.32000,-4.09000,-3.01000,-3.03000,-3.07000,-93.78000,-116.54000
-0.20000,-0.01000,0.30000,-3.90000,-2.86000,-1.37000,-2.17000,-93.78000,-116.54000
-0.21000,-0.01000,0.28000,-3.53000,-2.61000,-1.02000,-2.11000,-59.36000,-105.75000
-0.21000,-0.01000,0.28000,-2.76000,-2.49000,-1.01000,-2.11000,-59.36000,-105.75000
-0.22000,-0.02000,0.28000,-1.99000,-2.28000,-1.01000,-2.11000,-59.05000,-106.94000
-0.22000,-0.02000,0.30000,-1.47000,-2.18000,-1.01000,-2.11000,-59.05000,-106.94000
-0.22000,-0.02000,0.31000,-1.33000,-2.01000,-1.02000,-2.11000,-67.94000,-109.26000
-0.23000,-0.02000,0.32000,-1.24000,-2.01000,-1.03000,-2.11000,-67.94000,-109.26000
-0.23000,-0.02000,0.34000,-1.24000,-2.05000,-1.22000,-2.14000,-71.68000,-111.78000
-0.24000,-0.02000,0.35000,-1.49000,-2.32000,-2.55000,-2.64000,-71.68000,-111.78000
-0.24000,-0.02000,0.37000,-1.47000,-2.55000,-3.20000,-3.23000,-97.46000,-124.19000
-0.24000,-0.02000,0.39000,-2.18000,-2.95000,-3.13000,-3.09000,-97.46000,-124.19000
-0.25000,-0.03000,0.40000,-2.86000,-3.34000,-2.42000,-2.14000,-85.78000,-103.94000
-0.26000,-0.03000,0.40000,-3.01000,-3.13000,-2.15000,-1.27000,-85.78000,-103.94000
-0.26000,-0.03000,0.40000,-2.84000,-2.82000,-2.12000,-1.14000,-70.32000,-81.41000
-0.27000,-0.03000,0.40000,-2.32000,-2.43000,-2.12000,-1.13000,-70.32000,-81.41000
-0.27000,-0.04000,0.40000,-1.64000,-1.87000,-2.11000,-1.08000,-75.10000,-79.03000
-0.27000,-0.04000,0.41000,-1.31000,-1.54000,-2.11000,-1.04000,-75.10000,-79.03000
-0.28000,-0.04000,0.41000,-1.06000,-1.18000,-2.11000,-1.02000,-88.98000,-83.51000
-0.28000,-0.04000,0.42000,-0.73000,-1.12000,-2.11000,-1.02000,-88.98000,-83.51000
-0.28000,-0.04000,0.42000,-0.60000,-1.04000,-2.11000,-1.02000,-102.51000,-86.55000
-0.28000,-0.04000,0.43000,-0.77000,-0.98000,-2.11000,-1.01000,-102.51000,-86.55000
-0.28000,-0.04000,0.42000,-1.37000,-0.95000,-2.11000,-1.01000,-110.25000,-88.03000
-0.29000,-0.04000,0.41000,-1.70000,-1.12000,-2.11000,-1.01000,-110.25000,-88.03000
-0.29000,-0.04000,0.40000,-1.78000,-1.08000,-2.11000,-1.02000,-104.22000,-86.16000
-0.29000,-0.05000,0.38000,-1.83000,-0.91000,-2.11000,-1.04000,-104.22000,-86.16000
-0.30000,-0.05000,0.37000,-1.49000,-0.89000,-2.25000,-1.64000,-106.90000,-98.05000
-0.30000,-0.05000,0.36000,-1.68000,-1.18000,-2.79000,-2.72000,-106.90000,-98.05000
-0.30000,-0.05000,0.35000,-1.91000,-1.49000,-3.15000,-3.11000,-125.10000,-120.45000
-0.31000,-0.05000,0.34000,-2.57000,-1.95000,-3.28000,-3.25000,-125.10000,-120.45000
-0.31000,-0.05000,0.33000,-3.30000,-2.41000,-3.20000,-3.23000,-121.34000,-122.26000
-0.32000,-0.06000,0.31000,-3.49000,-2.63000,-2.41000,-2.54000,-121.34000,-122.26000
-0.33000,-0.06000,0.30000,-3.36000,-2.80000,-1.11000,-2.12000,-80.03000,-102.98000
-0.33000,-0.06000,0.30000,-2.61000,-2.49000,-1.02000,-2.11000,-80.03000,-102.98000
-0.34000,-0.06000,0.30000,-1.99000,-2.20000,-1.02000,-2.11000,-77.50000,-101.87000
-0.34000,-0.06000,0.31000,-1.25000,-1.64000,-1.02000,-2.11000,-77.50000,-101.87000
-0.34000,-0.06000,0.32000,-0.85000,-1.35000,-1.03000,-2.11000,-88.69000,-112.32000
-0.34000,-0.06000,0.33000,-1.06000,-1.62000,-1.14000,-2.12000,-88.69000,-112.32000
-0.35000,-0.06000,0.34000,-1.08000,-1.76000,-1.76000,-2.29000,-101.16000,-118.13000
-0.35000,-0.07000,0.35000,-1.22000,-1.85000,-2.87000,-2.92000,-101.16000,-118.13000
-0.36000,-0.07000,0.36000,-1.72000,-2.30000,-3.22000,-3.24000,-124.68000,-133.07000
-0.36000,-0.07000,0.37000,-2.37000,-2.68000,-3.28000,-3.25000,-124.68000,-133.07000
-0.37000,-0.07000,0.37000,-3.15000,-2.99000,-3.18000,-3.15000,-119.06000,-127.68000
-0.37000,-0.07000,0.36000,-3.78000,-3.30000,-3.23000,-3.21000,-119.06000,-127.68000
-0.38000,-0.08000,0.34000,-4.30000,-3.51000,-3.27000,-3.29000,-104.06000,-123.28000
-0.39000,-0.08000,0.32000,-4.21000,-3.05000,-2.96000,-3.00000,-104.06000,-123.28000
-0.40000,-0.08000,0.30000,-3.90000,-2.84000,-1.17000,-2.13000,-63.07000,-109.53000
-0.40000,-0.08000,0.30000,-3.13000,-2.80000,-1.02000,-2.11000,-63.07000,-109.53000
-0.41000,-0.09000,0.30000,-2.37000,-2.80000,-1.01000,-2.11000,-58.60000,-107.44000
-0.41000,-0.09000,0.32000,-1.72000,-2.43000,-1.01000,-2.11000,-58.60000,-107.44000
-0.42000,-0.09000,0.34000,-1.33000,-2.43000,-1.02000,-2.11000,-67.15000,-108.84000
-0.42000,-0.09000,0.36000,-1.12000,-2.20000,-1.15000,-2.12000,-67.15000,-108.84000
-0.43000,-0.09000,0.37000,-1.35000,-2.26000,-2.69000,-2.75000,-96.95000,-120.07000
-0.43000,-0.09000,0.39000,-1.80000,-2.55000,-3.24000,-3.26000,-96.95000,-120.07000
-0.44000,-0.10000,0.39000,-2.53000,-2.95000,-3.21000,-3.18000,-103.98000,-124.55000
-0.44000,-0.10000,0.40000,-3.11000,-3.26000,-2.96000,-2.91000,-103.98000,-124.55000
-0.45000,-0.10000,0.40000,-3.42000,-3.42000,-2.72000,-2.65000,-85.46000,-109.73000
-0.46000,-0.10000,0.40000,-3.13000,-3.34000,-2.54000,-2.40000,-85.46000,-109.73000
-0.46000,-0.11000,0.41000,-2.68000,-3.22000,-2.23000,-1.58000,-75.40000,-88.84000
-0.47000,-0.11000,0.42000,-2.03000,-2.72000,-2.11000,-1.04000,-75.40000,-88.84000
-0.47000,-0.11000,0.44000,-1.39000,-2.22000,-2.11000,-1.01000,-84.66000,-79.11000
-0.47000,-0.11000,0.45000,-0.77000,-1.72000,-2.12000,-1.01000,-84.66000,-79.11000
-0.47000,-0.11000,0.47000,-0.48000,-1.22000,-2.13000,-1.00000,-104.38000,-83.55000
-0.48000,-0.11000,0.47000,-0.93000,-1.08000,-2.14000,-0.99000,-104.38000,-83.55000
-0.48000,-0.11000,0.46000,-1.47000,-0.93000,-2.16000,-0.97000,-110.54000,-88.39000
-0.48000,-0.12000,0.45000,-1.45000,-0.77000,-2.16000,-0.97000,-110.54000,-88.39000
-0.48000,-0.12000,0.43000,-1.66000,-0.81000,-2.15000,-0.97000,-109.96000,-92.49000
-0.49000,-0.12000,0.42000,-1.78000,-1.02000,-2.14000,-0.98000,-109.96000,-92.49000
-0.49000,-0.12000,0.41000,-1.66000,-1.29000,-2.14000,-0.99000,-109.01000,-90.20000
-0.49000,-0.12000,0.40000,-1.78000,-1.27000,-2.14000,-0.99000,-109.01000,-90.20000
-0.50000,-0.12000,0.39000,-1.89000,-1.27000,-2.13000,-0.99000,-111.04000,-86.35000
-0.50000,-0.12000,0.37000,-2.36000,-1.29000,-2.13000,-1.00000,-111.04000,-86.35000
-0.50000,-0.13000,0.34000,-2.68000,-0.93000,-2.12000,-1.00000,-104.26000,-84.60000
-0.51000,-0.13000,0.31000,-2.82000,-0.91000,-2.11000,-1.02000,-104.26000,-84.60000
-0.51000,-0.13000,0.28000,-2.57000,-0.98000,-2.26000,-1.69000,-98.03000,-98.79000
-0.51000,-0.13000,0.26000,-2.28000,-1.16000,-3.29000,-3.27000,-98.03000,-98.79000
-0.52000,-0.13000,0.24000,-2.10000,-1.24000,-2.78000,-2.84000,-110.55000,-116.96000
-0.52000,-0.13000,0.23000,-2.26000,-1.37000,-1.32000,-2.16000,-110.55000,-116.96000
-0.53000,-0.13000,0.22000,-2.32000,-1.91000,-1.02000,-2.11000,-87.52000,-112.90000
-0.53000,-0.13000,0.22000,-1.99000,-2.03000,-1.02000,-2.11000,-87.52000,-112.90000
-0.54000,-0.13000,0.23000,-1.37000,-1.89000,-1.02000,-2.11000,-84.04000,-107.38000
-0.54000,-0.13000,0.24000,-1.27000,-1.70000,-1.03000,-2.11000,-84.04000,-107.38000
-0.54000,-0.14000,0.25000,-0.89000,-1.91000,-1.06000,-2.11000,-89.79000,-112.84000
-0.54000,-0.14000,0.28000,-0.71000,-1.89000,-2.30000,-2.49000,-89.79000,-112.84000
-0.55000,-0.14000,0.29000,-1.08000,-2.01000,-3.25000,-3.28000,-129.81000,-130.03000
-0.55000,-0.14000,0.29000,-2.24000,-2.26000,-3.08000,-3.04000,-129.81000,-130.03000
-0.56000,-0.14000,0.28000,-3.53000,-2.86000,-3.06000,-3.02000,-119.18000,-128.93000
-0.57000,-0.14000,0.27000,-4.23000,-3.40000,-3.29000,-3.26000,-119.18000,-128.93000
-0.58000,-0.15000,0.25000,-4.57000,-3.61000,-3.07000,-3.10000,-94.30000,-117.56000
-0.58000,-0.15000,0.23000,-4.13000,-3.05000,-1.65000,-2.25000,-94.30000,-117.56000
-0.59000,-0.15000,0.21000,-3.84000,-2.80000,-1.02000,-2.11000,-58.24000,-106.09000
-0.60000,-0.15000,0.20000,-2.86000,-2.49000,-1.01000,-2.11000,-58.24000,-106.09000
-0.60000,-0.15000,0.21000,-1.76000,-2.28000,-1.01000,-2.11000,-58.39000,-108.97000
-0.61000,-0.15000,0.24000,-1.06000,-2.28000,-1.01000,-2.11000,-58.39000,-108.97000
-0.61000,-0.15000,0.26000,-0.79000,-2.05000,-1.03000,-2.11000,-74.62000,-109.69000
-0.61000,-0.15000,0.28000,-1.02000,-2.07000,-2.10000,-2.41000,-74.62000,-109.69000
-0.62000,-0.15000,0.29000,-1.18000,-2.01000,-3.20000,-3.23000,-107.61000,-128.56000
-0.62000,-0.16000,0.30000,-1.87000,-2.36000,-3.23000,-3.20000,-107.61000,-128.56000
-0.63000,-0.16000,0.30000,-2.93000,-2.93000,-2.96000,-2.91000,-104.34000,-126.39000
-0.63000,-0.16000,0.30000,-3.26000,-3.36000,-2.94000,-2.89000,-104.34000,-126.39000
-0.64000,-0.16000,0.31000,-3.40000,-3.63000,-2.83000,-2.77000,-88.05000,-112.54000
-0.65000,-0.16000,0.31000,-3.15000,-3.44000,-2.53000,-2.39000,-88.05000,-112.54000
-0.65000,-0.17000,0.33000,-2.70000,-3.36000,-2.27000,-1.71000,-78.64000,-91.87000
-0.66000,-0.17000,0.34000,-1.91000,-2.97000,-2.11000,-1.07000,-78.64000,-91.87000
-0.66000,-0.17000,0.37000,-1.12000,-2.68000,-2.11000,-1.02000,-89.59000,-78.21000
-0.67000,-0.17000,0.39000,-0.93000,-1.83000,-2.12000,-1.01000,-89.59000,-78.21000
-0.67000,-0.17000,0.39000,-1.31000,-1.45000,-2.13000,-1.00000,-105.69000,-83.36000
-0.67000,-0.17000,0.39000,-1.16000,-1.12000,-2.13000,-1.00000,-105.69000,-83.36000
-0.67000,-0.17000,0.38000,-1.54000,-1.10000,-2.13000,-1.00000,-109.44000,-88.94000
-0.68000,-0.18000,0.37000,-1.78000,-1.06000,-2.13000,-1.00000,-109.44000,-88.94000
-0.68000,-0.18000,0.35000,-1.58000,-0.75000,-2.12000,-1.00000,-105.81000,-89.26000
-0.68000,-0.18000,0.34000,-1.83000,-0.85000,-2.12000,-1.01000,-105.81000,-89.26000
-0.69000,-0.18000,0.32000,-1.91000,-1.00000,-2.11000,-1.02000,-107.01000,-92.21000
-0.69000,-0.18000,0.30000,-2.43000,-1.24000,-2.11000,-1.03000,-107.01000,-92.21000
-0.69000,-0.18000,0.27000,-2.72000,-1.35000,-2.34000,-1.92000,-103.12000,-100.82000
-0.70000,-0.18000,0.25000,-2.65000,-1.53000,-3.28000,-3.25000,-103.12000,-100.82000
-0.70000,-0.18000,0.24000,-2.49000,-1.72000,-2.91000,-2.96000,-107.76000,-116.09000
-0.71000,-0.19000,0.23000,-2.28000,-1.95000,-1.60000,-2.23000,-107.76000,-116.09000
-0.71000,-0.19000,0.23000,-2.30000,-2.34000,-1.18000,-2.13000,-88.88000,-105.98000
-0.72000,-0.19000,0.23000,-2.16000,-2.16000,-1.17000,-2.13000,-88.88000,-105.98000
-0.72000,-0.19000,0.24000,-1.56000,-1.95000,-1.14000,-2.12000,-83.63000,-103.85000
-0.72000,-0.19000,0.25000,-1.33000,-1.78000,-1.49000,-2.20000,-83.63000,-103.85000
-0.73000,-0.19000,0.25000,-1.12000,-1.35000,-2.33000,-2.50000,-107.76000,-114.96000
-0.73000,-0.19000,0.25000,-1.12000,-1.02000,-2.67000,-2.74000,-107.76000,-114.96000
-0.73000,-0.19000,0.25000,-1.45000,-1.33000,-2.51000,-2.60000,-119.57000,-132.25000
-0.74000,-0.19000,0.25000,-2.05000,-1.83000,-2.21000,-2.45000,-119.57000,-132.25000
-0.74000,-0.19000,0.24000,-2.59000,-2.34000,-1.68000,-2.26000,-101.40000,-124.46000
-0.75000,-0.20000,0.24000,-2.92000,-2.74000,-1.26000,-2.15000,-101.40000,-124.46000
-0.76000,-0.20000,0.23000,-3.24000,-3.01000,-1.11000,-2.12000,-77.51000,-111.25000
-0.76000,-0.20000,0.23000,-3.01000,-2.86000,-1.04000,-2.11000,-77.51000,-111.25000
-0.77000,-0.20000,0.23000,-2.70000,-2.80000,-1.03000,-2.11000,-64.14000,-105.47000
-0.77000,-0.20000,0.24000,-2.12000,-2.53000,-1.03000,-2.11000,-64.14000,-105.47000
-0.78000,-0.20000,0.25000,-1.62000,-1.91000,-1.05000,-2.11000,-65.96000,-105.93000
-0.78000,-0.20000,0.24000,-1.27000,-1.16000,-1.10000,-2.11000,-65.96000,-105.93000
-0.78000,-0.20000,0.24000,-1.22000,-1.18000,-1.06000,-2.11000,-72.48000,-123.95000
-0.78000,-0.20000,0.25000,-1.04000,-1.41000,-1.05000,-2.11000,-72.48000,-123.95000
-0.79000,-0.20000,0.26000,-1.16000,-1.58000,-1.14000,-2.12000,-75.80000,-126.09000
-0.79000,-0.21000,0.26000,-1.58000,-1.99000,-1.48000,-2.20000,-75.80000,-126.09000
-0.80000,-0.21000,0.28000,-1.70000,-2.37000,-2.18000,-2.44000,-83.97000,-126.41000
-0.80000,-0.21000,0.29000,-2.03000,-2.53000,-3.00000,-3.04000,-83.97000,-126.41000
-0.81000,-0.21000,0.29000,-2.16000,-2.61000,-3.22000,-3.25000,-96.36000,-133.14000
-0.81000,-0.21000,0.30000,-2.49000,-2.80000,-3.29000,-3.26000,-96.36000,-133.14000
-0.82000,-0.21000,0.31000,-2.78000,-3.28000,-3.23000,-3.20000,-96.71000,-132.63000
-0.82000,-0.22000,0.32000,-3.05000,-3.57000,-2.93000,-2.89000,-96.71000,-132.63000
-0.83000,-0.22000,0.33000,-3.07000,-3.63000,-2.34000,-1.93000,-79.48000,-104.49000
-0.84000,-0.22000,0.34000,-2.97000,-3.65000,-2.12000,-1.10000,-79.48000,-104.49000
-0.84000,-0.22000,0.35000,-2.47000,-3.07000,-2.11000,-1.02000,-72.92000,-79.74000
-0.85000,-0.22000,0.36000,-1.93000,-2.47000,-2.11000,-1.01000,-72.92000,-79.74000
-0.85000,-0.23000,0.37000,-1.33000,-1.74000,-2.12000,-1.01000,-83.51000,-81.53000
-0.86000,-0.23000,0.38000,-1.00000,-1.54000,-2.12000,-1.00000,-83.51000,-81.53000
-0.86000,-0.23000,0.39000,-0.54000,-1.12000,-2.13000,-1.00000,-98.77000,-86.58000
-0.86000,-0.23000,0.40000,-0.46000,-0.89000,-2.13000,-0.99000,-98.77000,-86.58000
-0.86000,-0.23000,0.40000,-0.71000,-1.00000,-2.14000,-0.99000,-113.84000,-92.87000
-0.86000,-0.23000,0.40000,-1.49000,-1.20000,-2.14000,-0.98000,-113.84000,-92.87000
-0.87000,-0.23000,0.39000,-1.91000,-1.27000,-2.14000,-0.98000,-108.44000,-88.69000
-0.87000,-0.23000,0.37000,-2.07000,-1.27000,-2.14000,-0.98000,-108.44000,-88.69000
-0.87000,-0.23000,0.36000,-1.93000,-1.25000,-2.14000,-0.99000,-103.59000,-86.47000
-0.88000,-0.23000,0.34000,-1.78000,-0.98000,-2.14000,-0.99000,-103.59000,-86.47000
-0.88000,-0.24000,0.33000,-1.74000,-0.89000,-2.14000,-0.99000,-108.31000,-89.19000
-0.88000,-0.24000,0.31000,-2.10000,-1.02000,-2.14000,-0.99000,-108.31000,-89.19000
-0.89000,-0.24000,0.28000,-2.64000,-1.18000,-2.13000,-0.99000,-105.65000,-88.71000
-0.89000,-0.24000,0.25000,-2.86000,-1.10000,-2.13000,-1.00000,-105.65000,-88.71000
-0.89000,-0.24000,0.22000,-2.88000,-1.18000,-2.12000,-1.00000,-94.21000,-87.51000
-0.90000,-0.24000,0.20000,-2.53000,-1.24000,-1.00000,-2.12000,-94.21000,-87.51000
-0.90000,-0.24000,0.18000,-2.10000,-1.10000,-0.99000,-2.14000,-77.76000,-101.72000
-0.91000,-0.24000,0.17000,-1.74000,-1.33000,-0.98000,-2.14000,-77.76000,-101.72000
-0.91000,-0.24000,0.18000,-1.06000,-1.60000,-0.98000,-2.15000,-80.15000,-106.00000
-0.91000,-0.24000,0.20000,-0.39000,-1.60000,-0.98000,-2.14000,-80.15000,-106.00000
-0.91000,-0.24000,0.23000,0.00000,-1.47000,-0.99000,-2.13000,-95.98000,-106.67000
-0.91000,-0.24000,0.25000,-0.02000,-1.25000,-1.00000,-2.12000,-95.98000,-106.67000
-0.92000,-0.24000,0.27000,-0.35000,-1.20000,-1.01000,-2.12000,-105.45000,-114.89000
-0.92000,-0.25000,0.28000,-0.91000,-1.41000,-1.01000,-2.11000,-105.45000,-114.89000
-0.92000,-0.25000,0.27000,-1.66000,-1.33000,-1.02000,-2.11000,-98.14000,-117.49000
-0.92000,-0.25000,0.27000,-1.64000,-1.51000,-1.02000,-2.11000,-98.14000,-117.49000
-0.93000,-0.25000,0.28000,-1.47000,-1.93000,-1.01000,-2.11000,-87.81000,-120.14000
-0.93000,-0.25000,0.29000,-1.47000,-2.16000,-1.02000,-2.11000,-87.81000,-120.14000
-0.94000,-0.25000,0.31000,-1.04000,-2.41000,-1.04000,-2.11000,-86.88000,-114.01000
-0.94000,-0.25000,0.34000,-1.08000,-2.51000,-2.54000,-2.63000,-86.88000,-114.01000
-0.94000,-0.25000,0.36000,-1.37000,-2.37000,-3.28000,-3.25000,-123.83000,-125.64000
-0.95000,-0.26000,0.36000,-2.28000,-2.39000,-2.70000,-2.62000,-123.83000,-125.64000
-0.96000,-0.26000,0.34000,-3.40000,-2.63000,-2.55000,-2.43000,-108.05000,-119.59000
-0.96000,-0.26000,0.33000,-3.80000,-2.86000,-3.17000,-3.14000,-108.05000,-119.59000
-0.97000,-0.26000,0.31000,-3.80000,-2.57000,-3.22000,-3.24000,-96.91000,-124.90000
-0.98000,-0.26000,0.29000,-3.53000,-2.45000,-1.81000,-2.30000,-96.91000,-124.90000
-0.98000,-0.27000,0.27000,-3.24000,-2.57000,-1.03000,-2.11000,-64.66000,-116.33000
-0.99000,-0.27000,0.27000,-2.57000,-2.51000,-1.02000,-2.11000,-64.66000,-116.33000
-0.99000,-0.27000,0.29000,-1.97000,-2.78000,-1.01000,-2.11000,-63.79000,-113.39000
-1.00000,-0.27000,0.31000,-1.51000,-2.53000,-1.02000,-2.11000,-63.79000,-113.39000
-1.00000,-0.27000,0.34000,-1.12000,-2.76000,-1.40000,-2.18000,-76.05000,-111.73000
-1.00000,-0.27000,0.36000,-1.29000,-2.63000,-3.25000,-3.27000,-76.05000,-111.73000
-1.01000,-0.27000,0.38000,-1.58000,-2.66000,-2.77000,-2.70000,-99.33000,-115.89000
-1.01000,-0.28000,0.40000,-1.99000,-3.03000,-2.12000,-1.11000,-99.33000,-115.89000
-1.02000,-0.28000,0.40000,-2.68000,-2.90000,-2.11000,-1.02000,-87.73000,-85.13000
-1.03000,-0.28000,0.39000,-2.76000,-2.28000,-2.11000,-1.01000,-87.73000,-85.13000
-1.03000,-0.28000,0.38000,-2.66000,-1.83000,-2.11000,-1.02000,-76.90000,-84.27000
-1.03000,-0.29000,0.37000,-2.24000,-1.51000,-2.11000,-1.05000,-76.90000,-84.27000
-1.04000,-0.29000,0.36000,-1.78000,-1.22000,-2.21000,-1.51000,-82.29000,-95.61000
-1.04000,-0.29000,0.35000,-1.49000,-1.41000,-2.65000,-2.56000,-82.29000,-95.61000
-1.04000,-0.29000,0.36000,-1.25000,-1.58000,-2.73000,-2.65000,-101.05000,-114.25000
-1.05000,-0.29000,0.37000,-1.58000,-1.97000,-2.37000,-2.00000,-101.05000,-114.25000
-1.05000,-0.29000,0.38000,-1.60000,-2.37000,-2.16000,-1.30000,-98.66000,-93.03000
-1.06000,-0.29000,0.39000,-1.64000,-2.30000,-2.11000,-1.03000,-98.66000,-93.03000
-1.06000,-0.29000,0.40000,-1.70000,-2.08000,-2.11000,-1.02000,-100.47000,-79.75000
-1.06000,-0.30000,0.40000,-1.74000,-1.78000,-2.11000,-1.01000,-100.47000,-79.75000
-1.07000,-0.30000,0.39000,-1.70000,-1.06000,-2.11000,-1.01000,-101.77000,-79.74000
-1.07000,-0.30000,0.38000,-1.41000,-0.87000,-2.11000,-1.02000,-101.77000,-79.74000
-1.07000,-0.30000,0.37000,-1.41000,-0.87000,-2.11000,-1.02000,-108.87000,-88.95000
-1.07000,-0.30000,0.36000,-1.49000,-0.91000,-2.11000,-1.06000,-108.87000,-88.95000
-1.08000,-0.30000,0.34000,-1.99000,-0.85000,-2.17000,-1.37000,-112.80000,-94.46000
-1.08000,-0.30000,0.31000,-2.45000,-1.04000,-3.07000,-3.04000,-112.80000,-94.46000
-1.08000,-0.30000,0.28000,-2.88000,-1.25000,-3.10000,-3.13000,-116.44000,-121.75000
-1.09000,-0.31000,0.26000,-3.17000,-1.83000,-1.08000,-2.11000,-116.44000,-121.75000
-1.10000,-0.31000,0.25000,-3.09000,-2.43000,-1.01000,-2.11000,-78.19000,-107.16000
-1.10000,-0.31000,0.25000,-2.37000,-2.49000,-1.01000,-2.12000,-78.19000,-107.16000
-1.11000,-0.31000,0.26000,-1.80000,-2.32000,-1.01000,-2.12000,-77.30000,-99.00000
-1.11000,-0.31000,0.27000,-1.16000,-1.97000,-1.01000,-2.11000,-77.30000,-99.00000
-1.11000,-0.31000,0.29000,-0.58000,-1.66000,-1.02000,-2.11000,-87.31000,-104.40000
-1.11000,-0.31000,0.30000,-0.73000,-1.12000,-1.06000,-2.11000,-87.31000,-104.40000
-1.12000,-0.31000,0.30000,-1.02000,-1.08000,-1.22000,-2.14000,-96.03000,-118.44000
-1.12000,-0.31000,0.31000,-1.16000,-1.58000,-1.25000,-2.14000,-96.03000,-118.44000
-1.12000,-0.31000,0.32000,-1.33000,-1.87000,-1.79000,-2.29000,-101.00000,-120.04000
-1.13000,-0.32000,0.33000,-1.68000,-2.14000,-2.72000,-2.79000,-101.00000,-120.04000
-1.13000,-0.32000,0.34000,-1.81000,-2.47000,-3.08000,-3.12000,-116.39000,-128.29000
-1.14000,-0.32000,0.34000,-2.41000,-2.74000,-3.27000,-3.29000,-116.39000,-128.29000
-1.14000,-0.32000,0.34000,-3.11000,-2.82000,-3.26000,-3.23000,-116.54000,-126.86000
-1.15000,-0.32000,0.33000,-3.86000,-3.24000,-3.29000,-3.27000,-116.54000,-126.86000
-1.16000,-0.33000,0.31000,-4.15000,-3.34000,-3.12000,-3.16000,-97.84000,-121.20000
-1.16000,-0.33000,0.30000,-4.03000,-3.01000,-2.11000,-2.41000,-97.84000,-121.20000
-1.17000,-0.33000,0.28000,-3.69000,-2.86000,-1.04000,-2.11000,-59.63000,-108.39000
-1.18000,-0.33000,0.28000,-2.99000,-2.80000,-1.01000,-2.11000,-59.63000,-108.39000
-1.18000,-0.33000,0.29000,-2.08000,-2.70000,-1.01000,-2.11000,-56.89000,-106.17000
-1.19000,-0.34000,0.30000,-1.54000,-2.43000,-1.01000,-2.11000,-56.89000,-106.17000
-1.19000,-0.34000,0.33000,-1.04000,-2.24000,-1.02000,-2.11000,-66.97000,-107.55000
-1.19000,-0.34000,0.35000,-0.95000,-2.05000,-1.38000,-2.17000,-66.97000,-107.55000
-1.20000,-0.34000,0.36000,-1.16000,-2.14000,-2.98000,-3.02000,-101.91000,-124.89000
-1.20000,-0.34000,0.38000,-1.83000,-2.53000,-3.29000,-3.26000,-101.91000,-124.89000
-1.21000,-0.34000,0.38000,-2.66000,-2.93000,-3.04000,-3.00000,-101.87000,-123.19000
-1.21000,-0.35000,0.39000,-2.97000,-3.26000,-2.72000,-2.65000,-101.87000,-123.19000
-1.22000,-0.35000,0.39000,-3.13000,-3.32000,-2.30000,-1.81000,-80.98000,-97.29000
-1.23000,-0.35000,0.39000,-3.03000,-3.15000,-2.14000,-1.22000,-80.98000,-97.29000
-1.23000,-0.35000,0.40000,-2.41000,-2.64000,-2.11000,-1.05000,-73.15000,-78.74000
-1.24000,-0.36000,0.40000,-1.78000,-2.26000,-2.11000,-1.02000,-73.15000,-78.74000
-1.24000,-0.36000,0.41000,-1.29000,-1.72000,-2.11000,-1.01000,-86.34000,-78.94000
-1.24000,-0.36000,0.42000,-0.77000,-1.18000,-2.12000,-1.01000,-86.34000,-78.94000
-1.24000,-0.36000,0.43000,-0.39000,-1.02000,-2.34000,-1.92000,-106.99000,-101.30000
-1.25000,-0.36000,0.44000,-0.33000,-1.08000,-2.12000,-1.13000,-106.99000,-101.30000
-1.25000,-0.36000,0.45000,-0.91000,-1.37000,-2.11000,-1.02000,-119.44000,-93.77000
-1.25000,-0.36000,0.45000,-1.78000,-1.58000,-2.11000,-1.02000,-119.44000,-93.77000
-1.25000,-0.36000,0.44000,-2.14000,-1.41000,-2.11000,-1.02000,-108.31000,-85.91000
-1.26000,-0.37000,0.42000,-2.26000,-1.33000,-2.11000,-1.04000,-108.31000,-85.91000
-1.26000,-0.37000,0.41000,-2.03000,-1.41000,-2.27000,-1.71000,-105.50000,-96.65000
-1.27000,-0.37000,0.40000,-2.03000,-1.43000,-2.85000,-2.79000,-105.50000,-96.65000
-1.27000,-0.37000,0.39000,-2.03000,-1.49000,-3.21000,-3.19000,-123.15000,-119.53000
-1.27000,-0.37000,0.37000,-2.78000,-1.99000,-3.27000,-3.29000,-123.15000,-119.53000
-1.28000,-0.37000,0.35000,-3.40000,-2.39000,-2.95000,-2.99000,-115.06000,-118.75000
-1.29000,-0.38000,0.34000,-3.44000,-2.72000,-1.32000,-2.16000,-115.06000,-118.75000
-1.29000,-0.38000,0.33000,-3.28000,-2.61000,-1.03000,-2.11000,-77.32000,-100.55000
-1.30000,-0.38000,0.32000,-2.74000,-2.37000,-1.02000,-2.11000,-77.32000,-100.55000
-1.30000,-0.38000,0.33000,-1.62000,-1.83000,-1.01000,-2.11000,-73.16000,-102.23000
-1.30000,-0.38000,0.34000,-0.25000,-0.87000,-1.01000,-2.11000,-73.16000,-102.23000
-1.30000,-0.38000,0.34000,0.00000,-0.04000,-1.02000,-2.11000,-100.25000,-123.04000
-1.30000,-0.38000,0.34000,-0.08000,0.00000,-1.02000,-2.11000,-100.25000,-123.04000
-1.30000,-0.38000,0.34000,-0.06000,-0.02000,-1.02000,-2.11000,-107.35000,-143.53000
-1.30000,-0.38000,0.34000,-0.02000,-0.23000,-1.02000,-2.11000,-107.35000,-143.53000
-1.30000,-0.38000,0.35000,-0.23000,-0.83000,-1.02000,-2.11000,-113.93000,-152.73000
-1.31000,-0.38000,0.36000,-0.81000,-1.08000,-1.06000,-2.11000,-113.93000,-152.73000
-1.31000,-0.38000,0.36000,-0.91000,-0.87000,-1.14000,-2.12000,-109.96000,-151.50000
-1.31000,-0.38000,0.36000,-0.66000,-0.81000,-1.12000,-2.12000,-109.96000,-151.50000
-1.31000,-0.39000,0.37000,-0.37000,-1.08000,-1.19000,-2.13000,-114.82000,-161.94000
-1.31000,-0.39000,0.40000,-0.12000,-1.76000,-2.30000,-2.49000,-114.82000,-161.94000
-1.32000,-0.39000,0.44000,-0.02000,-2.14000,-3.26000,-3.24000,-157.19000,-172.14000
-1.32000,-0.39000,0.47000,-0.52000,-2.10000,-2.11000,-1.06000,-157.19000,-172.14000
-1.32000,-0.39000,0.48000,-1.70000,-2.30000,-2.11000,-1.01000,-152.82000,-142.62000
-1.33000,-0.39000,0.48000,-1.99000,-2.14000,-2.12000,-1.01000,-152.82000,-142.62000
-1.33000,-0.39000,0.48000,-1.93000,-2.10000,-2.12000,-1.01000,-140.41000,-135.44000
-1.33000,-0.40000,0.48000,-2.05000,-1.97000,-2.12000,-1.01000,-140.41000,-135.44000
-1.34000,-0.40000,0.46000,-2.30000,-1.35000,-2.12000,-1.01000,-140.27000,-131.13000
-1.34000,-0.40000,0.44000,-2.41000,-1.10000,-2.11000,-1.01000,-140.27000,-131.13000
-1.35000,-0.40000,0.41000,-2.64000,-0.91000,-2.11000,-1.02000,-135.14000,-138.61000
-1.35000,-0.40000,0.39000,-2.47000,-1.49000,-2.46000,-2.23000,-135.14000,-138.61000
-1.35000,-0.41000,0.39000,-2.39000,-1.99000,-3.22000,-3.19000,-149.07000,-164.74000
-1.36000,-0.41000,0.38000,-2.74000,-2.70000,-3.29000,-3.27000,-149.07000,-164.74000
-1.37000,-0.41000,0.39000,-2.90000,-3.34000,-3.29000,-3.27000,-150.70000,-158.10000
-1.37000,-0.41000,0.40000,-3.26000,-3.53000,-3.21000,-3.18000,-150.70000,-158.10000
-1.38000,-0.42000,0.41000,-3.34000,-3.94000,-3.08000,-3.04000,-142.98000,-145.64000
-1.39000,-0.42000,0.43000,-3.11000,-4.15000,-2.48000,-2.27000,-142.98000,-145.64000
-1.39000,-0.42000,0.45000,-2.91000,-4.01000,-2.11000,-1.05000,-129.52000,-103.46000
-1.40000,-0.43000,0.47000,-2.24000,-3.38000,-2.11000,-1.01000,-129.52000,-103.46000
-1.40000,-0.43000,0.48000,-1.87000,-2.34000,-2.12000,-1.01000,-136.75000,-95.77000
-1.41000,-0.43000,0.47000,-1.64000,-1.39000,-2.12000,-1.00000,-136.75000,-95.77000
-1.41000,-0.43000,0.46000,-1.18000,-0.62000,-2.12000,-1.00000,-145.09000,-111.33000
-1.41000,-0.43000,0.45000,-0.98000,-0.46000,-2.12000,-1.01000,-145.09000,-111.33000
-1.41000,-0.43000,0.45000,-0.89000,-0.85000,-2.12000,-1.01000,-157.85000,-123.12000
-1.42000,-0.43000,0.46000,-1.00000,-1.45000,-2.12000,-1.01000,-157.85000,-123.12000
-1.42000,-0.43000,0.47000,-0.95000,-1.62000,-2.12000,-1.01000,-164.46000,-111.45000
-1.42000,-0.44000,0.49000,-0.81000,-1.64000,-2.12000,-1.00000,-164.46000,-111.45000
-1.42000,-0.44000,0.49000,-1.27000,-1.39000,-2.13000,-0.99000,-174.17000,-105.76000
-1.43000,-0.44000,0.49000,-1.27000,-1.20000,-2.13000,-0.99000,-174.17000,-105.76000
-1.43000,-0.44000,0.49000,-0.93000,-1.08000,-2.13000,-0.99000,-175.30000,-108.38000
-1.43000,-0.44000,0.50000,-0.77000,-1.12000,-2.14000,-0.99000,-175.30000,-108.38000
-1.43000,-0.44000,0.51000,-0.77000,-1.29000,-2.14000,-0.99000,-188.08000,-108.27000
-1.43000,-0.44000,0.51000,-1.12000,-1.45000,-2.15000,-0.98000,-188.08000,-108.27000
-1.44000,-0.44000,0.51000,-1.74000,-1.54000,-2.15000,-0.97000,-191.15000,-102.32000
-1.44000,-0.45000,0.49000,-2.66000,-1.49000,-2.15000,-0.97000,-191.15000,-102.32000
-1.45000,-0.45000,0.45000,-3.28000,-1.29000,-2.14000,-0.98000,-174.22000,-98.94000
-1.45000,-0.45000,0.41000,-3.32000,-0.95000,-2.13000,-0.99000,-174.22000,-98.94000
-1.45000,-0.45000,0.36000,-3.51000,-0.71000,-2.12000,-1.01000,-160.77000,-104.38000
-1.46000,-0.46000,0.31000,-3.65000,-0.77000,-2.17000,-1.36000,-160.77000,-104.38000
-1.46000,-0.46000,0.26000,-3.59000,-1.00000,-2.90000,-2.95000,-160.30000,-136.56000
-1.47000,-0.46000,0.23000,-3.32000,-1.62000,-1.01000,-2.11000,-160.30000,-136.56000
-1.48000,-0.46000,0.22000,-2.97000,-2.41000,-1.00000,-2.12000,-132.33000,-124.52000
-1.48000,-0.46000,0.22000,-2.32000,-2.55000,-0.99000,-2.13000,-132.33000,-124.52000
-1.49000,-0.46000,0.24000,-1.76000,-2.57000,-0.99000,-2.13000,-133.21000,-113.65000
-1.49000,-0.46000,0.25000,-1.78000,-2.32000,-1.00000,-2.13000,-133.21000,-113.65000
-1.49000,-0.46000,0.25000,-1.87000,-1.81000,-1.00000,-2.13000,-133.39000,-114.49000
-1.50000,-0.46000,0.24000,-1.87000,-1.56000,-0.99000,-2.13000,-133.39000,-114.49000
-1.50000,-0.47000,0.22000,-2.24000,-1.25000,-0.99000,-2.14000,-127.30000,-124.96000
-1.50000,-0.47000,0.20000,-2.39000,-1.10000,-0.98000,-2.15000,-127.30000,-124.96000
-1.51000,-0.47000,0.18000,-2.47000,-1.31000,-0.96000,-2.16000,-113.87000,-135.69000
-1.51000,-0.47000,0.17000,-2.24000,-1.91000,-0.95000,-2.18000,-113.87000,-135.69000
-1.52000,-0.47000,0.18000,-2.03000,-2.30000,-0.94000,-2.19000,-107.13000,-130.31000
-1.52000,-0.47000,0.19000,-1.62000,-2.53000,-0.93000,-2.19000,-107.13000,-130.31000
-1.53000,-0.47000,0.22000,-1.29000,-2.76000,-0.93000,-2.20000,-108.48000,-122.83000
-1.53000,-0.47000,0.24000,-1.33000,-2.61000,-0.92000,-2.20000,-108.48000,-122.83000
-1.54000,-0.47000,0.27000,-0.91000,-2.45000,-0.92000,-2.21000,-108.57000,-119.69000
-1.54000,-0.47000,0.29000,-0.87000,-2.14000,-0.92000,-2.21000,-108.57000,-119.69000
-1.54000,-0.47000,0.30000,-1.08000,-1.68000,-0.96000,-2.16000,-113.64000,-123.74000
-1.54000,-0.48000,0.31000,-1.22000,-1.66000,-0.97000,-2.16000,-113.64000,-123.74000
-1.55000,-0.48000,0.31000,-1.43000,-1.47000,-0.97000,-2.16000,-108.99000,-130.95000
-1.55000,-0.48000,0.32000,-1.45000,-1.91000,-0.97000,-2.16000,-108.99000,-130.95000
-1.55000,-0.48000,0.34000,-1.08000,-1.93000,-0.97000,-2.15000,-104.06000,-130.15000
-1.56000,-0.48000,0.36000,-0.98000,-2.16000,-0.98000,-2.15000,-104.06000,-130.15000
-1.56000,-0.48000,0.38000,-1.00000,-2.37000,-0.99000,-2.14000,-108.57000,-127.69000
-1.57000,-0.48000,0.41000,-0.93000,-2.57000,-0.99000,-2.13000,-108.57000,-127.69000
-1.57000,-0.48000,0.45000,-0.71000,-2.68000,-1.01000,-2.12000,-109.58000,-121.05000
-1.57000,-0.49000,0.48000,-0.89000,-2.68000,-1.02000,-2.11000,-109.58000,-121.05000
-1.58000,-0.49000,0.51000,-1.16000,-2.64000,-2.60000,-2.68000,-134.48000,-125.14000
-1.58000,-0.49000,0.53000,-1.56000,-2.74000,-3.27000,-3.24000,-134.48000,-125.14000
-1.59000,-0.49000,0.54000,-2.16000,-2.78000,-2.42000,-2.12000,-132.03000,-115.89000
-1.59000,-0.50000,0.54000,-2.53000,-2.43000,-2.13000,-1.16000,-132.03000,-115.89000
-1.59000,-0.50000,0.53000,-2.70000,-2.18000,-2.13000,-1.20000,-118.33000,-102.96000
-1.60000,-0.50000,0.52000,-2.24000,-1.56000,-2.31000,-1.85000,-118.33000,-102.96000
-1.60000,-0.50000,0.51000,-1.78000,-1.41000,-2.96000,-2.91000,-132.62000,-134.33000
-1.60000,-0.50000,0.51000,-1.62000,-1.93000,-3.17000,-3.14000,-132.62000,-134.33000
-1.61000,-0.51000,0.53000,-1.91000,-2.49000,-2.98000,-2.94000,-146.69000,-137.33000
-1.61000,-0.51000,0.54000,-1.95000,-2.72000,-2.38000,-2.04000,-146.69000,-137.33000
-1.62000,-0.51000,0.55000,-1.99000,-2.86000,-2.11000,-1.08000,-136.83000,-103.70000
-1.62000,-0.51000,0.59000,-0.98000,-2.70000,-2.11000,-1.02000,-136.83000,-103.70000
-1.62000,-0.52000,0.62000,-0.31000,-2.14000,-2.12000,-1.01000,-152.54000,-93.06000
-1.63000,-0.52000,0.64000,-0.04000,-1.45000,-2.13000,-0.99000,-152.54000,-93.06000
-1.63000,-0.52000,0.66000,-0.02000,-0.77000,-2.14000,-0.98000,-173.79000,-101.18000
-1.63000,-0.52000,0.67000,-0.02000,-0.69000,-2.15000,-0.97000,-173.79000,-101.18000
-1.63000,-0.52000,0.68000,-0.42000,-1.02000,-2.16000,-0.97000,-186.90000,-109.68000
-1.63000,-0.52000,0.68000,-1.31000,-1.02000,-2.16000,-0.96000,-186.90000,-109.68000
-1.63000,-0.52000,0.66000,-1.60000,-0.89000,-2.16000,-0.96000,-180.49000,-106.36000
-1.64000,-0.52000,0.64000,-2.26000,-1.08000,-2.16000,-0.97000,-180.49000,-106.36000
-1.64000,-0.53000,0.61000,-2.76000,-1.00000,-2.15000,-0.98000,-171.10000,-105.28000
-1.64000,-0.53000,0.57000,-2.95000,-0.75000,-2.14000,-0.99000,-171.10000,-105.28000
-1.65000,-0.53000,0.53000,-2.93000,-0.75000,-2.12000,-1.00000,-159.75000,-110.07000
-1.65000,-0.53000,0.49000,-3.28000,-0.97000,-2.11000,-1.02000,-159.75000,-110.07000
-1.65000,-0.54000,0.45000,-3.59000,-1.20000,-2.88000,-2.83000,-161.26000,-135.57000
-1.66000,-0.54000,0.41000,-3.82000,-1.72000,-2.33000,-2.50000,-161.26000,-135.57000
-1.67000,-0.54000,0.38000,-3.67000,-2.34000,-1.02000,-2.11000,-122.78000,-124.67000
-1.67000,-0.54000,0.38000,-2.78000,-2.55000,-1.01000,-2.12000,-122.78000,-124.67000
-1.68000,-0.55000,0.40000,-1.70000,-2.59000,-1.00000,-2.12000,-121.34000,-114.75000
-1.68000,-0.55000,0.41000,-1.24000,-2.18000,-1.01000,-2.12000,-121.34000,-114.75000
-1.68000,-0.55000,0.43000,-1.02000,-1.97000,-1.01000,-2.11000,-133.84000,-117.59000
-1.69000,-0.55000,0.45000,-0.95000,-1.99000,-1.02000,-2.11000,-133.84000,-117.59000
-1.69000,-0.55000,0.46000,-1.12000,-1.89000,-1.16000,-2.13000,-138.99000,-120.22000
-1.69000,-0.55000,0.47000,-1.33000,-1.87000,-2.23000,-2.46000,-138.99000,-120.22000
-1.70000,-0.56000,0.48000,-1.74000,-1.97000,-2.93000,-2.97000,-161.16000,-135.60000
-1.70000,-0.56000,0.47000,-2.61000,-2.12000,-3.07000,-3.10000,-161.16000,-135.60000
-1.71000,-0.56000,0.45000,-3.40000,-2.43000,-2.55000,-2.64000,-145.79000,-133.45000
-1.71000,-0.56000,0.42000,-3.80000,-2.43000,-1.08000,-2.11000,-145.79000,-133.45000
-1.72000,-0.57000,0.40000,-3.67000,-2.49000,-1.01000,-2.11000,-104.62000,-124.00000
-1.72000,-0.57000,0.40000,-2.70000,-2.63000,-1.00000,-2.12000,-104.62000,-124.00000
-1.73000,-0.57000,0.41000,-1.91000,-2.49000,-1.00000,-2.12000,-104.23000,-119.21000
-1.73000,-0.57000,0.44000,-1.12000,-2.43000,-1.00000,-2.12000,-104.23000,-119.21000
-1.74000,-0.57000,0.47000,-0.85000,-2.43000,-1.01000,-2.12000,-117.84000,-119.11000
-1.74000,-0.58000,0.48000,-1.56000,-2.14000,-1.02000,-2.11000,-117.84000,-119.11000
-1.74000,-0.58000,0.48000,-1.83000,-2.05000,-1.03000,-2.11000,-110.91000,-121.44000
-1.75000,-0.58000,0.49000,-2.01000,-2.32000,-1.03000,-2.11000,-110.91000,-121.44000
-1.75000,-0.58000,0.50000,-1.70000,-2.61000,-1.04000,-2.11000,-101.02000,-118.46000
-1.76000,-0.58000,0.52000,-1.64000,-2.53000,-1.34000,-2.16000,-101.02000,-118.46000
-1.76000,-0.59000,0.55000,-1.10000,-2.66000,-2.63000,-2.70000,-124.65000,-123.03000
-1.76000,-0.59000,0.57000,-1.43000,-2.72000,-3.26000,-3.24000,-124.65000,-123.03000
-1.77000,-0.59000,0.58000,-1.91000,-2.64000,-2.30000,-1.81000,-128.77000,-107.83000
-1.77000,-0.59000,0.59000,-1.99000,-2.18000,-2.11000,-1.04000,-128.77000,-107.83000
-1.78000,-0.60000,0.58000,-2.16000,-1.68000,-2.11000,-1.02000,-122.66000,-98.61000
-1.78000,-0.60000,0.56000,-1.97000,-1.27000,-2.11000,-1.02000,-122.66000,-98.61000
-1.78000,-0.60000,0.55000,-1.85000,-0.93000,-2.69000,-2.61000,-132.37000,-129.19000
-1.78000,-0.60000,0.54000,-1.74000,-1.49000,-3.26000,-3.23000,-132.37000,-129.19000
-1.79000,-0.60000,0.55000,-1.78000,-2.18000,-3.29000,-3.27000,-149.20000,-143.73000
-1.79000,-0.61000,0.57000,-1.58000,-2.78000,-3.22000,-3.19000,-149.20000,-143.73000
-1.80000,-0.61000,0.60000,-1.70000,-3.17000,-2.26000,-1.69000,-145.52000,-111.45000
-1.80000,-0.61000,0.63000,-0.93000,-2.84000,-2.11000,-1.02000,-145.52000,-111.45000
-1.80000,-0.61000,0.67000,-0.37000,-2.34000,-2.12000,-1.01000,-157.16000,-93.68000
-1.80000,-0.62000,0.70000,-0.02000,-1.79000,-2.14000,-0.99000,-157.16000,-93.68000
-1.81000,-0.62000,0.72000,-0.17000,-1.20000,-2.15000,-0.97000,-178.40000,-98.05000
-1.81000,-0.62000,0.72000,-0.66000,-0.91000,-2.16000,-0.97000,-178.40000,-98.05000
-1.81000,-0.62000,0.71000,-1.68000,-1.00000,-2.16000,-0.96000,-181.71000,-106.12000
-1.81000,-0.62000,0.69000,-2.18000,-1.00000,-2.16000,-0.97000,-181.71000,-106.12000
-1.82000,-0.62000,0.65000,-2.82000,-0.85000,-2.15000,-0.98000,-167.78000,-105.36000
-1.82000,-0.63000,0.62000,-2.99000,-0.85000,-2.13000,-0.99000,-167.78000,-105.36000
-1.82000,-0.63000,0.58000,-2.84000,-0.89000,-2.12000,-1.01000,-155.05000,-107.87000
-1.83000,-0.63000,0.55000,-2.86000,-0.98000,-2.11000,-1.02000,-155.05000,-107.87000
-1.83000,-0.63000,0.50000,-3.34000,-0.75000,-2.46000,-2.23000,-156.80000,-125.28000
-1.83000,-0.64000,0.45000,-3.78000,-1.29000,-2.64000,-2.71000,-156.80000,-125.28000
-1.84000,-0.64000,0.42000,-4.48000,-2.43000,-1.01000,-2.11000,-119.01000,-126.34000
-1.85000,-0.64000,0.39000,-4.73000,-3.38000,-1.00000,-2.13000,-119.01000,-126.34000
-1.86000,-0.65000,0.39000,-4.38000,-4.01000,-0.99000,-2.14000,-87.72000,-100.30000
-1.87000,-0.65000,0.38000,-4.30000,-3.74000,-0.98000,-2.14000,-87.72000,-100.30000
-1.87000,-0.65000,0.37000,-3.38000,-2.99000,-0.97000,-2.15000,-71.54000,-87.73000
-1.88000,-0.66000,0.37000,-2.41000,-2.30000,-0.97000,-2.16000,-71.54000,-87.73000
-1.88000,-0.66000,0.37000,-1.72000,-1.80000,-0.96000,-2.16000,-79.79000,-99.89000
-1.89000,-0.66000,0.37000,-2.05000,-1.99000,-0.96000,-2.17000,-79.79000,-99.89000
-1.89000,-0.66000,0.37000,-2.55000,-2.49000,-0.96000,-2.17000,-76.33000,-103.80000
-1.90000,-0.66000,0.37000,-2.78000,-3.05000,-0.95000,-2.17000,-76.33000,-103.80000
-1.90000,-0.67000,0.38000,-2.88000,-3.34000,-0.95000,-2.17000,-58.76000,-89.09000
-1.91000,-0.67000,0.39000,-2.59000,-3.28000,-0.95000,-2.18000,-58.76000,-89.09000
-1.92000,-0.67000,0.41000,-2.07000,-3.11000,-0.95000,-2.18000,-50.55000,-80.46000
-1.92000,-0.67000,0.43000,-1.58000,-2.78000,-0.95000,-2.17000,-50.55000,-80.46000
-1.92000,-0.67000,0.46000,-1.16000,-2.43000,-0.95000,-2.17000,-56.01000,-81.21000
-1.93000,-0.68000,0.48000,-1.00000,-2.22000,-0.96000,-2.16000,-56.01000,-81.21000
-1.93000,-0.68000,0.50000,-1.00000,-2.16000,-0.97000,-2.16000,-61.19000,-85.78000
-1.93000,-0.68000,0.52000,-1.12000,-2.14000,-0.97000,-2.15000,-61.19000,-85.78000
-1.94000,-0.68000,0.53000,-1.31000,-2.16000,-0.98000,-2.15000,-59.30000,-86.49000
-1.94000,-0.68000,0.55000,-1.39000,-2.32000,-0.98000,-2.14000,-59.30000,-86.49000
-1.94000,-0.69000,0.57000,-1.33000,-2.41000,-0.99000,-2.14000,-54.53000,-83.66000
-1.95000,-0.69000,0.59000,-1.25000,-2.32000,-0.99000,-2.14000,-54.53000,-83.66000
-1.95000,-0.69000,0.61000,-1.16000,-2.24000,-0.99000,-2.13000,-54.40000,-82.37000
-1.95000,-0.69000,0.63000,-1.08000,-2.20000,-1.00000,-2.12000,-54.40000,-82.37000
-1.96000,-0.69000,0.65000,-1.00000,-2.12000,-1.01000,-2.12000,-55.58000,-82.94000
-1.96000,-0.70000,0.67000,-1.06000,-2.03000,-1.01000,-2.11000,-55.58000,-82.94000
-1.96000,-0.70000,0.68000,-1.06000,-2.05000,-1.02000,-2.11000,-55.60000,-84.76000
-1.96000,-0.70000,0.70000,-1.06000,-2.12000,-1.03000,-2.11000,-55.60000,-84.76000
-1.97000,-0.70000,0.72000,-1.10000,-2.12000,-1.47000,-2.20000,-62.13000,-85.30000
-1.97000,-0.71000,0.74000,-1.29000,-2.16000,-2.91000,-2.96000,-62.13000,-85.30000
-1.97000,-0.71000,0.75000,-1.54000,-2.22000,-3.26000,-3.29000,-88.06000,-101.51000
-1.98000,-0.71000,0.76000,-2.24000,-2.53000,-3.18000,-3.15000,-88.06000,-101.51000
-1.98000,-0.72000,0.75000,-3.11000,-2.84000,-2.95000,-2.91000,-80.97000,-96.98000
-1.99000,-0.72000,0.75000,-3.32000,-3.05000,-2.97000,-2.92000,-80.97000,-96.98000
-1.99000,-0.73000,0.74000,-3.24000,-3.05000,1.84000,0.72000,2.77000,-37.08000
-2.00000,-0.73000,0.75000,-1.58000,-1.97000,1.85000,0.73000,2.77000,-37.08000
-2.00000,-0.73000,0.76000,0.00000,-0.37000,1.89000,0.76000,8.42000,-30.01000
-2.00000,-0.73000,0.76000,0.00000,0.00000,1.92000,0.78000,8.42000,-30.01000
-2.00000,-0.73000,0.76000,0.00000,0.00000,1.92000,0.78000,5.92000,-42.95000
-2.00000,-0.73000,0.76000,0.00000,0.00000,1.92000,0.78000,5.92000,-42.95000
-2.00000,-0.73000,0.76000,0.00000,0.00000,1.92000,0.78000,17.42000,-38.29000
-2.00000,-0.73000,0.76000,0.00000,0.00000,1.92000,0.78000,17.42000,-38.29000
-2.00000,-0.73000,0.76000,0.00000,0.00000,1.92000,0.78000,28.91000,-33.63000
-2.00000,-0.73000,0.76000,0.00000,0.00000,1.92000,0.78000,28.91000,-33.63000
-2.00000,-0.73000,0.76000,0.00000,0.00000,1.92000,0.78000,40.40000,-28.97000
-2.00000,-0.73000,0.76000,0.00000,0.00000,1.92000,0.78000,40.40000,-28.97000
-2.00000,-0.73000,0.76000,0.00000,0.00000,1.92000,0.78000,51.90000,-24.31000
-2.00000,-0.73000,0.76000,0.08000,0.00000,1.92000,0.78000,51.90000,-24.31000
-2.00000,-0.73000,0.76000,0.00000,0.00000,1.92000,0.78000,62.21000,-19.60000
-2.00000,-0.73000,0.76000,0.00000,0.00000,1.92000,0.78000,62.21000,-19.60000
-2.00000,-0.73000,0.76000,0.00000,0.00000,1.92000,0.78000,74.48000,-14.92000
-2.00000,-0.73000,0.76000,0.00000,0.00000,1.92000,0.78000,74.48000,-14.92000
-2.00000,-0.73000,0.76000,0.04000,0.00000,1.92000,0.78000,86.00000,-10.24000
-2.00000,-0.73000,0.77000,0.42000,0.00000,1.92000,0.78000,86.00000,-10.24000
-1.99000,-0.73000,0.78000,0.62000,0.00000,1.94000,0.80000,91.66000,-5.31000
-1.99000,-0.73000,0.79000,0.89000,0.00000,1.97000,0.82000,91.66000,-5.31000
-1.99000,-0.73000,0.82000,1.35000,0.00000,2.01000,0.84000,94.66000,0.11000
-1.99000,-0.72000,0.85000,1.83000,0.00000,2.06000,0.87000,94.66000,0.11000
-1.99000,-0.72000,0.89000,2.28000,0.00000,2.11000,0.89000,88.79000,5.85000
-1.99000,-0.72000,0.93000,2.37000,0.00000,2.15000,0.90000,88.79000,5.85000
-1.99000,-0.72000,0.98000,2.64000,0.00000,2.18000,0.90000,83.48000,11.45000
-1.98000,-0.72000,1.03000,2.84000,0.00000,2.20000,0.90000,83.48000,11.45000
-1.98000,-0.71000,1.08000,2.82000,0.00000,2.21000,0.91000,75.63000,16.90000
-1.98000,-0.71000,1.13000,2.53000,0.00000,2.21000,0.91000,75.63000,16.90000
-1.98000,-0.71000,1.17000,2.35000,0.00000,2.21000,0.91000,76.54000,22.40000
-1.98000,-0.71000,1.21000,2.10000,0.00000,2.21000,0.91000,76.54000,22.40000
-1.98000,-0.70000,1.25000,2.24000,0.00000,2.21000,0.92000,81.11000,27.95000
-1.98000,-0.70000,1.29000,2.37000,0.00000,2.20000,0.92000,81.11000,27.95000
-1.98000,-0.70000,1.34000,2.55000,0.00000,2.19000,0.94000,77.44000,33.75000
-1.98000,-0.70000,1.39000,2.55000,0.00000,2.16000,0.96000,77.44000,33.75000
-1.98000,-0.69000,1.43000,2.45000,0.00000,2.13000,1.00000,72.62000,40.29000
-1.98000,-0.69000,1.47000,2.24000,0.00000,2.07000,1.05000,72.62000,40.29000
-1.98000,-0.69000,1.51000,2.26000,0.00000,2.00000,1.12000,72.89000,48.17000
-1.98000,-0.69000,1.55000,2.05000,0.00000,1.90000,1.22000,72.89000,48.17000
-1.98000,-0.68000,1.59000,2.03000,0.00000,1.79000,1.34000,71.00000,58.14000
-1.98000,-0.68000,1.62000,1.87000,0.00000,2.71000,2.67000,71.00000,58.14000
-1.98000,-0.68000,1.65000,1.66000,0.02000,3.07000,3.09000,91.52000,92.37000
-1.98000,-0.68000,1.68000,1.95000,0.02000,1.42000,1.76000,91.52000,92.37000
-1.98000,-0.67000,1.73000,2.24000,0.00000,1.27000,1.85000,70.47000,92.08000
-1.98000,-0.67000,1.76000,1.85000,0.00000,1.16000,1.96000,70.47000,92.08000
-1.98000,-0.67000,1.77000,0.89000,0.00000,1.09000,2.04000,65.21000,106.13000
-1.98000,-0.67000,1.78000,0.08000,0.04000,1.06000,2.06000,65.21000,106.13000
-1.98000,-0.67000,1.76000,0.02000,0.83000,1.06000,2.06000,86.69000,118.13000
-1.98000,-0.67000,1.74000,0.04000,1.25000,1.08000,2.04000,86.69000,118.13000
-1.98000,-0.67000,1.71000,0.00000,1.66000,1.13000,2.00000,94.17000,111.26000
-1.98000,-0.66000,1.67000,0.02000,1.91000,1.20000,1.93000,94.17000,111.26000
-1.98000,-0.66000,1.64000,0.00000,1.99000,1.30000,1.83000,103.52000,103.23000
-1.98000,-0.66000,1.60000,0.00000,2.08000,1.61000,1.89000,103.52000,103.23000
-1.98000,-0.66000,1.57000,0.21000,1.95000,3.27000,3.27000,141.08000,121.84000
-1.98000,-0.65000,1.56000,1.54000,2.14000,1.87000,1.59000,141.08000,121.84000
-1.98000,-0.65000,1.56000,2.72000,2.39000,1.75000,1.39000,114.94000,99.94000
-1.98000,-0.64000,1.58000,2.93000,2.24000,1.77000,1.45000,114.94000,99.94000
-1.98000,-0.64000,1.60000,3.28000,2.22000,2.21000,1.99000,102.23000,102.84000
-1.98000,-0.63000,1.62000,3.07000,1.99000,3.18000,3.17000,102.23000,102.84000
-1.98000,-0.62000,1.63000,2.86000,2.14000,3.15000,3.16000,109.94000,122.68000
-1.98000,-0.62000,1.63000,2.82000,2.49000,2.48000,2.54000,109.94000,122.68000
-1.98000,-0.61000,1.64000,2.86000,2.84000,1.89000,2.12000,95.13000,106.59000
-1.98000,-0.61000,1.63000,2.76000,2.99000,1.84000,2.08000,95.13000,106.59000
-1.98000,-0.60000,1.62000,2.55000,2.97000,2.14000,2.35000,94.30000,100.30000
-1.98000,-0.59000,1.62000,2.37000,2.76000,2.79000,2.81000,94.30000,100.30000
-1.98000,-0.59000,1.61000,1.87000,2.47000,3.09000,3.10000,110.78000,111.23000
-1.98000,-0.58000,1.59000,2.03000,2.63000,3.28000,3.28000,110.78000,111.23000
-1.98000,-0.58000,1.59000,2.24000,2.57000,3.18000,3.17000,121.38000,116.16000
-1.98000,-0.57000,1.59000,2.70000,2.64000,2.99000,2.97000,121.38000,116.16000
-1.98000,-0.57000,1.60000,3.38000,2.95000,3.03000,3.01000,116.01000,117.01000
-1.98000,-0.56000,1.61000,3.92000,3.05000,3.23000,3.22000,116.01000,117.01000
-1.98000,-0.55000,1.64000,4.36000,3.11000,3.18000,3.19000,101.99000,115.71000
-1.98000,-0.54000,1.66000,4.40000,3.15000,1.75000,2.00000,101.99000,115.71000
-1.98000,-0.53000,1.68000,4.07000,3.07000,1.35000,1.78000,62.89000,93.76000
-1.98000,-0.53000,1.69000,3.57000,3.01000,1.28000,1.84000,62.89000,93.76000
-1.98000,-0.52000,1.69000,2.82000,2.55000,1.25000,1.88000,55.56000,89.17000
-1.98000,-0.51000,1.69000,2.07000,2.28000,1.23000,1.89000,55.56000,89.17000
-1.99000,-0.51000,1.68000,1.49000,2.10000,1.24000,1.88000,63.95000,93.40000
-1.99000,-0.51000,1.66000,1.29000,2.03000,1.27000,1.85000,63.95000,93.40000
-1.99000,-0.50000,1.66000,1.39000,1.81000,1.31000,1.81000,71.85000,93.60000
-1.99000,-0.50000,1.65000,1.39000,1.99000,1.34000,1.78000,71.85000,93.60000
-1.99000,-0.50000,1.64000,1.70000,1.72000,1.39000,1.76000,71.53000,92.07000
-1.99000,-0.49000,1.64000,1.81000,1.81000,1.39000,1.75000,71.53000,92.07000
-1.99000,-0.49000,1.64000,1.87000,1.93000,1.38000,1.76000,65.24000,93.45000
-1.99000,-0.48000,1.64000,1.64000,1.91000,1.39000,1.75000,65.24000,93.45000
-1.99000,-0.48000,1.63000,1.56000,1.83000,1.43000,1.76000,65.84000,91.65000
-1.99000,-0.48000,1.63000,1.47000,1.72000,1.51000,1.80000,65.84000,91.65000
-1.99000,-0.47000,1.62000,1.20000,1.72000,1.66000,1.92000,70.55000,96.04000
-1.99000,-0.47000,1.61000,1.29000,1.74000,2.40000,2.50000,70.55000,96.04000
-1.99000,-0.47000,1.60000,1.45000,1.93000,2.95000,2.97000,93.90000,112.63000
-1.99000,-0.46000,1.59000,1.74000,2.24000,3.21000,3.22000,93.90000,112.63000
-1.99000,-0.46000,1.59000,2.28000,2.55000,3.28000,3.28000,101.93000,117.15000
-1.99000,-0.45000,1.58000,2.45000,2.78000,3.23000,3.23000,101.93000,117.15000
-1.99000,-0.44000,1.57000,2.64000,3.15000,3.10000,3.09000,97.83000,112.40000
-1.99000,-0.44000,1.57000,2.64000,2.93000,2.63000,2.59000,97.83000,112.40000
-1.99000,-0.43000,1.57000,2.59000,2.76000,2.25000,2.04000,86.27000,96.32000
-1.99000,-0.43000,1.56000,2.39000,2.57000,2.03000,1.78000,86.27000,96.32000
-1.99000,-0.42000,1.56000,2.45000,2.57000,1.87000,1.59000,81.92000,89.56000
-1.99000,-0.42000,1.56000,1.95000,2.22000,1.80000,1.50000,81.92000,89.56000
-1.99000,-0.41000,1.54000,1.54000,2.10000,1.76000,1.42000,83.68000,86.36000
-1.99000,-0.41000,1.54000,1.41000,1.74000,1.77000,1.35000,83.68000,86.36000
-1.99000,-0.40000,1.53000,1.54000,1.81000,1.79000,1.33000,91.17000,87.41000
-1.99000,-0.40000,1.54000,1.64000,1.56000,1.81000,1.31000,91.17000,87.41000
-1.99000,-0.40000,1.54000,2.05000,1.60000,1.81000,1.31000,90.26000,87.49000
-1.99000,-0.39000,1.55000,1.95000,1.47000,1.78000,1.34000,90.26000,87.49000
-1.99000,-0.39000,1.56000,1.89000,1.45000,1.76000,1.38000,85.85000,88.19000
-1.99000,-0.39000,1.56000,1.45000,1.54000,1.76000,1.43000,85.85000,88.19000
-1.99000,-0.38000,1.56000,1.02000,1.22000,1.76000,1.41000,92.13000,87.25000
-1.99000,-0.38000,1.55000,1.29000,1.39000,1.76000,1.38000,92.13000,87.25000
-1.99000,-0.38000,1.55000,1.18000,1.31000,1.76000,1.37000,96.50000,88.06000
-1.99000,-0.37000,1.56000,1.43000,1.18000,1.77000,1.36000,96.50000,88.06000
-1.99000,-0.37000,1.56000,1.78000,1.29000,1.76000,1.38000,97.12000,91.18000
-1.99000,-0.37000,1.57000,1.95000,1.41000,1.78000,1.46000,97.12000,91.18000
-1.99000,-0.36000,1.59000,2.49000,1.35000,2.09000,1.85000,96.27000,96.00000
-1.99000,-0.36000,1.62000,2.86000,1.72000,3.17000,3.16000,96.27000,96.00000
-1.99000,-0.35000,1.64000,3.20000,1.93000,3.14000,3.14000,99.13000,113.39000
-1.99000,-0.35000,1.66000,3.57000,2.30000,1.63000,1.90000,99.13000,113.39000
-1.99000,-0.34000,1.68000,3.67000,2.62000,1.34000,1.79000,63.21000,92.81000
-1.99000,-0.33000,1.69000,3.18000,2.70000,1.27000,1.85000,63.21000,92.81000
-1.99000,-0.33000,1.69000,2.49000,2.57000,1.24000,1.89000,54.28000,85.29000
-1.99000,-0.32000,1.68000,1.72000,2.10000,1.24000,1.89000,54.28000,85.29000
-1.99000,-0.32000,1.67000,1.43000,1.89000,1.26000,1.87000,64.71000,89.19000
-1.99000,-0.31000,1.66000,1.16000,1.85000,1.28000,1.84000,64.71000,89.19000
-1.99000,-0.31000,1.65000,1.25000,1.76000,1.32000,1.81000,71.22000,90.62000
-1.99000,-0.31000,1.65000,1.58000,1.66000,1.35000,1.78000,71.22000,90.62000
-1.99000,-0.30000,1.64000,1.45000,1.78000,1.35000,1.77000,66.46000,92.69000
-1.99000,-0.30000,1.64000,1.60000,1.70000,1.38000,1.76000,66.46000,92.69000
-1.99000,-0.30000,1.64000,1.58000,1.91000,1.38000,1.76000,65.25000,92.48000
-1.99000,-0.29000,1.63000,1.54000,1.68000,1.43000,1.76000,65.25000,92.48000
-1.99000,-0.29000,1.63000,1.64000,1.91000,1.46000,1.77000,66.00000,93.38000
-1.99000,-0.29000,1.62000,1.49000,1.93000,1.56000,1.85000,66.00000,93.38000
-1.99000,-0.28000,1.61000,1.66000,1.95000,2.00000,2.22000,74.34000,96.94000
-1.99000,-0.28000,1.61000,1.66000,1.99000,2.50000,2.54000,74.34000,96.94000
-1.99000,-0.27000,1.60000,1.83000,2.12000,2.88000,2.90000,88.03000,107.88000
-1.99000,-0.27000,1.60000,2.07000,2.14000,3.08000,3.09000,88.03000,107.88000
-1.99000,-0.26000,1.60000,2.51000,2.53000,3.11000,3.12000,92.63000,114.51000
-2.00000,-0.26000,1.60000,2.72000,2.93000,3.12000,3.12000,92.63000,114.51000
-2.00000,-0.25000,1.59000,2.68000,3.13000,3.20000,3.21000,90.51000,109.83000
-2.00000,-0.24000,1.58000,2.47000,3.09000,3.28000,3.28000,90.51000,109.83000
-2.00000,-0.24000,1.57000,2.34000,3.05000,3.13000,3.12000,96.13000,107.80000
-2.00000,-0.23000,1.55000,2.34000,3.07000,2.48000,2.37000,96.13000,107.80000
-2.00000,-0.22000,1.54000,2.49000,3.03000,1.79000,1.49000,81.89000,83.79000
-2.00000,-0.22000,1.54000,2.24000,2.45000,1.76000,1.37000,81.89000,83.79000
-1.99000,-0.22000,1.54000,2.03000,2.05000,1.77000,1.35000,79.83000,81.58000
-1.99000,-0.21000,1.54000,1.76000,1.83000,1.78000,1.35000,79.83000,81.58000
-1.99000,-0.21000,1.54000,1.43000,1.52000,1.79000,1.34000,84.36000,84.13000
-1.99000,-0.20000,1.54000,1.54000,1.39000,1.79000,1.33000,84.36000,84.13000
-1.99000,-0.20000,1.54000,1.66000,1.54000,1.79000,1.34000,87.96000,87.71000
-1.99000,-0.20000,1.54000,1.68000,1.56000,1.78000,1.34000,87.96000,87.71000
-1.99000,-0.19000,1.55000,1.95000,1.66000,1.78000,1.35000,87.17000,85.03000
-1.99000,-0.19000,1.55000,1.76000,1.56000,1.77000,1.36000,87.17000,85.03000
-1.99000,-0.19000,1.56000,1.76000,1.54000,1.76000,1.37000,86.21000,84.19000
-1.99000,-0.18000,1.56000,1.56000,1.49000,1.75000,1.39000,86.21000,84.19000
-1.99000,-0.18000,1.56000,1.33000,1.27000,1.75000,1.39000,89.21000,84.32000
-1.99000,-0.18000,1.56000,1.29000,1.27000,1.75000,1.40000,89.21000,84.32000
-1.99000,-0.17000,1.56000,0.98000,1.20000,1.75000,1.39000,94.44000,87.14000
-1.99000,-0.17000,1.56000,1.18000,1.06000,1.76000,1.37000,94.44000,87.14000
-1.99000,-0.17000,1.56000,1.33000,1.27000,1.76000,1.37000,98.88000,90.74000
-1.99000,-0.17000,1.56000,1.45000,1.41000,1.76000,1.38000,98.88000,90.74000
-1.99000,-0.16000,1.57000,1.93000,1.27000,1.76000,1.38000,98.28000,87.35000
-1.99000,-0.16000,1.59000,2.51000,1.54000,1.80000,1.50000,98.28000,87.35000
-1.99000,-0.15000,1.61000,2.91000,1.60000,2.68000,2.65000,98.11000,104.38000
-1.99000,-0.15000,1.64000,3.28000,1.89000,3.28000,3.28000,98.11000,104.38000
-1.99000,-0.14000,1.66000,3.47000,2.24000,2.10000,2.31000,78.85000,100.64000
-2.00000,-0.13000,1.67000,2.93000,2.41000,1.37000,1.76000,78.85000,100.64000
-2.00000,-0.13000,1.67000,2.24000,2.43000,1.32000,1.80000,65.44000,87.77000
-2.00000,-0.12000,1.66000,2.14000,2.47000,1.33000,1.80000,65.44000,87.77000
-2.00000,-0.12000,1.65000,1.76000,2.06000,1.34000,1.79000,67.87000,82.97000
-2.00000,-0.12000,1.65000,1.66000,1.81000,1.35000,1.78000,67.87000,82.97000
-2.00000,-0.11000,1.65000,1.58000,1.51000,1.35000,1.77000,70.47000,88.63000
-2.00000,-0.11000,1.65000,1.49000,1.49000,1.34000,1.78000,70.47000,88.63000
-2.00000,-0.11000,1.66000,1.68000,1.45000,1.34000,1.79000,70.86000,93.33000
-2.00000,-0.10000,1.65000,1.54000,1.78000,1.32000,1.81000,70.86000,93.33000
-2.00000,-0.10000,1.65000,1.68000,1.74000,1.32000,1.80000,69.08000,90.93000
-2.00000,-0.09000,1.65000,1.58000,1.85000,1.32000,1.81000,69.08000,90.93000
-2.00000,-0.09000,1.64000,1.62000,1.76000,1.33000,1.80000,67.24000,90.04000
-2.00000,-0.09000,1.64000,1.62000,1.81000,1.33000,1.80000,67.24000,90.04000
-2.00000,-0.08000,1.64000,1.58000,1.78000,1.33000,1.80000,65.15000,90.34000
-2.00000,-0.08000,1.63000,1.58000,1.81000,1.33000,1.79000,65.15000,90.34000
-2.00000,-0.08000,1.62000,1.25000,1.87000,1.34000,1.79000,64.16000,90.16000
-2.00000,-0.07000,1.61000,1.27000,1.81000,1.37000,1.76000,64.16000,90.16000
-2.00000,-0.07000,1.60000,1.14000,1.68000,1.43000,1.76000,68.72000,89.63000
-2.00000,-0.07000,1.59000,1.08000,1.68000,1.61000,1.89000,68.72000,89.63000
-2.00000,-0.06000,1.58000,1.20000,1.76000,2.30000,2.45000,85.59000,101.54000
-2.00000,-0.06000,1.58000,1.66000,1.81000,2.95000,2.96000,85.59000,101.54000
-2.00000,-0.05000,1.57000,1.85000,2.22000,3.01000,3.03000,94.90000,112.96000
-2.00000,-0.05000,1.57000,2.16000,2.45000,3.18000,3.19000,94.90000,112.96000
-2.00000,-0.04000,1.56000,2.16000,2.74000,3.25000,3.25000,99.12000,114.06000
-2.00000,-0.04000,1.54000,2.41000,3.20000,3.25000,3.24000,99.12000,114.06000
-2.00000,-0.03000,1.53000,2.47000,3.24000,2.74000,2.71000,94.26000,99.51000
-2.00000,-0.02000,1.52000,2.55000,3.20000,1.79000,1.48000,94.26000,99.51000
-2.00000,-0.02000,1.51000,2.51000,2.86000,1.80000,1.33000,79.92000,75.88000
-2.00000,-0.01000,1.51000,2.37000,2.43000,0.44000,-0.56000,79.92000,75.88000
-2.00000,-0.01000,1.51000,1.87000,1.99000,0.43000,-0.59000,57.73000,47.40000
-2.00000,-0.01000,1.51000,1.29000,0.98000,0.42000,-0.61000,57.73000,47.40000
-2.00000,-0.01000,1.51000,0.31000,0.17000,0.40000,-0.64000,61.79000,50.37000
-2.00000,-0.01000,1.51000,0.02000,0.00000,0.39000,-0.65000,61.79000,50.37000
-2.00000,-0.01000,1.51000,0.00000,0.00000,0.39000,-0.65000,75.32000,55.19000
-2.00000,-0.01000,1.52000,0.06000,0.00000,0.39000,-0.65000,75.32000,55.19000
-2.00000,-0.01000,1.52000,0.00000,0.00000,0.39000,-0.65000,76.88000,51.27000
-2.00000,-0.01000,1.52000,0.00000,0.00000,0.39000,-0.65000,76.88000,51.27000
-2.00000,-0.01000,1.52000,0.02000,0.00000,0.39000,-0.65000,79.76000,47.37000
-2.00000,-0.01000,1.52000,0.00000,0.00000,0.39000,-0.65000,79.76000,47.37000
-2.00000,-0.01000,1.52000,0.00000,0.00000,0.39000,-0.65000,82.07000,43.46000
-2.00000,-0.01000,1.52000,0.00000,0.00000,0.39000,-0.65000,82.07000,43.46000
-2.00000,-0.01000,1.52000,0.12000,0.00000,0.39000,-0.65000,84.39000,39.56000
-2.00000,-0.00000,1.53000,0.35000,0.00000,0.38000,-0.66000,84.39000,39.56000
-2.00000,-0.00000,1.54000,0.73000,0.00000,0.37000,-0.67000,81.14000,35.37000
-2.00000,-0.00000,1.56000,1.20000,0.00000,0.33000,-0.70000,81.14000,35.37000
-2.00000,-0.00000,1.59000,1.41000,0.00000,0.26000,-0.78000,66.82000,29.73000
-2.00000,0.00000,1.61000,1.10000,0.00000,0.14000,-0.89000,66.82000,29.73000
-2.00000,0.00000,1.62000,0.64000,0.00000,0.02000,-1.00000,59.13000,21.67000
-2.00000,0.00000,1.62000,0.42000,0.00000,-0.06000,-1.08000,59.13000,21.67000
-2.00000,0.00000,1.63000,0.17000,0.00000,-0.12000,-1.14000,60.85000,13.67000
-2.00000,0.00000,1.63000,0.00000,0.00000,-0.14000,-1.16000,60.85000,13.67000
-2.00000,0.00000,1.63000,0.00000,0.00000,-0.14000,-1.16000,63.54000,6.54000
-2.00000,0.00000,1.63000,0.00000,0.00000,-0.14000,-1.16000,63.54000,6.54000
-2.00000,0.00000,1.63000,0.17000,0.00000,-0.14000,-1.16000,62.70000,-0.40000
-2.00000,0.00000,1.63000,0.00000,0.00000,-0.16000,-1.18000,62.70000,-0.40000
-2.00000,0.00000,1.63000,0.04000,0.00000,-0.16000,-1.18000,61.52000,-7.67000
-2.00000,0.00000,1.63000,0.12000,0.00000,-0.17000,-1.18000,61.52000,-7.67000
-2.00000,0.00000,1.63000,0.00000,0.00000,-0.19000,-1.20000,58.33000,-15.07000
-2.00000,0.00000,1.63000,0.00000,0.00000,-0.19000,-1.20000,58.33000,-15.07000
-2.00000,0.00000,1.63000,0.00000,0.00000,-0.19000,-1.20000,58.33000,-22.27000
-2.00000,0.00000,1.63000,0.00000,0.00000,-0.19000,-1.20000,58.33000,-22.27000
-2.00000,0.00000,1.63000,0.00000,0.00000,-0.19000,-1.20000,57.22000,-29.48000
-2.00000,0.00000,1.63000,0.00000,0.00000,-0.19000,-1.20000,57.22000,-29.48000
-2.00000,0.00000,1.63000,0.00000,0.00000,-0.19000,-1.20000,56.10000,-36.68000
-2.00000,0.00000,1.63000,0.00000,0.00000,-0.19000,-1.20000,56.10000,-36.68000
-2.00000,0.00000,1.63000,0.00000,0.00000,-0.19000,-1.20000,54.99000,-43.88000
-2.00000,0.00000,1.63000,0.00000,0.00000,-0.19000,-1.20000,54.99000,-43.88000
-2.00000,0.00000,1.63000,0.00000,0.00000,-0.19000,-1.20000,53.87000,-51.08000
-2.00000,0.00000,1.63000,0.00000,0.00000,-0.19000,-1.20000,53.87000,-51.08000
-2.00000,0.00000,1.63000,0.00000,0.00000,-0.19000,-1.20000,52.75000,-58.29000
-2.00000,0.00000,1.63000,0.00000,-0.02000,-0.19000,-1.20000,52.75000,-58.29000
-2.00000,0.00000,1.63000,0.00000,0.00000,-0.19000,-1.20000,51.61000,-65.20000
-2.00000,0.00000,1.63000,0.00000,0.00000,-0.19000,-1.20000,51.61000,-65.20000
-2.00000,0.00000,1.63000,0.00000,0.00000,-0.19000,-1.20000,50.48000,-72.61000
-2.00000,0.00000,1.63000,0.00000,0.00000,-0.19000,-1.20000,50.48000,-72.61000
-2.00000,0.00000,1.63000,0.00000,0.00000,-0.19000,-1.20000,49.35000,-79.82000
-2.00000,0.00000,1.63000,0.00000,0.00000,-0.19000,-1.20000,49.35000,-79.82000
-2.00000,0.00000,1.63000,0.00000,0.00000,-0.19000,-1.20000,48.23000,-87.03000
-2.00000,0.00000,1.63000,0.00000,-0.02000,-0.19000,-1.20000,48.23000,-87.03000
-2.00000,0.00000,1.63000,0.00000,0.00000,-0.19000,-1.20000,47.07000,-93.96000
-2.00000,0.00000,1.63000,0.00000,0.00000,-0.19000,-1.20000,47.07000,-93.96000
-2.00000,0.00000,1.63000,0.00000,0.00000,-0.19000,-1.20000,45.93000,-101.37000
-2.00000,0.00000,1.63000,-0.02000,-0.02000,-0.19000,-1.20000,45.93000,-101.37000
-2.00000,0.00000,1.65000,0.00000,-0.66000,-0.19000,-1.20000,45.12000,-108.27000
-2.00000,-0.00000,1.67000,0.00000,-1.49000,-0.25000,-1.26000,45.12000,-108.27000
-2.00000,-0.00000,1.71000,0.00000,-2.05000,-0.38000,-1.41000,40.99000,-96.39000
-2.00000,-0.01000,1.75000,0.00000,-2.20000,-0.53000,-1.60000,40.99000,-96.39000
-2.00000,-0.01000,1.79000,0.00000,-2.01000,-0.66000,-1.76000,34.43000,-90.59000
-2.00000,-0.01000,1.82000,0.00000,-2.01000,-0.75000,-1.88000,34.43000,-90.59000
-2.00000,-0.01000,1.86000,0.00000,-1.97000,-0.81000,-1.97000,28.19000,-93.87000
-2.00000,-0.01000,1.90000,0.00000,-2.10000,-0.85000,-2.04000,28.19000,-93.87000
-2.00000,-0.02000,1.93000,0.00000,-2.12000,-0.88000,-2.09000,22.30000,-94.17000
-1.99000,-0.02000,1.98000,0.00000,-2.37000,-0.90000,-2.13000,22.30000,-94.17000
-1.99000,-0.02000,2.02000,0.00000,-2.37000,-0.90000,-2.16000,16.70000,-91.16000
-1.99000,-0.02000,2.06000,0.00000,-2.37000,-0.91000,-2.18000,16.70000,-91.16000
-1.99000,-0.03000,2.11000,0.00000,-2.41000,-0.90000,-2.20000,11.25000,-90.48000
-1.99000,-0.03000,2.15000,0.00000,-2.43000,-0.91000,-2.21000,11.25000,-90.48000
-1.99000,-0.03000,2.20000,0.00000,-2.47000,-0.91000,-2.21000,5.79000,-88.74000
-1.99000,-0.03000,2.24000,0.00000,-2.45000,-0.91000,-2.21000,5.79000,-88.74000
-1.98000,-0.04000,2.28000,0.00000,-2.45000,-0.91000,-2.21000,0.31000,-87.16000
-1.98000,-0.04000,2.32000,0.00000,-2.24000,-0.91000,-2.21000,0.31000,-87.16000
-1.98000,-0.04000,2.36000,0.00000,-2.20000,-0.91000,-2.21000,-5.18000,-88.87000
-1.98000,-0.04000,2.40000,0.00000,-2.14000,-0.91000,-2.21000,-5.18000,-88.87000
-1.98000,-0.04000,2.44000,0.00000,-2.14000,-0.92000,-2.20000,-10.79000,-90.12000
-1.98000,-0.04000,2.48000,0.00000,-2.10000,-0.93000,-2.19000,-10.79000,-90.12000
-1.97000,-0.05000,2.52000,0.00000,-2.24000,-0.94000,-2.18000,-16.63000,-90.84000
-1.97000,-0.05000,2.56000,0.00000,-2.20000,-0.96000,-2.17000,-16.63000,-90.84000
-1.97000,-0.05000,2.60000,0.00000,-2.22000,-0.97000,-2.15000,-22.72000,-89.33000
-1.97000,-0.05000,2.64000,0.00000,-2.16000,-0.99000,-2.14000,-22.72000,-89.33000
-1.97000,-0.05000,2.68000,0.00000,-2.08000,-1.00000,-2.12000,-29.06000,-89.21000
-1.96000,-0.05000,2.71000,0.00000,-2.05000,-1.02000,-2.11000,-29.06000,-89.21000
-1.96000,-0.05000,2.75000,-0.02000,-2.01000,-2.59000,-2.67000,-58.83000,-98.76000
-1.96000,-0.05000,2.79000,0.00000,-2.12000,-3.06000,-3.02000,-58.83000,-98.76000
-1.96000,-0.05000,2.83000,-0.02000,-2.20000,-2.11000,-1.02000,-67.12000,-76.81000
-1.95000,-0.05000,2.86000,-0.02000,-1.95000,-2.12000,-1.01000,-67.12000,-76.81000
-1.95000,-0.06000,2.88000,-0.15000,-1.25000,-2.14000,-0.99000,-79.89000,-72.25000
-1.95000,-0.06000,2.90000,-0.02000,-0.91000,-2.14000,-0.98000,-79.89000,-72.25000
-1.95000,-0.06000,2.91000,-0.04000,-0.50000,-2.15000,-0.97000,-92.81000,-81.78000
-1.95000,-0.06000,2.90000,-0.46000,-0.27000,-2.16000,-0.97000,-92.81000,-81.78000
-1.95000,-0.06000,2.89000,-0.77000,0.00000,-2.15000,-0.97000,-99.10000,-91.75000
-1.95000,-0.06000,2.87000,-1.12000,-0.23000,-2.15000,-0.98000,-99.10000,-91.75000
-1.95000,-0.06000,2.86000,-1.35000,-0.54000,-2.14000,-0.98000,-99.15000,-96.77000
-1.94000,-0.06000,2.85000,-1.29000,-0.95000,-2.14000,-0.99000,-99.15000,-96.77000
-1.94000,-0.06000,2.85000,-1.47000,-1.51000,-2.14000,-0.99000,-102.69000,-90.51000
-1.94000,-0.06000,2.86000,-1.43000,-1.66000,-2.14000,-0.99000,-102.69000,-90.51000
-1.93000,-0.06000,2.86000,-1.41000,-1.64000,-2.14000,-0.99000,-105.68000,-80.08000
-1.93000,-0.06000,2.86000,-1.72000,-1.54000,-2.14000,-0.98000,-105.68000,-80.08000
-1.93000,-0.06000,2.85000,-1.74000,-1.18000,-2.14000,-0.98000,-105.62000,-77.85000
-1.92000,-0.06000,2.83000,-1.95000,-1.06000,-2.14000,-0.99000,-105.62000,-77.85000
-1.92000,-0.06000,2.82000,-1.81000,-0.89000,-2.13000,-0.99000,-104.59000,-81.81000
-1.92000,-0.07000,2.80000,-1.78000,-0.66000,-2.13000,-1.00000,-104.59000,-81.81000
-1.92000,-0.07000,2.78000,-1.70000,-0.75000,-2.12000,-1.00000,-107.99000,-87.52000
-1.91000,-0.07000,2.77000,-1.62000,-1.10000,-2.12000,-1.01000,-107.99000,-87.52000
-1.91000,-0.07000,2.76000,-1.81000,-1.35000,-2.11000,-1.01000,-112.36000,-83.14000
-1.91000,-0.07000,2.75000,-1.93000,-1.25000,-2.11000,-1.01000,-112.36000,-83.14000
-1.90000,-0.07000,2.73000,-2.39000,-1.35000,-2.11000,-1.02000,-110.56000,-80.54000
-1.90000,-0.07000,2.70000,-2.76000,-1.33000,-2.12000,-1.10000,-110.56000,-80.54000
-1.89000,-0.08000,2.67000,-3.07000,-1.18000,-2.98000,-2.94000,-112.28000,-106.69000
-1.89000,-0.08000,2.65000,-3.07000,-1.74000,-2.87000,-2.92000,-112.28000,-106.69000
-1.88000,-0.08000,2.63000,-3.09000,-2.24000,-1.07000,-2.11000,-80.28000,-97.74000
-1.88000,-0.08000,2.62000,-2.72000,-2.36000,-1.02000,-2.11000,-80.28000,-97.74000
-1.88000,-0.09000,2.63000,-2.12000,-2.37000,-1.01000,-2.11000,-72.71000,-90.60000
-1.87000,-0.09000,2.63000,-1.74000,-2.14000,-1.01000,-2.11000,-72.71000,-90.60000
-1.87000,-0.09000,2.64000,-1.64000,-2.18000,-1.01000,-2.11000,-77.12000,-92.48000
-1.86000,-0.09000,2.65000,-1.54000,-1.81000,-1.02000,-2.11000,-77.12000,-92.48000
-1.86000,-0.09000,2.65000,-1.51000,-1.74000,-1.02000,-2.11000,-75.91000,-97.25000
-1.86000,-0.10000,2.66000,-1.58000,-1.91000,-1.02000,-2.11000,-75.91000,-97.25000
-1.85000,-0.10000,2.67000,-1.35000,-1.83000,-1.02000,-2.11000,-72.21000,-97.50000
-1.85000,-0.10000,2.68000,-1.37000,-1.95000,-1.02000,-2.11000,-72.21000,-97.50000
-1.85000,-0.10000,2.69000,-1.10000,-1.97000,-1.06000,-2.11000,-72.55000,-98.09000
-1.85000,-0.10000,2.71000,-1.04000,-1.97000,-1.64000,-2.25000,-72.55000,-98.09000
-1.84000,-0.10000,2.73000,-1.04000,-1.93000,-2.96000,-3.00000,-104.17000,-112.12000
-1.84000,-0.11000,2.74000,-1.74000,-2.28000,-3.27000,-3.29000,-104.17000,-112.12000
-1.83000,-0.11000,2.74000,-2.32000,-2.68000,-3.19000,-3.16000,-108.64000,-116.06000
-1.83000,-0.11000,2.75000,-2.66000,-2.82000,-2.94000,-2.89000,-108.64000,-116.06000
-1.82000,-0.11000,2.75000,-2.82000,-3.07000,-2.56000,-2.45000,-94.13000,-102.51000
-1.82000,-0.11000,2.75000,-2.70000,-2.90000,-2.16000,-1.33000,-94.13000,-102.51000
-1.81000,-0.12000,2.76000,-2.43000,-2.76000,-2.11000,-1.01000,-86.28000,-77.48000
-1.81000,-0.12000,2.77000,-1.93000,-2.16000,-2.12000,-1.01000,-86.28000,-77.48000
-1.80000,-0.12000,2.77000,-1.25000,-1.62000,-2.12000,-1.01000,-94.38000,-77.24000
-1.80000,-0.12000,2.77000,-1.08000,-1.04000,-2.12000,-1.00000,-94.38000,-77.24000
-1.80000,-0.12000,2.76000,-1.16000,-0.75000,-2.12000,-1.00000,-108.33000,-87.07000
-1.80000,-0.12000,2.76000,-0.95000,-0.87000,-2.12000,-1.01000,-108.33000,-87.07000
-1.79000,-0.12000,2.76000,-0.87000,-0.87000,-2.12000,-1.01000,-116.43000,-89.40000
-1.79000,-0.12000,2.75000,-1.20000,-0.79000,-2.12000,-1.01000,-116.43000,-89.40000
-1.79000,-0.12000,2.74000,-1.64000,-0.93000,-2.12000,-1.01000,-119.66000,-91.49000
-1.79000,-0.13000,2.73000,-1.68000,-1.10000,-2.11000,-1.01000,-119.66000,-91.49000
-1.78000,-0.13000,2.71000,-1.97000,-0.81000,-2.11000,-1.01000,-117.83000,-88.23000
-1.78000,-0.13000,2.67000,-2.10000,-0.10000,-2.11000,-1.04000,-117.83000,-88.23000
-1.78000,-0.13000,2.63000,-2.68000,0.00000,-3.17000,-3.14000,-130.16000,-134.61000
-1.78000,-0.13000,2.58000,-3.17000,-0.73000,-1.15000,-2.12000,-130.16000,-134.61000
-1.77000,-0.13000,2.55000,-3.36000,-1.68000,-1.01000,-2.12000,-87.99000,-128.11000
-1.77000,-0.14000,2.54000,-2.74000,-2.18000,-0.99000,-2.13000,-87.99000,-128.11000
-1.76000,-0.14000,2.56000,-1.87000,-2.66000,-0.99000,-2.14000,-81.26000,-114.95000
-1.76000,-0.14000,2.58000,-1.51000,-2.68000,-0.99000,-2.13000,-81.26000,-114.95000
-1.75000,-0.15000,2.60000,-1.31000,-2.72000,-1.00000,-2.12000,-89.31000,-107.03000
-1.75000,-0.15000,2.63000,-1.04000,-2.55000,-1.01000,-2.11000,-89.31000,-107.03000
-1.75000,-0.15000,2.65000,-0.98000,-2.26000,-1.03000,-2.11000,-93.77000,-105.30000
-1.74000,-0.15000,2.67000,-1.39000,-2.28000,-2.07000,-2.40000,-93.77000,-105.30000
-1.74000,-0.15000,2.68000,-1.49000,-2.20000,-3.12000,-3.15000,-119.82000,-122.38000
-1.74000,-0.16000,2.69000,-1.78000,-2.36000,-3.29000,-3.27000,-119.82000,-122.38000
-1.73000,-0.16000,2.70000,-2.39000,-2.70000,-3.12000,-3.08000,-124.25000,-125.34000
-1.73000,-0.16000,2.70000,-2.84000,-2.97000,-2.88000,-2.83000,-124.25000,-125.34000
-1.72000,-0.16000,2.70000,-3.40000,-3.30000,-2.72000,-2.64000,-110.37000,-114.01000
-1.71000,-0.17000,2.69000,-3.71000,-3.38000,-2.78000,-2.71000,-110.37000,-114.01000
-1.70000,-0.17000,2.68000,-3.69000,-3.20000,-3.02000,-2.98000,-101.13000,-110.92000
-1.70000,-0.17000,2.67000,-3.59000,-3.07000,-3.24000,-3.21000,-101.13000,-110.92000
-1.69000,-0.18000,2.67000,-3.28000,-2.84000,-3.26000,-3.29000,-102.44000,-117.77000
-1.69000,-0.18000,2.66000,-3.17000,-2.70000,-3.14000,-3.17000,-102.44000,-117.77000
-1.68000,-0.18000,2.65000,-3.13000,-2.51000,-2.75000,-2.81000,-98.99000,-117.51000
-1.67000,-0.19000,2.64000,-2.92000,-2.53000,-1.52000,-2.21000,-98.99000,-117.51000
-1.67000,-0.19000,2.64000,-2.70000,-2.59000,-1.10000,-2.12000,-75.48000,-110.27000
-1.66000,-0.19000,2.64000,-2.30000,-2.51000,-1.05000,-2.11000,-75.48000,-110.27000
-1.66000,-0.19000,2.65000,-1.93000,-2.26000,-1.07000,-2.11000,-73.38000,-108.00000
-1.66000,-0.20000,2.65000,-1.58000,-1.91000,-1.16000,-2.13000,-73.38000,-108.00000
-1.65000,-0.20000,2.66000,-1.54000,-1.72000,-1.39000,-2.18000,-81.66000,-115.62000
-1.65000,-0.20000,2.66000,-1.43000,-1.54000,-1.57000,-2.23000,-81.66000,-115.62000
-1.65000,-0.20000,2.66000,-1.58000,-1.60000,-1.65000,-2.25000,-86.67000,-123.93000
-1.64000,-0.20000,2.66000,-1.62000,-1.60000,-1.59000,-2.23000,-86.67000,-123.93000
-1.64000,-0.20000,2.66000,-1.62000,-1.83000,-1.45000,-2.19000,-82.20000,-126.43000
-1.64000,-0.21000,2.67000,-1.62000,-2.22000,-1.67000,-2.25000,-82.20000,-126.43000
-1.63000,-0.21000,2.70000,-1.16000,-2.43000,-2.67000,-2.74000,-99.40000,-128.83000
-1.63000,-0.21000,2.72000,-1.43000,-2.78000,-3.29000,-3.27000,-99.40000,-128.83000
-1.62000,-0.21000,2.74000,-1.51000,-2.82000,-2.44000,-2.18000,-105.09000,-115.16000
-1.62000,-0.21000,2.76000,-1.51000,-2.59000,-2.11000,-1.02000,-105.09000,-115.16000
-1.62000,-0.22000,2.78000,-1.78000,-2.57000,-2.11000,-1.01000,-104.98000,-96.84000
-1.61000,-0.22000,2.79000,-1.66000,-2.16000,-2.12000,-1.01000,-104.98000,-96.84000
-1.61000,-0.22000,2.78000,-1.70000,-1.45000,-2.13000,-1.00000,-106.60000,-93.67000
-1.61000,-0.22000,2.76000,-1.47000,-0.35000,-2.13000,-1.00000,-106.60000,-93.67000
-1.61000,-0.22000,2.74000,-1.33000,0.00000,-2.12000,-1.00000,-112.12000,-113.89000
-1.60000,-0.22000,2.71000,-1.49000,0.00000,-2.11000,-1.01000,-112.12000,-113.89000
-1.60000,-0.22000,2.68000,-1.83000,0.00000,-2.11000,-1.03000,-115.44000,-123.44000
-1.60000,-0.22000,2.64000,-2.32000,-0.02000,-2.87000,-2.82000,-115.44000,-123.44000
-1.60000,-0.22000,2.59000,-2.74000,0.00000,-2.54000,-2.63000,-113.20000,-153.31000
-1.59000,-0.23000,2.54000,-2.84000,-0.44000,-1.01000,-2.11000,-113.20000,-153.31000
-1.59000,-0.23000,2.53000,-2.68000,-1.72000,-0.99000,-2.13000,-83.49000,-155.29000
-1.59000,-0.23000,2.54000,-2.03000,-2.59000,-0.98000,-2.15000,-83.49000,-155.29000
-1.58000,-0.23000,2.57000,-1.41000,-3.28000,-0.97000,-2.15000,-84.20000,-133.45000
-1.58000,-0.24000,2.61000,-1.37000,-3.38000,-0.97000,-2.16000,-84.20000,-133.45000
-1.57000,-0.24000,2.64000,-1.37000,-3.38000,-0.99000,-2.14000,-88.01000,-118.78000
-1.57000,-0.24000,2.68000,-1.20000,-3.05000,-1.00000,-2.13000,-88.01000,-118.78000
-1.56000,-0.24000,2.70000,-1.31000,-2.72000,-1.01000,-2.11000,-88.58000,-115.87000
-1.56000,-0.25000,2.72000,-1.51000,-2.76000,-1.03000,-2.11000,-88.58000,-115.87000
-1.56000,-0.25000,2.75000,-1.29000,-2.61000,-1.89000,-2.33000,-95.97000,-117.86000
-1.55000,-0.25000,2.77000,-1.29000,-2.51000,-3.24000,-3.27000,-95.97000,-117.86000
-1.55000,-0.25000,2.78000,-1.62000,-2.39000,-2.91000,-2.86000,-116.89000,-126.92000
-1.54000,-0.25000,2.79000,-2.07000,-2.63000,-2.21000,-1.51000,-116.89000,-126.92000
-1.54000,-0.26000,2.80000,-2.78000,-2.93000,-2.11000,-1.07000,-102.84000,-100.30000
-1.53000,-0.26000,2.79000,-3.15000,-2.82000,-2.11000,-1.04000,-102.84000,-100.30000
-1.52000,-0.26000,2.78000,-3.28000,-2.74000,-2.11000,-1.09000,-86.90000,-88.37000
-1.52000,-0.26000,2.77000,-2.95000,-2.51000,-2.20000,-1.46000,-86.90000,-88.37000
-1.51000,-0.26000,2.76000,-2.61000,-2.14000,-2.46000,-2.23000,-89.00000,-99.80000
-1.51000,-0.27000,2.75000,-2.41000,-1.83000,-2.93000,-2.88000,-89.00000,-99.80000
-1.50000,-0.27000,2.74000,-2.30000,-1.64000,-3.24000,-3.21000,-105.80000,-123.05000
-1.50000,-0.27000,2.73000,-2.47000,-2.07000,-3.24000,-3.26000,-105.80000,-123.05000
-1.49000,-0.27000,2.73000,-2.86000,-2.61000,-3.08000,-3.12000,-107.55000,-126.24000
-1.49000,-0.27000,2.73000,-3.05000,-2.84000,-2.89000,-2.94000,-107.55000,-126.24000
-1.48000,-0.28000,2.72000,-3.05000,-2.97000,-2.63000,-2.70000,-95.68000,-114.78000
-1.48000,-0.28000,2.72000,-3.03000,-2.80000,-2.45000,-2.56000,-95.68000,-114.78000
-1.47000,-0.28000,2.71000,-2.93000,-2.39000,-1.88000,-2.32000,-82.21000,-108.86000
-1.47000,-0.28000,2.70000,-2.63000,-2.26000,-1.14000,-2.12000,-82.21000,-108.86000
-1.46000,-0.29000,2.70000,-2.14000,-1.66000,-1.04000,-2.11000,-68.60000,-110.82000
-1.46000,-0.29000,2.70000,-1.68000,-1.78000,-1.02000,-2.11000,-68.60000,-110.82000
-1.46000,-0.29000,2.71000,-1.18000,-1.91000,-1.02000,-2.11000,-73.07000,-117.05000
-1.45000,-0.29000,2.73000,-1.10000,-1.99000,-1.06000,-2.11000,-73.07000,-117.05000
-1.45000,-0.29000,2.75000,-0.93000,-2.20000,-1.94000,-2.35000,-91.67000,-119.49000
-1.45000,-0.29000,2.77000,-1.00000,-2.30000,-3.23000,-3.26000,-91.67000,-119.49000
-1.44000,-0.30000,2.79000,-1.29000,-2.32000,-2.87000,-2.82000,-112.25000,-124.03000
-1.44000,-0.30000,2.81000,-1.76000,-2.51000,-2.13000,-1.18000,-112.25000,-124.03000
-1.43000,-0.30000,2.82000,-1.95000,-2.63000,-2.11000,-1.02000,-100.47000,-97.08000
-1.43000,-0.30000,2.82000,-2.03000,-2.24000,-2.11000,-1.01000,-100.47000,-97.08000
-1.42000,-0.30000,2.82000,-1.64000,-1.33000,-2.11000,-1.01000,-98.55000,-92.03000
-1.42000,-0.30000,2.80000,-1.39000,-0.42000,-2.11000,-1.01000,-98.55000,-92.03000
-1.42000,-0.30000,2.78000,-1.02000,0.00000,-2.11000,-1.03000,-108.58000,-112.24000
-1.42000,-0.30000,2.77000,-0.66000,-0.21000,-2.20000,-1.47000,-108.58000,-112.24000
-1.42000,-0.30000,2.77000,-0.83000,-0.48000,-2.51000,-2.35000,-129.86000,-138.83000
-1.42000,-0.30000,2.75000,-1.62000,-1.04000,-2.89000,-2.83000,-129.86000,-138.83000
-1.41000,-0.31000,2.74000,-2.34000,-1.64000,-3.22000,-3.19000,-137.24000,-151.88000
-1.41000,-0.31000,2.73000,-3.24000,-2.34000,-3.24000,-3.27000,-137.24000,-151.88000
-1.40000,-0.31000,2.71000,-3.78000,-3.01000,-2.65000,-2.72000,-114.04000,-138.19000
-1.39000,-0.31000,2.71000,-3.59000,-3.22000,-1.24000,-2.14000,-114.04000,-138.19000
-1.39000,-0.32000,2.71000,-3.34000,-3.78000,-1.05000,-2.11000,-81.17000,-118.14000
-1.38000,-0.32000,2.73000,-2.66000,-3.63000,-1.11000,-2.12000,-81.17000,-118.14000
-1.37000,-0.32000,2.76000,-1.87000,-3.61000,-2.34000,-2.51000,-99.26000,-111.26000
-1.37000,-0.33000,2.79000,-1.85000,-3.22000,-3.25000,-3.22000,-99.26000,-111.26000
-1.36000,-0.33000,2.80000,-1.89000,-2.88000,-2.23000,-1.59000,-107.90000,-96.96000
-1.36000,-0.33000,2.80000,-2.34000,-2.32000,-2.11000,-1.02000,-107.90000,-96.96000
-1.35000,-0.33000,2.79000,-2.59000,-1.93000,-2.11000,-1.02000,-100.86000,-92.08000
-1.35000,-0.33000,2.78000,-2.55000,-1.68000,-2.11000,-1.05000,-100.86000,-92.08000
-1.34000,-0.33000,2.76000,-2.76000,-1.76000,-2.25000,-1.64000,-98.44000,-103.23000
-1.34000,-0.34000,2.74000,-2.86000,-1.93000,-3.05000,-3.01000,-98.44000,-103.23000
-1.33000,-0.34000,2.73000,-2.90000,-2.28000,-3.27000,-3.29000,-107.22000,-123.99000
-1.33000,-0.34000,2.73000,-2.86000,-2.59000,-3.05000,-3.09000,-107.22000,-123.99000
-1.32000,-0.34000,2.72000,-3.05000,-2.72000,-2.77000,-2.83000,-102.17000,-115.27000
-1.32000,-0.35000,2.71000,-3.01000,-2.37000,-1.98000,-2.36000,-102.17000,-115.27000
-1.31000,-0.35000,2.70000,-3.15000,-2.53000,-1.07000,-2.11000,-74.00000,-109.34000
-1.31000,-0.35000,2.70000,-2.51000,-2.45000,-1.02000,-2.11000,-74.00000,-109.34000
-1.30000,-0.35000,2.70000,-2.05000,-2.30000,-1.01000,-2.11000,-68.97000,-106.55000
-1.30000,-0.35000,2.71000,-1.66000,-2.01000,-1.01000,-2.11000,-68.97000,-106.55000
-1.29000,-0.36000,2.72000,-1.39000,-2.01000,-1.01000,-2.11000,-72.70000,-111.10000
-1.29000,-0.36000,2.73000,-1.27000,-1.91000,-1.01000,-2.11000,-72.70000,-111.10000
-1.29000,-0.36000,2.74000,-1.37000,-1.81000,-1.01000,-2.11000,-74.73000,-113.25000
-1.28000,-0.36000,2.74000,-1.47000,-1.85000,-1.01000,-2.11000,-74.73000,-113.25000
-1.28000,-0.36000,2.75000,-1.45000,-1.91000,-1.02000,-2.11000,-70.16000,-115.32000
-1.28000,-0.36000,2.75000,-1.47000,-1.58000,-1.02000,-2.11000,-70.16000,-115.32000
-1.27000,-0.36000,2.76000,-1.33000,-1.78000,-1.02000,-2.11000,-67.52000,-120.90000
-1.27000,-0.37000,2.78000,-1.10000,-2.05000,-1.05000,-2.11000,-67.52000,-120.90000
-1.27000,-0.37000,2.80000,-1.06000,-2.26000,-1.94000,-2.35000,-84.20000,-120.54000
-1.26000,-0.37000,2.82000,-1.29000,-2.37000,-3.22000,-3.25000,-84.20000,-120.54000
-1.26000,-0.37000,2.84000,-1.58000,-2.55000,-3.08000,-3.05000,-103.58000,-128.13000
-1.25000,-0.37000,2.85000,-2.01000,-2.76000,-2.23000,-1.57000,-103.58000,-128.13000
-1.25000,-0.37000,2.87000,-2.22000,-2.97000,-2.11000,-1.04000,-88.82000,-96.27000
-1.24000,-0.38000,2.88000,-1.87000,-2.64000,-2.11000,-1.02000,-88.82000,-96.27000
-1.24000,-0.38000,2.89000,-1.16000,-1.81000,-2.11000,-1.01000,-91.63000,-87.34000
-1.24000,-0.38000,2.89000,-1.18000,-0.85000,-2.12000,-1.01000,-91.63000,-87.34000
-1.24000,-0.38000,2.87000,-0.89000,-0.10000,-2.12000,-1.01000,-103.42000,-104.34000
-1.24000,-0.38000,2.86000,-0.58000,-0.02000,-2.11000,-1.01000,-103.42000,-104.34000
-1.24000,-0.38000,2.86000,-0.50000,-0.19000,-2.11000,-1.02000,-117.90000,-117.88000
-1.23000,-0.38000,2.85000,-1.04000,-0.52000,-2.11000,-1.02000,-117.90000,-117.88000
-1.23000,-0.38000,2.83000,-1.56000,-0.93000,-2.11000,-1.07000,-120.27000,-117.14000
-1.23000,-0.38000,2.82000,-1.78000,-1.18000,-2.22000,-1.53000,-120.27000,-117.14000
-1.23000,-0.38000,2.81000,-2.07000,-1.43000,-2.72000,-2.65000,-124.66000,-134.16000
-1.22000,-0.38000,2.80000,-2.47000,-1.99000,-3.18000,-3.15000,-124.66000,-134.16000
-1.21000,-0.38000,2.79000,-3.07000,-2.43000,-3.29000,-3.27000,-128.60000,-140.12000
-1.21000,-0.39000,2.78000,-3.40000,-2.90000,-3.13000,-3.16000,-128.60000,-140.12000
-1.20000,-0.39000,2.78000,-3.53000,-3.34000,-2.73000,-2.79000,-111.12000,-127.00000
-1.19000,-0.39000,2.78000,-3.18000,-3.38000,-2.42000,-2.55000,-111.12000,-127.00000
-1.19000,-0.39000,2.79000,-2.99000,-3.53000,-2.68000,-2.75000,-109.76000,-118.52000
-1.18000,-0.40000,2.80000,-2.88000,-3.42000,-3.11000,-3.14000,-109.76000,-118.52000
-1.17000,-0.40000,2.81000,-2.74000,-3.20000,-3.26000,-3.29000,-119.91000,-122.20000
-1.17000,-0.40000,2.82000,-2.78000,-3.07000,-3.24000,-3.22000,-119.91000,-122.20000
-1.16000,-0.40000,2.82000,-2.97000,-2.99000,-3.13000,-3.09000,-121.70000,-123.76000
-1.15000,-0.41000,2.81000,-3.44000,-3.17000,-3.11000,-3.07000,-121.70000,-123.76000
-1.15000,-0.41000,2.80000,-3.86000,-3.28000,-3.22000,-3.19000,-115.17000,-123.76000
-1.14000,-0.41000,2.79000,-3.96000,-3.55000,-3.26000,-3.29000,-115.17000,-123.76000
-1.13000,-0.41000,2.79000,-3.98000,-3.53000,-3.15000,-3.18000,-105.00000,-118.10000
-1.12000,-0.42000,2.78000,-3.82000,-3.32000,-2.81000,-2.87000,-105.00000,-118.10000
-1.12000,-0.42000,2.77000,-3.61000,-3.28000,-1.89000,-2.33000,-83.32000,-106.50000
-1.11000,-0.42000,2.77000,-3.07000,-2.93000,-1.28000,-2.15000,-83.32000,-106.50000
-1.10000,-0.42000,2.77000,-2.55000,-2.53000,-1.13000,-2.12000,-71.64000,-103.38000
-1.10000,-0.43000,2.77000,-2.14000,-2.20000,-1.10000,-2.12000,-71.64000,-103.38000
-1.10000,-0.43000,2.77000,-1.66000,-1.83000,-1.10000,-2.12000,-73.53000,-109.36000
-1.09000,-0.43000,2.77000,-1.47000,-1.62000,-1.15000,-2.12000,-73.53000,-109.36000
-1.09000,-0.43000,2.77000,-1.35000,-1.39000,-1.22000,-2.14000,-79.11000,-117.93000
-1.09000,-0.43000,2.77000,-1.29000,-1.12000,-1.23000,-2.14000,-79.11000,-117.93000
-1.08000,-0.43000,2.77000,-1.45000,-1.60000,-1.11000,-2.12000,-78.76000,-128.20000
-1.08000,-0.43000,2.79000,-1.37000,-2.10000,-1.16000,-2.13000,-78.76000,-128.20000
-1.08000,-0.43000,2.80000,-1.49000,-2.30000,-2.18000,-2.44000,-92.50000,-124.39000
-1.07000,-0.44000,2.82000,-1.74000,-2.59000,-3.10000,-3.13000,-92.50000,-124.39000
-1.07000,-0.44000,2.83000,-2.05000,-2.68000,-3.28000,-3.25000,-108.24000,-131.19000
-1.06000,-0.44000,2.84000,-2.43000,-2.80000,-3.03000,-2.99000,-108.24000,-131.19000
-1.06000,-0.44000,2.85000,-2.49000,-3.01000,-2.65000,-2.56000,-97.71000,-121.67000
-1.05000,-0.44000,2.86000,-2.03000,-3.05000,-2.19000,-1.46000,-97.71000,-121.67000
-1.05000,-0.44000,2.88000,-1.74000,-2.39000,-2.11000,-1.02000,-96.81000,-93.41000
-1.04000,-0.45000,2.88000,-1.29000,-1.62000,-2.11000,-1.01000,-96.81000,-93.41000
-1.04000,-0.45000,2.88000,-0.96000,-0.71000,-2.11000,-1.01000,-108.53000,-102.55000
-1.04000,-0.45000,2.87000,-0.85000,-0.27000,-2.11000,-1.01000,-108.53000,-102.55000
-1.04000,-0.45000,2.85000,-0.98000,-0.06000,-2.11000,-1.02000,-119.95000,-119.22000
-1.04000,-0.45000,2.83000,-1.16000,0.00000,-2.11000,-1.05000,-119.95000,-119.22000
-1.04000,-0.45000,2.80000,-1.49000,0.00000,-2.56000,-2.44000,-129.54000,-149.08000
-1.03000,-0.45000,2.78000,-1.99000,-0.62000,-3.25000,-3.28000,-129.54000,-149.08000
-1.03000,-0.45000,2.76000,-2.76000,-1.83000,-1.89000,-2.33000,-115.45000,-152.70000
-1.02000,-0.45000,2.75000,-3.21000,-2.72000,-1.04000,-2.11000,-115.45000,-152.70000
-1.02000,-0.46000,2.75000,-3.28000,-3.38000,-1.02000,-2.11000,-83.43000,-128.20000
-1.01000,-0.46000,2.77000,-2.66000,-3.44000,-1.02000,-2.11000,-83.43000,-128.20000
-1.00000,-0.46000,2.80000,-1.97000,-3.53000,-1.02000,-2.11000,-78.74000,-113.61000
-1.00000,-0.46000,2.83000,-1.27000,-3.34000,-2.13000,-2.42000,-78.74000,-113.61000
-0.99000,-0.46000,2.87000,-1.16000,-3.07000,-3.18000,-3.15000,-122.11000,-122.78000
-0.99000,-0.47000,2.89000,-1.91000,-2.92000,-2.11000,-1.04000,-122.11000,-122.78000
-0.98000,-0.47000,2.89000,-2.61000,-2.95000,-2.11000,-1.01000,-107.90000,-95.84000
-0.98000,-0.47000,2.89000,-2.76000,-2.55000,-2.11000,-1.01000,-107.90000,-95.84000
-0.97000,-0.47000,2.88000,-2.61000,-2.12000,-2.12000,-1.01000,-96.46000,-89.91000
-0.97000,-0.47000,2.87000,-2.39000,-1.85000,-2.12000,-1.01000,-96.46000,-89.91000
-0.96000,-0.47000,2.86000,-2.28000,-1.74000,-2.12000,-1.01000,-98.19000,-91.24000
-0.96000,-0.47000,2.85000,-2.47000,-1.81000,-2.11000,-1.01000,-98.19000,-91.24000
-0.95000,-0.47000,2.83000,-2.80000,-1.74000,-2.11000,-1.01000,-95.27000,-86.86000
-0.95000,-0.48000,2.80000,-3.11000,-1.80000,-2.11000,-1.01000,-95.27000,-86.86000
-0.94000,-0.48000,2.78000,-2.91000,-1.68000,-2.11000,-1.02000,-83.39000,-82.23000
-0.94000,-0.48000,2.75000,-2.70000,-1.16000,-2.11000,-1.05000,-83.39000,-82.23000
-0.94000,-0.48000,2.72000,-2.37000,-0.56000,-1.00000,-2.12000,-67.04000,-103.70000
-0.93000,-0.48000,2.70000,-1.78000,-0.62000,-0.99000,-2.14000,-67.04000,-103.70000
-0.93000,-0.48000,2.69000,-1.37000,-1.04000,-0.98000,-2.15000,-70.21000,-117.90000
-0.93000,-0.48000,2.70000,-1.35000,-1.76000,-0.98000,-2.15000,-70.21000,-117.90000
-0.92000,-0.49000,2.72000,-1.20000,-2.26000,-0.98000,-2.15000,-71.91000,-109.92000
-0.92000,-0.49000,2.74000,-1.31000,-2.45000,-0.99000,-2.14000,-71.91000,-109.92000
-0.92000,-0.49000,2.76000,-1.37000,-2.32000,-0.99000,-2.13000,-70.55000,-101.70000
-0.91000,-0.49000,2.77000,-1.25000,-2.10000,-1.00000,-2.12000,-70.55000,-101.70000
-0.91000,-0.49000,2.78000,-1.25000,-1.66000,-1.01000,-2.12000,-69.82000,-104.90000
-0.91000,-0.49000,2.79000,-1.24000,-1.47000,-1.01000,-2.11000,-69.82000,-104.90000
-0.90000,-0.49000,2.79000,-1.16000,-1.47000,-1.01000,-2.11000,-68.44000,-114.29000
-0.90000,-0.50000,2.80000,-1.18000,-1.70000,-1.01000,-2.11000,-68.44000,-114.29000
-0.90000,-0.50000,2.81000,-1.10000,-1.64000,-1.02000,-2.11000,-68.05000,-114.62000
-0.90000,-0.50000,2.83000,-1.12000,-1.99000,-1.02000,-2.11000,-68.05000,-114.62000
-0.89000,-0.50000,2.84000,-1.24000,-2.10000,-1.24000,-2.14000,-71.29000,-113.21000
-0.89000,-0.50000,2.85000,-1.43000,-2.12000,-2.65000,-2.72000,-71.29000,-113.21000
-0.88000,-0.50000,2.87000,-1.31000,-2.37000,-3.17000,-3.20000,-96.36000,-128.15000
-0.88000,-0.50000,2.89000,-1.83000,-2.74000,-3.17000,-3.14000,-96.36000,-128.15000
-0.87000,-0.50000,2.90000,-2.28000,-3.07000,-2.38000,-2.03000,-88.99000,-107.72000
-0.87000,-0.51000,2.92000,-2.41000,-3.09000,-2.11000,-1.08000,-88.99000,-107.72000
-0.86000,-0.51000,2.93000,-2.07000,-2.66000,-2.11000,-1.02000,-79.49000,-83.05000
-0.86000,-0.51000,2.93000,-1.62000,-1.72000,-2.11000,-1.01000,-79.49000,-83.05000
-0.86000,-0.51000,2.93000,-0.75000,-0.85000,-2.11000,-1.01000,-89.56000,-91.05000
-0.86000,-0.51000,2.93000,-0.19000,-0.29000,-2.11000,-1.01000,-89.56000,-91.05000
-0.86000,-0.51000,2.93000,0.00000,0.00000,-2.11000,-1.01000,-114.01000,-108.25000
-0.86000,-0.51000,2.93000,-0.08000,0.00000,-2.11000,-1.01000,-114.01000,-108.25000
-0.86000,-0.51000,2.92000,-0.66000,0.00000,-2.11000,-1.01000,-127.10000,-116.94000
-0.85000,-0.51000,2.89000,-1.54000,-0.02000,-2.11000,-1.02000,-127.10000,-116.94000
-0.85000,-0.51000,2.86000,-2.03000,-0.29000,-2.20000,-1.48000,-118.81000,-129.70000
-0.85000,-0.51000,2.84000,-2.28000,-1.14000,-3.29000,-3.27000,-118.81000,-129.70000
-0.84000,-0.51000,2.83000,-2.32000,-1.70000,-2.73000,-2.80000,-119.59000,-141.40000
-0.84000,-0.51000,2.82000,-2.55000,-2.30000,-1.56000,-2.22000,-119.59000,-141.40000
-0.83000,-0.52000,2.82000,-2.99000,-2.84000,-1.23000,-2.14000,-95.67000,-124.06000
-0.83000,-0.52000,2.82000,-3.09000,-2.97000,-1.12000,-2.12000,-95.67000,-124.06000
-0.82000,-0.52000,2.82000,-2.76000,-2.82000,-1.07000,-2.11000,-77.22000,-112.68000
-0.81000,-0.52000,2.83000,-2.28000,-2.59000,-1.07000,-2.11000,-77.22000,-112.68000
-0.81000,-0.52000,2.85000,-1.43000,-2.66000,-1.18000,-2.13000,-78.93000,-113.44000
-0.81000,-0.52000,2.88000,-1.27000,-2.76000,-2.95000,-2.99000,-78.93000,-113.44000
-0.80000,-0.52000,2.91000,-0.83000,-2.53000,-3.15000,-3.12000,-117.09000,-122.97000
-0.80000,-0.53000,2.92000,-1.62000,-2.55000,-2.11000,-1.07000,-117.09000,-122.97000
-0.79000,-0.53000,2.93000,-2.55000,-2.78000,-2.11000,-1.02000,-107.48000,-96.75000
-0.79000,-0.53000,2.92000,-2.76000,-2.55000,-2.11000,-1.01000,-107.48000,-96.75000
-0.78000,-0.53000,2.91000,-2.74000,-2.22000,-2.11000,-1.02000,-93.29000,-87.51000
-0.78000,-0.53000,2.91000,-2.49000,-2.03000,-2.11000,-1.02000,-93.29000,-87.51000
-0.77000,-0.53000,2.90000,-2.20000,-1.76000,-2.11000,-1.03000,-93.40000,-86.36000
-0.77000,-0.53000,2.89000,-2.24000,-1.66000,-2.12000,-1.11000,-93.40000,-86.36000
-0.76000,-0.53000,2.87000,-2.45000,-1.43000,-2.26000,-1.70000,-97.20000,-95.90000
-0.76000,-0.54000,2.85000,-2.70000,-1.72000,-3.12000,-3.09000,-97.20000,-95.90000
-0.75000,-0.54000,2.83000,-2.86000,-1.80000,-3.23000,-3.26000,-104.99000,-118.60000
-0.75000,-0.54000,2.82000,-3.07000,-2.12000,-2.29000,-2.49000,-104.99000,-118.60000
-0.74000,-0.54000,2.80000,-3.26000,-2.53000,-1.07000,-2.11000,-70.14000,-104.69000
-0.74000,-0.54000,2.80000,-2.84000,-2.66000,-1.02000,-2.11000,-70.14000,-104.69000
-0.73000,-0.54000,2.80000,-2.20000,-2.49000,-1.02000,-2.11000,-60.77000,-96.51000
-0.73000,-0.55000,2.81000,-1.74000,-2.18000,-1.02000,-2.11000,-60.77000,-96.51000
-0.72000,-0.55000,2.83000,-1.16000,-1.97000,-1.02000,-2.11000,-66.43000,-100.35000
-0.72000,-0.55000,2.84000,-1.16000,-1.68000,-1.19000,-2.13000,-66.43000,-100.35000
-0.72000,-0.55000,2.84000,-1.04000,-1.45000,-1.87000,-2.32000,-83.59000,-110.63000
-0.71000,-0.55000,2.85000,-1.20000,-1.33000,-2.64000,-2.72000,-83.59000,-110.63000
-0.71000,-0.55000,2.84000,-1.62000,-1.39000,-2.77000,-2.83000,-100.72000,-127.43000
-0.71000,-0.55000,2.84000,-1.99000,-1.83000,-2.43000,-2.55000,-100.72000,-127.43000
-0.70000,-0.55000,2.83000,-2.41000,-1.91000,-2.02000,-2.38000,-87.01000,-122.14000
-0.70000,-0.56000,2.83000,-2.45000,-2.37000,-1.21000,-2.14000,-87.01000,-122.14000
-0.69000,-0.56000,2.83000,-2.49000,-2.45000,-1.13000,-2.12000,-66.97000,-113.52000
-0.69000,-0.56000,2.84000,-2.16000,-2.61000,-1.09000,-2.11000,-66.97000,-113.52000
-0.68000,-0.56000,2.85000,-1.56000,-2.57000,-1.36000,-2.17000,-66.87000,-109.06000
-0.68000,-0.56000,2.87000,-1.43000,-2.28000,-2.93000,-2.97000,-66.87000,-109.06000
-0.67000,-0.56000,2.88000,-1.51000,-2.07000,-3.27000,-3.29000,-101.59000,-128.20000
-0.67000,-0.56000,2.89000,-2.43000,-3.19000,-3.20000,-3.17000,-101.59000,-128.20000
-0.66000,-0.57000,2.90000,-3.49000,-4.05000,-2.58000,-2.48000,-87.33000,-108.40000
-0.65000,-0.57000,2.91000,-3.80000,-4.21000,-2.16000,-1.32000,-87.33000,-108.40000
-0.64000,-0.57000,2.92000,-3.67000,-4.01000,-2.11000,-1.05000,-60.63000,-67.44000
-0.64000,-0.57000,2.92000,-2.97000,-3.28000,-2.11000,-1.02000,-60.63000,-67.44000
-0.63000,-0.57000,2.92000,-2.24000,-2.26000,-2.11000,-1.02000,-62.94000,-61.95000
-0.63000,-0.57000,2.91000,-1.93000,-1.45000,-2.11000,-1.02000,-62.94000,-61.95000
-0.63000,-0.57000,2.90000,-1.83000,-0.79000,-2.11000,-1.02000,-73.32000,-75.80000
-0.62000,-0.57000,2.87000,-1.95000,-0.75000,-2.12000,-1.13000,-73.32000,-75.80000
-0.62000,-0.58000,2.85000,-2.24000,-0.95000,-2.88000,-2.82000,-85.63000,-110.84000
-0.61000,-0.58000,2.84000,-2.57000,-1.74000,-3.24000,-3.27000,-85.63000,-110.84000
-0.61000,-0.58000,2.83000,-2.95000,-2.74000,-2.74000,-2.80000,-79.74000,-108.00000
-0.60000,-0.58000,2.84000,-3.03000,-3.32000,-2.31000,-2.50000,-79.74000,-108.00000
-0.59000,-0.58000,2.85000,-2.70000,-3.51000,-2.64000,-2.72000,-72.50000,-89.48000
-0.59000,-0.59000,2.87000,-2.20000,-3.26000,-3.19000,-3.22000,-72.50000,-89.48000
-0.58000,-0.59000,2.89000,-2.16000,-2.97000,-3.16000,-3.13000,-90.35000,-92.93000
-0.58000,-0.59000,2.89000,-2.59000,-2.80000,-2.42000,-2.13000,-90.35000,-92.93000
-0.57000,-0.59000,2.88000,-3.28000,-2.61000,-2.21000,-1.51000,-75.93000,-74.71000
-0.56000,-0.59000,2.86000,-3.26000,-2.22000,-2.60000,-2.51000,-75.93000,-74.71000
-0.56000,-0.59000,2.83000,-3.05000,-1.39000,-3.25000,-3.22000,-79.27000,-101.36000
-0.56000,-0.59000,2.80000,-3.01000,-1.18000,-2.45000,-2.56000,-79.27000,-101.36000
-0.55000,-0.60000,2.77000,-2.80000,-1.27000,-1.02000,-2.11000,-49.50000,-106.22000
-0.55000,-0.60000,2.77000,-1.72000,-1.91000,-1.01000,-2.12000,-49.50000,-106.22000
-0.54000,-0.60000,2.79000,-0.87000,-2.05000,-1.00000,-2.12000,-56.64000,-101.09000
-0.54000,-0.60000,2.81000,-0.91000,-1.68000,-1.01000,-2.12000,-56.64000,-101.09000
-0.54000,-0.60000,2.82000,-0.62000,-1.56000,-1.01000,-2.11000,-64.58000,-105.64000
-0.54000,-0.60000,2.84000,-0.62000,-1.51000,-1.02000,-2.11000,-64.58000,-105.64000
-0.53000,-0.60000,2.85000,-0.83000,-1.37000,-1.03000,-2.11000,-69.78000,-110.61000
-0.53000,-0.60000,2.85000,-1.12000,-1.45000,-1.06000,-2.11000,-69.78000,-110.61000
-0.53000,-0.60000,2.86000,-1.29000,-1.74000,-1.09000,-2.11000,-65.73000,-115.24000
-0.53000,-0.60000,2.88000,-1.16000,-1.83000,-1.18000,-2.13000,-65.73000,-115.24000
-0.52000,-0.61000,2.89000,-1.20000,-1.91000,-1.90000,-2.33000,-77.01000,-116.85000
-0.52000,-0.61000,2.90000,-1.37000,-1.97000,-2.96000,-3.01000,-77.01000,-116.85000
-0.52000,-0.61000,2.91000,-1.37000,-1.97000,-3.24000,-3.27000,-98.44000,-131.73000
-0.51000,-0.61000,2.91000,-1.95000,-2.16000,-3.25000,-3.22000,-98.44000,-131.73000
-0.51000,-0.61000,2.92000,-2.39000,-2.66000,-3.18000,-3.14000,-99.99000,-134.89000
-0.50000,-0.61000,2.93000,-2.57000,-3.11000,-3.02000,-2.98000,-99.99000,-134.89000
-0.49000,-0.61000,2.94000,-2.76000,-3.47000,-2.48000,-2.27000,-87.51000,-113.31000
-0.49000,-0.61000,2.95000,-2.82000,-3.40000,-2.13000,-1.16000,-87.51000,-113.31000
-0.48000,-0.62000,2.96000,-2.37000,-3.07000,-2.11000,-1.03000,-77.64000,-85.31000
-0.47000,-0.62000,2.98000,-1.74000,-2.55000,-2.11000,-1.02000,-77.64000,-85.31000
-0.47000,-0.62000,2.99000,-0.87000,-1.33000,-2.11000,-1.01000,-89.65000,-83.56000
-0.47000,-0.62000,2.98000,-0.29000,-0.08000,-2.12000,-1.01000,-89.65000,-83.56000
-0.47000,-0.62000,2.98000,-0.04000,0.00000,-2.12000,-1.01000,-113.70000,-111.33000
-0.47000,-0.62000,2.98000,-0.04000,-0.02000,-2.12000,-1.01000,-113.70000,-111.33000
-0.47000,-0.62000,2.98000,-0.19000,0.00000,-2.12000,-1.01000,-128.38000,-117.83000
-0.47000,-0.62000,2.96000,-0.85000,-0.02000,-2.11000,-1.01000,-128.38000,-117.83000
-0.47000,-0.62000,2.94000,-1.56000,-0.15000,-2.11000,-1.02000,-128.56000,-123.84000
-0.47000,-0.62000,2.91000,-1.83000,0.00000,-2.13000,-1.16000,-128.56000,-123.84000
-0.46000,-0.62000,2.88000,-2.01000,-0.35000,-3.26000,-3.23000,-138.75000,-163.39000
-0.46000,-0.62000,2.87000,-2.07000,-1.58000,-2.29000,-2.48000,-138.75000,-163.39000
-0.45000,-0.62000,2.87000,-2.24000,-2.49000,-1.35000,-2.17000,-114.96000,-143.15000
-0.45000,-0.62000,2.88000,-2.07000,-2.82000,-1.69000,-2.26000,-114.96000,-143.15000
-0.44000,-0.62000,2.90000,-2.18000,-2.95000,-2.90000,-2.95000,-133.93000,-139.78000
-0.44000,-0.63000,2.90000,-2.72000,-2.90000,-3.26000,-3.28000,-133.93000,-139.78000
-0.43000,-0.63000,2.89000,-3.55000,-3.03000,-3.30000,-3.27000,-135.14000,-144.10000
-0.42000,-0.63000,2.88000,-3.96000,-3.32000,-3.17000,-3.20000,-135.14000,-144.10000
-0.42000,-0.63000,2.88000,-3.57000,-3.40000,-2.65000,-2.73000,-110.30000,-131.91000
-0.41000,-0.63000,2.88000,-3.28000,-3.65000,-2.34000,-2.51000,-110.30000,-131.91000
-0.40000,-0.63000,2.90000,-2.78000,-3.49000,-2.84000,-2.89000,-115.48000,-125.84000
-0.39000,-0.64000,2.91000,-2.59000,-3.32000,-3.23000,-3.26000,-115.48000,-125.84000
-0.39000,-0.64000,2.92000,-2.57000,-3.22000,-3.23000,-3.20000,-128.94000,-130.86000
-0.38000,-0.64000,2.93000,-2.84000,-3.36000,-2.82000,-2.76000,-128.94000,-130.86000
-0.37000,-0.64000,2.94000,-3.11000,-3.44000,-2.29000,-1.79000,-114.99000,-108.32000
-0.37000,-0.64000,2.93000,-3.49000,-3.36000,-2.15000,-1.26000,-114.99000,-108.32000
-0.36000,-0.64000,2.92000,-3.74000,-2.97000,-2.17000,-1.34000,-100.15000,-92.26000
-0.35000,-0.65000,2.90000,-3.61000,-2.59000,-2.73000,-2.66000,-100.15000,-92.26000
-0.35000,-0.65000,2.88000,-3.42000,-2.14000,-3.28000,-3.26000,-107.11000,-120.36000
-0.34000,-0.65000,2.86000,-3.30000,-2.30000,-2.69000,-2.76000,-107.11000,-120.36000
-0.33000,-0.65000,2.85000,-3.34000,-2.55000,-1.14000,-2.12000,-77.65000,-111.68000
-0.33000,-0.65000,2.84000,-3.01000,-2.61000,-1.02000,-2.11000,-77.65000,-111.68000
-0.32000,-0.65000,2.84000,-2.32000,-2.37000,-1.02000,-2.11000,-67.21000,-105.70000
-0.32000,-0.65000,2.85000,-1.70000,-2.01000,-1.02000,-2.11000,-67.21000,-105.70000
-0.32000,-0.66000,2.85000,-1.25000,-1.68000,-1.02000,-2.11000,-74.89000,-111.66000
-0.31000,-0.66000,2.86000,-1.04000,-1.33000,-1.03000,-2.11000,-74.89000,-111.66000
-0.31000,-0.66000,2.87000,-1.12000,-1.54000,-1.04000,-2.11000,-81.14000,-122.50000
-0.31000,-0.66000,2.88000,-1.29000,-1.93000,-1.16000,-2.13000,-81.14000,-122.50000
-0.30000,-0.66000,2.89000,-1.47000,-2.18000,-2.04000,-2.38000,-92.35000,-122.29000
-0.30000,-0.66000,2.90000,-1.97000,-2.49000,-3.00000,-3.04000,-92.35000,-122.29000
-0.29000,-0.66000,2.91000,-2.20000,-2.66000,-3.23000,-3.26000,-104.51000,-129.76000
-0.29000,-0.66000,2.91000,-2.45000,-2.74000,-3.28000,-3.26000,-104.51000,-129.76000
-0.28000,-0.66000,2.92000,-2.53000,-2.86000,-3.21000,-3.18000,-104.65000,-129.53000
-0.28000,-0.67000,2.93000,-2.32000,-3.03000,-3.05000,-3.01000,-104.65000,-129.53000
-0.27000,-0.67000,2.95000,-2.08000,-2.78000,-2.36000,-1.96000,-98.23000,-109.55000
-0.27000,-0.67000,2.96000,-1.35000,-2.03000,-2.11000,-1.09000,-98.23000,-109.55000
-0.26000,-0.67000,2.97000,-0.75000,-1.49000,-2.11000,-1.02000,-109.28000,-103.93000
-0.26000,-0.67000,2.98000,-0.81000,-1.04000,-2.11000,-1.01000,-109.28000,-103.93000
-0.26000,-0.67000,2.97000,-1.08000,-0.91000,-2.11000,-1.01000,-122.00000,-112.66000
-0.26000,-0.67000,2.97000,-1.00000,-0.83000,-2.11000,-1.01000,-122.00000,-112.66000
-0.26000,-0.67000,2.96000,-1.16000,-0.64000,-2.11000,-1.01000,-126.98000,-115.64000
-0.25000,-0.67000,2.95000,-1.45000,-0.77000,-2.11000,-1.02000,-126.98000,-115.64000
-0.25000,-0.67000,2.94000,-1.45000,-0.85000,-2.11000,-1.04000,-126.76000,-118.00000
-0.25000,-0.67000,2.93000,-1.49000,-1.31000,-2.14000,-1.22000,-126.76000,-118.00000
-0.24000,-0.67000,2.93000,-1.87000,-1.41000,-2.18000,-1.38000,-131.12000,-116.76000
-0.24000,-0.67000,2.91000,-2.28000,-1.31000,-2.44000,-2.18000,-131.12000,-116.76000
-0.23000,-0.67000,2.88000,-3.03000,-1.64000,-3.21000,-3.18000,-138.88000,-144.15000
-0.23000,-0.68000,2.85000,-3.51000,-1.85000,-2.91000,-2.96000,-138.88000,-144.15000
-0.22000,-0.68000,2.84000,-3.59000,-2.68000,-1.03000,-2.11000,-93.48000,-131.19000
-0.22000,-0.68000,2.84000,-2.74000,-3.07000,-1.01000,-2.11000,-93.48000,-131.19000
-0.21000,-0.68000,2.87000,-1.91000,-3.28000,-1.02000,-2.11000,-89.89000,-114.41000
-0.21000,-0.68000,2.90000,-1.45000,-3.13000,-1.17000,-2.13000,-89.89000,-114.41000
-0.20000,-0.68000,2.93000,-0.95000,-2.82000,-3.19000,-3.21000,-131.38000,-124.29000
-0.20000,-0.68000,2.95000,-1.66000,-2.66000,-2.45000,-2.20000,-131.38000,-124.29000
-0.19000,-0.69000,2.95000,-2.66000,-2.72000,-2.11000,-1.05000,-122.50000,-99.50000
-0.18000,-0.69000,2.94000,-2.90000,-2.57000,-2.11000,-1.04000,-122.50000,-99.50000
-0.18000,-0.69000,2.93000,-2.93000,-2.30000,-2.11000,-1.07000,-106.57000,-91.45000
-0.17000,-0.69000,2.92000,-2.95000,-2.03000,-2.20000,-1.49000,-106.57000,-91.45000
-0.17000,-0.69000,2.89000,-3.05000,-1.72000,-2.96000,-2.91000,-113.86000,-118.08000
-0.16000,-0.69000,2.87000,-3.17000,-1.85000,-3.21000,-3.24000,-113.86000,-118.08000
-0.16000,-0.69000,2.85000,-3.22000,-1.99000,-1.57000,-2.23000,-89.70000,-115.89000
-0.15000,-0.70000,2.84000,-2.90000,-2.51000,-1.02000,-2.11000,-89.70000,-115.89000
-0.15000,-0.70000,2.84000,-2.59000,-2.63000,-1.02000,-2.11000,-75.80000,-106.44000
-0.14000,-0.70000,2.84000,-2.26000,-2.30000,-1.01000,-2.11000,-75.80000,-106.44000
-0.14000,-0.70000,2.84000,-1.91000,-2.03000,-1.01000,-2.11000,-74.09000,-107.15000
-0.13000,-0.70000,2.85000,-1.58000,-1.95000,-1.01000,-2.11000,-74.09000,-107.15000
-0.13000,-0.70000,2.85000,-1.49000,-1.66000,-1.02000,-2.11000,-76.90000,-111.25000
-0.13000,-0.70000,2.85000,-1.43000,-1.54000,-1.02000,-2.11000,-76.90000,-111.25000
-0.12000,-0.70000,2.86000,-1.31000,-1.49000,-1.02000,-2.11000,-75.73000,-118.41000
-0.12000,-0.71000,2.86000,-1.41000,-1.64000,-1.02000,-2.11000,-75.73000,-118.41000
-0.12000,-0.71000,2.87000,-1.16000,-1.39000,-1.02000,-2.11000,-73.59000,-120.26000
-0.11000,-0.71000,2.87000,-1.12000,-1.49000,-1.02000,-2.11000,-73.59000,-120.26000
-0.11000,-0.71000,2.89000,-1.12000,-1.85000,-1.03000,-2.11000,-75.78000,-125.23000
-0.11000,-0.71000,2.90000,-1.06000,-2.10000,-1.24000,-2.14000,-75.78000,-125.23000
-0.10000,-0.71000,2.93000,-1.12000,-2.47000,-2.82000,-2.87000,-102.99000,-131.40000
-0.10000,-0.71000,2.95000,-1.72000,-2.61000,-3.26000,-3.23000,-102.99000,-131.40000
-0.09000,-0.71000,2.95000,-2.28000,-2.70000,-2.67000,-2.59000,-101.34000,-123.99000
-0.09000,-0.71000,2.95000,-2.53000,-2.51000,-2.24000,-1.63000,-101.34000,-123.99000
-0.08000,-0.71000,2.95000,-2.49000,-2.57000,-2.20000,-1.49000,-87.89000,-108.91000
-0.08000,-0.71000,2.96000,-1.99000,-2.30000,-2.14000,-1.25000,-87.89000,-108.91000
-0.08000,-0.72000,2.96000,-1.22000,-1.52000,-2.11000,-1.06000,-92.60000,-99.41000
-0.07000,-0.72000,2.96000,-0.93000,-0.89000,-2.11000,-1.03000,-92.60000,-99.41000
-0.07000,-0.72000,2.96000,-0.58000,-0.54000,-2.11000,-1.02000,-109.11000,-112.60000
-0.07000,-0.72000,2.96000,-0.15000,-0.23000,-2.11000,-1.02000,-109.11000,-112.60000
-0.07000,-0.72000,2.97000,-0.02000,-0.12000,-2.11000,-1.02000,-127.97000,-123.31000
-0.07000,-0.72000,2.96000,-0.29000,0.00000,-2.11000,-1.02000,-127.97000,-123.31000
-0.07000,-0.72000,2.95000,-0.71000,0.00000,-2.11000,-1.03000,-137.55000,-131.56000
-0.07000,-0.72000,2.93000,-1.02000,-0.04000,-2.13000,-1.17000,-137.55000,-131.56000
-0.07000,-0.72000,2.91000,-1.76000,-0.64000,-2.73000,-2.66000,-146.94000,-161.60000
-0.06000,-0.72000,2.91000,-2.03000,-1.74000,-3.29000,-3.27000,-146.94000,-161.60000
-0.06000,-0.72000,2.91000,-2.51000,-2.76000,-3.25000,-3.28000,-149.75000,-161.03000
-0.05000,-0.72000,2.92000,-2.76000,-3.34000,-3.30000,-3.27000,-149.75000,-161.03000
-0.04000,-0.72000,2.93000,-3.55000,-3.86000,-3.15000,-3.12000,-144.74000,-143.97000
-0.03000,-0.72000,2.92000,-4.09000,-3.88000,-2.86000,-2.80000,-144.74000,-143.97000
-0.02000,-0.73000,2.91000,-4.55000,-4.07000,-2.79000,-2.73000,-121.76000,-128.67000
-0.01000,-0.73000,2.91000,-4.23000,-4.01000,-2.84000,-2.78000,-121.76000,-128.67000
-0.01000,-0.73000,2.91000,-3.69000,-3.92000,-0.27000,0.27000,-73.90000,-74.85000
0.00000,-0.73000,2.92000,-2.64000,-3.07000,-0.28000,0.28000,-73.90000,-74.85000
0.00000,-0.73000,2.93000,-1.62000,-2.12000,-0.28000,0.29000,-74.26000,-63.00000
0.01000,-0.73000,2.94000,-0.85000,-1.27000,-0.27000,0.28000,-74.26000,-63.00000
0.01000,-0.73000,2.94000,-0.21000,-0.17000,-0.27000,0.27000,-86.70000,-70.12000
0.01000,-0.73000,2.94000,-0.02000,0.00000,-0.27000,0.28000,-86.70000,-70.12000
0.01000,-0.73000,2.94000,0.00000,0.00000,-0.27000,0.28000,-95.69000,-79.84000
0.01000,-0.73000,2.93000,-0.21000,-0.02000,-0.27000,0.28000,-95.69000,-79.84000
0.01000,-0.73000,2.92000,-0.58000,-0.06000,-0.28000,0.28000,-94.46000,-77.78000
0.01000,-0.73000,2.91000,-0.96000,-0.06000,-0.29000,0.30000,-94.46000,-77.78000
0.01000,-0.73000,2.89000,-0.87000,0.00000,-0.32000,0.33000,-84.30000,-74.64000
0.01000,-0.73000,2.88000,-0.66000,0.00000,-0.34000,0.36000,-84.30000,-74.64000
0.01000,-0.73000,2.87000,-0.69000,0.00000,-0.36000,0.38000,-85.48000,-72.50000
0.01000,-0.73000,2.85000,-0.93000,0.00000,-0.38000,0.40000,-85.48000,-72.50000
0.01000,-0.74000,2.83000,-1.16000,0.00000,-0.40000,0.43000,-80.19000,-69.52000
0.01000,-0.74000,2.81000,-1.20000,0.00000,-0.42000,0.46000,-80.19000,-69.52000
0.02000,-0.74000,2.78000,-1.35000,0.00000,-0.44000,0.49000,-73.51000,-66.02000
0.02000,-0.74000,2.76000,-1.25000,0.00000,-0.45000,0.52000,-73.51000,-66.02000
0.02000,-0.74000,2.74000,-1.29000,0.00000,-0.45000,0.55000,-68.44000,-62.17000
0.02000,-0.74000,2.71000,-1.41000,0.00000,-0.44000,0.58000,-68.44000,-62.17000
0.02000,-0.74000,2.69000,-1.22000,0.00000,-0.41000,0.62000,-60.64000,-57.83000
0.02000,-0.74000,2.67000,-0.96000,0.00000,-0.38000,0.66000,-60.64000,-57.83000
0.02000,-0.74000,2.66000,-0.81000,0.00000,-0.34000,0.70000,-60.41000,-52.93000
0.02000,-0.74000,2.65000,-0.64000,0.00000,-0.30000,0.74000,-60.41000,-52.93000
0.02000,-0.74000,2.64000,-0.42000,0.00000,-0.26000,0.77000,-60.23000,-47.60000
0.02000,-0.74000,2.64000,-0.19000,0.00000,-0.24000,0.80000,-60.23000,-47.60000
0.02000,-0.74000,2.63000,-0.06000,0.00000,-0.22000,0.81000,-64.19000,-42.39000
0.02000,-0.74000,2.63000,-0.06000,0.00000,-0.22000,0.82000,-64.19000,-42.39000
0.02000,-0.74000,2.63000,-0.02000,0.00000,-0.21000,0.82000,-66.14000,-37.39000
0.02000,-0.74000,2.63000,0.00000,0.00000,-0.21000,0.82000,-66.14000,-37.39000
0.02000,-0.74000,2.63000,-0.04000,0.00000,-0.21000,0.82000,-67.96000,-32.44000
0.03000,-0.74000,2.63000,-0.12000,0.00000,-0.21000,0.83000,-67.96000,-32.44000
0.03000,-0.74000,2.63000,0.00000,0.00000,-0.20000,0.83000,-67.18000,-27.33000
0.03000,-0.74000,2.63000,-0.15000,0.00000,-0.20000,0.83000,-67.18000,-27.33000
0.03000,-0.74000,2.62000,-0.19000,0.00000,-0.19000,0.84000,-67.15000,-22.17000
0.03000,-0.74000,2.62000,-0.37000,0.00000,-0.17000,0.86000,-67.15000,-22.17000
0.03000,-0.74000,2.61000,-0.58000,0.00000,-0.14000,0.89000,-63.31000,-16.47000
0.03000,-0.74000,2.59000,-0.81000,0.00000,-0.09000,0.93000,-63.31000,-16.47000
0.03000,-0.74000,2.58000,-0.89000,0.00000,-0.01000,1.01000,-53.44000,-9.30000
0.03000,-0.74000,2.57000,-0.50000,0.00000,0.09000,1.11000,-53.44000,-9.30000
0.03000,-0.74000,2.56000,-0.15000,0.00000,0.15000,1.16000,-50.92000,-0.94000
0.03000,-0.74000,2.56000,0.00000,0.00000,0.16000,1.18000,-50.92000,-0.94000
0.03000,-0.74000,2.56000,0.00000,0.00000,0.16000,1.18000,-54.26000,6.29000
0.03000,-0.74000,2.56000,0.00000,0.00000,0.16000,1.18000,-54.26000,6.29000
0.03000,-0.74000,2.56000,0.00000,0.00000,0.16000,1.18000,-53.27000,13.37000
0.03000,-0.74000,2.56000,0.00000,0.00000,0.16000,1.18000,-53.27000,13.37000
0.03000,-0.74000,2.56000,0.00000,0.00000,0.16000,1.18000,-52.29000,20.45000
0.03000,-0.74000,2.56000,0.00000,0.00000,0.16000,1.18000,-52.29000,20.45000
0.03000,-0.74000,2.56000,0.00000,0.00000,0.16000,1.18000,-51.30000,27.53000
0.03000,-0.74000,2.56000,0.00000,0.00000,0.16000,1.18000,-51.30000,27.53000
0.03000,-0.74000,2.56000,0.00000,0.00000,0.16000,1.18000,-50.31000,34.62000
0.03000,-0.74000,2.56000,0.00000,0.00000,0.16000,1.18000,-50.31000,34.62000
0.03000,-0.74000,2.56000,0.00000,0.00000,0.16000,1.18000,-49.32000,41.70000
0.03000,-0.74000,2.56000,0.00000,0.00000,0.16000,1.18000,-49.32000,41.70000
0.03000,-0.74000,2.56000,0.00000,0.00000,0.16000,1.18000,-48.33000,48.78000
0.03000,-0.74000,2.56000,0.00000,0.00000,0.16000,1.18000,-48.33000,48.78000
0.03000,-0.74000,2.56000,0.00000,0.00000,0.16000,1.18000,-47.35000,55.86000
0.03000,-0.74000,2.56000,0.00000,0.00000,0.16000,1.18000,-47.35000,55.86000
0.03000,-0.74000,2.56000,0.00000,0.00000,0.16000,1.18000,-46.36000,62.94000
0.03000,-0.74000,2.56000,0.00000,0.02000,0.16000,1.18000,-46.36000,62.94000
0.03000,-0.74000,2.56000,0.00000,0.00000,0.17000,1.18000,-45.34000,69.74000
0.03000,-0.74000,2.56000,0.00000,0.00000,0.17000,1.18000,-45.34000,69.74000
0.03000,-0.74000,2.56000,0.00000,0.00000,0.17000,1.18000,-44.34000,77.02000
0.03000,-0.74000,2.56000,0.00000,0.02000,0.17000,1.18000,-44.34000,77.02000
0.03000,-0.74000,2.56000,0.00000,0.00000,0.17000,1.18000,-43.30000,83.83000
0.03000,-0.74000,2.56000,0.00000,0.00000,0.17000,1.18000,-43.30000,83.83000
0.03000,-0.74000,2.56000,0.00000,0.00000,0.17000,1.18000,-42.29000,91.12000
0.03000,-0.74000,2.56000,0.00000,0.00000,0.17000,1.18000,-42.29000,91.12000
0.03000,-0.74000,2.56000,0.00000,0.00000,0.17000,1.18000,-41.27000,98.23000
0.03000,-0.74000,2.56000,0.00000,0.00000,0.17000,1.18000,-41.27000,98.23000
0.03000,-0.74000,2.56000,0.00000,0.39000,0.17000,1.18000,-40.26000,105.34000
0.03000,-0.74000,2.54000,0.00000,1.04000,0.21000,1.22000,-40.26000,105.34000
0.03000,-0.74000,2.52000,0.00000,1.18000,0.32000,1.34000,-36.99000,99.24000
0.02000,-0.74000,2.49000,0.00000,1.37000,0.44000,1.48000,-36.99000,99.24000
0.02000,-0.74000,2.46000,0.00000,1.74000,0.55000,1.62000,-31.63000,100.29000
0.02000,-0.74000,2.43000,0.00000,1.85000,0.67000,1.77000,-31.63000,100.29000
0.02000,-0.74000,2.39000,0.00000,1.93000,0.76000,1.90000,-25.13000,98.74000
0.02000,-0.73000,2.36000,0.00000,1.60000,0.83000,1.99000,-25.13000,98.74000
0.02000,-0.73000,2.33000,0.00000,1.64000,0.86000,2.05000,-19.06000,105.10000
0.02000,-0.73000,2.31000,0.00000,1.56000,0.88000,2.10000,-19.06000,105.10000
0.01000,-0.73000,2.27000,0.00000,1.72000,0.90000,2.13000,-13.39000,109.62000
0.01000,-0.73000,2.24000,0.00000,1.85000,0.90000,2.16000,-13.39000,109.62000
0.01000,-0.73000,2.20000,0.00000,2.16000,0.90000,2.18000,-7.88000,109.44000
0.01000,-0.72000,2.16000,0.00000,2.24000,0.90000,2.19000,-7.88000,109.44000
0.01000,-0.72000,2.11000,0.00000,2.57000,0.91000,2.21000,-2.43000,105.91000
0.01000,-0.72000,2.07000,0.00000,2.55000,0.91000,2.21000,-2.43000,105.91000
0.01000,-0.72000,2.02000,0.00000,2.55000,0.91000,2.21000,3.06000,101.12000
0.00000,-0.72000,1.98000,0.00000,2.51000,0.91000,2.21000,3.06000,101.12000
0.00000,-0.71000,1.93000,0.00000,2.45000,0.91000,2.21000,8.60000,99.67000
0.00000,-0.71000,1.89000,0.00000,2.61000,0.92000,2.20000,8.60000,99.67000
0.00000,-0.71000,1.84000,0.00000,2.66000,0.94000,2.19000,14.40000,96.01000
0.00000,-0.70000,1.79000,0.00000,2.53000,0.96000,2.16000,14.40000,96.01000
0.00000,-0.70000,1.75000,0.00000,2.35000,1.00000,2.13000,20.93000,93.76000
0.00000,-0.70000,1.71000,0.02000,2.22000,1.05000,2.08000,20.93000,93.76000
-0.00000,-0.70000,1.67000,0.00000,2.32000,1.12000,2.01000,28.39000,94.24000
-0.00000,-0.69000,1.63000,0.00000,2.24000,1.22000,1.91000,28.39000,94.24000
-0.00000,-0.69000,1.59000,0.00000,2.28000,1.34000,1.78000,38.66000,89.27000
-0.00000,-0.69000,1.55000,0.00000,2.08000,2.97000,2.98000,38.66000,89.27000
-0.00000,-0.69000,1.51000,0.00000,2.01000,2.64000,2.61000,66.22000,101.34000
-0.00000,-0.68000,1.48000,0.02000,1.93000,1.79000,1.34000,66.22000,101.34000
-0.00000,-0.68000,1.44000,0.02000,2.16000,1.90000,1.23000,70.63000,86.01000
-0.00000,-0.68000,1.41000,0.00000,1.76000,2.00000,1.13000,70.63000,86.01000
0.00000,-0.68000,1.38000,0.00000,1.68000,2.06000,1.07000,84.55000,81.90000
0.00000,-0.68000,1.37000,0.79000,1.35000,2.10000,1.03000,84.55000,81.90000
0.00000,-0.67000,1.37000,1.25000,1.16000,2.11000,1.01000,85.91000,83.11000
0.00000,-0.67000,1.37000,1.35000,1.18000,2.11000,1.01000,85.91000,83.11000
0.00000,-0.67000,1.38000,1.51000,1.10000,2.11000,1.01000,85.41000,83.62000
0.00000,-0.67000,1.39000,1.45000,0.87000,2.10000,1.02000,85.41000,83.62000
0.00000,-0.66000,1.39000,1.37000,1.02000,2.09000,1.04000,88.12000,87.60000
0.00000,-0.66000,1.41000,1.58000,0.95000,2.08000,1.04000,88.12000,87.60000
0.00000,-0.66000,1.42000,1.66000,0.93000,2.07000,1.06000,89.71000,87.67000
0.00000,-0.65000,1.43000,1.74000,1.02000,2.05000,1.08000,89.71000,87.67000
0.01000,-0.65000,1.44000,1.58000,1.14000,2.02000,1.10000,89.53000,88.01000
0.01000,-0.65000,1.45000,1.49000,1.02000,2.01000,1.12000,89.53000,88.01000
0.01000,-0.65000,1.45000,1.29000,1.08000,1.99000,1.13000,94.49000,88.97000
0.01000,-0.64000,1.45000,0.87000,1.14000,1.99000,1.14000,94.49000,88.97000
0.01000,-0.64000,1.44000,0.83000,1.06000,2.00000,1.13000,106.90000,87.73000
0.01000,-0.64000,1.45000,1.16000,0.79000,2.01000,1.12000,106.90000,87.73000
0.01000,-0.64000,1.46000,1.22000,0.77000,1.99000,1.13000,109.24000,92.99000
0.01000,-0.63000,1.46000,1.43000,1.10000,1.98000,1.15000,109.24000,92.99000
0.01000,-0.63000,1.47000,1.68000,1.27000,1.96000,1.16000,109.72000,90.81000
0.01000,-0.63000,1.48000,1.70000,1.12000,1.95000,1.18000,109.72000,90.81000
0.01000,-0.62000,1.50000,1.91000,1.14000,1.92000,1.20000,108.24000,91.52000
0.01000,-0.62000,1.51000,1.93000,1.45000,1.89000,1.24000,108.24000,91.52000
0.01000,-0.62000,1.52000,2.24000,1.31000,1.86000,1.27000,105.20000,87.97000
0.01000,-0.61000,1.53000,2.16000,1.47000,1.80000,1.32000,105.20000,87.97000
0.01000,-0.61000,1.55000,2.05000,1.33000,1.77000,1.36000,99.94000,88.01000
0.01000,-0.61000,1.56000,1.85000,1.08000,1.79000,1.48000,99.94000,88.01000
0.01000,-0.60000,1.57000,1.74000,1.41000,2.46000,2.33000,112.67000,107.68000
0.01000,-0.60000,1.57000,1.93000,1.83000,2.83000,2.81000,112.67000,107.68000
0.01000,-0.59000,1.57000,2.32000,2.03000,2.92000,2.90000,122.00000,112.59000
0.01000,-0.59000,1.58000,2.55000,2.37000,3.11000,3.10000,122.00000,112.59000
0.01000,-0.58000,1.58000,2.66000,2.57000,3.19000,3.19000,122.69000,115.22000
0.01000,-0.58000,1.58000,2.86000,2.61000,3.22000,3.21000,122.69000,115.22000
0.01000,-0.57000,1.59000,3.05000,2.74000,3.27000,3.27000,123.05000,117.66000
0.01000,-0.56000,1.60000,3.38000,2.78000,3.27000,3.27000,123.05000,117.66000
0.01000,-0.55000,1.62000,3.88000,2.97000,3.05000,3.06000,114.34000,115.94000
0.01000,-0.55000,1.64000,4.32000,3.13000,1.83000,2.07000,114.34000,115.94000
0.01000,-0.54000,1.66000,4.30000,3.20000,1.36000,1.77000,73.00000,92.95000
0.01000,-0.53000,1.67000,3.63000,2.86000,1.29000,1.84000,73.00000,92.95000
0.01000,-0.52000,1.68000,3.13000,2.68000,1.24000,1.89000,63.76000,90.56000
0.01000,-0.52000,1.68000,2.41000,2.28000,1.21000,1.91000,63.76000,90.56000
0.01000,-0.51000,1.68000,1.97000,2.05000,1.21000,1.92000,67.25000,93.93000
0.00000,-0.51000,1.67000,1.62000,2.03000,1.21000,1.92000,67.25000,93.93000
0.00000,-0.51000,1.67000,1.64000,1.89000,1.23000,1.90000,72.18000,95.20000
0.00000,-0.50000,1.66000,1.56000,1.93000,1.24000,1.89000,72.18000,95.20000
0.00000,-0.50000,1.66000,1.64000,1.83000,1.26000,1.87000,71.19000,95.52000
0.00000,-0.49000,1.65000,1.66000,1.89000,1.26000,1.86000,71.19000,95.52000
0.00000,-0.49000,1.65000,1.78000,1.85000,1.27000,1.85000,68.10000,95.48000
0.00000,-0.49000,1.65000,1.66000,1.95000,1.27000,1.85000,68.10000,95.48000
0.00000,-0.48000,1.64000,1.58000,1.99000,1.29000,1.83000,66.01000,94.06000
0.00000,-0.48000,1.63000,1.51000,1.91000,1.31000,1.81000,66.01000,94.06000
0.00000,-0.47000,1.62000,1.22000,1.81000,1.34000,1.79000,66.67000,93.31000
0.00000,-0.47000,1.61000,1.16000,1.74000,1.38000,1.76000,66.67000,93.31000
0.00000,-0.47000,1.60000,1.22000,1.72000,1.49000,1.79000,73.18000,95.13000
0.00000,-0.47000,1.60000,1.18000,1.58000,1.90000,2.13000,73.18000,95.13000
0.00000,-0.46000,1.59000,1.29000,1.68000,2.56000,2.60000,90.83000,109.99000
0.00000,-0.46000,1.59000,1.78000,1.93000,2.97000,2.99000,90.83000,109.99000
0.00000,-0.45000,1.58000,2.22000,2.39000,3.07000,3.08000,97.75000,118.07000
0.00000,-0.45000,1.58000,2.34000,2.59000,3.15000,3.16000,97.75000,118.07000
0.00000,-0.44000,1.57000,2.28000,2.84000,3.24000,3.24000,99.57000,117.43000
0.00000,-0.44000,1.56000,2.32000,2.93000,3.26000,3.26000,99.57000,117.43000
0.00000,-0.43000,1.55000,2.37000,3.01000,3.00000,2.99000,101.67000,112.48000
0.00000,-0.42000,1.54000,2.45000,3.07000,2.30000,2.08000,101.67000,112.48000
0.00000,-0.42000,1.53000,2.41000,2.76000,1.78000,1.48000,85.62000,88.02000
0.00000,-0.41000,1.53000,2.32000,2.45000,1.75000,1.39000,85.62000,88.02000
0.00000,-0.41000,1.52000,1.95000,2.22000,1.76000,1.38000,83.11000,86.29000
0.00000,-0.40000,1.52000,1.49000,1.70000,1.77000,1.35000,83.11000,86.29000
0.00000,-0.40000,1.51000,1.37000,1.58000,1.79000,1.34000,92.61000,90.46000
0.00000,-0.40000,1.52000,1.70000,1.56000,1.80000,1.32000,92.61000,90.46000
0.00000,-0.39000,1.52000,1.74000,1.45000,1.80000,1.33000,91.38000,90.34000
0.00000,-0.39000,1.53000,1.91000,1.49000,1.78000,1.35000,91.38000,90.34000
0.00000,-0.39000,1.54000,1.93000,1.56000,1.76000,1.38000,88.27000,90.61000
0.00000,-0.38000,1.54000,1.64000,1.49000,1.76000,1.42000,88.27000,90.61000
0.00000,-0.38000,1.54000,1.56000,1.66000,1.77000,1.45000,91.58000,91.01000
0.00000,-0.38000,1.53000,1.31000,1.49000,1.76000,1.42000,91.58000,91.01000
0.00000,-0.37000,1.53000,1.43000,1.47000,1.75000,1.39000,97.12000,89.84000
0.00000,-0.37000,1.53000,1.20000,1.29000,1.76000,1.38000,97.12000,89.84000
0.00000,-0.37000,1.53000,1.43000,1.49000,1.76000,1.37000,101.43000,92.07000
0.00000,-0.36000,1.54000,1.83000,1.31000,1.76000,1.37000,101.43000,92.07000
0.00000,-0.36000,1.55000,2.12000,1.35000,1.76000,1.43000,95.43000,93.10000
0.00000,-0.35000,1.57000,2.41000,1.56000,2.19000,1.97000,95.43000,93.10000
0.00000,-0.35000,1.59000,2.66000,1.60000,3.07000,3.06000,105.93000,114.51000
0.00000,-0.34000,1.61000,3.13000,1.89000,3.24000,3.24000,105.93000,114.51000
0.00000,-0.34000,1.63000,3.45000,2.43000,1.99000,2.21000,82.86000,105.89000
0.00000,-0.33000,1.64000,3.13000,2.57000,1.38000,1.76000,82.86000,105.89000
0.00000,-0.32000,1.64000,2.51000,2.66000,1.34000,1.79000,66.19000,91.19000
0.00000,-0.32000,1.64000,2.08000,2.05000,1.34000,1.78000,66.19000,91.19000
0.00000,-0.32000,1.63000,1.68000,1.81000,1.34000,1.79000,71.30000,94.23000
0.00000,-0.31000,1.63000,1.41000,1.70000,1.34000,1.78000,71.30000,94.23000
0.00000,-0.31000,1.62000,1.78000,2.16000,1.36000,1.77000,77.20000,97.62000
0.00000,-0.30000,1.62000,1.76000,2.12000,1.39000,1.75000,77.20000,97.62000
0.00000,-0.30000,1.61000,1.89000,2.22000,1.46000,1.77000,73.01000,91.87000
0.00000,-0.29000,1.61000,1.95000,2.20000,1.60000,1.88000,73.01000,91.87000
0.00000,-0.29000,1.60000,2.05000,2.14000,1.82000,2.06000,73.78000,92.86000
0.00000,-0.29000,1.60000,1.89000,2.12000,1.89000,2.12000,73.78000,92.86000
0.00000,-0.28000,1.60000,1.97000,2.16000,2.20000,2.39000,79.59000,98.28000
0.00000,-0.28000,1.59000,2.01000,2.20000,2.52000,2.57000,79.59000,98.28000
0.00000,-0.27000,1.59000,2.20000,2.22000,2.74000,2.77000,87.74000,104.32000
0.00000,-0.27000,1.59000,2.20000,2.43000,2.74000,2.77000,87.74000,104.32000
0.00000,-0.26000,1.59000,2.41000,2.41000,2.95000,2.96000,92.39000,107.21000
0.00000,-0.25000,1.59000,2.82000,2.76000,2.93000,2.95000,92.39000,107.21000
0.00000,-0.25000,1.59000,2.74000,2.91000,2.85000,2.87000,86.13000,104.11000
0.00000,-0.24000,1.58000,2.55000,2.99000,2.98000,2.99000,86.13000,104.11000
0.00000,-0.24000,1.57000,2.20000,2.84000,3.20000,3.21000,95.58000,106.37000
0.00000,-0.23000,1.55000,2.08000,2.93000,3.27000,3.26000,95.58000,106.37000
0.00000,-0.22000,1.54000,2.14000,2.95000,2.82000,2.80000,100.96000,102.49000
0.00000,-0.22000,1.53000,2.37000,2.82000,1.89000,1.62000,100.96000,102.49000
0.00000,-0.21000,1.53000,2.49000,2.51000,1.76000,1.41000,85.07000,82.49000
0.00000,-0.21000,1.53000,2.39000,2.30000,1.75000,1.40000,85.07000,82.49000
0.00000,-0.20000,1.53000,2.05000,2.05000,1.75000,1.40000,81.08000,81.67000
0.00000,-0.20000,1.53000,1.66000,1.52000,1.75000,1.39000,81.08000,81.67000
0.00000,-0.20000,1.53000,1.56000,1.56000,1.75000,1.41000,88.19000,88.19000
0.00000,-0.19000,1.53000,1.56000,1.49000,1.75000,1.40000,88.19000,88.19000
0.00000,-0.19000,1.54000,1.49000,1.43000,1.75000,1.41000,90.31000,87.82000
0.00000,-0.19000,1.54000,1.78000,1.51000,1.75000,1.41000,90.31000,87.82000
0.00000,-0.18000,1.54000,1.91000,1.66000,1.77000,1.46000,88.38000,87.79000
0.00000,-0.18000,1.55000,1.66000,1.56000,1.83000,1.55000,88.38000,87.79000
0.00000,-0.18000,1.55000,1.62000,1.58000,1.87000,1.59000,91.56000,88.76000
0.00000,-0.17000,1.55000,1.41000,1.43000,1.87000,1.59000,91.56000,88.76000
0.00000,-0.17000,1.54000,1.33000,1.54000,1.84000,1.55000,96.12000,90.28000
0.00000,-0.17000,1.54000,1.29000,1.43000,1.77000,1.45000,96.12000,90.28000
0.00000,-0.16000,1.54000,1.56000,1.49000,1.75000,1.41000,99.30000,88.86000
0.00000,-0.16000,1.55000,1.72000,1.39000,1.76000,1.41000,99.30000,88.86000
0.00000,-0.16000,1.56000,1.99000,1.31000,1.79000,1.48000,96.09000,90.47000
0.00000,-0.15000,1.57000,2.28000,1.60000,2.31000,2.10000,96.09000,90.47000
0.00000,-0.15000,1.59000,2.61000,1.62000,3.00000,2.98000,106.22000,110.41000
0.00000,-0.14000,1.61000,3.03000,2.07000,3.27000,3.28000,106.22000,110.41000
0.00000,-0.13000,1.63000,3.49000,2.43000,2.76000,2.78000,95.71000,108.58000
0.00000,-0.13000,1.64000,3.45000,2.70000,1.46000,1.77000,95.71000,108.58000
0.00000,-0.12000,1.65000,3.36000,2.91000,1.35000,1.78000,66.68000,88.41000
0.00000,-0.11000,1.65000,2.86000,2.57000,1.31000,1.82000,66.68000,88.41000
0.00000,-0.11000,1.65000,2.28000,2.28000,1.28000,1.85000,61.76000,85.78000
0.00000,-0.10000,1.65000,1.78000,1.97000,1.27000,1.86000,61.76000,85.78000
-0.00000,-0.10000,1.64000,1.35000,1.70000,1.27000,1.86000,68.28000,90.62000
-0.00000,-0.10000,1.64000,1.37000,1.74000,1.28000,1.85000,68.28000,90.62000
-0.00000,-0.09000,1.63000,1.14000,1.76000,1.29000,1.83000,71.75000,92.97000
-0.00000,-0.09000,1.62000,1.33000,1.76000,1.32000,1.80000,71.75000,92.97000
-0.00000,-0.09000,1.61000,1.54000,1.93000,1.34000,1.78000,72.65000,92.48000
-0.00000,-0.08000,1.61000,1.58000,1.85000,1.36000,1.77000,72.65000,92.48000
-0.00000,-0.08000,1.60000,1.79000,1.97000,1.37000,1.76000,69.40000,91.02000
-0.00000,-0.07000,1.60000,1.68000,1.97000,1.37000,1.76000,69.40000,91.02000
-0.00000,-0.07000,1.60000,1.72000,1.83000,1.39000,1.76000,66.85000,88.54000
-0.00000,-0.07000,1.59000,1.56000,1.70000,1.38000,1.76000,66.85000,88.54000
-0.00000,-0.06000,1.59000,1.49000,1.74000,1.38000,1.76000,66.88000,91.31000
-0.00000,-0.06000,1.58000,1.31000,1.66000,1.39000,1.75000,66.88000,91.31000
-0.00000,-0.06000,1.57000,1.20000,1.83000,1.43000,1.76000,70.24000,92.30000
-0.00000,-0.05000,1.56000,1.25000,1.70000,1.66000,1.92000,70.24000,92.30000
-0.00000,-0.05000,1.55000,1.33000,1.97000,2.09000,2.30000,81.88000,100.43000
-0.00000,-0.05000,1.54000,1.47000,1.93000,2.89000,2.91000,81.88000,100.43000
-0.00000,-0.04000,1.54000,1.89000,2.20000,3.14000,3.15000,99.30000,113.33000
-0.00000,-0.04000,1.53000,1.97000,2.41000,3.23000,3.24000,99.30000,113.33000
-0.00000,-0.03000,1.52000,2.22000,2.74000,3.28000,3.28000,103.93000,115.45000
-0.00000,-0.02000,1.51000,2.47000,2.95000,3.15000,3.14000,103.93000,115.45000
-0.00000,-0.02000,1.50000,2.64000,3.09000,2.65000,2.61000,94.80000,102.54000
