0.00000,0.00000,0.00000,0.00000,0.00000,3.28000,3.28000,49.25000,49.25000
0.00000,0.00000,0.00000,0.02000,0.02000,3.28000,3.28000,49.25000,49.25000
0.00000,0.00000,0.00000,0.00000,0.00000,3.28000,3.28000,68.64000,68.64000
0.00000,0.00000,0.00000,0.02000,0.00000,3.28000,3.28000,68.64000,68.64000
0.00000,0.00000,0.00000,0.00000,0.00000,3.28000,3.28000,88.20000,88.51000
0.00000,0.00000,0.00000,0.25000,0.02000,3.28000,3.28000,88.20000,88.51000
0.00000,0.00000,0.02000,0.87000,0.00000,3.25000,3.26000,103.91000,107.51000
0.00000,0.00000,0.04000,1.33000,0.00000,2.72000,2.74000,103.91000,107.51000
0.00000,0.00000,0.07000,1.64000,0.00000,1.40000,1.75000,77.98000,104.69000
0.01000,0.00000,0.10000,1.56000,0.25000,1.28000,1.84000,77.98000,104.69000
0.01000,0.00000,0.10000,1.20000,0.91000,1.21000,1.91000,72.15000,113.88000
0.01000,0.00000,0.10000,1.04000,1.20000,1.20000,1.93000,72.15000,113.88000
0.01000,0.00000,0.09000,1.10000,1.58000,1.20000,1.92000,77.74000,109.66000
0.02000,0.00000,0.08000,1.14000,1.95000,1.23000,1.90000,77.74000,109.66000
0.02000,0.00000,0.06000,1.08000,1.95000,1.27000,1.86000,78.16000,101.78000
0.03000,0.00000,0.04000,1.27000,2.16000,1.32000,1.80000,78.16000,101.78000
0.03000,0.00000,0.03000,1.47000,2.05000,1.38000,1.76000,78.76000,96.60000
0.03000,0.00000,0.03000,1.54000,1.89000,1.51000,1.81000,78.76000,96.60000
0.04000,0.00000,0.03000,1.74000,1.66000,1.79000,2.04000,81.54000,102.45000
0.04000,0.00000,0.03000,1.68000,1.74000,1.69000,1.95000,81.54000,102.45000
0.04000,0.00000,0.03000,1.76000,1.83000,1.75000,2.00000,80.21000,104.92000
0.05000,0.00000,0.02000,1.83000,1.95000,1.81000,2.05000,80.21000,104.92000
0.05000,0.00000,0.02000,1.74000,2.08000,1.96000,2.18000,81.58000,106.11000
0.06000,0.00000,0.01000,1.83000,2.24000,2.53000,2.57000,81.58000,106.11000
0.06000,0.00000,0.00000,1.85000,2.22000,2.98000,2.99000,97.68000,115.29000
0.07000,0.00000,0.00000,2.20000,2.34000,3.18000,3.19000,97.68000,115.29000
0.07000,0.00000,0.00000,2.47000,2.55000,3.23000,3.24000,102.79000,121.89000
0.08000,0.00000,0.00000,2.82000,2.76000,3.25000,3.25000,102.79000,121.89000
0.09000,0.00000,0.01000,3.15000,2.88000,3.24000,3.24000,99.70000,121.07000
0.09000,0.00000,0.01000,3.24000,2.93000,3.13000,3.14000,99.70000,121.07000
0.10000,0.00000,0.02000,3.36000,3.09000,2.92000,2.94000,91.28000,116.98000
0.11000,0.00000,0.02000,3.20000,2.76000,2.62000,2.65000,91.28000,116.98000
0.11000,0.00000,0.03000,3.03000,2.51000,1.86000,2.10000,74.14000,106.97000
0.12000,0.00000,0.04000,2.68000,2.57000,1.46000,1.78000,74.14000,106.97000
0.12000,0.00000,0.03000,2.26000,2.45000,1.43000,1.76000,67.39000,100.69000
0.13000,0.00000,0.03000,1.87000,2.22000,1.48000,1.78000,67.39000,100.69000
0.13000,0.00000,0.02000,1.54000,2.08000,1.69000,1.95000,75.91000,103.92000
0.14000,0.00000,0.01000,1.49000,1.95000,2.50000,2.55000,75.91000,103.92000
0.14000,0.00000,0.00000,1.54000,1.79000,2.99000,3.01000,100.05000,122.25000
0.14000,0.00000,0.00000,1.80000,1.91000,3.14000,3.15000,100.05000,122.25000
0.15000,0.00000,-0.00000,2.22000,2.49000,3.18000,3.19000,107.23000,131.95000
0.16000,0.00000,-0.01000,2.51000,2.90000,3.26000,3.26000,107.23000,131.95000
0.16000,0.00000,-0.02000,2.68000,3.20000,3.27000,3.27000,106.21000,125.86000
0.17000,0.00000,-0.03000,2.95000,3.38000,3.10000,3.08000,106.21000,125.86000
0.18000,0.00000,-0.04000,3.11000,3.63000,2.73000,2.70000,96.09000,112.31000
0.18000,0.00000,-0.03000,3.32000,3.22000,2.08000,1.84000,96.09000,112.31000
0.19000,0.00000,-0.03000,3.11000,2.97000,2.17000,1.94000,80.83000,99.39000
0.20000,0.00000,-0.04000,2.37000,2.76000,2.34000,2.14000,80.83000,99.39000
0.20000,0.00000,-0.05000,1.83000,2.41000,1.90000,1.63000,84.12000,93.82000
0.21000,0.00000,-0.06000,1.41000,2.05000,1.75000,1.40000,84.12000,93.82000
0.21000,0.00000,-0.07000,1.60000,1.83000,1.78000,1.34000,93.92000,93.35000
0.21000,0.00000,-0.06000,1.85000,1.74000,1.80000,1.33000,93.92000,93.35000
0.22000,0.00000,-0.05000,2.18000,1.58000,1.79000,1.33000,89.78000,93.57000
0.22000,0.00000,-0.04000,2.28000,1.60000,1.76000,1.37000,89.78000,93.57000
0.23000,0.00000,-0.02000,2.47000,1.41000,1.80000,1.50000,83.07000,95.88000
0.23000,0.00000,-0.01000,2.37000,1.60000,2.84000,2.82000,83.07000,95.88000
0.24000,0.00000,0.01000,2.35000,1.56000,3.25000,3.25000,100.68000,121.49000
0.24000,0.00000,0.02000,2.59000,2.05000,3.17000,3.18000,100.68000,121.49000
0.25000,0.00000,0.02000,2.80000,2.43000,2.79000,2.81000,95.60000,117.99000
0.25000,0.00000,0.03000,2.95000,2.64000,2.17000,2.37000,95.60000,117.99000
0.26000,0.00000,0.03000,3.13000,2.86000,1.72000,1.97000,75.39000,101.22000
0.27000,0.00000,0.03000,2.66000,2.64000,1.50000,1.80000,75.39000,101.22000
0.27000,0.00000,0.03000,2.32000,2.57000,1.48000,1.79000,68.91000,94.52000
0.28000,0.00000,0.02000,1.99000,2.39000,1.61000,1.88000,68.91000,94.52000
0.28000,0.00000,0.01000,1.58000,2.16000,2.05000,2.26000,80.29000,100.28000
0.28000,0.00000,0.00000,1.74000,2.18000,2.89000,2.91000,80.29000,100.28000
0.29000,0.00000,-0.00000,1.74000,2.01000,3.17000,3.17000,101.16000,116.33000
0.29000,0.00000,-0.00000,2.28000,2.34000,3.25000,3.25000,101.16000,116.33000
0.30000,0.00000,-0.00000,2.61000,2.55000,3.26000,3.26000,103.03000,121.17000
0.31000,0.00000,0.00000,2.88000,2.66000,3.25000,3.25000,103.03000,121.17000
0.31000,0.00000,0.01000,2.97000,2.78000,3.18000,3.19000,98.63000,120.83000
0.32000,0.00000,0.01000,3.07000,2.93000,3.08000,3.09000,98.63000,120.83000
0.33000,0.00000,0.01000,2.95000,2.97000,2.98000,2.99000,94.60000,117.08000
0.33000,0.00000,0.01000,3.03000,3.01000,2.98000,3.00000,94.60000,117.08000
0.34000,0.00000,0.01000,2.95000,3.01000,2.96000,2.97000,94.34000,115.93000
0.35000,0.00000,0.01000,2.82000,2.99000,2.99000,3.01000,94.34000,115.93000
0.35000,0.00000,0.00000,2.78000,2.99000,3.09000,3.10000,99.05000,117.97000
0.36000,0.00000,-0.00000,2.53000,2.82000,3.18000,3.19000,99.05000,117.97000
0.36000,0.00000,-0.01000,2.66000,2.82000,3.26000,3.27000,107.59000,123.59000
0.37000,0.00000,-0.01000,2.88000,2.97000,3.28000,3.28000,107.59000,123.59000
0.38000,0.00000,-0.01000,3.18000,3.05000,3.28000,3.28000,106.96000,124.31000
0.38000,0.00000,-0.00000,3.17000,3.05000,3.28000,3.28000,106.96000,124.31000
0.39000,0.00000,-0.01000,3.05000,3.18000,3.26000,3.26000,104.70000,124.71000
0.40000,0.00000,-0.01000,2.91000,3.11000,3.28000,3.28000,104.70000,124.71000
0.41000,0.00000,-0.02000,2.78000,3.15000,3.28000,3.27000,109.47000,125.19000
0.41000,0.00000,-0.02000,2.78000,3.03000,3.19000,3.18000,109.47000,125.19000
0.42000,0.00000,-0.02000,3.15000,3.15000,3.06000,3.05000,110.30000,123.98000
0.43000,0.00000,-0.02000,3.24000,3.07000,3.05000,3.03000,110.30000,123.98000
0.43000,0.00000,-0.01000,3.44000,3.07000,3.13000,3.12000,106.21000,124.60000
0.44000,0.00000,-0.01000,3.53000,3.24000,3.25000,3.25000,106.21000,124.60000
0.45000,0.00000,0.00000,3.53000,3.15000,3.28000,3.28000,103.49000,124.83000
0.46000,0.00000,0.01000,3.53000,3.22000,3.22000,3.22000,103.49000,124.83000
0.46000,0.00000,0.01000,3.22000,3.11000,3.07000,3.08000,98.86000,122.42000
0.47000,0.00000,0.00000,2.80000,3.13000,2.99000,3.00000,98.86000,122.42000
0.48000,0.00000,-0.01000,2.57000,3.07000,3.17000,3.18000,108.47000,124.26000
0.48000,0.00000,-0.01000,2.70000,3.03000,3.28000,3.28000,108.47000,124.26000
0.49000,0.00000,-0.02000,2.70000,3.07000,3.25000,3.24000,113.42000,127.10000
0.50000,0.00000,-0.02000,2.84000,3.13000,3.11000,3.10000,113.42000,127.10000
0.50000,0.00000,-0.03000,2.93000,3.07000,2.89000,2.87000,109.11000,121.14000
0.51000,0.00000,-0.03000,2.91000,2.97000,2.70000,2.67000,109.11000,121.14000
0.51000,0.00000,-0.03000,2.91000,2.78000,2.58000,2.54000,103.90000,117.15000
0.52000,0.00000,-0.02000,3.09000,2.80000,2.69000,2.66000,103.90000,117.15000
0.53000,0.00000,-0.01000,3.15000,2.76000,2.95000,2.93000,104.62000,122.92000
0.53000,0.00000,-0.01000,3.22000,2.78000,3.17000,3.16000,104.62000,122.92000
0.54000,0.00000,-0.00000,3.18000,2.91000,3.27000,3.27000,106.82000,129.17000
0.55000,0.00000,0.00000,3.22000,2.99000,3.27000,3.27000,106.82000,129.17000
0.56000,0.00000,0.01000,3.28000,3.15000,3.22000,3.23000,106.39000,128.33000
0.56000,0.00000,0.00000,2.99000,3.13000,3.17000,3.18000,106.39000,128.33000
0.57000,0.00000,-0.00000,3.11000,3.26000,3.22000,3.22000,109.80000,127.54000
0.58000,0.00000,0.00000,3.17000,3.15000,3.25000,3.26000,109.80000,127.54000
0.58000,0.00000,0.00000,3.34000,3.30000,3.24000,3.25000,108.77000,128.14000
0.59000,0.00000,0.00000,3.38000,3.38000,3.23000,3.24000,108.77000,128.14000
0.60000,0.00000,0.00000,3.20000,3.18000,3.23000,3.23000,105.78000,125.00000
0.61000,0.00000,-0.00000,3.17000,3.34000,3.21000,3.22000,105.78000,125.00000
0.61000,0.00000,-0.00000,2.99000,3.17000,3.25000,3.25000,108.34000,125.07000
0.62000,0.00000,-0.00000,3.15000,3.05000,3.28000,3.28000,108.34000,125.07000
0.63000,0.00000,-0.00000,3.26000,3.30000,3.26000,3.27000,109.30000,129.09000
0.64000,0.00000,0.00000,3.51000,3.13000,3.27000,3.27000,109.30000,129.09000
0.64000,0.00000,0.01000,3.45000,3.15000,3.15000,3.16000,103.02000,127.58000
0.65000,0.00000,0.01000,3.36000,3.07000,2.94000,2.96000,103.02000,127.58000
0.66000,0.00000,0.02000,3.34000,3.20000,2.52000,2.57000,93.63000,119.78000
0.66000,0.00000,0.02000,3.13000,3.11000,2.03000,2.25000,93.63000,119.78000
0.67000,0.00000,0.02000,2.99000,3.05000,1.79000,2.03000,80.99000,108.13000
0.68000,0.00000,0.01000,2.76000,2.82000,1.66000,1.92000,80.99000,108.13000
0.68000,0.00000,0.01000,2.47000,2.76000,1.55000,1.84000,74.97000,103.06000
0.69000,0.00000,-0.00000,2.03000,2.53000,1.59000,1.87000,74.97000,103.06000
0.69000,0.00000,-0.01000,1.81000,2.45000,1.86000,2.10000,83.26000,105.43000
0.70000,0.00000,-0.02000,1.76000,2.32000,2.61000,2.64000,83.26000,105.43000
0.70000,0.00000,-0.03000,2.10000,2.53000,3.01000,3.03000,103.55000,119.86000
0.71000,0.00000,-0.03000,2.34000,2.53000,3.17000,3.18000,103.55000,119.86000
0.71000,0.00000,-0.03000,2.84000,2.63000,0.19000,-0.19000,59.93000,72.72000
0.72000,0.00000,-0.02000,2.39000,2.03000,0.21000,-0.21000,59.93000,72.72000
0.72000,0.00000,-0.02000,1.68000,1.43000,0.23000,-0.24000,47.06000,63.14000
0.72000,0.00000,-0.01000,1.02000,0.58000,0.25000,-0.26000,47.06000,63.14000
0.73000,0.00000,-0.01000,0.23000,0.21000,0.27000,-0.27000,55.20000,70.75000
0.73000,0.00000,-0.02000,0.00000,0.29000,0.27000,-0.28000,55.20000,70.75000
0.73000,0.00000,-0.02000,0.00000,0.21000,0.26000,-0.27000,65.88000,70.05000
0.73000,0.00000,-0.02000,0.02000,0.21000,0.26000,-0.26000,65.88000,70.05000
0.73000,0.00000,-0.03000,0.00000,0.23000,0.25000,-0.26000,67.00000,68.09000
0.73000,0.00000,-0.03000,0.00000,0.39000,0.25000,-0.25000,67.00000,68.09000
0.73000,0.00000,-0.04000,0.00000,0.27000,0.24000,-0.24000,68.48000,62.73000
0.73000,0.00000,-0.04000,0.02000,0.04000,0.23000,-0.24000,68.48000,62.73000
0.73000,0.00000,-0.03000,0.31000,0.00000,0.23000,-0.24000,69.49000,64.31000
0.73000,0.00000,-0.02000,0.56000,0.00000,0.24000,-0.25000,69.49000,64.31000
0.73000,0.00000,-0.01000,0.81000,0.00000,0.26000,-0.26000,63.06000,62.85000
0.73000,0.00000,0.01000,0.98000,0.00000,0.28000,-0.29000,63.06000,62.85000
0.73000,0.00000,0.03000,0.89000,0.00000,0.31000,-0.32000,55.85000,60.37000
0.73000,0.00000,0.04000,0.58000,0.00000,0.34000,-0.35000,55.85000,60.37000
0.73000,0.00000,0.04000,0.33000,0.00000,0.36000,-0.37000,58.43000,57.70000
0.73000,0.00000,0.05000,0.31000,0.00000,0.37000,-0.38000,58.43000,57.70000
0.73000,0.00000,0.05000,0.31000,0.00000,0.37000,-0.39000,61.39000,55.16000
0.73000,0.00000,0.06000,0.50000,0.00000,0.38000,-0.40000,61.39000,55.16000
0.73000,0.00000,0.07000,0.71000,0.00000,0.39000,-0.42000,59.25000,52.44000
0.73000,0.00000,0.09000,0.60000,0.00000,0.41000,-0.44000,59.25000,52.44000
0.74000,0.00000,0.09000,0.35000,0.00000,0.42000,-0.45000,57.46000,49.37000
0.74000,0.00000,0.09000,0.17000,0.00000,0.43000,-0.46000,57.46000,49.37000
0.74000,0.00000,0.10000,0.04000,0.00000,0.43000,-0.47000,63.03000,46.43000
0.74000,0.00000,0.10000,0.00000,0.00000,0.43000,-0.47000,63.03000,46.43000
0.74000,0.00000,0.10000,0.00000,0.00000,0.43000,-0.47000,67.11000,43.60000
0.74000,0.00000,0.10000,0.31000,0.00000,0.43000,-0.47000,67.11000,43.60000
0.74000,0.00000,0.11000,0.54000,0.00000,0.43000,-0.48000,65.07000,40.66000
0.74000,0.00000,0.12000,0.71000,0.00000,0.44000,-0.49000,65.07000,40.66000
0.74000,0.00000,0.14000,0.89000,0.00000,0.45000,-0.51000,60.07000,37.31000
0.74000,0.00000,0.16000,0.98000,0.00000,0.45000,-0.53000,60.07000,37.31000
0.74000,0.00000,0.17000,0.79000,0.00000,0.45000,-0.55000,54.49000,33.59000
0.74000,0.00000,0.18000,0.52000,0.00000,0.44000,-0.57000,54.49000,33.59000
0.74000,0.00000,0.19000,0.31000,0.00000,0.43000,-0.59000,57.97000,29.77000
0.74000,0.00000,0.19000,0.25000,0.00000,0.43000,-0.60000,57.97000,29.77000
0.74000,0.00000,0.20000,0.25000,0.00000,0.42000,-0.60000,61.37000,26.02000
0.74000,0.00000,0.20000,0.44000,0.00000,0.42000,-0.61000,61.37000,26.02000
0.74000,0.00000,0.21000,0.56000,0.00000,0.41000,-0.62000,59.39000,22.09000
0.74000,0.00000,0.22000,0.39000,0.00000,0.39000,-0.64000,59.39000,22.09000
0.74000,0.00000,0.22000,0.04000,0.00000,0.38000,-0.66000,59.42000,17.85000
0.74000,0.00000,0.22000,0.00000,0.00000,0.38000,-0.66000,59.42000,17.85000
0.74000,0.00000,0.22000,0.00000,0.00000,0.38000,-0.66000,65.23000,13.89000
0.74000,0.00000,0.22000,0.04000,0.00000,0.38000,-0.66000,65.23000,13.89000
0.74000,0.00000,0.22000,0.12000,0.00000,0.38000,-0.66000,66.86000,9.92000
0.74000,0.00000,0.22000,0.00000,0.00000,0.37000,-0.66000,66.86000,9.92000
0.74000,0.00000,0.22000,0.00000,0.00000,0.37000,-0.66000,69.44000,5.89000
0.74000,0.00000,0.22000,0.00000,0.00000,0.37000,-0.66000,69.44000,5.89000
0.74000,0.00000,0.23000,0.12000,0.00000,0.37000,-0.66000,71.68000,1.90000
0.74000,0.00000,0.23000,0.29000,0.00000,0.37000,-0.67000,71.68000,1.90000
0.74000,0.00000,0.24000,0.42000,0.00000,0.36000,-0.68000,69.33000,-2.32000
0.74000,0.00000,0.25000,0.58000,0.00000,0.34000,-0.70000,69.33000,-2.32000
0.75000,0.00000,0.27000,0.83000,0.00000,0.31000,-0.73000,64.67000,-7.10000
0.75000,0.00000,0.28000,1.00000,0.00000,0.26000,-0.77000,64.67000,-7.10000
0.75000,0.00000,0.30000,0.96000,0.00000,0.19000,-0.84000,55.02000,-13.20000
0.75000,0.00000,0.31000,0.66000,0.00000,0.11000,-0.92000,55.02000,-13.20000
0.75000,0.00000,0.32000,0.42000,0.00000,0.05000,-0.98000,52.99000,-20.31000
0.75000,0.00000,0.32000,0.21000,0.00000,0.00000,-1.02000,52.99000,-20.31000
0.75000,0.00000,0.32000,0.00000,0.00000,-0.02000,-1.04000,55.12000,-27.15000
0.75000,0.00000,0.32000,0.00000,0.00000,-0.02000,-1.04000,55.12000,-27.15000
0.75000,0.00000,0.32000,0.00000,0.00000,-0.02000,-1.04000,56.86000,-33.41000
0.75000,0.00000,0.32000,0.00000,0.00000,-0.02000,-1.04000,56.86000,-33.41000
0.75000,0.00000,0.32000,0.00000,0.00000,-0.02000,-1.04000,56.73000,-39.67000
0.75000,0.00000,0.32000,0.00000,0.00000,-0.02000,-1.04000,56.73000,-39.67000
0.75000,0.00000,0.32000,0.00000,0.00000,-0.02000,-1.04000,56.60000,-45.94000
0.75000,0.00000,0.32000,0.00000,0.00000,-0.02000,-1.04000,56.60000,-45.94000
0.75000,0.00000,0.32000,0.00000,0.00000,-0.02000,-1.04000,56.47000,-52.20000
0.75000,0.00000,0.32000,0.00000,-0.02000,-0.02000,-1.04000,56.47000,-52.20000
0.75000,0.00000,0.32000,0.00000,0.00000,-0.02000,-1.05000,56.31000,-58.18000
0.75000,0.00000,0.32000,0.00000,0.00000,-0.02000,-1.05000,56.31000,-58.18000
0.75000,0.00000,0.32000,0.00000,0.00000,-0.02000,-1.05000,56.16000,-64.64000
0.75000,0.00000,0.32000,0.00000,-0.02000,-0.02000,-1.05000,56.16000,-64.64000
0.75000,0.00000,0.32000,0.00000,0.00000,-0.03000,-1.05000,55.99000,-70.63000
0.75000,0.00000,0.32000,0.00000,0.00000,-0.03000,-1.05000,55.99000,-70.63000
0.75000,0.00000,0.32000,0.00000,0.00000,-0.03000,-1.05000,55.84000,-77.10000
0.75000,0.00000,0.32000,0.00000,0.00000,-0.03000,-1.05000,55.84000,-77.10000
0.75000,0.00000,0.32000,0.00000,0.00000,-0.03000,-1.05000,55.69000,-83.38000
0.75000,0.00000,0.32000,0.00000,0.00000,-0.03000,-1.05000,55.69000,-83.38000
0.75000,0.00000,0.32000,0.00000,0.00000,-0.03000,-1.05000,55.53000,-89.67000
0.75000,0.00000,0.32000,0.00000,0.00000,-0.03000,-1.05000,55.53000,-89.67000
0.75000,0.00000,0.32000,0.00000,0.00000,-0.03000,-1.05000,55.38000,-95.95000
0.75000,0.00000,0.33000,0.00000,-0.02000,-0.03000,-1.05000,55.38000,-95.95000
0.75000,0.00000,0.33000,0.00000,0.00000,-0.03000,-1.05000,55.20000,-101.95000
0.75000,0.00000,0.33000,0.00000,0.00000,-0.03000,-1.05000,55.20000,-101.95000
0.75000,0.00000,0.33000,0.00000,0.00000,-0.03000,-1.05000,55.03000,-108.43000
0.75000,0.00000,0.33000,0.00000,0.00000,-0.03000,-1.05000,55.03000,-108.43000
0.75000,0.00000,0.33000,0.00000,0.00000,-0.03000,-1.05000,54.86000,-114.73000
0.75000,0.00000,0.33000,0.00000,0.00000,-0.03000,-1.05000,54.86000,-114.73000
0.75000,0.00000,0.33000,0.00000,-0.02000,-0.03000,-1.05000,54.70000,-121.03000
0.75000,0.00000,0.34000,0.00000,-0.71000,-0.03000,-1.05000,54.70000,-121.03000
0.75000,0.00000,0.36000,0.00000,-1.37000,-0.10000,-1.12000,53.46000,-117.76000
0.74000,0.00000,0.40000,0.00000,-1.85000,-0.24000,-1.25000,53.46000,-117.76000
0.74000,0.00000,0.43000,0.00000,-2.10000,-0.42000,-1.46000,48.05000,-108.31000
0.74000,0.00000,0.48000,0.00000,-2.32000,-0.59000,-1.67000,48.05000,-108.31000
0.74000,-0.00000,0.52000,0.00000,-2.34000,-0.72000,-1.84000,40.96000,-104.57000
0.74000,-0.00000,0.56000,0.00000,-2.34000,-0.81000,-1.97000,40.96000,-104.57000
0.73000,-0.00000,0.60000,0.00000,-2.34000,-0.87000,-2.06000,34.49000,-104.57000
0.73000,-0.01000,0.65000,0.00000,-2.30000,-0.89000,-2.11000,34.49000,-104.57000
0.73000,-0.01000,0.69000,0.00000,-2.34000,-0.90000,-2.15000,28.78000,-104.92000
0.73000,-0.01000,0.73000,0.00000,-2.37000,-0.91000,-2.18000,28.78000,-104.92000
0.73000,-0.01000,0.77000,-0.02000,-2.43000,-0.90000,-2.20000,23.31000,-103.74000
0.72000,-0.01000,0.82000,0.00000,-2.51000,-0.91000,-2.21000,23.31000,-103.74000
0.72000,-0.01000,0.86000,0.00000,-2.51000,-0.91000,-2.21000,17.85000,-100.77000
0.72000,-0.02000,0.91000,0.00000,-2.53000,-0.91000,-2.21000,17.85000,-100.77000
0.72000,-0.02000,0.95000,0.00000,-2.43000,-0.91000,-2.21000,12.37000,-98.70000
0.72000,-0.02000,1.00000,0.00000,-2.41000,-0.91000,-2.21000,12.37000,-98.70000
0.71000,-0.02000,1.04000,0.00000,-2.45000,-0.91000,-2.21000,6.85000,-98.61000
0.71000,-0.03000,1.09000,0.00000,-2.49000,-0.92000,-2.20000,6.85000,-98.61000
0.71000,-0.03000,1.13000,0.00000,-2.53000,-0.93000,-2.19000,1.09000,-95.91000
0.71000,-0.03000,1.18000,0.00000,-2.53000,-0.95000,-2.18000,1.09000,-95.91000
0.71000,-0.03000,1.22000,0.00000,-2.49000,-0.97000,-2.16000,-5.03000,-93.01000
0.71000,-0.04000,1.27000,0.00000,-2.41000,-0.99000,-2.14000,-5.03000,-93.01000
0.71000,-0.04000,1.31000,0.00000,-2.45000,-1.00000,-2.12000,-11.39000,-92.07000
0.71000,-0.04000,1.35000,0.00000,-2.37000,-1.02000,-2.11000,-11.39000,-92.07000
0.71000,-0.04000,1.40000,0.00000,-2.28000,-3.17000,-3.20000,-49.91000,-107.16000
0.71000,-0.05000,1.44000,-0.02000,-2.37000,-2.20000,-1.47000,-49.91000,-107.16000
0.71000,-0.05000,1.48000,0.00000,-2.45000,-2.11000,-1.01000,-52.75000,-79.34000
0.71000,-0.05000,1.52000,0.00000,-2.08000,-2.13000,-0.99000,-52.75000,-79.34000
0.71000,-0.05000,1.55000,-0.02000,-1.47000,-2.15000,-0.98000,-66.13000,-75.05000
0.71000,-0.05000,1.56000,-0.02000,-1.00000,-2.16000,-0.97000,-66.13000,-75.05000
0.71000,-0.05000,1.57000,-0.02000,-0.31000,-2.17000,-0.96000,-79.00000,-84.35000
0.71000,-0.06000,1.56000,-0.56000,0.00000,-2.17000,-0.96000,-79.00000,-84.35000
0.71000,-0.06000,1.54000,-0.83000,0.00000,-2.17000,-0.96000,-83.76000,-99.10000
0.71000,-0.06000,1.53000,-0.83000,0.00000,-2.16000,-0.97000,-83.76000,-99.10000
0.71000,-0.06000,1.52000,-0.50000,0.00000,-2.15000,-0.97000,-89.13000,-105.03000
0.71000,-0.06000,1.51000,-0.58000,0.00000,-2.15000,-0.98000,-89.13000,-105.03000
0.71000,-0.06000,1.49000,-0.91000,0.00000,-2.14000,-0.98000,-100.69000,-111.00000
0.71000,-0.06000,1.47000,-1.37000,-0.02000,-2.14000,-0.99000,-100.69000,-111.00000
0.71000,-0.06000,1.44000,-1.76000,-0.42000,-2.13000,-1.00000,-97.97000,-116.82000
0.70000,-0.07000,1.43000,-1.93000,-1.16000,-2.12000,-1.01000,-97.97000,-116.82000
0.70000,-0.07000,1.43000,-2.03000,-1.85000,-2.11000,-1.01000,-93.89000,-105.78000
0.70000,-0.08000,1.43000,-1.95000,-1.95000,-2.11000,-1.01000,-93.89000,-105.78000
0.70000,-0.08000,1.43000,-2.08000,-2.03000,-2.11000,-1.01000,-94.65000,-93.06000
0.70000,-0.08000,1.42000,-2.20000,-1.64000,-2.11000,-1.01000,-94.65000,-93.06000
0.70000,-0.09000,1.40000,-2.37000,-1.35000,-2.11000,-1.02000,-91.84000,-92.16000
0.70000,-0.09000,1.37000,-2.66000,-1.02000,-2.11000,-1.05000,-91.84000,-92.16000
0.70000,-0.10000,1.33000,-2.70000,-0.68000,-3.04000,-3.00000,-98.44000,-127.54000
0.70000,-0.10000,1.30000,-2.72000,-1.12000,-2.59000,-2.67000,-98.44000,-127.54000
0.70000,-0.11000,1.29000,-2.72000,-1.89000,-1.02000,-2.11000,-69.58000,-124.45000
0.70000,-0.11000,1.28000,-2.24000,-2.07000,-1.01000,-2.11000,-69.58000,-124.45000
0.69000,-0.11000,1.30000,-1.70000,-2.30000,-1.01000,-2.11000,-66.39000,-116.11000
0.69000,-0.12000,1.31000,-1.35000,-2.28000,-1.02000,-2.11000,-66.39000,-116.11000
0.69000,-0.12000,1.34000,-1.06000,-2.30000,-1.05000,-2.11000,-72.99000,-113.18000
0.69000,-0.13000,1.36000,-1.06000,-2.22000,-2.58000,-2.66000,-72.99000,-113.18000
0.69000,-0.13000,1.37000,-1.29000,-2.20000,-3.27000,-3.29000,-108.81000,-130.84000
0.69000,-0.13000,1.38000,-1.87000,-2.49000,-3.01000,-2.96000,-108.81000,-130.84000
0.69000,-0.14000,1.38000,-2.55000,-2.57000,-2.38000,-2.04000,-96.64000,-114.37000
0.69000,-0.15000,1.38000,-2.53000,-2.47000,-2.35000,-1.94000,-96.64000,-114.37000
0.69000,-0.15000,1.38000,-2.51000,-2.43000,-2.38000,-2.03000,-89.70000,-111.80000
0.69000,-0.16000,1.38000,-2.34000,-2.22000,-2.43000,-2.16000,-89.70000,-111.80000
0.69000,-0.16000,1.37000,-2.20000,-1.83000,-2.53000,-2.38000,-93.82000,-118.19000
0.68000,-0.16000,1.37000,-1.99000,-1.68000,-2.91000,-2.86000,-93.82000,-118.19000
0.68000,-0.17000,1.37000,-2.03000,-2.10000,-3.12000,-3.09000,-109.10000,-137.84000
0.68000,-0.17000,1.37000,-2.49000,-2.51000,-3.08000,-3.04000,-109.10000,-137.84000
0.68000,-0.18000,1.37000,-2.90000,-2.82000,-3.06000,-3.02000,-107.51000,-132.87000
0.68000,-0.19000,1.36000,-3.30000,-2.86000,-3.10000,-3.06000,-107.51000,-132.87000
0.68000,-0.19000,1.34000,-3.44000,-2.37000,-3.26000,-3.23000,-101.80000,-133.82000
0.68000,-0.20000,1.32000,-3.09000,-2.10000,-3.01000,-3.05000,-101.80000,-133.82000
0.68000,-0.20000,1.31000,-2.66000,-2.14000,-1.45000,-2.19000,-77.55000,-131.94000
0.67000,-0.21000,1.32000,-1.74000,-2.05000,-1.07000,-2.11000,-77.55000,-131.94000
0.67000,-0.21000,1.33000,-1.04000,-1.95000,-1.18000,-2.13000,-83.83000,-132.20000
0.67000,-0.21000,1.36000,-0.66000,-1.89000,-2.62000,-2.70000,-83.83000,-132.20000
0.67000,-0.22000,1.38000,-0.58000,-2.05000,-3.29000,-3.27000,-128.37000,-152.24000
0.67000,-0.22000,1.40000,-1.41000,-2.18000,-2.37000,-1.99000,-128.37000,-152.24000
0.67000,-0.23000,1.39000,-2.70000,-2.41000,-2.11000,-1.08000,-115.22000,-123.35000
0.67000,-0.23000,1.37000,-3.26000,-2.28000,-2.13000,-1.19000,-115.22000,-123.35000
0.67000,-0.24000,1.35000,-3.46000,-2.22000,-2.76000,-2.70000,-101.52000,-139.44000
0.67000,-0.25000,1.34000,-3.24000,-2.49000,-3.26000,-3.29000,-101.52000,-139.44000
0.67000,-0.25000,1.33000,-2.99000,-2.57000,-2.97000,-3.01000,-101.91000,-143.51000
0.66000,-0.26000,1.33000,-2.86000,-2.68000,-2.47000,-2.57000,-101.91000,-143.51000
0.66000,-0.26000,1.33000,-2.82000,-2.84000,-2.00000,-2.37000,-91.36000,-134.20000
0.66000,-0.27000,1.33000,-2.66000,-2.72000,-1.96000,-2.35000,-91.36000,-134.20000
0.66000,-0.27000,1.33000,-2.30000,-2.59000,-2.01000,-2.37000,-89.45000,-131.79000
0.66000,-0.28000,1.34000,-2.22000,-2.43000,-2.53000,-2.62000,-89.45000,-131.79000
0.66000,-0.28000,1.33000,-2.32000,-2.16000,-2.77000,-2.83000,-103.44000,-140.87000
0.66000,-0.29000,1.32000,-2.70000,-2.10000,-2.52000,-2.61000,-103.44000,-140.87000
0.65000,-0.30000,1.31000,-2.95000,-2.18000,-1.34000,-2.17000,-78.20000,-138.33000
0.65000,-0.30000,1.31000,-2.61000,-2.34000,-1.03000,-2.11000,-78.20000,-138.33000
0.65000,-0.31000,1.31000,-2.16000,-2.47000,-1.02000,-2.11000,-66.49000,-134.13000
0.65000,-0.31000,1.33000,-1.74000,-2.66000,-1.02000,-2.11000,-66.49000,-134.13000
0.65000,-0.32000,1.36000,-1.12000,-2.72000,-1.25000,-2.15000,-73.49000,-128.62000
0.65000,-0.32000,1.38000,-1.04000,-2.55000,-3.20000,-3.23000,-73.49000,-128.62000
0.65000,-0.32000,1.41000,-1.18000,-2.51000,-2.80000,-2.74000,-104.35000,-136.00000
0.65000,-0.33000,1.43000,-1.47000,-2.63000,-2.11000,-1.05000,-104.35000,-136.00000
0.65000,-0.33000,1.44000,-2.14000,-2.74000,-2.11000,-1.01000,-98.02000,-110.02000
0.65000,-0.34000,1.44000,-2.39000,-2.59000,-2.11000,-1.01000,-98.02000,-110.02000
0.65000,-0.34000,1.44000,-2.45000,-2.26000,-2.12000,-1.01000,-88.28000,-100.84000
0.64000,-0.35000,1.43000,-2.24000,-1.93000,-2.12000,-1.01000,-88.28000,-100.84000
0.64000,-0.35000,1.43000,-2.05000,-1.70000,-2.12000,-1.01000,-88.82000,-101.30000
0.64000,-0.36000,1.42000,-1.95000,-1.47000,-2.11000,-1.01000,-88.82000,-101.30000
0.64000,-0.36000,1.42000,-1.78000,-1.60000,-2.11000,-1.01000,-92.34000,-102.66000
0.64000,-0.36000,1.41000,-1.81000,-1.64000,-2.11000,-1.01000,-92.34000,-102.66000
0.64000,-0.37000,1.41000,-1.93000,-1.54000,-2.11000,-1.01000,-95.46000,-97.42000
0.64000,-0.37000,1.40000,-2.12000,-1.56000,-2.11000,-1.02000,-95.46000,-97.42000
0.64000,-0.38000,1.38000,-2.08000,-1.35000,-2.11000,-1.02000,-92.57000,-95.01000
0.64000,-0.38000,1.37000,-2.14000,-1.25000,-2.11000,-1.05000,-92.57000,-95.01000
0.64000,-0.38000,1.34000,-2.37000,-1.00000,-2.30000,-1.80000,-95.07000,-108.19000
0.64000,-0.39000,1.31000,-2.59000,-0.66000,-3.26000,-3.24000,-95.07000,-108.19000
0.64000,-0.39000,1.28000,-2.12000,-0.62000,-1.71000,-2.27000,-80.29000,-127.21000
0.64000,-0.39000,1.27000,-1.39000,-0.83000,-1.02000,-2.11000,-80.29000,-127.21000
0.64000,-0.39000,1.27000,-0.91000,-0.87000,-1.01000,-2.11000,-82.62000,-131.98000
0.64000,-0.40000,1.28000,-0.71000,-1.20000,-1.01000,-2.11000,-82.62000,-131.98000
0.63000,-0.40000,1.29000,-0.54000,-1.29000,-1.02000,-2.11000,-90.67000,-134.03000
0.63000,-0.40000,1.30000,-0.50000,-1.18000,-1.02000,-2.11000,-90.67000,-134.03000
0.63000,-0.40000,1.32000,-0.42000,-1.12000,-1.12000,-2.12000,-97.15000,-139.92000
0.63000,-0.40000,1.33000,-0.44000,-1.27000,-1.96000,-2.35000,-97.15000,-139.92000
0.63000,-0.41000,1.34000,-0.64000,-1.33000,-3.06000,-3.09000,-130.91000,-158.90000
0.63000,-0.41000,1.35000,-1.33000,-1.58000,-3.27000,-3.29000,-130.91000,-158.90000
0.63000,-0.41000,1.35000,-2.14000,-2.03000,-3.28000,-3.25000,-136.56000,-167.58000
0.63000,-0.42000,1.34000,-2.88000,-2.55000,-3.29000,-3.26000,-136.56000,-167.58000
0.63000,-0.43000,1.33000,-3.49000,-2.82000,-3.25000,-3.27000,-124.48000,-163.35000
0.63000,-0.43000,1.32000,-3.67000,-2.99000,-2.92000,-2.97000,-124.48000,-163.35000
0.62000,-0.44000,1.31000,-3.67000,-3.34000,-1.63000,-2.24000,-90.61000,-145.70000
0.62000,-0.45000,1.31000,-3.36000,-3.40000,-1.10000,-2.12000,-90.61000,-145.70000
0.62000,-0.45000,1.32000,-2.86000,-3.34000,-1.04000,-2.11000,-74.20000,-132.94000
0.62000,-0.46000,1.34000,-2.22000,-3.11000,-1.06000,-2.11000,-74.20000,-132.94000
0.62000,-0.47000,1.36000,-1.66000,-2.95000,-1.42000,-2.18000,-83.06000,-130.69000
0.62000,-0.47000,1.38000,-1.66000,-2.68000,-3.01000,-3.05000,-83.06000,-130.69000
0.62000,-0.47000,1.39000,-1.68000,-2.45000,-3.29000,-3.26000,-114.70000,-147.86000
0.61000,-0.48000,1.39000,-2.12000,-2.32000,-2.97000,-2.93000,-114.70000,-147.86000
0.61000,-0.49000,1.39000,-2.86000,-2.34000,-2.12000,-1.00000,-100.17000,-122.72000
0.61000,-0.49000,1.36000,-3.26000,-2.09000,-2.12000,-1.00000,-100.17000,-122.72000
0.61000,-0.50000,1.34000,-3.28000,-1.91000,-2.11000,-1.01000,-82.94000,-118.37000
0.61000,-0.50000,1.32000,-2.88000,-1.95000,-2.11000,-1.02000,-82.94000,-118.37000
0.61000,-0.51000,1.32000,-2.37000,-2.03000,-2.14000,-1.23000,-82.09000,-117.40000
0.61000,-0.51000,1.32000,-2.05000,-2.24000,-2.24000,-1.63000,-82.09000,-117.40000
0.61000,-0.52000,1.33000,-1.87000,-2.26000,-2.16000,-1.34000,-90.42000,-110.25000
0.61000,-0.52000,1.33000,-1.83000,-1.97000,-2.11000,-1.08000,-90.42000,-110.25000
0.60000,-0.52000,1.33000,-1.99000,-2.01000,-2.11000,-1.05000,-93.65000,-104.53000
0.60000,-0.53000,1.33000,-1.93000,-1.76000,-2.11000,-1.04000,-93.65000,-104.53000
0.60000,-0.53000,1.32000,-2.03000,-1.78000,-2.11000,-1.06000,-93.81000,-102.31000
0.60000,-0.54000,1.32000,-2.01000,-1.62000,-2.12000,-1.13000,-93.81000,-102.31000
0.60000,-0.54000,1.31000,-2.14000,-1.62000,-2.20000,-1.47000,-94.97000,-106.41000
0.60000,-0.54000,1.30000,-2.01000,-1.56000,-2.57000,-2.46000,-94.97000,-106.41000
0.60000,-0.55000,1.29000,-2.14000,-1.83000,-3.01000,-2.97000,-108.31000,-128.97000
0.60000,-0.55000,1.29000,-2.39000,-2.10000,-3.18000,-3.15000,-108.31000,-128.97000
0.60000,-0.56000,1.28000,-2.61000,-2.45000,-3.27000,-3.24000,-112.52000,-133.41000
0.59000,-0.57000,1.28000,-2.97000,-2.72000,-3.29000,-3.26000,-112.52000,-133.41000
0.59000,-0.57000,1.27000,-3.24000,-2.86000,-3.26000,-3.28000,-108.98000,-131.61000
0.59000,-0.58000,1.26000,-3.53000,-2.99000,-3.16000,-3.19000,-108.98000,-131.61000
0.59000,-0.59000,1.25000,-3.32000,-2.68000,-2.75000,-2.81000,-94.65000,-123.84000
0.59000,-0.59000,1.24000,-2.86000,-1.99000,-1.54000,-2.22000,-94.65000,-123.84000
0.58000,-0.59000,1.22000,-2.20000,-1.12000,-1.03000,-2.11000,-74.19000,-127.14000
0.58000,-0.60000,1.21000,-1.25000,-0.68000,-1.01000,-2.11000,-74.19000,-127.14000
0.58000,-0.60000,1.21000,-0.46000,-0.71000,-1.01000,-2.11000,-87.15000,-147.56000
0.58000,-0.60000,1.23000,-0.04000,-0.98000,-1.01000,-2.11000,-87.15000,-147.56000
0.58000,-0.60000,1.25000,-0.02000,-1.31000,-1.02000,-2.11000,-103.92000,-151.65000
0.58000,-0.60000,1.28000,-0.10000,-1.45000,-1.31000,-2.16000,-103.92000,-151.65000
0.58000,-0.60000,1.30000,-0.04000,-1.60000,-3.14000,-3.17000,-140.62000,-167.20000
0.58000,-0.61000,1.32000,-0.87000,-1.81000,-2.90000,-2.85000,-140.62000,-167.20000
0.58000,-0.61000,1.32000,-2.03000,-2.12000,-2.16000,-1.30000,-132.58000,-144.17000
0.58000,-0.62000,1.31000,-3.03000,-2.22000,-2.13000,-1.20000,-132.58000,-144.17000
0.58000,-0.62000,1.28000,-3.59000,-2.10000,-2.59000,-2.50000,-114.48000,-152.90000
0.57000,-0.63000,1.26000,-3.65000,-2.41000,-3.25000,-3.28000,-114.48000,-152.90000
0.57000,-0.64000,1.25000,-3.34000,-2.68000,-2.10000,-2.41000,-95.18000,-150.42000
0.57000,-0.64000,1.24000,-3.11000,-2.74000,-1.13000,-2.12000,-95.18000,-150.42000
0.57000,-0.65000,1.24000,-2.78000,-2.93000,-1.04000,-2.11000,-77.99000,-140.91000
0.57000,-0.65000,1.25000,-2.28000,-2.80000,-1.04000,-2.11000,-77.99000,-140.91000
0.56000,-0.66000,1.27000,-1.66000,-2.49000,-1.22000,-2.14000,-80.67000,-136.66000
0.56000,-0.66000,1.28000,-1.54000,-2.22000,-2.56000,-2.65000,-80.67000,-136.66000
0.56000,-0.67000,1.29000,-1.29000,-2.12000,-3.14000,-3.17000,-114.38000,-156.94000
0.56000,-0.67000,1.30000,-1.89000,-2.36000,-3.26000,-3.24000,-114.38000,-156.94000
0.56000,-0.68000,1.30000,-2.72000,-2.59000,-3.08000,-3.04000,-117.73000,-158.46000
0.56000,-0.68000,1.29000,-3.36000,-2.68000,-3.13000,-3.10000,-117.73000,-158.46000
0.56000,-0.69000,1.27000,-3.57000,-2.68000,-3.27000,-3.29000,-105.67000,-161.67000
0.55000,-0.70000,1.26000,-3.42000,-2.93000,-2.91000,-2.95000,-105.67000,-161.67000
0.55000,-0.70000,1.26000,-3.17000,-3.13000,-2.12000,-2.42000,-86.95000,-148.45000
0.55000,-0.71000,1.27000,-2.66000,-3.13000,-1.93000,-2.34000,-86.95000,-148.45000
0.55000,-0.71000,1.29000,-2.20000,-3.28000,-2.72000,-2.79000,-99.66000,-147.85000
0.55000,-0.72000,1.31000,-2.28000,-3.19000,-3.27000,-3.29000,-99.66000,-147.85000
0.54000,-0.73000,1.31000,-2.47000,-2.95000,-3.00000,-2.96000,-109.86000,-147.43000
0.54000,-0.73000,1.32000,-2.51000,-3.01000,-2.49000,-2.30000,-109.86000,-147.43000
0.54000,-0.74000,1.33000,-2.76000,-3.15000,-2.16000,-1.32000,-98.14000,-124.25000
0.54000,-0.75000,1.34000,-2.80000,-3.05000,-2.11000,-1.06000,-98.14000,-124.25000
0.54000,-0.75000,1.34000,-2.70000,-2.82000,-2.11000,-1.03000,-90.85000,-109.12000
0.54000,-0.76000,1.34000,-2.51000,-2.53000,-2.11000,-1.02000,-90.85000,-109.12000
0.54000,-0.76000,1.33000,-2.39000,-2.22000,-2.11000,-1.02000,-91.05000,-104.65000
0.53000,-0.77000,1.33000,-2.26000,-1.95000,-2.11000,-1.02000,-91.05000,-104.65000
0.53000,-0.77000,1.32000,-2.39000,-1.72000,-2.11000,-1.03000,-92.34000,-104.39000
0.53000,-0.78000,1.30000,-2.49000,-1.64000,-2.12000,-1.13000,-92.34000,-104.39000
0.53000,-0.78000,1.28000,-2.47000,-1.45000,-2.48000,-2.28000,-93.63000,-122.29000
0.53000,-0.78000,1.27000,-2.22000,-1.31000,-3.23000,-3.20000,-93.63000,-122.29000
0.53000,-0.79000,1.26000,-1.87000,-1.22000,-3.16000,-3.19000,-107.87000,-144.84000
0.53000,-0.79000,1.25000,-1.74000,-1.20000,-2.65000,-2.72000,-107.87000,-144.84000
0.53000,-0.79000,1.24000,-1.68000,-1.58000,-1.56000,-2.22000,-96.62000,-143.14000
0.53000,-0.80000,1.25000,-1.64000,-1.93000,-1.35000,-2.17000,-96.62000,-143.14000
0.52000,-0.80000,1.26000,-1.39000,-1.93000,-1.70000,-2.27000,-99.20000,-139.01000
0.52000,-0.80000,1.26000,-1.76000,-1.95000,-2.65000,-2.72000,-99.20000,-139.01000
0.52000,-0.81000,1.26000,-2.20000,-1.99000,-2.82000,-2.88000,-114.50000,-149.86000
0.52000,-0.81000,1.25000,-2.61000,-2.30000,-2.51000,-2.60000,-114.50000,-149.86000
0.52000,-0.82000,1.24000,-3.03000,-2.47000,-1.73000,-2.27000,-91.70000,-141.10000
0.52000,-0.83000,1.24000,-2.61000,-2.53000,-1.08000,-2.11000,-91.70000,-141.10000
0.51000,-0.83000,1.25000,-1.99000,-2.57000,-1.04000,-2.11000,-76.09000,-134.99000
0.51000,-0.83000,1.27000,-1.49000,-2.51000,-1.18000,-2.13000,-76.09000,-134.99000
0.51000,-0.84000,1.29000,-1.33000,-2.59000,-2.66000,-2.73000,-107.67000,-142.09000
0.51000,-0.84000,1.31000,-1.47000,-2.47000,-3.29000,-3.27000,-107.67000,-142.09000
0.51000,-0.85000,1.32000,-2.01000,-2.57000,-2.84000,-2.78000,-117.65000,-144.74000
0.51000,-0.85000,1.33000,-2.30000,-2.66000,-2.24000,-1.63000,-117.65000,-144.74000
0.51000,-0.86000,1.34000,-1.68000,-2.57000,-2.12000,-1.12000,-102.63000,-118.98000
0.51000,-0.86000,1.36000,-0.95000,-1.93000,-2.11000,-1.02000,-102.63000,-118.98000
0.51000,-0.86000,1.36000,-0.27000,-0.23000,-2.11000,-1.01000,-121.68000,-118.97000
0.51000,-0.86000,1.36000,-0.02000,0.00000,-2.11000,-1.01000,-121.68000,-118.97000
0.51000,-0.86000,1.36000,-0.08000,0.00000,-2.11000,-1.01000,-142.65000,-142.41000
0.51000,-0.86000,1.34000,-0.75000,0.00000,-2.11000,-1.01000,-142.65000,-142.41000
0.51000,-0.86000,1.32000,-1.33000,0.00000,-2.11000,-1.01000,-144.22000,-148.54000
0.50000,-0.87000,1.29000,-2.16000,-0.27000,-2.11000,-1.07000,-144.22000,-148.54000
0.50000,-0.87000,1.27000,-2.78000,-1.64000,-3.16000,-3.13000,-147.08000,-182.36000
0.50000,-0.88000,1.23000,-3.57000,-1.54000,-3.16000,-3.19000,-147.08000,-182.36000
0.50000,-0.88000,1.19000,-4.05000,-1.81000,-1.03000,-2.11000,-100.00000,-165.14000
0.50000,-0.89000,1.14000,-3.92000,-1.18000,-1.00000,-2.12000,-100.00000,-165.14000
0.50000,-0.89000,1.10000,-2.97000,-0.87000,-0.97000,-2.15000,-78.60000,-174.50000
0.49000,-0.90000,1.08000,-2.14000,-0.83000,-0.95000,-2.18000,-78.60000,-174.50000
0.49000,-0.90000,1.07000,-1.20000,-0.98000,-0.97000,-2.15000,-87.68000,-185.60000
0.49000,-0.90000,1.08000,-0.93000,-1.41000,-0.97000,-2.15000,-87.68000,-185.60000
0.49000,-0.90000,1.10000,-1.02000,-2.10000,-0.98000,-2.15000,-98.77000,-184.78000
0.49000,-0.91000,1.13000,-1.24000,-2.70000,-0.98000,-2.14000,-98.77000,-184.78000
0.49000,-0.91000,1.16000,-1.66000,-3.49000,-0.99000,-2.13000,-94.63000,-169.64000
0.48000,-0.92000,1.20000,-1.87000,-3.94000,-1.01000,-2.12000,-94.63000,-169.64000
0.48000,-0.92000,1.23000,-1.97000,-3.98000,-1.02000,-2.11000,-84.25000,-147.21000
0.48000,-0.93000,1.27000,-2.07000,-4.05000,-2.95000,-2.99000,-84.25000,-147.21000
0.48000,-0.94000,1.31000,-1.64000,-3.57000,-2.81000,-2.74000,-102.81000,-144.20000
0.48000,-0.94000,1.33000,-1.04000,-2.30000,-2.11000,-1.02000,-102.81000,-144.20000
0.47000,-0.94000,1.34000,-1.95000,-2.68000,-2.11000,-1.01000,-112.38000,-136.54000
0.47000,-0.95000,1.35000,-2.66000,-2.90000,-2.12000,-1.01000,-112.38000,-136.54000
0.47000,-0.96000,1.35000,-3.01000,-2.99000,-2.12000,-1.00000,-94.70000,-119.65000
0.47000,-0.96000,1.34000,-3.05000,-2.74000,-2.12000,-1.00000,-94.70000,-119.65000
0.47000,-0.97000,1.32000,-2.97000,-2.12000,-2.12000,-1.00000,-85.58000,-110.73000
0.47000,-0.97000,1.30000,-2.45000,-1.14000,-2.12000,-1.01000,-85.58000,-110.73000
0.47000,-0.98000,1.28000,-1.85000,-0.52000,-2.11000,-1.02000,-88.80000,-124.48000
0.47000,-0.98000,1.26000,-1.20000,-0.21000,-2.13000,-1.19000,-88.80000,-124.48000
0.47000,-0.98000,1.24000,-0.91000,0.00000,-2.82000,-2.76000,-116.09000,-163.85000
0.47000,-0.98000,1.23000,-1.06000,-0.62000,-3.28000,-3.26000,-116.09000,-163.85000
0.46000,-0.98000,1.23000,-1.27000,-1.22000,-3.24000,-3.26000,-134.23000,-180.50000
0.46000,-0.99000,1.24000,-1.64000,-1.91000,-3.23000,-3.25000,-134.23000,-180.50000
0.46000,-0.99000,1.24000,-2.14000,-2.45000,-3.27000,-3.29000,-139.07000,-177.52000
0.46000,-1.00000,1.24000,-2.65000,-2.63000,-3.27000,-3.24000,-139.07000,-177.52000
0.46000,-1.00000,1.24000,-3.32000,-2.90000,-3.27000,-3.24000,-133.63000,-174.19000
0.45000,-1.01000,1.23000,-3.59000,-3.28000,-3.26000,-3.28000,-133.63000,-174.19000
0.45000,-1.02000,1.23000,-3.22000,-3.20000,-3.17000,-3.20000,-121.85000,-167.57000
0.45000,-1.02000,1.23000,-3.15000,-3.26000,-3.16000,-3.19000,-121.85000,-167.57000
0.45000,-1.03000,1.23000,-3.38000,-3.34000,-3.19000,-3.22000,-126.21000,-167.74000
0.44000,-1.04000,1.23000,-3.55000,-3.65000,-3.17000,-3.20000,-126.21000,-167.74000
0.44000,-1.05000,1.23000,-3.71000,-3.49000,-3.20000,-3.23000,-120.70000,-161.76000
0.44000,-1.05000,1.22000,-3.84000,-3.26000,-3.10000,-3.14000,-120.70000,-161.76000
0.44000,-1.06000,1.20000,-4.09000,-3.30000,-2.53000,-2.62000,-104.21000,-156.01000
0.43000,-1.07000,1.19000,-4.00000,-3.36000,-1.17000,-2.13000,-104.21000,-156.01000
0.43000,-1.08000,1.18000,-3.65000,-3.15000,-1.02000,-2.11000,-71.26000,-142.88000
0.43000,-1.08000,1.18000,-2.95000,-2.88000,-1.02000,-2.11000,-71.26000,-142.88000
0.43000,-1.09000,1.19000,-2.16000,-2.82000,-1.01000,-2.11000,-69.10000,-142.55000
0.42000,-1.09000,1.21000,-1.54000,-2.51000,-1.02000,-2.11000,-69.10000,-142.55000
0.42000,-1.10000,1.24000,-1.06000,-2.57000,-1.15000,-2.12000,-80.67000,-143.72000
0.42000,-1.10000,1.26000,-1.20000,-2.57000,-3.09000,-3.13000,-80.67000,-143.72000
0.42000,-1.10000,1.29000,-1.31000,-2.64000,-3.10000,-3.07000,-112.67000,-154.66000
0.42000,-1.11000,1.31000,-1.89000,-2.82000,-2.13000,-1.20000,-112.67000,-154.66000
0.42000,-1.12000,1.32000,-2.64000,-3.22000,-2.11000,-1.02000,-98.83000,-123.17000
0.42000,-1.12000,1.32000,-2.76000,-3.09000,-2.11000,-1.01000,-98.83000,-123.17000
0.41000,-1.13000,1.33000,-2.70000,-2.95000,-2.11000,-1.01000,-87.18000,-108.16000
0.41000,-1.13000,1.33000,-2.51000,-2.63000,-2.12000,-1.01000,-87.18000,-108.16000
0.41000,-1.14000,1.33000,-2.30000,-2.20000,-2.12000,-1.01000,-87.15000,-102.48000
0.41000,-1.14000,1.32000,-2.12000,-1.91000,-2.12000,-1.01000,-87.15000,-102.48000
0.41000,-1.15000,1.32000,-2.05000,-1.78000,-2.12000,-1.01000,-90.72000,-103.60000
0.41000,-1.15000,1.31000,-1.95000,-1.62000,-2.12000,-1.01000,-90.72000,-103.60000
0.41000,-1.16000,1.30000,-2.18000,-1.64000,-2.12000,-1.01000,-93.21000,-102.58000
0.41000,-1.16000,1.29000,-2.26000,-1.51000,-2.11000,-1.01000,-93.21000,-102.58000
0.40000,-1.16000,1.28000,-2.10000,-1.37000,-2.11000,-1.01000,-89.42000,-100.54000
0.40000,-1.17000,1.26000,-1.89000,-0.79000,-2.11000,-1.02000,-89.42000,-100.54000
0.40000,-1.17000,1.24000,-1.41000,-0.27000,-2.12000,-1.11000,-94.22000,-109.93000
0.40000,-1.17000,1.21000,-1.16000,0.00000,-2.79000,-2.73000,-94.22000,-109.93000
0.40000,-1.17000,1.19000,-1.16000,-0.02000,-3.27000,-3.29000,-123.74000,-156.40000
0.40000,-1.17000,1.18000,-1.37000,-0.66000,-2.60000,-2.68000,-123.74000,-156.40000
0.40000,-1.18000,1.18000,-1.66000,-1.41000,-1.29000,-2.15000,-103.66000,-149.12000
0.40000,-1.18000,1.17000,-1.74000,-1.54000,-1.10000,-2.11000,-103.66000,-149.12000
0.40000,-1.18000,1.17000,-1.54000,-1.64000,-1.04000,-2.11000,-93.78000,-144.26000
0.40000,-1.19000,1.18000,-1.66000,-1.91000,-1.04000,-2.11000,-93.78000,-144.26000
0.39000,-1.19000,1.19000,-1.60000,-1.99000,-1.06000,-2.11000,-91.07000,-142.13000
0.39000,-1.19000,1.19000,-1.76000,-2.10000,-1.15000,-2.12000,-91.07000,-142.13000
0.39000,-1.20000,1.20000,-1.78000,-2.22000,-1.31000,-2.16000,-89.75000,-141.28000
0.39000,-1.20000,1.21000,-1.78000,-2.45000,-1.81000,-2.30000,-89.75000,-141.28000
0.39000,-1.21000,1.23000,-1.66000,-2.47000,-2.80000,-2.85000,-108.97000,-146.78000
0.39000,-1.21000,1.23000,-2.07000,-2.32000,-3.23000,-3.26000,-108.97000,-146.78000
0.38000,-1.22000,1.23000,-2.45000,-2.51000,-3.27000,-3.29000,-117.74000,-157.65000
0.38000,-1.22000,1.23000,-2.74000,-2.72000,-3.27000,-3.29000,-117.74000,-157.65000
0.38000,-1.23000,1.23000,-3.01000,-3.09000,-3.27000,-3.29000,-114.99000,-157.60000
0.38000,-1.24000,1.23000,-3.13000,-3.20000,-3.29000,-3.27000,-114.99000,-157.60000
0.38000,-1.24000,1.23000,-3.11000,-3.11000,-3.29000,-3.26000,-112.56000,-153.44000
0.37000,-1.25000,1.23000,-3.03000,-2.97000,-3.29000,-3.26000,-112.56000,-153.44000
0.37000,-1.26000,1.23000,-3.24000,-2.97000,-2.11000,-1.02000,-97.30000,-123.58000
0.37000,-1.26000,1.22000,-3.32000,-2.72000,-2.11000,-1.02000,-97.30000,-123.58000
0.37000,-1.27000,1.20000,-3.15000,-2.18000,-2.11000,-1.05000,-87.42000,-116.11000
0.36000,-1.27000,1.19000,-2.61000,-1.87000,-2.36000,-1.98000,-87.42000,-116.11000
0.36000,-1.28000,1.17000,-2.28000,-1.58000,-3.05000,-3.01000,-104.85000,-148.27000
0.36000,-1.28000,1.17000,-2.16000,-1.93000,-3.29000,-3.26000,-104.85000,-148.27000
0.36000,-1.28000,1.17000,-2.32000,-2.43000,-3.26000,-3.29000,-117.49000,-158.34000
0.36000,-1.29000,1.17000,-2.66000,-2.61000,-3.27000,-3.29000,-117.49000,-158.34000
0.35000,-1.30000,1.17000,-2.80000,-2.74000,-3.27000,-3.29000,-116.73000,-156.30000
0.35000,-1.30000,1.17000,-2.88000,-3.07000,-3.26000,-3.29000,-116.73000,-156.30000
0.35000,-1.31000,1.18000,-3.07000,-3.34000,-3.29000,-3.27000,-117.38000,-153.17000
0.35000,-1.32000,1.18000,-3.19000,-3.53000,-3.25000,-3.23000,-117.38000,-153.17000
0.34000,-1.32000,1.19000,-3.28000,-3.74000,-3.13000,-3.09000,-112.65000,-144.87000
0.34000,-1.33000,1.20000,-3.40000,-3.80000,-2.75000,-2.68000,-112.65000,-144.87000
0.34000,-1.34000,1.20000,-3.53000,-3.63000,-2.32000,-1.86000,-97.00000,-119.73000
0.33000,-1.35000,1.20000,-3.51000,-3.40000,-2.23000,-1.57000,-97.00000,-119.73000
0.33000,-1.35000,1.20000,-3.01000,-3.07000,-2.25000,-1.65000,-87.89000,-110.83000
0.33000,-1.36000,1.20000,-2.45000,-2.63000,-2.20000,-1.46000,-87.89000,-110.83000
0.33000,-1.36000,1.20000,-1.89000,-1.81000,-2.14000,-1.21000,-94.54000,-105.27000
0.33000,-1.36000,1.20000,-1.35000,-1.04000,-2.14000,-1.25000,-94.54000,-105.27000
0.33000,-1.36000,1.19000,-1.04000,-0.48000,-2.24000,-1.62000,-110.71000,-126.79000
0.33000,-1.37000,1.16000,-1.29000,-0.06000,-2.74000,-2.66000,-110.71000,-126.79000
0.33000,-1.37000,1.14000,-1.37000,0.00000,-3.27000,-3.29000,-132.39000,-170.02000
0.32000,-1.37000,1.12000,-1.91000,-0.60000,-2.13000,-2.42000,-132.39000,-170.02000
0.32000,-1.37000,1.10000,-2.61000,-1.56000,-1.03000,-2.11000,-101.33000,-163.50000
0.32000,-1.38000,1.09000,-2.78000,-2.34000,-1.01000,-2.11000,-101.33000,-163.50000
0.32000,-1.38000,1.09000,-2.70000,-2.74000,-1.01000,-2.12000,-82.72000,-146.53000
0.31000,-1.39000,1.10000,-2.16000,-2.88000,-1.01000,-2.12000,-82.72000,-146.53000
0.31000,-1.39000,1.12000,-1.91000,-2.93000,-1.01000,-2.11000,-81.47000,-137.00000
0.31000,-1.40000,1.14000,-1.54000,-2.82000,-1.02000,-2.11000,-81.47000,-137.00000
0.31000,-1.40000,1.16000,-1.54000,-2.64000,-1.37000,-2.17000,-89.27000,-134.21000
0.31000,-1.41000,1.18000,-1.58000,-2.53000,-2.99000,-3.03000,-89.27000,-134.21000
0.30000,-1.41000,1.19000,-1.78000,-2.30000,-3.29000,-3.26000,-116.45000,-151.03000
0.30000,-1.42000,1.20000,-2.32000,-2.68000,-3.14000,-3.10000,-116.45000,-151.03000
0.30000,-1.42000,1.20000,-2.72000,-2.78000,-2.87000,-2.82000,-109.27000,-146.56000
0.30000,-1.43000,1.20000,-2.97000,-2.99000,-2.77000,-2.70000,-109.27000,-146.56000
0.30000,-1.44000,1.19000,-3.01000,-2.76000,-2.68000,-2.60000,-100.03000,-139.47000
0.29000,-1.44000,1.19000,-3.17000,-2.82000,-2.88000,-2.83000,-100.03000,-139.47000
0.29000,-1.45000,1.18000,-3.20000,-2.84000,-3.10000,-3.07000,-101.51000,-146.62000
0.29000,-1.45000,1.17000,-3.13000,-2.70000,-3.23000,-3.21000,-101.51000,-146.62000
0.29000,-1.46000,1.17000,-2.76000,-2.37000,-3.27000,-3.29000,-104.23000,-153.40000
0.28000,-1.46000,1.17000,-2.41000,-2.32000,-3.20000,-3.23000,-104.23000,-153.40000
0.28000,-1.47000,1.17000,-2.39000,-2.47000,-3.16000,-3.19000,-114.27000,-160.98000
0.28000,-1.47000,1.17000,-2.47000,-2.47000,-3.18000,-3.21000,-114.27000,-160.98000
0.28000,-1.48000,1.17000,-2.53000,-2.61000,-3.17000,-3.20000,-118.00000,-164.14000
0.27000,-1.48000,1.17000,-2.76000,-2.74000,-3.19000,-3.22000,-118.00000,-164.14000
0.27000,-1.49000,1.17000,-2.84000,-2.76000,-3.17000,-3.20000,-117.80000,-164.43000
0.27000,-1.50000,1.17000,-2.99000,-3.11000,-3.11000,-3.14000,-117.80000,-164.43000
0.27000,-1.50000,1.18000,-3.11000,-3.53000,-3.14000,-3.17000,-116.38000,-161.15000
0.26000,-1.51000,1.19000,-3.20000,-3.73000,-3.25000,-3.27000,-116.38000,-161.15000
0.26000,-1.52000,1.20000,-3.28000,-3.94000,-3.26000,-3.24000,-116.05000,-153.17000
0.26000,-1.53000,1.21000,-3.40000,-3.88000,-2.89000,-2.84000,-116.05000,-153.17000
0.25000,-1.53000,1.21000,-3.57000,-3.84000,-2.23000,-1.60000,-97.91000,-123.44000
0.25000,-1.54000,1.22000,-3.07000,-3.38000,-2.11000,-1.04000,-97.91000,-123.44000
0.25000,-1.55000,1.22000,-2.39000,-2.76000,-2.13000,-1.00000,-94.26000,-108.19000
0.25000,-1.55000,1.22000,-1.91000,-1.89000,-2.13000,-0.99000,-94.26000,-108.19000
0.25000,-1.55000,1.21000,-1.31000,-0.83000,-2.13000,-0.99000,-106.10000,-116.22000
0.25000,-1.55000,1.20000,-1.16000,-0.27000,-2.13000,-1.00000,-106.10000,-116.22000
0.25000,-1.56000,1.18000,-1.20000,-0.15000,-2.12000,-1.00000,-118.50000,-135.28000
0.25000,-1.56000,1.16000,-1.33000,-0.02000,-2.12000,-1.01000,-118.50000,-135.28000
0.25000,-1.56000,1.12000,-1.74000,-0.02000,-2.11000,-1.02000,-121.53000,-143.65000
0.24000,-1.56000,1.10000,-2.22000,-0.60000,-2.42000,-2.12000,-121.53000,-143.65000
0.24000,-1.57000,1.07000,-2.55000,-1.27000,-3.26000,-3.28000,-130.09000,-174.89000
0.24000,-1.57000,1.06000,-2.78000,-1.95000,-2.12000,-2.41000,-130.09000,-174.89000
0.24000,-1.57000,1.05000,-2.74000,-2.43000,-1.08000,-2.11000,-95.22000,-153.18000
0.23000,-1.58000,1.05000,-2.51000,-2.61000,-1.03000,-2.11000,-95.22000,-153.18000
0.23000,-1.58000,1.06000,-2.18000,-2.57000,-1.03000,-2.11000,-88.35000,-144.08000
0.23000,-1.59000,1.07000,-1.89000,-2.45000,-1.08000,-2.11000,-88.35000,-144.08000
0.23000,-1.59000,1.08000,-1.58000,-2.34000,-1.48000,-2.20000,-95.50000,-144.93000
0.22000,-1.60000,1.10000,-1.60000,-2.37000,-2.78000,-2.84000,-95.50000,-144.93000
0.22000,-1.60000,1.11000,-1.62000,-2.07000,-3.23000,-3.26000,-123.69000,-160.56000
0.22000,-1.60000,1.11000,-2.12000,-2.49000,-3.28000,-3.26000,-123.69000,-160.56000
0.22000,-1.61000,1.12000,-2.61000,-2.88000,-3.19000,-3.16000,-125.04000,-162.52000
0.21000,-1.62000,1.12000,-3.09000,-3.13000,-3.03000,-2.99000,-125.04000,-162.52000
0.21000,-1.62000,1.11000,-3.59000,-3.28000,-2.98000,-2.94000,-113.80000,-153.63000
0.21000,-1.63000,1.11000,-3.65000,-3.32000,-3.15000,-3.12000,-113.80000,-153.63000
0.20000,-1.64000,1.10000,-3.57000,-3.40000,-3.26000,-3.23000,-108.85000,-154.02000
0.20000,-1.64000,1.10000,-3.24000,-2.99000,-3.28000,-3.26000,-108.85000,-154.02000
0.20000,-1.65000,1.10000,-2.86000,-2.66000,-3.26000,-3.29000,-112.82000,-159.36000
0.20000,-1.65000,1.09000,-2.66000,-2.55000,-3.23000,-3.26000,-112.82000,-159.36000
0.19000,-1.66000,1.10000,-2.66000,-2.76000,-3.20000,-3.22000,-120.66000,-166.72000
0.19000,-1.67000,1.10000,-2.74000,-2.86000,-3.22000,-3.25000,-120.66000,-166.72000
0.19000,-1.67000,1.10000,-2.80000,-2.99000,-3.25000,-3.27000,-123.42000,-166.82000
0.18000,-1.68000,1.11000,-2.88000,-3.20000,-3.27000,-3.29000,-123.42000,-166.82000
0.18000,-1.68000,1.11000,-3.11000,-3.51000,-3.27000,-3.24000,-124.59000,-163.80000
0.18000,-1.69000,1.12000,-3.20000,-3.61000,-3.12000,-3.09000,-124.59000,-163.80000
0.17000,-1.70000,1.13000,-3.40000,-3.88000,-2.76000,-2.69000,-114.60000,-149.60000
0.17000,-1.71000,1.14000,-3.53000,-3.86000,-2.24000,-1.64000,-114.60000,-149.60000
0.17000,-1.71000,1.14000,-3.55000,-3.74000,-2.12000,-1.13000,-97.44000,-117.01000
0.16000,-1.72000,1.15000,-3.09000,-3.44000,-2.11000,-1.04000,-97.44000,-117.01000
0.16000,-1.73000,1.16000,-2.43000,-3.07000,-2.11000,-1.02000,-95.30000,-105.15000
0.16000,-1.73000,1.17000,-1.97000,-2.43000,-2.11000,-1.01000,-95.30000,-105.15000
0.16000,-1.73000,1.16000,-1.49000,-1.39000,-2.12000,-1.01000,-106.37000,-105.70000
0.16000,-1.74000,1.15000,-1.45000,-0.64000,-2.12000,-1.01000,-106.37000,-105.70000
0.16000,-1.74000,1.12000,-1.43000,-0.02000,-2.11000,-1.01000,-114.94000,-123.99000
0.16000,-1.74000,1.09000,-1.76000,-0.02000,-2.11000,-1.03000,-114.94000,-123.99000
0.15000,-1.74000,1.05000,-2.24000,-0.15000,-2.77000,-2.71000,-124.15000,-160.97000
0.15000,-1.74000,1.02000,-2.57000,-0.62000,-2.89000,-2.94000,-124.15000,-160.97000
0.15000,-1.75000,1.00000,-2.72000,-1.39000,-1.02000,-2.11000,-91.80000,-159.04000
0.15000,-1.75000,0.99000,-2.28000,-2.14000,-1.01000,-2.12000,-91.80000,-159.04000
0.14000,-1.76000,1.01000,-1.78000,-2.53000,-1.01000,-2.12000,-86.62000,-145.45000
0.14000,-1.76000,1.03000,-1.43000,-2.47000,-1.01000,-2.12000,-86.62000,-145.45000
0.14000,-1.76000,1.04000,-1.51000,-2.30000,-1.01000,-2.11000,-91.79000,-140.27000
0.14000,-1.77000,1.05000,-1.60000,-2.34000,-1.01000,-2.11000,-91.79000,-140.27000
0.14000,-1.77000,1.06000,-1.49000,-2.14000,-1.01000,-2.11000,-86.82000,-139.92000
0.13000,-1.77000,1.07000,-1.49000,-2.03000,-1.02000,-2.11000,-86.82000,-139.92000
0.13000,-1.78000,1.09000,-1.39000,-1.99000,-1.02000,-2.11000,-84.91000,-143.17000
0.13000,-1.78000,1.10000,-1.18000,-1.93000,-2.11000,-1.03000,-84.91000,-143.17000
0.13000,-1.78000,1.12000,-1.22000,-2.20000,-2.11000,-1.02000,-103.08000,-128.78000
0.13000,-1.79000,1.13000,-1.56000,-2.24000,-2.12000,-1.01000,-103.08000,-128.78000
0.12000,-1.79000,1.13000,-1.95000,-2.14000,-2.12000,-1.00000,-103.25000,-118.46000
0.12000,-1.80000,1.13000,-2.20000,-1.95000,-2.12000,-1.00000,-103.25000,-118.46000
0.12000,-1.80000,1.11000,-2.57000,-1.78000,-2.12000,-1.00000,-97.01000,-115.38000
0.12000,-1.80000,1.09000,-2.78000,-1.49000,-2.12000,-1.01000,-97.01000,-115.38000
0.12000,-1.81000,1.07000,-2.78000,-1.62000,-2.11000,-1.01000,-87.62000,-116.72000
0.11000,-1.81000,1.05000,-2.45000,-1.60000,-2.11000,-1.04000,-87.62000,-116.72000
0.11000,-1.82000,1.05000,-2.10000,-1.70000,-2.24000,-1.61000,-90.47000,-121.15000
0.11000,-1.82000,1.04000,-1.87000,-1.66000,-2.51000,-2.35000,-90.47000,-121.15000
0.11000,-1.82000,1.04000,-1.72000,-1.58000,-2.72000,-2.65000,-105.21000,-135.91000
0.11000,-1.83000,1.03000,-1.85000,-1.25000,-2.85000,-2.80000,-105.21000,-135.91000
0.10000,-1.83000,1.01000,-1.97000,-1.08000,-3.22000,-3.19000,-118.04000,-156.13000
0.10000,-1.83000,1.00000,-2.12000,-1.56000,-3.19000,-3.22000,-118.04000,-156.13000
0.10000,-1.84000,0.99000,-2.34000,-1.87000,-2.83000,-2.88000,-116.40000,-158.54000
0.10000,-1.84000,0.99000,-2.51000,-2.14000,-1.99000,-2.36000,-116.40000,-158.54000
0.09000,-1.85000,0.98000,-2.72000,-2.49000,-1.30000,-2.16000,-91.88000,-146.91000
0.09000,-1.85000,0.99000,-2.47000,-2.66000,-1.11000,-2.12000,-91.88000,-146.91000
0.09000,-1.86000,1.00000,-2.16000,-2.78000,-1.16000,-2.13000,-83.13000,-138.80000
0.08000,-1.86000,1.01000,-2.05000,-2.84000,-1.91000,-2.33000,-83.13000,-138.80000
0.08000,-1.86000,1.03000,-1.81000,-2.99000,-3.00000,-3.04000,-109.04000,-146.47000
0.08000,-1.87000,1.06000,-1.49000,-3.09000,-3.25000,-3.22000,-109.04000,-146.47000
0.08000,-1.87000,1.09000,-1.70000,-3.09000,-2.15000,-1.27000,-110.38000,-117.39000
0.07000,-1.88000,1.10000,-2.53000,-2.95000,-2.11000,-1.02000,-110.38000,-117.39000
0.07000,-1.89000,1.09000,-3.05000,-2.70000,-2.11000,-1.01000,-98.18000,-104.77000
0.07000,-1.89000,1.08000,-2.93000,-2.45000,-2.11000,-1.01000,-98.18000,-104.77000
0.07000,-1.90000,1.07000,-2.57000,-2.12000,-2.11000,-1.02000,-89.70000,-100.69000
0.06000,-1.90000,1.07000,-1.93000,-1.99000,-2.11000,-1.02000,-89.70000,-100.69000
0.06000,-1.90000,1.09000,-1.14000,-1.85000,-2.11000,-1.02000,-99.72000,-98.95000
0.06000,-1.90000,1.10000,-0.79000,-1.49000,-2.11000,-1.01000,-99.72000,-98.95000
0.06000,-1.91000,1.10000,-0.79000,-1.02000,-2.12000,-1.01000,-118.10000,-100.42000
0.06000,-1.91000,1.10000,-1.18000,-0.79000,-2.12000,-1.00000,-118.10000,-100.42000
0.06000,-1.91000,1.08000,-1.56000,-0.54000,-2.12000,-1.01000,-120.17000,-108.07000
0.06000,-1.91000,1.05000,-1.97000,-0.33000,-2.11000,-1.01000,-120.17000,-108.07000
0.05000,-1.91000,1.01000,-2.35000,-0.08000,-2.11000,-1.04000,-113.75000,-116.66000
0.05000,-1.92000,0.96000,-2.30000,0.00000,-3.23000,-3.21000,-113.75000,-116.66000
0.05000,-1.92000,0.93000,-1.68000,0.00000,-1.33000,-2.16000,-97.86000,-142.76000
0.05000,-1.92000,0.91000,-1.62000,0.00000,-1.01000,-2.11000,-97.86000,-142.76000
0.05000,-1.92000,0.88000,-1.16000,-0.02000,-1.00000,-2.12000,-97.45000,-155.13000
0.05000,-1.92000,0.88000,-0.87000,-0.60000,-0.99000,-2.13000,-97.45000,-155.13000
0.05000,-1.92000,0.89000,-1.00000,-1.37000,-0.99000,-2.13000,-104.77000,-159.00000
0.05000,-1.93000,0.89000,-1.31000,-1.74000,-0.99000,-2.13000,-104.77000,-159.00000
0.04000,-1.93000,0.90000,-1.51000,-1.89000,-0.99000,-2.13000,-98.98000,-151.02000
0.04000,-1.93000,0.91000,-1.85000,-2.09000,-0.99000,-2.13000,-98.98000,-151.02000
0.04000,-1.94000,0.91000,-1.85000,-2.03000,-0.99000,-2.13000,-89.01000,-148.07000
0.04000,-1.94000,0.91000,-1.70000,-1.91000,-0.99000,-2.13000,-89.01000,-148.07000
0.03000,-1.94000,0.92000,-1.54000,-1.85000,-0.99000,-2.13000,-86.03000,-151.13000
0.03000,-1.95000,0.93000,-1.35000,-1.95000,-0.99000,-2.13000,-86.03000,-151.13000
0.03000,-1.95000,0.94000,-1.39000,-1.97000,-0.99000,-2.13000,-87.06000,-151.84000
0.03000,-1.95000,0.95000,-1.33000,-1.80000,-0.99000,-2.13000,-87.06000,-151.84000
0.02000,-1.95000,0.96000,-1.41000,-2.01000,-0.99000,-2.13000,-85.24000,-155.09000
0.02000,-1.96000,0.97000,-1.58000,-2.24000,-0.99000,-2.13000,-85.24000,-155.09000
0.02000,-1.96000,0.99000,-1.54000,-2.39000,-0.99000,-2.13000,-79.51000,-150.49000
0.02000,-1.97000,1.01000,-1.74000,-2.78000,-0.99000,-2.13000,-79.51000,-150.49000
0.01000,-1.97000,1.02000,-1.91000,-2.97000,-1.00000,-2.13000,-73.57000,-141.71000
0.01000,-1.98000,1.04000,-1.87000,-2.93000,-1.00000,-2.13000,-73.57000,-141.71000
0.01000,-1.98000,1.06000,-1.62000,-2.72000,-0.99000,-2.13000,-67.19000,-135.62000
0.01000,-1.98000,1.08000,-1.37000,-2.45000,-0.38000,0.66000,-67.19000,-135.62000
0.00000,-1.99000,1.11000,-1.12000,-2.39000,-0.40000,0.63000,-60.54000,-96.58000
0.00000,-1.99000,1.12000,-0.77000,-1.66000,-0.42000,0.60000,-60.54000,-96.58000
0.00000,-1.99000,1.13000,-0.48000,-0.81000,-0.43000,0.59000,-64.25000,-90.61000
0.00000,-1.99000,1.12000,-0.42000,-0.08000,-0.44000,0.58000,-64.25000,-90.61000
0.00000,-1.99000,1.12000,-0.19000,0.00000,-0.43000,0.59000,-67.51000,-100.74000
0.00000,-1.99000,1.12000,-0.02000,0.00000,-0.43000,0.59000,-67.51000,-100.74000
0.00000,-1.99000,1.12000,-0.04000,0.00000,-0.43000,0.60000,-73.48000,-97.87000
0.00000,-1.99000,1.12000,-0.08000,0.00000,-0.43000,0.60000,-73.48000,-97.87000
0.00000,-1.99000,1.11000,-0.10000,0.00000,-0.43000,0.60000,-74.97000,-94.25000
0.00000,-1.99000,1.11000,-0.27000,0.00000,-0.43000,0.60000,-74.97000,-94.25000
0.00000,-1.99000,1.10000,-0.29000,0.00000,-0.42000,0.61000,-74.13000,-90.50000
0.00000,-1.99000,1.10000,-0.15000,0.00000,-0.41000,0.62000,-74.13000,-90.50000
0.00000,-1.99000,1.10000,0.00000,0.00000,-0.41000,0.62000,-76.75000,-86.65000
0.00000,-1.99000,1.10000,-0.02000,0.00000,-0.41000,0.62000,-76.75000,-86.65000
0.00000,-1.99000,1.10000,0.00000,0.00000,-0.41000,0.62000,-80.20000,-82.90000
0.00000,-1.99000,1.10000,-0.06000,0.00000,-0.41000,0.62000,-80.20000,-82.90000
0.00000,-1.99000,1.10000,-0.15000,0.00000,-0.41000,0.62000,-81.88000,-79.14000
0.00000,-1.99000,1.09000,-0.21000,0.00000,-0.40000,0.63000,-81.88000,-79.14000
0.00000,-1.99000,1.09000,-0.33000,0.00000,-0.40000,0.64000,-81.63000,-75.21000
0.00000,-1.99000,1.08000,-0.52000,0.00000,-0.39000,0.65000,-81.63000,-75.21000
0.00000,-1.99000,1.07000,-0.73000,0.00000,-0.37000,0.67000,-77.71000,-70.95000
0.00000,-2.00000,1.05000,-0.83000,0.00000,-0.34000,0.69000,-77.71000,-70.95000
-0.00000,-2.00000,1.03000,-0.95000,0.00000,-0.30000,0.73000,-71.13000,-65.92000
-0.00000,-2.00000,1.02000,-0.75000,0.00000,-0.25000,0.79000,-71.13000,-65.92000
-0.00000,-2.00000,1.01000,-0.62000,0.00000,-0.19000,0.84000,-67.54000,-59.92000
-0.00000,-2.00000,1.00000,-0.54000,0.00000,-0.14000,0.89000,-67.54000,-59.92000
-0.00000,-2.00000,0.99000,-0.54000,0.00000,-0.10000,0.93000,-65.88000,-53.51000
-0.00000,-2.00000,0.98000,-0.56000,0.00000,-0.04000,0.98000,-65.88000,-53.51000
-0.00000,-2.00000,0.97000,-0.52000,0.00000,0.01000,1.04000,-61.25000,-46.34000
-0.00000,-2.00000,0.96000,-0.29000,0.00000,0.07000,1.09000,-61.25000,-46.34000
-0.00000,-2.00000,0.96000,-0.04000,0.00000,0.11000,1.13000,-60.42000,-38.76000
-0.00000,-2.00000,0.96000,0.00000,0.00000,0.11000,1.13000,-60.42000,-38.76000
-0.00000,-2.00000,0.96000,0.00000,0.00000,0.11000,1.13000,-62.31000,-31.93000
-0.00000,-2.00000,0.96000,-0.02000,0.00000,0.11000,1.13000,-62.31000,-31.93000
-0.00000,-2.00000,0.96000,-0.02000,0.00000,0.12000,1.13000,-61.27000,-25.10000
-0.00000,-2.00000,0.96000,-0.04000,0.00000,0.12000,1.14000,-61.27000,-25.10000
-0.00000,-2.00000,0.96000,-0.04000,0.00000,0.12000,1.14000,-60.02000,-18.19000
-0.00000,-2.00000,0.96000,0.00000,0.00000,0.13000,1.15000,-60.02000,-18.19000
-0.00000,-2.00000,0.96000,0.00000,0.00000,0.13000,1.15000,-59.58000,-11.27000
-0.00000,-2.00000,0.96000,-0.02000,0.00000,0.13000,1.15000,-59.58000,-11.27000
-0.00000,-2.00000,0.96000,0.00000,0.00000,0.13000,1.15000,-58.46000,-4.36000
-0.00000,-2.00000,0.96000,0.00000,0.00000,0.13000,1.15000,-58.46000,-4.36000
-0.00000,-2.00000,0.96000,0.00000,0.00000,0.13000,1.15000,-57.86000,2.53000
-0.00000,-2.00000,0.96000,0.00000,0.00000,0.13000,1.15000,-57.86000,2.53000
-0.00000,-2.00000,0.96000,0.00000,0.00000,0.13000,1.15000,-57.07000,9.42000
-0.00000,-2.00000,0.96000,-0.02000,0.00000,0.13000,1.15000,-57.07000,9.42000
-0.00000,-2.00000,0.96000,0.00000,0.00000,0.13000,1.15000,-55.93000,16.34000
-0.00000,-2.00000,0.96000,0.00000,0.00000,0.13000,1.15000,-55.93000,16.34000
-0.00000,-2.00000,0.96000,0.00000,0.00000,0.13000,1.15000,-55.31000,23.25000
-0.00000,-2.00000,0.96000,-0.02000,0.00000,0.13000,1.15000,-55.31000,23.25000
-0.00000,-2.00000,0.96000,-0.02000,0.00000,0.14000,1.15000,-54.16000,30.19000
-0.00000,-2.00000,0.96000,-0.02000,0.00000,0.14000,1.16000,-54.16000,30.19000
-0.00000,-2.00000,0.96000,-0.02000,0.00000,0.14000,1.16000,-53.14000,37.18000
-0.00000,-2.00000,0.96000,0.00000,0.00000,0.14000,1.16000,-53.14000,37.18000
-0.00000,-2.00000,0.96000,-0.04000,0.00000,0.14000,1.16000,-52.45000,44.16000
-0.00000,-2.00000,0.96000,0.00000,0.00000,0.15000,1.16000,-52.45000,44.16000
-0.00000,-2.00000,0.96000,0.00000,0.00000,0.15000,1.16000,-51.51000,51.19000
-0.00000,-2.00000,0.96000,0.00000,0.02000,0.15000,1.16000,-51.51000,51.19000
-0.00000,-2.00000,0.96000,0.00000,0.00000,0.15000,1.17000,-50.58000,57.90000
-0.00000,-2.00000,0.96000,0.00000,0.00000,0.15000,1.17000,-50.58000,57.90000
-0.00000,-2.00000,0.96000,0.00000,0.00000,0.15000,1.17000,-49.68000,65.09000
-0.00000,-2.00000,0.96000,0.00000,0.00000,0.15000,1.17000,-49.68000,65.09000
-0.00000,-2.00000,0.96000,0.00000,0.00000,0.15000,1.17000,-48.77000,72.09000
-0.00000,-2.00000,0.96000,0.00000,0.00000,0.15000,1.17000,-48.77000,72.09000
-0.00000,-2.00000,0.96000,0.00000,0.00000,0.15000,1.17000,-47.87000,79.09000
-0.00000,-2.00000,0.96000,0.00000,0.02000,0.15000,1.17000,-47.87000,79.09000
-0.00000,-2.00000,0.96000,0.00000,0.00000,0.15000,1.17000,-46.93000,85.81000
-0.00000,-2.00000,0.96000,0.00000,0.00000,0.15000,1.17000,-46.93000,85.81000
-0.00000,-2.00000,0.96000,0.00000,0.00000,0.15000,1.17000,-46.01000,93.02000
-0.00000,-2.00000,0.96000,0.00000,0.00000,0.15000,1.17000,-46.01000,93.02000
-0.00000,-2.00000,0.96000,0.00000,0.00000,0.15000,1.17000,-45.09000,100.03000
-0.00000,-2.00000,0.96000,0.00000,0.00000,0.15000,1.17000,-45.09000,100.03000
-0.00000,-2.00000,0.96000,0.00000,0.02000,0.15000,1.17000,-44.17000,107.04000
-0.00000,-2.00000,0.94000,0.00000,0.71000,0.16000,1.17000,-44.17000,107.04000
-0.00000,-2.00000,0.93000,0.00000,0.69000,0.23000,1.24000,-42.09000,104.59000
-0.00000,-2.00000,0.92000,0.00000,0.71000,0.30000,1.32000,-42.09000,104.59000
-0.00000,-2.00000,0.90000,0.00000,1.06000,0.37000,1.41000,-38.58000,110.26000
0.00000,-2.00000,0.87000,0.00000,1.43000,0.47000,1.53000,-38.58000,110.26000
0.00000,-1.99000,0.85000,0.00000,1.49000,0.58000,1.66000,-33.18000,107.45000
0.00000,-1.99000,0.82000,0.00000,1.68000,0.68000,1.79000,-33.18000,107.45000
0.00000,-1.99000,0.79000,0.00000,1.66000,0.76000,1.90000,-26.96000,108.61000
0.01000,-1.99000,0.76000,0.00000,1.72000,0.82000,1.98000,-26.96000,108.61000
0.01000,-1.99000,0.72000,0.00000,1.79000,0.86000,2.05000,-20.93000,111.53000
0.01000,-1.99000,0.69000,0.00000,1.76000,0.88000,2.10000,-20.93000,111.53000
0.01000,-1.99000,0.66000,0.00000,1.81000,0.90000,2.13000,-15.23000,114.16000
0.01000,-1.99000,0.62000,0.00000,1.87000,0.90000,2.16000,-15.23000,114.16000
0.01000,-1.98000,0.58000,0.00000,2.39000,0.91000,2.18000,-9.72000,115.55000
0.02000,-1.98000,0.54000,0.00000,2.41000,0.90000,2.20000,-9.72000,115.55000
0.02000,-1.98000,0.50000,0.00000,2.32000,0.91000,2.21000,-4.27000,109.72000
0.02000,-1.98000,0.45000,0.00000,2.47000,0.91000,2.21000,-4.27000,109.72000
0.02000,-1.98000,0.41000,0.00000,2.43000,0.91000,2.21000,1.21000,107.65000
0.03000,-1.98000,0.36000,0.00000,2.35000,0.91000,2.21000,1.21000,107.65000
0.03000,-1.98000,0.32000,0.00000,2.37000,0.92000,2.21000,6.75000,107.94000
0.03000,-1.98000,0.28000,0.00000,2.20000,0.92000,2.20000,6.75000,107.94000
0.03000,-1.97000,0.24000,0.00000,2.24000,0.93000,2.19000,12.51000,109.04000
0.04000,-1.97000,0.20000,0.00000,2.32000,0.95000,2.17000,12.51000,109.04000
0.04000,-1.97000,0.16000,0.00000,2.47000,0.98000,2.14000,18.84000,106.42000
0.04000,-1.97000,0.11000,0.00000,2.51000,1.03000,2.10000,18.84000,106.42000
0.04000,-1.97000,0.07000,0.00000,2.43000,1.10000,2.03000,26.45000,100.81000
0.05000,-1.97000,0.02000,0.00000,2.30000,1.19000,1.93000,26.45000,100.81000
0.05000,-1.97000,-0.02000,0.00000,2.28000,1.32000,1.81000,36.32000,97.69000
0.05000,-1.97000,-0.05000,0.00000,1.95000,2.52000,2.57000,36.32000,97.69000
0.05000,-1.97000,-0.09000,0.00000,1.99000,3.10000,3.09000,71.00000,119.26000
0.06000,-1.97000,-0.12000,0.02000,1.99000,1.76000,1.38000,71.00000,119.26000
0.06000,-1.97000,-0.17000,0.02000,2.35000,1.87000,1.25000,70.89000,97.90000
0.06000,-1.97000,-0.21000,0.00000,2.16000,1.98000,1.14000,70.89000,97.90000
0.06000,-1.97000,-0.24000,0.00000,1.68000,2.06000,1.06000,85.08000,88.16000
0.06000,-1.97000,-0.26000,0.19000,1.31000,2.10000,1.02000,85.08000,88.16000
0.07000,-1.97000,-0.26000,0.79000,1.00000,2.12000,1.00000,95.63000,93.36000
0.07000,-1.98000,-0.25000,1.10000,0.64000,2.13000,0.99000,95.63000,93.36000
0.07000,-1.98000,-0.23000,1.56000,0.54000,2.12000,1.00000,93.51000,101.52000
0.07000,-1.98000,-0.21000,1.85000,0.71000,2.10000,1.02000,93.51000,101.52000
0.08000,-1.98000,-0.20000,1.85000,1.06000,2.08000,1.05000,87.75000,103.44000
0.08000,-1.98000,-0.18000,2.01000,1.18000,2.05000,1.07000,87.75000,103.44000
0.08000,-1.98000,-0.17000,1.97000,1.20000,2.03000,1.09000,85.97000,99.03000
0.09000,-1.98000,-0.16000,1.99000,1.41000,2.01000,1.12000,85.97000,99.03000
0.09000,-1.98000,-0.15000,1.81000,1.51000,1.98000,1.14000,85.70000,95.76000
0.09000,-1.98000,-0.15000,1.74000,1.29000,1.97000,1.15000,85.70000,95.76000
0.10000,-1.98000,-0.14000,1.66000,1.33000,1.96000,1.17000,88.95000,96.41000
0.10000,-1.98000,-0.13000,1.74000,1.04000,1.94000,1.18000,88.95000,96.41000
0.10000,-1.98000,-0.10000,1.76000,0.52000,1.91000,1.21000,89.55000,100.14000
0.11000,-1.98000,-0.08000,1.93000,0.54000,1.84000,1.28000,89.55000,100.14000
0.11000,-1.98000,-0.06000,1.87000,0.71000,1.76000,1.37000,85.52000,110.98000
0.11000,-1.98000,-0.04000,1.83000,1.08000,2.14000,1.90000,85.52000,110.98000
0.11000,-1.98000,-0.04000,1.58000,1.12000,2.97000,2.96000,104.21000,131.67000
0.12000,-1.98000,-0.03000,1.87000,1.47000,3.21000,3.21000,104.21000,131.67000
0.12000,-1.98000,-0.03000,2.03000,1.95000,3.28000,3.28000,115.12000,141.91000
0.13000,-1.98000,-0.03000,2.32000,2.39000,3.28000,3.28000,115.12000,141.91000
0.13000,-1.98000,-0.04000,2.28000,2.66000,3.28000,3.28000,116.78000,139.08000
0.14000,-1.98000,-0.04000,2.49000,3.01000,3.22000,3.22000,116.78000,139.08000
0.15000,-1.98000,-0.05000,2.61000,3.07000,2.95000,2.93000,115.00000,129.82000
0.15000,-1.98000,-0.06000,2.82000,3.09000,2.45000,2.30000,115.00000,129.82000
0.16000,-1.98000,-0.06000,2.89000,3.09000,2.08000,1.84000,99.81000,111.82000
0.17000,-1.98000,-0.06000,2.80000,2.86000,1.89000,1.61000,99.81000,111.82000
0.17000,-1.99000,-0.06000,2.57000,2.64000,1.84000,1.56000,92.05000,103.43000
0.18000,-1.99000,-0.07000,2.03000,2.18000,1.81000,1.51000,92.05000,103.43000
0.18000,-1.99000,-0.07000,1.76000,2.08000,1.77000,1.45000,96.74000,104.28000
0.18000,-1.99000,-0.08000,1.43000,1.70000,1.75000,1.39000,96.74000,104.28000
0.19000,-1.99000,-0.08000,1.66000,1.78000,1.77000,1.36000,104.12000,105.77000
0.19000,-1.99000,-0.07000,1.95000,1.66000,1.77000,1.35000,104.12000,105.77000
0.20000,-1.99000,-0.06000,2.43000,1.83000,1.76000,1.37000,98.25000,104.51000
0.20000,-1.99000,-0.05000,2.59000,1.64000,1.79000,1.48000,98.25000,104.51000
0.21000,-1.99000,-0.03000,2.68000,1.70000,2.65000,2.62000,100.88000,121.77000
0.21000,-1.99000,-0.01000,2.72000,1.93000,3.26000,3.26000,100.88000,121.77000
0.22000,-1.99000,-0.01000,2.74000,2.26000,3.16000,3.16000,106.92000,131.48000
0.22000,-1.99000,0.00000,2.84000,2.43000,2.81000,2.83000,106.92000,131.48000
0.23000,-1.99000,0.00000,2.89000,2.78000,2.14000,2.34000,92.40000,119.10000
0.24000,-1.99000,0.00000,2.76000,2.84000,1.95000,2.18000,92.40000,119.10000
0.24000,-1.99000,0.00000,2.57000,2.68000,2.04000,2.26000,88.02000,111.13000
0.25000,-1.99000,-0.00000,2.51000,2.55000,2.18000,2.38000,88.02000,111.13000
0.25000,-1.99000,-0.00000,2.43000,2.53000,2.22000,2.41000,90.15000,114.28000
0.26000,-1.99000,-0.01000,2.22000,2.41000,2.41000,2.50000,90.15000,114.28000
0.26000,-1.99000,-0.01000,2.28000,2.41000,2.68000,2.71000,99.58000,120.06000
0.27000,-1.99000,-0.01000,2.28000,2.45000,2.81000,2.83000,99.58000,120.06000
0.27000,-1.99000,-0.01000,2.37000,2.59000,2.95000,2.97000,105.48000,125.11000
0.28000,-1.99000,-0.02000,2.53000,2.55000,3.10000,3.11000,105.48000,125.11000
0.29000,-1.99000,-0.01000,2.66000,2.53000,3.10000,3.11000,108.07000,128.88000
0.29000,-1.99000,-0.01000,2.78000,2.70000,3.02000,3.04000,108.07000,128.88000
0.30000,-1.99000,-0.01000,2.82000,2.76000,2.95000,2.97000,105.50000,127.89000
0.30000,-1.99000,-0.01000,2.86000,2.82000,2.89000,2.91000,105.50000,127.89000
0.31000,-1.99000,-0.01000,2.82000,2.89000,2.83000,2.86000,103.49000,125.95000
0.32000,-1.99000,-0.01000,2.74000,2.86000,2.88000,2.90000,103.49000,125.95000
0.32000,-1.99000,-0.01000,2.78000,2.82000,2.97000,2.99000,107.27000,127.52000
0.33000,-1.99000,-0.01000,2.74000,2.80000,2.99000,3.01000,107.27000,127.52000
0.34000,-1.99000,-0.02000,2.55000,2.84000,3.03000,3.04000,109.53000,130.01000
0.34000,-1.99000,-0.03000,2.57000,2.86000,3.18000,3.18000,109.53000,130.01000
0.35000,-1.99000,-0.03000,2.70000,2.91000,3.26000,3.26000,117.21000,133.83000
0.35000,-1.99000,-0.03000,2.86000,2.97000,3.28000,3.28000,117.21000,133.83000
0.36000,-1.99000,-0.03000,3.05000,3.05000,3.28000,3.28000,117.27000,134.91000
0.37000,-1.99000,-0.03000,3.24000,3.07000,3.28000,3.28000,117.27000,134.91000
0.38000,-1.99000,-0.03000,3.13000,3.03000,3.28000,3.28000,114.16000,135.24000
0.38000,-1.99000,-0.03000,2.82000,2.99000,3.27000,3.27000,114.16000,135.24000
0.39000,-1.99000,-0.04000,2.68000,3.07000,3.28000,3.28000,120.69000,137.78000
0.39000,-1.99000,-0.04000,2.95000,3.07000,3.23000,3.22000,120.69000,137.78000
0.40000,-1.99000,-0.03000,3.28000,3.07000,3.18000,3.17000,120.08000,136.69000
0.41000,-1.99000,-0.03000,3.44000,3.15000,3.24000,3.24000,120.08000,136.69000
0.42000,-1.99000,-0.02000,3.61000,3.09000,3.28000,3.28000,115.53000,137.68000
0.42000,-1.99000,-0.01000,3.61000,3.01000,3.18000,3.19000,115.53000,137.68000
0.43000,-1.99000,-0.00000,3.53000,3.07000,2.74000,2.77000,103.89000,132.87000
0.44000,-1.99000,0.00000,3.63000,3.43000,1.95000,2.18000,103.89000,132.87000
0.45000,-1.99000,0.00000,3.42000,3.34000,1.66000,1.92000,82.12000,112.53000
0.45000,-1.99000,0.00000,3.05000,3.28000,1.56000,1.84000,82.12000,112.53000
0.46000,-1.99000,-0.00000,2.64000,2.91000,1.70000,1.96000,79.65000,106.26000
0.47000,-1.99000,-0.01000,2.45000,2.76000,1.99000,2.21000,79.65000,106.26000
0.47000,-1.99000,-0.01000,2.26000,2.45000,2.49000,2.54000,92.43000,114.85000
0.48000,-1.99000,-0.01000,2.51000,2.32000,2.71000,2.74000,92.43000,114.85000
0.48000,-1.99000,-0.00000,2.55000,2.10000,2.39000,2.49000,90.23000,119.32000
0.49000,-1.99000,0.00000,2.55000,2.20000,1.67000,1.94000,90.23000,119.32000
0.49000,-1.99000,0.00000,2.37000,2.37000,1.45000,1.77000,74.84000,111.39000
0.50000,-1.99000,-0.00000,2.10000,2.47000,1.44000,1.76000,74.84000,111.39000
0.50000,-1.99000,-0.02000,1.64000,2.35000,1.58000,1.86000,77.00000,106.12000
0.51000,-1.99000,-0.03000,1.66000,2.32000,2.52000,2.56000,77.00000,106.12000
0.51000,-1.99000,-0.04000,1.49000,2.28000,3.12000,3.13000,103.53000,123.66000
0.52000,-1.99000,-0.05000,1.87000,2.26000,3.27000,3.27000,103.53000,123.66000
0.52000,-1.99000,-0.05000,2.30000,2.47000,3.17000,3.16000,109.89000,129.89000
0.53000,-1.99000,-0.05000,2.63000,2.57000,3.08000,3.07000,109.89000,129.89000
0.53000,-1.99000,-0.05000,2.78000,2.64000,3.10000,3.09000,105.18000,129.57000
0.54000,-1.99000,-0.05000,2.66000,2.68000,3.16000,3.15000,105.18000,129.57000
0.55000,-1.99000,-0.05000,2.62000,2.80000,3.14000,3.14000,108.31000,131.80000
0.55000,-1.99000,-0.06000,2.66000,2.93000,3.03000,3.01000,108.31000,131.80000
0.56000,-1.99000,-0.06000,2.70000,2.99000,2.77000,2.74000,105.58000,124.87000
0.56000,-1.99000,-0.06000,2.74000,2.82000,2.39000,2.19000,105.58000,124.87000
0.57000,-1.99000,-0.06000,2.91000,2.99000,2.20000,1.98000,96.49000,113.86000
0.58000,-1.99000,-0.07000,2.66000,2.74000,2.03000,1.78000,96.49000,113.86000
0.58000,-2.00000,-0.07000,2.32000,2.53000,1.90000,1.63000,90.06000,104.90000
0.59000,-2.00000,-0.08000,1.99000,2.30000,1.78000,1.48000,90.06000,104.90000
0.59000,-2.00000,-0.08000,1.45000,1.93000,1.75000,1.39000,93.26000,101.20000
0.59000,-2.00000,-0.09000,1.60000,1.95000,1.78000,1.35000,93.26000,101.20000
0.60000,-2.00000,-0.09000,1.81000,1.70000,1.81000,1.32000,98.52000,99.89000
0.60000,-2.00000,-0.08000,2.12000,1.74000,1.81000,1.32000,98.52000,99.89000
0.61000,-2.00000,-0.07000,2.37000,1.47000,1.79000,1.33000,91.75000,99.45000
0.61000,-2.00000,-0.05000,2.45000,1.64000,1.75000,1.40000,91.75000,99.45000
0.62000,-2.00000,-0.03000,2.37000,1.37000,1.99000,1.74000,87.82000,104.61000
0.62000,-2.00000,-0.02000,2.45000,1.64000,3.01000,3.00000,87.82000,104.61000
0.62000,-2.00000,-0.01000,2.28000,1.66000,3.28000,3.28000,104.43000,128.35000
0.63000,-2.00000,0.00000,2.45000,1.93000,3.15000,3.15000,104.43000,128.35000
0.64000,-2.00000,0.01000,2.74000,2.41000,2.71000,2.74000,100.94000,125.79000
0.64000,-2.00000,0.01000,2.72000,2.57000,2.05000,2.26000,100.94000,125.79000
0.65000,-2.00000,0.01000,2.80000,2.61000,1.73000,1.98000,83.66000,109.58000
0.65000,-2.00000,0.02000,2.70000,2.57000,1.50000,1.80000,83.66000,109.58000
0.66000,-2.00000,0.02000,2.45000,2.45000,1.42000,1.76000,73.39000,102.66000
0.66000,-2.00000,0.01000,2.03000,2.28000,1.39000,1.75000,73.39000,102.66000
0.67000,-2.00000,0.00000,1.81000,2.20000,1.40000,1.75000,75.42000,102.08000
0.67000,-2.00000,-0.00000,1.51000,1.97000,1.44000,1.77000,75.42000,102.08000
0.68000,-2.00000,-0.01000,1.56000,2.08000,1.58000,1.86000,82.13000,105.20000
0.68000,-2.00000,-0.02000,1.49000,1.97000,2.00000,2.22000,82.13000,105.20000
0.68000,-2.00000,-0.03000,1.64000,1.87000,2.62000,2.66000,98.47000,116.51000
0.69000,-2.00000,-0.03000,1.87000,1.97000,2.78000,2.81000,98.47000,116.51000
0.69000,-2.00000,-0.03000,2.07000,2.07000,2.78000,2.81000,102.03000,122.87000
0.70000,-2.00000,-0.03000,2.24000,2.20000,2.63000,2.67000,102.03000,122.87000
0.70000,-2.00000,-0.02000,2.47000,2.24000,2.25000,2.42000,93.87000,118.69000
0.71000,-2.00000,-0.02000,2.34000,2.47000,1.62000,1.89000,93.87000,118.69000
0.71000,-2.00000,-0.03000,2.30000,2.49000,-0.67000,0.37000,48.66000,85.21000
0.72000,-2.00000,-0.04000,1.62000,2.01000,-0.72000,0.32000,48.66000,85.21000
0.72000,-2.00000,-0.05000,0.66000,1.74000,-0.79000,0.25000,39.69000,77.65000
0.72000,-2.00000,-0.08000,0.00000,1.22000,-0.90000,0.13000,39.69000,77.65000
0.72000,-2.00000,-0.09000,0.00000,0.87000,-1.02000,0.00000,45.99000,75.15000
0.72000,-2.00000,-0.11000,0.02000,0.71000,-1.13000,-0.12000,45.99000,75.15000
0.72000,-2.00000,-0.12000,0.00000,0.64000,-1.22000,-0.21000,36.52000,72.41000
0.73000,-2.00000,-0.12000,0.00000,0.31000,-1.32000,-0.30000,36.52000,72.41000
0.73000,-2.00000,-0.12000,0.00000,0.00000,-1.37000,-0.34000,27.21000,70.88000
0.73000,-2.00000,-0.12000,0.00000,0.00000,-1.37000,-0.34000,27.21000,70.88000
0.73000,-2.00000,-0.12000,0.00000,0.00000,-1.37000,-0.34000,19.01000,71.64000
0.73000,-2.00000,-0.12000,0.00000,0.00000,-1.37000,-0.34000,19.01000,71.64000
0.73000,-2.00000,-0.12000,0.00000,0.00000,-1.37000,-0.34000,10.80000,69.60000
0.73000,-2.00000,-0.12000,0.00000,0.00000,-1.37000,-0.34000,10.80000,69.60000
0.73000,-2.00000,-0.12000,0.00000,0.00000,-1.37000,-0.34000,2.60000,67.56000
0.73000,-2.00000,-0.12000,0.00000,0.00000,-1.37000,-0.34000,2.60000,67.56000
0.73000,-2.00000,-0.12000,0.00000,0.00000,-1.37000,-0.34000,-5.60000,65.51000
0.73000,-2.00000,-0.12000,0.00000,0.00000,-1.37000,-0.34000,-5.60000,65.51000
0.73000,-2.00000,-0.12000,0.00000,0.00000,-1.37000,-0.34000,-13.81000,63.47000
0.73000,-2.00000,-0.12000,0.00000,0.00000,-1.37000,-0.34000,-13.81000,63.47000
0.73000,-2.00000,-0.12000,0.00000,0.00000,-1.37000,-0.34000,-22.01000,61.43000
0.73000,-2.00000,-0.12000,0.00000,0.00000,-1.37000,-0.34000,-22.01000,61.43000
0.73000,-2.00000,-0.12000,0.00000,0.00000,-1.37000,-0.34000,-30.22000,59.38000
0.73000,-2.00000,-0.12000,0.00000,0.00000,-1.37000,-0.34000,-30.22000,59.38000
0.73000,-2.00000,-0.12000,0.00000,0.00000,-1.37000,-0.34000,-38.42000,57.34000
0.73000,-2.00000,-0.12000,-0.02000,0.00000,-1.37000,-0.34000,-38.42000,57.34000
0.73000,-2.00000,-0.12000,0.00000,0.00000,-1.37000,-0.34000,-46.35000,55.27000
0.73000,-2.00000,-0.12000,-0.08000,0.00000,-1.37000,-0.34000,-46.35000,55.27000
0.73000,-2.00000,-0.12000,0.00000,0.00000,-1.38000,-0.35000,-53.63000,53.11000
0.73000,-2.00000,-0.12000,0.00000,0.00000,-1.38000,-0.35000,-53.63000,53.11000
0.73000,-2.00000,-0.12000,0.00000,0.00000,-1.38000,-0.35000,-62.65000,51.02000
0.73000,-2.00000,-0.12000,-0.02000,0.00000,-1.38000,-0.35000,-62.65000,51.02000
0.73000,-2.00000,-0.12000,-0.02000,0.00000,-1.38000,-0.35000,-70.64000,48.89000
0.72000,-2.00000,-0.14000,-0.60000,0.00000,-1.38000,-0.35000,-70.64000,48.89000
0.72000,-2.00000,-0.15000,-0.87000,0.00000,-1.44000,-0.40000,-71.02000,46.02000
0.72000,-2.00000,-0.17000,-0.89000,0.00000,-1.53000,-0.47000,-71.02000,46.02000
0.72000,-2.00000,-0.19000,-1.10000,0.00000,-1.60000,-0.53000,-74.07000,41.67000
0.72000,-2.00000,-0.21000,-1.37000,0.00000,-1.68000,-0.60000,-74.07000,41.67000
0.72000,-2.00000,-0.24000,-1.45000,0.00000,-1.78000,-0.68000,-73.89000,36.29000
0.72000,-2.00000,-0.27000,-1.56000,0.00000,-1.87000,-0.74000,-73.89000,36.29000
0.71000,-2.00000,-0.30000,-1.68000,0.00000,-1.94000,-0.79000,-75.93000,30.47000
0.71000,-2.00000,-0.33000,-1.72000,0.00000,-2.00000,-0.84000,-75.93000,30.47000
0.71000,-2.00000,-0.36000,-1.89000,0.00000,-2.06000,-0.87000,-77.50000,24.63000
0.71000,-2.00000,-0.40000,-1.91000,0.00000,-2.10000,-0.88000,-77.50000,24.63000
0.71000,-1.99000,-0.43000,-1.95000,0.00000,-2.13000,-0.90000,-77.87000,18.98000
0.70000,-1.99000,-0.47000,-1.95000,0.00000,-2.16000,-0.90000,-77.87000,18.98000
0.70000,-1.99000,-0.50000,-2.01000,0.00000,-2.18000,-0.91000,-79.28000,13.47000
0.70000,-1.99000,-0.54000,-2.10000,0.00000,-2.19000,-0.90000,-79.28000,13.47000
0.70000,-1.99000,-0.58000,-2.16000,0.00000,-2.20000,-0.91000,-78.81000,8.04000
0.70000,-1.99000,-0.62000,-2.24000,0.00000,-2.21000,-0.91000,-78.81000,8.04000
0.69000,-1.99000,-0.66000,-2.22000,0.00000,-2.21000,-0.91000,-77.40000,2.57000
0.69000,-1.99000,-0.70000,-2.24000,0.00000,-2.21000,-0.91000,-77.40000,2.57000
0.69000,-1.98000,-0.74000,-2.18000,0.00000,-2.21000,-0.91000,-77.26000,-2.90000
0.69000,-1.98000,-0.78000,-2.16000,0.00000,-2.21000,-0.91000,-77.26000,-2.90000
0.69000,-1.98000,-0.82000,-2.20000,0.00000,-2.21000,-0.91000,-78.33000,-8.39000
0.69000,-1.98000,-0.86000,-2.08000,0.00000,-2.21000,-0.91000,-78.33000,-8.39000
0.68000,-1.98000,-0.90000,-2.12000,0.00000,-2.20000,-0.92000,-79.78000,-13.99000
0.68000,-1.98000,-0.93000,-2.05000,0.00000,-2.20000,-0.93000,-79.78000,-13.99000
0.68000,-1.97000,-0.97000,-2.18000,0.00000,-2.19000,-0.94000,-80.58000,-19.81000
0.68000,-1.97000,-1.01000,-2.26000,0.00000,-2.17000,-0.95000,-80.58000,-19.81000
0.68000,-1.97000,-1.06000,-2.39000,0.00000,-2.15000,-0.97000,-77.79000,-25.90000
0.68000,-1.97000,-1.10000,-2.45000,0.00000,-2.14000,-0.99000,-77.79000,-25.90000
0.68000,-1.96000,-1.14000,-2.24000,0.00000,-2.12000,-1.01000,-73.83000,-32.27000
0.67000,-1.96000,-1.18000,-1.99000,0.00000,-2.11000,-1.02000,-73.83000,-32.27000
0.67000,-1.96000,-1.21000,-1.64000,0.00000,-2.95000,-2.91000,-91.20000,-66.80000
0.67000,-1.96000,-1.24000,-1.76000,-0.02000,-3.06000,-3.10000,-91.20000,-66.80000
0.67000,-1.96000,-1.27000,-1.79000,0.00000,-1.05000,-2.11000,-71.81000,-71.94000
0.67000,-1.96000,-1.30000,-1.56000,0.00000,-1.01000,-2.11000,-71.81000,-71.94000
0.67000,-1.95000,-1.32000,-1.06000,0.00000,-1.00000,-2.13000,-69.89000,-85.04000
0.67000,-1.95000,-1.33000,-0.79000,-0.02000,-0.99000,-2.13000,-69.89000,-85.04000
0.67000,-1.95000,-1.35000,-0.71000,0.00000,-0.99000,-2.14000,-77.86000,-97.72000
0.67000,-1.95000,-1.36000,-1.00000,0.00000,-0.98000,-2.15000,-77.86000,-97.72000
0.67000,-1.95000,-1.38000,-1.12000,0.00000,-0.97000,-2.15000,-75.69000,-110.95000
0.67000,-1.95000,-1.40000,-1.04000,0.00000,-0.96000,-2.16000,-75.69000,-110.95000
0.67000,-1.95000,-1.42000,-1.08000,0.00000,-0.95000,-2.17000,-74.64000,-124.13000
0.67000,-1.95000,-1.44000,-1.16000,-0.08000,-0.95000,-2.18000,-74.64000,-124.13000
0.67000,-1.94000,-1.44000,-0.93000,-1.08000,-0.94000,-2.19000,-72.02000,-136.17000
0.67000,-1.94000,-1.42000,-0.85000,-1.76000,-0.94000,-2.19000,-72.02000,-136.17000
0.67000,-1.94000,-1.40000,-0.91000,-2.34000,-0.94000,-2.18000,-75.41000,-123.55000
0.67000,-1.93000,-1.37000,-1.10000,-2.43000,-0.95000,-2.18000,-75.41000,-123.55000
0.67000,-1.93000,-1.35000,-0.98000,-2.45000,-0.95000,-2.17000,-72.43000,-115.89000
0.67000,-1.93000,-1.32000,-0.83000,-2.32000,-0.96000,-2.16000,-72.43000,-115.89000
0.67000,-1.92000,-1.29000,-0.77000,-2.14000,-0.97000,-2.15000,-75.88000,-115.61000
0.67000,-1.92000,-1.27000,-0.77000,-2.14000,-0.98000,-2.14000,-75.88000,-115.61000
0.66000,-1.92000,-1.24000,-0.46000,-2.12000,-0.99000,-2.13000,-77.94000,-117.09000
0.66000,-1.91000,-1.21000,-0.50000,-2.14000,-1.00000,-2.12000,-77.94000,-117.09000
0.66000,-1.91000,-1.18000,-0.62000,-2.08000,-1.01000,-2.11000,-83.65000,-116.72000
0.66000,-1.91000,-1.16000,-1.02000,-2.03000,-1.05000,-2.11000,-83.65000,-116.72000
0.66000,-1.91000,-1.15000,-1.27000,-2.12000,-1.97000,-2.36000,-93.37000,-121.84000
0.66000,-1.90000,-1.14000,-1.41000,-2.03000,-3.06000,-3.10000,-93.37000,-121.84000
0.66000,-1.90000,-1.13000,-1.54000,-2.07000,-3.26000,-3.29000,-112.54000,-137.75000
0.65000,-1.89000,-1.12000,-1.87000,-2.20000,-3.22000,-3.20000,-112.54000,-137.75000
0.65000,-1.89000,-1.12000,-2.18000,-2.41000,-3.06000,-3.02000,-113.77000,-138.80000
0.65000,-1.88000,-1.12000,-2.34000,-2.49000,-2.85000,-2.79000,-113.77000,-138.80000
0.65000,-1.88000,-1.11000,-2.39000,-2.66000,-2.62000,-2.53000,-107.09000,-131.92000
0.64000,-1.87000,-1.11000,-2.55000,-2.68000,-2.30000,-1.80000,-107.09000,-131.92000
0.64000,-1.87000,-1.11000,-2.78000,-2.55000,-2.18000,-1.40000,-99.08000,-112.51000
0.64000,-1.86000,-1.12000,-2.86000,-2.32000,-2.21000,-1.53000,-99.08000,-112.51000
0.64000,-1.86000,-1.13000,-2.61000,-2.03000,-2.50000,-2.32000,-96.97000,-123.89000
0.64000,-1.85000,-1.14000,-2.32000,-1.74000,-2.98000,-2.94000,-96.97000,-123.89000
0.63000,-1.85000,-1.15000,-2.03000,-1.54000,-3.24000,-3.21000,-114.00000,-145.99000
0.63000,-1.85000,-1.16000,-1.95000,-1.54000,-3.26000,-3.29000,-114.00000,-145.99000
0.63000,-1.84000,-1.17000,-2.07000,-1.76000,-3.16000,-3.19000,-123.82000,-157.50000
0.63000,-1.84000,-1.17000,-2.45000,-2.05000,-2.94000,-2.98000,-123.82000,-157.50000
0.63000,-1.83000,-1.18000,-2.74000,-2.32000,-2.25000,-2.47000,-110.07000,-148.92000
0.62000,-1.83000,-1.18000,-2.57000,-2.34000,-1.22000,-2.14000,-110.07000,-148.92000
0.62000,-1.82000,-1.19000,-2.47000,-2.32000,-1.04000,-2.11000,-88.76000,-141.58000
0.62000,-1.82000,-1.18000,-2.07000,-2.26000,-1.02000,-2.11000,-88.76000,-141.58000
0.62000,-1.81000,-1.17000,-1.72000,-2.41000,-1.01000,-2.12000,-86.63000,-141.54000
0.62000,-1.81000,-1.15000,-1.41000,-2.34000,-1.01000,-2.11000,-86.63000,-141.54000
0.62000,-1.81000,-1.14000,-1.31000,-2.24000,-1.02000,-2.11000,-90.37000,-139.26000
0.61000,-1.80000,-1.12000,-1.43000,-2.18000,-1.21000,-2.14000,-90.37000,-139.26000
0.61000,-1.80000,-1.11000,-1.33000,-1.99000,-2.41000,-2.54000,-108.53000,-146.85000
0.61000,-1.80000,-1.11000,-1.70000,-1.99000,-3.09000,-3.12000,-108.53000,-146.85000
0.61000,-1.79000,-1.11000,-2.03000,-2.07000,-3.21000,-3.24000,-122.33000,-162.25000
0.61000,-1.79000,-1.11000,-2.45000,-2.30000,-3.22000,-3.25000,-122.33000,-162.25000
0.60000,-1.78000,-1.12000,-2.82000,-2.30000,-3.17000,-3.20000,-119.55000,-164.44000
0.60000,-1.78000,-1.13000,-2.47000,-1.78000,-2.80000,-2.85000,-119.55000,-164.44000
0.60000,-1.77000,-1.14000,-2.28000,-1.62000,-1.54000,-2.22000,-99.21000,-162.92000
0.60000,-1.77000,-1.14000,-1.68000,-1.70000,-1.05000,-2.11000,-99.21000,-162.92000
0.60000,-1.77000,-1.13000,-1.24000,-2.01000,-1.05000,-2.11000,-98.06000,-165.10000
0.59000,-1.76000,-1.11000,-1.04000,-2.22000,-1.57000,-2.23000,-98.06000,-165.10000
0.59000,-1.76000,-1.08000,-0.68000,-2.39000,-3.14000,-3.17000,-135.27000,-175.69000
0.59000,-1.76000,-1.05000,-0.81000,-2.28000,-2.76000,-2.69000,-135.27000,-175.69000
0.59000,-1.75000,-1.03000,-1.43000,-2.34000,-2.11000,-1.03000,-135.80000,-148.41000
0.59000,-1.75000,-1.03000,-1.87000,-2.28000,-2.11000,-1.01000,-135.80000,-148.41000
0.58000,-1.75000,-1.03000,-2.28000,-2.20000,-2.11000,-1.01000,-127.79000,-140.58000
0.58000,-1.74000,-1.03000,-2.64000,-2.28000,-2.11000,-1.01000,-127.79000,-140.58000
0.58000,-1.74000,-1.04000,-2.76000,-2.18000,-2.11000,-1.01000,-117.72000,-132.97000
0.58000,-1.73000,-1.05000,-2.68000,-2.20000,-2.11000,-1.02000,-117.72000,-132.97000
0.57000,-1.73000,-1.05000,-2.43000,-2.37000,-2.11000,-1.02000,-113.88000,-126.72000
0.57000,-1.72000,-1.06000,-2.22000,-2.12000,-2.11000,-1.02000,-113.88000,-126.72000
0.57000,-1.72000,-1.06000,-2.37000,-2.05000,-2.11000,-1.02000,-117.30000,-120.89000
0.57000,-1.71000,-1.07000,-2.32000,-1.87000,-2.11000,-1.03000,-117.30000,-120.89000
0.56000,-1.71000,-1.08000,-2.41000,-1.91000,-2.11000,-1.06000,-115.11000,-118.68000
0.56000,-1.71000,-1.09000,-2.30000,-1.83000,-2.15000,-1.28000,-115.11000,-118.68000
0.56000,-1.70000,-1.09000,-2.34000,-1.89000,-2.35000,-1.96000,-117.79000,-127.90000
0.56000,-1.70000,-1.10000,-2.28000,-1.89000,-2.78000,-2.71000,-117.79000,-127.90000
0.55000,-1.69000,-1.11000,-2.59000,-1.97000,-3.08000,-3.04000,-129.24000,-143.97000
0.55000,-1.69000,-1.13000,-3.05000,-1.97000,-3.28000,-3.26000,-129.24000,-143.97000
0.55000,-1.68000,-1.16000,-3.36000,-1.93000,-2.91000,-2.95000,-119.94000,-148.35000
0.55000,-1.68000,-1.18000,-3.32000,-1.91000,-1.06000,-2.11000,-119.94000,-148.35000
0.54000,-1.67000,-1.20000,-3.11000,-2.14000,-1.01000,-2.11000,-86.63000,-142.53000
0.54000,-1.67000,-1.21000,-2.47000,-2.03000,-1.01000,-2.12000,-86.63000,-142.53000
0.54000,-1.66000,-1.21000,-1.83000,-1.95000,-1.00000,-2.12000,-85.37000,-142.08000
0.54000,-1.66000,-1.20000,-1.47000,-1.70000,-1.00000,-2.12000,-85.37000,-142.08000
0.54000,-1.66000,-1.20000,-1.49000,-1.74000,-1.00000,-2.12000,-91.50000,-147.61000
0.54000,-1.65000,-1.19000,-1.25000,-1.66000,-1.00000,-2.12000,-91.50000,-147.61000
0.54000,-1.65000,-1.19000,-1.29000,-1.56000,-1.00000,-2.12000,-92.12000,-150.74000
0.54000,-1.65000,-1.18000,-1.37000,-1.47000,-1.00000,-2.12000,-92.12000,-150.74000
0.53000,-1.64000,-1.18000,-1.20000,-1.64000,-1.00000,-2.12000,-88.81000,-156.32000
0.53000,-1.64000,-1.17000,-1.20000,-1.76000,-1.01000,-2.12000,-88.81000,-156.32000
0.53000,-1.64000,-1.15000,-1.27000,-1.95000,-1.01000,-2.12000,-89.18000,-155.80000
0.53000,-1.63000,-1.14000,-1.22000,-2.24000,-1.01000,-2.11000,-89.18000,-155.80000
0.53000,-1.63000,-1.11000,-1.24000,-2.49000,-1.02000,-2.11000,-87.82000,-150.61000
0.53000,-1.63000,-1.09000,-1.35000,-2.49000,-1.07000,-2.11000,-87.82000,-150.61000
0.52000,-1.62000,-1.07000,-1.24000,-2.34000,-2.34000,-2.51000,-104.59000,-152.11000
0.52000,-1.62000,-1.06000,-1.56000,-2.24000,-3.23000,-3.25000,-104.59000,-152.11000
0.52000,-1.62000,-1.05000,-1.83000,-2.26000,-3.25000,-3.22000,-120.99000,-166.59000
0.52000,-1.61000,-1.05000,-2.16000,-2.39000,-3.03000,-2.99000,-120.99000,-166.59000
0.51000,-1.61000,-1.05000,-2.53000,-2.41000,-2.78000,-2.71000,-115.11000,-162.70000
0.51000,-1.60000,-1.06000,-2.70000,-1.93000,-2.79000,-2.73000,-115.11000,-162.70000
0.51000,-1.60000,-1.08000,-2.78000,-1.85000,-3.22000,-3.19000,-117.35000,-178.67000
0.51000,-1.59000,-1.09000,-2.61000,-2.03000,-3.19000,-3.22000,-117.35000,-178.67000
0.50000,-1.59000,-1.09000,-2.32000,-2.34000,-2.74000,-2.80000,-114.52000,-178.85000
0.50000,-1.58000,-1.08000,-2.12000,-2.66000,-2.55000,-2.64000,-114.52000,-178.85000
0.50000,-1.58000,-1.07000,-1.91000,-2.78000,-2.91000,-2.96000,-125.35000,-176.50000
0.50000,-1.57000,-1.05000,-1.78000,-2.70000,-2.12000,-1.00000,-125.35000,-176.50000
0.50000,-1.57000,-1.04000,-1.91000,-2.70000,-2.13000,-0.99000,-123.35000,-148.22000
0.49000,-1.57000,-1.03000,-2.12000,-2.57000,-2.14000,-0.99000,-123.35000,-148.22000
0.49000,-1.56000,-1.03000,-2.55000,-2.47000,-2.14000,-0.98000,-120.65000,-139.74000
0.49000,-1.56000,-1.04000,-2.78000,-2.34000,-2.14000,-0.98000,-120.65000,-139.74000
0.48000,-1.55000,-1.05000,-2.78000,-2.28000,-2.14000,-0.99000,-110.82000,-133.66000
0.48000,-1.55000,-1.05000,-2.55000,-2.39000,-2.14000,-0.99000,-110.82000,-133.66000
0.48000,-1.54000,-1.05000,-2.45000,-2.32000,-2.14000,-0.99000,-110.35000,-124.93000
0.48000,-1.54000,-1.06000,-2.47000,-2.22000,-2.14000,-0.99000,-110.35000,-124.93000
0.47000,-1.53000,-1.06000,-2.43000,-2.12000,-2.14000,-0.99000,-109.08000,-119.05000
0.47000,-1.53000,-1.07000,-2.51000,-1.99000,-2.13000,-0.99000,-109.08000,-119.05000
0.47000,-1.52000,-1.08000,-2.34000,-1.97000,-2.13000,-0.99000,-106.38000,-115.14000
0.47000,-1.52000,-1.08000,-2.32000,-1.91000,-2.13000,-1.00000,-106.38000,-115.14000
0.46000,-1.52000,-1.09000,-2.26000,-1.80000,-2.13000,-1.00000,-106.85000,-110.47000
0.46000,-1.51000,-1.11000,-2.51000,-1.45000,-2.12000,-1.00000,-106.85000,-110.47000
0.46000,-1.51000,-1.14000,-2.78000,-1.18000,-2.12000,-1.01000,-102.73000,-112.01000
0.46000,-1.50000,-1.18000,-2.82000,-0.79000,-2.11000,-1.02000,-102.73000,-112.01000
0.46000,-1.50000,-1.22000,-2.76000,-0.25000,-2.66000,-2.57000,-103.80000,-142.79000
0.46000,-1.50000,-1.26000,-2.55000,-0.46000,-2.47000,-2.57000,-103.80000,-142.79000
0.45000,-1.49000,-1.28000,-2.32000,-1.04000,-1.02000,-2.11000,-82.24000,-151.48000
0.45000,-1.49000,-1.29000,-2.01000,-1.68000,-1.01000,-2.12000,-82.24000,-151.48000
0.45000,-1.49000,-1.28000,-1.58000,-2.05000,-1.01000,-2.12000,-80.96000,-143.23000
0.45000,-1.48000,-1.27000,-1.31000,-2.07000,-1.01000,-2.12000,-80.96000,-143.23000
0.45000,-1.48000,-1.26000,-1.45000,-2.10000,-1.01000,-2.11000,-85.59000,-139.82000
0.45000,-1.47000,-1.25000,-1.49000,-1.97000,-1.02000,-2.11000,-85.59000,-139.82000
0.45000,-1.47000,-1.24000,-1.58000,-1.83000,-1.02000,-2.11000,-81.14000,-141.52000
0.45000,-1.47000,-1.23000,-1.37000,-1.87000,-1.02000,-2.11000,-81.14000,-141.52000
0.45000,-1.46000,-1.22000,-1.18000,-1.72000,-1.05000,-2.11000,-80.64000,-143.91000
0.44000,-1.46000,-1.22000,-1.22000,-1.62000,-1.29000,-2.15000,-80.64000,-143.91000
0.44000,-1.46000,-1.20000,-1.08000,-1.78000,-1.85000,-2.31000,-92.91000,-152.18000
0.44000,-1.46000,-1.19000,-1.08000,-1.72000,-2.93000,-2.98000,-92.91000,-152.18000
0.44000,-1.45000,-1.18000,-1.41000,-2.16000,-3.24000,-3.27000,-119.67000,-169.08000
0.44000,-1.45000,-1.17000,-1.91000,-2.55000,-3.20000,-3.17000,-119.67000,-169.08000
0.44000,-1.44000,-1.16000,-2.32000,-2.80000,-2.75000,-2.68000,-112.80000,-157.06000
0.43000,-1.44000,-1.15000,-2.55000,-2.84000,-2.26000,-1.70000,-112.80000,-157.06000
0.43000,-1.43000,-1.15000,-2.59000,-2.61000,-2.14000,-1.23000,-99.10000,-131.82000
0.43000,-1.43000,-1.16000,-2.66000,-2.45000,-2.13000,-1.17000,-99.10000,-131.82000
0.43000,-1.42000,-1.16000,-2.57000,-2.18000,-2.15000,-1.28000,-95.23000,-128.78000
0.43000,-1.42000,-1.18000,-2.49000,-1.76000,-2.29000,-1.77000,-95.23000,-128.78000
0.42000,-1.41000,-1.20000,-2.14000,-1.14000,-2.94000,-2.90000,-106.57000,-156.26000
0.42000,-1.41000,-1.21000,-1.64000,-0.98000,-3.27000,-3.29000,-106.57000,-156.26000
0.42000,-1.41000,-1.21000,-1.39000,-1.41000,-3.07000,-3.10000,-123.88000,-177.95000
0.42000,-1.40000,-1.20000,-1.64000,-1.74000,-3.07000,-3.10000,-123.88000,-177.95000
0.42000,-1.40000,-1.20000,-1.58000,-1.99000,-3.12000,-3.15000,-133.20000,-179.91000
0.42000,-1.40000,-1.19000,-1.83000,-2.30000,-3.25000,-3.27000,-133.20000,-179.91000
0.42000,-1.39000,-1.18000,-2.01000,-2.34000,-3.27000,-3.24000,-141.54000,-181.33000
0.41000,-1.39000,-1.19000,-2.47000,-2.32000,-3.16000,-3.12000,-141.54000,-181.33000
0.41000,-1.38000,-1.19000,-2.86000,-2.53000,-3.21000,-3.18000,-139.62000,-185.68000
0.41000,-1.38000,-1.20000,-2.95000,-2.70000,-3.28000,-3.26000,-139.62000,-185.68000
0.41000,-1.37000,-1.19000,-2.70000,-2.86000,-3.27000,-3.29000,-137.80000,-186.93000
0.40000,-1.36000,-1.19000,-2.66000,-2.97000,-3.29000,-3.27000,-137.80000,-186.93000
0.40000,-1.36000,-1.18000,-2.82000,-3.13000,-3.23000,-3.20000,-143.51000,-185.09000
0.40000,-1.35000,-1.18000,-3.07000,-3.32000,-3.08000,-3.04000,-143.51000,-185.09000
0.40000,-1.34000,-1.17000,-3.15000,-3.32000,-2.83000,-2.77000,-134.79000,-174.80000
0.39000,-1.34000,-1.17000,-3.20000,-3.32000,-2.54000,-2.40000,-134.79000,-174.80000
0.39000,-1.33000,-1.17000,-3.24000,-3.38000,-2.32000,-1.86000,-123.74000,-157.79000
0.39000,-1.32000,-1.17000,-3.36000,-3.36000,-2.17000,-1.34000,-123.74000,-157.79000
0.38000,-1.32000,-1.18000,-3.53000,-3.11000,-2.12000,-1.15000,-113.10000,-137.73000
0.38000,-1.31000,-1.20000,-3.40000,-2.34000,-2.14000,-1.22000,-113.10000,-137.73000
0.38000,-1.31000,-1.22000,-3.09000,-1.78000,-2.62000,-2.53000,-112.53000,-160.49000
0.38000,-1.30000,-1.23000,-2.78000,-2.01000,-3.29000,-3.26000,-112.53000,-160.49000
0.38000,-1.30000,-1.24000,-2.43000,-2.05000,-3.10000,-3.13000,-124.30000,-175.55000
0.37000,-1.29000,-1.24000,-2.49000,-2.30000,-2.68000,-2.75000,-124.30000,-175.55000
0.37000,-1.29000,-1.25000,-2.74000,-2.49000,-3.11000,-3.14000,-130.76000,-178.10000
0.37000,-1.28000,-1.25000,-2.86000,-2.68000,-2.94000,-2.98000,-130.76000,-178.10000
0.37000,-1.27000,-1.25000,-2.95000,-2.78000,-2.74000,-2.80000,-123.35000,-172.46000
0.37000,-1.27000,-1.26000,-2.90000,-2.80000,-2.49000,-2.59000,-123.35000,-172.46000
0.36000,-1.26000,-1.26000,-2.78000,-2.70000,-2.23000,-2.46000,-114.38000,-166.22000
0.36000,-1.26000,-1.25000,-2.72000,-2.93000,-2.00000,-2.37000,-114.38000,-166.22000
0.36000,-1.25000,-1.25000,-2.68000,-3.07000,-2.39000,-2.53000,-115.53000,-163.39000
0.36000,-1.24000,-1.24000,-2.74000,-2.90000,-2.88000,-2.93000,-115.53000,-163.39000
0.36000,-1.24000,-1.25000,-2.84000,-2.76000,-3.00000,-3.04000,-122.42000,-168.97000
0.35000,-1.23000,-1.25000,-2.93000,-2.76000,-2.93000,-2.97000,-122.42000,-168.97000
0.35000,-1.23000,-1.25000,-2.74000,-2.70000,-2.74000,-2.81000,-117.30000,-168.43000
0.35000,-1.22000,-1.25000,-2.37000,-2.55000,-2.67000,-2.74000,-117.30000,-168.43000
0.35000,-1.22000,-1.24000,-2.08000,-2.37000,-2.85000,-2.91000,-126.28000,-173.32000
0.35000,-1.21000,-1.23000,-1.85000,-2.20000,-3.07000,-3.10000,-126.28000,-173.32000
0.35000,-1.21000,-1.23000,-1.93000,-2.18000,-3.22000,-3.24000,-142.41000,-185.79000
0.34000,-1.20000,-1.23000,-2.12000,-2.26000,-3.26000,-3.29000,-142.41000,-185.79000
0.34000,-1.20000,-1.23000,-2.66000,-2.43000,-3.29000,-3.27000,-147.77000,-191.52000
0.34000,-1.19000,-1.24000,-3.01000,-2.41000,-3.25000,-3.28000,-147.77000,-191.52000
0.34000,-1.18000,-1.25000,-3.13000,-2.66000,-3.00000,-3.04000,-137.01000,-191.91000
0.34000,-1.18000,-1.25000,-2.93000,-2.82000,-2.43000,-2.55000,-137.01000,-191.91000
0.33000,-1.17000,-1.25000,-2.80000,-2.99000,-2.14000,-2.42000,-125.31000,-180.25000
0.33000,-1.17000,-1.24000,-2.86000,-3.24000,-2.46000,-2.57000,-125.31000,-180.25000
0.33000,-1.16000,-1.22000,-2.70000,-3.67000,-2.89000,-2.93000,-132.72000,-179.30000
0.33000,-1.15000,-1.20000,-2.70000,-4.13000,-3.30000,-3.27000,-132.72000,-179.30000
0.32000,-1.14000,-1.17000,-2.82000,-4.50000,-2.42000,-2.14000,-128.41000,-152.20000
0.32000,-1.14000,-1.14000,-2.86000,-4.50000,-2.11000,-1.02000,-128.41000,-152.20000
0.32000,-1.13000,-1.11000,-3.03000,-4.42000,-2.12000,-1.01000,-119.71000,-117.66000
0.31000,-1.12000,-1.10000,-3.32000,-3.94000,-2.13000,-0.99000,-119.71000,-117.66000
0.31000,-1.11000,-1.11000,-3.69000,-3.34000,-2.14000,-0.99000,-108.68000,-104.82000
0.31000,-1.11000,-1.12000,-3.53000,-2.99000,-2.14000,-0.99000,-108.68000,-104.82000
0.30000,-1.10000,-1.12000,-3.24000,-2.90000,-2.13000,-0.99000,-98.42000,-101.44000
0.30000,-1.10000,-1.14000,-3.65000,-2.86000,-2.13000,-0.99000,-98.42000,-101.44000
0.30000,-1.09000,-1.14000,-2.95000,-2.61000,-2.13000,-0.99000,-88.12000,-91.39000
0.30000,-1.08000,-1.15000,-2.74000,-2.30000,-2.13000,-1.00000,-88.12000,-91.39000
0.29000,-1.08000,-1.16000,-2.41000,-2.05000,-2.13000,-1.00000,-92.65000,-88.62000
0.29000,-1.08000,-1.18000,-2.41000,-1.37000,-2.13000,-1.00000,-92.65000,-88.62000
0.29000,-1.07000,-1.20000,-2.37000,-1.20000,-2.12000,-1.01000,-93.86000,-94.93000
0.29000,-1.07000,-1.22000,-2.32000,-1.27000,-2.11000,-1.01000,-93.86000,-94.93000
0.29000,-1.07000,-1.24000,-2.37000,-1.22000,-2.11000,-1.02000,-93.16000,-94.51000
0.29000,-1.06000,-1.27000,-2.12000,-0.21000,-2.14000,-1.25000,-93.16000,-94.51000
0.29000,-1.06000,-1.30000,-2.22000,-0.50000,-3.29000,-3.26000,-112.72000,-142.57000
0.29000,-1.06000,-1.33000,-2.43000,-1.14000,-1.75000,-2.28000,-112.72000,-142.57000
0.28000,-1.05000,-1.34000,-2.66000,-2.05000,-1.02000,-2.11000,-81.07000,-129.53000
0.28000,-1.05000,-1.34000,-2.37000,-2.34000,-1.01000,-2.11000,-81.07000,-129.53000
0.28000,-1.04000,-1.33000,-1.83000,-2.53000,-1.01000,-2.11000,-73.44000,-117.33000
0.28000,-1.04000,-1.30000,-1.10000,-2.37000,-1.02000,-2.11000,-73.44000,-117.33000
0.28000,-1.03000,-1.27000,-0.48000,-2.49000,-1.15000,-2.12000,-86.39000,-115.82000
0.28000,-1.03000,-1.22000,-0.02000,-2.80000,-3.26000,-3.28000,-86.39000,-115.82000
0.28000,-1.03000,-1.16000,-0.02000,-2.93000,-2.11000,-1.03000,-117.19000,-91.48000
0.28000,-1.02000,-1.13000,-1.06000,-2.84000,-2.12000,-1.00000,-117.19000,-91.48000
0.27000,-1.02000,-1.12000,-1.89000,-2.49000,-2.14000,-0.99000,-114.66000,-79.56000
0.27000,-1.01000,-1.13000,-2.57000,-2.20000,-2.15000,-0.98000,-114.66000,-79.56000
0.27000,-1.01000,-1.15000,-3.15000,-1.95000,-2.15000,-0.98000,-98.55000,-77.94000
0.27000,-1.00000,-1.17000,-3.24000,-1.87000,-2.14000,-0.98000,-98.55000,-77.94000
0.27000,-1.00000,-1.20000,-3.28000,-1.70000,-2.14000,-0.99000,-85.86000,-75.77000
0.26000,-0.99000,-1.23000,-2.95000,-1.58000,-2.13000,-1.00000,-85.86000,-75.77000
0.26000,-0.99000,-1.25000,-2.76000,-1.47000,-2.12000,-1.01000,-83.39000,-75.11000
0.26000,-0.99000,-1.28000,-2.84000,-1.27000,-2.11000,-1.01000,-83.39000,-75.11000
0.26000,-0.98000,-1.31000,-2.82000,-1.22000,-2.11000,-1.02000,-79.75000,-76.62000
0.26000,-0.98000,-1.33000,-2.22000,-1.06000,-2.43000,-2.15000,-79.75000,-76.62000
0.26000,-0.97000,-1.35000,-1.93000,-0.83000,-3.24000,-3.22000,-101.74000,-111.16000
0.26000,-0.97000,-1.36000,-2.05000,-1.49000,-3.05000,-3.09000,-101.74000,-111.16000
0.26000,-0.97000,-1.36000,-2.41000,-2.22000,-2.35000,-2.51000,-96.97000,-107.04000
0.25000,-0.96000,-1.37000,-2.61000,-2.28000,-1.65000,-2.25000,-96.97000,-107.04000
0.25000,-0.95000,-1.38000,-2.93000,-2.26000,-1.10000,-2.12000,-71.62000,-95.36000
0.25000,-0.95000,-1.39000,-2.70000,-1.99000,-1.02000,-2.11000,-71.62000,-95.36000
0.25000,-0.94000,-1.40000,-2.20000,-1.72000,-1.01000,-2.12000,-59.92000,-98.73000
0.25000,-0.94000,-1.40000,-1.58000,-1.64000,-1.00000,-2.12000,-59.92000,-98.73000
0.25000,-0.94000,-1.39000,-1.14000,-1.62000,-1.00000,-2.13000,-66.38000,-104.94000
0.25000,-0.94000,-1.39000,-1.10000,-1.49000,-1.00000,-2.13000,-66.38000,-104.94000
0.25000,-0.93000,-1.38000,-1.20000,-1.56000,-1.00000,-2.12000,-70.15000,-109.98000
0.25000,-0.93000,-1.37000,-0.85000,-1.31000,-1.01000,-2.12000,-70.15000,-109.98000
0.25000,-0.93000,-1.36000,-0.79000,-1.45000,-1.01000,-2.12000,-73.39000,-116.48000
0.25000,-0.92000,-1.35000,-0.87000,-1.51000,-1.01000,-2.11000,-73.39000,-116.48000
0.25000,-0.92000,-1.33000,-1.06000,-1.72000,-1.02000,-2.11000,-74.13000,-118.09000
0.25000,-0.92000,-1.32000,-0.98000,-1.74000,-1.02000,-2.11000,-74.13000,-118.09000
0.25000,-0.92000,-1.30000,-0.81000,-1.97000,-1.14000,-2.12000,-75.26000,-118.43000
0.24000,-0.91000,-1.28000,-0.87000,-1.93000,-2.83000,-2.89000,-75.26000,-118.43000
0.24000,-0.91000,-1.26000,-1.16000,-2.03000,-3.29000,-3.27000,-110.14000,-135.10000
0.24000,-0.91000,-1.26000,-1.74000,-2.16000,-2.95000,-2.90000,-110.14000,-135.10000
0.24000,-0.90000,-1.25000,-2.24000,-2.41000,-2.50000,-2.33000,-99.75000,-125.59000
0.24000,-0.90000,-1.26000,-2.28000,-2.16000,-2.34000,-1.93000,-99.75000,-125.59000
0.24000,-0.89000,-1.26000,-2.20000,-2.08000,-2.43000,-2.16000,-95.13000,-124.09000
0.24000,-0.89000,-1.26000,-1.99000,-1.87000,-2.53000,-2.39000,-95.13000,-124.09000
0.23000,-0.88000,-1.26000,-1.91000,-1.72000,-2.66000,-2.58000,-103.84000,-134.75000
0.23000,-0.88000,-1.27000,-1.74000,-1.58000,-2.85000,-2.80000,-103.84000,-134.75000
0.23000,-0.88000,-1.27000,-1.85000,-1.93000,-2.99000,-2.94000,-116.47000,-148.83000
0.23000,-0.87000,-1.26000,-2.05000,-2.14000,-2.91000,-2.86000,-116.47000,-148.83000
0.23000,-0.87000,-1.27000,-2.34000,-2.30000,-2.82000,-2.76000,-116.79000,-145.89000
0.23000,-0.86000,-1.27000,-2.49000,-2.32000,-2.85000,-2.79000,-116.79000,-145.89000
0.23000,-0.86000,-1.28000,-2.72000,-2.28000,-2.98000,-2.93000,-117.23000,-149.45000
0.22000,-0.85000,-1.29000,-2.84000,-2.32000,-3.21000,-3.18000,-117.23000,-149.45000
0.22000,-0.84000,-1.29000,-2.64000,-2.30000,-3.27000,-3.29000,-119.21000,-158.50000
0.22000,-0.84000,-1.29000,-2.32000,-2.43000,-3.21000,-3.24000,-119.21000,-158.50000
0.22000,-0.83000,-1.29000,-2.12000,-2.18000,-3.24000,-3.26000,-129.05000,-162.29000
0.22000,-0.83000,-1.29000,-1.87000,-1.72000,-3.25000,-3.27000,-129.05000,-162.29000
0.22000,-0.83000,-1.29000,-1.81000,-1.62000,-3.21000,-3.24000,-141.02000,-177.54000
0.22000,-0.82000,-1.29000,-1.91000,-2.01000,-3.14000,-3.17000,-141.02000,-177.54000
0.22000,-0.82000,-1.28000,-2.43000,-3.05000,-3.18000,-3.21000,-148.00000,-181.85000
0.21000,-0.81000,-1.27000,-2.95000,-3.73000,-3.28000,-3.26000,-148.00000,-181.85000
0.21000,-0.80000,-1.27000,-3.51000,-3.44000,-2.94000,-2.89000,-136.39000,-158.36000
0.21000,-0.80000,-1.28000,-3.59000,-3.11000,-2.97000,-2.92000,-136.39000,-158.36000
0.21000,-0.79000,-1.30000,-3.82000,-2.55000,-3.22000,-3.19000,-130.87000,-167.10000
0.20000,-0.78000,-1.32000,-3.98000,-2.74000,-3.00000,-3.04000,-130.87000,-167.10000
0.20000,-0.77000,-1.33000,-4.23000,-3.69000,-1.18000,-2.13000,-92.15000,-157.30000
0.20000,-0.77000,-1.33000,-3.24000,-3.53000,-1.03000,-2.11000,-92.15000,-157.30000
0.20000,-0.76000,-1.32000,-2.68000,-3.20000,-1.05000,-2.11000,-84.57000,-141.47000
0.20000,-0.75000,-1.30000,-2.43000,-3.38000,-1.23000,-2.14000,-84.57000,-141.47000
0.20000,-0.75000,-1.28000,-2.28000,-3.36000,-2.72000,-2.79000,-108.71000,-145.36000
0.19000,-0.74000,-1.27000,-2.57000,-3.22000,-3.27000,-3.29000,-108.71000,-145.36000
0.19000,-0.73000,-1.26000,-2.78000,-3.03000,-3.16000,-3.12000,-114.81000,-149.33000
0.19000,-0.73000,-1.27000,-2.61000,-2.24000,-3.00000,-2.96000,-114.81000,-149.33000
0.19000,-0.72000,-1.28000,-2.49000,-2.03000,-3.19000,-3.16000,-118.24000,-163.99000
0.19000,-0.72000,-1.28000,-2.39000,-2.22000,-3.29000,-3.27000,-118.24000,-163.99000
0.19000,-0.71000,-1.29000,-2.43000,-2.14000,-3.26000,-3.29000,-126.20000,-171.73000
0.18000,-0.71000,-1.29000,-2.57000,-2.32000,-3.20000,-3.23000,-126.20000,-171.73000
0.18000,-0.70000,-1.29000,-2.66000,-2.51000,-3.09000,-3.13000,-126.12000,-174.17000
0.18000,-0.70000,-1.30000,-2.49000,-2.43000,-2.99000,-3.03000,-126.12000,-174.17000
0.18000,-0.69000,-1.29000,-2.57000,-2.64000,-2.92000,-2.97000,-127.92000,-175.04000
0.18000,-0.69000,-1.29000,-2.57000,-2.59000,-2.95000,-3.00000,-127.92000,-175.04000
0.18000,-0.68000,-1.29000,-2.66000,-2.68000,-2.95000,-2.99000,-129.66000,-176.15000
0.17000,-0.67000,-1.29000,-2.74000,-3.03000,-2.94000,-2.99000,-129.66000,-176.15000
0.17000,-0.67000,-1.29000,-2.90000,-3.05000,-3.11000,-3.15000,-131.88000,-174.30000
0.17000,-0.66000,-1.29000,-3.07000,-2.99000,-3.17000,-3.20000,-131.88000,-174.30000
0.17000,-0.66000,-1.29000,-3.03000,-2.84000,-3.12000,-3.15000,-129.29000,-175.75000
0.17000,-0.65000,-1.29000,-2.70000,-2.84000,-2.99000,-3.03000,-129.29000,-175.75000
0.17000,-0.64000,-1.28000,-2.37000,-2.82000,-3.07000,-3.10000,-134.39000,-178.16000
0.16000,-0.64000,-1.27000,-2.12000,-2.47000,-3.24000,-3.26000,-134.39000,-178.16000
0.16000,-0.63000,-1.27000,-1.83000,-2.26000,-3.29000,-3.27000,-148.69000,-187.79000
0.16000,-0.63000,-1.26000,-1.85000,-2.10000,-3.19000,-3.16000,-148.69000,-187.79000
0.16000,-0.63000,-1.26000,-1.97000,-2.24000,-3.06000,-3.02000,-156.29000,-194.48000
0.16000,-0.62000,-1.26000,-2.41000,-2.37000,-2.81000,-2.75000,-156.29000,-194.48000
0.16000,-0.62000,-1.26000,-2.70000,-2.49000,-2.81000,-2.75000,-151.43000,-191.89000
0.15000,-0.61000,-1.27000,-2.80000,-2.43000,-2.95000,-2.90000,-151.43000,-191.89000
0.15000,-0.60000,-1.27000,-2.70000,-2.41000,-3.16000,-3.12000,-153.13000,-198.90000
0.15000,-0.60000,-1.27000,-2.63000,-2.66000,-3.25000,-3.22000,-153.13000,-198.90000
0.15000,-0.59000,-1.27000,-2.78000,-3.01000,-3.24000,-3.21000,-158.97000,-200.94000
0.15000,-0.59000,-1.26000,-3.07000,-3.36000,-3.14000,-3.11000,-158.97000,-200.94000
0.14000,-0.58000,-1.26000,-3.20000,-3.53000,-2.91000,-2.85000,-151.08000,-188.36000
0.14000,-0.57000,-1.25000,-3.36000,-3.57000,-2.45000,-2.22000,-151.08000,-188.36000
0.14000,-0.56000,-1.25000,-3.53000,-3.57000,-2.21000,-1.51000,-135.25000,-162.00000
0.14000,-0.56000,-1.26000,-3.73000,-3.42000,-2.14000,-1.21000,-135.25000,-162.00000
0.13000,-0.55000,-1.27000,-3.82000,-3.30000,-2.14000,-1.23000,-121.73000,-147.65000
0.13000,-0.54000,-1.28000,-3.59000,-2.82000,-2.19000,-1.43000,-121.73000,-147.65000
0.13000,-0.54000,-1.30000,-3.38000,-2.20000,-2.49000,-2.29000,-119.55000,-159.46000
0.13000,-0.53000,-1.33000,-3.03000,-1.70000,-3.22000,-3.19000,-119.55000,-159.46000
0.13000,-0.53000,-1.34000,-2.70000,-1.83000,-2.99000,-3.03000,-128.87000,-184.14000
0.13000,-0.52000,-1.35000,-2.68000,-2.22000,-3.10000,-3.13000,-128.87000,-184.14000
0.13000,-0.51000,-1.35000,-2.59000,-2.39000,-2.70000,-2.77000,-129.63000,-180.45000
0.12000,-0.51000,-1.36000,-2.45000,-2.43000,-2.36000,-2.52000,-129.63000,-180.45000
0.12000,-0.50000,-1.35000,-2.45000,-2.66000,-2.29000,-2.49000,-126.97000,-176.36000
0.12000,-0.50000,-1.35000,-2.53000,-2.70000,-2.62000,-2.70000,-126.97000,-176.36000
0.12000,-0.49000,-1.35000,-2.32000,-2.43000,-2.81000,-2.86000,-132.56000,-178.33000
0.12000,-0.49000,-1.34000,-2.20000,-2.39000,-2.90000,-2.95000,-132.56000,-178.33000
0.12000,-0.48000,-1.35000,-2.24000,-2.12000,-3.03000,-3.07000,-142.61000,-187.13000
0.12000,-0.48000,-1.34000,-2.36000,-2.47000,-2.94000,-2.98000,-142.61000,-187.13000
0.12000,-0.47000,-1.34000,-2.49000,-2.51000,-3.01000,-3.05000,-144.75000,-189.64000
0.12000,-0.47000,-1.34000,-2.37000,-2.53000,-3.02000,-3.06000,-144.75000,-189.64000
0.11000,-0.46000,-1.34000,-2.24000,-2.53000,-3.11000,-3.14000,-150.15000,-193.62000
0.11000,-0.46000,-1.33000,-2.10000,-2.47000,-3.22000,-3.25000,-150.15000,-193.62000
0.11000,-0.45000,-1.32000,-1.85000,-2.51000,-3.29000,-3.27000,-161.42000,-200.12000
0.11000,-0.45000,-1.30000,-1.83000,-2.55000,-3.11000,-3.07000,-161.42000,-200.12000
0.11000,-0.44000,-1.29000,-1.89000,-2.47000,-2.43000,-2.16000,-159.68000,-186.97000
0.11000,-0.44000,-1.29000,-1.81000,-1.99000,-2.14000,-1.21000,-159.68000,-186.97000
0.11000,-0.43000,-1.29000,-1.81000,-1.76000,-2.12000,-1.10000,-158.91000,-177.16000
0.11000,-0.43000,-1.30000,-1.93000,-1.60000,-2.12000,-1.11000,-158.91000,-177.16000
0.10000,-0.43000,-1.31000,-2.32000,-1.64000,-2.16000,-1.33000,-159.61000,-181.16000
0.10000,-0.42000,-1.32000,-2.57000,-1.68000,-2.63000,-2.55000,-159.61000,-181.16000
0.10000,-0.42000,-1.34000,-2.57000,-1.78000,-3.24000,-3.22000,-167.60000,-206.63000
0.10000,-0.41000,-1.35000,-2.57000,-2.12000,-3.19000,-3.22000,-167.60000,-206.63000
0.10000,-0.41000,-1.35000,-2.53000,-2.39000,-2.93000,-2.98000,-166.91000,-205.68000
0.10000,-0.40000,-1.35000,-2.78000,-2.66000,-2.78000,-2.84000,-166.91000,-205.68000
0.10000,-0.39000,-1.35000,-3.03000,-2.99000,-2.61000,-2.68000,-161.07000,-198.38000
0.10000,-0.39000,-1.35000,-3.03000,-3.19000,-2.52000,-2.61000,-161.07000,-198.38000
0.09000,-0.38000,-1.35000,-3.15000,-3.38000,-2.71000,-2.78000,-157.88000,-191.87000
0.09000,-0.37000,-1.34000,-3.40000,-3.61000,-2.92000,-2.97000,-157.88000,-191.87000
0.09000,-0.36000,-1.34000,-3.69000,-3.59000,-3.06000,-3.10000,-155.62000,-187.92000
0.09000,-0.36000,-1.35000,-3.94000,-3.61000,-2.98000,-3.02000,-155.62000,-187.92000
0.09000,-0.35000,-1.36000,-4.09000,-3.78000,-2.62000,-2.69000,-138.82000,-178.81000
0.08000,-0.34000,-1.36000,-3.67000,-3.34000,-1.95000,-2.35000,-138.82000,-178.81000
0.08000,-0.33000,-1.37000,-3.42000,-2.82000,-1.34000,-2.16000,-115.72000,-169.41000
0.08000,-0.33000,-1.38000,-2.95000,-2.39000,-1.04000,-2.11000,-115.72000,-169.41000
0.08000,-0.32000,-1.38000,-2.55000,-2.43000,-1.02000,-2.11000,-107.82000,-175.79000
0.08000,-0.32000,-1.38000,-2.20000,-2.26000,-1.02000,-2.11000,-107.82000,-175.79000
0.08000,-0.31000,-1.38000,-1.87000,-2.12000,-1.02000,-2.11000,-107.43000,-175.99000
0.08000,-0.31000,-1.37000,-1.83000,-2.32000,-1.02000,-2.11000,-107.43000,-175.99000
0.08000,-0.30000,-1.36000,-1.74000,-2.37000,-1.03000,-2.11000,-106.17000,-174.11000
0.08000,-0.30000,-1.35000,-1.87000,-2.34000,-1.19000,-2.13000,-106.17000,-174.11000
0.08000,-0.29000,-1.34000,-1.87000,-2.41000,-1.77000,-2.29000,-111.79000,-175.20000
0.07000,-0.29000,-1.33000,-2.07000,-2.43000,-2.72000,-2.79000,-111.79000,-175.20000
0.07000,-0.28000,-1.32000,-2.10000,-2.63000,-3.03000,-3.06000,-126.97000,-185.27000
0.07000,-0.28000,-1.31000,-2.30000,-3.09000,-3.24000,-3.27000,-126.97000,-185.27000
0.07000,-0.27000,-1.30000,-2.66000,-3.28000,-3.18000,-3.15000,-131.56000,-180.41000
0.07000,-0.26000,-1.29000,-2.84000,-3.28000,-2.70000,-2.62000,-131.56000,-180.41000
0.07000,-0.26000,-1.28000,-2.74000,-3.24000,-2.27000,-1.71000,-115.05000,-156.36000
0.06000,-0.25000,-1.27000,-2.37000,-3.07000,-2.12000,-1.12000,-115.05000,-156.36000
0.06000,-0.25000,-1.25000,-1.83000,-2.66000,-2.11000,-1.02000,-116.32000,-139.74000
0.06000,-0.24000,-1.25000,-1.54000,-1.74000,-2.11000,-1.01000,-116.32000,-139.74000
0.06000,-0.24000,-1.25000,-1.06000,-1.18000,-2.11000,-1.01000,-127.30000,-147.20000
0.06000,-0.24000,-1.25000,-0.83000,-1.00000,-2.11000,-1.01000,-127.30000,-147.20000
0.06000,-0.24000,-1.25000,-1.08000,-0.89000,-2.12000,-1.01000,-141.40000,-154.00000
0.06000,-0.24000,-1.25000,-1.10000,-0.77000,-2.11000,-1.01000,-141.40000,-154.00000
0.06000,-0.23000,-1.26000,-1.35000,-0.91000,-2.11000,-1.01000,-145.00000,-157.53000
0.06000,-0.23000,-1.28000,-1.87000,-1.16000,-2.11000,-1.01000,-145.00000,-157.53000
0.06000,-0.23000,-1.30000,-2.20000,-1.06000,-2.11000,-1.02000,-139.46000,-153.22000
0.05000,-0.22000,-1.32000,-2.37000,-1.20000,-2.17000,-1.35000,-139.46000,-153.22000
0.05000,-0.22000,-1.33000,-2.37000,-1.39000,-3.08000,-3.04000,-148.01000,-182.05000
0.05000,-0.21000,-1.35000,-2.24000,-1.58000,-3.25000,-3.27000,-148.01000,-182.05000
0.05000,-0.21000,-1.35000,-2.12000,-1.85000,-2.94000,-2.98000,-152.05000,-186.59000
0.05000,-0.21000,-1.36000,-2.41000,-2.12000,-2.63000,-2.71000,-152.05000,-186.59000
0.05000,-0.20000,-1.36000,-2.66000,-2.49000,-2.02000,-2.38000,-139.97000,-177.84000
0.05000,-0.19000,-1.36000,-2.49000,-2.59000,-1.61000,-2.24000,-139.97000,-177.84000
0.05000,-0.19000,-1.35000,-2.45000,-2.80000,-1.71000,-2.27000,-131.74000,-170.61000
0.05000,-0.18000,-1.34000,-2.43000,-2.80000,-2.35000,-2.51000,-131.74000,-170.61000
0.04000,-0.18000,-1.34000,-2.43000,-2.84000,-2.82000,-2.88000,-144.69000,-174.68000
0.04000,-0.17000,-1.34000,-2.82000,-2.90000,-3.11000,-3.14000,-144.69000,-174.68000
0.04000,-0.16000,-1.34000,-3.28000,-2.80000,-3.14000,-3.17000,-145.89000,-177.97000
0.04000,-0.16000,-1.35000,-3.44000,-2.84000,-2.76000,-2.82000,-145.89000,-177.97000
0.04000,-0.15000,-1.36000,-3.36000,-2.99000,-1.58000,-2.23000,-115.10000,-166.39000
0.04000,-0.14000,-1.37000,-3.13000,-2.95000,-1.13000,-2.12000,-115.10000,-166.39000
0.04000,-0.14000,-1.37000,-2.70000,-2.49000,-1.05000,-2.11000,-100.61000,-159.33000
0.03000,-0.13000,-1.38000,-2.26000,-1.91000,-1.03000,-2.11000,-100.61000,-159.33000
0.03000,-0.13000,-1.38000,-2.03000,-1.83000,-1.02000,-2.11000,-100.71000,-169.84000
0.03000,-0.13000,-1.37000,-1.60000,-2.05000,-1.02000,-2.11000,-100.71000,-169.84000
0.03000,-0.12000,-1.36000,-1.60000,-2.07000,-1.02000,-2.11000,-103.21000,-168.84000
0.03000,-0.12000,-1.35000,-1.49000,-2.01000,-1.02000,-2.11000,-103.21000,-168.84000
0.03000,-0.11000,-1.34000,-1.41000,-1.95000,-1.06000,-2.11000,-101.95000,-169.83000
0.03000,-0.11000,-1.33000,-1.41000,-2.18000,-1.31000,-2.16000,-101.95000,-169.83000
0.03000,-0.11000,-1.31000,-1.29000,-2.14000,-2.58000,-2.66000,-123.34000,-176.19000
0.03000,-0.10000,-1.30000,-1.58000,-2.10000,-3.20000,-3.23000,-123.34000,-176.19000
0.03000,-0.10000,-1.30000,-1.87000,-2.28000,-3.29000,-3.26000,-138.53000,-189.38000
0.03000,-0.09000,-1.29000,-2.09000,-2.20000,-3.19000,-3.16000,-138.53000,-189.38000
0.02000,-0.09000,-1.29000,-2.39000,-2.55000,-3.13000,-3.10000,-138.63000,-192.32000
0.02000,-0.08000,-1.29000,-2.57000,-2.86000,-3.00000,-2.96000,-138.63000,-192.32000
0.02000,-0.08000,-1.28000,-2.64000,-3.07000,-2.66000,-2.58000,-130.66000,-179.99000
0.02000,-0.07000,-1.27000,-2.80000,-3.19000,-2.22000,-1.53000,-130.66000,-179.99000
0.02000,-0.06000,-1.26000,-2.70000,-3.18000,-2.11000,-1.08000,-119.52000,-150.80000
0.01000,-0.06000,-1.25000,-2.32000,-2.95000,-2.11000,-1.02000,-119.52000,-150.80000
0.01000,-0.05000,-1.24000,-1.87000,-2.53000,-2.11000,-1.01000,-122.52000,-140.83000
0.01000,-0.05000,-1.23000,-1.58000,-1.85000,-2.12000,-1.01000,-122.52000,-140.83000
0.01000,-0.05000,-1.23000,-1.35000,-1.39000,-2.12000,-1.00000,-132.65000,-145.56000
0.01000,-0.04000,-1.24000,-1.08000,-0.93000,-2.13000,-1.00000,-132.65000,-145.56000
0.01000,-0.04000,-1.25000,-1.08000,-0.58000,-2.13000,-1.00000,-143.44000,-154.11000
0.01000,-0.04000,-1.26000,-1.27000,-0.50000,-2.13000,-1.00000,-143.44000,-154.11000
0.01000,-0.04000,-1.27000,-1.33000,-0.62000,-2.12000,-1.00000,-146.87000,-161.12000
0.01000,-0.04000,-1.28000,-1.58000,-0.98000,-2.12000,-1.01000,-146.87000,-161.12000
0.01000,-0.03000,-1.30000,-2.03000,-1.25000,-2.12000,-1.01000,-147.29000,-157.07000
0.01000,-0.03000,-1.32000,-2.24000,-1.20000,-2.12000,-1.01000,-147.29000,-157.07000
0.00000,-0.02000,-1.33000,-2.34000,-1.58000,-2.11000,-1.01000,-140.50000,-153.89000
