0.00000,0.00000,0.00000,0.00000,0.00000,3.28000,3.28000,49.25000,49.25000
0.00000,0.00000,0.00000,0.02000,0.00000,3.28000,3.28000,49.25000,49.25000
0.00000,0.00000,0.00000,0.00000,0.00000,3.28000,3.28000,68.62000,68.94000
0.00000,0.00000,0.00000,0.15000,0.00000,3.28000,3.28000,68.62000,68.94000
0.00000,0.00000,0.02000,1.14000,0.10000,3.27000,3.27000,86.11000,88.45000
0.00000,0.00000,0.04000,1.95000,0.83000,2.61000,2.65000,86.11000,88.45000
0.01000,0.00000,0.07000,2.91000,1.39000,1.42000,1.76000,50.11000,72.94000
0.01000,0.00000,0.10000,2.74000,1.31000,1.30000,1.83000,50.11000,72.94000
0.02000,0.00000,0.11000,1.85000,1.18000,1.22000,1.91000,32.01000,73.61000
0.02000,0.00000,0.10000,1.10000,1.33000,1.18000,1.94000,32.01000,73.61000
0.02000,0.00000,0.09000,0.27000,1.02000,1.19000,1.93000,47.10000,77.25000
0.02000,0.00000,0.07000,0.00000,1.00000,1.23000,1.90000,47.10000,77.25000
0.02000,0.00000,0.05000,0.00000,1.25000,1.28000,1.84000,65.51000,84.48000
0.03000,0.00000,0.03000,0.02000,1.16000,1.36000,1.77000,65.51000,84.48000
0.03000,0.00000,0.01000,0.17000,1.35000,1.79000,2.03000,80.48000,89.96000
0.03000,0.00000,-0.00000,1.16000,1.68000,3.17000,3.17000,80.48000,89.96000
0.03000,0.00000,0.00000,2.05000,1.76000,3.28000,3.28000,96.38000,106.14000
0.04000,0.00000,0.01000,2.92000,2.30000,3.24000,3.24000,96.38000,106.14000
0.05000,0.00000,0.03000,3.69000,2.76000,2.91000,2.93000,77.11000,101.14000
0.06000,0.00000,0.04000,3.69000,3.11000,1.63000,1.90000,77.11000,101.14000
0.06000,0.00000,0.05000,3.53000,3.22000,1.40000,1.75000,42.79000,75.10000
0.07000,0.00000,0.05000,2.93000,2.80000,1.36000,1.76000,42.79000,75.10000
0.07000,0.00000,0.04000,1.85000,2.22000,1.35000,1.77000,39.85000,71.90000
0.08000,0.00000,0.03000,1.12000,1.76000,1.38000,1.76000,39.85000,71.90000
0.08000,0.00000,0.02000,0.64000,1.27000,1.55000,1.83000,60.39000,82.20000
0.08000,0.00000,0.01000,0.77000,1.18000,2.30000,2.45000,60.39000,82.20000
0.08000,0.00000,0.00000,1.04000,1.54000,2.88000,2.90000,88.26000,107.35000
0.09000,0.00000,0.00000,2.07000,2.01000,3.19000,3.20000,88.26000,107.35000
0.10000,0.00000,0.01000,3.11000,2.86000,3.16000,3.17000,85.58000,109.26000
0.10000,0.00000,0.01000,3.15000,2.90000,3.02000,3.03000,85.58000,109.26000
0.11000,0.00000,0.01000,3.28000,3.32000,2.80000,2.82000,70.41000,97.58000
0.12000,0.00000,0.01000,3.57000,3.59000,2.83000,2.85000,70.41000,97.58000
0.13000,0.00000,0.01000,3.47000,3.43000,2.83000,2.86000,62.59000,87.31000
0.13000,0.00000,0.01000,2.93000,3.13000,2.77000,2.80000,62.59000,87.31000
0.14000,0.00000,0.00000,2.68000,3.09000,2.96000,2.98000,69.71000,91.55000
0.15000,0.00000,-0.00000,2.72000,2.97000,3.19000,3.20000,69.71000,91.55000
0.15000,0.00000,-0.00000,2.93000,2.88000,3.26000,3.26000,77.51000,97.38000
0.16000,0.00000,0.00000,3.22000,3.01000,3.25000,3.25000,77.51000,97.38000
0.17000,0.00000,0.01000,3.28000,2.91000,3.19000,3.19000,72.19000,97.49000
0.17000,0.00000,0.01000,3.36000,3.05000,2.97000,2.99000,72.19000,97.49000
0.18000,0.00000,0.02000,3.26000,3.11000,2.63000,2.67000,61.57000,90.13000
0.19000,0.00000,0.01000,3.07000,3.20000,2.36000,2.48000,61.57000,90.13000
0.19000,0.00000,0.01000,2.80000,2.97000,2.56000,2.60000,60.40000,84.60000
0.20000,0.00000,0.01000,2.55000,2.80000,2.75000,2.78000,60.40000,84.60000
0.21000,0.00000,0.00000,2.49000,2.66000,2.98000,2.99000,71.38000,92.82000
0.21000,0.00000,-0.00000,2.53000,2.82000,3.08000,3.09000,71.38000,92.82000
0.22000,0.00000,0.00000,2.97000,2.64000,3.21000,3.21000,77.74000,97.01000
0.22000,0.00000,0.01000,3.30000,2.93000,3.05000,3.06000,77.74000,97.01000
0.23000,0.00000,0.02000,3.51000,2.99000,2.69000,2.73000,62.57000,90.47000
0.24000,0.00000,0.03000,3.42000,2.95000,1.83000,2.07000,62.57000,90.47000
0.25000,0.00000,0.03000,3.07000,2.93000,1.46000,1.78000,38.60000,74.72000
0.25000,0.00000,0.03000,2.30000,2.53000,1.42000,1.76000,38.60000,74.72000
0.25000,0.00000,0.02000,1.37000,1.99000,1.47000,1.78000,43.75000,73.99000
0.26000,0.01000,0.01000,0.93000,1.43000,2.00000,2.22000,43.75000,73.99000
0.26000,0.01000,-0.01000,0.44000,1.31000,2.78000,2.81000,78.97000,101.38000
0.26000,0.01000,-0.02000,1.12000,1.70000,3.26000,3.27000,78.97000,101.38000
0.27000,0.00000,-0.02000,2.26000,2.30000,3.22000,3.22000,93.90000,111.77000
0.27000,0.00000,-0.02000,3.15000,2.93000,3.21000,3.20000,93.90000,111.77000
0.28000,0.00000,-0.01000,3.84000,3.55000,3.26000,3.26000,76.62000,103.15000
0.29000,0.00000,-0.01000,3.90000,3.69000,3.28000,3.28000,76.62000,103.15000
0.30000,0.00000,-0.01000,3.40000,3.40000,3.25000,3.25000,65.77000,93.43000
0.31000,0.00000,-0.01000,3.24000,3.53000,3.24000,3.25000,65.77000,93.43000
0.31000,0.00000,-0.02000,3.07000,3.42000,3.28000,3.28000,72.37000,93.78000
0.32000,0.00000,-0.02000,3.13000,3.30000,3.24000,3.23000,72.37000,93.78000
0.33000,0.00000,-0.02000,3.38000,3.28000,3.18000,3.17000,72.63000,94.06000
0.34000,0.00000,-0.02000,3.32000,3.38000,3.21000,3.21000,72.63000,94.06000
0.34000,0.00000,-0.02000,3.11000,3.18000,3.19000,3.18000,70.23000,92.18000
0.35000,0.00000,-0.02000,3.15000,3.13000,3.16000,3.15000,70.23000,92.18000
0.36000,0.00000,-0.02000,3.07000,3.15000,3.16000,3.15000,71.54000,94.31000
0.36000,0.00000,-0.02000,3.13000,3.07000,3.12000,3.11000,71.54000,94.31000
0.37000,0.00000,-0.02000,3.24000,2.97000,3.14000,3.13000,71.59000,95.05000
0.38000,0.00000,-0.01000,3.13000,2.88000,3.23000,3.23000,71.59000,95.05000
0.38000,0.00000,-0.01000,3.20000,3.13000,3.28000,3.28000,73.68000,100.37000
0.39000,0.00000,-0.01000,3.24000,3.15000,3.28000,3.28000,73.68000,100.37000
0.40000,0.00000,-0.01000,3.40000,3.32000,3.28000,3.28000,73.05000,98.76000
0.41000,0.00000,-0.01000,3.40000,3.32000,3.27000,3.28000,73.05000,98.76000
0.41000,0.00000,-0.01000,3.40000,3.36000,3.26000,3.26000,70.53000,96.77000
0.42000,0.00000,-0.00000,3.53000,3.36000,3.25000,3.26000,70.53000,96.77000
0.43000,0.00000,0.00000,3.53000,3.40000,3.21000,3.21000,66.97000,95.02000
0.44000,0.00000,-0.00000,3.32000,3.49000,3.15000,3.16000,66.97000,95.02000
0.45000,0.00000,-0.01000,3.15000,3.47000,3.21000,3.22000,68.22000,92.31000
0.45000,0.00000,-0.01000,3.03000,3.15000,3.27000,3.28000,68.22000,92.31000
0.46000,0.00000,-0.01000,3.11000,3.09000,3.28000,3.28000,73.01000,96.68000
0.47000,0.00000,-0.01000,3.07000,3.07000,3.28000,3.28000,73.01000,96.68000
0.47000,0.00000,-0.01000,3.28000,3.13000,3.28000,3.28000,73.90000,98.69000
0.48000,0.00000,-0.00000,3.38000,3.15000,3.27000,3.27000,73.90000,98.69000
0.49000,0.00000,-0.00000,3.38000,3.24000,3.22000,3.22000,69.52000,97.81000
0.50000,0.00000,-0.00000,3.32000,3.28000,3.16000,3.16000,69.52000,97.81000
0.50000,0.00000,0.00000,3.34000,3.22000,3.13000,3.14000,68.11000,95.06000
0.51000,0.00000,0.00000,3.07000,3.15000,3.04000,3.05000,68.11000,95.06000
0.52000,0.00000,-0.00000,3.05000,3.20000,3.08000,3.09000,69.93000,95.34000
0.52000,0.00000,-0.00000,3.15000,3.22000,3.14000,3.15000,69.93000,95.34000
0.53000,0.00000,-0.00000,3.24000,3.20000,3.16000,3.17000,69.94000,95.17000
0.54000,0.00000,-0.01000,3.03000,3.22000,3.13000,3.14000,69.94000,95.17000
0.54000,0.00000,-0.01000,2.82000,3.11000,3.20000,3.20000,72.40000,95.42000
0.55000,0.00000,-0.02000,2.95000,3.17000,3.27000,3.27000,72.40000,95.42000
0.56000,0.00000,-0.02000,2.91000,3.09000,3.28000,3.28000,75.94000,97.15000
0.57000,0.00000,-0.02000,2.99000,3.09000,3.26000,3.26000,75.94000,97.15000
0.57000,0.00000,-0.02000,3.07000,3.07000,3.24000,3.23000,76.64000,98.30000
0.58000,0.00000,-0.02000,3.40000,3.24000,3.23000,3.23000,76.64000,98.30000
0.59000,0.00000,-0.02000,3.28000,3.22000,3.26000,3.26000,72.31000,97.39000
0.59000,0.00000,-0.02000,3.36000,3.34000,3.27000,3.27000,72.31000,97.39000
0.60000,0.00000,-0.01000,3.40000,3.26000,3.27000,3.27000,72.22000,96.11000
0.61000,0.00000,-0.01000,3.30000,3.15000,3.28000,3.28000,72.22000,96.11000
0.62000,0.00000,-0.01000,3.30000,3.26000,3.27000,3.28000,72.65000,98.57000
0.62000,0.00000,-0.01000,3.28000,3.17000,3.27000,3.27000,72.65000,98.57000
0.63000,0.00000,-0.01000,3.40000,3.34000,3.24000,3.25000,72.37000,98.58000
0.64000,0.00000,-0.01000,3.24000,3.30000,3.22000,3.22000,72.37000,98.58000
0.65000,0.00000,-0.01000,3.24000,3.51000,3.22000,3.23000,72.46000,96.85000
0.65000,0.00000,-0.02000,3.32000,3.55000,3.27000,3.27000,72.46000,96.85000
0.66000,0.00000,-0.02000,3.40000,3.49000,3.28000,3.28000,72.00000,93.47000
0.67000,0.00000,-0.02000,3.11000,3.17000,3.27000,3.27000,72.00000,93.47000
0.68000,0.00000,-0.02000,3.05000,3.17000,3.26000,3.26000,74.56000,97.10000
0.68000,0.00000,-0.01000,3.38000,2.95000,3.21000,3.21000,74.56000,97.10000
0.69000,0.00000,-0.01000,3.53000,3.15000,0.00000,-0.00000,22.55000,52.12000
0.70000,0.00000,-0.00000,2.53000,2.34000,0.00000,-0.00000,22.55000,52.12000
0.70000,0.00000,-0.01000,0.83000,1.06000,0.00000,-0.00000,15.00000,43.50000
0.70000,0.00000,-0.01000,0.00000,0.12000,-0.01000,0.01000,15.00000,43.50000
0.70000,0.00000,-0.01000,0.00000,0.00000,-0.01000,0.01000,37.65000,62.86000
0.70000,0.00000,-0.01000,0.00000,0.12000,-0.01000,0.01000,37.65000,62.86000
0.70000,0.00000,-0.01000,0.04000,0.00000,-0.01000,0.01000,37.56000,62.20000
0.70000,0.00000,-0.01000,0.00000,0.00000,-0.01000,0.01000,37.56000,62.20000
0.70000,0.00000,-0.01000,0.00000,0.00000,-0.01000,0.01000,37.51000,63.37000
0.70000,0.00000,-0.01000,0.00000,0.00000,-0.01000,0.01000,37.51000,63.37000
0.70000,0.00000,-0.01000,0.00000,0.00000,-0.01000,0.01000,37.45000,63.43000
0.70000,0.00000,-0.01000,0.00000,0.00000,-0.01000,0.01000,37.45000,63.43000
0.70000,0.00000,-0.01000,0.00000,0.00000,-0.01000,0.01000,37.38000,63.50000
0.70000,0.00000,-0.01000,0.02000,0.00000,-0.01000,0.01000,37.38000,63.50000
0.70000,0.00000,-0.01000,0.00000,0.00000,-0.01000,0.01000,37.02000,63.55000
0.70000,0.00000,-0.01000,0.00000,0.00000,-0.01000,0.01000,37.02000,63.55000
0.70000,0.00000,-0.01000,0.00000,0.00000,-0.01000,0.01000,37.14000,63.61000
0.70000,0.00000,-0.01000,0.00000,0.00000,-0.01000,0.01000,37.14000,63.61000
0.70000,0.00000,-0.01000,0.00000,0.00000,-0.01000,0.01000,37.09000,63.67000
0.70000,0.00000,-0.01000,0.00000,0.00000,-0.01000,0.01000,37.09000,63.67000
0.70000,0.00000,-0.01000,0.00000,0.00000,-0.01000,0.01000,37.03000,63.73000
0.70000,0.00000,-0.01000,0.00000,0.00000,-0.01000,0.01000,37.03000,63.73000
0.70000,0.00000,-0.01000,0.00000,0.00000,-0.01000,0.01000,36.97000,63.79000
0.70000,0.00000,-0.01000,0.00000,0.00000,-0.01000,0.01000,36.97000,63.79000
0.70000,0.00000,-0.01000,0.00000,0.00000,-0.01000,0.01000,36.91000,63.84000
0.70000,0.00000,-0.01000,0.00000,0.00000,-0.01000,0.01000,36.91000,63.84000
0.70000,0.00000,-0.01000,0.00000,0.00000,-0.01000,0.01000,36.85000,63.90000
0.70000,0.00000,-0.01000,0.00000,0.00000,-0.01000,0.01000,36.85000,63.90000
0.70000,0.00000,-0.01000,0.00000,0.00000,-0.01000,0.01000,36.79000,63.96000
0.70000,0.00000,-0.01000,0.00000,0.00000,-0.01000,0.01000,36.79000,63.96000
0.70000,0.00000,-0.01000,0.00000,0.00000,-0.01000,0.01000,36.73000,64.02000
0.70000,0.00000,-0.01000,0.00000,0.00000,-0.01000,0.01000,36.73000,64.02000
0.70000,0.00000,-0.01000,0.00000,0.00000,-0.01000,0.01000,36.67000,64.08000
0.70000,0.00000,-0.01000,0.00000,0.00000,-0.01000,0.01000,36.67000,64.08000
0.70000,0.00000,-0.01000,0.00000,0.00000,-0.01000,0.01000,36.61000,64.14000
0.70000,0.00000,-0.01000,0.00000,0.00000,-0.01000,0.01000,36.61000,64.14000
0.70000,0.00000,-0.01000,0.00000,0.00000,-0.01000,0.01000,36.55000,64.20000
0.70000,0.00000,-0.01000,0.00000,0.00000,-0.01000,0.01000,36.55000,64.20000
0.70000,0.00000,-0.01000,0.00000,0.00000,-0.01000,0.01000,36.49000,64.25000
0.70000,0.00000,-0.01000,0.00000,0.00000,-0.01000,0.01000,36.49000,64.25000
0.70000,0.00000,-0.01000,0.00000,0.00000,-0.01000,0.01000,36.44000,64.31000
0.70000,0.00000,-0.01000,0.00000,0.00000,-0.01000,0.01000,36.44000,64.31000
0.70000,0.00000,-0.01000,0.00000,0.00000,-0.01000,0.01000,36.38000,64.37000
0.70000,0.00000,-0.01000,0.00000,0.00000,-0.01000,0.01000,36.38000,64.37000
0.70000,0.00000,-0.01000,0.00000,0.00000,-0.01000,0.01000,36.32000,64.43000
0.70000,0.00000,-0.01000,0.00000,0.00000,-0.01000,0.01000,36.32000,64.43000
0.70000,0.00000,-0.01000,0.00000,0.00000,-0.01000,0.01000,36.26000,64.49000
0.70000,0.00000,-0.01000,0.00000,0.00000,-0.01000,0.01000,36.26000,64.49000
0.70000,0.00000,-0.01000,0.00000,0.00000,-0.01000,0.01000,36.20000,64.55000
0.70000,0.00000,-0.01000,0.00000,0.00000,-0.01000,0.01000,36.20000,64.55000
0.70000,0.00000,-0.01000,0.00000,0.00000,-0.01000,0.01000,36.14000,64.61000
0.70000,0.00000,-0.01000,0.00000,0.00000,-0.01000,0.01000,36.14000,64.61000
0.70000,0.00000,-0.01000,0.00000,0.00000,-0.01000,0.01000,36.08000,64.66000
0.70000,0.00000,-0.01000,0.00000,0.00000,-0.01000,0.01000,36.08000,64.66000
0.70000,0.00000,-0.01000,0.00000,0.00000,-0.01000,0.01000,36.02000,64.72000
0.70000,0.00000,-0.01000,0.00000,0.00000,-0.01000,0.01000,36.02000,64.72000
0.70000,0.00000,-0.01000,0.00000,0.00000,-0.01000,0.01000,35.96000,64.78000
0.70000,0.00000,-0.01000,0.00000,0.00000,-0.01000,0.01000,35.96000,64.78000
0.70000,0.00000,-0.01000,0.00000,0.00000,-0.01000,0.01000,35.90000,64.84000
0.70000,0.00000,-0.01000,0.00000,0.00000,-0.01000,0.01000,35.90000,64.84000
0.70000,0.00000,-0.01000,0.00000,0.00000,-0.01000,0.01000,35.84000,64.90000
0.70000,0.00000,-0.01000,0.00000,0.00000,-0.01000,0.01000,35.84000,64.90000
0.70000,0.00000,-0.01000,0.00000,0.00000,-0.01000,0.01000,35.78000,64.96000
0.70000,0.00000,-0.01000,0.00000,0.00000,-0.01000,0.01000,35.78000,64.96000
0.70000,0.00000,-0.01000,0.00000,0.00000,-0.01000,0.01000,35.73000,65.02000
0.70000,0.00000,-0.01000,0.00000,0.00000,-0.01000,0.01000,35.73000,65.02000
0.70000,0.00000,-0.01000,0.00000,0.00000,-0.01000,0.01000,35.67000,65.07000
0.70000,0.00000,-0.01000,0.00000,0.00000,-0.01000,0.01000,35.67000,65.07000
0.70000,0.00000,-0.01000,0.00000,0.00000,-0.01000,0.01000,35.61000,65.13000
0.70000,0.00000,-0.01000,0.00000,0.00000,-0.01000,0.01000,35.61000,65.13000
0.70000,0.00000,-0.01000,0.00000,0.00000,-0.01000,0.01000,35.55000,65.19000
0.70000,0.00000,-0.01000,0.00000,0.00000,-0.01000,0.01000,35.55000,65.19000
0.70000,0.00000,-0.01000,0.00000,0.00000,-0.01000,0.01000,35.49000,65.25000
0.70000,0.00000,-0.01000,0.00000,0.00000,-0.01000,0.01000,35.49000,65.25000
0.70000,0.00000,-0.01000,0.00000,0.00000,-0.01000,0.01000,35.43000,65.31000
0.70000,0.00000,-0.01000,0.00000,0.00000,-0.01000,0.01000,35.43000,65.31000
0.70000,0.00000,-0.01000,0.00000,0.00000,-0.01000,0.01000,35.37000,65.37000
0.70000,0.00000,-0.01000,0.00000,0.00000,-0.01000,0.01000,35.37000,65.37000
0.70000,0.00000,-0.01000,0.00000,0.00000,-0.01000,0.01000,35.31000,65.43000
0.70000,0.00000,-0.01000,0.00000,0.00000,-0.01000,0.01000,35.31000,65.43000
0.70000,0.00000,-0.01000,0.00000,0.00000,-0.01000,0.01000,35.25000,65.48000
0.70000,0.00000,-0.01000,0.00000,0.00000,-0.01000,0.01000,35.25000,65.48000
0.70000,0.00000,-0.01000,0.00000,0.00000,-0.01000,0.01000,35.19000,65.54000
0.70000,0.00000,-0.01000,0.00000,0.00000,-0.01000,0.01000,35.19000,65.54000
0.70000,0.00000,-0.01000,0.00000,0.00000,-0.01000,0.01000,35.13000,65.60000
0.70000,0.00000,-0.01000,0.00000,0.00000,-0.01000,0.01000,35.13000,65.60000
0.70000,0.00000,-0.01000,0.00000,0.00000,-0.01000,0.01000,35.08000,65.66000
0.70000,0.00000,-0.01000,0.00000,0.00000,-0.01000,0.01000,35.08000,65.66000
0.70000,0.00000,-0.01000,0.00000,0.00000,-0.01000,0.01000,35.02000,65.72000
0.70000,0.00000,-0.01000,0.00000,0.00000,-0.01000,0.01000,35.02000,65.72000
0.70000,0.00000,-0.01000,0.00000,0.00000,-0.01000,0.01000,34.96000,65.78000
0.70000,0.00000,-0.01000,0.00000,0.00000,-0.01000,0.01000,34.96000,65.78000
0.70000,0.00000,-0.01000,0.00000,0.00000,-0.01000,0.01000,34.90000,65.84000
0.70000,0.00000,-0.01000,0.00000,0.00000,-0.01000,0.01000,34.90000,65.84000
0.70000,0.00000,-0.01000,0.00000,0.00000,-0.01000,0.01000,34.84000,65.89000
0.70000,0.00000,-0.01000,0.00000,0.00000,-0.01000,0.01000,34.84000,65.89000
0.70000,0.00000,-0.01000,0.00000,0.00000,-0.01000,0.01000,34.78000,65.95000
0.70000,0.00000,-0.01000,0.00000,0.00000,-0.01000,0.01000,34.78000,65.95000
0.70000,0.00000,-0.01000,0.00000,0.00000,-0.01000,0.01000,34.72000,66.01000
0.70000,0.00000,-0.01000,0.00000,0.00000,-0.01000,0.01000,34.72000,66.01000
0.70000,0.00000,-0.01000,0.00000,0.00000,-0.01000,0.01000,34.66000,66.07000
0.70000,0.00000,-0.01000,0.00000,0.00000,-0.01000,0.01000,34.66000,66.07000
0.70000,0.00000,-0.01000,0.00000,0.00000,-0.01000,0.01000,34.60000,66.13000
0.70000,0.00000,-0.01000,0.00000,0.00000,-0.01000,0.01000,34.60000,66.13000
0.70000,0.00000,-0.01000,0.00000,0.00000,-0.01000,0.01000,34.54000,66.19000
0.70000,0.00000,-0.01000,0.00000,0.00000,-0.01000,0.01000,34.54000,66.19000
0.70000,0.00000,-0.01000,0.00000,0.00000,-0.01000,0.01000,34.48000,66.25000
0.70000,0.00000,-0.01000,0.00000,0.00000,-0.01000,0.01000,34.48000,66.25000
0.70000,0.00000,-0.01000,0.00000,0.00000,-0.01000,0.01000,34.43000,66.30000
0.70000,0.00000,-0.01000,0.00000,0.00000,-0.01000,0.01000,34.43000,66.30000
0.70000,0.00000,-0.01000,0.00000,0.00000,-0.01000,0.01000,34.37000,66.36000
0.70000,0.00000,-0.01000,0.00000,0.00000,-0.01000,0.01000,34.37000,66.36000
0.70000,0.00000,-0.01000,0.00000,0.00000,-0.01000,0.01000,34.31000,66.42000
0.70000,0.00000,-0.01000,0.00000,0.00000,-0.01000,0.01000,34.31000,66.42000
0.70000,0.00000,-0.01000,0.00000,0.00000,-0.01000,0.01000,34.25000,66.48000
0.70000,0.00000,-0.01000,0.00000,0.00000,-0.01000,0.01000,34.25000,66.48000
0.70000,0.00000,-0.01000,0.00000,0.00000,-0.01000,0.01000,34.19000,66.54000
0.70000,0.00000,-0.01000,0.00000,0.00000,-0.01000,0.01000,34.19000,66.54000
0.70000,0.00000,-0.01000,0.00000,0.00000,-0.01000,0.01000,34.13000,66.60000
0.70000,0.00000,-0.01000,0.00000,0.00000,-0.01000,0.01000,34.13000,66.60000
0.70000,0.00000,-0.01000,0.00000,0.00000,-0.01000,0.01000,34.07000,66.66000
0.70000,0.00000,-0.01000,0.00000,0.00000,-0.01000,0.01000,34.07000,66.66000
0.70000,0.00000,-0.01000,0.00000,0.00000,-0.01000,0.01000,34.01000,66.72000
0.70000,0.00000,-0.01000,0.00000,0.00000,-0.01000,0.01000,34.01000,66.72000
0.70000,0.00000,-0.01000,0.00000,0.00000,-0.01000,0.01000,33.95000,66.77000
0.70000,0.00000,-0.01000,0.00000,0.00000,-0.01000,0.01000,33.95000,66.77000
0.70000,0.00000,-0.01000,0.00000,0.00000,-0.01000,0.01000,33.89000,66.83000
0.70000,0.00000,-0.01000,0.00000,0.00000,-0.01000,0.01000,33.89000,66.83000
0.70000,0.00000,-0.01000,0.00000,0.00000,-0.01000,0.01000,33.83000,66.89000
0.70000,0.00000,-0.01000,0.00000,0.00000,-0.01000,0.01000,33.83000,66.89000
0.70000,0.00000,-0.01000,0.00000,0.00000,-0.01000,0.01000,33.78000,66.95000
0.70000,0.00000,-0.01000,0.00000,0.00000,-0.01000,0.01000,33.78000,66.95000
0.70000,0.00000,-0.01000,0.00000,0.00000,-0.01000,0.01000,33.72000,67.01000
0.70000,0.00000,-0.01000,0.00000,0.00000,-0.01000,0.01000,33.72000,67.01000
0.70000,0.00000,-0.01000,0.00000,0.00000,-0.01000,0.01000,33.66000,67.07000
0.70000,0.00000,-0.01000,0.00000,0.00000,-0.01000,0.01000,33.66000,67.07000
0.70000,0.00000,-0.01000,0.00000,0.00000,-0.01000,0.01000,33.60000,67.13000
0.70000,0.00000,-0.01000,0.00000,0.00000,-0.01000,0.01000,33.60000,67.13000
0.70000,0.00000,-0.01000,0.00000,0.00000,-0.01000,0.01000,33.54000,67.18000
0.70000,0.00000,-0.01000,0.00000,0.00000,-0.01000,0.01000,33.54000,67.18000
0.70000,0.00000,-0.01000,0.00000,0.00000,-0.01000,0.01000,33.48000,67.24000
0.70000,0.00000,-0.01000,0.00000,0.00000,-0.01000,0.01000,33.48000,67.24000
0.70000,0.00000,-0.01000,0.00000,0.00000,-0.01000,0.01000,33.42000,67.30000
0.70000,0.00000,-0.01000,0.00000,0.00000,-0.01000,0.01000,33.42000,67.30000
0.70000,0.00000,-0.01000,0.00000,0.00000,-0.01000,0.01000,33.36000,67.36000
0.70000,0.00000,-0.01000,0.00000,0.00000,-0.01000,0.01000,33.36000,67.36000
0.70000,0.00000,-0.01000,0.00000,0.00000,-0.01000,0.01000,33.30000,67.42000
0.70000,0.00000,-0.01000,0.00000,0.00000,-0.01000,0.01000,33.30000,67.42000
0.70000,0.00000,-0.01000,0.00000,0.00000,-0.01000,0.01000,33.24000,67.48000
0.70000,0.00000,-0.01000,0.00000,0.00000,-0.01000,0.01000,33.24000,67.48000
0.70000,0.00000,-0.01000,0.00000,0.00000,-0.01000,0.01000,33.18000,67.54000
0.70000,0.00000,-0.01000,0.00000,0.00000,-0.01000,0.01000,33.18000,67.54000
0.70000,0.00000,-0.01000,0.00000,0.00000,-0.01000,0.01000,33.13000,67.59000
0.70000,0.00000,-0.01000,0.00000,0.00000,-0.01000,0.01000,33.13000,67.59000
0.70000,0.00000,-0.01000,0.00000,0.00000,-0.01000,0.01000,33.07000,67.65000
0.70000,0.00000,-0.01000,0.00000,0.00000,-0.01000,0.01000,33.07000,67.65000
0.70000,0.00000,-0.01000,0.00000,0.00000,-0.01000,0.01000,33.01000,67.71000
0.70000,0.00000,-0.01000,0.00000,0.00000,-0.01000,0.01000,33.01000,67.71000
0.70000,0.00000,-0.01000,0.00000,0.00000,-0.01000,0.01000,32.95000,67.77000
0.70000,0.00000,-0.01000,0.00000,0.00000,-0.01000,0.01000,32.95000,67.77000
0.70000,0.00000,-0.01000,0.00000,0.00000,-0.01000,0.01000,32.89000,67.83000
0.70000,0.00000,-0.01000,0.00000,0.00000,-0.01000,0.01000,32.89000,67.83000
0.70000,0.00000,-0.01000,0.00000,0.00000,-0.01000,0.01000,32.83000,67.89000
0.70000,0.00000,-0.01000,0.00000,0.00000,-0.01000,0.01000,32.83000,67.89000
0.70000,0.00000,-0.01000,0.00000,0.00000,-0.01000,0.01000,32.77000,67.95000
0.70000,0.00000,-0.01000,0.00000,0.00000,-0.01000,0.01000,32.77000,67.95000
0.70000,0.00000,-0.01000,0.00000,0.00000,-0.01000,0.01000,32.71000,68.00000
0.70000,0.00000,-0.01000,0.00000,0.00000,-0.01000,0.01000,32.71000,68.00000
0.70000,0.00000,-0.01000,0.00000,0.00000,-0.01000,0.01000,32.65000,68.06000
0.70000,0.00000,-0.01000,0.00000,0.00000,-0.01000,0.01000,32.65000,68.06000
0.70000,0.00000,-0.01000,0.00000,0.00000,-0.01000,0.01000,32.59000,68.12000
0.70000,0.00000,-0.01000,0.00000,0.00000,-0.01000,0.01000,32.59000,68.12000
0.70000,0.00000,-0.01000,0.00000,0.00000,-0.01000,0.01000,32.53000,68.18000
0.70000,0.00000,-0.01000,0.00000,0.00000,-0.01000,0.01000,32.53000,68.18000
0.70000,0.00000,-0.01000,0.00000,0.00000,-0.01000,0.01000,32.48000,68.24000
0.70000,0.00000,-0.01000,0.00000,0.00000,-0.01000,0.01000,32.48000,68.24000
0.70000,0.00000,-0.01000,0.00000,0.00000,-0.01000,0.01000,32.42000,68.30000
0.70000,0.00000,-0.01000,0.00000,0.00000,-0.01000,0.01000,32.42000,68.30000
0.70000,0.00000,-0.01000,0.00000,0.00000,-0.01000,0.01000,32.36000,68.36000
0.70000,0.00000,-0.01000,0.00000,0.00000,-0.01000,0.01000,32.36000,68.36000
0.70000,0.00000,-0.01000,0.00000,0.00000,-0.01000,0.01000,32.30000,68.41000
0.70000,0.00000,-0.01000,0.00000,0.00000,-0.01000,0.01000,32.30000,68.41000
0.70000,0.00000,-0.01000,0.00000,0.00000,-0.01000,0.01000,32.24000,68.47000
0.70000,0.00000,-0.01000,0.00000,0.00000,-0.01000,0.01000,32.24000,68.47000
0.70000,0.00000,-0.01000,0.00000,0.00000,-0.01000,0.01000,32.18000,68.53000
0.70000,0.00000,-0.01000,0.00000,0.00000,-0.01000,0.01000,32.18000,68.53000
0.70000,0.00000,-0.01000,0.00000,0.00000,-0.01000,0.01000,32.12000,68.59000
0.70000,0.00000,-0.01000,0.00000,0.00000,-0.01000,0.01000,32.12000,68.59000
0.70000,0.00000,-0.01000,0.00000,0.00000,-0.01000,0.01000,32.06000,68.65000
0.70000,0.00000,-0.01000,0.00000,0.00000,-0.01000,0.01000,32.06000,68.65000
0.70000,0.00000,-0.01000,0.00000,0.00000,-0.01000,0.01000,32.00000,68.71000
0.70000,0.00000,-0.01000,0.00000,0.00000,-0.01000,0.01000,32.00000,68.71000
0.70000,0.00000,-0.01000,0.00000,0.00000,-0.01000,0.01000,31.94000,68.77000
0.70000,0.00000,-0.01000,0.00000,0.00000,-0.01000,0.01000,31.94000,68.77000
0.70000,0.00000,-0.01000,0.00000,0.00000,-0.01000,0.01000,31.88000,68.82000
0.70000,0.00000,-0.01000,0.00000,0.00000,-0.01000,0.01000,31.88000,68.82000
0.70000,0.00000,-0.01000,0.00000,0.00000,-0.01000,0.01000,31.83000,68.88000
0.70000,0.00000,-0.01000,0.00000,0.00000,-0.01000,0.01000,31.83000,68.88000
0.70000,0.00000,-0.01000,0.00000,0.00000,-0.01000,0.01000,31.77000,68.94000
0.70000,0.00000,-0.01000,0.00000,0.00000,-0.01000,0.01000,31.77000,68.94000
0.70000,0.00000,-0.01000,0.00000,0.00000,-0.01000,0.01000,31.71000,69.00000
0.70000,0.00000,-0.01000,0.00000,0.00000,-0.01000,0.01000,31.71000,69.00000
0.70000,0.00000,-0.01000,0.00000,0.00000,-0.01000,0.01000,31.65000,69.06000
0.70000,0.00000,-0.01000,0.00000,0.00000,-0.01000,0.01000,31.65000,69.06000
0.70000,0.00000,-0.01000,0.00000,0.00000,-0.01000,0.01000,31.59000,69.12000
0.70000,0.00000,-0.01000,0.00000,0.00000,-0.01000,0.01000,31.59000,69.12000
0.70000,0.00000,-0.01000,0.00000,0.00000,-0.01000,0.01000,31.53000,69.18000
0.70000,0.00000,-0.01000,0.00000,0.00000,-0.01000,0.01000,31.53000,69.18000
0.70000,0.00000,-0.01000,0.00000,0.00000,-0.01000,0.01000,31.47000,69.24000
0.70000,0.00000,-0.01000,0.00000,0.00000,-0.01000,0.01000,31.47000,69.24000
0.70000,0.00000,-0.01000,0.00000,0.00000,-0.01000,0.01000,31.41000,69.29000
0.70000,0.00000,-0.01000,0.00000,0.00000,-0.01000,0.01000,31.41000,69.29000
0.70000,0.00000,-0.01000,0.00000,0.00000,-0.01000,0.01000,31.35000,69.35000
0.70000,0.00000,-0.01000,0.00000,0.00000,-0.01000,0.01000,31.35000,69.35000
0.70000,0.00000,-0.01000,0.00000,0.00000,-0.01000,0.01000,31.29000,69.41000
0.70000,0.00000,-0.01000,0.00000,0.00000,-0.01000,0.01000,31.29000,69.41000
0.70000,0.00000,-0.01000,0.00000,0.00000,-0.01000,0.01000,31.23000,69.47000
0.70000,0.00000,-0.01000,0.00000,0.00000,-0.01000,0.01000,31.23000,69.47000
0.70000,0.00000,-0.01000,0.00000,0.00000,-0.01000,0.01000,31.18000,69.53000
0.70000,0.00000,-0.01000,0.00000,0.00000,-0.01000,0.01000,31.18000,69.53000
0.70000,0.00000,-0.01000,0.00000,0.00000,-0.01000,0.01000,31.12000,69.59000
0.70000,0.00000,-0.01000,0.00000,0.00000,-0.01000,0.01000,31.12000,69.59000
0.70000,0.00000,-0.01000,0.00000,0.00000,-0.01000,0.01000,31.06000,69.65000
0.70000,0.00000,-0.01000,0.00000,0.00000,-0.01000,0.01000,31.06000,69.65000
0.70000,0.00000,-0.01000,0.00000,0.00000,-0.01000,0.01000,31.00000,69.70000
0.70000,0.00000,-0.01000,0.00000,0.00000,-0.01000,0.01000,31.00000,69.70000
0.70000,0.00000,-0.01000,0.00000,0.00000,-0.01000,0.01000,30.94000,69.76000
0.70000,0.00000,-0.01000,0.00000,0.00000,-0.01000,0.01000,30.94000,69.76000
0.70000,0.00000,-0.01000,0.00000,0.00000,-0.01000,0.01000,30.88000,69.82000
0.70000,0.00000,-0.01000,0.00000,0.00000,-0.01000,0.01000,30.88000,69.82000
0.70000,0.00000,-0.01000,0.00000,0.00000,-0.01000,0.01000,30.82000,69.88000
0.70000,0.00000,-0.01000,0.00000,0.00000,-0.01000,0.01000,30.82000,69.88000
0.70000,0.00000,-0.01000,0.00000,0.00000,-0.01000,0.01000,30.76000,69.94000
0.70000,0.00000,-0.01000,0.00000,0.00000,-0.01000,0.01000,30.76000,69.94000
0.70000,0.00000,-0.01000,0.00000,0.00000,-0.01000,0.01000,30.70000,70.00000
0.70000,0.00000,-0.01000,0.00000,0.00000,-0.01000,0.01000,30.70000,70.00000
0.70000,0.00000,-0.01000,0.00000,0.00000,-0.01000,0.01000,30.64000,70.06000
0.70000,0.00000,-0.01000,0.00000,0.00000,-0.01000,0.01000,30.64000,70.06000
0.70000,0.00000,-0.01000,0.00000,0.00000,-0.01000,0.01000,30.58000,70.11000
0.70000,0.00000,-0.01000,0.00000,0.00000,-0.01000,0.01000,30.58000,70.11000
0.70000,0.00000,-0.01000,0.00000,0.00000,-0.01000,0.01000,30.53000,70.17000
0.70000,0.00000,-0.01000,0.00000,0.00000,-0.01000,0.01000,30.53000,70.17000
0.70000,0.00000,-0.01000,0.00000,0.00000,-0.01000,0.01000,30.47000,70.23000
0.70000,0.00000,-0.01000,0.00000,0.00000,-0.01000,0.01000,30.47000,70.23000
0.70000,0.00000,-0.01000,0.00000,0.00000,-0.01000,0.01000,30.41000,70.29000
0.70000,0.00000,-0.01000,0.00000,0.00000,-0.01000,0.01000,30.41000,70.29000
0.70000,0.00000,-0.01000,0.00000,0.00000,-0.01000,0.01000,30.35000,70.35000
0.70000,0.00000,-0.01000,0.00000,0.00000,-0.01000,0.01000,30.35000,70.35000
0.70000,0.00000,-0.01000,0.00000,0.00000,-0.01000,0.01000,30.29000,70.41000
0.70000,0.00000,-0.01000,0.00000,0.00000,-0.01000,0.01000,30.29000,70.41000
0.70000,0.00000,-0.01000,0.00000,0.00000,-0.01000,0.01000,30.23000,70.47000
0.70000,0.00000,-0.01000,0.00000,0.00000,-0.01000,0.01000,30.23000,70.47000
0.70000,0.00000,-0.01000,0.00000,0.00000,-0.01000,0.01000,30.17000,70.52000
0.70000,0.00000,-0.01000,0.00000,0.00000,-0.01000,0.01000,30.17000,70.52000
0.70000,0.00000,-0.01000,0.00000,0.00000,-0.01000,0.01000,30.11000,70.58000
0.70000,0.00000,-0.01000,0.00000,0.00000,-0.01000,0.01000,30.11000,70.58000
0.70000,0.00000,-0.01000,0.00000,0.00000,-0.01000,0.01000,30.05000,70.64000
0.70000,0.00000,-0.01000,0.00000,0.00000,-0.01000,0.01000,30.05000,70.64000
0.70000,0.00000,-0.01000,0.00000,0.00000,-0.01000,0.01000,29.99000,70.70000
0.70000,0.00000,-0.01000,0.00000,0.00000,-0.01000,0.01000,29.99000,70.70000
0.70000,0.00000,-0.01000,0.00000,0.00000,-0.01000,0.01000,29.93000,70.76000
0.70000,0.00000,-0.01000,0.00000,0.00000,-0.01000,0.01000,29.93000,70.76000
0.70000,0.00000,-0.01000,0.00000,0.00000,-0.01000,0.01000,29.88000,70.82000
0.70000,0.00000,-0.01000,0.00000,0.00000,-0.01000,0.01000,29.88000,70.82000
0.70000,0.00000,-0.01000,0.00000,0.00000,-0.01000,0.01000,29.82000,70.88000
0.70000,0.00000,-0.01000,0.00000,0.00000,-0.01000,0.01000,29.82000,70.88000
0.70000,0.00000,-0.01000,0.00000,0.00000,-0.01000,0.01000,29.76000,70.93000
0.70000,0.00000,-0.01000,0.00000,0.00000,-0.01000,0.01000,29.76000,70.93000
0.70000,0.00000,-0.01000,0.00000,0.00000,-0.01000,0.01000,29.70000,70.99000
0.70000,0.00000,-0.01000,0.00000,0.00000,-0.01000,0.01000,29.70000,70.99000
0.70000,0.00000,-0.01000,0.00000,0.00000,-0.01000,0.01000,29.64000,71.05000
0.70000,0.00000,-0.01000,0.00000,0.00000,-0.01000,0.01000,29.64000,71.05000
0.70000,0.00000,-0.01000,0.00000,0.00000,-0.01000,0.01000,29.58000,71.11000
0.70000,0.00000,-0.01000,0.00000,0.00000,-0.01000,0.01000,29.58000,71.11000
0.70000,0.00000,-0.01000,0.00000,0.00000,-0.01000,0.01000,29.52000,71.17000
0.70000,0.00000,-0.01000,0.00000,0.00000,-0.01000,0.01000,29.52000,71.17000
0.70000,0.00000,-0.01000,0.00000,0.00000,-0.01000,0.01000,29.46000,71.23000
0.70000,0.00000,-0.01000,0.00000,0.00000,-0.01000,0.01000,29.46000,71.23000
0.70000,0.00000,-0.01000,0.00000,0.00000,-0.01000,0.01000,29.40000,71.29000
0.70000,0.00000,-0.01000,0.00000,0.00000,-0.01000,0.01000,29.40000,71.29000
0.70000,0.00000,-0.01000,0.00000,0.00000,-0.01000,0.01000,29.34000,71.34000
0.70000,0.00000,-0.01000,0.00000,0.00000,-0.01000,0.01000,29.34000,71.34000
0.70000,0.00000,-0.01000,0.00000,0.00000,-0.01000,0.01000,29.28000,71.40000
0.70000,0.00000,-0.01000,0.00000,0.00000,-0.01000,0.01000,29.28000,71.40000
0.70000,0.00000,-0.01000,0.00000,0.00000,-0.01000,0.01000,29.23000,71.46000
0.70000,0.00000,-0.01000,0.00000,0.00000,-0.01000,0.01000,29.23000,71.46000
0.70000,0.00000,-0.01000,0.00000,0.00000,-0.01000,0.01000,29.17000,71.52000
0.70000,0.00000,-0.01000,0.00000,0.00000,-0.01000,0.01000,29.17000,71.52000
0.70000,0.00000,-0.01000,0.00000,0.00000,-0.01000,0.01000,29.11000,71.58000
0.70000,0.00000,-0.01000,0.00000,0.00000,-0.01000,0.01000,29.11000,71.58000
0.70000,0.00000,-0.01000,0.00000,0.00000,-0.01000,0.01000,29.05000,71.64000
0.70000,0.00000,-0.01000,0.00000,0.00000,-0.01000,0.01000,29.05000,71.64000
0.70000,0.00000,-0.01000,0.00000,0.00000,-0.01000,0.01000,28.99000,71.70000
0.70000,0.00000,-0.01000,0.00000,0.00000,-0.01000,0.01000,28.99000,71.70000
0.70000,0.00000,-0.01000,0.00000,0.02000,-0.01000,0.01000,28.93000,71.75000
0.70000,0.00000,-0.01000,-0.02000,0.00000,-0.01000,0.01000,28.93000,71.75000
0.70000,0.00000,-0.02000,0.00000,0.33000,-0.01000,0.01000,29.17000,71.82000
0.70000,0.00000,-0.03000,0.00000,0.50000,-0.02000,0.02000,29.17000,71.82000
0.70000,0.00000,-0.04000,0.00000,0.50000,-0.03000,0.03000,28.67000,64.66000
0.70000,-0.00000,-0.04000,-0.02000,0.42000,-0.04000,0.04000,28.67000,64.66000
0.70000,-0.00000,-0.06000,0.00000,0.60000,-0.05000,0.05000,28.54000,63.36000
0.70000,-0.00000,-0.06000,0.00000,0.21000,-0.06000,0.06000,28.54000,63.36000
0.70000,-0.00000,-0.06000,0.00000,0.00000,-0.06000,0.06000,27.82000,64.50000
0.70000,-0.00000,-0.06000,0.00000,0.00000,-0.06000,0.06000,27.82000,64.50000
0.70000,-0.00000,-0.06000,0.02000,0.10000,-0.06000,0.06000,27.45000,66.75000
0.70000,-0.00000,-0.06000,0.00000,0.00000,-0.06000,0.06000,27.45000,66.75000
0.70000,-0.00000,-0.06000,0.00000,0.25000,-0.06000,0.06000,27.04000,67.15000
0.70000,-0.00000,-0.08000,0.00000,1.02000,-0.07000,0.07000,27.04000,67.15000
0.70000,-0.00000,-0.11000,0.00000,1.33000,-0.09000,0.09000,26.24000,52.69000
0.70000,-0.00000,-0.12000,0.00000,0.83000,-0.12000,0.12000,26.24000,52.69000
0.70000,-0.00000,-0.12000,0.00000,0.10000,-0.14000,0.14000,24.90000,50.70000
0.70000,-0.00000,-0.12000,0.00000,0.00000,-0.15000,0.15000,24.90000,50.70000
0.70000,-0.00000,-0.12000,0.00000,0.00000,-0.15000,0.15000,23.99000,59.07000
0.70000,-0.00000,-0.12000,0.00000,0.02000,-0.15000,0.15000,23.99000,59.07000
0.71000,-0.00000,-0.13000,0.00000,0.21000,-0.15000,0.15000,23.10000,59.64000
0.71000,-0.00000,-0.15000,0.00000,1.39000,-0.15000,0.15000,23.10000,59.64000
0.71000,-0.00000,-0.20000,0.00000,2.55000,-0.19000,0.19000,21.56000,40.48000
0.71000,-0.00000,-0.24000,0.00000,2.26000,-0.27000,0.26000,21.56000,40.48000
0.71000,-0.00000,-0.28000,0.00000,2.14000,-0.34000,0.33000,18.19000,22.29000
0.72000,-0.00000,-0.30000,0.00000,1.27000,-0.40000,0.38000,18.19000,22.29000
0.72000,-0.00000,-0.30000,0.00000,0.08000,-0.44000,0.41000,14.64000,26.85000
0.72000,-0.00000,-0.30000,0.00000,0.00000,-0.44000,0.41000,14.64000,26.85000
0.72000,-0.00000,-0.30000,0.00000,0.00000,-0.44000,0.41000,11.96000,40.73000
0.72000,-0.00000,-0.30000,0.00000,0.00000,-0.44000,0.41000,11.96000,40.73000
0.72000,-0.00000,-0.30000,0.00000,0.00000,-0.44000,0.41000,9.30000,43.20000
0.72000,-0.00000,-0.30000,0.00000,0.00000,-0.44000,0.41000,9.30000,43.20000
0.72000,-0.00000,-0.30000,0.02000,0.00000,-0.44000,0.41000,6.65000,45.67000
0.72000,-0.00000,-0.30000,0.00000,0.00000,-0.44000,0.41000,6.65000,45.67000
0.72000,-0.00000,-0.30000,0.02000,0.00000,-0.44000,0.41000,4.00000,48.14000
0.72000,-0.00000,-0.30000,0.00000,0.00000,-0.44000,0.41000,4.00000,48.14000
0.72000,-0.00000,-0.30000,0.00000,0.00000,-0.44000,0.41000,1.35000,50.60000
0.72000,-0.00000,-0.30000,0.00000,0.00000,-0.44000,0.41000,1.35000,50.60000
0.72000,-0.00000,-0.29000,0.48000,0.00000,-0.44000,0.41000,-1.30000,53.07000
0.72000,-0.00000,-0.27000,1.52000,0.00000,-0.43000,0.40000,-1.30000,53.07000
0.72000,-0.00000,-0.23000,1.87000,0.00000,-0.39000,0.37000,-25.92000,54.96000
0.72000,-0.00000,-0.21000,1.16000,0.00000,-0.34000,0.33000,-25.92000,54.96000
0.72000,-0.00000,-0.20000,0.93000,0.00000,-0.31000,0.30000,-30.81000,56.09000
0.72000,-0.00000,-0.17000,1.14000,0.00000,-0.28000,0.27000,-30.81000,56.09000
0.72000,-0.00000,-0.16000,1.04000,0.00000,-0.25000,0.24000,-38.46000,57.07000
0.73000,-0.00000,-0.14000,0.79000,0.00000,-0.22000,0.22000,-38.46000,57.07000
0.73000,-0.00000,-0.14000,0.29000,0.00000,-0.20000,0.20000,-40.79000,57.84000
0.73000,-0.01000,-0.11000,1.22000,0.00000,-0.19000,0.19000,-40.79000,57.84000
0.73000,-0.01000,-0.08000,1.89000,0.00000,-0.16000,0.16000,-52.70000,58.48000
0.73000,-0.01000,-0.05000,1.54000,0.00000,-0.12000,0.12000,-52.70000,58.48000
0.73000,-0.01000,-0.05000,0.12000,0.23000,-0.09000,0.09000,-64.59000,58.35000
0.73000,-0.01000,-0.06000,-0.08000,0.27000,-0.09000,0.09000,-64.59000,58.35000
0.73000,-0.01000,-0.06000,0.00000,0.00000,-0.10000,0.10000,-50.21000,54.99000
0.73000,-0.01000,-0.06000,0.00000,0.00000,-0.10000,0.10000,-50.21000,54.99000
0.73000,-0.01000,-0.06000,0.00000,0.00000,-0.10000,0.10000,-51.56000,58.01000
0.73000,-0.01000,-0.06000,0.00000,0.00000,-0.10000,0.10000,-51.56000,58.01000
0.73000,-0.01000,-0.06000,0.00000,0.02000,-0.10000,0.10000,-52.16000,58.60000
0.73000,-0.01000,-0.06000,0.00000,0.00000,-0.10000,0.10000,-52.16000,58.60000
0.73000,-0.01000,-0.06000,0.00000,0.00000,-0.10000,0.10000,-52.76000,59.20000
0.73000,-0.01000,-0.06000,-0.02000,0.00000,-0.10000,0.10000,-52.76000,59.20000
0.73000,-0.01000,-0.06000,0.00000,0.02000,-0.10000,0.10000,-53.06000,59.80000
0.73000,-0.01000,-0.06000,0.00000,0.02000,-0.10000,0.10000,-53.06000,59.80000
0.73000,-0.01000,-0.06000,0.00000,0.00000,-0.10000,0.10000,-53.87000,60.11000
0.73000,-0.01000,-0.06000,0.00000,0.00000,-0.10000,0.10000,-53.87000,60.11000
0.73000,-0.01000,-0.06000,0.00000,0.00000,-0.10000,0.10000,-54.48000,60.90000
0.73000,-0.01000,-0.06000,-0.02000,0.02000,-0.10000,0.10000,-54.48000,60.90000
0.73000,-0.01000,-0.06000,0.00000,0.00000,-0.10000,0.10000,-54.79000,61.20000
0.73000,-0.01000,-0.06000,0.00000,0.06000,-0.10000,0.10000,-54.79000,61.20000
0.73000,-0.01000,-0.06000,0.00000,0.00000,-0.10000,0.10000,-55.61000,61.09000
0.73000,-0.01000,-0.06000,-0.02000,0.00000,-0.10000,0.10000,-55.61000,61.09000
0.73000,-0.01000,-0.06000,-0.02000,0.00000,-0.10000,0.10000,-55.93000,62.27000
0.73000,-0.01000,-0.06000,-0.02000,0.00000,-0.10000,0.10000,-55.93000,62.27000
0.73000,-0.01000,-0.07000,-0.02000,0.00000,-0.11000,0.10000,-56.45000,62.90000
0.73000,-0.01000,-0.07000,-0.04000,0.00000,-0.11000,0.10000,-56.45000,62.90000
0.73000,-0.01000,-0.07000,0.00000,0.00000,-0.11000,0.11000,-56.66000,63.55000
0.73000,-0.01000,-0.07000,0.00000,0.00000,-0.11000,0.11000,-56.66000,63.55000
0.73000,-0.01000,-0.07000,0.00000,0.00000,-0.11000,0.11000,-57.67000,64.18000
0.73000,-0.01000,-0.07000,0.00000,0.00000,-0.11000,0.11000,-57.67000,64.18000
0.73000,-0.01000,-0.07000,-0.02000,0.00000,-0.11000,0.11000,-58.31000,64.81000
0.73000,-0.01000,-0.07000,0.00000,0.00000,-0.11000,0.11000,-58.31000,64.81000
0.73000,-0.01000,-0.07000,0.00000,0.00000,-0.11000,0.11000,-58.96000,65.45000
0.73000,-0.01000,-0.07000,-0.02000,0.00000,-0.11000,0.11000,-58.96000,65.45000
0.73000,-0.01000,-0.07000,0.00000,0.00000,-0.11000,0.11000,-59.30000,66.09000
0.73000,-0.01000,-0.07000,0.00000,0.00000,-0.11000,0.11000,-59.30000,66.09000
0.73000,-0.01000,-0.07000,-0.04000,0.00000,-0.11000,0.11000,-60.13000,66.73000
0.73000,-0.01000,-0.07000,-0.08000,0.00000,-0.11000,0.11000,-60.13000,66.73000
0.73000,-0.01000,-0.07000,-0.02000,0.00000,-0.11000,0.11000,-59.57000,67.41000
0.73000,-0.01000,-0.07000,0.00000,0.00000,-0.11000,0.11000,-59.57000,67.41000
0.73000,-0.01000,-0.07000,-0.02000,0.00000,-0.11000,0.11000,-60.98000,68.07000
0.73000,-0.01000,-0.07000,0.00000,0.00000,-0.11000,0.11000,-60.98000,68.07000
0.73000,-0.01000,-0.07000,-0.02000,0.00000,-0.11000,0.11000,-61.65000,68.73000
0.73000,-0.01000,-0.07000,-0.08000,0.00000,-0.11000,0.11000,-61.65000,68.73000
0.73000,-0.01000,-0.07000,-0.02000,0.00000,-0.11000,0.11000,-61.10000,69.42000
0.73000,-0.01000,-0.07000,0.00000,0.00000,-0.11000,0.11000,-61.10000,69.42000
0.73000,-0.01000,-0.07000,0.00000,0.00000,-0.11000,0.11000,-62.53000,70.10000
0.73000,-0.01000,-0.07000,-0.02000,0.00000,-0.11000,0.11000,-62.53000,70.10000
0.73000,-0.01000,-0.07000,0.00000,0.00000,-0.11000,0.11000,-62.91000,70.78000
0.73000,-0.01000,-0.07000,0.00000,0.00000,-0.11000,0.11000,-62.91000,70.78000
0.73000,-0.01000,-0.07000,-0.02000,0.00000,-0.11000,0.11000,-63.78000,71.46000
0.73000,-0.01000,-0.07000,0.00000,0.00000,-0.11000,0.11000,-63.78000,71.46000
0.73000,-0.01000,-0.07000,-0.02000,0.00000,-0.11000,0.11000,-64.47000,72.14000
0.73000,-0.01000,-0.07000,-0.04000,0.00000,-0.11000,0.11000,-64.47000,72.14000
0.73000,-0.01000,-0.08000,-0.06000,0.00000,-0.12000,0.11000,-64.56000,72.84000
0.73000,-0.01000,-0.08000,0.00000,0.00000,-0.12000,0.12000,-64.56000,72.84000
0.73000,-0.01000,-0.08000,0.00000,0.00000,-0.12000,0.12000,-65.64000,73.54000
0.73000,-0.01000,-0.08000,-0.02000,0.00000,-0.12000,0.12000,-65.64000,73.54000
0.73000,-0.01000,-0.08000,0.00000,0.00000,-0.12000,0.12000,-66.04000,74.25000
0.73000,-0.01000,-0.08000,0.00000,0.00000,-0.12000,0.12000,-66.04000,74.25000
0.73000,-0.01000,-0.08000,-0.02000,0.00000,-0.12000,0.12000,-66.93000,74.94000
0.73000,-0.01000,-0.08000,0.00000,0.00000,-0.12000,0.12000,-66.93000,74.94000
0.73000,-0.01000,-0.08000,-0.02000,0.00000,-0.12000,0.12000,-67.65000,75.65000
0.73000,-0.01000,-0.08000,-0.04000,0.00000,-0.12000,0.12000,-67.65000,75.65000
0.73000,-0.01000,-0.08000,-0.06000,0.00000,-0.12000,0.12000,-67.75000,76.37000
0.73000,-0.01000,-0.08000,0.00000,0.00000,-0.12000,0.12000,-67.75000,76.37000
0.73000,-0.01000,-0.08000,0.00000,0.00000,-0.12000,0.12000,-68.86000,77.09000
0.73000,-0.01000,-0.08000,-0.04000,0.00000,-0.12000,0.12000,-68.86000,77.09000
0.73000,-0.01000,-0.08000,0.00000,0.00000,-0.12000,0.12000,-68.97000,77.82000
0.73000,-0.01000,-0.08000,-0.02000,0.00000,-0.12000,0.12000,-68.97000,77.82000
0.73000,-0.01000,-0.08000,-0.15000,0.00000,-0.12000,0.12000,-69.77000,78.55000
0.73000,-0.01000,-0.08000,-0.02000,0.00000,-0.13000,0.12000,-69.77000,78.55000
0.73000,-0.01000,-0.09000,-0.23000,0.00000,-0.13000,0.12000,-70.43000,79.33000
0.73000,-0.01000,-0.09000,-0.25000,0.00000,-0.13000,0.13000,-70.43000,79.33000
0.73000,-0.01000,-0.10000,-0.42000,0.00000,-0.14000,0.13000,-67.79000,80.23000
0.73000,-0.01000,-0.11000,-0.83000,0.00000,-0.15000,0.14000,-67.79000,80.23000
0.73000,-0.01000,-0.13000,-0.89000,0.06000,-0.16000,0.16000,-58.83000,81.45000
0.73000,-0.01000,-0.16000,-0.81000,0.93000,-0.19000,0.19000,-58.83000,81.45000
0.73000,-0.01000,-0.20000,-0.56000,1.45000,-0.24000,0.23000,-56.23000,69.47000
0.73000,-0.01000,-0.22000,-0.29000,0.81000,-0.30000,0.29000,-56.23000,69.47000
0.73000,-0.01000,-0.23000,0.00000,0.48000,-0.33000,0.32000,-62.00000,68.45000
0.73000,-0.01000,-0.23000,-0.02000,0.25000,-0.35000,0.33000,-62.00000,68.45000
0.73000,-0.01000,-0.24000,-0.31000,0.00000,-0.36000,0.34000,-66.65000,74.24000
0.73000,-0.01000,-0.25000,-0.58000,0.00000,-0.36000,0.35000,-66.65000,74.24000
0.73000,-0.01000,-0.26000,-0.73000,0.00000,-0.38000,0.36000,-60.61000,78.85000
0.73000,-0.01000,-0.27000,-0.54000,0.00000,-0.40000,0.38000,-60.61000,78.85000
0.73000,-0.00000,-0.28000,-0.42000,0.00000,-0.41000,0.39000,-60.52000,81.43000
0.73000,-0.00000,-0.29000,-0.64000,0.00000,-0.42000,0.40000,-60.52000,81.43000
0.73000,-0.00000,-0.31000,-0.85000,0.00000,-0.44000,0.41000,-58.59000,84.06000
0.72000,-0.00000,-0.33000,-1.08000,0.00000,-0.46000,0.42000,-58.59000,84.06000
0.72000,-0.00000,-0.34000,-0.96000,0.02000,-0.48000,0.44000,-51.50000,86.91000
0.72000,-0.00000,-0.36000,-0.46000,0.39000,-0.50000,0.44000,-51.50000,86.91000
0.72000,-0.00000,-0.38000,-0.17000,1.00000,-0.52000,0.45000,-57.85000,83.79000
0.73000,-0.00000,-0.41000,-0.23000,1.25000,-0.55000,0.45000,-57.85000,83.79000
0.73000,-0.00000,-0.43000,-0.23000,1.12000,-0.58000,0.44000,-62.57000,71.18000
0.73000,-0.01000,-0.45000,-0.37000,0.89000,-0.62000,0.41000,-62.57000,71.18000
0.73000,-0.01000,-0.48000,-0.71000,0.77000,-0.66000,0.38000,-63.66000,70.74000
0.73000,-0.00000,-0.51000,-1.00000,0.58000,-0.72000,0.32000,-63.66000,70.74000
0.73000,-0.00000,-0.53000,-0.95000,0.35000,-0.80000,0.24000,-58.11000,70.22000
0.73000,-0.00000,-0.55000,-0.87000,0.10000,-0.88000,0.15000,-58.11000,70.22000
0.72000,-0.00000,-0.57000,-0.87000,0.00000,-0.96000,0.07000,-61.18000,72.80000
0.72000,-0.00000,-0.58000,-1.02000,0.00000,-1.03000,-0.01000,-61.18000,72.80000
0.72000,-0.00000,-0.60000,-0.91000,0.00000,-1.13000,-0.11000,-62.13000,71.39000
0.72000,-0.00000,-0.62000,-0.89000,0.00000,-1.23000,-0.21000,-62.13000,71.39000
0.72000,-0.00000,-0.64000,-1.08000,0.00000,-1.33000,-0.31000,-67.62000,67.80000
0.72000,-0.00000,-0.66000,-1.49000,0.00000,-1.46000,-0.42000,-67.62000,67.80000
0.72000,0.00000,-0.69000,-1.68000,0.00000,-1.62000,-0.55000,-65.56000,62.39000
0.72000,0.00000,-0.73000,-1.89000,0.00000,-1.77000,-0.67000,-65.56000,62.39000
0.71000,0.00000,-0.76000,-1.83000,0.00000,-1.90000,-0.76000,-64.55000,55.87000
0.71000,0.01000,-0.79000,-1.78000,0.00000,-1.99000,-0.83000,-64.55000,55.87000
0.71000,0.01000,-0.82000,-1.74000,0.00000,-2.06000,-0.87000,-68.55000,49.75000
0.71000,0.01000,-0.86000,-1.87000,0.00000,-2.10000,-0.89000,-68.55000,49.75000
0.71000,0.01000,-0.90000,-2.08000,0.00000,-2.14000,-0.90000,-70.20000,44.07000
0.71000,0.01000,-0.94000,-2.41000,0.00000,-2.17000,-0.90000,-70.20000,44.07000
0.71000,0.01000,-0.99000,-2.66000,0.00000,-2.19000,-0.90000,-64.52000,38.57000
0.70000,0.02000,-1.04000,-2.70000,0.00000,-2.21000,-0.91000,-64.52000,38.57000
0.70000,0.02000,-1.08000,-2.61000,0.00000,-2.21000,-0.91000,-59.16000,33.11000
0.70000,0.02000,-1.13000,-2.45000,0.00000,-2.21000,-0.91000,-59.16000,33.11000
0.70000,0.02000,-1.17000,-2.20000,0.00000,-2.21000,-0.91000,-60.01000,27.64000
0.70000,0.03000,-1.21000,-2.20000,0.00000,-2.21000,-0.91000,-60.01000,27.64000
0.70000,0.03000,-1.25000,-2.12000,0.00000,-2.21000,-0.91000,-62.30000,22.12000
0.70000,0.03000,-1.28000,-2.16000,0.00000,-2.21000,-0.92000,-62.30000,22.12000
0.70000,0.03000,-1.32000,-2.08000,0.00000,-2.20000,-0.93000,-62.79000,16.43000
0.70000,0.04000,-1.36000,-2.16000,0.00000,-2.19000,-0.94000,-62.79000,16.43000
0.70000,0.04000,-1.40000,-2.14000,0.00000,-2.17000,-0.95000,-62.63000,10.49000
0.70000,0.04000,-1.44000,-2.10000,0.00000,-2.16000,-0.97000,-62.63000,10.49000
0.70000,0.04000,-1.48000,-2.20000,0.00000,-2.14000,-0.99000,-63.17000,4.26000
0.69000,0.04000,-1.51000,-1.99000,0.00000,-2.12000,-1.00000,-63.17000,4.26000
0.69000,0.05000,-1.55000,-2.08000,0.00000,-2.11000,-1.02000,-64.50000,-2.09000
0.69000,0.05000,-1.59000,-2.14000,0.00000,-2.45000,-2.21000,-64.50000,-2.09000
0.69000,0.05000,-1.63000,-2.22000,0.00000,-3.05000,-3.09000,-77.15000,-39.25000
0.69000,0.05000,-1.68000,-2.66000,0.00000,-1.02000,-2.11000,-77.15000,-39.25000
0.70000,0.06000,-1.73000,-3.15000,0.00000,-1.00000,-2.12000,-44.12000,-43.33000
0.70000,0.06000,-1.78000,-2.57000,0.00000,-0.98000,-2.15000,-44.12000,-43.33000
0.70000,0.06000,-1.81000,-1.60000,0.00000,-0.96000,-2.17000,-34.75000,-56.74000
0.70000,0.06000,-1.82000,-0.58000,-0.02000,-0.95000,-2.18000,-34.75000,-56.74000
0.70000,0.06000,-1.82000,-0.02000,0.00000,-0.94000,-2.18000,-54.70000,-69.68000
0.70000,0.06000,-1.82000,-0.08000,-0.02000,-0.94000,-2.18000,-54.70000,-69.68000
0.70000,0.06000,-1.82000,-0.02000,0.00000,-0.94000,-2.18000,-64.33000,-82.67000
0.70000,0.06000,-1.82000,0.00000,0.00000,-0.94000,-2.19000,-64.33000,-82.67000
0.70000,0.06000,-1.82000,-0.02000,0.00000,-0.94000,-2.19000,-70.72000,-95.97000
0.70000,0.06000,-1.82000,-0.33000,-0.37000,-0.94000,-2.19000,-70.72000,-95.97000
0.70000,0.07000,-1.81000,-0.66000,-1.08000,-0.94000,-2.19000,-71.38000,-103.48000
0.70000,0.07000,-1.81000,-0.95000,-1.39000,-0.94000,-2.18000,-71.38000,-103.48000
0.70000,0.07000,-1.79000,-1.18000,-1.95000,-0.95000,-2.18000,-65.78000,-99.03000
0.70000,0.08000,-1.77000,-1.16000,-2.18000,-0.95000,-2.17000,-65.78000,-99.03000
0.70000,0.08000,-1.75000,-1.18000,-2.28000,-0.96000,-2.17000,-62.80000,-91.75000
0.70000,0.08000,-1.73000,-1.20000,-2.30000,-0.97000,-2.16000,-62.80000,-91.75000
0.70000,0.09000,-1.71000,-0.98000,-2.18000,-0.97000,-2.15000,-61.18000,-89.55000
0.70000,0.09000,-1.69000,-0.89000,-2.03000,-0.98000,-2.14000,-61.18000,-89.55000
0.70000,0.09000,-1.67000,-0.91000,-2.03000,-0.99000,-2.13000,-64.74000,-92.41000
0.70000,0.10000,-1.66000,-1.16000,-1.95000,-1.00000,-2.12000,-64.74000,-92.41000
0.70000,0.10000,-1.65000,-1.43000,-2.03000,-1.01000,-2.12000,-61.53000,-94.07000
0.70000,0.10000,-1.64000,-1.43000,-2.03000,-1.01000,-2.11000,-61.53000,-94.07000
0.70000,0.11000,-1.62000,-1.29000,-2.16000,-1.01000,-2.11000,-56.64000,-93.67000
0.70000,0.11000,-1.60000,-0.83000,-1.95000,-1.02000,-2.11000,-56.64000,-93.67000
0.70000,0.11000,-1.58000,-0.60000,-1.62000,-1.42000,-2.18000,-69.21000,-96.49000
0.70000,0.12000,-1.57000,-0.87000,-1.51000,-2.99000,-3.03000,-69.21000,-96.49000
0.70000,0.12000,-1.56000,-1.31000,-1.64000,-3.26000,-3.28000,-99.69000,-120.89000
0.70000,0.12000,-1.56000,-1.80000,-1.78000,-3.28000,-3.26000,-99.69000,-120.89000
0.70000,0.13000,-1.57000,-2.66000,-2.32000,-3.29000,-3.26000,-100.45000,-127.13000
0.70000,0.14000,-1.58000,-3.19000,-2.70000,-3.25000,-3.28000,-100.45000,-127.13000
0.70000,0.14000,-1.59000,-3.63000,-3.07000,-3.07000,-3.11000,-85.31000,-120.03000
0.70000,0.15000,-1.60000,-3.69000,-3.24000,-2.51000,-2.60000,-85.31000,-120.03000
0.70000,0.16000,-1.60000,-3.42000,-3.36000,-1.56000,-2.22000,-54.45000,-101.12000
0.70000,0.17000,-1.59000,-2.72000,-3.15000,-1.45000,-2.19000,-54.45000,-101.12000
0.70000,0.17000,-1.58000,-2.24000,-2.64000,-2.26000,-2.47000,-66.71000,-100.02000
0.70000,0.18000,-1.58000,-2.20000,-2.18000,-2.83000,-2.89000,-66.71000,-100.02000
0.70000,0.18000,-1.59000,-2.28000,-1.87000,-2.81000,-2.86000,-79.98000,-116.43000
0.70000,0.19000,-1.60000,-2.39000,-1.64000,-2.12000,-2.42000,-79.98000,-116.43000
0.70000,0.19000,-1.62000,-2.66000,-1.95000,-1.11000,-2.12000,-55.40000,-117.44000
0.70000,0.20000,-1.62000,-2.26000,-2.22000,-1.02000,-2.11000,-55.40000,-117.44000
0.71000,0.20000,-1.60000,-1.41000,-2.41000,-1.02000,-2.11000,-48.25000,-111.42000
0.71000,0.20000,-1.58000,-1.08000,-2.16000,-1.23000,-2.14000,-48.25000,-111.42000
0.71000,0.21000,-1.56000,-0.62000,-1.62000,-2.90000,-2.95000,-86.73000,-124.28000
0.71000,0.21000,-1.55000,-1.20000,-1.80000,-3.29000,-3.27000,-86.73000,-124.28000
0.71000,0.21000,-1.56000,-2.24000,-2.05000,-3.12000,-3.09000,-99.11000,-136.42000
0.71000,0.22000,-1.56000,-2.84000,-2.63000,-3.20000,-3.17000,-99.11000,-136.42000
0.71000,0.23000,-1.56000,-3.42000,-3.13000,-3.26000,-3.24000,-88.14000,-133.88000
0.70000,0.24000,-1.57000,-3.61000,-3.57000,-3.27000,-3.30000,-88.14000,-133.88000
0.70000,0.24000,-1.56000,-3.69000,-3.84000,-3.27000,-3.29000,-79.24000,-124.35000
0.70000,0.25000,-1.55000,-3.61000,-4.09000,-3.29000,-3.26000,-79.24000,-124.35000
0.70000,0.26000,-1.54000,-3.49000,-4.28000,-3.17000,-3.14000,-75.67000,-112.55000
0.70000,0.27000,-1.52000,-3.40000,-4.30000,-2.49000,-2.29000,-75.67000,-112.55000
0.70000,0.28000,-1.51000,-3.30000,-4.07000,-2.11000,-1.09000,-60.30000,-72.97000
0.70000,0.29000,-1.50000,-2.76000,-3.34000,-2.11000,-1.02000,-60.30000,-72.97000
0.70000,0.29000,-1.49000,-1.78000,-2.47000,-2.11000,-1.01000,-62.15000,-66.96000
0.70000,0.29000,-1.48000,-1.20000,-1.72000,-2.11000,-1.01000,-62.15000,-66.96000
0.70000,0.30000,-1.47000,-0.75000,-1.00000,-2.12000,-1.01000,-81.75000,-77.17000
0.70000,0.30000,-1.47000,-0.66000,-0.93000,-2.12000,-1.01000,-81.75000,-77.17000
0.70000,0.30000,-1.47000,-0.71000,-0.56000,-2.12000,-1.00000,-95.39000,-84.64000
0.70000,0.30000,-1.48000,-1.10000,-0.31000,-2.12000,-1.00000,-95.39000,-84.64000
0.70000,0.30000,-1.51000,-1.74000,-0.12000,-2.12000,-1.01000,-97.51000,-94.49000
0.70000,0.30000,-1.55000,-2.10000,-0.06000,-2.11000,-1.02000,-97.51000,-94.49000
0.70000,0.31000,-1.59000,-2.82000,-0.58000,-2.94000,-2.89000,-101.03000,-130.65000
0.70000,0.31000,-1.62000,-3.44000,-1.80000,-2.44000,-2.55000,-101.03000,-130.65000
0.70000,0.32000,-1.64000,-3.80000,-2.97000,-1.02000,-2.11000,-57.10000,-109.70000
0.70000,0.33000,-1.64000,-3.13000,-2.95000,-1.01000,-2.11000,-57.10000,-109.70000
0.70000,0.33000,-1.63000,-2.07000,-2.53000,-1.01000,-2.11000,-47.07000,-94.46000
0.70000,0.34000,-1.62000,-1.33000,-2.03000,-1.01000,-2.11000,-47.07000,-94.46000
0.70000,0.34000,-1.59000,-0.29000,-1.74000,-1.02000,-2.11000,-61.57000,-103.06000
0.70000,0.34000,-1.57000,0.00000,-1.43000,-2.03000,-2.38000,-61.57000,-103.06000
0.70000,0.34000,-1.54000,-0.02000,-1.27000,-3.27000,-3.29000,-113.35000,-130.32000
0.70000,0.35000,-1.53000,-0.89000,-1.66000,-2.69000,-2.61000,-113.35000,-130.32000
0.70000,0.35000,-1.54000,-2.68000,-2.34000,-2.15000,-1.26000,-102.77000,-107.64000
0.70000,0.36000,-1.55000,-3.63000,-2.66000,-2.27000,-1.71000,-102.77000,-107.64000
0.70000,0.37000,-1.57000,-3.90000,-2.84000,-3.11000,-3.07000,-83.65000,-117.49000
0.70000,0.37000,-1.58000,-3.90000,-3.28000,-3.21000,-3.24000,-83.65000,-117.49000
0.70000,0.38000,-1.59000,-3.94000,-3.61000,-2.84000,-2.90000,-72.47000,-107.97000
0.70000,0.39000,-1.60000,-3.84000,-3.40000,-2.36000,-2.52000,-72.47000,-107.97000
0.70000,0.40000,-1.60000,-3.47000,-3.28000,-1.47000,-2.20000,-46.43000,-93.32000
0.70000,0.40000,-1.60000,-2.59000,-2.80000,-1.23000,-2.14000,-46.43000,-93.32000
0.70000,0.41000,-1.59000,-1.52000,-2.03000,-1.44000,-2.19000,-50.41000,-94.99000
0.70000,0.41000,-1.59000,-0.85000,-0.93000,-2.43000,-2.55000,-50.41000,-94.99000
0.70000,0.41000,-1.59000,-0.44000,-0.52000,-2.56000,-2.64000,-86.42000,-126.14000
0.70000,0.41000,-1.59000,-0.91000,-0.68000,-2.67000,-2.74000,-86.42000,-126.14000
0.70000,0.42000,-1.60000,-1.70000,-1.37000,-2.27000,-2.48000,-91.45000,-137.67000
0.70000,0.42000,-1.60000,-2.20000,-1.99000,-1.58000,-2.23000,-91.45000,-137.67000
0.70000,0.43000,-1.60000,-2.72000,-2.78000,-1.29000,-2.15000,-65.54000,-123.95000
0.70000,0.43000,-1.59000,-2.68000,-2.97000,-1.33000,-2.16000,-65.54000,-123.95000
0.70000,0.44000,-1.58000,-2.20000,-2.95000,-1.74000,-2.28000,-59.74000,-112.17000
0.70000,0.45000,-1.56000,-1.83000,-3.07000,-2.93000,-2.97000,-59.74000,-112.17000
0.70000,0.45000,-1.53000,-1.54000,-3.05000,-3.25000,-3.22000,-89.47000,-120.60000
0.70000,0.46000,-1.51000,-2.16000,-3.28000,-2.17000,-1.37000,-89.47000,-120.60000
0.70000,0.46000,-1.50000,-2.90000,-3.57000,-2.11000,-1.02000,-75.91000,-85.41000
0.70000,0.47000,-1.49000,-3.15000,-3.44000,-2.11000,-1.01000,-75.91000,-85.41000
0.70000,0.48000,-1.50000,-3.15000,-2.86000,-2.11000,-1.01000,-60.73000,-69.22000
0.70000,0.48000,-1.51000,-2.70000,-2.20000,-2.11000,-1.01000,-60.73000,-69.22000
0.70000,0.49000,-1.51000,-1.83000,-1.62000,-2.11000,-1.02000,-61.25000,-73.38000
0.70000,0.49000,-1.51000,-1.04000,-1.20000,-2.11000,-1.02000,-61.25000,-73.38000
0.70000,0.49000,-1.49000,-0.23000,-0.87000,-2.11000,-1.02000,-82.61000,-81.21000
0.70000,0.49000,-1.48000,-0.02000,-0.93000,-2.11000,-1.01000,-82.61000,-81.21000
0.70000,0.49000,-1.46000,-0.25000,-1.16000,-2.12000,-1.01000,-104.47000,-84.00000
0.70000,0.50000,-1.47000,-1.31000,-1.06000,-2.13000,-1.00000,-104.47000,-84.00000
0.70000,0.50000,-1.49000,-2.43000,-1.08000,-2.12000,-1.00000,-97.83000,-82.49000
0.70000,0.50000,-1.52000,-2.70000,-1.33000,-2.11000,-1.01000,-97.83000,-82.49000
0.70000,0.51000,-1.55000,-2.86000,-1.08000,-2.11000,-1.02000,-81.60000,-78.39000
0.70000,0.51000,-1.59000,-3.07000,-0.56000,-2.62000,-2.53000,-81.60000,-78.39000
0.70000,0.52000,-1.64000,-3.07000,-0.35000,-2.50000,-2.60000,-78.44000,-111.72000
0.70000,0.52000,-1.68000,-2.80000,-0.89000,-1.01000,-2.11000,-78.44000,-111.72000
0.70000,0.53000,-1.70000,-2.43000,-1.41000,-1.00000,-2.13000,-56.50000,-111.88000
0.70000,0.53000,-1.70000,-1.83000,-1.56000,-0.99000,-2.13000,-56.50000,-111.88000
0.70000,0.53000,-1.68000,-1.04000,-1.91000,-0.99000,-2.14000,-60.16000,-109.50000
0.70000,0.54000,-1.67000,-1.00000,-1.95000,-0.99000,-2.13000,-60.16000,-109.50000
0.70000,0.54000,-1.65000,-0.91000,-1.83000,-1.00000,-2.12000,-67.78000,-106.86000
0.70000,0.54000,-1.63000,-0.81000,-1.68000,-1.01000,-2.12000,-67.78000,-106.86000
0.70000,0.54000,-1.62000,-0.81000,-1.76000,-1.01000,-2.11000,-70.77000,-111.74000
0.70000,0.55000,-1.60000,-0.98000,-1.89000,-1.02000,-2.11000,-70.77000,-111.74000
0.70000,0.55000,-1.59000,-1.33000,-1.93000,-1.19000,-2.13000,-72.10000,-111.53000
0.70000,0.55000,-1.58000,-1.43000,-1.97000,-2.06000,-2.39000,-72.10000,-111.53000
0.70000,0.56000,-1.57000,-1.41000,-2.05000,-2.88000,-2.93000,-91.97000,-123.74000
0.70000,0.56000,-1.57000,-2.10000,-2.18000,-3.23000,-3.25000,-91.97000,-123.74000
0.70000,0.57000,-1.57000,-2.68000,-2.72000,-3.25000,-3.27000,-96.16000,-131.50000
0.70000,0.58000,-1.57000,-3.40000,-3.48000,-3.25000,-3.28000,-96.16000,-131.50000
0.70000,0.59000,-1.57000,-4.13000,-3.92000,-3.26000,-3.29000,-83.74000,-118.72000
0.70000,0.60000,-1.58000,-4.38000,-3.94000,-3.22000,-3.25000,-83.74000,-118.72000
0.70000,0.60000,-1.58000,-4.11000,-3.82000,-3.02000,-3.06000,-64.67000,-107.28000
0.70000,0.61000,-1.58000,-3.49000,-3.38000,-2.75000,-2.81000,-64.67000,-107.28000
0.70000,0.62000,-1.58000,-2.57000,-2.64000,-2.59000,-2.67000,-63.42000,-104.54000
0.70000,0.62000,-1.58000,-1.70000,-1.91000,-2.65000,-2.72000,-63.42000,-104.54000
0.70000,0.63000,-1.57000,-1.22000,-1.81000,-2.87000,-2.92000,-88.98000,-126.08000
0.70000,0.63000,-1.56000,-1.56000,-2.03000,-3.21000,-3.23000,-88.98000,-126.08000
0.70000,0.63000,-1.56000,-2.20000,-2.28000,-3.29000,-3.27000,-104.52000,-135.49000
0.70000,0.64000,-1.57000,-3.03000,-2.66000,-3.28000,-3.26000,-104.52000,-135.49000
0.70000,0.65000,-1.58000,-3.69000,-3.11000,-3.25000,-3.28000,-92.22000,-133.71000
0.70000,0.66000,-1.58000,-4.02000,-3.69000,-3.01000,-3.05000,-92.22000,-133.71000
0.70000,0.67000,-1.58000,-3.98000,-4.07000,-2.67000,-2.74000,-69.92000,-113.86000
0.70000,0.68000,-1.57000,-3.57000,-4.25000,-2.73000,-2.80000,-69.92000,-113.86000
0.70000,0.68000,-1.55000,-2.95000,-4.11000,-3.19000,-3.22000,-76.45000,-106.92000
0.70000,0.69000,-1.53000,-2.55000,-3.71000,-3.09000,-3.06000,-76.45000,-106.92000
0.70000,0.70000,-1.50000,-2.10000,-3.57000,-2.16000,-1.33000,-74.00000,-80.44000
0.70000,0.70000,-1.48000,-1.78000,-3.09000,-2.11000,-1.02000,-74.00000,-80.44000
0.70000,0.71000,-1.46000,-1.35000,-2.18000,-2.12000,-1.01000,-82.52000,-70.66000
0.70000,0.71000,-1.47000,-1.18000,-0.85000,-2.12000,-1.00000,-82.52000,-70.66000
0.70000,0.71000,-1.49000,-1.35000,0.00000,-2.12000,-1.00000,-93.60000,-91.70000
0.70000,0.71000,-1.52000,-1.58000,-0.06000,-2.11000,-1.01000,-93.60000,-91.70000
0.70000,0.71000,-1.55000,-2.28000,-0.29000,-2.11000,-1.04000,-93.07000,-104.93000
0.70000,0.72000,-1.59000,-2.84000,-0.71000,-3.15000,-3.12000,-93.07000,-104.93000
0.70000,0.72000,-1.63000,-3.11000,-0.98000,-1.96000,-2.35000,-75.09000,-120.89000
0.70000,0.73000,-1.66000,-2.99000,-1.43000,-1.01000,-2.11000,-75.09000,-120.89000
0.70000,0.73000,-1.67000,-2.53000,-1.97000,-1.00000,-2.12000,-53.28000,-116.42000
0.70000,0.74000,-1.66000,-1.78000,-2.37000,-1.00000,-2.13000,-53.28000,-116.42000
0.70000,0.74000,-1.63000,-1.20000,-2.55000,-1.00000,-2.12000,-59.41000,-106.57000
0.70000,0.75000,-1.61000,-0.83000,-2.37000,-1.01000,-2.11000,-59.41000,-106.57000
0.70000,0.75000,-1.57000,-0.46000,-2.37000,-1.03000,-2.11000,-69.38000,-104.84000
0.70000,0.75000,-1.54000,-0.29000,-2.14000,-2.94000,-2.99000,-69.38000,-104.84000
0.70000,0.75000,-1.51000,-0.50000,-1.93000,-2.92000,-2.87000,-107.10000,-118.22000
0.70000,0.76000,-1.51000,-1.64000,-1.99000,-2.11000,-1.06000,-107.10000,-118.22000
0.70000,0.76000,-1.52000,-2.86000,-2.28000,-2.11000,-1.02000,-90.40000,-97.10000
0.70000,0.77000,-1.53000,-3.05000,-2.39000,-2.11000,-1.08000,-90.40000,-97.10000
0.70000,0.78000,-1.55000,-3.28000,-2.34000,-2.25000,-1.65000,-74.20000,-94.76000
0.70000,0.78000,-1.57000,-3.28000,-2.20000,-3.05000,-3.01000,-74.20000,-94.76000
0.70000,0.79000,-1.58000,-3.07000,-2.22000,-3.24000,-3.26000,-80.79000,-117.36000
0.70000,0.79000,-1.59000,-2.84000,-2.26000,-2.69000,-2.76000,-80.79000,-117.36000
0.70000,0.80000,-1.59000,-2.72000,-2.68000,-1.54000,-2.22000,-61.70000,-107.13000
0.70000,0.81000,-1.58000,-2.24000,-2.84000,-1.41000,-2.18000,-61.70000,-107.13000
0.70000,0.81000,-1.56000,-1.74000,-2.70000,-2.47000,-2.57000,-76.76000,-103.40000
0.70000,0.81000,-1.57000,-1.74000,-1.68000,-3.21000,-3.24000,-76.76000,-103.40000
0.70000,0.82000,-1.57000,-1.72000,-1.22000,-3.19000,-3.22000,-96.47000,-128.97000
0.70000,0.82000,-1.59000,-2.24000,-1.66000,-2.89000,-2.94000,-96.47000,-128.97000
0.70000,0.83000,-1.60000,-2.84000,-2.12000,-1.91000,-2.34000,-78.49000,-125.25000
0.70000,0.83000,-1.60000,-2.86000,-2.53000,-1.07000,-2.11000,-78.49000,-125.25000
0.70000,0.84000,-1.60000,-2.66000,-2.84000,-1.03000,-2.11000,-53.91000,-112.78000
0.70000,0.85000,-1.59000,-2.12000,-2.88000,-1.03000,-2.11000,-53.91000,-112.78000
0.70000,0.85000,-1.57000,-1.49000,-2.70000,-1.25000,-2.14000,-57.37000,-105.50000
0.70000,0.85000,-1.54000,-1.20000,-2.37000,-2.97000,-3.01000,-57.37000,-105.50000
0.70000,0.86000,-1.53000,-1.31000,-2.32000,-3.26000,-3.23000,-96.03000,-125.15000
0.70000,0.86000,-1.51000,-2.18000,-2.82000,-2.53000,-2.38000,-96.03000,-125.15000
0.70000,0.87000,-1.51000,-3.26000,-3.32000,-2.14000,-1.21000,-76.92000,-93.24000
0.70000,0.88000,-1.52000,-3.42000,-3.22000,-2.12000,-1.11000,-76.92000,-93.24000
0.70000,0.89000,-1.52000,-3.26000,-2.90000,-2.12000,-1.15000,-57.79000,-76.66000
0.70000,0.89000,-1.53000,-2.53000,-2.32000,-2.16000,-1.32000,-57.79000,-76.66000
0.70000,0.89000,-1.52000,-1.52000,-1.91000,-2.20000,-1.46000,-64.46000,-82.39000
0.70000,0.90000,-1.50000,-0.79000,-1.72000,-2.11000,-1.09000,-64.46000,-82.39000
0.70000,0.90000,-1.48000,-0.46000,-1.70000,-2.11000,-1.02000,-87.25000,-79.56000
0.70000,0.90000,-1.47000,-0.68000,-1.20000,-2.12000,-1.01000,-87.25000,-79.56000
0.70000,0.90000,-1.48000,-1.35000,-1.06000,-2.12000,-1.01000,-96.93000,-82.93000
0.70000,0.91000,-1.49000,-1.70000,-1.20000,-2.12000,-1.01000,-96.93000,-82.93000
0.70000,0.91000,-1.51000,-2.16000,-0.91000,-2.12000,-1.01000,-90.25000,-81.79000
0.70000,0.91000,-1.54000,-2.28000,-0.48000,-2.11000,-1.01000,-90.25000,-81.79000
0.70000,0.92000,-1.58000,-2.70000,-0.31000,-2.14000,-1.24000,-84.39000,-94.96000
0.70000,0.92000,-1.63000,-2.88000,-0.33000,-3.23000,-3.25000,-84.39000,-94.96000
0.70000,0.93000,-1.67000,-2.95000,-0.68000,-1.02000,-2.11000,-57.74000,-114.71000
0.70000,0.93000,-1.69000,-2.22000,-1.29000,-1.00000,-2.12000,-57.74000,-114.71000
0.70000,0.93000,-1.68000,-1.16000,-1.70000,-0.99000,-2.13000,-56.08000,-111.39000
0.70000,0.94000,-1.66000,-0.75000,-1.91000,-1.00000,-2.13000,-56.08000,-111.39000
0.70000,0.94000,-1.62000,-0.08000,-1.87000,-1.00000,-2.12000,-70.97000,-107.01000
0.70000,0.94000,-1.59000,-0.06000,-1.70000,-1.01000,-2.11000,-70.97000,-107.01000
0.70000,0.94000,-1.57000,-0.06000,-1.66000,-1.07000,-2.11000,-83.82000,-111.22000
0.70000,0.94000,-1.54000,-0.04000,-1.47000,-3.00000,-3.04000,-83.82000,-111.22000
0.70000,0.95000,-1.51000,-0.10000,-1.91000,-3.15000,-3.12000,-121.40000,-132.25000
0.70000,0.95000,-1.49000,-1.56000,-2.34000,-2.11000,-1.05000,-121.40000,-132.25000
0.70000,0.96000,-1.50000,-3.28000,-2.82000,-2.11000,-1.02000,-101.68000,-97.51000
0.70000,0.96000,-1.52000,-3.78000,-2.61000,-2.11000,-1.02000,-101.68000,-97.51000
0.70000,0.97000,-1.55000,-3.92000,-2.26000,-2.11000,-1.02000,-71.65000,-85.53000
0.70000,0.98000,-1.58000,-3.47000,-2.12000,-2.12000,-1.14000,-71.65000,-85.53000
0.70000,0.98000,-1.60000,-2.99000,-1.76000,0.41000,1.45000,-28.54000,-46.34000
0.70000,0.99000,-1.63000,-2.03000,-0.58000,0.65000,1.74000,-28.54000,-46.34000
0.70000,0.99000,-1.64000,-0.71000,0.00000,0.77000,1.91000,-21.36000,-41.16000
0.70000,0.99000,-1.64000,-0.04000,0.00000,0.81000,1.96000,-21.36000,-41.16000
0.70000,0.99000,-1.64000,0.00000,0.00000,0.81000,1.96000,-33.87000,-34.15000
0.70000,0.99000,-1.64000,0.00000,0.00000,0.81000,1.96000,-33.87000,-34.15000
0.70000,0.99000,-1.64000,0.00000,0.00000,0.81000,1.96000,-29.41000,-22.40000
0.70000,0.99000,-1.64000,0.00000,0.00000,0.81000,1.96000,-29.41000,-22.40000
0.70000,0.99000,-1.64000,0.00000,0.00000,0.81000,1.96000,-24.56000,-10.64000
0.70000,0.99000,-1.64000,0.00000,0.00000,0.81000,1.96000,-24.56000,-10.64000
0.70000,0.99000,-1.64000,0.00000,0.00000,0.81000,1.96000,-19.72000,1.12000
0.70000,0.99000,-1.64000,0.00000,0.00000,0.81000,1.96000,-19.72000,1.12000
0.70000,0.99000,-1.64000,0.00000,0.00000,0.81000,1.96000,-14.88000,12.88000
0.70000,0.99000,-1.64000,0.00000,0.00000,0.81000,1.96000,-14.88000,12.88000
0.70000,0.99000,-1.64000,0.00000,0.00000,0.81000,1.96000,-10.04000,24.63000
0.70000,0.99000,-1.64000,0.00000,0.00000,0.81000,1.96000,-10.04000,24.63000
0.70000,0.99000,-1.64000,0.00000,0.00000,0.81000,1.96000,-5.20000,36.39000
0.70000,0.99000,-1.64000,0.00000,0.00000,0.81000,1.96000,-5.20000,36.39000
0.70000,0.99000,-1.64000,0.00000,0.00000,0.81000,1.96000,-0.36000,48.15000
0.70000,0.99000,-1.64000,0.00000,0.02000,0.81000,1.96000,-0.36000,48.15000
0.70000,0.99000,-1.64000,0.00000,0.00000,0.81000,1.96000,4.49000,59.60000
0.70000,0.99000,-1.64000,0.00000,0.00000,0.81000,1.96000,4.49000,59.60000
0.70000,0.99000,-1.64000,0.00000,0.00000,0.81000,1.96000,9.34000,71.55000
0.70000,0.99000,-1.64000,0.00000,0.02000,0.81000,1.96000,9.34000,71.55000
0.70000,0.99000,-1.64000,0.00000,0.00000,0.81000,1.96000,14.19000,83.01000
0.70000,0.99000,-1.64000,0.00000,0.00000,0.81000,1.96000,14.19000,83.01000
0.70000,0.99000,-1.64000,0.00000,0.00000,0.81000,1.96000,19.04000,94.97000
0.70000,0.99000,-1.65000,0.00000,0.62000,0.81000,1.96000,19.04000,94.97000
0.70000,0.98000,-1.67000,0.00000,0.91000,0.82000,1.98000,24.09000,97.70000
0.70000,0.98000,-1.68000,0.00000,0.89000,0.84000,2.01000,24.09000,97.70000
0.70000,0.98000,-1.70000,0.00000,1.06000,0.85000,2.04000,29.50000,102.61000
0.70000,0.98000,-1.73000,0.00000,1.52000,0.87000,2.06000,29.50000,102.61000
0.70000,0.98000,-1.76000,0.00000,1.72000,0.88000,2.09000,35.04000,100.98000
0.70000,0.98000,-1.79000,0.00000,1.87000,0.89000,2.12000,35.04000,100.98000
0.70000,0.97000,-1.83000,0.00000,1.97000,0.90000,2.15000,40.60000,99.98000
0.70000,0.97000,-1.87000,0.02000,2.14000,0.90000,2.17000,40.60000,99.98000
0.70000,0.97000,-1.91000,0.00000,2.22000,0.91000,2.18000,45.77000,98.17000
0.70000,0.97000,-1.95000,0.00000,2.51000,0.90000,2.20000,45.77000,98.17000
0.69000,0.96000,-2.00000,0.02000,2.53000,0.91000,2.20000,51.40000,93.15000
0.69000,0.96000,-2.04000,0.00000,2.47000,0.91000,2.21000,51.40000,93.15000
0.69000,0.96000,-2.09000,0.00000,2.43000,0.91000,2.21000,56.87000,92.03000
0.69000,0.96000,-2.13000,0.00000,2.30000,0.91000,2.21000,56.87000,92.03000
0.69000,0.96000,-2.17000,0.02000,2.30000,0.91000,2.21000,62.36000,92.98000
0.69000,0.95000,-2.21000,0.35000,2.26000,0.91000,2.21000,62.36000,92.98000
0.69000,0.95000,-2.23000,0.66000,2.22000,0.92000,2.21000,62.62000,93.01000
0.68000,0.95000,-2.26000,0.87000,2.34000,0.92000,2.21000,62.62000,93.01000
0.68000,0.94000,-2.28000,1.22000,2.47000,0.92000,2.20000,58.29000,91.35000
0.68000,0.94000,-2.31000,1.27000,2.51000,0.92000,2.20000,58.29000,91.35000
0.68000,0.94000,-2.34000,0.98000,2.64000,0.93000,2.20000,52.75000,87.94000
0.67000,0.94000,-2.37000,0.85000,2.70000,0.93000,2.19000,52.75000,87.94000
0.67000,0.93000,-2.40000,0.71000,2.45000,0.94000,2.18000,57.18000,83.05000
0.67000,0.93000,-2.43000,0.75000,2.28000,0.95000,2.17000,57.18000,83.05000
0.67000,0.93000,-2.45000,0.62000,2.01000,0.96000,2.16000,59.62000,85.84000
0.66000,0.93000,-2.48000,0.46000,1.85000,0.98000,2.15000,59.62000,85.84000
0.66000,0.93000,-2.50000,0.39000,1.76000,0.99000,2.13000,65.72000,91.19000
0.66000,0.92000,-2.53000,0.46000,1.93000,1.01000,2.11000,65.72000,91.19000
0.66000,0.92000,-2.55000,0.68000,1.91000,1.04000,2.09000,69.64000,90.99000
0.65000,0.92000,-2.57000,1.08000,2.05000,1.06000,2.06000,69.64000,90.99000
0.65000,0.92000,-2.59000,1.02000,1.99000,1.08000,2.05000,64.38000,89.46000
0.65000,0.92000,-2.61000,0.81000,1.89000,1.10000,2.03000,64.38000,89.46000
0.65000,0.92000,-2.63000,0.83000,1.83000,1.12000,2.00000,69.11000,91.24000
0.64000,0.91000,-2.64000,1.16000,2.07000,1.15000,1.97000,69.11000,91.24000
0.64000,0.91000,-2.66000,1.16000,2.24000,1.17000,1.95000,66.43000,88.37000
0.64000,0.91000,-2.68000,1.22000,2.18000,1.21000,1.92000,66.43000,88.37000
0.63000,0.91000,-2.69000,1.27000,2.08000,1.24000,1.89000,66.52000,85.17000
0.63000,0.91000,-2.72000,0.91000,2.14000,1.26000,1.87000,66.52000,85.17000
0.63000,0.91000,-2.74000,0.83000,2.24000,1.31000,1.81000,72.40000,82.84000
0.62000,0.90000,-2.76000,1.14000,1.97000,1.41000,1.75000,72.40000,82.84000
0.62000,0.90000,-2.76000,1.43000,1.85000,1.69000,1.95000,77.03000,85.47000
0.62000,0.90000,-2.77000,1.54000,1.89000,2.00000,2.22000,77.03000,85.47000
0.61000,0.90000,-2.77000,1.85000,2.10000,2.31000,2.45000,83.79000,94.16000
0.61000,0.90000,-2.77000,2.18000,2.22000,2.43000,2.51000,83.79000,94.16000
0.60000,0.90000,-2.77000,2.62000,2.45000,2.05000,2.26000,74.80000,89.70000
0.60000,0.89000,-2.77000,2.59000,2.59000,2.21000,0.92000,74.80000,89.70000
0.59000,0.89000,-2.77000,2.51000,2.43000,2.21000,0.91000,70.24000,64.14000
0.59000,0.89000,-2.77000,2.24000,1.97000,2.21000,0.91000,70.24000,64.14000
0.58000,0.89000,-2.76000,1.70000,1.20000,2.21000,0.91000,73.24000,63.37000
0.58000,0.89000,-2.75000,1.49000,0.91000,2.21000,0.91000,73.24000,63.37000
0.58000,0.89000,-2.73000,1.25000,0.35000,2.21000,0.91000,84.25000,72.89000
0.58000,0.89000,-2.70000,1.49000,0.02000,2.21000,0.91000,84.25000,72.89000
0.58000,0.89000,-2.67000,2.08000,0.15000,2.21000,0.92000,88.52000,86.33000
0.57000,0.88000,-2.63000,2.70000,0.48000,2.20000,0.92000,88.52000,86.33000
0.57000,0.88000,-2.58000,3.44000,0.98000,2.19000,0.93000,74.55000,85.06000
0.56000,0.88000,-2.54000,3.65000,1.35000,2.18000,0.94000,74.55000,85.06000
0.56000,0.88000,-2.51000,3.28000,1.54000,2.16000,0.96000,56.75000,75.18000
0.56000,0.87000,-2.49000,2.84000,1.54000,2.15000,0.98000,56.75000,75.18000
0.55000,0.87000,-2.47000,2.43000,1.45000,2.14000,0.99000,59.53000,70.48000
0.55000,0.87000,-2.46000,2.26000,1.49000,2.13000,1.00000,59.53000,70.48000
0.55000,0.86000,-2.44000,2.05000,1.33000,2.12000,1.00000,63.76000,68.05000
0.54000,0.86000,-2.42000,2.16000,1.10000,2.11000,1.01000,63.76000,68.05000
0.54000,0.86000,-2.41000,1.95000,1.10000,2.10000,1.03000,64.17000,71.36000
0.54000,0.86000,-2.38000,2.18000,0.87000,2.09000,1.04000,64.17000,71.36000
0.54000,0.86000,-2.36000,2.28000,0.83000,2.06000,1.06000,62.91000,74.88000
0.53000,0.85000,-2.34000,2.18000,0.95000,2.03000,1.10000,62.91000,74.88000
0.53000,0.85000,-2.32000,2.22000,1.29000,1.99000,1.13000,61.20000,75.82000
0.53000,0.85000,-2.30000,2.03000,1.29000,1.97000,1.16000,61.20000,75.82000
0.53000,0.84000,-2.29000,2.14000,1.24000,1.95000,1.18000,61.58000,72.57000
0.52000,0.84000,-2.28000,2.07000,1.37000,1.92000,1.21000,61.58000,72.57000
0.52000,0.84000,-2.26000,1.99000,1.22000,1.90000,1.23000,59.72000,71.44000
0.52000,0.84000,-2.25000,1.83000,1.08000,1.87000,1.26000,59.72000,71.44000
0.52000,0.83000,-2.24000,1.74000,1.22000,1.84000,1.28000,61.49000,75.79000
0.51000,0.83000,-2.23000,1.85000,1.16000,1.82000,1.30000,61.49000,75.79000
0.51000,0.83000,-2.22000,1.76000,1.31000,1.79000,1.33000,60.52000,76.52000
0.51000,0.83000,-2.21000,1.64000,1.31000,1.77000,1.35000,60.52000,76.52000
0.51000,0.82000,-2.21000,1.54000,1.37000,1.76000,1.36000,62.91000,75.83000
0.51000,0.82000,-2.21000,1.47000,1.47000,1.76000,1.36000,62.91000,75.83000
0.50000,0.82000,-2.21000,1.54000,1.58000,1.78000,1.35000,66.31000,73.47000
0.50000,0.81000,-2.21000,1.52000,1.37000,1.79000,1.33000,66.31000,73.47000
0.50000,0.81000,-2.20000,1.56000,1.27000,1.80000,1.33000,67.83000,73.93000
0.50000,0.81000,-2.20000,1.66000,1.31000,1.80000,1.33000,67.83000,73.93000
0.50000,0.81000,-2.18000,1.83000,1.18000,1.79000,1.33000,67.25000,74.70000
0.49000,0.80000,-2.18000,1.83000,1.31000,1.77000,1.35000,67.25000,74.70000
0.49000,0.80000,-2.17000,1.64000,1.41000,1.76000,1.37000,65.11000,75.39000
0.49000,0.80000,-2.17000,1.52000,1.20000,1.77000,1.36000,65.11000,75.39000
0.49000,0.80000,-2.16000,1.45000,1.22000,1.25000,1.87000,61.77000,84.88000
0.49000,0.79000,-2.16000,1.62000,1.37000,1.24000,1.89000,61.77000,84.88000
0.49000,0.79000,-2.15000,1.60000,1.47000,1.22000,1.91000,58.12000,86.93000
0.48000,0.79000,-2.16000,1.43000,1.78000,1.21000,1.92000,58.12000,86.93000
0.48000,0.78000,-2.17000,1.45000,1.93000,1.22000,1.91000,58.51000,83.94000
0.48000,0.78000,-2.18000,1.14000,1.99000,1.24000,1.89000,58.51000,83.94000
0.48000,0.78000,-2.20000,1.14000,1.95000,1.28000,1.85000,62.45000,80.68000
0.48000,0.78000,-2.21000,1.22000,1.87000,1.32000,1.81000,62.45000,80.68000
0.47000,0.77000,-2.22000,1.14000,1.85000,1.35000,1.77000,63.19000,80.54000
0.47000,0.77000,-2.24000,0.91000,1.87000,1.43000,1.76000,63.19000,80.54000
0.47000,0.77000,-2.25000,1.12000,1.72000,2.20000,2.40000,81.36000,89.37000
0.47000,0.77000,-2.26000,1.54000,1.91000,2.97000,2.99000,81.36000,89.37000
0.46000,0.76000,-2.26000,1.97000,2.01000,3.17000,3.18000,94.35000,103.68000
0.46000,0.76000,-2.26000,2.55000,2.45000,3.18000,3.19000,94.35000,103.68000
0.46000,0.75000,-2.25000,3.22000,2.84000,3.13000,3.14000,88.25000,102.57000
0.45000,0.75000,-2.24000,3.82000,3.28000,2.83000,2.85000,88.25000,102.57000
0.45000,0.74000,-2.23000,4.17000,3.51000,1.87000,2.11000,53.90000,78.84000
0.44000,0.73000,-2.22000,3.72000,3.20000,1.40000,1.75000,53.90000,78.84000
0.44000,0.73000,-2.22000,2.93000,2.70000,1.34000,1.79000,35.74000,68.20000
0.43000,0.72000,-2.22000,1.91000,2.16000,1.31000,1.82000,35.74000,68.20000
0.43000,0.72000,-2.23000,0.87000,1.47000,1.31000,1.81000,48.13000,75.71000
0.43000,0.72000,-2.25000,0.50000,1.41000,1.34000,1.78000,48.13000,75.71000
0.43000,0.72000,-2.26000,0.66000,1.49000,1.42000,1.76000,67.38000,84.01000
0.43000,0.72000,-2.27000,1.16000,1.54000,1.94000,2.16000,67.38000,84.01000
0.43000,0.71000,-2.27000,1.66000,1.70000,2.47000,2.53000,78.67000,95.81000
0.42000,0.71000,-2.27000,2.28000,2.05000,2.39000,2.49000,78.67000,95.81000
0.42000,0.71000,-2.26000,2.82000,2.41000,1.83000,2.07000,60.17000,87.16000
0.41000,0.70000,-2.25000,2.78000,2.49000,1.44000,1.76000,60.17000,87.16000
0.41000,0.70000,-2.25000,2.49000,2.47000,1.36000,1.77000,42.92000,76.13000
0.41000,0.69000,-2.26000,1.85000,2.30000,1.33000,1.79000,42.92000,76.13000
0.41000,0.69000,-2.27000,1.22000,1.97000,1.33000,1.79000,48.01000,74.93000
0.40000,0.69000,-2.29000,0.85000,1.62000,1.36000,1.77000,48.01000,74.93000
0.40000,0.69000,-2.30000,0.58000,1.33000,1.42000,1.76000,61.11000,81.62000
0.40000,0.68000,-2.31000,0.81000,1.37000,1.81000,1.31000,61.11000,81.62000
0.40000,0.68000,-2.31000,1.37000,1.37000,1.85000,1.28000,71.58000,78.99000
0.40000,0.68000,-2.31000,1.72000,1.49000,1.85000,1.27000,71.58000,78.99000
0.39000,0.68000,-2.30000,2.10000,1.54000,1.84000,1.28000,64.06000,76.60000
0.39000,0.67000,-2.29000,2.12000,1.49000,1.82000,1.31000,64.06000,76.60000
0.39000,0.67000,-2.27000,2.14000,1.49000,1.79000,1.34000,58.00000,76.21000
0.39000,0.67000,-2.27000,1.95000,1.47000,1.76000,1.38000,58.00000,76.21000
0.38000,0.66000,-2.26000,1.89000,1.62000,1.77000,1.45000,58.29000,77.29000
0.38000,0.66000,-2.26000,1.51000,1.60000,1.83000,1.54000,58.29000,77.29000
0.38000,0.66000,-2.27000,1.31000,1.43000,1.78000,1.48000,63.95000,75.65000
0.38000,0.66000,-2.27000,1.16000,1.47000,1.76000,1.43000,63.95000,75.65000
0.38000,0.65000,-2.28000,1.16000,1.49000,1.76000,1.38000,70.47000,75.29000
0.37000,0.65000,-2.28000,1.43000,1.41000,1.78000,1.35000,70.47000,75.29000
0.37000,0.65000,-2.27000,1.64000,1.27000,1.78000,1.34000,70.37000,75.13000
0.37000,0.65000,-2.26000,1.66000,1.18000,1.77000,1.36000,70.37000,75.13000
0.37000,0.64000,-2.25000,1.78000,1.20000,1.75000,1.40000,68.61000,79.05000
0.37000,0.64000,-2.24000,1.62000,1.22000,1.86000,1.57000,68.61000,79.05000
0.36000,0.64000,-2.23000,1.66000,1.14000,2.15000,1.92000,75.74000,87.51000
0.36000,0.64000,-2.23000,1.70000,1.41000,2.73000,2.70000,75.74000,87.51000
0.36000,0.63000,-2.23000,1.95000,1.78000,2.97000,2.95000,89.96000,104.36000
0.36000,0.63000,-2.22000,2.64000,2.16000,3.06000,3.05000,89.96000,104.36000
0.35000,0.62000,-2.21000,2.84000,2.59000,3.24000,3.24000,87.64000,106.67000
0.35000,0.62000,-2.21000,3.36000,3.05000,3.28000,3.28000,87.64000,106.67000
0.34000,0.61000,-2.20000,3.38000,3.24000,3.26000,3.26000,80.70000,100.18000
0.34000,0.61000,-2.21000,3.40000,3.49000,3.22000,3.23000,80.70000,100.18000
0.33000,0.60000,-2.21000,3.26000,3.65000,3.23000,3.24000,79.05000,94.53000
0.33000,0.59000,-2.21000,3.36000,3.32000,3.28000,3.28000,79.05000,94.53000
0.33000,0.59000,-2.21000,3.32000,3.15000,3.28000,3.28000,79.38000,96.19000
0.32000,0.58000,-2.21000,3.44000,3.24000,3.26000,3.27000,79.38000,96.19000
0.32000,0.58000,-2.20000,3.59000,3.36000,3.20000,3.20000,76.41000,96.04000
0.31000,0.57000,-2.20000,3.51000,3.24000,3.01000,3.02000,76.41000,96.04000
0.31000,0.56000,-2.19000,3.28000,3.11000,2.48000,2.36000,63.19000,83.23000
0.30000,0.56000,-2.19000,3.13000,3.05000,2.59000,2.55000,63.19000,83.23000
0.30000,0.55000,-2.19000,2.86000,2.68000,2.62000,2.58000,64.71000,84.00000
0.30000,0.55000,-2.19000,2.49000,2.47000,2.77000,2.74000,64.71000,84.00000
0.29000,0.55000,-2.19000,2.26000,2.34000,2.74000,2.71000,73.12000,91.89000
0.29000,0.54000,-2.19000,2.39000,2.57000,2.58000,2.54000,73.12000,91.89000
0.29000,0.54000,-2.19000,2.43000,2.53000,2.29000,2.08000,69.40000,82.27000
0.28000,0.53000,-2.19000,2.49000,2.41000,2.06000,1.82000,69.40000,82.27000
0.28000,0.53000,-2.19000,2.47000,2.20000,2.06000,1.82000,63.82000,77.88000
0.28000,0.52000,-2.18000,2.26000,1.97000,2.28000,2.07000,63.82000,77.88000
0.28000,0.52000,-2.18000,2.10000,1.74000,2.54000,2.48000,71.81000,90.84000
0.27000,0.52000,-2.18000,2.05000,2.05000,2.87000,2.85000,71.81000,90.84000
0.27000,0.51000,-2.17000,2.24000,2.08000,2.82000,2.80000,80.82000,97.37000
0.27000,0.51000,-2.17000,2.45000,2.41000,2.92000,2.90000,80.82000,97.37000
0.26000,0.50000,-2.18000,2.53000,2.70000,2.89000,2.87000,80.61000,97.70000
0.26000,0.50000,-2.18000,2.49000,2.80000,2.62000,2.59000,80.61000,97.70000
0.26000,0.49000,-2.19000,2.37000,2.95000,2.10000,1.87000,70.83000,79.52000
0.25000,0.49000,-2.20000,2.20000,2.86000,1.76000,1.41000,70.83000,79.52000
0.25000,0.48000,-2.21000,2.01000,2.39000,1.79000,1.33000,68.21000,64.90000
0.25000,0.48000,-2.22000,1.64000,1.93000,1.84000,1.29000,68.21000,64.90000
0.25000,0.48000,-2.21000,1.54000,1.29000,1.88000,1.25000,75.42000,68.51000
0.24000,0.48000,-2.20000,1.56000,0.91000,1.88000,1.24000,75.42000,68.51000
0.24000,0.47000,-2.18000,1.52000,0.58000,1.87000,1.26000,77.93000,79.81000
0.24000,0.47000,-2.16000,1.70000,0.64000,1.83000,1.29000,77.93000,79.81000
0.24000,0.47000,-2.15000,1.83000,0.95000,1.78000,1.34000,76.37000,87.17000
0.24000,0.47000,-2.14000,2.03000,1.41000,1.76000,1.38000,76.37000,87.17000
0.24000,0.46000,-2.13000,2.05000,1.62000,2.37000,2.17000,80.68000,92.24000
0.23000,0.46000,-2.12000,2.30000,1.93000,2.82000,2.80000,80.68000,92.24000
0.23000,0.45000,-2.12000,2.30000,2.24000,3.09000,3.08000,89.40000,102.62000
0.23000,0.45000,-2.13000,2.32000,2.61000,3.11000,3.10000,89.40000,102.62000
0.22000,0.45000,-2.13000,2.43000,2.84000,2.88000,2.86000,90.68000,95.96000
0.22000,0.44000,-2.14000,2.47000,2.90000,2.36000,2.16000,90.68000,95.96000
0.22000,0.43000,-2.14000,2.93000,2.95000,1.85000,1.57000,76.40000,73.71000
0.21000,0.43000,-2.13000,3.19000,2.57000,1.80000,1.50000,76.40000,73.71000
0.21000,0.42000,-2.11000,3.36000,1.97000,2.18000,1.95000,66.72000,76.44000
0.21000,0.42000,-2.08000,3.15000,1.85000,3.25000,3.25000,66.72000,76.44000
0.21000,0.41000,-2.06000,2.99000,1.62000,2.84000,2.86000,71.17000,97.26000
0.20000,0.41000,-2.04000,2.97000,2.03000,1.41000,1.75000,71.17000,97.26000
0.20000,0.40000,-2.03000,3.07000,2.45000,1.32000,1.81000,49.24000,84.71000
0.20000,0.40000,-2.03000,2.47000,2.57000,1.27000,1.86000,49.24000,84.71000
0.20000,0.39000,-2.04000,1.83000,2.45000,1.25000,1.87000,45.85000,76.24000
0.19000,0.39000,-2.06000,1.43000,2.37000,1.27000,1.85000,45.85000,76.24000
0.19000,0.39000,-2.08000,1.14000,2.01000,1.31000,1.81000,54.95000,74.27000
0.19000,0.39000,-2.09000,0.95000,1.72000,1.35000,1.77000,54.95000,74.27000
0.19000,0.38000,-2.10000,1.08000,1.49000,1.42000,1.76000,63.04000,79.76000
0.19000,0.38000,-2.09000,1.49000,1.29000,1.51000,1.81000,63.04000,79.76000
0.19000,0.38000,-2.09000,1.66000,1.58000,1.42000,1.76000,57.67000,86.49000
0.18000,0.37000,-2.09000,1.78000,1.62000,1.38000,1.76000,57.67000,86.49000
0.18000,0.37000,-2.09000,1.56000,1.81000,1.35000,1.77000,51.88000,84.60000
0.18000,0.37000,-2.10000,1.47000,1.91000,1.35000,1.78000,51.88000,84.60000
0.18000,0.36000,-2.11000,1.39000,2.05000,1.36000,1.77000,54.12000,81.06000
0.18000,0.36000,-2.13000,1.31000,2.01000,1.40000,1.75000,54.12000,81.06000
0.17000,0.36000,-2.13000,1.45000,1.85000,1.51000,1.81000,58.14000,79.24000
0.17000,0.35000,-2.14000,1.49000,1.72000,1.59000,1.87000,58.14000,79.24000
0.17000,0.35000,-2.14000,1.56000,1.60000,1.77000,1.36000,60.44000,75.65000
0.17000,0.35000,-2.13000,1.64000,1.47000,1.78000,1.35000,60.44000,75.65000
0.17000,0.35000,-2.13000,1.68000,1.39000,1.77000,1.36000,59.92000,77.18000
0.16000,0.34000,-2.13000,1.81000,1.62000,1.76000,1.38000,59.92000,77.18000
0.16000,0.34000,-2.12000,1.62000,1.51000,1.75000,1.39000,57.99000,74.75000
0.16000,0.34000,-2.12000,1.70000,1.43000,1.75000,1.39000,57.99000,74.75000
0.16000,0.33000,-2.12000,1.47000,1.51000,1.76000,1.42000,59.28000,76.67000
0.16000,0.33000,-2.12000,1.31000,1.31000,1.75000,1.40000,59.28000,76.67000
0.16000,0.33000,-2.12000,1.33000,1.33000,1.75000,1.40000,65.48000,78.09000
0.15000,0.33000,-2.12000,1.31000,1.39000,1.75000,1.39000,65.48000,78.09000
0.15000,0.32000,-2.12000,1.56000,1.43000,1.76000,1.37000,68.24000,77.04000
0.15000,0.32000,-2.12000,1.68000,1.64000,1.76000,1.38000,68.24000,77.04000
0.15000,0.32000,-2.11000,1.76000,1.43000,1.76000,1.37000,65.36000,73.21000
0.15000,0.31000,-2.11000,1.70000,1.47000,1.75000,1.40000,65.36000,73.21000
0.15000,0.31000,-2.11000,1.49000,1.52000,1.76000,1.42000,65.50000,74.86000
0.14000,0.31000,-2.10000,1.66000,1.37000,1.75000,1.41000,65.50000,74.86000
0.14000,0.31000,-2.10000,1.45000,1.37000,1.77000,1.45000,66.63000,76.51000
0.14000,0.30000,-2.10000,1.58000,1.41000,1.77000,1.45000,66.63000,76.51000
0.14000,0.30000,-2.09000,1.58000,1.31000,1.79000,1.48000,68.79000,76.82000
0.14000,0.30000,-2.09000,1.72000,1.31000,1.86000,1.58000,68.79000,76.82000
0.14000,0.29000,-2.07000,2.10000,1.20000,2.16000,1.93000,73.40000,85.49000
0.13000,0.29000,-2.06000,2.24000,1.41000,3.04000,3.03000,73.40000,85.49000
0.13000,0.29000,-2.04000,2.51000,1.74000,3.28000,3.28000,85.14000,108.00000
0.13000,0.28000,-2.03000,2.78000,2.26000,3.04000,3.05000,85.14000,108.00000
0.13000,0.27000,-2.03000,3.01000,3.09000,2.34000,2.47000,69.17000,94.24000
0.12000,0.27000,-2.04000,2.70000,2.99000,2.19000,2.39000,69.17000,94.24000
0.12000,0.26000,-2.05000,2.45000,2.93000,2.43000,2.51000,69.11000,85.22000
0.12000,0.26000,-2.06000,2.53000,3.13000,2.84000,2.86000,69.11000,85.22000
0.11000,0.25000,-2.06000,2.70000,2.70000,3.15000,3.16000,80.82000,89.91000
0.11000,0.25000,-2.05000,2.99000,2.53000,3.10000,3.11000,80.82000,89.91000
0.11000,0.24000,-2.03000,3.40000,2.51000,2.52000,2.57000,68.23000,90.18000
0.11000,0.23000,-2.02000,3.32000,2.72000,3.27000,3.27000,68.23000,90.18000
0.10000,0.23000,-2.02000,2.82000,2.84000,3.20000,3.21000,70.70000,97.26000
0.10000,0.22000,-2.03000,2.61000,3.05000,3.20000,3.21000,70.70000,97.26000
0.10000,0.22000,-2.04000,2.74000,3.20000,3.28000,3.28000,81.77000,96.32000
0.09000,0.21000,-2.05000,2.95000,3.38000,3.21000,3.20000,81.77000,96.32000
0.09000,0.21000,-2.04000,3.15000,2.91000,2.95000,2.94000,75.85000,87.54000
0.09000,0.20000,-2.03000,3.49000,2.93000,3.08000,3.07000,75.85000,87.54000
0.08000,0.19000,-2.02000,3.63000,2.86000,3.26000,3.26000,72.47000,96.59000
0.08000,0.19000,-2.01000,3.63000,2.91000,3.16000,3.17000,72.47000,96.59000
0.08000,0.18000,-2.00000,3.45000,3.03000,2.42000,2.50000,56.24000,87.55000
0.07000,0.17000,-2.00000,3.07000,3.07000,1.64000,1.90000,56.24000,87.55000
0.07000,0.17000,-2.01000,2.49000,2.89000,1.51000,1.81000,43.83000,72.26000
0.07000,0.16000,-2.01000,2.03000,2.30000,1.65000,1.91000,43.83000,72.26000
0.07000,0.16000,-2.02000,1.37000,1.89000,1.76000,2.01000,53.70000,79.17000
0.07000,0.16000,-2.03000,0.93000,1.60000,2.39000,2.49000,53.70000,79.17000
0.07000,0.15000,-2.05000,0.58000,1.62000,3.05000,3.07000,87.98000,103.84000
0.06000,0.15000,-2.06000,1.41000,1.87000,3.26000,3.25000,87.98000,103.84000
0.06000,0.15000,-2.06000,2.14000,2.18000,3.07000,3.06000,93.81000,108.52000
0.06000,0.14000,-2.06000,3.05000,2.99000,2.98000,2.97000,93.81000,108.52000
0.06000,0.13000,-2.05000,3.80000,3.47000,2.89000,2.87000,76.50000,96.06000
0.05000,0.13000,-2.05000,3.69000,3.38000,2.91000,2.89000,76.50000,96.06000
0.05000,0.12000,-2.05000,3.47000,3.47000,1.80000,1.33000,49.49000,66.24000
0.05000,0.11000,-2.05000,2.91000,2.95000,1.81000,1.31000,49.49000,66.24000
0.04000,0.11000,-2.05000,1.97000,2.01000,1.82000,1.30000,50.32000,60.02000
0.04000,0.11000,-2.04000,1.41000,1.20000,1.84000,1.29000,50.32000,60.02000
0.04000,0.11000,-2.04000,0.91000,0.69000,1.83000,1.29000,66.31000,76.21000
0.04000,0.10000,-2.03000,1.20000,0.89000,1.82000,1.30000,66.31000,76.21000
0.04000,0.10000,-2.02000,1.49000,0.81000,1.80000,1.32000,71.57000,81.79000
0.04000,0.10000,-2.01000,1.56000,1.02000,1.77000,1.36000,71.57000,81.79000
0.04000,0.10000,-2.01000,1.66000,1.39000,1.75000,1.41000,69.13000,83.80000
0.03000,0.09000,-2.00000,1.72000,1.56000,1.77000,1.45000,69.13000,83.80000
0.03000,0.09000,-2.00000,1.60000,1.60000,1.78000,1.47000,68.25000,79.04000
0.03000,0.09000,-2.00000,1.68000,1.62000,1.77000,1.45000,68.25000,79.04000
0.03000,0.08000,-2.00000,1.74000,1.66000,1.77000,1.44000,68.97000,77.12000
0.03000,0.08000,-1.99000,1.99000,1.60000,1.76000,1.44000,68.97000,77.12000
0.03000,0.08000,-1.98000,2.12000,1.43000,1.84000,1.55000,65.89000,78.01000
0.02000,0.07000,-1.97000,2.28000,1.45000,2.43000,2.26000,65.89000,78.01000
0.02000,0.07000,-1.95000,2.32000,1.47000,3.12000,3.11000,79.89000,103.36000
0.02000,0.06000,-1.94000,2.84000,1.97000,3.27000,3.27000,79.89000,103.36000
0.02000,0.06000,-1.93000,3.18000,2.66000,2.79000,2.81000,71.50000,101.03000
0.02000,0.05000,-1.92000,3.22000,2.99000,1.81000,2.06000,71.50000,101.03000
0.01000,0.04000,-1.92000,3.24000,3.15000,1.48000,1.79000,45.91000,75.41000
0.01000,0.04000,-1.92000,2.68000,2.84000,1.39000,1.75000,45.91000,75.41000
0.01000,0.03000,-1.93000,1.78000,2.32000,1.37000,1.76000,41.93000,70.01000
0.01000,0.03000,-1.95000,1.04000,1.85000,1.39000,1.75000,41.93000,70.01000
0.01000,0.03000,-1.96000,0.81000,1.68000,1.53000,1.82000,61.02000,79.31000
0.01000,0.02000,-1.98000,0.89000,1.60000,2.37000,2.48000,61.02000,79.31000
0.01000,0.02000,-1.99000,1.08000,1.68000,-0.91000,-2.21000,29.60000,22.39000
0.01000,0.02000,-1.99000,0.58000,0.48000,-0.91000,-2.21000,29.60000,22.39000
0.01000,0.02000,-1.99000,0.04000,0.00000,-0.91000,-2.21000,23.45000,16.33000
0.01000,0.02000,-1.99000,0.00000,0.00000,-0.91000,-2.21000,23.45000,16.33000
0.01000,0.02000,-1.99000,0.00000,0.00000,-0.91000,-2.21000,23.23000,7.34000
0.01000,0.02000,-1.99000,0.00000,0.00000,-0.91000,-2.21000,23.23000,7.34000
0.01000,0.02000,-1.99000,0.00000,0.00000,-0.91000,-2.21000,17.77000,-5.94000
0.01000,0.02000,-1.99000,0.00000,0.00000,-0.91000,-2.21000,17.77000,-5.94000
0.01000,0.02000,-1.99000,0.00000,0.00000,-0.91000,-2.21000,12.31000,-19.22000
0.01000,0.02000,-1.99000,0.00000,0.00000,-0.91000,-2.21000,12.31000,-19.22000
0.01000,0.02000,-1.99000,0.00000,0.00000,-0.91000,-2.21000,6.85000,-32.51000
0.01000,0.02000,-1.99000,0.00000,0.00000,-0.91000,-2.21000,6.85000,-32.51000
0.01000,0.02000,-1.99000,0.00000,0.00000,-0.91000,-2.21000,1.39000,-45.79000
0.01000,0.02000,-1.99000,0.00000,0.00000,-0.91000,-2.21000,1.39000,-45.79000
0.01000,0.02000,-1.99000,0.00000,0.00000,-0.91000,-2.21000,-4.07000,-59.07000
0.01000,0.02000,-1.99000,0.00000,0.00000,-0.91000,-2.21000,-4.07000,-59.07000
0.01000,0.02000,-1.99000,0.00000,0.00000,-0.91000,-2.21000,-9.53000,-72.36000
0.01000,0.02000,-1.98000,0.00000,-0.23000,-0.91000,-2.21000,-9.53000,-72.36000
0.01000,0.02000,-1.98000,0.00000,-0.31000,-0.91000,-2.21000,-14.99000,-82.21000
0.01000,0.02000,-1.96000,0.00000,-0.66000,-0.91000,-2.21000,-14.99000,-82.21000
0.01000,0.02000,-1.94000,0.00000,-1.14000,-0.91000,-2.21000,-20.46000,-87.59000
0.01000,0.02000,-1.92000,0.00000,-1.31000,-0.91000,-2.21000,-20.46000,-87.59000
0.01000,0.03000,-1.89000,0.00000,-1.43000,-0.91000,-2.21000,-25.97000,-87.19000
0.01000,0.03000,-1.86000,0.00000,-1.81000,-0.92000,-2.21000,-25.97000,-87.19000
0.01000,0.03000,-1.83000,0.00000,-1.95000,-0.92000,-2.20000,-31.60000,-85.01000
0.01000,0.03000,-1.79000,0.00000,-1.99000,-0.93000,-2.19000,-31.60000,-85.01000
0.01000,0.03000,-1.76000,0.00000,-1.85000,-0.95000,-2.18000,-37.48000,-84.25000
0.01000,0.04000,-1.72000,0.00000,-1.97000,-0.96000,-2.17000,-37.48000,-84.25000
0.01000,0.04000,-1.69000,0.00000,-1.79000,-0.97000,-2.15000,-43.57000,-85.24000
0.01000,0.04000,-1.65000,0.00000,-1.91000,-0.99000,-2.14000,-43.57000,-85.24000
0.01000,0.04000,-1.62000,0.00000,-1.85000,-1.00000,-2.12000,-49.85000,-86.83000
0.01000,0.04000,-1.59000,-0.02000,-1.97000,-1.01000,-2.11000,-49.85000,-86.83000
0.01000,0.05000,-1.55000,0.00000,-1.81000,-1.68000,-2.26000,-65.77000,-89.23000
0.01000,0.05000,-1.52000,-0.02000,-1.97000,-3.29000,-3.26000,-65.77000,-89.23000
0.01000,0.05000,-1.49000,-0.29000,-1.99000,-2.13000,-1.16000,-82.39000,-74.51000
0.01000,0.06000,-1.47000,-1.16000,-1.85000,-2.11000,-1.01000,-82.39000,-74.51000
0.01000,0.06000,-1.49000,-2.20000,-1.39000,-2.12000,-1.01000,-77.75000,-69.24000
0.01000,0.06000,-1.52000,-2.66000,-1.16000,-2.11000,-1.01000,-77.75000,-69.24000
0.01000,0.07000,-1.55000,-2.86000,-0.95000,-2.12000,-1.10000,-61.06000,-75.83000
0.01000,0.07000,-1.58000,-2.70000,-0.83000,-3.25000,-3.22000,-61.06000,-75.83000
0.01000,0.08000,-1.61000,-2.49000,-1.02000,-1.93000,-2.34000,-54.48000,-99.11000
0.01000,0.08000,-1.61000,-1.58000,-1.76000,-1.02000,-2.11000,-54.48000,-99.11000
0.01000,0.08000,-1.58000,-0.46000,-2.22000,-1.02000,-2.11000,-53.05000,-90.60000
0.01000,0.09000,-1.53000,-0.02000,-2.43000,-2.74000,-2.81000,-53.05000,-90.60000
0.01000,0.09000,-1.49000,-0.02000,-2.47000,-2.53000,-2.39000,-95.68000,-86.91000
0.01000,0.09000,-1.46000,-0.81000,-2.30000,-2.11000,-1.01000,-95.68000,-86.91000
0.01000,0.10000,-1.46000,-2.18000,-2.01000,-2.12000,-1.00000,-92.78000,-67.80000
0.01000,0.10000,-1.49000,-2.92000,-1.43000,-2.12000,-1.01000,-92.78000,-67.80000
0.01000,0.11000,-1.54000,-3.44000,-0.93000,-2.11000,-1.01000,-68.72000,-73.23000
0.01000,0.11000,-1.58000,-3.38000,-0.87000,-2.69000,-2.61000,-68.72000,-73.23000
0.01000,0.11000,-1.62000,-2.70000,-0.46000,-2.40000,-2.54000,-61.28000,-101.94000
0.01000,0.12000,-1.64000,-1.81000,-0.87000,-1.01000,-2.11000,-61.28000,-101.94000
0.01000,0.12000,-1.62000,-0.85000,-1.72000,-1.01000,-2.12000,-58.22000,-105.64000
0.01000,0.12000,-1.59000,-0.50000,-2.37000,-1.01000,-2.11000,-58.22000,-105.64000
0.01000,0.13000,-1.54000,-0.25000,-2.72000,-1.45000,-2.19000,-79.70000,-91.85000
0.01000,0.13000,-1.51000,-0.60000,-2.76000,-3.12000,-3.09000,-79.70000,-91.85000
0.01000,0.13000,-1.48000,-1.22000,-2.66000,-2.11000,-1.02000,-93.66000,-67.36000
0.01000,0.14000,-1.47000,-1.72000,-2.05000,-2.11000,-1.01000,-93.66000,-67.36000
0.01000,0.14000,-1.50000,-2.26000,-1.04000,-2.12000,-1.01000,-86.05000,-67.31000
0.01000,0.15000,-1.53000,-2.28000,-0.15000,-2.11000,-1.02000,-86.05000,-67.31000
0.01000,0.15000,-1.58000,-2.66000,0.00000,-2.56000,-2.45000,-86.63000,-111.23000
0.01000,0.15000,-1.62000,-2.86000,-0.60000,-2.31000,-2.50000,-86.63000,-111.23000
0.01000,0.16000,-1.65000,-2.95000,-1.22000,-1.01000,-2.11000,-56.42000,-113.13000
0.01000,0.16000,-1.66000,-2.28000,-1.74000,-1.00000,-2.12000,-56.42000,-113.13000
0.01000,0.17000,-1.65000,-1.54000,-2.20000,-1.00000,-2.13000,-53.81000,-105.31000
0.01000,0.17000,-1.63000,-1.00000,-2.32000,-1.00000,-2.12000,-53.81000,-105.31000
0.01000,0.17000,-1.60000,-0.50000,-2.20000,-1.01000,-2.11000,-65.60000,-98.67000
0.01000,0.17000,-1.57000,-0.62000,-1.89000,-1.08000,-2.11000,-65.60000,-98.67000
0.01000,0.18000,-1.56000,-1.04000,-1.74000,-2.77000,-2.83000,-97.74000,-114.77000
0.01000,0.18000,-1.56000,-1.83000,-1.74000,-3.22000,-3.24000,-97.74000,-114.77000
0.01000,0.19000,-1.57000,-2.51000,-1.91000,-3.19000,-3.22000,-98.84000,-128.41000
0.01000,0.19000,-1.59000,-3.05000,-2.26000,-2.79000,-2.85000,-98.84000,-128.41000
0.01000,0.20000,-1.60000,-3.57000,-2.99000,-1.40000,-2.18000,-61.81000,-113.90000
0.01000,0.21000,-1.60000,-3.20000,-3.24000,-1.05000,-2.11000,-61.81000,-113.90000
0.01000,0.21000,-1.59000,-2.74000,-3.24000,-1.05000,-2.11000,-44.55000,-97.70000
0.01000,0.22000,-1.58000,-2.24000,-2.90000,-1.29000,-2.15000,-44.55000,-97.70000
0.01000,0.22000,-1.56000,-1.66000,-2.37000,-2.46000,-2.56000,-67.04000,-102.74000
0.01000,0.23000,-1.55000,-1.66000,-2.24000,-3.13000,-3.16000,-67.04000,-102.74000
0.01000,0.23000,-1.56000,-1.99000,-1.89000,-3.27000,-3.30000,-89.27000,-121.63000
0.01000,0.24000,-1.56000,-2.53000,-2.34000,-3.26000,-3.29000,-89.27000,-121.63000
0.01000,0.25000,-1.57000,-2.99000,-2.63000,-3.23000,-3.26000,-85.26000,-125.83000
0.01000,0.25000,-1.58000,-3.19000,-2.55000,-3.09000,-3.12000,-85.26000,-125.83000
0.01000,0.26000,-1.59000,-3.28000,-2.80000,-2.41000,-2.54000,-67.26000,-117.49000
0.01000,0.26000,-1.59000,-2.86000,-2.90000,-1.45000,-2.19000,-67.26000,-117.49000
0.01000,0.27000,-1.57000,-2.35000,-3.01000,-1.49000,-2.20000,-53.69000,-107.04000
0.01000,0.28000,-1.56000,-1.89000,-2.82000,-2.69000,-2.76000,-53.69000,-107.04000
0.01000,0.28000,-1.53000,-1.72000,-3.07000,-3.25000,-3.28000,-86.50000,-120.20000
0.01000,0.29000,-1.51000,-2.22000,-3.55000,-2.73000,-2.66000,-86.50000,-120.20000
0.01000,0.30000,-1.49000,-2.88000,-3.76000,-2.11000,-1.04000,-72.53000,-78.55000
0.01000,0.30000,-1.49000,-3.13000,-3.30000,-2.11000,-1.02000,-72.53000,-78.55000
0.01000,0.31000,-1.50000,-2.99000,-2.57000,-2.11000,-1.01000,-58.17000,-66.80000
0.01000,0.31000,-1.51000,-2.57000,-1.68000,-2.11000,-1.02000,-58.17000,-66.80000
0.01000,0.32000,-1.53000,-1.91000,-0.89000,-2.11000,-1.07000,-60.46000,-78.21000
0.01000,0.32000,-1.54000,-1.29000,-0.79000,-2.52000,-2.37000,-60.46000,-78.21000
0.01000,0.32000,-1.54000,-0.85000,-0.79000,-3.02000,-2.98000,-90.59000,-116.52000
0.01000,0.32000,-1.54000,-1.22000,-1.41000,-3.06000,-3.02000,-90.59000,-116.52000
0.01000,0.33000,-1.53000,-1.87000,-2.34000,-2.92000,-2.87000,-100.39000,-118.66000
0.01000,0.33000,-1.52000,-2.36000,-2.95000,-2.41000,-2.11000,-100.39000,-118.66000
0.01000,0.34000,-1.50000,-2.70000,-3.46000,-2.13000,-1.20000,-81.69000,-79.33000
0.01000,0.35000,-1.50000,-2.45000,-2.90000,-2.11000,-1.02000,-81.69000,-79.33000
0.00000,0.35000,-1.51000,-2.28000,-1.72000,-2.11000,-1.02000,-78.65000,-66.75000
0.00000,0.35000,-1.54000,-2.32000,-0.46000,-2.11000,-1.03000,-78.65000,-66.75000
0.00000,0.36000,-1.58000,-2.41000,0.00000,-2.95000,-2.90000,-91.12000,-120.46000
0.00000,0.36000,-1.63000,-2.53000,0.00000,-2.05000,-2.39000,-91.12000,-120.46000
0.00000,0.36000,-1.67000,-2.70000,-0.54000,-1.01000,-2.11000,-62.68000,-130.09000
0.01000,0.37000,-1.67000,-2.10000,-1.89000,-1.00000,-2.13000,-62.68000,-130.09000
0.01000,0.37000,-1.65000,-1.49000,-2.72000,-0.99000,-2.13000,-59.84000,-114.71000
0.01000,0.38000,-1.62000,-1.31000,-2.72000,-1.00000,-2.12000,-59.84000,-114.71000
0.01000,0.38000,-1.59000,-1.08000,-2.76000,-1.01000,-2.11000,-65.33000,-103.42000
0.01000,0.39000,-1.56000,-0.58000,-2.53000,-1.09000,-2.11000,-65.33000,-103.42000
0.01000,0.39000,-1.53000,-0.48000,-2.16000,-3.23000,-3.26000,-107.69000,-119.75000
0.01000,0.39000,-1.51000,-1.31000,-2.14000,-2.48000,-2.29000,-107.69000,-119.75000
0.01000,0.40000,-1.52000,-2.74000,-2.45000,-2.12000,-1.11000,-96.02000,-97.81000
0.01000,0.40000,-1.54000,-3.30000,-2.34000,-2.15000,-1.29000,-96.02000,-97.81000
0.01000,0.41000,-1.56000,-3.63000,-2.43000,-2.88000,-2.83000,-82.46000,-114.30000
0.01000,0.42000,-1.57000,-3.78000,-2.86000,-3.25000,-3.28000,-82.46000,-114.30000
0.01000,0.43000,-1.59000,-3.63000,-3.03000,-2.72000,-2.78000,-70.36000,-108.78000
0.01000,0.43000,-1.59000,-3.42000,-2.99000,-1.58000,-2.23000,-70.36000,-108.78000
0.01000,0.44000,-1.59000,-2.97000,-2.97000,-1.12000,-2.12000,-45.36000,-96.47000
0.01000,0.45000,-1.58000,-1.93000,-2.70000,-1.11000,-2.12000,-45.36000,-96.47000
0.01000,0.45000,-1.56000,-0.73000,-1.99000,-2.10000,-2.41000,-68.61000,-99.91000
0.01000,0.45000,-1.55000,-0.81000,-1.00000,-3.25000,-3.28000,-68.61000,-99.91000
0.01000,0.45000,-1.56000,-1.08000,-0.75000,-3.27000,-3.30000,-104.00000,-137.02000
0.01000,0.46000,-1.57000,-1.70000,-0.97000,-3.22000,-3.25000,-104.00000,-137.02000
0.01000,0.46000,-1.59000,-2.82000,-1.66000,-2.75000,-2.82000,-97.66000,-143.95000
0.01000,0.47000,-1.61000,-3.19000,-2.34000,-1.10000,-2.11000,-97.66000,-143.95000
0.01000,0.47000,-1.61000,-3.40000,-3.24000,-1.02000,-2.11000,-55.54000,-123.80000
0.01000,0.48000,-1.60000,-2.99000,-3.36000,-1.02000,-2.11000,-55.54000,-123.80000
0.01000,0.49000,-1.58000,-2.37000,-3.78000,-1.02000,-2.11000,-45.61000,-107.11000
0.01000,0.49000,-1.54000,-1.78000,-3.71000,-1.73000,-2.27000,-45.61000,-107.11000
0.01000,0.50000,-1.50000,-1.25000,-3.84000,-3.26000,-3.24000,-85.49000,-111.24000
0.01000,0.51000,-1.46000,-1.93000,-3.78000,-2.11000,-1.02000,-85.49000,-111.24000
0.01000,0.51000,-1.45000,-2.78000,-3.65000,-2.12000,-1.01000,-75.03000,-74.05000
0.00000,0.52000,-1.45000,-3.17000,-3.01000,-2.12000,-1.00000,-75.03000,-74.05000
0.00000,0.53000,-1.47000,-3.07000,-2.22000,-2.12000,-1.00000,-57.57000,-68.85000
0.00000,0.53000,-1.48000,-2.24000,-1.54000,-2.12000,-1.01000,-57.57000,-68.85000
0.00000,0.53000,-1.48000,-1.08000,-1.14000,-2.11000,-1.01000,-65.10000,-79.04000
0.00000,0.53000,-1.46000,-0.37000,-1.14000,-2.11000,-1.01000,-65.10000,-79.04000
0.00000,0.54000,-1.45000,-0.02000,-0.96000,-2.12000,-1.01000,-92.46000,-81.73000
0.00000,0.54000,-1.44000,-0.44000,-0.75000,-2.13000,-1.00000,-92.46000,-81.73000
0.00000,0.54000,-1.45000,-1.25000,-0.87000,-2.13000,-1.00000,-102.12000,-86.67000
0.00000,0.54000,-1.46000,-2.01000,-1.22000,-2.13000,-1.00000,-102.12000,-86.67000
0.00000,0.55000,-1.49000,-2.41000,-1.06000,-2.12000,-1.00000,-88.52000,-81.15000
0.00000,0.55000,-1.51000,-2.43000,-0.98000,-2.11000,-1.01000,-88.52000,-81.15000
0.00000,0.55000,-1.54000,-2.53000,-0.89000,-2.11000,-1.04000,-82.73000,-84.13000
0.00000,0.56000,-1.58000,-2.78000,-0.81000,-2.98000,-2.93000,-82.73000,-84.13000
0.00000,0.56000,-1.62000,-2.86000,-0.58000,-2.76000,-2.82000,-85.27000,-113.66000
0.00000,0.57000,-1.65000,-2.76000,-1.14000,-1.02000,-2.11000,-85.27000,-113.66000
0.00000,0.57000,-1.66000,-2.63000,-1.91000,-1.01000,-2.12000,-59.19000,-110.26000
0.00000,0.58000,-1.66000,-2.24000,-2.28000,-1.00000,-2.12000,-59.19000,-110.26000
0.00000,0.58000,-1.65000,-1.58000,-2.24000,-1.00000,-2.13000,-56.35000,-99.10000
0.00000,0.58000,-1.63000,-0.93000,-2.08000,-1.00000,-2.12000,-56.35000,-99.10000
0.00000,0.59000,-1.60000,-0.27000,-1.95000,-1.01000,-2.11000,-68.67000,-101.06000
0.00000,0.59000,-1.57000,-0.04000,-1.66000,-1.05000,-2.11000,-68.67000,-101.06000
0.00000,0.59000,-1.54000,-0.06000,-1.64000,-2.96000,-3.00000,-111.71000,-120.82000
0.00000,0.59000,-1.53000,-1.02000,-1.68000,-3.10000,-3.06000,-111.71000,-120.82000
0.00000,0.60000,-1.54000,-2.78000,-2.10000,-2.47000,-2.26000,-107.32000,-117.46000
0.00000,0.61000,-1.57000,-3.59000,-2.22000,-3.09000,-3.06000,-107.32000,-117.46000
0.00000,0.61000,-1.59000,-4.21000,-2.86000,-3.10000,-3.13000,-86.89000,-125.96000
0.00000,0.62000,-1.61000,-4.61000,-3.32000,-1.23000,-2.14000,-86.89000,-125.96000
0.00000,0.63000,-1.63000,-4.61000,-3.72000,-1.02000,-2.11000,-37.44000,-99.54000
0.00000,0.64000,-1.63000,-3.44000,-3.36000,-1.01000,-2.11000,-37.44000,-99.54000
0.00000,0.64000,-1.61000,-1.87000,-2.91000,-1.01000,-2.12000,-33.23000,-91.77000
0.00000,0.65000,-1.58000,-0.77000,-2.35000,-1.02000,-2.11000,-33.23000,-91.77000
0.00000,0.65000,-1.55000,-0.02000,-1.70000,-1.25000,-2.14000,-62.36000,-99.97000
0.00000,0.65000,-1.54000,-0.39000,-1.33000,-3.23000,-3.26000,-62.36000,-99.97000
0.00000,0.65000,-1.52000,-0.77000,-1.45000,-3.14000,-3.11000,-99.25000,-128.51000
0.00000,0.66000,-1.53000,-2.07000,-1.74000,-2.54000,-2.40000,-99.25000,-128.51000
0.00000,0.67000,-1.54000,-3.17000,-2.72000,-2.89000,-2.83000,-86.70000,-128.83000
0.00000,0.67000,-1.54000,-3.34000,-3.05000,-3.17000,-3.14000,-86.70000,-128.83000
0.00000,0.68000,-1.55000,-3.28000,-2.80000,-3.26000,-3.23000,-78.20000,-121.78000
0.00000,0.69000,-1.55000,-3.46000,-3.55000,-3.25000,-3.28000,-78.20000,-121.78000
0.00000,0.70000,-1.54000,-3.51000,-3.92000,-3.26000,-3.29000,-75.90000,-116.24000
0.00000,0.70000,-1.53000,-3.44000,-4.00000,-3.26000,-3.23000,-75.90000,-116.24000
0.00000,0.71000,-1.52000,-3.47000,-4.15000,-2.99000,-2.95000,-70.93000,-102.73000
0.00000,0.72000,-1.51000,-3.34000,-4.03000,-2.31000,-1.83000,-70.93000,-102.73000
0.00000,0.73000,-1.49000,-2.86000,-3.76000,-2.11000,-1.08000,-56.55000,-67.97000
0.00000,0.73000,-1.48000,-2.18000,-3.03000,-2.11000,-1.02000,-56.55000,-67.97000
0.00000,0.74000,-1.46000,-1.18000,-2.06000,-2.11000,-1.01000,-66.62000,-64.24000
-0.00000,0.74000,-1.45000,-0.58000,-1.33000,-2.12000,-1.01000,-66.62000,-64.24000
-0.00000,0.74000,-1.44000,-0.50000,-0.77000,-2.13000,-1.00000,-90.38000,-77.47000
-0.00000,0.74000,-1.45000,-1.04000,-0.77000,-2.13000,-1.00000,-90.38000,-77.47000
-0.00000,0.75000,-1.46000,-1.56000,-0.87000,-2.13000,-1.00000,-92.81000,-83.89000
-0.00000,0.75000,-1.47000,-1.54000,-0.79000,-2.12000,-1.00000,-92.81000,-83.89000
-0.00000,0.75000,-1.49000,-1.89000,-1.08000,-2.12000,-1.01000,-91.75000,-85.13000
-0.00000,0.76000,-1.50000,-2.08000,-1.37000,-2.11000,-1.01000,-91.75000,-85.13000
-0.00000,0.76000,-1.52000,-2.66000,-1.43000,-2.11000,-1.02000,-86.98000,-77.86000
-0.00000,0.77000,-1.55000,-2.95000,-1.33000,-2.12000,-1.15000,-86.98000,-77.86000
-0.00000,0.77000,-1.59000,-3.09000,-1.31000,-3.18000,-3.14000,-90.14000,-108.28000
-0.00000,0.78000,-1.61000,-3.01000,-1.89000,-2.56000,-2.65000,-90.14000,-108.28000
-0.00000,0.78000,-1.61000,-2.99000,-2.55000,-1.06000,-2.11000,-58.90000,-95.25000
-0.00000,0.79000,-1.61000,-2.53000,-2.61000,-1.02000,-2.11000,-58.90000,-95.25000
-0.00000,0.79000,-1.59000,-1.62000,-2.59000,-1.02000,-2.11000,-53.78000,-85.63000
-0.00000,0.80000,-1.57000,-1.04000,-2.30000,-1.27000,-2.15000,-53.78000,-85.63000
-0.00000,0.80000,-1.55000,-0.44000,-1.76000,-3.05000,-3.09000,-97.56000,-101.96000
-0.00000,0.80000,-1.54000,-1.06000,-1.68000,-3.16000,-3.13000,-97.56000,-101.96000
-0.00000,0.81000,-1.55000,-2.10000,-1.54000,-2.65000,-2.56000,-103.25000,-108.11000
-0.00000,0.81000,-1.57000,-2.90000,-1.80000,-3.11000,-3.08000,-103.25000,-108.11000
-0.00000,0.82000,-1.59000,-3.69000,-2.30000,-3.21000,-3.23000,-93.48000,-121.61000
-0.00000,0.83000,-1.61000,-4.19000,-2.88000,-1.45000,-2.19000,-93.48000,-121.61000
-0.00000,0.83000,-1.63000,-4.38000,-3.51000,-1.02000,-2.11000,-43.18000,-97.10000
-0.00000,0.84000,-1.63000,-3.53000,-3.42000,-1.01000,-2.11000,-43.18000,-97.10000
-0.00000,0.85000,-1.62000,-2.24000,-2.99000,-1.01000,-2.12000,-33.97000,-84.49000
-0.00000,0.85000,-1.59000,-1.04000,-2.43000,-1.01000,-2.11000,-33.97000,-84.49000
-0.00000,0.85000,-1.57000,-0.19000,-1.60000,-1.03000,-2.11000,-56.51000,-91.41000
-0.00000,0.85000,-1.56000,-0.02000,-0.66000,-2.42000,-2.54000,-56.51000,-91.41000
-0.00000,0.86000,-1.55000,-0.08000,-0.29000,-3.08000,-3.12000,-102.54000,-131.13000
-0.00000,0.86000,-1.56000,-1.39000,-0.95000,-3.18000,-3.21000,-102.54000,-131.13000
-0.00000,0.86000,-1.57000,-2.55000,-1.80000,-2.92000,-2.96000,-97.85000,-139.15000
-0.00000,0.87000,-1.59000,-3.24000,-2.53000,-1.63000,-2.24000,-97.85000,-139.15000
-0.00000,0.88000,-1.59000,-3.53000,-3.28000,-1.05000,-2.11000,-51.26000,-114.73000
-0.00000,0.88000,-1.58000,-2.93000,-3.32000,-1.02000,-2.11000,-51.26000,-114.73000
-0.00000,0.89000,-1.56000,-2.16000,-3.24000,-1.03000,-2.11000,-42.54000,-100.31000
-0.00000,0.89000,-1.53000,-1.39000,-3.20000,-1.56000,-2.22000,-42.54000,-100.31000
-0.00000,0.90000,-1.49000,-0.83000,-3.05000,-3.27000,-3.30000,-87.81000,-112.75000
-0.00000,0.90000,-1.46000,-1.45000,-3.17000,-2.12000,-1.11000,-87.81000,-112.75000
-0.00000,0.91000,-1.45000,-2.53000,-3.30000,-2.11000,-1.01000,-80.78000,-79.42000
-0.00000,0.92000,-1.45000,-3.01000,-2.82000,-2.12000,-1.01000,-80.78000,-79.42000
-0.00000,0.92000,-1.46000,-3.22000,-2.41000,-2.12000,-1.00000,-61.56000,-71.62000
-0.00000,0.93000,-1.48000,-2.82000,-1.76000,-2.12000,-1.01000,-61.56000,-71.62000
-0.00000,0.93000,-1.49000,-1.93000,-1.45000,-2.11000,-1.01000,-58.90000,-76.68000
-0.00000,0.94000,-1.49000,-1.22000,-1.37000,-2.11000,-1.01000,-58.90000,-76.68000
-0.00000,0.94000,-1.48000,-0.62000,-1.25000,-2.11000,-1.01000,-78.63000,-78.06000
-0.00000,0.94000,-1.46000,-0.10000,-1.06000,-2.12000,-1.01000,-78.63000,-78.06000
-0.00000,0.94000,-1.44000,-0.02000,-1.06000,-2.13000,-1.00000,-100.97000,-80.37000
-0.00000,0.94000,-1.43000,-0.48000,-0.91000,-2.14000,-0.99000,-100.97000,-80.37000
-0.01000,0.94000,-1.45000,-1.43000,-0.85000,-2.14000,-0.98000,-107.73000,-81.99000
-0.01000,0.95000,-1.47000,-2.34000,-1.12000,-2.14000,-0.99000,-107.73000,-81.99000
-0.01000,0.95000,-1.50000,-2.84000,-1.24000,-2.14000,-0.99000,-89.61000,-79.39000
-0.01000,0.96000,-1.53000,-2.78000,-1.10000,-2.13000,-1.00000,-89.61000,-79.39000
-0.01000,0.96000,-1.56000,-2.99000,-1.06000,-2.12000,-1.01000,-81.61000,-79.16000
-0.01000,0.97000,-1.60000,-3.07000,-1.10000,-2.11000,-1.01000,-81.61000,-79.16000
-0.01000,0.97000,-1.63000,-2.74000,-0.87000,-2.11000,-1.06000,-73.11000,-79.43000
-0.01000,0.97000,-1.63000,-0.60000,-0.60000,-3.02000,-2.98000,-73.11000,-79.43000
-0.01000,0.97000,-1.62000,-0.15000,-0.71000,-2.99000,-2.95000,-117.65000,-115.01000
-0.01000,0.98000,-1.61000,-1.16000,-1.60000,2.20000,0.91000,-117.65000,-115.01000
-0.01000,0.98000,-1.62000,-2.80000,-2.22000,2.21000,0.91000,-45.60000,-56.32000
-0.01000,0.99000,-1.64000,-2.51000,-1.43000,2.21000,0.91000,-45.60000,-56.32000
-0.01000,0.99000,-1.66000,-1.02000,-0.21000,2.21000,0.91000,-5.10000,-43.76000
-0.01000,0.99000,-1.66000,0.00000,0.00000,2.21000,0.91000,-5.10000,-43.76000
-0.01000,0.99000,-1.66000,0.00000,0.00000,2.21000,0.91000,-14.46000,-51.21000
-0.01000,0.99000,-1.66000,0.00000,0.00000,2.21000,0.91000,-14.46000,-51.21000
-0.01000,0.99000,-1.66000,0.00000,0.00000,2.21000,0.91000,-1.21000,-45.77000
-0.01000,0.99000,-1.66000,0.00000,0.00000,2.21000,0.91000,-1.21000,-45.77000
-0.01000,0.99000,-1.66000,0.00000,0.00000,2.21000,0.91000,12.04000,-40.33000
-0.01000,0.99000,-1.66000,0.00000,0.00000,2.21000,0.91000,12.04000,-40.33000
-0.01000,0.99000,-1.66000,0.00000,0.00000,2.21000,0.91000,25.29000,-34.88000
-0.01000,0.99000,-1.66000,0.00000,0.00000,2.21000,0.91000,25.29000,-34.88000
-0.01000,0.99000,-1.66000,0.00000,0.00000,2.21000,0.91000,38.54000,-29.44000
-0.01000,0.99000,-1.66000,0.08000,0.00000,2.21000,0.91000,38.54000,-29.44000
-0.01000,0.99000,-1.66000,0.00000,0.00000,2.21000,0.91000,50.55000,-24.00000
-0.01000,0.99000,-1.66000,0.02000,0.00000,2.21000,0.91000,50.55000,-24.00000
-0.01000,0.99000,-1.66000,0.00000,0.00000,2.21000,0.91000,64.23000,-18.56000
-0.01000,0.99000,-1.66000,0.04000,0.00000,2.21000,0.91000,64.23000,-18.56000
-0.01000,0.99000,-1.65000,0.50000,0.00000,2.21000,0.91000,77.05000,-13.12000
-0.01000,0.99000,-1.64000,0.48000,0.00000,2.21000,0.91000,77.05000,-13.12000
-0.01000,0.99000,-1.63000,0.15000,0.00000,2.21000,0.91000,83.53000,-7.67000
-0.01000,0.99000,-1.63000,0.04000,0.00000,2.21000,0.91000,83.53000,-7.67000
-0.01000,0.99000,-1.63000,0.10000,0.00000,2.21000,0.91000,100.47000,-2.23000
-0.01000,0.99000,-1.63000,0.02000,0.00000,2.21000,0.91000,100.47000,-2.23000
-0.01000,0.99000,-1.63000,0.23000,0.00000,2.21000,0.91000,113.79000,3.22000
-0.01000,0.98000,-1.60000,1.60000,0.00000,2.21000,0.91000,113.79000,3.22000
-0.01000,0.98000,-1.54000,3.15000,0.00000,2.21000,0.91000,103.29000,8.68000
-0.01000,0.98000,-1.47000,3.76000,0.00000,2.21000,0.91000,103.29000,8.68000
-0.01000,0.97000,-1.40000,4.21000,0.00000,2.21000,0.91000,74.60000,14.19000
-0.00000,0.97000,-1.32000,4.11000,0.00000,2.21000,0.92000,74.60000,14.19000
-0.00000,0.96000,-1.26000,3.32000,0.00000,2.19000,0.93000,59.73000,20.00000
-0.00000,0.96000,-1.22000,2.28000,0.00000,2.17000,0.96000,59.73000,20.00000
-0.00000,0.96000,-1.20000,1.20000,0.00000,2.14000,0.99000,74.84000,26.37000
-0.00000,0.96000,-1.18000,0.87000,0.00000,2.12000,1.00000,74.84000,26.37000
-0.00000,0.96000,-1.17000,1.06000,0.00000,2.11000,1.02000,94.66000,32.77000
-0.00000,0.96000,-1.13000,1.81000,0.00000,2.09000,1.04000,94.66000,32.77000
0.00000,0.95000,-1.08000,2.78000,0.00000,2.04000,1.08000,87.10000,39.83000
0.00000,0.95000,-1.02000,3.51000,0.00000,1.95000,1.17000,87.10000,39.83000
0.00000,0.95000,-0.95000,3.80000,0.00000,1.78000,1.35000,59.03000,50.32000
0.01000,0.94000,-0.89000,3.42000,0.00000,3.15000,3.16000,59.03000,50.32000
0.01000,0.94000,-0.83000,2.99000,0.02000,1.29000,1.84000,42.52000,65.73000
0.01000,0.94000,-0.80000,2.10000,0.00000,1.13000,1.99000,42.52000,65.73000
0.01000,0.94000,-0.78000,1.12000,0.00000,1.05000,2.07000,46.12000,80.26000
0.01000,0.94000,-0.77000,0.62000,0.02000,1.02000,2.10000,46.12000,80.26000
0.01000,0.94000,-0.76000,0.46000,0.00000,1.01000,2.12000,61.26000,93.09000
0.01000,0.94000,-0.75000,0.62000,0.02000,1.00000,2.13000,61.26000,93.09000
0.01000,0.93000,-0.74000,0.79000,0.60000,0.98000,2.14000,63.22000,106.04000
0.02000,0.93000,-0.75000,1.02000,1.41000,0.97000,2.15000,63.22000,106.04000
0.02000,0.93000,-0.76000,1.39000,2.05000,0.97000,2.16000,59.27000,98.10000
0.02000,0.93000,-0.78000,1.66000,2.51000,0.96000,2.16000,59.27000,98.10000
0.03000,0.92000,-0.79000,1.60000,2.53000,0.96000,2.17000,49.13000,86.28000
0.03000,0.92000,-0.81000,1.35000,2.45000,0.95000,2.18000,49.13000,86.28000
0.03000,0.92000,-0.83000,1.06000,2.14000,0.94000,2.19000,49.35000,85.40000
0.03000,0.92000,-0.85000,0.89000,1.99000,0.93000,2.19000,49.35000,85.40000
0.04000,0.91000,-0.88000,0.71000,1.91000,0.93000,2.20000,53.56000,90.82000
0.04000,0.91000,-0.90000,0.75000,1.99000,0.96000,2.16000,53.56000,90.82000
0.04000,0.91000,-0.92000,0.87000,2.12000,0.98000,2.15000,56.67000,91.36000
0.04000,0.91000,-0.94000,1.16000,2.22000,0.99000,2.13000,56.67000,91.36000
0.04000,0.90000,-0.96000,1.08000,2.34000,1.00000,2.12000,52.22000,88.45000
0.05000,0.90000,-0.99000,1.04000,2.32000,1.02000,2.10000,52.22000,88.45000
0.05000,0.90000,-1.01000,1.06000,2.41000,1.05000,2.08000,53.79000,85.67000
0.05000,0.89000,-1.03000,1.18000,2.28000,1.08000,2.05000,53.79000,85.67000
0.05000,0.89000,-1.05000,1.06000,2.28000,1.10000,2.02000,52.51000,83.99000
0.05000,0.89000,-1.07000,0.98000,2.10000,1.14000,1.99000,52.51000,83.99000
0.06000,0.88000,-1.09000,1.12000,1.87000,1.18000,1.95000,56.25000,84.09000
0.06000,0.88000,-1.10000,1.02000,1.91000,1.20000,1.92000,56.25000,84.09000
0.06000,0.88000,-1.12000,0.91000,1.76000,1.24000,1.89000,57.82000,85.07000
0.06000,0.87000,-1.13000,1.10000,1.81000,1.28000,1.84000,57.82000,85.07000
0.06000,0.87000,-1.14000,1.24000,1.70000,1.31000,1.81000,59.01000,85.33000
0.06000,0.87000,-1.15000,1.22000,1.85000,1.34000,1.79000,59.01000,85.33000
0.06000,0.87000,-1.16000,1.47000,1.87000,1.37000,1.76000,59.33000,83.99000
0.07000,0.86000,-1.17000,1.45000,2.01000,1.41000,1.75000,59.33000,83.99000
0.07000,0.86000,-1.17000,1.49000,1.78000,1.56000,1.85000,59.64000,82.29000
0.07000,0.85000,-1.18000,1.49000,1.85000,1.74000,1.99000,59.64000,82.29000
0.07000,0.85000,-1.19000,1.16000,1.64000,2.11000,2.31000,67.82000,90.80000
0.07000,0.85000,-1.20000,1.35000,1.87000,2.78000,2.81000,67.82000,90.80000
0.07000,0.84000,-1.21000,1.43000,2.03000,3.14000,3.14000,89.13000,105.74000
0.07000,0.84000,-1.22000,1.87000,2.53000,3.28000,3.28000,89.13000,105.74000
0.08000,0.83000,-1.22000,2.74000,2.86000,3.13000,3.12000,91.92000,103.03000
0.08000,0.83000,-1.22000,3.36000,3.15000,3.01000,3.00000,91.92000,103.03000
0.08000,0.82000,-1.22000,3.61000,3.44000,3.07000,3.06000,76.26000,96.37000
0.08000,0.81000,-1.21000,3.53000,3.42000,3.10000,3.08000,76.26000,96.37000
0.09000,0.81000,-1.21000,3.40000,3.30000,3.07000,3.06000,72.02000,91.76000
0.09000,0.80000,-1.21000,3.22000,3.11000,3.02000,3.01000,72.02000,91.76000
0.09000,0.79000,-1.21000,2.72000,2.86000,2.91000,2.89000,71.45000,91.62000
0.09000,0.79000,-1.22000,2.41000,2.76000,1.98000,1.14000,71.45000,91.62000
0.10000,0.78000,-1.23000,2.14000,2.64000,2.01000,1.12000,68.24000,69.09000
0.10000,0.78000,-1.23000,1.85000,2.16000,2.03000,1.09000,68.24000,69.09000
0.10000,0.78000,-1.23000,1.74000,1.60000,2.05000,1.07000,74.92000,67.55000
0.10000,0.77000,-1.22000,1.95000,1.20000,2.05000,1.07000,74.92000,67.55000
0.10000,0.77000,-1.19000,2.45000,0.73000,2.04000,1.08000,74.43000,75.53000
0.10000,0.76000,-1.15000,2.74000,0.64000,1.99000,1.14000,74.43000,75.53000
0.10000,0.76000,-1.11000,2.95000,0.73000,1.91000,1.22000,61.11000,85.26000
0.11000,0.76000,-1.08000,2.57000,0.79000,1.79000,1.34000,61.11000,85.26000
0.11000,0.75000,-1.06000,2.37000,1.39000,2.21000,1.98000,63.11000,97.99000
0.11000,0.75000,-1.05000,2.32000,1.85000,3.12000,3.11000,63.11000,97.99000
0.11000,0.75000,-1.05000,2.28000,2.43000,3.26000,3.26000,80.52000,108.46000
0.12000,0.74000,-1.06000,2.49000,2.70000,3.23000,3.23000,80.52000,108.46000
0.12000,0.73000,-1.06000,2.84000,3.18000,3.14000,3.14000,81.88000,102.32000
0.12000,0.73000,-1.06000,3.15000,3.30000,2.89000,2.87000,81.88000,102.32000
0.13000,0.72000,-1.06000,3.65000,3.34000,2.62000,2.58000,67.96000,87.57000
0.13000,0.71000,-1.05000,3.42000,3.18000,2.80000,2.78000,67.96000,87.57000
0.13000,0.71000,-1.06000,2.99000,3.09000,2.91000,2.89000,65.02000,89.73000
0.14000,0.70000,-1.05000,2.95000,2.59000,2.66000,2.62000,65.02000,89.73000
0.14000,0.70000,-1.04000,2.84000,2.43000,2.86000,2.83000,68.30000,95.91000
0.14000,0.69000,-1.04000,2.78000,2.59000,3.05000,3.04000,68.30000,95.91000
0.14000,0.69000,-1.04000,2.72000,2.64000,3.08000,3.07000,73.58000,100.85000
0.15000,0.68000,-1.04000,2.61000,2.57000,3.02000,3.00000,73.58000,100.85000
0.15000,0.68000,-1.04000,2.86000,2.95000,3.14000,3.13000,78.79000,104.97000
0.15000,0.67000,-1.04000,2.97000,3.24000,3.08000,3.07000,78.79000,104.97000
0.16000,0.67000,-1.05000,2.84000,3.15000,2.85000,2.82000,72.24000,93.73000
0.16000,0.66000,-1.05000,2.84000,3.05000,2.43000,2.27000,72.24000,93.73000
0.16000,0.65000,-1.06000,2.88000,3.11000,2.07000,1.83000,61.80000,79.21000
0.17000,0.65000,-1.06000,2.53000,2.88000,1.83000,1.54000,61.80000,79.21000
0.17000,0.64000,-1.07000,2.03000,2.51000,1.75000,1.40000,57.05000,67.91000
0.17000,0.64000,-1.08000,1.66000,1.97000,1.78000,1.35000,57.05000,67.91000
0.17000,0.64000,-1.08000,1.45000,1.62000,1.80000,1.32000,66.22000,71.46000
0.18000,0.63000,-1.08000,1.62000,1.51000,1.82000,1.30000,66.22000,71.46000
0.18000,0.63000,-1.07000,1.74000,1.31000,1.82000,1.30000,68.01000,74.08000
0.18000,0.63000,-1.05000,1.99000,1.12000,1.81000,1.32000,68.01000,74.08000
0.18000,0.63000,-1.04000,1.95000,1.22000,1.76000,1.37000,62.73000,79.71000
0.18000,0.62000,-1.03000,1.74000,1.35000,1.77000,1.46000,62.73000,79.71000
0.18000,0.62000,-1.03000,1.31000,1.31000,1.88000,1.61000,66.84000,81.36000
0.19000,0.62000,-1.04000,1.20000,1.45000,1.84000,1.56000,66.84000,81.36000
0.19000,0.61000,-1.05000,1.16000,1.58000,1.76000,1.43000,73.96000,78.70000
0.19000,0.61000,-1.05000,1.22000,1.39000,1.76000,1.36000,73.96000,78.70000
0.19000,0.61000,-1.05000,1.56000,1.45000,1.78000,1.34000,77.30000,78.21000
0.19000,0.61000,-1.04000,2.05000,1.66000,1.78000,1.34000,77.30000,78.21000
0.19000,0.60000,-1.02000,2.53000,1.62000,1.77000,1.35000,68.09000,74.00000
0.20000,0.60000,-1.00000,2.51000,1.25000,1.76000,1.42000,68.09000,74.00000
0.20000,0.59000,-0.98000,2.51000,1.35000,2.58000,2.53000,71.60000,96.11000
0.20000,0.59000,-0.96000,2.74000,1.70000,3.26000,3.26000,71.60000,96.11000
0.20000,0.59000,-0.95000,2.82000,2.30000,3.01000,3.03000,75.15000,104.42000
0.21000,0.58000,-0.95000,2.90000,2.72000,2.16000,2.36000,75.15000,104.42000
0.21000,0.57000,-0.95000,3.13000,3.24000,1.58000,1.86000,52.74000,79.56000
0.22000,0.57000,-0.95000,2.76000,2.99000,1.95000,2.18000,52.74000,79.56000
0.22000,0.56000,-0.96000,2.20000,2.53000,2.20000,2.40000,56.30000,78.46000
0.22000,0.56000,-0.97000,1.91000,2.22000,2.69000,2.72000,56.30000,78.46000
0.22000,0.56000,-0.97000,1.76000,2.01000,2.96000,2.98000,77.14000,95.14000
0.23000,0.55000,-0.97000,2.24000,2.18000,3.11000,3.12000,77.14000,95.14000
0.23000,0.55000,-0.97000,2.68000,2.51000,3.06000,3.07000,79.94000,101.70000
0.23000,0.54000,-0.96000,3.09000,2.93000,2.91000,2.93000,79.94000,101.70000
0.24000,0.54000,-0.96000,3.30000,3.03000,2.67000,2.71000,66.29000,90.37000
0.24000,0.53000,-0.96000,3.30000,3.15000,2.08000,2.29000,66.29000,90.37000
0.25000,0.53000,-0.96000,3.07000,3.05000,1.74000,2.00000,46.73000,74.99000
0.25000,0.52000,-0.96000,2.45000,2.61000,1.61000,1.89000,46.73000,74.99000
0.25000,0.52000,-0.96000,1.70000,2.01000,1.65000,1.92000,48.78000,74.96000
0.25000,0.52000,-0.97000,1.35000,1.64000,1.90000,2.13000,48.78000,74.96000
0.26000,0.51000,-0.98000,1.10000,1.64000,2.26000,2.43000,69.66000,93.09000
0.26000,0.51000,-0.99000,1.20000,2.03000,2.93000,2.95000,69.66000,93.09000
0.26000,0.51000,-1.00000,1.78000,2.16000,3.27000,3.28000,92.49000,104.61000
0.26000,0.50000,-1.01000,2.39000,2.66000,3.26000,3.25000,92.49000,104.61000
0.27000,0.50000,-1.00000,3.28000,3.07000,3.17000,3.16000,85.62000,101.03000
0.27000,0.49000,-0.99000,3.24000,2.74000,3.22000,3.22000,85.62000,101.03000
0.28000,0.48000,-0.98000,3.61000,3.11000,3.28000,3.28000,79.22000,104.60000
0.28000,0.48000,-0.98000,3.78000,3.36000,3.15000,3.16000,79.22000,104.60000
0.28000,0.47000,-0.97000,3.78000,3.65000,2.74000,2.77000,63.34000,90.88000
0.29000,0.46000,-0.97000,3.53000,3.47000,2.04000,2.25000,63.34000,90.88000
0.29000,0.46000,-0.98000,2.82000,3.26000,1.80000,1.50000,46.73000,66.74000
0.30000,0.45000,-0.99000,1.83000,2.57000,1.76000,1.38000,46.73000,66.74000
0.30000,0.45000,-1.01000,0.79000,1.85000,1.80000,1.32000,61.89000,65.63000
0.30000,0.45000,-1.03000,0.50000,1.18000,1.87000,1.26000,61.89000,65.63000
0.30000,0.45000,-1.03000,0.56000,0.83000,1.91000,1.22000,83.27000,77.42000
0.30000,0.45000,-1.03000,1.18000,0.95000,1.92000,1.20000,83.27000,77.42000
0.30000,0.44000,-1.01000,1.99000,0.87000,1.92000,1.21000,81.60000,80.90000
0.30000,0.44000,-0.98000,2.59000,1.06000,1.87000,1.26000,81.60000,80.90000
0.31000,0.44000,-0.95000,2.70000,0.89000,1.78000,1.34000,62.80000,82.90000
0.31000,0.43000,-0.92000,2.82000,1.31000,2.42000,2.25000,62.80000,82.90000
0.31000,0.43000,-0.90000,2.70000,1.66000,3.28000,3.28000,76.98000,109.94000
0.32000,0.42000,-0.89000,2.84000,2.39000,2.74000,2.77000,76.98000,109.94000
0.32000,0.42000,-0.89000,3.01000,2.91000,1.91000,2.14000,58.85000,88.48000
0.32000,0.41000,-0.89000,2.97000,3.03000,1.67000,1.94000,58.85000,88.48000
0.33000,0.41000,-0.90000,2.49000,2.78000,1.62000,1.89000,47.08000,73.66000
0.33000,0.41000,-0.90000,1.95000,2.41000,1.79000,2.04000,47.08000,73.66000
0.33000,0.40000,-0.91000,1.49000,1.93000,2.37000,2.48000,65.55000,85.03000
0.34000,0.40000,-0.92000,1.56000,1.97000,2.88000,2.90000,65.55000,85.03000
0.34000,0.40000,-0.92000,1.97000,1.95000,3.14000,3.14000,85.44000,101.95000
0.34000,0.39000,-0.92000,2.61000,2.43000,3.11000,3.12000,85.44000,101.95000
0.35000,0.39000,-0.91000,3.36000,2.84000,2.95000,2.96000,76.24000,99.45000
0.35000,0.38000,-0.90000,3.57000,3.18000,2.07000,2.29000,76.24000,99.45000
0.36000,0.37000,-0.89000,3.65000,3.38000,1.49000,1.80000,42.09000,73.92000
0.36000,0.37000,-0.90000,2.99000,3.03000,1.37000,1.76000,42.09000,73.92000
0.36000,0.36000,-0.91000,1.91000,2.47000,1.35000,1.78000,36.11000,67.57000
0.36000,0.36000,-0.92000,1.04000,2.01000,1.36000,1.77000,36.11000,67.57000
0.37000,0.36000,-0.95000,0.27000,1.62000,1.45000,1.77000,57.04000,75.15000
0.37000,0.36000,-0.96000,0.44000,1.25000,2.82000,2.84000,57.04000,75.15000
0.37000,0.36000,-0.97000,1.02000,1.16000,3.25000,3.25000,95.50000,107.41000
0.37000,0.35000,-0.96000,2.16000,1.87000,3.27000,3.27000,95.50000,107.41000
0.37000,0.35000,-0.94000,3.34000,2.41000,1.85000,1.28000,65.58000,80.51000
0.38000,0.34000,-0.93000,3.15000,2.20000,1.80000,1.32000,65.58000,80.51000
0.38000,0.34000,-0.92000,2.62000,2.14000,1.76000,1.38000,47.39000,73.55000
0.38000,0.34000,-0.92000,1.79000,1.83000,1.77000,1.44000,47.39000,73.55000
0.39000,0.33000,-0.93000,1.33000,1.81000,1.76000,1.42000,59.55000,74.81000
0.39000,0.33000,-0.94000,0.75000,1.74000,1.77000,1.36000,59.55000,74.81000
0.39000,0.33000,-0.96000,0.79000,1.70000,1.83000,1.29000,76.07000,71.69000
0.39000,0.33000,-0.96000,1.41000,1.58000,1.89000,1.24000,76.07000,71.69000
0.39000,0.32000,-0.95000,2.14000,1.35000,1.90000,1.22000,73.71000,70.44000
0.40000,0.32000,-0.93000,2.22000,1.16000,1.87000,1.26000,73.71000,70.44000
0.40000,0.32000,-0.91000,2.26000,0.91000,1.82000,1.31000,63.20000,75.82000
0.40000,0.31000,-0.88000,2.22000,0.98000,1.75000,1.41000,63.20000,75.82000
0.40000,0.31000,-0.87000,1.87000,1.22000,2.59000,2.54000,72.32000,98.03000
0.40000,0.31000,-0.87000,2.07000,1.70000,3.12000,3.11000,72.32000,98.03000
0.41000,0.30000,-0.87000,2.20000,2.45000,3.25000,3.24000,86.62000,107.05000
0.41000,0.30000,-0.88000,2.43000,2.80000,3.16000,3.15000,86.62000,107.05000
0.42000,0.29000,-0.89000,2.64000,3.34000,2.90000,2.88000,83.18000,94.38000
0.42000,0.29000,-0.90000,2.74000,3.38000,2.01000,1.76000,83.18000,94.38000
0.42000,0.28000,-0.91000,2.86000,3.28000,1.75000,1.39000,64.13000,63.82000
0.43000,0.28000,-0.90000,2.86000,2.55000,1.78000,1.34000,64.13000,63.82000
0.43000,0.27000,-0.89000,2.57000,1.78000,1.78000,1.34000,56.75000,63.60000
0.43000,0.27000,-0.87000,2.30000,1.14000,1.75000,1.39000,56.75000,63.60000
0.44000,0.27000,-0.85000,1.87000,0.89000,2.28000,2.07000,66.16000,88.37000
0.44000,0.27000,-0.84000,1.95000,1.16000,3.14000,3.13000,66.16000,88.37000
0.44000,0.26000,-0.83000,2.12000,1.56000,3.27000,3.27000,86.17000,111.70000
0.44000,0.26000,-0.82000,2.47000,2.16000,3.07000,3.08000,86.17000,111.70000
0.45000,0.25000,-0.82000,3.13000,3.05000,2.74000,2.76000,78.29000,101.79000
0.45000,0.25000,-0.82000,3.42000,3.38000,2.33000,2.46000,78.29000,101.79000
0.46000,0.24000,-0.81000,3.57000,3.42000,1.80000,2.04000,51.51000,76.26000
0.46000,0.24000,-0.81000,3.07000,2.97000,1.42000,1.76000,51.51000,76.26000
0.47000,0.23000,-0.81000,2.49000,2.49000,3.20000,3.21000,68.11000,91.91000
0.47000,0.23000,-0.82000,2.24000,2.39000,3.20000,3.20000,68.11000,91.91000
0.48000,0.23000,-0.81000,2.59000,2.51000,3.24000,3.24000,81.87000,102.57000
0.48000,0.22000,-0.81000,3.22000,3.07000,3.21000,3.22000,81.87000,102.57000
0.49000,0.22000,-0.81000,3.53000,3.44000,3.14000,3.15000,71.84000,96.12000
0.49000,0.21000,-0.81000,3.57000,3.47000,3.08000,3.09000,71.84000,96.12000
0.50000,0.20000,-0.81000,3.40000,3.51000,2.99000,3.00000,63.76000,88.43000
0.50000,0.20000,-0.81000,3.11000,3.28000,3.03000,3.04000,63.76000,88.43000
0.51000,0.19000,-0.82000,2.64000,3.03000,3.10000,3.11000,68.79000,90.05000
0.51000,0.19000,-0.83000,2.34000,2.82000,3.24000,3.24000,68.79000,90.05000
0.51000,0.19000,-0.84000,2.39000,2.84000,3.27000,3.27000,82.83000,98.31000
0.52000,0.18000,-0.84000,2.64000,3.03000,3.14000,3.13000,82.83000,98.31000
0.52000,0.18000,-0.85000,3.03000,3.15000,2.82000,2.79000,77.24000,90.75000
0.53000,0.17000,-0.85000,3.15000,3.09000,2.57000,2.53000,77.24000,90.75000
0.53000,0.17000,-0.84000,3.24000,3.05000,2.52000,2.45000,66.07000,83.21000
0.54000,0.16000,-0.84000,3.07000,2.91000,2.60000,2.55000,66.07000,83.21000
0.54000,0.16000,-0.84000,2.74000,2.59000,2.65000,2.61000,65.45000,84.62000
0.54000,0.15000,-0.84000,2.32000,2.37000,2.69000,2.65000,65.45000,84.62000
0.55000,0.15000,-0.85000,1.93000,2.49000,2.50000,2.41000,71.90000,87.92000
0.55000,0.14000,-0.86000,1.85000,2.34000,1.82000,1.53000,71.90000,87.92000
0.55000,0.14000,-0.87000,1.87000,2.41000,1.76000,1.37000,69.00000,72.95000
0.56000,0.14000,-0.87000,1.70000,2.12000,1.81000,1.31000,69.00000,72.95000
0.56000,0.13000,-0.88000,1.66000,1.85000,1.86000,1.27000,72.14000,68.93000
0.56000,0.13000,-0.87000,1.78000,1.39000,1.90000,1.23000,72.14000,68.93000
0.56000,0.13000,-0.85000,2.24000,1.16000,1.91000,1.22000,72.58000,74.00000
0.57000,0.13000,-0.83000,2.34000,0.95000,1.89000,1.23000,72.58000,74.00000
0.57000,0.12000,-0.80000,2.64000,1.14000,1.82000,1.30000,63.59000,80.78000
0.57000,0.12000,-0.78000,2.49000,1.41000,1.76000,1.42000,63.59000,80.78000
0.58000,0.12000,-0.76000,2.43000,1.39000,2.51000,2.43000,68.65000,92.99000
0.58000,0.11000,-0.75000,2.30000,1.93000,3.24000,3.24000,68.65000,92.99000
0.58000,0.11000,-0.75000,2.18000,2.20000,3.28000,3.28000,83.11000,104.05000
0.59000,0.11000,-0.76000,2.64000,2.82000,3.28000,3.28000,83.11000,104.05000
0.59000,0.10000,-0.76000,3.07000,3.32000,3.27000,3.27000,83.88000,98.62000
0.60000,0.10000,-0.76000,3.32000,3.28000,3.22000,3.21000,83.88000,98.62000
0.60000,0.09000,-0.75000,3.80000,3.28000,3.22000,3.22000,76.72000,93.71000
0.61000,0.09000,-0.75000,3.69000,3.38000,3.28000,3.28000,76.72000,93.71000
0.61000,0.08000,-0.74000,3.59000,3.26000,3.20000,3.21000,70.22000,91.63000
0.62000,0.08000,-0.73000,3.53000,3.13000,3.02000,3.03000,70.22000,91.63000
0.63000,0.07000,-0.73000,3.28000,3.16000,2.56000,2.60000,60.09000,85.18000
0.63000,0.07000,-0.73000,2.82000,3.05000,2.16000,2.36000,60.09000,85.18000
0.63000,0.06000,-0.74000,2.45000,2.86000,2.41000,2.50000,62.65000,81.76000
0.64000,0.06000,-0.75000,2.24000,2.74000,2.85000,2.87000,62.65000,81.76000
0.64000,0.05000,-0.76000,1.99000,2.53000,3.15000,3.16000,80.01000,93.00000
0.65000,0.05000,-0.77000,2.26000,2.61000,3.28000,3.28000,80.01000,93.00000
0.65000,0.05000,-0.77000,2.64000,2.76000,3.25000,3.25000,86.62000,98.68000
0.66000,0.04000,-0.77000,2.86000,2.78000,3.21000,3.20000,86.62000,98.68000
0.66000,0.04000,-0.76000,3.24000,3.03000,3.22000,3.21000,83.09000,99.53000
0.67000,0.03000,-0.76000,3.38000,3.28000,3.26000,3.25000,83.09000,99.53000
0.67000,0.03000,-0.76000,3.47000,3.38000,3.27000,3.27000,78.17000,95.42000
0.68000,0.02000,-0.76000,3.49000,3.36000,3.27000,3.27000,78.17000,95.42000
0.68000,0.02000,-0.76000,3.36000,3.36000,3.28000,3.28000,76.13000,94.33000
0.69000,0.01000,-0.76000,3.07000,3.17000,3.28000,3.28000,76.13000,94.33000
