0.00000,0.70000,0.00000,0.00000,0.00000,-0.00000,0.00000,-0.00000,0.00000
0.00000,0.70000,0.00000,0.00000,0.00000,3.28000,3.28000,-0.00000,0.00000
0.00000,0.70000,0.00000,0.00000,0.00000,3.28000,3.28000,49.25000,49.25000
0.00000,0.70000,0.00000,0.10000,0.00000,3.28000,3.28000,49.25000,49.25000
0.00000,0.70000,0.00000,0.00000,0.00000,3.28000,3.28000,67.28000,68.86000
0.00000,0.70000,0.00000,0.02000,0.00000,3.28000,3.28000,67.28000,68.86000
0.00000,0.70000,0.00000,0.00000,0.00000,3.27000,3.28000,87.53000,88.49000
0.00000,0.70000,0.02000,0.73000,0.00000,3.27000,3.28000,87.53000,88.49000
0.00000,0.70000,0.04000,1.60000,0.00000,2.98000,2.99000,92.03000,103.92000
0.00000,0.70000,0.08000,1.99000,0.00000,1.40000,1.75000,92.03000,103.92000
0.01000,0.70000,0.13000,2.51000,0.00000,1.26000,1.86000,60.82000,104.91000
0.01000,0.70000,0.17000,2.30000,0.00000,1.14000,1.98000,60.82000,104.91000
0.01000,0.70000,0.20000,1.74000,0.00000,1.06000,2.06000,48.75000,119.07000
0.01000,0.70000,0.22000,1.10000,0.00000,1.02000,2.11000,48.75000,119.07000
0.01000,0.70000,0.23000,0.83000,0.00000,1.00000,2.13000,58.37000,132.43000
0.02000,0.70000,0.25000,0.69000,0.00000,0.98000,2.14000,58.37000,132.43000
0.02000,0.70000,0.25000,0.44000,0.00000,0.97000,2.15000,63.61000,145.58000
0.02000,0.70000,0.26000,0.42000,0.00000,0.97000,2.16000,63.61000,145.58000
0.02000,0.70000,0.27000,0.52000,0.00000,0.96000,2.16000,69.20000,158.66000
0.02000,0.70000,0.28000,0.66000,0.00000,0.95000,2.17000,69.20000,158.66000
0.02000,0.70000,0.30000,0.95000,0.00000,0.95000,2.18000,68.54000,171.85000
0.02000,0.70000,0.32000,1.27000,0.00000,0.94000,2.19000,68.54000,171.85000
0.02000,0.70000,0.34000,1.06000,0.00000,0.93000,2.19000,60.94000,185.17000
0.02000,0.70000,0.36000,0.85000,0.00000,0.92000,2.20000,60.94000,185.17000
0.02000,0.70000,0.37000,0.77000,0.02000,0.92000,2.20000,65.01000,198.48000
0.02000,0.70000,0.38000,0.75000,0.00000,0.92000,2.21000,65.01000,198.48000
0.02000,0.70000,0.40000,0.58000,0.00000,0.92000,2.21000,66.92000,211.78000
0.02000,0.70000,0.40000,0.48000,0.00000,0.91000,2.21000,66.92000,211.78000
0.03000,0.70000,0.41000,0.56000,0.00000,0.91000,2.21000,71.95000,225.05000
0.03000,0.71000,0.43000,0.66000,0.02000,0.91000,2.21000,71.95000,225.05000
0.03000,0.71000,0.42000,0.95000,1.39000,0.91000,2.21000,71.73000,238.02000
0.03000,0.71000,0.39000,1.16000,2.64000,0.91000,2.21000,71.73000,238.02000
0.04000,0.71000,0.36000,1.08000,3.03000,0.91000,2.21000,65.80000,211.92000
0.04000,0.71000,0.33000,1.24000,2.95000,0.92000,2.21000,65.80000,211.92000
0.04000,0.71000,0.30000,1.25000,2.66000,0.93000,2.20000,63.24000,204.53000
0.05000,0.71000,0.27000,1.12000,2.61000,0.93000,2.19000,63.24000,204.53000
0.05000,0.72000,0.24000,1.06000,2.66000,0.95000,2.18000,63.50000,204.74000
0.06000,0.72000,0.22000,1.18000,2.68000,0.96000,2.16000,63.50000,204.74000
0.06000,0.72000,0.19000,1.04000,2.76000,0.98000,2.14000,62.09000,200.63000
0.07000,0.72000,0.15000,1.02000,2.78000,1.01000,2.11000,62.09000,200.63000
0.07000,0.72000,0.12000,1.06000,2.86000,1.05000,2.07000,64.45000,194.78000
0.07000,0.72000,0.09000,1.20000,2.68000,1.11000,2.02000,64.45000,194.78000
0.08000,0.72000,0.07000,1.12000,2.66000,1.17000,1.96000,63.56000,190.37000
0.08000,0.72000,0.04000,1.14000,2.68000,1.24000,1.89000,63.56000,190.37000
0.09000,0.72000,0.01000,1.22000,2.64000,1.33000,1.80000,66.70000,183.64000
0.09000,0.72000,-0.01000,1.20000,2.72000,1.58000,1.86000,66.70000,183.64000
0.10000,0.72000,-0.03000,1.33000,2.47000,3.20000,3.21000,95.02000,198.93000
0.10000,0.72000,-0.05000,1.97000,2.55000,3.09000,3.08000,95.02000,198.93000
0.11000,0.72000,-0.05000,2.57000,2.61000,2.53000,2.47000,85.44000,193.35000
0.11000,0.72000,-0.04000,2.82000,2.61000,2.48000,2.37000,85.44000,193.35000
0.12000,0.72000,-0.05000,2.72000,2.93000,2.72000,2.69000,78.83000,195.13000
0.12000,0.72000,-0.06000,2.47000,3.03000,2.46000,2.33000,78.83000,195.13000
0.13000,0.72000,-0.07000,2.55000,3.18000,1.86000,1.58000,70.68000,172.81000
0.14000,0.72000,-0.08000,2.41000,2.93000,1.75000,1.39000,70.68000,172.81000
0.14000,0.72000,-0.09000,2.16000,2.70000,1.78000,1.34000,66.74000,162.09000
0.15000,0.72000,-0.10000,1.91000,2.53000,1.81000,1.31000,66.74000,162.09000
0.15000,0.72000,-0.11000,1.85000,2.49000,1.85000,1.27000,71.54000,157.41000
0.16000,0.72000,-0.12000,1.68000,2.37000,1.89000,1.24000,71.54000,157.41000
0.16000,0.72000,-0.13000,1.74000,2.45000,1.93000,1.20000,75.73000,151.25000
0.17000,0.71000,-0.15000,1.66000,2.26000,1.96000,1.16000,75.73000,151.25000
0.17000,0.71000,-0.15000,1.95000,2.24000,1.99000,1.14000,78.42000,144.91000
0.18000,0.71000,-0.15000,2.08000,2.10000,2.00000,1.13000,78.42000,144.91000
0.18000,0.71000,-0.15000,2.30000,1.99000,2.00000,1.12000,74.40000,140.44000
0.19000,0.71000,-0.14000,2.43000,2.05000,1.99000,1.13000,74.40000,140.44000
0.19000,0.71000,-0.13000,2.49000,2.14000,1.98000,1.15000,68.31000,135.57000
0.19000,0.71000,-0.13000,2.16000,1.99000,1.96000,1.16000,68.31000,135.57000
0.20000,0.71000,-0.13000,2.08000,1.95000,1.96000,1.16000,69.37000,131.32000
0.20000,0.71000,-0.12000,1.95000,1.72000,1.96000,1.17000,69.37000,131.32000
0.21000,0.71000,-0.12000,1.78000,1.74000,1.95000,1.18000,71.11000,130.59000
0.21000,0.71000,-0.13000,1.41000,1.76000,1.95000,1.18000,71.11000,130.59000
0.21000,0.71000,-0.14000,1.31000,1.87000,1.96000,1.16000,79.41000,126.44000
0.22000,0.71000,-0.15000,1.33000,1.76000,1.99000,1.14000,79.41000,126.44000
0.22000,0.71000,-0.15000,1.68000,1.66000,2.01000,1.12000,84.63000,122.22000
0.23000,0.71000,-0.14000,2.07000,1.70000,2.01000,1.12000,84.63000,122.22000
0.23000,0.71000,-0.12000,2.57000,1.72000,1.99000,1.13000,77.32000,119.46000
0.24000,0.71000,-0.11000,2.64000,1.89000,1.96000,1.16000,77.32000,119.46000
0.24000,0.70000,-0.10000,2.68000,1.83000,1.93000,1.20000,67.44000,114.21000
0.25000,0.70000,-0.08000,2.57000,1.51000,1.89000,1.24000,67.44000,114.21000
0.25000,0.70000,-0.06000,2.37000,1.43000,1.83000,1.29000,62.63000,117.12000
0.25000,0.70000,-0.05000,2.03000,1.43000,1.77000,1.35000,62.63000,117.12000
0.26000,0.70000,-0.04000,1.74000,1.47000,1.76000,1.41000,65.16000,118.82000
0.26000,0.70000,-0.03000,1.74000,1.18000,1.79000,1.48000,65.16000,118.82000
0.26000,0.70000,-0.03000,1.74000,1.29000,2.18000,1.95000,74.18000,130.52000
0.27000,0.70000,-0.02000,1.78000,1.52000,2.73000,2.70000,74.18000,130.52000
0.27000,0.70000,-0.01000,2.10000,1.41000,2.98000,2.96000,88.17000,145.31000
0.28000,0.70000,0.01000,2.55000,1.83000,3.27000,3.26000,88.17000,145.31000
0.28000,0.70000,0.03000,2.95000,1.80000,3.16000,3.17000,86.61000,152.48000
0.29000,0.70000,0.05000,3.18000,2.05000,1.83000,2.07000,86.61000,152.48000
0.29000,0.70000,0.07000,3.47000,2.24000,1.37000,1.76000,53.95000,136.01000
0.30000,0.70000,0.08000,2.95000,2.45000,1.28000,1.84000,53.95000,136.01000
0.30000,0.70000,0.07000,2.12000,2.32000,1.26000,1.87000,44.86000,129.95000
0.31000,0.70000,0.06000,1.27000,2.26000,1.26000,1.86000,44.86000,129.95000
0.31000,0.70000,0.03000,0.81000,2.26000,1.32000,1.80000,60.92000,128.25000
0.32000,0.71000,-0.00000,0.50000,2.18000,1.53000,1.82000,60.92000,128.25000
0.32000,0.71000,-0.03000,0.58000,2.20000,3.23000,3.24000,101.42000,148.24000
0.32000,0.70000,-0.04000,1.60000,2.28000,2.55000,2.51000,101.42000,148.24000
0.33000,0.70000,-0.04000,2.80000,2.49000,1.84000,1.56000,80.53000,127.91000
0.33000,0.70000,-0.02000,3.15000,2.37000,2.07000,1.83000,80.53000,127.91000
0.34000,0.70000,-0.01000,3.24000,2.26000,2.96000,2.94000,75.33000,143.00000
0.35000,0.70000,0.01000,3.20000,2.53000,3.28000,3.28000,75.33000,143.00000
0.35000,0.70000,0.01000,2.97000,2.61000,3.06000,3.07000,75.10000,145.96000
0.36000,0.70000,0.02000,2.80000,2.57000,2.75000,2.78000,75.10000,145.96000
0.36000,0.70000,0.03000,2.62000,2.18000,2.40000,2.49000,70.25000,139.91000
0.37000,0.70000,0.03000,2.32000,2.26000,1.71000,1.97000,70.25000,139.91000
0.38000,0.70000,0.02000,2.24000,2.78000,1.64000,1.91000,63.66000,135.35000
0.38000,0.70000,0.01000,2.10000,2.49000,2.40000,2.49000,63.66000,135.35000
0.39000,0.70000,0.00000,1.81000,2.32000,2.90000,2.92000,81.81000,144.90000
0.39000,0.70000,-0.01000,1.87000,2.32000,3.20000,3.21000,81.81000,144.90000
0.40000,0.70000,-0.01000,2.51000,2.70000,3.28000,3.28000,95.83000,155.45000
0.40000,0.70000,-0.01000,2.66000,2.78000,3.26000,3.26000,95.83000,155.45000
0.41000,0.70000,-0.02000,2.72000,2.91000,3.24000,3.23000,91.83000,153.63000
0.41000,0.70000,-0.02000,2.78000,2.95000,3.18000,3.17000,91.83000,153.63000
0.42000,0.70000,-0.02000,2.95000,2.74000,3.10000,3.08000,91.31000,151.61000
0.43000,0.70000,-0.00000,3.24000,2.57000,3.19000,3.18000,91.31000,151.61000
0.43000,0.70000,0.00000,3.20000,2.68000,3.27000,3.27000,88.95000,160.83000
0.44000,0.70000,0.01000,3.42000,3.05000,3.09000,3.10000,88.95000,160.83000
0.45000,0.70000,0.02000,3.51000,3.03000,2.78000,2.80000,78.94000,150.82000
0.46000,0.70000,0.03000,3.32000,2.99000,1.99000,2.21000,78.94000,150.82000
0.46000,0.70000,0.03000,2.93000,2.99000,1.60000,1.87000,58.92000,136.33000
0.47000,0.70000,0.02000,2.51000,2.80000,1.63000,1.90000,58.92000,136.33000
0.47000,0.70000,0.01000,1.95000,2.59000,1.92000,2.15000,65.61000,136.63000
0.48000,0.70000,-0.01000,1.91000,2.66000,2.87000,2.89000,65.61000,136.63000
0.48000,0.70000,-0.02000,1.74000,2.53000,3.26000,3.26000,91.11000,151.51000
0.49000,0.70000,-0.02000,2.49000,2.74000,3.17000,3.16000,91.11000,151.51000
0.50000,0.70000,-0.02000,3.03000,2.78000,3.03000,3.01000,87.06000,150.22000
0.50000,0.70000,-0.01000,3.32000,2.99000,3.16000,3.15000,87.06000,150.22000
0.51000,0.70000,-0.01000,3.36000,3.01000,3.26000,3.26000,81.30000,151.76000
0.52000,0.70000,-0.00000,3.32000,3.15000,3.28000,3.28000,81.30000,151.76000
0.52000,0.70000,-0.00000,3.20000,3.22000,3.25000,3.25000,80.76000,150.81000
0.53000,0.70000,-0.01000,3.05000,3.15000,3.25000,3.25000,80.76000,150.81000
0.54000,0.70000,-0.01000,3.20000,3.20000,3.27000,3.27000,84.69000,151.69000
0.55000,0.70000,-0.01000,3.22000,3.15000,3.27000,3.27000,84.69000,151.69000
0.55000,0.70000,-0.00000,3.24000,3.03000,3.26000,3.26000,83.35000,152.23000
0.56000,0.70000,0.00000,3.28000,3.11000,3.20000,3.21000,83.35000,152.23000
0.57000,0.70000,0.00000,3.15000,3.09000,3.13000,3.14000,80.71000,151.64000
0.57000,0.70000,0.00000,3.01000,3.11000,3.09000,3.10000,80.71000,151.64000
0.58000,0.70000,0.00000,2.99000,2.97000,3.14000,3.15000,84.01000,151.93000
0.59000,0.70000,0.01000,3.11000,2.86000,3.12000,3.13000,84.01000,151.93000
0.59000,0.70000,0.01000,3.30000,2.95000,2.95000,2.97000,80.48000,153.23000
0.60000,0.70000,0.01000,3.03000,3.01000,2.54000,2.59000,80.48000,153.23000
0.61000,0.70000,0.01000,2.91000,3.15000,2.48000,2.53000,73.61000,145.15000
0.61000,0.70000,0.00000,2.53000,2.95000,2.78000,2.81000,73.61000,145.15000
0.62000,0.70000,-0.01000,2.10000,2.88000,3.10000,3.11000,87.10000,151.86000
0.63000,0.70000,-0.03000,2.18000,2.84000,3.28000,3.28000,87.10000,151.86000
0.63000,0.70000,-0.03000,2.70000,2.88000,3.04000,3.03000,94.98000,153.23000
0.64000,0.70000,-0.03000,3.03000,2.97000,2.89000,2.87000,94.98000,153.23000
0.65000,0.70000,-0.02000,3.36000,2.99000,2.93000,2.91000,85.67000,150.67000
0.65000,0.70000,-0.01000,3.49000,2.72000,3.15000,3.14000,85.67000,150.67000
0.66000,0.70000,0.01000,3.40000,2.66000,3.27000,3.27000,83.29000,159.45000
0.67000,0.70000,0.02000,3.28000,2.55000,2.92000,2.93000,83.29000,159.45000
0.67000,0.70000,0.03000,3.11000,2.51000,1.83000,2.07000,63.59000,147.32000
0.68000,0.70000,0.04000,2.76000,2.39000,1.43000,1.76000,63.59000,147.32000
0.68000,0.70000,0.03000,2.18000,2.30000,1.37000,1.76000,55.79000,142.23000
0.69000,0.70000,0.03000,1.66000,2.18000,1.38000,1.76000,55.79000,142.23000
0.69000,0.70000,0.01000,1.12000,2.05000,1.47000,1.78000,65.42000,141.89000
0.69000,0.70000,-0.01000,1.16000,1.97000,2.55000,2.59000,65.42000,141.89000
0.70000,0.70000,-0.02000,1.49000,2.03000,3.20000,3.20000,97.65000,163.94000
0.70000,0.70000,-0.02000,1.95000,2.01000,3.28000,3.28000,97.65000,163.94000
0.71000,0.70000,-0.01000,2.99000,2.39000,3.27000,3.27000,99.18000,171.74000
0.72000,0.70000,0.01000,3.44000,2.37000,3.20000,3.20000,99.18000,171.74000
0.72000,0.70000,0.03000,3.61000,2.59000,2.01000,2.23000,65.78000,158.39000
0.73000,0.70000,0.04000,3.17000,2.55000,1.38000,1.76000,65.78000,158.39000
0.73000,0.70000,0.05000,2.68000,2.47000,1.33000,1.79000,51.04000,148.21000
0.74000,0.70000,0.04000,1.91000,2.18000,1.31000,1.81000,51.04000,148.21000
0.74000,0.71000,0.02000,1.29000,2.28000,1.33000,1.80000,58.88000,149.30000
0.75000,0.71000,0.00000,0.95000,2.18000,1.41000,1.75000,58.88000,149.30000
0.75000,0.71000,-0.02000,0.79000,2.24000,2.59000,2.63000,88.60000,159.44000
0.75000,0.71000,-0.04000,1.20000,2.24000,3.26000,3.26000,88.60000,159.44000
0.76000,0.70000,-0.05000,2.16000,2.39000,2.58000,2.53000,94.53000,159.82000
0.76000,0.70000,-0.04000,2.74000,2.45000,2.28000,2.06000,94.53000,159.82000
0.77000,0.70000,-0.03000,3.01000,2.41000,2.58000,2.53000,79.70000,158.43000
0.78000,0.70000,-0.03000,2.80000,2.53000,3.10000,3.09000,79.70000,158.43000
0.78000,0.70000,-0.02000,2.76000,2.34000,3.21000,3.20000,87.27000,167.74000
0.79000,0.70000,-0.01000,2.84000,2.49000,3.28000,3.28000,87.27000,167.74000
0.79000,0.70000,-0.01000,2.99000,2.68000,3.24000,3.24000,89.55000,172.99000
0.80000,0.70000,0.00000,3.01000,2.51000,3.12000,3.12000,89.55000,172.99000
0.81000,0.70000,0.01000,3.09000,2.82000,2.67000,2.71000,80.95000,169.13000
0.81000,0.70000,0.01000,2.74000,2.70000,2.13000,2.34000,80.95000,169.13000
0.82000,0.70000,0.00000,2.53000,2.78000,2.00000,2.22000,72.82000,160.17000
0.83000,0.70000,-0.02000,2.12000,3.45000,2.34000,2.47000,72.82000,160.17000
0.83000,0.70000,-0.05000,1.95000,3.40000,3.28000,3.28000,96.93000,162.01000
0.84000,0.70000,-0.07000,2.45000,3.63000,2.45000,2.31000,96.93000,162.01000
0.85000,0.70000,-0.08000,2.95000,3.49000,1.76000,1.38000,76.09000,129.78000
0.85000,0.70000,-0.08000,3.22000,3.09000,1.79000,1.33000,76.09000,129.78000
0.86000,0.70000,-0.07000,2.99000,2.89000,1.79000,1.33000,60.98000,123.59000
0.87000,0.70000,-0.08000,2.55000,2.59000,1.80000,1.33000,60.98000,123.59000
0.87000,0.70000,-0.08000,2.08000,2.37000,1.81000,1.32000,62.62000,120.27000
0.87000,0.70000,-0.09000,1.78000,2.26000,1.83000,1.29000,62.62000,120.27000
0.88000,0.70000,-0.10000,1.62000,2.30000,1.87000,1.26000,70.61000,116.68000
0.88000,0.70000,-0.11000,1.70000,2.07000,1.92000,1.21000,70.61000,116.68000
0.89000,0.70000,-0.11000,1.95000,2.03000,1.94000,1.18000,73.44000,112.35000
0.89000,0.70000,-0.10000,2.32000,1.91000,1.96000,1.17000,73.44000,112.35000
0.90000,0.70000,-0.09000,2.37000,1.89000,1.95000,1.17000,65.66000,109.36000
0.90000,0.70000,-0.08000,2.32000,1.72000,1.94000,1.18000,65.66000,109.36000
0.91000,0.70000,-0.08000,2.24000,1.85000,1.93000,1.20000,63.07000,108.12000
0.91000,0.70000,-0.07000,1.99000,1.74000,1.92000,1.20000,63.07000,108.12000
0.91000,0.70000,-0.07000,1.97000,1.72000,1.92000,1.20000,65.58000,104.75000
0.92000,0.70000,-0.06000,1.93000,1.64000,1.92000,1.20000,65.58000,104.75000
0.92000,0.70000,-0.06000,1.95000,1.62000,1.92000,1.20000,66.10000,103.07000
0.93000,0.70000,-0.05000,1.87000,1.64000,1.92000,1.21000,66.10000,103.07000
0.93000,0.70000,-0.04000,1.81000,1.39000,1.92000,1.20000,66.99000,100.44000
0.93000,0.70000,-0.04000,1.91000,1.45000,1.92000,1.21000,66.99000,100.44000
0.94000,0.70000,-0.02000,1.93000,1.18000,1.91000,1.22000,66.50000,100.83000
0.94000,0.70000,-0.01000,1.87000,1.20000,1.89000,1.24000,66.50000,100.83000
0.94000,0.70000,0.00000,1.85000,1.31000,1.86000,1.26000,66.45000,103.82000
0.95000,0.70000,0.01000,1.99000,1.39000,1.85000,1.27000,66.45000,103.82000
0.95000,0.70000,0.02000,1.76000,1.47000,1.83000,1.29000,64.07000,101.81000
0.96000,0.70000,0.02000,1.76000,1.64000,1.83000,1.29000,64.07000,101.81000
0.96000,0.70000,0.03000,1.76000,1.35000,1.84000,1.28000,66.72000,97.31000
0.96000,0.70000,0.03000,1.74000,1.43000,1.84000,1.28000,66.72000,97.31000
0.97000,0.70000,0.04000,1.62000,1.37000,1.84000,1.28000,67.52000,98.25000
0.97000,0.70000,0.04000,1.60000,1.20000,1.85000,1.27000,67.52000,98.25000
0.97000,0.70000,0.05000,1.72000,1.45000,1.86000,1.27000,70.49000,100.60000
0.98000,0.70000,0.05000,1.66000,1.29000,1.87000,1.25000,70.49000,100.60000
0.98000,0.70000,0.07000,1.91000,1.29000,-0.65000,-1.75000,33.47000,54.45000
0.98000,0.70000,0.08000,1.20000,0.58000,-0.75000,-1.87000,33.47000,54.45000
0.98000,0.70000,0.08000,0.37000,0.00000,-0.80000,-1.94000,24.27000,43.90000
0.98000,0.70000,0.08000,0.00000,0.00000,-0.81000,-1.97000,24.27000,43.90000
0.98000,0.70000,0.08000,0.00000,0.00000,-0.81000,-1.97000,30.08000,37.11000
0.98000,0.70000,0.08000,0.00000,0.00000,-0.81000,-1.97000,30.08000,37.11000
0.98000,0.70000,0.08000,0.00000,0.00000,-0.81000,-1.97000,25.21000,25.30000
0.98000,0.70000,0.08000,0.00000,0.00000,-0.81000,-1.97000,25.21000,25.30000
0.98000,0.70000,0.08000,0.00000,0.00000,-0.81000,-1.97000,20.33000,13.48000
0.98000,0.70000,0.08000,0.00000,0.00000,-0.81000,-1.97000,20.33000,13.48000
0.98000,0.70000,0.08000,0.00000,0.00000,-0.81000,-1.97000,15.45000,1.67000
0.98000,0.70000,0.08000,0.00000,0.00000,-0.81000,-1.97000,15.45000,1.67000
0.98000,0.70000,0.08000,0.00000,0.00000,-0.81000,-1.97000,10.58000,-10.14000
0.98000,0.70000,0.08000,0.00000,0.00000,-0.81000,-1.97000,10.58000,-10.14000
0.98000,0.70000,0.08000,0.00000,0.00000,-0.81000,-1.97000,5.70000,-21.95000
0.98000,0.70000,0.08000,0.00000,0.00000,-0.81000,-1.97000,5.70000,-21.95000
0.98000,0.70000,0.08000,0.00000,0.00000,-0.81000,-1.97000,0.82000,-33.76000
0.98000,0.70000,0.08000,0.00000,0.00000,-0.81000,-1.97000,0.82000,-33.76000
0.98000,0.70000,0.08000,0.00000,0.00000,-0.81000,-1.97000,-4.06000,-45.57000
0.98000,0.70000,0.08000,0.00000,0.00000,-0.81000,-1.97000,-4.06000,-45.57000
0.98000,0.70000,0.08000,0.00000,0.00000,-0.81000,-1.97000,-8.93000,-57.38000
0.98000,0.70000,0.08000,0.00000,0.00000,-0.81000,-1.97000,-8.93000,-57.38000
0.98000,0.70000,0.08000,0.00000,0.00000,-0.81000,-1.97000,-13.81000,-69.20000
0.98000,0.70000,0.08000,0.00000,0.00000,-0.81000,-1.97000,-13.81000,-69.20000
0.98000,0.70000,0.08000,0.00000,-0.02000,-0.81000,-1.97000,-18.69000,-81.01000
0.98000,0.70000,0.08000,0.00000,0.00000,-0.81000,-1.97000,-18.69000,-81.01000
0.98000,0.70000,0.08000,-0.02000,0.00000,-0.81000,-1.97000,-23.57000,-92.83000
0.98000,0.70000,0.08000,0.00000,-0.02000,-0.81000,-1.97000,-23.57000,-92.83000
0.98000,0.70000,0.08000,0.00000,0.00000,-0.81000,-1.97000,-28.45000,-104.32000
0.98000,0.70000,0.08000,0.00000,0.00000,-0.81000,-1.97000,-28.45000,-104.32000
0.98000,0.70000,0.08000,-0.02000,0.00000,-0.81000,-1.97000,-33.32000,-116.32000
0.98000,0.70000,0.08000,0.00000,0.00000,-0.81000,-1.97000,-33.32000,-116.32000
0.98000,0.70000,0.08000,0.00000,0.00000,-0.81000,-1.97000,-38.19000,-128.12000
0.98000,0.70000,0.09000,0.00000,-0.08000,-0.81000,-1.97000,-38.19000,-128.12000
0.98000,0.70000,0.09000,0.00000,0.00000,-0.81000,-1.97000,-43.09000,-138.72000
0.98000,0.70000,0.09000,0.00000,0.00000,-0.81000,-1.97000,-43.09000,-138.72000
0.98000,0.70000,0.09000,0.00000,0.00000,-0.81000,-1.97000,-47.97000,-151.28000
0.98000,0.70000,0.09000,0.00000,0.00000,-0.81000,-1.97000,-47.97000,-151.28000
0.98000,0.70000,0.09000,0.00000,0.00000,-0.81000,-1.97000,-52.85000,-163.11000
0.98000,0.70000,0.09000,0.00000,0.00000,-0.81000,-1.97000,-52.85000,-163.11000
0.98000,0.70000,0.09000,-0.02000,0.00000,-0.81000,-1.97000,-57.74000,-174.93000
0.98000,0.70000,0.09000,0.00000,0.00000,-0.81000,-1.97000,-57.74000,-174.93000
0.98000,0.70000,0.09000,0.00000,0.00000,-0.81000,-1.97000,-62.61000,-186.73000
0.98000,0.70000,0.08000,-0.02000,0.00000,-0.81000,-1.97000,-62.61000,-186.73000
0.98000,0.70000,0.08000,0.00000,0.00000,-0.81000,-1.97000,-67.16000,-198.52000
0.98000,0.70000,0.08000,-0.02000,0.00000,-0.81000,-1.97000,-67.16000,-198.52000
0.98000,0.70000,0.08000,-0.27000,0.00000,-0.81000,-1.97000,-71.90000,-210.31000
0.98000,0.70000,0.07000,-0.29000,0.00000,-0.80000,-1.95000,-71.90000,-210.31000
0.98000,0.70000,0.07000,-0.44000,0.00000,-0.79000,-1.93000,-72.21000,-221.53000
0.98000,0.70000,0.05000,-0.64000,0.00000,-0.76000,-1.89000,-72.21000,-221.53000
0.98000,0.70000,0.04000,-0.87000,0.00000,-0.72000,-1.84000,-68.90000,-231.76000
0.98000,0.70000,0.03000,-0.73000,0.00000,-0.65000,-1.75000,-68.90000,-231.76000
0.98000,0.70000,0.02000,-0.58000,0.00000,-0.58000,-1.66000,-65.99000,-240.10000
0.98000,0.70000,0.01000,-0.52000,0.00000,-0.52000,-1.58000,-65.99000,-240.10000
0.98000,0.70000,0.01000,-0.54000,-0.66000,-0.45000,-1.51000,-66.34000,-247.74000
0.97000,0.70000,0.06000,-0.46000,-3.38000,-0.43000,-1.47000,-66.34000,-247.74000
0.96000,0.70000,0.14000,-0.64000,-4.79000,-0.57000,-1.64000,-68.56000,-208.14000
0.96000,0.70000,0.21000,-0.81000,-4.94000,-0.72000,-1.84000,-68.56000,-208.14000
0.95000,0.69000,0.29000,-0.71000,-4.83000,-0.81000,-1.96000,-67.59000,-179.18000
0.95000,0.69000,0.35000,-0.79000,-4.38000,-0.86000,-2.05000,-67.59000,-179.18000
0.94000,0.69000,0.41000,-1.00000,-4.07000,-0.89000,-2.10000,-69.05000,-171.86000
0.94000,0.69000,0.45000,-1.16000,-3.73000,-0.90000,-2.13000,-69.05000,-171.86000
0.93000,0.69000,0.50000,-1.16000,-3.73000,-0.90000,-2.15000,-64.24000,-168.53000
0.93000,0.68000,0.55000,-1.20000,-3.77000,-0.90000,-2.16000,-64.24000,-168.53000
0.92000,0.68000,0.58000,-1.45000,-3.21000,-0.90000,-2.17000,-62.10000,-158.73000
0.92000,0.68000,0.60000,-1.70000,-3.13000,-0.90000,-2.17000,-62.10000,-158.73000
0.91000,0.67000,0.63000,-1.29000,-2.78000,-0.90000,-2.17000,-52.82000,-158.67000
0.91000,0.67000,0.66000,-0.71000,-2.57000,-0.90000,-2.16000,-52.82000,-158.67000
0.91000,0.67000,0.70000,-0.08000,-2.26000,-0.90000,-2.17000,-62.97000,-161.32000
0.91000,0.67000,0.75000,0.00000,-2.39000,-0.91000,-2.18000,-62.97000,-161.32000
0.90000,0.67000,0.79000,0.00000,-2.37000,-0.90000,-2.19000,-74.77000,-162.06000
0.90000,0.67000,0.83000,-0.02000,-2.34000,-0.91000,-2.20000,-74.77000,-162.06000
0.90000,0.66000,0.88000,-0.02000,-2.57000,-0.91000,-2.21000,-79.91000,-161.72000
0.90000,0.66000,0.93000,-0.04000,-3.07000,-0.91000,-2.21000,-79.91000,-161.72000
0.90000,0.66000,0.99000,-0.29000,-3.28000,-0.91000,-2.21000,-84.93000,-150.09000
0.89000,0.65000,1.03000,-0.83000,-3.24000,-0.91000,-2.21000,-84.93000,-150.09000
0.89000,0.65000,1.06000,-1.41000,-3.07000,-0.91000,-2.21000,-78.32000,-142.49000
0.89000,0.64000,1.08000,-1.78000,-3.01000,-0.91000,-2.21000,-78.32000,-142.49000
0.89000,0.64000,1.10000,-2.16000,-2.86000,-0.91000,-2.21000,-64.47000,-139.75000
0.88000,0.63000,1.11000,-2.26000,-2.92000,-0.91000,-2.21000,-64.47000,-139.75000
0.88000,0.63000,1.12000,-2.10000,-2.74000,-0.91000,-2.21000,-52.04000,-136.15000
0.88000,0.63000,1.13000,-1.85000,-2.59000,-0.90000,-2.19000,-52.04000,-136.15000
0.88000,0.62000,1.15000,-1.39000,-2.47000,-0.90000,-2.17000,-50.07000,-136.19000
0.88000,0.62000,1.18000,-1.08000,-2.70000,-0.89000,-2.12000,-50.07000,-136.19000
0.87000,0.61000,1.22000,-0.75000,-2.82000,-0.87000,-2.06000,-55.37000,-130.44000
0.87000,0.61000,1.26000,-0.75000,-2.80000,-0.81000,-1.96000,-55.37000,-130.44000
0.87000,0.61000,1.29000,-1.00000,-2.72000,-0.66000,-1.76000,-56.03000,-120.66000
0.87000,0.60000,1.32000,-0.89000,-2.59000,-0.28000,-1.30000,-56.03000,-120.66000
0.87000,0.60000,1.35000,-0.77000,-2.32000,-2.21000,-0.91000,-76.61000,-104.77000
0.87000,0.60000,1.36000,-1.16000,-1.89000,-2.21000,-0.91000,-76.61000,-104.77000
0.87000,0.59000,1.36000,-1.54000,-1.56000,-2.21000,-0.91000,-80.49000,-105.22000
0.87000,0.59000,1.36000,-1.45000,-1.33000,-2.21000,-0.91000,-80.49000,-105.22000
0.87000,0.59000,1.35000,-1.54000,-1.27000,-2.21000,-0.91000,-82.44000,-107.74000
0.87000,0.58000,1.34000,-1.66000,-1.14000,-2.21000,-0.91000,-82.44000,-107.74000
0.86000,0.58000,1.33000,-1.66000,-0.95000,-2.21000,-0.91000,-83.89000,-108.03000
0.86000,0.58000,1.32000,-1.66000,-1.02000,-2.21000,-0.91000,-83.89000,-108.03000
0.86000,0.57000,1.30000,-1.81000,-0.68000,-2.21000,-0.91000,-87.21000,-108.50000
0.86000,0.57000,1.27000,-2.10000,-0.58000,-2.21000,-0.91000,-87.21000,-108.50000
0.86000,0.57000,1.24000,-2.16000,-0.39000,-2.21000,-0.91000,-83.99000,-114.40000
0.86000,0.57000,1.21000,-2.14000,-0.60000,-2.21000,-0.91000,-83.99000,-114.40000
0.86000,0.56000,1.19000,-2.03000,-0.79000,-2.21000,-0.91000,-84.08000,-116.08000
0.86000,0.56000,1.17000,-2.01000,-1.10000,-2.21000,-0.91000,-84.08000,-116.08000
0.86000,0.56000,1.15000,-1.95000,-0.89000,-2.21000,-0.91000,-86.40000,-110.49000
0.86000,0.55000,1.13000,-2.20000,-0.87000,-2.21000,-0.91000,-86.40000,-110.49000
0.85000,0.55000,1.10000,-2.43000,-0.85000,-2.21000,-0.91000,-84.76000,-112.81000
0.85000,0.55000,1.07000,-2.49000,-1.06000,-2.21000,-0.92000,-84.76000,-112.81000
0.85000,0.54000,1.05000,-2.51000,-1.12000,-2.21000,-0.92000,-80.40000,-110.32000
0.85000,0.54000,1.02000,-2.41000,-1.02000,-2.20000,-0.92000,-80.40000,-110.32000
0.85000,0.54000,1.01000,-1.97000,-1.14000,-2.20000,-0.92000,-79.90000,-110.19000
0.85000,0.53000,1.00000,-1.68000,-1.16000,-2.20000,-0.92000,-79.90000,-110.19000
0.84000,0.53000,1.00000,-1.16000,-0.91000,-2.20000,-0.92000,-89.55000,-107.45000
0.84000,0.53000,0.99000,-1.04000,-0.79000,-2.20000,-0.92000,-89.55000,-107.45000
0.84000,0.53000,0.98000,-1.25000,-0.79000,-2.20000,-0.92000,-102.34000,-111.60000
0.84000,0.53000,0.97000,-1.78000,-1.10000,-2.20000,-0.92000,-102.34000,-111.60000
0.84000,0.52000,0.94000,-2.57000,-0.98000,-2.20000,-0.92000,-98.14000,-107.74000
0.83000,0.52000,0.90000,-3.22000,-1.18000,-2.20000,-0.93000,-98.14000,-107.74000
0.83000,0.51000,0.86000,-3.55000,-1.27000,-2.20000,-0.93000,-79.07000,-105.53000
0.83000,0.51000,0.82000,-3.36000,-1.22000,-2.19000,-0.93000,-79.07000,-105.53000
0.82000,0.51000,0.79000,-2.86000,-1.22000,-2.18000,-0.94000,-70.60000,-103.57000
0.82000,0.50000,0.77000,-2.43000,-1.29000,-2.18000,-0.95000,-70.60000,-103.57000
0.82000,0.50000,0.76000,-1.93000,-0.98000,-2.18000,-0.95000,-77.49000,-101.00000
0.82000,0.50000,0.73000,-1.83000,-0.15000,-2.18000,-0.95000,-77.49000,-101.00000
0.82000,0.50000,0.70000,-1.70000,0.00000,-2.17000,-0.95000,-84.88000,-116.18000
0.81000,0.50000,0.66000,-1.72000,0.00000,-2.16000,-0.96000,-84.88000,-116.18000
0.81000,0.50000,0.63000,-1.85000,0.00000,-2.15000,-0.97000,-88.22000,-123.48000
0.81000,0.50000,0.59000,-2.16000,0.00000,-2.14000,-0.98000,-88.22000,-123.48000
0.81000,0.49000,0.55000,-2.28000,0.00000,-2.13000,-0.99000,-83.91000,-129.66000
0.81000,0.49000,0.51000,-2.34000,0.00000,-2.12000,-1.01000,-83.91000,-129.66000
0.80000,0.49000,0.46000,-2.55000,0.00000,-2.11000,-1.04000,-80.59000,-136.24000
0.80000,0.49000,0.42000,-2.49000,0.00000,-3.26000,-3.24000,-80.59000,-136.24000
0.80000,0.49000,0.38000,-2.24000,0.00000,-0.94000,-2.18000,-59.50000,-159.69000
0.80000,0.49000,0.35000,-1.66000,0.00000,-0.93000,-2.20000,-59.50000,-159.69000
0.80000,0.49000,0.33000,-1.12000,0.00000,-0.92000,-2.21000,-62.32000,-173.11000
0.80000,0.49000,0.32000,-0.42000,0.00000,-0.91000,-2.21000,-62.32000,-173.11000
0.80000,0.49000,0.32000,-0.12000,0.00000,-0.91000,-2.21000,-76.48000,-186.41000
0.80000,0.49000,0.32000,-0.02000,0.00000,-0.91000,-2.21000,-76.48000,-186.41000
0.80000,0.49000,0.32000,-0.02000,0.00000,-0.91000,-2.21000,-85.38000,-199.68000
0.80000,0.49000,0.32000,0.00000,0.00000,-0.91000,-2.21000,-85.38000,-199.68000
0.80000,0.49000,0.31000,-0.35000,0.00000,-0.91000,-2.21000,-91.05000,-212.95000
0.80000,0.49000,0.30000,-0.60000,0.00000,-0.91000,-2.21000,-91.05000,-212.95000
0.79000,0.49000,0.28000,-0.89000,0.00000,-0.91000,-2.21000,-87.48000,-226.24000
0.79000,0.49000,0.26000,-1.10000,0.00000,-0.91000,-2.21000,-87.48000,-226.24000
0.79000,0.49000,0.24000,-1.08000,0.00000,-0.91000,-2.21000,-81.84000,-239.54000
0.79000,0.49000,0.23000,-0.95000,0.00000,-0.91000,-2.21000,-81.84000,-239.54000
0.79000,0.49000,0.21000,-0.83000,0.00000,-0.91000,-2.21000,-82.86000,-252.81000
0.79000,0.49000,0.20000,-0.83000,0.00000,-0.91000,-2.21000,-82.86000,-252.81000
0.79000,0.49000,0.19000,-0.50000,0.00000,-0.91000,-2.21000,-84.44000,-255.00000
0.79000,0.49000,0.18000,-0.17000,0.00000,-0.91000,-2.21000,-84.44000,-255.00000
0.79000,0.49000,0.18000,0.00000,0.00000,-0.91000,-2.21000,-94.86000,-255.00000
0.79000,0.49000,0.18000,-0.21000,0.00000,-0.91000,-2.21000,-94.86000,-255.00000
0.79000,0.49000,0.17000,-0.33000,0.00000,-0.91000,-2.21000,-98.69000,-255.00000
0.79000,0.49000,0.16000,-0.54000,0.00000,-0.91000,-2.21000,-98.69000,-255.00000
0.79000,0.49000,0.15000,-0.85000,0.00000,-0.91000,-2.21000,-97.90000,-255.00000
0.78000,0.48000,0.13000,-1.16000,0.00000,-0.91000,-2.21000,-97.90000,-255.00000
0.78000,0.48000,0.11000,-1.18000,0.00000,-0.91000,-2.21000,-90.74000,-255.00000
0.78000,0.48000,0.09000,-1.16000,0.00000,-0.90000,-2.20000,-90.74000,-255.00000
0.78000,0.48000,0.06000,-1.29000,0.00000,-0.91000,-2.19000,-89.19000,-255.00000
0.78000,0.48000,0.04000,-1.45000,0.00000,-0.90000,-2.17000,-89.19000,-255.00000
0.78000,0.48000,0.01000,-1.37000,0.00000,-0.90000,-2.15000,-83.21000,-255.00000
0.78000,0.48000,-0.00000,-0.73000,0.00000,-0.89000,-2.12000,-83.21000,-255.00000
0.78000,0.48000,-0.01000,-0.27000,0.00000,-0.88000,-2.10000,-90.53000,-255.00000
0.78000,0.48000,-0.01000,-0.08000,0.00000,-0.88000,-2.09000,-90.53000,-255.00000
0.78000,0.48000,-0.01000,-0.21000,0.00000,-0.88000,-2.08000,-101.05000,-255.00000
0.78000,0.48000,-0.02000,-0.46000,0.00000,-0.87000,-2.08000,-101.05000,-255.00000
0.77000,0.48000,-0.03000,-0.81000,0.00000,-0.87000,-2.06000,-100.04000,-255.00000
0.77000,0.48000,-0.06000,-1.12000,0.00000,-0.84000,-2.02000,-100.04000,-255.00000
0.77000,0.48000,-0.08000,-1.39000,0.00000,-0.80000,-1.95000,-91.58000,-255.00000
0.77000,0.48000,-0.10000,-1.08000,0.00000,-0.72000,-1.84000,-91.58000,-255.00000
0.77000,0.48000,-0.12000,-0.95000,0.00000,-0.64000,-1.73000,-87.79000,-255.00000
0.77000,0.48000,-0.13000,-0.91000,0.00000,-0.54000,-1.61000,-87.79000,-255.00000
0.77000,0.48000,-0.15000,-0.96000,0.00000,-0.43000,-1.47000,-84.49000,-255.00000
0.77000,0.49000,-0.17000,-0.87000,0.00000,-0.29000,-1.31000,-84.49000,-255.00000
0.77000,0.49000,-0.18000,-0.85000,0.00000,-0.16000,-1.17000,-78.15000,-255.00000
0.76000,0.49000,-0.20000,-0.85000,0.00000,-0.03000,-1.05000,-78.15000,-255.00000
0.76000,0.49000,-0.21000,-0.87000,0.00000,0.08000,-0.95000,-70.58000,-255.00000
0.76000,0.49000,-0.22000,-0.62000,0.00000,0.18000,-0.86000,-70.58000,-255.00000
0.76000,0.49000,-0.23000,-0.33000,0.00000,0.24000,-0.80000,-66.09000,-255.00000
0.76000,0.49000,-0.23000,-0.04000,0.00000,0.26000,-0.77000,-66.09000,-255.00000
0.76000,0.49000,-0.23000,-0.04000,0.00000,0.27000,-0.77000,-69.19000,-255.00000
0.76000,0.49000,-0.23000,-0.04000,0.00000,0.27000,-0.77000,-69.19000,-255.00000
0.76000,0.49000,-0.23000,-0.02000,0.00000,0.27000,-0.76000,-67.24000,-255.00000
0.76000,0.49000,-0.23000,0.00000,0.00000,0.28000,-0.76000,-67.24000,-255.00000
0.76000,0.49000,-0.23000,-0.02000,0.00000,0.28000,-0.76000,-65.94000,-255.00000
0.76000,0.49000,-0.23000,0.00000,0.00000,0.28000,-0.76000,-65.94000,-255.00000
0.76000,0.49000,-0.23000,0.00000,0.00000,0.28000,-0.76000,-64.26000,-255.00000
0.76000,0.49000,-0.23000,0.00000,0.00000,0.28000,-0.76000,-64.26000,-255.00000
0.76000,0.49000,-0.23000,-0.02000,0.00000,0.28000,-0.76000,-62.60000,-255.00000
0.76000,0.49000,-0.23000,-0.02000,0.00000,0.28000,-0.76000,-62.60000,-255.00000
0.76000,0.49000,-0.23000,-0.02000,0.00000,0.28000,-0.76000,-60.58000,-255.00000
0.76000,0.49000,-0.24000,-0.06000,0.00000,0.28000,-0.76000,-60.58000,-255.00000
0.76000,0.49000,-0.24000,0.00000,0.00000,0.29000,-0.75000,-58.05000,-255.00000
0.76000,0.49000,-0.24000,0.00000,0.00000,0.29000,-0.75000,-58.05000,-255.00000
0.76000,0.49000,-0.24000,0.00000,0.00000,0.29000,-0.75000,-56.89000,-255.00000
0.76000,0.49000,-0.24000,0.00000,0.00000,0.29000,-0.75000,-56.89000,-255.00000
0.76000,0.49000,-0.24000,0.00000,0.00000,0.29000,-0.75000,-55.17000,-255.00000
0.76000,0.49000,-0.24000,0.00000,0.00000,0.29000,-0.75000,-55.17000,-255.00000
0.76000,0.49000,-0.24000,0.00000,0.00000,0.29000,-0.75000,-53.45000,-255.00000
0.76000,0.49000,-0.24000,0.00000,0.00000,0.29000,-0.75000,-53.45000,-255.00000
0.76000,0.49000,-0.24000,0.00000,0.00000,0.29000,-0.75000,-51.73000,-255.00000
0.76000,0.49000,-0.24000,0.00000,0.00000,0.29000,-0.75000,-51.73000,-255.00000
0.76000,0.49000,-0.24000,0.00000,0.00000,0.29000,-0.75000,-50.01000,-255.00000
0.76000,0.49000,-0.24000,0.00000,0.00000,0.29000,-0.75000,-50.01000,-255.00000
0.76000,0.49000,-0.24000,0.00000,0.00000,0.29000,-0.75000,-48.29000,-255.00000
0.76000,0.49000,-0.24000,0.00000,0.00000,0.29000,-0.75000,-48.29000,-255.00000
0.76000,0.49000,-0.24000,0.00000,0.00000,0.29000,-0.75000,-46.57000,-255.00000
0.76000,0.49000,-0.24000,0.00000,0.00000,0.29000,-0.75000,-46.57000,-255.00000
0.76000,0.49000,-0.24000,0.00000,0.00000,0.29000,-0.75000,-44.85000,-255.00000
0.76000,0.49000,-0.24000,0.00000,0.00000,0.29000,-0.75000,-44.85000,-255.00000
0.76000,0.49000,-0.24000,0.00000,0.00000,0.29000,-0.75000,-43.13000,-255.00000
0.76000,0.49000,-0.24000,0.00000,0.00000,0.29000,-0.75000,-43.13000,-255.00000
0.76000,0.49000,-0.24000,0.00000,0.00000,0.29000,-0.75000,-41.42000,-255.00000
0.76000,0.49000,-0.24000,0.00000,0.00000,0.29000,-0.75000,-41.42000,-255.00000
0.76000,0.49000,-0.24000,0.00000,0.00000,0.29000,-0.75000,-39.70000,-255.00000
0.76000,0.49000,-0.24000,0.00000,0.00000,0.29000,-0.75000,-39.70000,-255.00000
0.76000,0.49000,-0.24000,0.00000,0.00000,0.29000,-0.75000,-37.98000,-255.00000
0.76000,0.49000,-0.24000,0.00000,0.00000,0.29000,-0.75000,-37.98000,-255.00000
0.76000,0.49000,-0.24000,0.00000,0.00000,0.29000,-0.75000,-36.26000,-255.00000
0.76000,0.49000,-0.24000,0.00000,0.00000,0.29000,-0.75000,-36.26000,-255.00000
0.76000,0.49000,-0.24000,0.00000,0.00000,0.29000,-0.75000,-34.54000,-255.00000
0.76000,0.49000,-0.24000,0.00000,0.00000,0.29000,-0.75000,-34.54000,-255.00000
0.76000,0.49000,-0.24000,0.00000,0.00000,0.29000,-0.75000,-32.82000,-255.00000
0.76000,0.49000,-0.24000,0.00000,0.00000,0.29000,-0.75000,-32.82000,-255.00000
0.76000,0.49000,-0.24000,0.00000,0.00000,0.29000,-0.75000,-31.10000,-255.00000
0.76000,0.49000,-0.24000,0.00000,0.00000,0.29000,-0.75000,-31.10000,-255.00000
0.76000,0.49000,-0.24000,0.00000,0.00000,0.29000,-0.75000,-29.38000,-255.00000
0.76000,0.49000,-0.24000,0.00000,0.00000,0.29000,-0.75000,-29.38000,-255.00000
0.76000,0.49000,-0.24000,0.00000,0.00000,0.29000,-0.75000,-27.66000,-255.00000
0.76000,0.49000,-0.24000,0.00000,0.00000,0.29000,-0.75000,-27.66000,-255.00000
0.76000,0.49000,-0.24000,0.00000,0.00000,0.29000,-0.75000,-25.94000,-255.00000
0.76000,0.49000,-0.24000,0.00000,0.00000,0.29000,-0.75000,-25.94000,-255.00000
0.76000,0.49000,-0.24000,0.00000,0.00000,0.29000,-0.75000,-24.22000,-255.00000
0.76000,0.49000,-0.24000,0.00000,0.00000,0.29000,-0.75000,-24.22000,-255.00000
0.76000,0.49000,-0.24000,0.00000,0.00000,0.29000,-0.75000,-22.50000,-255.00000
0.76000,0.49000,-0.24000,0.00000,0.00000,0.29000,-0.75000,-22.50000,-255.00000
0.76000,0.49000,-0.24000,0.00000,0.00000,0.29000,-0.75000,-20.78000,-255.00000
0.76000,0.49000,-0.24000,0.00000,0.00000,0.29000,-0.75000,-20.78000,-255.00000
0.76000,0.49000,-0.24000,0.00000,0.00000,0.29000,-0.75000,-19.06000,-255.00000
0.76000,0.49000,-0.24000,0.00000,0.00000,0.29000,-0.75000,-19.06000,-255.00000
0.76000,0.49000,-0.24000,0.00000,0.00000,0.29000,-0.75000,-17.34000,-255.00000
0.76000,0.49000,-0.24000,0.00000,0.00000,0.29000,-0.75000,-17.34000,-255.00000
0.76000,0.49000,-0.24000,0.00000,0.00000,0.29000,-0.75000,-15.62000,-255.00000
0.76000,0.49000,-0.24000,0.00000,0.00000,0.29000,-0.75000,-15.62000,-255.00000
0.76000,0.49000,-0.24000,0.00000,0.00000,0.29000,-0.75000,-13.90000,-255.00000
0.76000,0.49000,-0.24000,0.00000,0.00000,0.29000,-0.75000,-13.90000,-255.00000
0.76000,0.49000,-0.24000,0.00000,0.00000,0.29000,-0.75000,-12.18000,-255.00000
0.76000,0.49000,-0.24000,0.00000,0.00000,0.29000,-0.75000,-12.18000,-255.00000
0.76000,0.49000,-0.24000,0.00000,0.00000,0.29000,-0.75000,-10.46000,-255.00000
0.76000,0.49000,-0.24000,0.00000,0.00000,0.29000,-0.75000,-10.46000,-255.00000
0.76000,0.49000,-0.24000,0.00000,0.00000,0.29000,-0.75000,-8.74000,-255.00000
0.76000,0.49000,-0.24000,0.00000,0.00000,0.29000,-0.75000,-8.74000,-255.00000
0.76000,0.49000,-0.24000,0.00000,0.00000,0.29000,-0.75000,-7.02000,-255.00000
0.76000,0.49000,-0.24000,0.00000,0.00000,0.29000,-0.75000,-7.02000,-255.00000
0.76000,0.49000,-0.24000,0.00000,0.00000,0.29000,-0.75000,-5.30000,-255.00000
0.76000,0.49000,-0.24000,0.00000,0.00000,0.29000,-0.75000,-5.30000,-255.00000
0.76000,0.49000,-0.24000,0.00000,0.00000,0.29000,-0.75000,-3.58000,-255.00000
0.76000,0.49000,-0.24000,0.00000,0.00000,0.29000,-0.75000,-3.58000,-255.00000
0.76000,0.49000,-0.24000,0.00000,0.00000,0.29000,-0.75000,-1.86000,-255.00000
0.76000,0.49000,-0.24000,0.00000,0.00000,0.29000,-0.75000,-1.86000,-255.00000
0.76000,0.49000,-0.24000,0.00000,0.00000,0.29000,-0.75000,-0.14000,-255.00000
0.76000,0.49000,-0.24000,0.00000,0.00000,0.29000,-0.75000,-0.14000,-255.00000
0.76000,0.49000,-0.24000,0.00000,0.00000,0.29000,-0.75000,1.58000,-255.00000
0.76000,0.49000,-0.24000,0.00000,0.00000,0.29000,-0.75000,1.58000,-255.00000
0.76000,0.49000,-0.24000,0.00000,0.00000,0.29000,-0.75000,3.30000,-255.00000
0.76000,0.49000,-0.24000,0.00000,0.00000,0.29000,-0.75000,3.30000,-255.00000
0.76000,0.49000,-0.24000,0.00000,0.00000,0.29000,-0.75000,5.02000,-255.00000
0.76000,0.49000,-0.24000,0.00000,0.00000,0.29000,-0.75000,5.02000,-255.00000
0.76000,0.49000,-0.24000,0.00000,0.00000,0.29000,-0.75000,6.74000,-255.00000
0.76000,0.49000,-0.24000,0.00000,0.00000,0.29000,-0.75000,6.74000,-255.00000
0.76000,0.49000,-0.24000,0.00000,0.00000,0.29000,-0.75000,8.46000,-255.00000
0.76000,0.49000,-0.24000,0.00000,0.00000,0.29000,-0.75000,8.46000,-255.00000
0.76000,0.49000,-0.24000,0.00000,0.00000,0.29000,-0.75000,10.18000,-255.00000
0.76000,0.49000,-0.24000,0.00000,0.00000,0.29000,-0.75000,10.18000,-255.00000
0.76000,0.49000,-0.24000,0.00000,0.00000,0.29000,-0.75000,11.90000,-255.00000
0.76000,0.49000,-0.24000,0.00000,0.00000,0.29000,-0.75000,11.90000,-255.00000
0.76000,0.49000,-0.24000,0.00000,0.00000,0.29000,-0.75000,13.62000,-255.00000
0.76000,0.49000,-0.24000,0.00000,0.00000,0.29000,-0.75000,13.62000,-255.00000
0.76000,0.49000,-0.24000,0.00000,0.00000,0.29000,-0.75000,15.34000,-255.00000
0.76000,0.49000,-0.24000,0.00000,0.00000,0.29000,-0.75000,15.34000,-255.00000
0.76000,0.49000,-0.24000,0.00000,0.00000,0.29000,-0.75000,17.06000,-255.00000
0.76000,0.49000,-0.24000,0.00000,0.00000,0.29000,-0.75000,17.06000,-255.00000
0.76000,0.49000,-0.24000,0.00000,0.00000,0.29000,-0.75000,18.78000,-255.00000
0.76000,0.49000,-0.24000,0.00000,0.00000,0.29000,-0.75000,18.78000,-255.00000
0.76000,0.49000,-0.24000,0.00000,0.00000,0.29000,-0.75000,20.50000,-255.00000
0.76000,0.49000,-0.24000,0.00000,0.00000,0.29000,-0.75000,20.50000,-255.00000
0.76000,0.49000,-0.24000,0.00000,0.00000,0.29000,-0.75000,22.22000,-255.00000
0.76000,0.49000,-0.24000,0.00000,0.00000,0.29000,-0.75000,22.22000,-255.00000
0.76000,0.49000,-0.24000,0.00000,0.00000,0.29000,-0.75000,23.94000,-255.00000
0.76000,0.49000,-0.24000,0.00000,0.00000,0.29000,-0.75000,23.94000,-255.00000
0.76000,0.49000,-0.24000,0.00000,0.00000,0.29000,-0.75000,25.66000,-255.00000
0.76000,0.49000,-0.24000,0.00000,0.00000,0.29000,-0.75000,25.66000,-255.00000
0.76000,0.49000,-0.24000,0.00000,0.00000,0.29000,-0.75000,27.38000,-255.00000
0.76000,0.49000,-0.24000,0.00000,0.00000,0.29000,-0.75000,27.38000,-255.00000
0.76000,0.49000,-0.24000,0.00000,0.00000,0.29000,-0.75000,29.10000,-255.00000
0.76000,0.49000,-0.24000,0.00000,0.00000,0.29000,-0.75000,29.10000,-255.00000
0.76000,0.49000,-0.24000,0.00000,0.00000,0.29000,-0.75000,30.82000,-255.00000
0.76000,0.49000,-0.24000,0.00000,0.00000,0.29000,-0.75000,30.82000,-255.00000
0.76000,0.49000,-0.24000,0.00000,0.00000,0.29000,-0.75000,32.54000,-255.00000
0.76000,0.49000,-0.24000,0.00000,0.00000,0.29000,-0.75000,32.54000,-255.00000
0.76000,0.49000,-0.24000,0.00000,0.00000,0.29000,-0.75000,34.26000,-255.00000
0.76000,0.49000,-0.24000,0.00000,0.00000,0.29000,-0.75000,34.26000,-255.00000
0.76000,0.49000,-0.24000,0.00000,0.00000,0.29000,-0.75000,35.98000,-255.00000
0.76000,0.49000,-0.24000,0.00000,0.00000,0.29000,-0.75000,35.98000,-255.00000
0.76000,0.49000,-0.24000,0.00000,0.00000,0.29000,-0.75000,37.70000,-255.00000
0.76000,0.49000,-0.24000,0.00000,0.00000,0.29000,-0.75000,37.70000,-255.00000
0.76000,0.49000,-0.24000,0.00000,0.00000,0.29000,-0.75000,39.42000,-255.00000
0.76000,0.49000,-0.24000,0.00000,0.00000,0.29000,-0.75000,39.42000,-255.00000
0.76000,0.49000,-0.24000,0.02000,0.00000,0.29000,-0.75000,41.14000,-255.00000
0.76000,0.49000,-0.24000,0.00000,0.00000,0.29000,-0.75000,41.14000,-255.00000
0.76000,0.49000,-0.24000,0.00000,0.00000,0.29000,-0.75000,42.84000,-255.00000
0.76000,0.49000,-0.24000,0.00000,0.00000,0.29000,-0.75000,42.84000,-255.00000
0.76000,0.49000,-0.24000,0.00000,0.00000,0.29000,-0.75000,44.55000,-255.00000
0.76000,0.49000,-0.24000,0.00000,0.00000,0.29000,-0.75000,44.55000,-255.00000
0.76000,0.49000,-0.24000,0.00000,0.00000,0.29000,-0.75000,46.26000,-255.00000
0.76000,0.49000,-0.24000,0.00000,0.00000,0.29000,-0.75000,46.26000,-255.00000
0.76000,0.49000,-0.24000,0.00000,0.00000,0.29000,-0.75000,47.97000,-255.00000
0.76000,0.49000,-0.24000,0.00000,0.00000,0.29000,-0.75000,47.97000,-255.00000
0.76000,0.49000,-0.24000,0.00000,0.00000,0.29000,-0.75000,49.68000,-255.00000
0.76000,0.49000,-0.24000,0.00000,0.00000,0.29000,-0.75000,49.68000,-255.00000
0.76000,0.49000,-0.24000,0.00000,0.00000,0.29000,-0.75000,51.39000,-255.00000
0.76000,0.49000,-0.24000,0.00000,0.00000,0.29000,-0.75000,51.39000,-255.00000
0.76000,0.49000,-0.24000,0.00000,0.00000,0.29000,-0.75000,53.10000,-255.00000
0.76000,0.49000,-0.24000,0.00000,0.00000,0.29000,-0.75000,53.10000,-255.00000
0.76000,0.49000,-0.24000,0.00000,0.00000,0.29000,-0.75000,54.81000,-255.00000
0.76000,0.49000,-0.24000,0.00000,0.00000,0.29000,-0.75000,54.81000,-255.00000
0.76000,0.49000,-0.24000,0.00000,0.00000,0.29000,-0.75000,56.52000,-255.00000
0.76000,0.49000,-0.24000,0.00000,0.00000,0.29000,-0.75000,56.52000,-255.00000
0.76000,0.49000,-0.24000,0.00000,0.00000,0.29000,-0.75000,58.23000,-255.00000
0.76000,0.49000,-0.23000,0.02000,0.00000,0.29000,-0.75000,58.23000,-255.00000
0.76000,0.49000,-0.23000,0.00000,0.00000,0.28000,-0.75000,59.61000,-255.00000
0.76000,0.49000,-0.23000,0.00000,0.00000,0.28000,-0.75000,59.61000,-255.00000
0.76000,0.49000,-0.23000,0.00000,0.00000,0.28000,-0.75000,61.49000,-255.00000
0.76000,0.49000,-0.23000,0.00000,0.00000,0.28000,-0.75000,61.49000,-255.00000
0.76000,0.49000,-0.23000,0.00000,0.00000,0.28000,-0.75000,63.20000,-255.00000
0.76000,0.49000,-0.23000,0.00000,0.00000,0.28000,-0.75000,63.20000,-255.00000
0.76000,0.49000,-0.23000,0.00000,0.00000,0.28000,-0.75000,64.90000,-255.00000
0.76000,0.49000,-0.23000,0.00000,0.00000,0.28000,-0.75000,64.90000,-255.00000
0.76000,0.49000,-0.23000,0.00000,0.00000,0.28000,-0.75000,66.60000,-255.00000
0.76000,0.49000,-0.23000,0.00000,0.00000,0.28000,-0.75000,66.60000,-255.00000
0.76000,0.49000,-0.23000,0.00000,0.00000,0.28000,-0.75000,68.30000,-255.00000
0.76000,0.49000,-0.23000,0.00000,0.00000,0.28000,-0.75000,68.30000,-255.00000
0.76000,0.49000,-0.23000,0.02000,0.00000,0.28000,-0.75000,70.00000,-255.00000
0.76000,0.49000,-0.23000,0.15000,0.00000,0.28000,-0.76000,70.00000,-255.00000
0.76000,0.49000,-0.23000,0.17000,0.00000,0.27000,-0.77000,69.33000,-255.00000
0.76000,0.49000,-0.23000,0.00000,0.00000,0.26000,-0.78000,69.33000,-255.00000
0.76000,0.49000,-0.23000,0.00000,0.00000,0.26000,-0.78000,72.06000,-255.00000
0.76000,0.49000,-0.23000,0.00000,0.00000,0.26000,-0.78000,72.06000,-255.00000
0.76000,0.49000,-0.23000,0.10000,0.00000,0.26000,-0.78000,73.61000,-255.00000
0.76000,0.49000,-0.23000,0.06000,0.00000,0.25000,-0.79000,73.61000,-255.00000
0.76000,0.49000,-0.23000,0.02000,0.00000,0.24000,-0.79000,74.01000,-255.00000
0.76000,0.49000,-0.22000,0.12000,0.00000,0.24000,-0.79000,74.01000,-255.00000
0.76000,0.49000,-0.22000,0.02000,0.00000,0.23000,-0.80000,73.97000,-255.00000
0.76000,0.49000,-0.22000,0.00000,0.00000,0.23000,-0.81000,73.97000,-255.00000
0.76000,0.49000,-0.22000,0.00000,0.00000,0.23000,-0.81000,76.45000,-255.00000
0.76000,0.49000,-0.22000,0.00000,0.00000,0.23000,-0.81000,76.45000,-255.00000
0.76000,0.49000,-0.22000,0.00000,0.00000,0.23000,-0.81000,77.83000,-255.00000
0.76000,0.49000,-0.22000,0.15000,0.00000,0.23000,-0.81000,77.83000,-255.00000
0.76000,0.49000,-0.22000,0.27000,0.00000,0.22000,-0.82000,76.82000,-255.00000
0.76000,0.49000,-0.21000,0.27000,0.00000,0.19000,-0.84000,76.82000,-255.00000
0.76000,0.49000,-0.21000,0.23000,0.00000,0.16000,-0.87000,74.58000,-255.00000
0.76000,0.49000,-0.21000,0.06000,0.00000,0.14000,-0.89000,74.58000,-255.00000
0.76000,0.49000,-0.21000,0.00000,0.00000,0.13000,-0.90000,76.59000,-255.00000
0.76000,0.49000,-0.20000,0.02000,0.00000,0.13000,-0.90000,76.59000,-255.00000
0.76000,0.49000,-0.20000,0.00000,0.00000,0.13000,-0.90000,77.59000,-255.00000
0.76000,0.49000,-0.20000,0.00000,0.00000,0.13000,-0.90000,77.59000,-255.00000
0.76000,0.49000,-0.20000,0.00000,0.00000,0.13000,-0.90000,78.56000,-255.00000
0.76000,0.49000,-0.20000,0.00000,0.00000,0.13000,-0.90000,78.56000,-255.00000
0.76000,0.49000,-0.20000,0.00000,0.00000,0.13000,-0.90000,79.33000,-255.00000
0.76000,0.49000,-0.20000,0.00000,0.00000,0.13000,-0.90000,79.33000,-255.00000
0.76000,0.49000,-0.20000,0.08000,0.00000,0.13000,-0.90000,80.11000,-255.00000
0.76000,0.49000,-0.20000,0.08000,0.00000,0.12000,-0.91000,80.11000,-255.00000
0.76000,0.49000,-0.20000,0.17000,0.00000,0.11000,-0.92000,79.36000,-255.00000
0.76000,0.49000,-0.20000,0.00000,0.00000,0.09000,-0.94000,79.36000,-255.00000
0.76000,0.49000,-0.20000,0.02000,0.00000,0.09000,-0.94000,80.48000,-255.00000
0.76000,0.49000,-0.20000,0.15000,0.00000,0.09000,-0.94000,80.48000,-255.00000
0.76000,0.49000,-0.20000,0.00000,0.00000,0.07000,-0.96000,78.55000,-255.00000
0.76000,0.49000,-0.20000,0.00000,0.00000,0.07000,-0.96000,78.55000,-255.00000
0.76000,0.49000,-0.19000,0.08000,0.00000,0.07000,-0.96000,80.29000,-255.00000
0.77000,0.49000,-0.19000,0.08000,0.00000,0.06000,-0.97000,80.29000,-255.00000
0.77000,0.49000,-0.19000,0.00000,0.00000,0.05000,-0.97000,79.16000,-255.00000
0.77000,0.49000,-0.19000,0.00000,0.00000,0.05000,-0.97000,79.16000,-255.00000
0.77000,0.49000,-0.19000,0.00000,0.00000,0.05000,-0.97000,80.21000,-255.00000
0.77000,0.49000,-0.19000,0.04000,0.00000,0.05000,-0.97000,80.21000,-255.00000
0.77000,0.49000,-0.19000,0.12000,0.00000,0.05000,-0.98000,79.81000,-255.00000
0.77000,0.49000,-0.19000,0.00000,0.00000,0.03000,-1.00000,79.81000,-255.00000
0.77000,0.49000,-0.19000,0.06000,0.00000,0.03000,-1.00000,80.22000,-255.00000
0.77000,0.49000,-0.19000,0.10000,0.00000,0.02000,-1.00000,80.22000,-255.00000
0.77000,0.49000,-0.19000,0.00000,0.00000,0.01000,-1.02000,78.51000,-255.00000
0.77000,0.49000,-0.19000,0.02000,0.00000,0.01000,-1.02000,78.51000,-255.00000
0.77000,0.49000,-0.18000,0.15000,0.00000,0.00000,-1.02000,79.14000,-255.00000
0.77000,0.49000,-0.18000,0.04000,0.00000,-0.02000,-1.04000,79.14000,-255.00000
0.77000,0.49000,-0.18000,0.12000,0.00000,-0.02000,-1.04000,78.34000,-255.00000
0.77000,0.49000,-0.18000,0.15000,0.00000,-0.04000,-1.06000,78.34000,-255.00000
0.77000,0.49000,-0.18000,0.02000,0.00000,-0.06000,-1.08000,75.81000,-255.00000
0.77000,0.49000,-0.18000,0.04000,0.00000,-0.06000,-1.08000,75.81000,-255.00000
0.77000,0.49000,-0.17000,0.12000,0.00000,-0.07000,-1.09000,75.99000,-255.00000
0.77000,0.49000,-0.17000,0.00000,0.00000,-0.09000,-1.11000,75.99000,-255.00000
0.77000,0.49000,-0.17000,0.17000,0.00000,-0.09000,-1.11000,75.66000,-255.00000
0.77000,0.49000,-0.17000,0.17000,0.00000,-0.11000,-1.13000,75.66000,-255.00000
0.77000,0.49000,-0.17000,0.00000,0.00000,-0.14000,-1.16000,71.88000,-255.00000
0.77000,0.49000,-0.17000,0.08000,0.00000,-0.14000,-1.16000,71.88000,-255.00000
0.77000,0.49000,-0.17000,0.08000,0.00000,-0.15000,-1.17000,71.10000,-255.00000
0.77000,0.49000,-0.17000,0.00000,0.00000,-0.16000,-1.18000,71.10000,-255.00000
0.77000,0.49000,-0.17000,0.00000,0.00000,-0.16000,-1.18000,70.75000,-255.00000
0.77000,0.49000,-0.17000,0.00000,0.00000,-0.16000,-1.18000,70.75000,-255.00000
0.77000,0.49000,-0.16000,0.06000,0.00000,-0.16000,-1.18000,69.76000,-255.00000
0.77000,0.49000,-0.16000,0.10000,0.00000,-0.17000,-1.19000,69.76000,-255.00000
0.77000,0.49000,-0.16000,0.00000,0.00000,-0.19000,-1.20000,66.83000,-255.00000
0.77000,0.49000,-0.16000,0.00000,0.00000,-0.19000,-1.20000,66.83000,-255.00000
0.77000,0.49000,-0.16000,0.00000,0.00000,-0.19000,-1.20000,66.62000,-255.00000
0.77000,0.49000,-0.16000,0.06000,0.00000,-0.19000,-1.20000,66.62000,-255.00000
0.77000,0.49000,-0.16000,0.02000,0.00000,-0.20000,-1.21000,64.39000,-255.00000
0.77000,0.49000,-0.16000,0.06000,0.00000,-0.20000,-1.22000,64.39000,-255.00000
0.77000,0.49000,-0.16000,0.00000,0.00000,-0.21000,-1.23000,62.62000,-255.00000
0.77000,0.49000,-0.16000,0.00000,0.00000,-0.21000,-1.23000,62.62000,-255.00000
0.77000,0.49000,-0.16000,0.00000,0.00000,-0.21000,-1.23000,61.90000,-255.00000
0.77000,0.49000,-0.16000,0.00000,0.00000,-0.21000,-1.23000,61.90000,-255.00000
0.77000,0.49000,-0.16000,0.00000,0.00000,-0.21000,-1.23000,60.62000,-255.00000
0.77000,0.49000,-0.16000,0.00000,0.00000,-0.21000,-1.23000,60.62000,-255.00000
0.77000,0.49000,-0.16000,0.00000,0.00000,-0.21000,-1.23000,59.34000,-255.00000
0.77000,0.49000,-0.16000,0.00000,0.00000,-0.21000,-1.23000,59.34000,-255.00000
0.77000,0.49000,-0.16000,0.00000,0.00000,-0.21000,-1.23000,58.06000,-255.00000
0.77000,0.49000,-0.16000,0.00000,0.00000,-0.21000,-1.23000,58.06000,-255.00000
0.77000,0.49000,-0.16000,0.00000,0.00000,-0.21000,-1.23000,56.78000,-255.00000
0.77000,0.49000,-0.16000,0.00000,0.00000,-0.21000,-1.23000,56.78000,-255.00000
0.77000,0.49000,-0.16000,0.00000,0.00000,-0.21000,-1.23000,55.50000,-255.00000
0.77000,0.49000,-0.16000,0.00000,0.00000,-0.21000,-1.23000,55.50000,-255.00000
0.77000,0.49000,-0.16000,0.00000,0.00000,-0.21000,-1.23000,54.22000,-255.00000
0.77000,0.49000,-0.16000,0.00000,0.00000,-0.21000,-1.23000,54.22000,-255.00000
0.77000,0.49000,-0.16000,0.00000,0.00000,-0.21000,-1.23000,52.94000,-255.00000
0.77000,0.49000,-0.16000,0.00000,0.00000,-0.21000,-1.23000,52.94000,-255.00000
0.77000,0.49000,-0.16000,0.00000,0.00000,-0.21000,-1.23000,51.66000,-255.00000
0.77000,0.49000,-0.16000,0.00000,0.00000,-0.21000,-1.23000,51.66000,-255.00000
0.77000,0.49000,-0.16000,0.00000,0.00000,-0.21000,-1.23000,50.38000,-255.00000
0.77000,0.49000,-0.16000,0.00000,0.00000,-0.21000,-1.23000,50.38000,-255.00000
0.77000,0.49000,-0.16000,0.00000,0.00000,-0.21000,-1.23000,49.11000,-255.00000
0.77000,0.49000,-0.16000,0.00000,0.00000,-0.21000,-1.23000,49.11000,-255.00000
0.77000,0.49000,-0.16000,0.00000,0.00000,-0.21000,-1.23000,47.83000,-255.00000
0.77000,0.49000,-0.16000,0.00000,0.00000,-0.21000,-1.23000,47.83000,-255.00000
0.77000,0.49000,-0.16000,0.00000,0.00000,-0.21000,-1.23000,46.55000,-255.00000
0.77000,0.49000,-0.16000,0.00000,0.00000,-0.21000,-1.23000,46.55000,-255.00000
0.77000,0.49000,-0.16000,0.00000,0.00000,-0.21000,-1.23000,45.27000,-255.00000
0.77000,0.49000,-0.16000,0.00000,0.00000,-0.21000,-1.23000,45.27000,-255.00000
0.77000,0.49000,-0.16000,0.00000,0.00000,-0.21000,-1.23000,43.99000,-255.00000
0.77000,0.49000,-0.16000,0.00000,0.00000,-0.21000,-1.23000,43.99000,-255.00000
0.77000,0.49000,-0.16000,0.00000,0.00000,-0.21000,-1.23000,42.71000,-255.00000
0.77000,0.49000,-0.16000,0.00000,0.00000,-0.21000,-1.23000,42.71000,-255.00000
0.77000,0.49000,-0.16000,0.00000,0.00000,-0.21000,-1.23000,41.43000,-255.00000
0.77000,0.49000,-0.16000,0.00000,0.00000,-0.21000,-1.23000,41.43000,-255.00000
0.77000,0.49000,-0.16000,0.00000,0.00000,-0.21000,-1.23000,40.15000,-255.00000
0.77000,0.49000,-0.16000,0.00000,0.00000,-0.21000,-1.23000,40.15000,-255.00000
0.77000,0.49000,-0.16000,0.00000,0.00000,-0.21000,-1.23000,38.87000,-255.00000
0.77000,0.49000,-0.16000,0.00000,0.00000,-0.21000,-1.23000,38.87000,-255.00000
0.77000,0.49000,-0.16000,0.00000,0.00000,-0.21000,-1.23000,37.59000,-255.00000
0.77000,0.49000,-0.16000,0.00000,0.00000,-0.21000,-1.23000,37.59000,-255.00000
0.77000,0.49000,-0.16000,0.00000,0.00000,-0.21000,-1.23000,36.31000,-255.00000
0.77000,0.49000,-0.16000,0.00000,0.00000,-0.21000,-1.23000,36.31000,-255.00000
0.77000,0.49000,-0.16000,0.00000,0.00000,-0.21000,-1.23000,35.03000,-255.00000
0.77000,0.49000,-0.16000,0.00000,0.00000,-0.21000,-1.23000,35.03000,-255.00000
0.77000,0.49000,-0.16000,0.00000,0.00000,-0.21000,-1.23000,33.75000,-255.00000
0.77000,0.49000,-0.16000,0.00000,0.00000,-0.21000,-1.23000,33.75000,-255.00000
0.77000,0.49000,-0.16000,0.00000,0.00000,-0.21000,-1.23000,32.47000,-255.00000
0.77000,0.49000,-0.16000,0.00000,0.00000,-0.21000,-1.23000,32.47000,-255.00000
0.77000,0.49000,-0.16000,0.00000,0.00000,-0.21000,-1.23000,31.19000,-255.00000
0.77000,0.49000,-0.16000,0.00000,0.00000,-0.21000,-1.23000,31.19000,-255.00000
0.77000,0.49000,-0.16000,0.00000,0.00000,-0.21000,-1.23000,29.91000,-255.00000
0.77000,0.49000,-0.16000,0.00000,0.00000,-0.21000,-1.23000,29.91000,-255.00000
0.77000,0.49000,-0.16000,0.00000,0.00000,-0.21000,-1.23000,28.63000,-255.00000
0.77000,0.49000,-0.16000,0.00000,0.00000,-0.21000,-1.23000,28.63000,-255.00000
0.77000,0.49000,-0.16000,0.00000,0.00000,-0.21000,-1.23000,27.35000,-255.00000
0.77000,0.49000,-0.16000,0.00000,0.00000,-0.21000,-1.23000,27.35000,-255.00000
0.77000,0.49000,-0.16000,0.00000,0.00000,-0.21000,-1.23000,26.07000,-255.00000
0.77000,0.49000,-0.16000,0.00000,0.00000,-0.21000,-1.23000,26.07000,-255.00000
0.77000,0.49000,-0.16000,0.00000,0.00000,-0.21000,-1.23000,24.79000,-255.00000
0.77000,0.49000,-0.16000,0.00000,0.00000,-0.21000,-1.23000,24.79000,-255.00000
0.77000,0.49000,-0.16000,0.00000,0.00000,-0.21000,-1.23000,23.51000,-255.00000
0.77000,0.49000,-0.16000,0.00000,0.00000,-0.21000,-1.23000,23.51000,-255.00000
0.77000,0.49000,-0.16000,0.00000,0.00000,-0.21000,-1.23000,22.23000,-255.00000
0.77000,0.49000,-0.16000,0.00000,0.00000,-0.21000,-1.23000,22.23000,-255.00000
0.77000,0.49000,-0.16000,0.00000,0.00000,-0.21000,-1.23000,20.95000,-255.00000
0.77000,0.49000,-0.16000,0.00000,0.00000,-0.21000,-1.23000,20.95000,-255.00000
0.77000,0.49000,-0.16000,0.00000,0.00000,-0.21000,-1.23000,19.67000,-255.00000
0.77000,0.49000,-0.16000,0.00000,0.00000,-0.21000,-1.23000,19.67000,-255.00000
0.77000,0.49000,-0.16000,0.00000,0.00000,-0.21000,-1.23000,18.39000,-255.00000
0.77000,0.49000,-0.16000,0.00000,0.00000,-0.21000,-1.23000,18.39000,-255.00000
0.77000,0.49000,-0.16000,0.00000,0.00000,-0.21000,-1.23000,17.11000,-255.00000
0.77000,0.49000,-0.16000,0.00000,0.00000,-0.21000,-1.23000,17.11000,-255.00000
0.77000,0.49000,-0.16000,0.00000,0.00000,-0.21000,-1.23000,15.83000,-255.00000
0.77000,0.49000,-0.16000,0.00000,0.00000,-0.21000,-1.23000,15.83000,-255.00000
0.77000,0.49000,-0.16000,0.00000,0.00000,-0.21000,-1.23000,14.55000,-255.00000
0.77000,0.49000,-0.16000,0.00000,0.00000,-0.21000,-1.23000,14.55000,-255.00000
0.77000,0.49000,-0.16000,0.00000,0.00000,-0.21000,-1.23000,13.27000,-255.00000
0.77000,0.49000,-0.16000,0.00000,0.00000,-0.21000,-1.23000,13.27000,-255.00000
0.77000,0.49000,-0.16000,0.00000,0.00000,-0.21000,-1.23000,11.99000,-255.00000
0.77000,0.49000,-0.16000,0.00000,0.00000,-0.21000,-1.23000,11.99000,-255.00000
0.77000,0.49000,-0.16000,0.00000,0.00000,-0.21000,-1.23000,10.71000,-255.00000
0.77000,0.49000,-0.16000,0.00000,0.00000,-0.21000,-1.23000,10.71000,-255.00000
0.77000,0.49000,-0.16000,0.00000,0.00000,-0.21000,-1.23000,9.43000,-255.00000
0.77000,0.49000,-0.16000,0.00000,0.00000,-0.21000,-1.23000,9.43000,-255.00000
0.77000,0.49000,-0.16000,0.00000,0.00000,-0.21000,-1.23000,8.15000,-255.00000
0.77000,0.49000,-0.16000,0.00000,0.00000,-0.21000,-1.23000,8.15000,-255.00000
0.77000,0.49000,-0.16000,0.00000,0.00000,-0.21000,-1.23000,6.87000,-255.00000
0.77000,0.49000,-0.16000,0.00000,0.00000,-0.21000,-1.23000,6.87000,-255.00000
0.77000,0.49000,-0.16000,0.00000,0.00000,-0.21000,-1.23000,5.59000,-255.00000
0.77000,0.49000,-0.16000,0.00000,0.00000,-0.21000,-1.23000,5.59000,-255.00000
0.77000,0.49000,-0.16000,0.00000,0.00000,-0.21000,-1.23000,4.31000,-255.00000
0.77000,0.49000,-0.16000,0.00000,0.00000,-0.21000,-1.23000,4.31000,-255.00000
0.77000,0.49000,-0.16000,0.00000,0.00000,-0.21000,-1.23000,3.03000,-255.00000
0.77000,0.49000,-0.16000,0.00000,0.00000,-0.21000,-1.23000,3.03000,-255.00000
0.77000,0.49000,-0.16000,0.00000,0.00000,-0.21000,-1.23000,1.75000,-255.00000
0.77000,0.49000,-0.16000,0.00000,0.00000,-0.21000,-1.23000,1.75000,-255.00000
0.77000,0.49000,-0.16000,0.00000,0.00000,-0.21000,-1.23000,0.47000,-255.00000
0.77000,0.49000,-0.16000,0.00000,0.00000,-0.21000,-1.23000,0.47000,-255.00000
0.77000,0.49000,-0.16000,0.00000,0.00000,-0.21000,-1.23000,-0.81000,-255.00000
0.77000,0.49000,-0.16000,0.00000,0.00000,-0.21000,-1.23000,-0.81000,-255.00000
0.77000,0.49000,-0.16000,0.00000,0.00000,-0.21000,-1.23000,-2.09000,-255.00000
0.77000,0.49000,-0.16000,0.00000,0.00000,-0.21000,-1.23000,-2.09000,-255.00000
0.77000,0.49000,-0.16000,0.00000,0.00000,-0.21000,-1.23000,-3.37000,-255.00000
0.77000,0.49000,-0.16000,0.00000,0.00000,-0.21000,-1.23000,-3.37000,-255.00000
0.77000,0.49000,-0.16000,0.00000,0.00000,-0.21000,-1.23000,-4.65000,-255.00000
0.77000,0.49000,-0.16000,0.00000,0.00000,-0.21000,-1.23000,-4.65000,-255.00000
0.77000,0.49000,-0.16000,0.00000,0.00000,-0.21000,-1.23000,-5.93000,-255.00000
0.77000,0.49000,-0.16000,0.00000,0.00000,-0.21000,-1.23000,-5.93000,-255.00000
0.77000,0.49000,-0.16000,0.00000,0.00000,-0.21000,-1.23000,-7.21000,-255.00000
0.77000,0.49000,-0.16000,0.00000,0.00000,-0.21000,-1.23000,-7.21000,-255.00000
0.77000,0.49000,-0.16000,0.00000,0.00000,-0.21000,-1.23000,-8.49000,-255.00000
0.77000,0.49000,-0.16000,0.00000,0.00000,-0.21000,-1.23000,-8.49000,-255.00000
0.77000,0.49000,-0.16000,0.00000,0.00000,-0.21000,-1.23000,-9.77000,-255.00000
0.77000,0.49000,-0.16000,0.00000,0.00000,-0.21000,-1.23000,-9.77000,-255.00000
0.77000,0.49000,-0.16000,0.00000,0.00000,-0.21000,-1.23000,-11.05000,-255.00000
0.77000,0.49000,-0.16000,0.00000,0.00000,-0.21000,-1.23000,-11.05000,-255.00000
0.77000,0.49000,-0.16000,0.00000,0.00000,-0.21000,-1.23000,-12.32000,-255.00000
0.77000,0.49000,-0.16000,0.00000,0.00000,-0.21000,-1.23000,-12.32000,-255.00000
0.77000,0.49000,-0.16000,0.00000,0.00000,-0.21000,-1.23000,-13.60000,-255.00000
0.77000,0.49000,-0.16000,0.00000,0.00000,-0.21000,-1.23000,-13.60000,-255.00000
0.77000,0.49000,-0.16000,0.00000,0.00000,-0.21000,-1.23000,-14.88000,-255.00000
0.77000,0.49000,-0.16000,0.00000,0.00000,-0.21000,-1.23000,-14.88000,-255.00000
0.77000,0.49000,-0.16000,0.00000,0.00000,-0.21000,-1.23000,-16.16000,-255.00000
0.77000,0.49000,-0.16000,0.00000,0.00000,-0.21000,-1.23000,-16.16000,-255.00000
0.77000,0.49000,-0.16000,0.00000,0.00000,-0.21000,-1.23000,-17.44000,-255.00000
0.77000,0.49000,-0.16000,0.00000,0.00000,-0.21000,-1.23000,-17.44000,-255.00000
0.77000,0.49000,-0.16000,0.00000,0.00000,-0.21000,-1.23000,-18.72000,-255.00000
0.77000,0.49000,-0.16000,0.00000,0.00000,-0.21000,-1.23000,-18.72000,-255.00000
0.77000,0.49000,-0.16000,0.00000,0.00000,-0.21000,-1.23000,-20.00000,-255.00000
0.77000,0.49000,-0.16000,0.00000,0.00000,-0.21000,-1.23000,-20.00000,-255.00000
0.77000,0.49000,-0.16000,0.00000,0.00000,-0.21000,-1.23000,-21.28000,-255.00000
0.77000,0.49000,-0.16000,0.00000,0.00000,-0.21000,-1.23000,-21.28000,-255.00000
0.77000,0.49000,-0.16000,-0.02000,0.00000,-0.21000,-1.23000,-22.56000,-255.00000
0.77000,0.49000,-0.16000,0.00000,0.00000,-0.21000,-1.22000,-22.56000,-255.00000
0.77000,0.49000,-0.16000,0.00000,0.00000,-0.21000,-1.22000,-23.79000,-255.00000
0.77000,0.49000,-0.16000,0.00000,0.00000,-0.21000,-1.22000,-23.79000,-255.00000
0.77000,0.49000,-0.16000,0.00000,0.00000,-0.21000,-1.22000,-25.05000,-255.00000
0.77000,0.49000,-0.16000,0.00000,0.00000,-0.21000,-1.22000,-25.05000,-255.00000
0.77000,0.49000,-0.16000,0.00000,0.00000,-0.21000,-1.22000,-26.31000,-255.00000
0.77000,0.49000,-0.16000,0.00000,0.00000,-0.21000,-1.22000,-26.31000,-255.00000
0.77000,0.49000,-0.16000,0.00000,0.00000,-0.21000,-1.22000,-27.57000,-255.00000
0.77000,0.49000,-0.16000,0.00000,0.00000,-0.21000,-1.22000,-27.57000,-255.00000
0.77000,0.49000,-0.16000,0.00000,0.00000,-0.21000,-1.22000,-28.84000,-255.00000
0.77000,0.49000,-0.16000,0.00000,0.00000,-0.21000,-1.22000,-28.84000,-255.00000
0.77000,0.49000,-0.16000,0.00000,0.00000,-0.21000,-1.22000,-30.10000,-255.00000
0.77000,0.49000,-0.16000,0.00000,0.00000,-0.21000,-1.22000,-30.10000,-255.00000
0.77000,0.49000,-0.16000,0.00000,0.00000,-0.21000,-1.22000,-31.36000,-255.00000
0.77000,0.49000,-0.16000,0.00000,0.00000,-0.21000,-1.22000,-31.36000,-255.00000
0.77000,0.49000,-0.16000,0.00000,0.00000,-0.21000,-1.22000,-32.62000,-255.00000
0.77000,0.49000,-0.16000,0.00000,0.00000,-0.21000,-1.22000,-32.62000,-255.00000
0.77000,0.49000,-0.16000,0.00000,0.00000,-0.21000,-1.22000,-33.88000,-255.00000
0.77000,0.49000,-0.16000,0.00000,0.00000,-0.21000,-1.22000,-33.88000,-255.00000
0.77000,0.49000,-0.16000,0.00000,0.00000,-0.21000,-1.22000,-35.14000,-255.00000
0.77000,0.49000,-0.16000,0.00000,0.00000,-0.21000,-1.22000,-35.14000,-255.00000
0.77000,0.49000,-0.16000,0.00000,0.00000,-0.21000,-1.22000,-36.40000,-255.00000
0.77000,0.49000,-0.16000,0.00000,0.00000,-0.21000,-1.22000,-36.40000,-255.00000
0.77000,0.49000,-0.16000,0.00000,0.00000,-0.21000,-1.22000,-37.66000,-255.00000
0.77000,0.49000,-0.16000,0.00000,0.00000,-0.21000,-1.22000,-37.66000,-255.00000
0.77000,0.49000,-0.16000,0.00000,0.00000,-0.21000,-1.22000,-38.92000,-255.00000
0.77000,0.49000,-0.16000,0.00000,0.00000,-0.21000,-1.22000,-38.92000,-255.00000
0.77000,0.49000,-0.16000,0.00000,0.00000,-0.21000,-1.22000,-40.18000,-255.00000
0.77000,0.49000,-0.16000,0.00000,0.00000,-0.21000,-1.22000,-40.18000,-255.00000
0.77000,0.49000,-0.16000,0.00000,0.00000,-0.21000,-1.22000,-41.44000,-255.00000
0.77000,0.49000,-0.16000,0.00000,0.00000,-0.21000,-1.22000,-41.44000,-255.00000
0.77000,0.49000,-0.16000,0.00000,0.00000,-0.21000,-1.22000,-42.70000,-255.00000
0.77000,0.49000,-0.16000,0.00000,0.00000,-0.21000,-1.22000,-42.70000,-255.00000
0.77000,0.49000,-0.16000,0.00000,0.00000,-0.21000,-1.22000,-43.96000,-255.00000
0.77000,0.49000,-0.16000,0.00000,0.00000,-0.21000,-1.22000,-43.96000,-255.00000
0.77000,0.49000,-0.16000,0.00000,0.00000,-0.21000,-1.22000,-45.22000,-255.00000
0.77000,0.49000,-0.16000,0.00000,0.00000,-0.21000,-1.22000,-45.22000,-255.00000
0.77000,0.49000,-0.16000,0.00000,0.00000,-0.21000,-1.22000,-46.48000,-255.00000
0.77000,0.49000,-0.16000,0.00000,0.00000,-0.21000,-1.22000,-46.48000,-255.00000
0.77000,0.49000,-0.16000,0.00000,0.00000,-0.21000,-1.22000,-47.74000,-255.00000
0.77000,0.49000,-0.16000,0.00000,0.00000,-0.21000,-1.22000,-47.74000,-255.00000
0.77000,0.49000,-0.16000,0.00000,0.00000,-0.21000,-1.22000,-49.00000,-255.00000
0.77000,0.49000,-0.16000,0.00000,0.00000,-0.21000,-1.22000,-49.00000,-255.00000
0.77000,0.49000,-0.16000,0.00000,0.00000,-0.21000,-1.22000,-50.26000,-255.00000
0.77000,0.49000,-0.16000,0.00000,0.00000,-0.21000,-1.22000,-50.26000,-255.00000
0.77000,0.49000,-0.16000,0.00000,0.00000,-0.21000,-1.22000,-51.52000,-255.00000
0.77000,0.49000,-0.16000,-0.02000,0.00000,-0.21000,-1.22000,-51.52000,-255.00000
0.77000,0.49000,-0.16000,0.00000,0.00000,-0.21000,-1.22000,-52.42000,-255.00000
0.77000,0.49000,-0.16000,0.00000,0.00000,-0.21000,-1.22000,-52.42000,-255.00000
0.77000,0.49000,-0.16000,0.00000,0.00000,-0.21000,-1.22000,-53.85000,-255.00000
0.77000,0.49000,-0.16000,0.00000,0.00000,-0.21000,-1.22000,-53.85000,-255.00000
0.77000,0.49000,-0.16000,-0.02000,0.00000,-0.21000,-1.22000,-55.09000,-255.00000
0.77000,0.49000,-0.16000,0.00000,0.00000,-0.20000,-1.22000,-55.09000,-255.00000
0.77000,0.49000,-0.16000,0.00000,0.00000,-0.20000,-1.22000,-56.28000,-255.00000
0.77000,0.49000,-0.16000,0.00000,0.00000,-0.20000,-1.22000,-56.28000,-255.00000
0.77000,0.49000,-0.16000,-0.08000,0.00000,-0.20000,-1.22000,-57.50000,-255.00000
0.77000,0.49000,-0.16000,-0.06000,0.00000,-0.19000,-1.20000,-57.50000,-255.00000
0.77000,0.49000,-0.16000,0.00000,0.00000,-0.18000,-1.20000,-57.45000,-255.00000
0.77000,0.49000,-0.16000,-0.02000,0.00000,-0.18000,-1.20000,-57.45000,-255.00000
0.77000,0.49000,-0.16000,0.00000,0.00000,-0.18000,-1.19000,-58.73000,-255.00000
0.77000,0.49000,-0.16000,0.00000,0.00000,-0.18000,-1.19000,-58.73000,-255.00000
0.77000,0.49000,-0.16000,0.00000,0.00000,-0.18000,-1.19000,-59.98000,-255.00000
0.77000,0.49000,-0.16000,0.00000,0.00000,-0.18000,-1.19000,-59.98000,-255.00000
0.77000,0.49000,-0.16000,0.00000,0.00000,-0.18000,-1.19000,-61.05000,-255.00000
0.77000,0.49000,-0.16000,0.00000,0.00000,-0.18000,-1.19000,-61.05000,-255.00000
0.77000,0.49000,-0.16000,-0.02000,0.00000,-0.18000,-1.19000,-62.11000,-255.00000
0.77000,0.49000,-0.17000,-0.15000,0.00000,-0.17000,-1.19000,-62.11000,-255.00000
0.77000,0.49000,-0.17000,-0.08000,0.00000,-0.15000,-1.17000,-60.62000,-255.00000
0.77000,0.49000,-0.17000,-0.25000,0.00000,-0.14000,-1.16000,-60.62000,-255.00000
0.77000,0.49000,-0.18000,-0.17000,0.00000,-0.10000,-1.12000,-58.35000,-255.00000
0.77000,0.49000,-0.18000,-0.17000,0.00000,-0.08000,-1.10000,-58.35000,-255.00000
0.77000,0.49000,-0.18000,-0.04000,0.00000,-0.05000,-1.07000,-57.96000,-255.00000
0.77000,0.49000,-0.18000,-0.21000,0.00000,-0.05000,-1.07000,-57.96000,-255.00000
0.77000,0.49000,-0.19000,-0.08000,0.00000,-0.02000,-1.04000,-56.11000,-255.00000
0.77000,0.49000,-0.19000,0.00000,0.00000,-0.00000,-1.03000,-56.11000,-255.00000
0.77000,0.49000,-0.19000,-0.17000,0.00000,-0.00000,-1.03000,-57.89000,-255.00000
0.77000,0.49000,-0.19000,-0.17000,0.00000,0.02000,-1.01000,-57.89000,-255.00000
0.76000,0.49000,-0.19000,-0.15000,0.00000,0.04000,-0.99000,-54.77000,-255.00000
0.76000,0.49000,-0.19000,-0.02000,0.00000,0.06000,-0.97000,-54.77000,-255.00000
0.76000,0.49000,-0.19000,0.00000,0.00000,0.06000,-0.97000,-55.39000,-255.00000
0.76000,0.49000,-0.19000,0.00000,0.00000,0.06000,-0.97000,-55.39000,-255.00000
0.76000,0.49000,-0.19000,0.00000,0.00000,0.06000,-0.97000,-55.21000,-255.00000
0.76000,0.49000,-0.19000,0.00000,0.00000,0.06000,-0.97000,-55.21000,-255.00000
0.76000,0.49000,-0.19000,0.00000,0.00000,0.06000,-0.97000,-54.85000,-255.00000
0.76000,0.49000,-0.20000,-0.08000,0.00000,0.06000,-0.97000,-54.85000,-255.00000
0.76000,0.49000,-0.20000,-0.08000,0.00000,0.07000,-0.96000,-53.08000,-255.00000
0.76000,0.49000,-0.20000,0.00000,0.00000,0.08000,-0.95000,-53.08000,-255.00000
0.76000,0.49000,-0.20000,0.00000,0.00000,0.08000,-0.95000,-53.25000,-255.00000
0.76000,0.49000,-0.20000,-0.08000,0.00000,0.08000,-0.95000,-53.25000,-255.00000
0.76000,0.49000,-0.20000,-0.06000,0.00000,0.09000,-0.94000,-51.36000,-255.00000
0.76000,0.49000,-0.20000,0.00000,0.00000,0.10000,-0.93000,-51.36000,-255.00000
0.76000,0.49000,-0.20000,0.00000,0.00000,0.10000,-0.93000,-51.45000,-255.00000
0.76000,0.49000,-0.20000,0.00000,0.00000,0.10000,-0.93000,-51.45000,-255.00000
0.76000,0.49000,-0.20000,0.00000,0.00000,0.10000,-0.93000,-50.86000,-255.00000
0.76000,0.49000,-0.20000,0.00000,0.00000,0.10000,-0.93000,-50.86000,-255.00000
0.76000,0.49000,-0.20000,0.00000,0.00000,0.10000,-0.93000,-50.27000,-255.00000
0.76000,0.49000,-0.20000,0.00000,0.00000,0.10000,-0.93000,-50.27000,-255.00000
0.76000,0.49000,-0.20000,0.00000,0.00000,0.10000,-0.93000,-49.67000,-255.00000
0.76000,0.49000,-0.20000,0.00000,0.00000,0.10000,-0.93000,-49.67000,-255.00000
0.76000,0.49000,-0.20000,0.00000,0.00000,0.10000,-0.93000,-49.08000,-255.00000
0.76000,0.49000,-0.20000,0.00000,0.00000,0.10000,-0.93000,-49.08000,-255.00000
0.76000,0.49000,-0.20000,0.00000,0.00000,0.10000,-0.93000,-48.49000,-255.00000
0.76000,0.49000,-0.20000,0.00000,0.00000,0.10000,-0.93000,-48.49000,-255.00000
0.76000,0.49000,-0.20000,0.00000,0.00000,0.10000,-0.93000,-47.90000,-255.00000
0.76000,0.49000,-0.20000,0.00000,0.00000,0.10000,-0.93000,-47.90000,-255.00000
0.76000,0.49000,-0.20000,0.00000,0.00000,0.10000,-0.93000,-47.30000,-255.00000
0.76000,0.49000,-0.20000,0.00000,0.00000,0.10000,-0.93000,-47.30000,-255.00000
0.76000,0.49000,-0.20000,0.00000,0.00000,0.10000,-0.93000,-46.71000,-255.00000
0.76000,0.49000,-0.20000,0.00000,0.00000,0.10000,-0.93000,-46.71000,-255.00000
0.76000,0.49000,-0.20000,0.00000,0.00000,0.10000,-0.93000,-46.12000,-255.00000
0.76000,0.49000,-0.20000,0.00000,0.00000,0.10000,-0.93000,-46.12000,-255.00000
0.76000,0.49000,-0.20000,0.00000,0.00000,0.10000,-0.93000,-45.53000,-255.00000
0.76000,0.49000,-0.20000,0.00000,0.00000,0.10000,-0.93000,-45.53000,-255.00000
0.76000,0.49000,-0.20000,0.00000,0.00000,0.10000,-0.93000,-44.93000,-255.00000
0.76000,0.49000,-0.19000,0.00000,-0.62000,0.10000,-0.93000,-44.93000,-255.00000
0.76000,0.49000,-0.14000,0.00000,-2.66000,0.06000,-0.96000,-44.86000,-255.00000
0.76000,0.49000,-0.09000,0.00000,-2.88000,-0.11000,-1.12000,-44.86000,-255.00000
0.75000,0.49000,-0.04000,0.00000,-2.70000,-0.31000,-1.33000,-50.10000,-231.70000
0.75000,0.49000,0.00000,0.00000,-2.22000,-0.48000,-1.54000,-50.10000,-231.70000
0.75000,0.49000,0.05000,0.00000,-2.55000,-0.60000,-1.69000,-56.29000,-237.65000
0.75000,0.49000,0.10000,0.00000,-3.13000,-0.71000,-1.82000,-56.29000,-237.65000
0.74000,0.49000,0.16000,0.00000,-3.32000,-0.80000,-1.95000,-62.90000,-224.73000
0.74000,0.49000,0.22000,0.00000,-3.17000,-0.86000,-2.04000,-62.90000,-224.73000
0.74000,0.49000,0.28000,-0.02000,-3.13000,-0.89000,-2.10000,-68.98000,-219.31000
0.73000,0.48000,0.33000,0.00000,-3.09000,-0.90000,-2.15000,-68.98000,-219.31000
0.73000,0.48000,0.38000,-0.37000,-3.13000,-0.90000,-2.17000,-74.57000,-215.19000
0.72000,0.48000,0.42000,-0.89000,-2.95000,-0.91000,-2.19000,-74.57000,-215.19000
0.72000,0.48000,0.45000,-1.31000,-2.95000,-0.90000,-2.19000,-66.63000,-212.17000
0.72000,0.48000,0.48000,-1.41000,-3.15000,-0.90000,-2.20000,-66.63000,-212.17000
0.71000,0.47000,0.52000,-1.41000,-3.61000,-0.90000,-2.20000,-58.93000,-204.61000
0.71000,0.47000,0.55000,-1.31000,-3.11000,-0.90000,-2.20000,-58.93000,-204.61000
0.70000,0.47000,0.59000,-1.04000,-2.88000,-0.90000,-2.20000,-57.45000,-199.54000
0.70000,0.47000,0.62000,-0.87000,-2.82000,-0.91000,-2.20000,-57.45000,-199.54000
0.70000,0.46000,0.66000,-0.85000,-2.84000,-0.91000,-2.20000,-61.59000,-198.50000
0.69000,0.46000,0.70000,-0.91000,-3.05000,-0.91000,-2.21000,-61.59000,-198.50000
0.69000,0.46000,0.73000,-0.95000,-3.01000,-0.91000,-2.21000,-61.18000,-191.42000
0.69000,0.46000,0.77000,-1.02000,-2.90000,-0.91000,-2.21000,-61.18000,-191.42000
0.68000,0.45000,0.80000,-1.14000,-3.13000,-0.91000,-2.21000,-59.60000,-188.58000
0.68000,0.45000,0.85000,-1.08000,-3.67000,-0.91000,-2.21000,-59.60000,-188.58000
0.67000,0.45000,0.90000,-1.04000,-3.82000,-0.91000,-2.21000,-58.00000,-172.90000
0.67000,0.44000,0.95000,-1.08000,-3.77000,-0.91000,-2.21000,-58.00000,-172.90000
0.67000,0.44000,1.00000,-1.14000,-3.75000,-0.91000,-2.21000,-56.97000,-162.58000
0.67000,0.43000,1.05000,-1.00000,-3.67000,-0.91000,-2.21000,-56.97000,-162.58000
0.66000,0.43000,1.09000,-0.93000,-3.59000,-0.91000,-2.21000,-57.18000,-154.72000
0.66000,0.42000,1.14000,-1.08000,-3.51000,-0.91000,-2.21000,-57.18000,-154.72000
0.66000,0.42000,1.18000,-1.04000,-3.34000,-0.90000,-2.20000,-55.38000,-148.31000
0.66000,0.41000,1.22000,-0.97000,-3.28000,-0.91000,-2.19000,-55.38000,-148.31000
0.65000,0.41000,1.26000,-1.02000,-3.15000,-0.90000,-2.16000,-55.84000,-143.25000
0.65000,0.41000,1.30000,-1.00000,-3.05000,-0.88000,-2.08000,-55.84000,-143.25000
0.65000,0.40000,1.33000,-0.95000,-2.99000,-2.21000,-0.91000,-74.76000,-121.21000
0.65000,0.40000,1.36000,-1.41000,-2.59000,-2.21000,-0.91000,-74.76000,-121.21000
0.65000,0.39000,1.36000,-2.16000,-2.26000,-2.21000,-0.91000,-75.76000,-115.18000
0.65000,0.39000,1.35000,-2.59000,-2.20000,-2.20000,-0.91000,-75.76000,-115.18000
0.65000,0.38000,1.34000,-2.80000,-2.14000,-2.20000,-0.90000,-62.67000,-110.95000
0.65000,0.38000,1.33000,-2.66000,-2.01000,-2.19000,-0.90000,-62.67000,-110.95000
0.65000,0.37000,1.32000,-2.49000,-1.91000,-2.19000,-0.91000,-59.24000,-105.99000
0.64000,0.37000,1.31000,-2.22000,-1.83000,-2.18000,-0.91000,-59.24000,-105.99000
0.64000,0.36000,1.30000,-1.97000,-1.74000,-2.17000,-0.90000,-62.72000,-102.13000
0.64000,0.36000,1.30000,-2.01000,-1.60000,-2.16000,-0.90000,-62.72000,-102.13000
0.64000,0.36000,1.29000,-2.07000,-1.62000,-2.14000,-0.90000,-65.12000,-99.95000
0.64000,0.35000,1.28000,-2.10000,-1.54000,-2.13000,-0.89000,-65.12000,-99.95000
0.64000,0.35000,1.27000,-2.16000,-1.49000,-2.10000,-0.89000,-64.06000,-96.49000
0.64000,0.34000,1.25000,-2.32000,-1.39000,-2.08000,-0.88000,-64.06000,-96.49000
0.64000,0.34000,1.23000,-2.32000,-1.37000,-2.06000,-0.87000,-59.99000,-94.47000
0.63000,0.34000,1.22000,-2.12000,-1.29000,-2.03000,-0.85000,-59.99000,-94.47000
0.63000,0.33000,1.20000,-2.03000,-1.25000,-1.99000,-0.83000,-60.50000,-92.30000
0.63000,0.33000,1.19000,-2.03000,-1.20000,-1.95000,-0.80000,-60.50000,-92.30000
0.63000,0.33000,1.18000,-1.87000,-1.20000,-1.89000,-0.76000,-59.48000,-89.76000
0.63000,0.32000,1.16000,-1.80000,-1.14000,-1.82000,-0.70000,-59.48000,-89.76000
0.63000,0.32000,1.15000,-1.78000,-1.04000,-1.72000,-0.63000,-59.54000,-86.10000
0.63000,0.32000,1.14000,-1.72000,-1.02000,-1.63000,-0.55000,-59.54000,-86.10000
0.63000,0.31000,1.13000,-1.62000,-0.98000,-1.51000,-0.46000,-57.08000,-82.29000
0.62000,0.31000,1.11000,-1.62000,-0.85000,-1.37000,-0.34000,-57.08000,-82.29000
0.62000,0.31000,1.09000,-1.62000,-0.64000,-1.25000,-0.23000,-53.40000,-78.07000
0.62000,0.31000,1.08000,-1.49000,-0.56000,-1.17000,-0.15000,-53.40000,-78.07000
0.62000,0.31000,1.06000,-1.31000,-0.12000,-1.11000,-0.09000,-50.92000,-76.52000
0.62000,0.30000,1.04000,-1.18000,-0.19000,-1.11000,-0.10000,-50.92000,-76.52000
0.62000,0.30000,1.03000,-1.04000,-0.54000,-1.11000,-0.09000,-53.27000,-79.29000
0.62000,0.30000,1.01000,-1.00000,-0.06000,-1.03000,-0.01000,-53.27000,-79.29000
0.62000,0.30000,0.99000,-1.00000,0.00000,-1.04000,-0.01000,-54.58000,-79.48000
0.62000,0.30000,0.97000,-1.16000,0.00000,-1.06000,-0.03000,-54.58000,-79.48000
0.62000,0.30000,0.95000,-1.14000,0.00000,-1.08000,-0.06000,-52.93000,-80.76000
0.62000,0.30000,0.93000,-1.06000,0.00000,-1.10000,-0.08000,-52.93000,-80.76000
0.62000,0.30000,0.91000,-1.06000,0.00000,-1.12000,-0.10000,-54.57000,-81.72000
0.62000,0.30000,0.89000,-1.12000,0.00000,-1.13000,-0.12000,-54.57000,-81.72000
0.61000,0.30000,0.88000,-1.06000,0.00000,-1.15000,-0.14000,-54.51000,-82.86000
0.61000,0.29000,0.86000,-1.10000,0.00000,-1.17000,-0.15000,-54.51000,-82.86000
0.61000,0.29000,0.83000,-1.18000,0.00000,-1.18000,-0.17000,-55.48000,-84.17000
0.61000,0.29000,0.81000,-1.20000,0.00000,-1.20000,-0.18000,-55.48000,-84.17000
0.61000,0.29000,0.79000,-1.14000,0.00000,-1.21000,-0.20000,-54.88000,-85.66000
0.61000,0.29000,0.77000,-1.22000,0.00000,-1.23000,-0.21000,-54.88000,-85.66000
0.61000,0.29000,0.75000,-1.25000,0.00000,-1.24000,-0.23000,-55.02000,-87.26000
0.61000,0.29000,0.73000,-1.16000,0.00000,-1.25000,-0.24000,-55.02000,-87.26000
0.61000,0.29000,0.70000,-1.16000,0.00000,-1.26000,-0.25000,-56.34000,-88.94000
0.61000,0.29000,0.68000,-1.29000,0.00000,-1.27000,-0.26000,-56.34000,-88.94000
0.60000,0.29000,0.66000,-1.33000,0.00000,-1.27000,-0.26000,-55.26000,-90.64000
0.60000,0.29000,0.64000,-1.25000,0.00000,-1.28000,-0.27000,-55.26000,-90.64000
0.60000,0.28000,0.61000,-1.27000,0.00000,-1.28000,-0.27000,-55.88000,-92.29000
0.60000,0.28000,0.59000,-1.31000,0.00000,-1.28000,-0.27000,-55.88000,-92.29000
0.60000,0.28000,0.57000,-1.18000,0.00000,-1.27000,-0.26000,-55.07000,-93.82000
0.60000,0.28000,0.55000,-1.16000,0.00000,-1.27000,-0.26000,-55.07000,-93.82000
0.60000,0.28000,0.52000,-1.22000,0.00000,-1.26000,-0.25000,-56.85000,-95.19000
0.60000,0.28000,0.50000,-1.16000,0.00000,-1.25000,-0.24000,-56.85000,-95.19000
0.60000,0.28000,0.48000,-1.08000,0.00000,-1.24000,-0.22000,-57.08000,-96.32000
0.59000,0.28000,0.46000,-1.20000,0.00000,-1.22000,-0.21000,-57.08000,-96.32000
0.59000,0.28000,0.44000,-1.27000,0.00000,-1.21000,-0.19000,-56.43000,-97.16000
0.59000,0.28000,0.42000,-1.18000,0.00000,-1.18000,-0.17000,-56.43000,-97.16000
0.59000,0.28000,0.40000,-1.12000,0.00000,-1.16000,-0.14000,-56.07000,-97.60000
0.59000,0.28000,0.37000,-1.25000,0.00000,-1.14000,-0.12000,-56.07000,-97.60000
0.59000,0.28000,0.35000,-1.22000,0.00000,-1.10000,-0.09000,-54.16000,-97.58000
0.59000,0.28000,0.33000,-1.10000,0.00000,-1.07000,-0.05000,-54.16000,-97.58000
0.59000,0.28000,0.31000,-1.16000,0.00000,-1.04000,-0.02000,-54.51000,-97.07000
0.58000,0.28000,0.29000,-1.16000,0.00000,-1.00000,0.02000,-54.51000,-97.07000
0.58000,0.27000,0.27000,-1.08000,0.00000,-0.97000,0.06000,-52.15000,-96.05000
0.58000,0.27000,0.25000,-0.96000,0.00000,-0.93000,0.09000,-52.15000,-96.05000
0.58000,0.27000,0.23000,-1.04000,0.00000,-0.90000,0.13000,-53.13000,-94.68000
0.58000,0.27000,0.22000,-0.95000,0.00000,-0.87000,0.16000,-53.13000,-94.68000
0.58000,0.27000,0.20000,-0.87000,0.00000,-0.84000,0.19000,-51.88000,-92.93000
0.58000,0.27000,0.19000,-0.87000,0.00000,-0.81000,0.22000,-51.88000,-92.93000
0.58000,0.27000,0.17000,-0.87000,0.00000,-0.79000,0.25000,-51.61000,-90.90000
0.58000,0.27000,0.16000,-0.83000,0.00000,-0.76000,0.28000,-51.61000,-90.90000
0.58000,0.27000,0.14000,-0.79000,0.00000,-0.73000,0.30000,-50.95000,-88.60000
0.57000,0.27000,0.13000,-0.83000,0.00000,-0.71000,0.33000,-50.95000,-88.60000
0.57000,0.27000,0.11000,-0.79000,0.00000,-0.69000,0.35000,-49.71000,-86.11000
0.57000,0.27000,0.10000,-0.69000,0.00000,-0.67000,0.37000,-49.71000,-86.11000
0.57000,0.27000,0.09000,-0.69000,0.00000,-0.66000,0.38000,-50.52000,-83.52000
0.57000,0.27000,0.07000,-0.77000,0.00000,-0.64000,0.40000,-50.52000,-83.52000
0.57000,0.27000,0.06000,-0.75000,0.00000,-0.62000,0.41000,-48.61000,-80.80000
0.57000,0.27000,0.05000,-0.64000,0.00000,-0.61000,0.42000,-48.61000,-80.80000
0.57000,0.27000,0.04000,-0.66000,0.00000,-0.59000,0.43000,-49.16000,-78.03000
0.57000,0.27000,0.02000,-0.71000,0.00000,-0.58000,0.44000,-49.16000,-78.03000
0.57000,0.27000,0.01000,-0.62000,0.00000,-0.57000,0.44000,-47.52000,-75.25000
0.57000,0.27000,0.00000,-0.60000,0.00000,-0.55000,0.45000,-47.52000,-75.25000
0.57000,0.27000,-0.01000,-0.60000,0.00000,-0.54000,0.45000,-47.88000,-72.51000
0.57000,0.27000,-0.02000,-0.50000,0.00000,-0.91000,-2.21000,-47.88000,-72.51000
0.57000,0.27000,-0.03000,-0.46000,0.00000,-0.91000,-2.21000,-54.62000,-109.76000
0.56000,0.27000,-0.04000,-0.62000,0.00000,-0.91000,-2.21000,-54.62000,-109.76000
0.56000,0.27000,-0.05000,-0.79000,0.00000,-0.91000,-2.21000,-55.21000,-123.04000
0.56000,0.27000,-0.07000,-0.75000,0.00000,-0.91000,-2.21000,-55.21000,-123.04000
0.56000,0.27000,-0.08000,-0.83000,0.00000,-0.91000,-2.21000,-55.05000,-136.32000
0.56000,0.27000,-0.10000,-0.91000,0.00000,-0.91000,-2.21000,-55.05000,-136.32000
0.56000,0.27000,-0.11000,-0.81000,0.00000,-0.91000,-2.21000,-53.52000,-149.59000
0.56000,0.27000,-0.13000,-0.75000,0.00000,-0.91000,-2.21000,-53.52000,-149.59000
0.56000,0.27000,-0.14000,-0.77000,0.00000,-0.91000,-2.21000,-55.96000,-162.85000
0.56000,0.27000,-0.15000,-0.73000,0.00000,-0.91000,-2.21000,-55.96000,-162.85000
0.56000,0.27000,-0.16000,-0.64000,-0.02000,-0.91000,-2.21000,-57.22000,-176.08000
0.55000,0.27000,-0.15000,-0.77000,-1.29000,-0.91000,-2.21000,-57.22000,-176.08000
0.55000,0.27000,-0.12000,-0.89000,-3.03000,-0.91000,-2.21000,-57.69000,-170.01000
0.55000,0.27000,-0.07000,-0.87000,-3.42000,-0.91000,-2.21000,-57.69000,-170.01000
0.54000,0.28000,-0.02000,-0.95000,-3.51000,-0.91000,-2.21000,-56.98000,-143.55000
0.54000,0.28000,0.02000,-1.06000,-3.34000,-0.91000,-2.21000,-56.98000,-143.55000
0.53000,0.28000,0.06000,-1.10000,-3.26000,-0.91000,-2.21000,-54.41000,-137.55000
0.53000,0.28000,0.10000,-1.08000,-3.28000,-0.91000,-2.21000,-54.41000,-137.55000
0.52000,0.27000,0.13000,-1.04000,-3.11000,-0.91000,-2.21000,-53.21000,-131.74000
0.52000,0.27000,0.17000,-1.08000,-3.11000,-0.91000,-2.21000,-53.21000,-131.74000
0.51000,0.27000,0.21000,-0.95000,-2.99000,-0.91000,-2.21000,-52.21000,-127.86000
0.51000,0.27000,0.24000,-0.89000,-2.92000,-0.91000,-2.21000,-52.21000,-127.86000
0.50000,0.27000,0.28000,-0.89000,-2.84000,-0.91000,-2.21000,-54.02000,-125.27000
0.50000,0.27000,0.31000,-0.87000,-2.82000,-0.91000,-2.21000,-54.02000,-125.27000
0.50000,0.27000,0.35000,-0.87000,-2.86000,-0.91000,-2.21000,-54.47000,-122.53000
0.49000,0.27000,0.39000,-0.89000,-2.78000,-0.91000,-2.21000,-54.47000,-122.53000
0.49000,0.27000,0.42000,-0.93000,-2.64000,-0.92000,-2.21000,-54.44000,-119.44000
0.48000,0.26000,0.45000,-0.91000,-2.57000,-0.92000,-2.21000,-54.44000,-119.44000
0.48000,0.26000,0.48000,-0.89000,-2.53000,-0.92000,-2.21000,-54.32000,-119.09000
0.48000,0.26000,0.50000,-0.98000,-2.57000,-0.92000,-2.21000,-54.32000,-119.09000
0.47000,0.26000,0.53000,-1.02000,-2.53000,-0.92000,-2.20000,-53.44000,-116.87000
0.47000,0.26000,0.56000,-0.95000,-2.41000,-0.92000,-2.20000,-53.44000,-116.87000
0.47000,0.26000,0.58000,-0.95000,-2.05000,-0.92000,-2.20000,-53.42000,-117.16000
0.47000,0.25000,0.59000,-1.00000,-1.66000,-0.92000,-2.21000,-53.42000,-117.16000
0.46000,0.25000,0.60000,-0.93000,-1.70000,-0.92000,-2.21000,-52.53000,-127.20000
0.46000,0.25000,0.62000,-0.83000,-1.83000,-0.91000,-2.21000,-52.53000,-127.20000
0.46000,0.25000,0.65000,-0.79000,-2.10000,-0.91000,-2.21000,-54.49000,-128.06000
0.46000,0.25000,0.67000,-0.87000,-2.28000,-0.91000,-2.21000,-54.49000,-128.06000
0.45000,0.24000,0.69000,-0.81000,-2.08000,-2.11000,-1.05000,-72.29000,-106.10000
0.45000,0.24000,0.70000,-1.31000,-1.62000,-2.11000,-1.01000,-72.29000,-106.10000
0.45000,0.24000,0.69000,-2.03000,-1.25000,-2.11000,-1.01000,-73.24000,-108.08000
0.44000,0.24000,0.66000,-2.39000,-1.25000,-2.11000,-1.02000,-73.24000,-108.08000
0.44000,0.23000,0.64000,-2.55000,-1.14000,-2.11000,-1.05000,-61.81000,-110.61000
0.44000,0.23000,0.61000,-2.49000,-1.12000,-2.77000,-2.70000,-61.81000,-110.61000
0.43000,0.23000,0.59000,-2.28000,-1.20000,-3.25000,-3.27000,-75.68000,-144.67000
0.43000,0.23000,0.58000,-2.28000,-1.72000,-2.42000,-2.55000,-75.68000,-144.67000
0.43000,0.22000,0.58000,-2.53000,-2.16000,-1.31000,-2.16000,-54.28000,-131.83000
0.42000,0.22000,0.58000,-2.34000,-2.22000,-1.06000,-2.11000,-54.28000,-131.83000
0.42000,0.22000,0.58000,-1.74000,-2.18000,-1.03000,-2.11000,-43.37000,-126.19000
0.42000,0.22000,0.60000,-1.06000,-2.07000,-1.08000,-2.11000,-43.37000,-126.19000
0.41000,0.22000,0.63000,-0.50000,-2.08000,-2.33000,-2.51000,-74.31000,-133.69000
0.41000,0.21000,0.65000,-0.93000,-2.05000,-3.28000,-3.25000,-74.31000,-133.69000
0.41000,0.21000,0.66000,-1.60000,-2.01000,-2.53000,-2.39000,-86.83000,-134.92000
0.40000,0.21000,0.65000,-2.34000,-2.01000,-2.20000,-1.46000,-86.83000,-134.92000
0.40000,0.21000,0.63000,-3.07000,-1.99000,-2.32000,-1.87000,-72.09000,-129.76000
0.39000,0.20000,0.61000,-3.09000,-2.10000,-3.16000,-3.13000,-72.09000,-129.76000
0.39000,0.20000,0.60000,-2.86000,-2.03000,-3.22000,-3.24000,-74.16000,-148.23000
0.39000,0.20000,0.59000,-2.86000,-2.10000,-2.57000,-2.65000,-74.16000,-148.23000
0.38000,0.19000,0.57000,-2.78000,-2.12000,-1.17000,-2.13000,-47.57000,-138.38000
0.38000,0.19000,0.58000,-2.12000,-2.26000,-1.02000,-2.11000,-47.57000,-138.38000
0.37000,0.19000,0.59000,-1.33000,-2.26000,-1.02000,-2.11000,-46.40000,-135.76000
0.37000,0.19000,0.62000,-0.87000,-2.22000,-1.06000,-2.11000,-46.40000,-135.76000
0.37000,0.18000,0.65000,-0.52000,-2.22000,-2.56000,-2.65000,-81.60000,-143.53000
0.36000,0.18000,0.67000,-1.06000,-2.41000,-3.23000,-3.21000,-81.60000,-143.53000
0.36000,0.18000,0.69000,-2.05000,-2.82000,-2.20000,-1.48000,-83.53000,-125.82000
0.36000,0.17000,0.68000,-2.74000,-2.49000,-2.11000,-1.02000,-83.53000,-125.82000
0.35000,0.17000,0.66000,-3.09000,-2.05000,-2.11000,-1.02000,-63.76000,-112.07000
0.35000,0.17000,0.65000,-2.90000,-1.95000,-2.14000,-0.98000,-63.76000,-112.07000
0.34000,0.16000,0.63000,-2.66000,-1.80000,-2.14000,-0.99000,-57.99000,-110.86000
0.34000,0.16000,0.62000,-2.26000,-1.47000,-2.14000,-0.99000,-57.99000,-110.86000
0.34000,0.16000,0.61000,-1.87000,-1.62000,-2.13000,-0.99000,-62.89000,-112.33000
0.33000,0.16000,0.61000,-1.80000,-1.54000,-2.13000,-0.99000,-62.89000,-112.33000
0.33000,0.16000,0.60000,-1.83000,-1.68000,-2.13000,-0.99000,-68.94000,-108.54000
0.33000,0.15000,0.60000,-1.87000,-1.56000,-2.13000,-0.99000,-68.94000,-108.54000
0.32000,0.15000,0.59000,-2.08000,-1.33000,-2.13000,-0.99000,-69.94000,-104.99000
0.32000,0.15000,0.56000,-2.36000,-1.12000,-2.13000,-1.00000,-69.94000,-104.99000
0.32000,0.15000,0.54000,-2.45000,-1.04000,-2.12000,-1.01000,-63.91000,-108.37000
0.31000,0.14000,0.52000,-2.26000,-1.20000,-2.11000,-1.01000,-63.91000,-108.37000
0.31000,0.14000,0.51000,-2.12000,-1.49000,-2.11000,-1.03000,-63.78000,-106.78000
0.31000,0.14000,0.49000,-2.10000,-1.35000,-2.12000,-1.14000,-63.78000,-106.78000
0.30000,0.14000,0.48000,-2.03000,-1.20000,-2.38000,-2.03000,-69.46000,-118.60000
0.30000,0.14000,0.46000,-2.12000,-1.35000,-3.10000,-3.06000,-69.46000,-118.60000
0.30000,0.14000,0.45000,-2.37000,-1.47000,-3.27000,-3.29000,-84.20000,-141.64000
0.29000,0.13000,0.43000,-2.70000,-1.70000,-2.91000,-2.96000,-84.20000,-141.64000
0.29000,0.13000,0.41000,-3.07000,-2.07000,-1.26000,-2.15000,-52.21000,-130.79000
0.28000,0.13000,0.40000,-2.78000,-2.05000,-1.02000,-2.11000,-52.21000,-130.79000
0.28000,0.13000,0.40000,-2.10000,-2.07000,-1.01000,-2.11000,-38.65000,-127.66000
0.27000,0.13000,0.41000,-1.22000,-2.03000,-1.01000,-2.12000,-38.65000,-127.66000
0.27000,0.12000,0.44000,-0.44000,-2.01000,-1.01000,-2.11000,-51.38000,-128.28000
0.27000,0.12000,0.47000,-0.25000,-2.01000,-1.04000,-2.11000,-51.38000,-128.28000
0.27000,0.12000,0.50000,-0.42000,-2.03000,-2.96000,-3.00000,-93.93000,-142.42000
0.26000,0.12000,0.52000,-1.37000,-2.12000,-3.10000,-3.06000,-93.93000,-142.42000
0.26000,0.12000,0.51000,-2.72000,-2.24000,-2.35000,-1.96000,-84.31000,-131.19000
0.25000,0.11000,0.49000,-3.36000,-2.36000,-2.62000,-2.53000,-84.31000,-131.19000
0.25000,0.11000,0.47000,-3.57000,-2.22000,-3.20000,-3.18000,-73.11000,-144.75000
0.24000,0.11000,0.45000,-3.40000,-2.32000,-3.03000,-3.07000,-73.11000,-144.75000
0.24000,0.11000,0.43000,-3.24000,-2.43000,-3.14000,-3.17000,-70.57000,-150.15000
0.23000,0.10000,0.42000,-2.99000,-2.59000,-2.22000,-2.45000,-70.57000,-150.15000
0.22000,0.10000,0.42000,-2.76000,-2.66000,-1.37000,-2.17000,-48.66000,-136.21000
0.22000,0.10000,0.43000,-2.24000,-2.45000,-1.19000,-2.13000,-48.66000,-136.21000
0.22000,0.10000,0.44000,-1.58000,-2.26000,-1.29000,-2.15000,-48.93000,-135.57000
0.21000,0.09000,0.46000,-1.10000,-2.20000,-2.39000,-2.53000,-48.93000,-135.57000
0.21000,0.09000,0.49000,-0.75000,-2.24000,-3.24000,-3.26000,-89.59000,-154.21000
0.21000,0.09000,0.50000,-1.60000,-2.65000,-2.65000,-2.56000,-89.59000,-154.21000
0.20000,0.09000,0.51000,-2.68000,-2.76000,-2.11000,-1.07000,-78.04000,-120.86000
0.19000,0.09000,0.49000,-3.05000,-2.34000,-2.11000,-1.04000,-78.04000,-120.86000
0.19000,0.08000,0.47000,-3.28000,-1.93000,-2.14000,-1.21000,-59.72000,-118.16000
0.18000,0.08000,0.45000,-3.11000,-1.83000,-3.04000,-3.00000,-59.72000,-118.16000
0.18000,0.08000,0.43000,-2.59000,-1.83000,-3.19000,-3.22000,-69.18000,-149.29000
0.18000,0.08000,0.43000,-2.32000,-2.20000,-2.56000,-2.65000,-69.18000,-149.29000
0.17000,0.07000,0.43000,-2.28000,-2.43000,-2.15000,-2.43000,-65.83000,-140.14000
0.17000,0.07000,0.44000,-2.07000,-2.47000,-2.22000,-2.46000,-65.83000,-140.14000
0.16000,0.07000,0.45000,-1.91000,-2.51000,-2.70000,-2.76000,-76.71000,-142.51000
0.16000,0.07000,0.46000,-1.99000,-2.47000,-3.11000,-3.15000,-76.71000,-142.51000
0.15000,0.06000,0.46000,-2.28000,-2.39000,-3.25000,-3.28000,-90.01000,-151.98000
0.15000,0.06000,0.46000,-2.61000,-2.57000,-3.26000,-3.29000,-90.01000,-151.98000
0.14000,0.06000,0.45000,-2.91000,-2.57000,-3.25000,-3.28000,-88.29000,-155.33000
0.14000,0.06000,0.44000,-3.15000,-2.61000,-3.15000,-3.18000,-88.29000,-155.33000
0.13000,0.05000,0.44000,-3.19000,-2.68000,-2.58000,-2.67000,-73.98000,-149.73000
0.12000,0.05000,0.44000,-2.93000,-3.01000,-2.95000,-2.90000,-73.98000,-149.73000
0.12000,0.05000,0.44000,-2.68000,-2.70000,-2.83000,-2.77000,-77.69000,-145.71000
0.11000,0.05000,0.43000,-2.66000,-2.51000,-2.76000,-2.69000,-77.69000,-145.71000
0.11000,0.04000,0.43000,-2.61000,-2.51000,-2.85000,-2.80000,-81.50000,-152.13000
0.10000,0.04000,0.43000,-2.61000,-2.55000,-2.90000,-2.85000,-81.50000,-152.13000
0.10000,0.04000,0.43000,-2.76000,-2.76000,-2.91000,-2.86000,-84.21000,-154.22000
0.09000,0.04000,0.43000,-2.88000,-2.92000,-2.86000,-2.81000,-84.21000,-154.22000
0.09000,0.03000,0.44000,-2.91000,-3.13000,-2.75000,-2.68000,-79.52000,-147.75000
0.08000,0.03000,0.44000,-2.97000,-3.13000,-2.42000,-2.12000,-79.52000,-147.75000
0.07000,0.03000,0.44000,-3.09000,-3.03000,-2.22000,-1.56000,-69.58000,-126.44000
0.07000,0.02000,0.43000,-3.01000,-2.55000,-2.19000,-1.43000,-69.58000,-126.44000
0.06000,0.02000,0.42000,-2.82000,-2.16000,-2.36000,-1.98000,-66.54000,-131.93000
0.06000,0.02000,0.41000,-2.76000,-2.07000,-2.91000,-2.86000,-66.54000,-131.93000
0.05000,0.02000,0.40000,-2.61000,-2.12000,-3.24000,-3.21000,-79.57000,-154.15000
0.05000,0.02000,0.39000,-2.68000,-2.47000,-3.27000,-3.29000,-79.57000,-154.15000
0.04000,0.01000,0.39000,-2.97000,-2.55000,-3.23000,-3.26000,-83.54000,-155.73000
0.03000,0.01000,0.37000,-3.32000,-2.76000,-3.03000,-3.06000,-83.54000,-155.73000
0.03000,0.01000,0.36000,-3.44000,-2.74000,-2.08000,-2.40000,-59.96000,-143.24000
0.02000,0.01000,0.35000,-3.03000,-2.51000,-1.04000,-2.11000,-59.96000,-143.24000
0.02000,0.00000,0.35000,-2.57000,-2.24000,-1.01000,-2.11000,-40.90000,-140.45000
0.01000,0.00000,0.35000,-1.83000,-2.03000,0.92000,2.20000,-40.90000,-140.45000
0.01000,0.00000,0.37000,-0.93000,-2.16000,0.92000,2.20000,-17.83000,-80.51000
0.01000,0.00000,0.40000,-0.12000,-1.74000,0.92000,2.21000,-17.83000,-80.51000
0.01000,0.00000,0.42000,0.00000,-1.14000,0.91000,2.21000,-26.97000,-59.34000
0.01000,-0.00000,0.43000,0.00000,-0.27000,0.91000,2.21000,-26.97000,-59.34000
0.01000,-0.00000,0.43000,0.00000,0.00000,0.91000,2.21000,-22.64000,-57.70000
0.01000,-0.00000,0.43000,0.00000,0.00000,0.91000,2.21000,-22.64000,-57.70000
0.01000,-0.00000,0.43000,0.00000,0.00000,0.91000,2.21000,-17.17000,-46.86000
0.01000,-0.00000,0.43000,0.00000,0.00000,0.91000,2.21000,-17.17000,-46.86000
0.01000,-0.00000,0.43000,0.00000,0.00000,0.91000,2.21000,-11.69000,-33.60000
0.01000,-0.00000,0.43000,0.00000,0.00000,0.91000,2.21000,-11.69000,-33.60000
0.01000,-0.00000,0.43000,0.00000,0.00000,0.91000,2.21000,-6.22000,-20.33000
0.01000,-0.00000,0.43000,0.00000,0.00000,0.91000,2.21000,-6.22000,-20.33000
0.01000,-0.00000,0.43000,0.00000,0.00000,0.91000,2.21000,-0.75000,-7.06000
0.01000,-0.00000,0.43000,0.00000,0.00000,0.91000,2.21000,-0.75000,-7.06000
0.01000,-0.00000,0.43000,0.00000,0.00000,0.91000,2.21000,4.72000,6.21000
0.01000,-0.00000,0.43000,0.00000,0.00000,0.91000,2.21000,4.72000,6.21000
0.01000,-0.00000,0.43000,0.00000,0.00000,0.91000,2.21000,10.19000,19.48000
0.01000,-0.00000,0.43000,0.00000,0.00000,0.91000,2.21000,10.19000,19.48000
0.01000,-0.00000,0.43000,0.00000,0.00000,0.91000,2.21000,15.67000,32.75000
0.01000,-0.00000,0.43000,0.00000,0.00000,0.91000,2.21000,15.67000,32.75000
0.01000,-0.00000,0.43000,0.00000,0.00000,0.91000,2.21000,21.14000,46.01000
0.01000,-0.00000,0.43000,0.00000,0.00000,0.91000,2.21000,21.14000,46.01000
0.01000,-0.00000,0.43000,0.00000,0.00000,0.91000,2.21000,26.61000,59.28000
0.01000,-0.00000,0.43000,0.02000,0.00000,0.91000,2.21000,26.61000,59.28000
0.01000,-0.00000,0.43000,0.00000,0.00000,0.91000,2.21000,31.77000,72.55000
0.01000,-0.00000,0.43000,0.00000,0.00000,0.91000,2.21000,31.77000,72.55000
0.01000,-0.00000,0.43000,0.00000,0.00000,0.91000,2.21000,37.43000,85.82000
0.01000,-0.00000,0.43000,0.00000,0.02000,0.91000,2.21000,37.43000,85.82000
0.01000,-0.00000,0.43000,0.00000,0.00000,0.91000,2.21000,42.90000,98.77000
0.01000,-0.00000,0.43000,0.00000,0.00000,0.91000,2.21000,42.90000,98.77000
0.01000,-0.00000,0.43000,0.00000,0.02000,0.91000,2.21000,48.38000,112.23000
0.01000,-0.00000,0.43000,0.02000,0.02000,0.91000,2.21000,48.38000,112.23000
0.01000,0.00000,0.42000,0.00000,0.15000,0.91000,2.21000,53.54000,125.19000
0.01000,0.00000,0.42000,0.00000,0.00000,0.91000,2.21000,53.54000,125.19000
0.01000,0.00000,0.42000,0.00000,0.00000,0.91000,2.21000,59.20000,138.64000
0.01000,0.00000,0.42000,0.00000,0.00000,0.91000,2.21000,59.20000,138.64000
0.01000,0.00000,0.42000,0.00000,0.00000,0.91000,2.21000,64.67000,151.91000
0.01000,0.00000,0.41000,0.02000,0.71000,0.91000,2.21000,64.67000,151.91000
0.01000,0.00000,0.38000,0.00000,1.58000,0.91000,2.21000,69.85000,154.58000
0.01000,0.00000,0.35000,0.00000,1.97000,0.92000,2.21000,69.85000,154.58000
0.01000,0.00000,0.31000,0.44000,2.49000,0.92000,2.20000,75.64000,144.50000
0.02000,0.00000,0.29000,1.18000,2.55000,0.93000,2.19000,75.64000,144.50000
0.02000,0.01000,0.27000,1.70000,2.55000,0.94000,2.18000,63.75000,136.88000
0.03000,0.01000,0.26000,1.74000,2.45000,0.95000,2.17000,63.75000,136.88000
0.03000,0.01000,0.25000,1.70000,2.41000,0.96000,2.17000,54.11000,136.00000
0.04000,0.01000,0.23000,1.45000,2.39000,0.96000,2.16000,54.11000,136.00000
0.04000,0.01000,0.20000,1.12000,2.41000,0.98000,2.15000,54.06000,134.96000
0.04000,0.01000,0.18000,0.91000,2.30000,1.00000,2.13000,54.06000,134.96000
0.05000,0.01000,0.16000,0.87000,2.24000,1.02000,2.10000,60.01000,134.07000
0.05000,0.01000,0.13000,0.98000,2.22000,1.06000,2.07000,60.01000,134.07000
0.05000,0.01000,0.11000,1.06000,2.18000,1.09000,2.03000,60.80000,133.05000
0.06000,0.01000,0.09000,1.20000,2.18000,1.13000,1.99000,60.80000,133.05000
0.06000,0.01000,0.08000,1.33000,2.24000,1.17000,1.95000,59.26000,131.33000
0.07000,0.01000,0.06000,1.31000,2.30000,1.22000,1.91000,59.26000,131.33000
0.07000,0.01000,0.04000,1.29000,2.28000,1.27000,1.86000,58.94000,126.70000
0.07000,0.01000,0.03000,1.35000,2.22000,1.32000,1.80000,58.94000,126.70000
0.08000,0.01000,0.01000,1.29000,2.12000,1.39000,1.75000,59.94000,123.71000
0.08000,0.01000,-0.01000,1.24000,2.16000,1.78000,2.03000,59.94000,123.71000
0.09000,0.01000,-0.02000,1.31000,2.12000,3.01000,3.02000,85.99000,140.86000
0.09000,0.01000,-0.03000,1.93000,2.43000,3.28000,3.28000,85.99000,140.86000
0.10000,0.01000,-0.03000,2.61000,2.59000,3.19000,3.18000,89.00000,144.40000
0.10000,0.01000,-0.02000,3.17000,2.76000,3.19000,3.19000,89.00000,144.40000
0.11000,0.01000,-0.01000,3.61000,2.84000,3.28000,3.28000,79.27000,145.42000
0.12000,0.01000,0.01000,3.61000,2.82000,3.08000,3.09000,79.27000,145.42000
0.12000,0.01000,0.02000,3.36000,2.86000,2.08000,2.29000,55.39000,132.81000
0.13000,0.01000,0.02000,2.88000,2.76000,1.54000,1.83000,55.39000,132.81000
0.14000,0.01000,0.01000,2.20000,2.53000,1.47000,1.78000,47.99000,122.91000
0.14000,0.01000,-0.00000,1.54000,2.37000,1.66000,1.93000,47.99000,122.91000
0.14000,0.01000,-0.03000,0.95000,2.32000,2.84000,2.86000,80.24000,139.14000
0.15000,0.01000,-0.05000,1.41000,2.43000,3.23000,3.23000,80.24000,139.14000
0.15000,0.01000,-0.05000,2.18000,2.53000,2.45000,2.30000,84.07000,132.79000
0.16000,0.01000,-0.05000,2.68000,2.57000,2.01000,1.76000,84.07000,132.79000
0.17000,0.01000,-0.04000,3.11000,2.57000,2.10000,1.87000,66.14000,123.35000
0.17000,0.01000,-0.03000,3.01000,2.45000,2.75000,2.72000,66.14000,123.35000
0.18000,0.01000,-0.02000,2.55000,2.16000,3.16000,3.15000,73.54000,140.22000
0.18000,0.01000,-0.02000,2.41000,2.28000,3.27000,3.27000,73.54000,140.22000
0.19000,0.01000,-0.02000,2.49000,2.47000,3.28000,3.28000,85.32000,148.88000
0.19000,0.01000,-0.02000,2.78000,2.82000,3.28000,3.28000,85.32000,148.88000
0.20000,0.01000,-0.02000,3.07000,2.99000,3.28000,3.28000,84.94000,146.75000
0.21000,0.01000,-0.01000,3.34000,2.93000,3.28000,3.28000,84.94000,146.75000
0.22000,0.01000,-0.00000,3.51000,2.99000,3.21000,3.21000,78.44000,146.94000
0.22000,0.01000,0.00000,3.36000,2.99000,2.90000,2.92000,78.44000,146.94000
0.23000,0.01000,0.01000,3.20000,2.76000,2.40000,2.50000,65.23000,136.98000
0.24000,0.01000,0.02000,2.95000,2.68000,1.72000,1.97000,65.23000,136.98000
0.24000,0.01000,0.02000,2.57000,2.45000,1.51000,1.81000,52.32000,128.36000
0.25000,0.01000,0.01000,1.91000,2.18000,1.46000,1.77000,52.32000,128.36000
0.25000,0.01000,-0.00000,1.43000,2.32000,1.58000,1.86000,60.25000,131.35000
0.25000,0.01000,-0.02000,1.35000,2.37000,2.78000,2.81000,60.25000,131.35000
0.26000,0.01000,-0.04000,1.35000,2.47000,3.28000,3.28000,92.23000,147.98000
0.26000,0.01000,-0.05000,2.01000,2.74000,2.80000,2.78000,92.23000,147.98000
0.27000,0.01000,-0.05000,3.03000,2.88000,1.95000,1.69000,73.89000,123.99000
0.28000,0.01000,-0.04000,3.22000,2.64000,2.07000,1.83000,73.89000,123.99000
0.28000,0.01000,-0.03000,2.97000,2.45000,2.76000,2.73000,67.59000,134.87000
0.29000,0.01000,-0.03000,2.78000,2.51000,3.14000,3.13000,67.59000,134.87000
0.29000,0.01000,-0.03000,2.55000,2.66000,3.24000,3.23000,78.58000,144.86000
0.30000,0.01000,-0.03000,2.55000,2.70000,3.21000,3.20000,78.58000,144.86000
0.31000,0.01000,-0.03000,2.76000,2.80000,3.15000,3.14000,83.40000,144.99000
0.31000,0.01000,-0.03000,3.09000,2.82000,3.12000,3.12000,83.40000,144.99000
0.32000,0.01000,-0.01000,3.28000,2.57000,3.23000,3.22000,80.07000,147.02000
0.33000,0.01000,-0.00000,3.24000,2.66000,3.24000,3.24000,80.07000,147.02000
0.33000,0.01000,0.00000,3.24000,2.82000,2.93000,2.95000,74.22000,147.75000
0.34000,0.01000,0.01000,3.18000,2.72000,2.38000,2.49000,74.22000,147.75000
0.35000,0.01000,0.01000,2.97000,2.97000,1.68000,1.95000,54.63000,133.55000
0.35000,0.01000,0.01000,2.41000,2.78000,1.67000,1.93000,54.63000,133.55000
0.36000,0.01000,-0.01000,1.87000,2.70000,2.13000,2.34000,63.88000,133.83000
0.36000,0.01000,-0.03000,1.74000,2.66000,3.11000,3.12000,63.88000,133.83000
0.37000,0.01000,-0.04000,1.70000,2.59000,3.25000,3.25000,89.06000,146.77000
0.37000,0.01000,-0.05000,2.24000,2.76000,2.71000,2.68000,89.06000,146.77000
0.38000,0.01000,-0.05000,3.01000,2.84000,2.06000,1.82000,72.81000,127.36000
0.39000,0.01000,-0.04000,3.05000,2.55000,2.25000,2.03000,72.81000,127.36000
0.39000,0.01000,-0.03000,2.82000,2.45000,2.82000,2.80000,70.95000,139.44000
0.40000,0.01000,-0.03000,2.74000,2.49000,3.10000,3.09000,70.95000,139.44000
0.40000,0.01000,-0.03000,2.70000,2.61000,3.21000,3.20000,80.01000,147.89000
0.41000,0.01000,-0.03000,2.74000,2.93000,3.23000,3.22000,80.01000,147.89000
0.42000,0.01000,-0.02000,3.01000,2.70000,3.16000,3.15000,82.17000,144.95000
0.42000,0.01000,-0.01000,3.26000,2.68000,3.26000,3.25000,82.17000,144.95000
0.43000,0.01000,-0.00000,3.38000,2.78000,3.24000,3.24000,78.02000,151.32000
0.44000,0.01000,0.01000,3.22000,2.68000,2.91000,2.93000,78.02000,151.32000
0.44000,0.01000,0.01000,3.15000,2.91000,2.11000,2.32000,61.58000,140.84000
0.45000,0.01000,0.01000,2.76000,2.80000,1.74000,2.00000,61.58000,140.84000
0.46000,0.01000,-0.00000,2.22000,2.89000,1.77000,2.02000,56.67000,132.31000
0.46000,0.01000,-0.02000,1.74000,2.80000,2.76000,2.79000,56.67000,132.31000
0.47000,0.01000,-0.04000,1.51000,2.66000,3.28000,3.28000,88.68000,146.58000
0.47000,0.01000,-0.06000,1.97000,2.74000,2.76000,2.73000,88.68000,146.58000
0.48000,0.01000,-0.06000,2.70000,2.84000,1.89000,1.62000,73.62000,125.43000
0.48000,0.01000,-0.05000,2.97000,2.72000,1.81000,1.51000,73.62000,125.43000
0.49000,0.01000,-0.05000,2.91000,2.53000,1.93000,1.66000,58.76000,119.71000
0.49000,0.01000,-0.05000,2.43000,2.32000,2.32000,2.11000,58.76000,119.71000
0.50000,0.01000,-0.05000,1.87000,1.99000,2.43000,2.27000,68.21000,128.41000
0.50000,0.01000,-0.05000,1.87000,1.81000,2.25000,2.04000,68.21000,128.41000
0.51000,0.01000,-0.04000,1.95000,1.60000,2.32000,2.12000,74.99000,133.55000
0.51000,0.01000,-0.03000,1.99000,1.68000,2.73000,2.70000,74.99000,133.55000
0.52000,0.00000,-0.03000,2.26000,2.10000,3.01000,2.99000,86.09000,150.40000
0.52000,0.00000,-0.03000,2.72000,2.70000,3.10000,3.09000,86.09000,150.40000
0.53000,0.00000,-0.02000,3.01000,2.41000,3.11000,3.10000,82.85000,144.66000
0.53000,0.00000,-0.01000,3.17000,2.59000,3.28000,3.28000,82.85000,144.66000
0.54000,0.00000,0.00000,3.36000,2.74000,3.17000,3.18000,79.33000,149.85000
0.55000,0.00000,0.01000,3.24000,2.76000,2.69000,2.72000,79.33000,149.85000
0.55000,0.00000,0.01000,2.99000,2.91000,1.88000,2.12000,59.04000,134.95000
0.56000,0.00000,0.01000,2.68000,2.97000,1.75000,2.00000,59.04000,134.95000
0.57000,0.00000,-0.00000,2.20000,2.84000,2.12000,2.33000,62.83000,131.09000
0.57000,0.00000,-0.02000,1.89000,2.68000,2.98000,2.99000,62.83000,131.09000
0.58000,0.00000,-0.03000,1.66000,2.20000,3.28000,3.28000,88.72000,145.91000
0.58000,0.00000,-0.04000,2.20000,2.59000,3.20000,3.19000,88.72000,145.91000
0.59000,0.00000,-0.03000,2.86000,2.80000,2.98000,2.97000,87.94000,146.07000
0.59000,0.00000,-0.03000,3.15000,2.84000,3.02000,3.00000,87.94000,146.07000
0.60000,0.00000,-0.01000,3.38000,2.41000,3.18000,3.17000,81.25000,147.63000
0.61000,0.00000,0.00000,3.44000,2.72000,3.20000,3.20000,81.25000,147.63000
0.61000,0.00000,0.01000,3.34000,2.80000,2.64000,2.67000,68.97000,144.03000
0.62000,0.00000,0.01000,3.03000,2.86000,1.75000,2.00000,68.97000,144.03000
0.63000,0.00000,0.03000,2.74000,2.10000,1.58000,1.86000,54.44000,129.35000
0.63000,0.00000,0.03000,2.16000,1.70000,1.38000,1.76000,54.44000,129.35000
0.63000,0.00000,0.03000,1.62000,1.89000,1.34000,1.78000,55.29000,139.57000
0.64000,0.00000,0.01000,1.35000,2.37000,1.36000,1.77000,55.29000,139.57000
0.64000,0.00000,-0.01000,1.27000,2.47000,1.62000,1.90000,66.75000,131.81000
0.65000,0.00000,-0.03000,1.35000,2.34000,3.08000,3.09000,66.75000,131.81000
0.65000,0.00000,-0.04000,1.62000,2.37000,3.25000,3.24000,92.75000,149.53000
0.66000,0.00000,-0.04000,2.37000,2.28000,2.83000,2.80000,92.75000,149.53000
0.66000,0.00000,-0.03000,3.18000,2.55000,2.89000,2.87000,83.54000,150.26000
0.67000,0.00000,-0.02000,3.36000,2.76000,3.23000,3.22000,83.54000,150.26000
0.68000,0.00000,0.00000,3.38000,2.24000,3.26000,3.26000,77.28000,152.49000
0.68000,0.00000,0.03000,3.26000,1.83000,2.32000,2.46000,77.28000,152.49000
0.69000,0.00000,0.05000,2.99000,1.99000,1.36000,1.76000,49.81000,147.06000
0.69000,0.00000,0.05000,2.32000,2.22000,1.30000,1.83000,49.81000,147.06000
0.70000,0.00000,0.03000,1.62000,2.41000,1.29000,1.84000,51.26000,141.86000
0.70000,0.00000,0.01000,1.16000,2.51000,1.33000,1.79000,51.26000,141.86000
0.71000,0.00000,-0.02000,0.83000,2.35000,1.54000,1.83000,66.23000,135.05000
0.71000,0.00000,-0.04000,1.04000,2.45000,3.17000,3.18000,66.23000,135.05000
0.71000,0.00000,-0.06000,1.49000,2.41000,2.96000,2.95000,91.77000,148.70000
0.72000,0.00000,-0.06000,2.12000,2.14000,1.94000,1.68000,91.77000,148.70000
0.72000,0.00000,-0.05000,2.82000,2.10000,1.90000,1.63000,71.20000,136.63000
0.73000,0.00000,-0.03000,2.97000,2.05000,2.68000,2.64000,71.20000,136.63000
0.73000,0.00000,-0.02000,2.72000,1.97000,3.25000,3.24000,77.35000,159.03000
0.74000,0.00000,-0.01000,2.57000,2.14000,3.20000,3.20000,77.35000,159.03000
0.75000,0.00000,-0.00000,2.66000,2.24000,2.94000,2.96000,80.35000,160.63000
0.75000,0.00000,0.00000,2.76000,2.39000,2.39000,2.49000,80.35000,160.63000
0.76000,0.00000,0.01000,2.84000,2.55000,1.76000,2.01000,62.01000,147.58000
0.76000,0.00000,0.01000,2.51000,2.45000,1.51000,1.80000,62.01000,147.58000
0.77000,0.00000,0.01000,2.18000,2.16000,1.46000,1.78000,55.29000,140.89000
0.77000,0.00000,0.01000,1.83000,2.07000,1.44000,1.77000,55.29000,140.89000
0.78000,0.00000,-0.01000,1.33000,2.32000,1.52000,1.81000,60.13000,143.03000
0.78000,0.00000,-0.03000,1.24000,2.18000,2.76000,2.79000,60.13000,143.03000
0.78000,0.00000,-0.04000,1.29000,2.14000,3.27000,3.27000,93.24000,161.75000
0.79000,0.00000,-0.05000,1.87000,2.24000,3.10000,3.09000,93.24000,161.75000
0.79000,0.00000,-0.05000,2.66000,2.37000,2.80000,2.78000,89.03000,159.94000
0.80000,0.00000,-0.03000,3.15000,2.45000,3.02000,3.01000,89.03000,159.94000
0.81000,0.00000,-0.02000,3.38000,2.55000,3.28000,3.27000,82.45000,167.51000
0.81000,0.00000,-0.00000,3.26000,2.47000,3.08000,3.09000,82.45000,167.51000
0.82000,0.00000,0.01000,3.20000,2.68000,2.06000,2.28000,63.43000,157.19000
0.83000,0.00000,0.01000,2.91000,2.59000,1.50000,1.80000,63.43000,157.19000
0.83000,0.00000,0.01000,2.32000,2.49000,1.40000,1.75000,51.62000,146.32000
0.84000,0.00000,-0.00000,1.72000,2.24000,1.41000,1.76000,51.62000,146.32000
0.84000,0.00000,-0.02000,1.27000,2.24000,1.59000,1.86000,63.11000,148.23000
0.84000,0.00000,-0.04000,1.25000,2.26000,2.85000,2.87000,63.11000,148.23000
0.85000,0.00000,-0.05000,1.37000,2.26000,3.28000,3.28000,94.90000,166.94000
0.85000,0.00000,-0.06000,2.07000,2.39000,2.97000,2.95000,94.90000,166.94000
0.86000,0.00000,-0.05000,2.99000,2.55000,2.62000,2.58000,84.75000,160.68000
0.87000,0.00000,-0.04000,3.24000,2.45000,3.00000,2.98000,84.75000,160.68000
0.87000,0.00000,-0.02000,3.20000,2.53000,3.28000,3.28000,80.46000,171.36000
0.88000,0.00000,-0.01000,3.24000,2.61000,3.15000,3.16000,80.46000,171.36000
0.89000,-0.00000,-0.01000,3.07000,2.78000,2.59000,2.63000,70.38000,164.10000
0.89000,-0.00000,-0.01000,2.68000,2.82000,1.96000,2.19000,70.38000,164.10000
0.90000,-0.00000,-0.02000,2.43000,2.72000,2.04000,2.26000,66.71000,155.54000
0.90000,-0.00000,-0.02000,2.24000,2.64000,2.42000,2.51000,66.71000,155.54000
0.91000,-0.00000,-0.04000,1.66000,2.53000,2.85000,2.87000,81.54000,164.14000
0.91000,-0.00000,-0.06000,1.20000,2.49000,3.27000,3.27000,81.54000,164.14000
0.92000,-0.00000,-0.09000,1.20000,2.51000,2.76000,2.74000,99.48000,165.72000
0.92000,-0.00000,-0.10000,1.51000,2.47000,1.75000,1.40000,99.48000,165.72000
0.92000,-0.00000,-0.12000,1.72000,2.53000,1.81000,1.31000,89.83000,146.17000
0.93000,-0.00000,-0.13000,1.62000,2.20000,1.87000,1.26000,89.83000,146.17000
0.93000,-0.00000,-0.12000,1.62000,1.41000,1.92000,1.21000,91.64000,141.73000
0.94000,-0.00000,-0.12000,1.58000,1.39000,1.92000,1.21000,91.64000,141.73000
0.94000,-0.00000,-0.11000,1.54000,1.10000,1.92000,1.20000,94.16000,147.81000
0.94000,-0.00000,-0.10000,1.64000,1.16000,1.92000,1.21000,94.16000,147.81000
0.94000,-0.00000,-0.09000,1.76000,1.04000,1.91000,1.22000,95.05000,150.38000
0.95000,-0.00000,-0.08000,1.72000,1.04000,1.88000,1.24000,95.05000,150.38000
0.95000,-0.00000,-0.07000,1.70000,1.16000,1.86000,1.26000,94.73000,153.25000
0.95000,-0.00000,-0.06000,1.81000,1.27000,1.85000,1.28000,94.73000,153.25000
0.96000,-0.00000,-0.05000,1.78000,1.27000,1.83000,1.29000,93.88000,151.57000
0.96000,-0.01000,-0.04000,1.83000,1.33000,1.82000,1.30000,93.88000,151.57000
0.97000,-0.01000,-0.03000,1.99000,1.62000,1.81000,1.31000,93.42000,151.10000
0.97000,-0.01000,-0.03000,1.83000,1.60000,1.81000,1.31000,93.42000,151.10000
0.97000,-0.01000,-0.03000,1.74000,1.85000,1.83000,1.29000,93.58000,146.70000
0.98000,-0.01000,-0.03000,1.74000,1.78000,1.87000,1.26000,93.58000,146.70000
0.98000,-0.01000,-0.03000,1.74000,1.62000,-2.21000,-0.91000,34.22000,109.04000
0.98000,-0.01000,-0.04000,0.87000,1.33000,-2.21000,-0.91000,34.22000,109.04000
0.98000,-0.01000,-0.06000,0.04000,1.08000,-2.21000,-0.91000,23.55000,99.71000
0.99000,-0.01000,-0.07000,0.00000,0.75000,-2.21000,-0.91000,23.55000,99.71000
0.99000,-0.01000,-0.07000,0.00000,0.21000,-2.21000,-0.91000,18.11000,94.98000
0.99000,-0.01000,-0.07000,0.00000,0.00000,-2.21000,-0.91000,18.11000,94.98000
0.99000,-0.01000,-0.07000,0.00000,0.00000,-2.21000,-0.91000,4.83000,96.24000
0.99000,-0.01000,-0.07000,0.00000,0.00000,-2.21000,-0.91000,4.83000,96.24000
0.99000,-0.01000,-0.07000,0.00000,0.00000,-2.21000,-0.91000,-8.45000,90.78000
0.99000,-0.01000,-0.07000,0.00000,0.00000,-2.21000,-0.91000,-8.45000,90.78000
0.99000,-0.01000,-0.07000,0.00000,0.00000,-2.21000,-0.91000,-21.74000,85.31000
0.99000,-0.01000,-0.07000,0.00000,0.00000,-2.21000,-0.91000,-21.74000,85.31000
0.99000,-0.01000,-0.07000,0.00000,0.00000,-2.21000,-0.91000,-35.02000,79.85000
0.99000,-0.01000,-0.08000,-0.04000,0.00000,-2.21000,-0.91000,-35.02000,79.85000
0.99000,-0.01000,-0.08000,0.00000,0.00000,-2.21000,-0.91000,-47.68000,74.38000
0.99000,-0.01000,-0.08000,0.00000,0.00000,-2.21000,-0.91000,-47.68000,74.38000
0.99000,-0.01000,-0.08000,0.00000,0.00000,-2.21000,-0.91000,-61.33000,68.92000
0.99000,-0.01000,-0.08000,-0.02000,0.00000,-2.21000,-0.91000,-61.33000,68.92000
0.99000,-0.01000,-0.08000,0.00000,0.00000,-2.21000,-0.91000,-74.30000,63.45000
0.99000,-0.01000,-0.08000,-0.29000,0.00000,-2.21000,-0.91000,-74.30000,63.45000
0.98000,-0.01000,-0.10000,-1.20000,0.00000,-2.21000,-0.91000,-83.41000,57.98000
0.98000,-0.01000,-0.14000,-2.01000,0.00000,-2.21000,-0.91000,-83.41000,57.98000
0.98000,-0.01000,-0.18000,-2.49000,0.00000,-2.21000,-0.91000,-69.05000,52.47000
0.98000,-0.00000,-0.22000,-1.83000,0.00000,-2.20000,-0.92000,-69.05000,52.47000
0.98000,-0.00000,-0.24000,-1.54000,0.00000,-2.20000,-0.93000,-72.85000,46.79000
0.97000,-0.00000,-0.28000,-1.83000,0.00000,-2.19000,-0.93000,-72.85000,46.79000
0.97000,-0.00000,-0.31000,-1.72000,0.00000,-2.18000,-0.94000,-74.84000,40.97000
0.97000,-0.00000,-0.34000,-1.60000,0.00000,-2.17000,-0.95000,-74.84000,40.97000
0.97000,-0.00000,-0.37000,-1.56000,0.00000,-2.16000,-0.97000,-80.09000,34.99000
0.97000,-0.00000,-0.40000,-1.99000,0.00000,-2.15000,-0.97000,-80.09000,34.99000
0.96000,-0.00000,-0.45000,-2.86000,0.00000,-2.14000,-0.99000,-77.18000,28.83000
0.96000,0.00000,-0.51000,-3.24000,0.00000,-2.12000,-1.01000,-77.18000,28.83000
0.96000,0.00000,-0.56000,-2.72000,0.00000,-2.32000,-1.87000,-62.17000,9.62000
0.96000,0.00000,-0.60000,-2.28000,0.00000,-2.72000,-2.79000,-62.17000,9.62000
0.95000,0.01000,-0.64000,-1.99000,0.00000,-1.02000,-2.11000,-51.39000,-5.12000
0.95000,0.01000,-0.67000,-1.79000,0.00000,-1.00000,-2.12000,-51.39000,-5.12000
0.95000,0.01000,-0.70000,-1.66000,0.00000,-0.99000,-2.14000,-50.84000,-18.23000
0.95000,0.01000,-0.73000,-1.52000,0.00000,-0.97000,-2.15000,-50.84000,-18.23000
0.95000,0.01000,-0.75000,-1.39000,0.00000,-0.96000,-2.17000,-49.67000,-31.48000
0.95000,0.01000,-0.77000,-1.04000,0.00000,-0.95000,-2.18000,-49.67000,-31.48000
0.95000,0.01000,-0.79000,-1.02000,0.00000,-0.94000,-2.19000,-53.19000,-44.78000
0.95000,0.01000,-0.81000,-1.06000,0.00000,-0.93000,-2.19000,-53.19000,-44.78000
0.94000,0.01000,-0.83000,-1.08000,0.00000,-0.92000,-2.20000,-52.08000,-58.12000
0.94000,0.01000,-0.85000,-1.16000,0.00000,-0.92000,-2.21000,-52.08000,-58.12000
0.94000,0.02000,-0.87000,-1.20000,0.00000,-0.91000,-2.21000,-49.55000,-71.46000
0.94000,0.02000,-0.89000,-1.04000,0.00000,-0.91000,-2.21000,-49.55000,-71.46000
0.94000,0.02000,-0.91000,-0.91000,0.00000,-0.91000,-2.21000,-49.88000,-84.77000
0.94000,0.02000,-0.92000,-0.85000,0.00000,-0.91000,-2.21000,-49.88000,-84.77000
0.94000,0.02000,-0.94000,-0.69000,0.00000,-0.91000,-2.21000,-51.89000,-98.05000
0.94000,0.02000,-0.95000,-0.58000,0.00000,-0.91000,-2.21000,-51.89000,-98.05000
0.94000,0.02000,-0.96000,-0.71000,0.00000,-0.91000,-2.21000,-56.28000,-111.32000
0.94000,0.02000,-0.97000,-0.71000,0.00000,-0.91000,-2.21000,-56.28000,-111.32000
0.94000,0.02000,-0.98000,-0.69000,0.00000,-0.91000,-2.21000,-56.35000,-124.58000
0.94000,0.02000,-1.00000,-0.69000,0.00000,-0.91000,-2.21000,-56.35000,-124.58000
0.94000,0.02000,-1.01000,-0.75000,0.00000,-0.91000,-2.21000,-57.86000,-137.79000
0.94000,0.02000,-1.02000,-0.69000,0.00000,-0.91000,-2.20000,-57.86000,-137.79000
0.94000,0.02000,-1.03000,-0.64000,0.00000,-0.90000,-2.20000,-59.16000,-150.87000
0.94000,0.02000,-1.05000,-0.79000,0.00000,-0.90000,-2.19000,-59.16000,-150.87000
0.94000,0.02000,-1.06000,-0.79000,0.00000,-0.90000,-2.18000,-58.93000,-163.79000
0.94000,0.03000,-1.07000,-0.71000,0.00000,-0.90000,-2.16000,-58.93000,-163.79000
0.94000,0.03000,-1.09000,-0.73000,0.00000,-0.90000,-2.14000,-60.77000,-176.33000
0.93000,0.03000,-1.10000,-0.77000,0.00000,-0.89000,-2.12000,-60.77000,-176.33000
0.93000,0.03000,-1.11000,-0.66000,0.00000,-0.88000,-2.08000,-60.68000,-188.28000
0.93000,0.03000,-1.13000,-0.66000,0.00000,-0.86000,-2.04000,-60.68000,-188.28000
0.93000,0.03000,-1.14000,-0.73000,0.00000,-0.83000,-1.99000,-62.15000,-199.42000
0.93000,0.03000,-1.15000,-0.69000,0.00000,-0.78000,-1.92000,-62.15000,-199.42000
0.93000,0.03000,-1.16000,-0.64000,0.00000,-0.72000,-1.83000,-61.16000,-209.01000
0.93000,0.03000,-1.18000,-0.71000,-0.02000,-0.64000,-1.73000,-61.16000,-209.01000
0.93000,0.03000,-1.19000,-0.69000,0.00000,-0.52000,-1.59000,-58.16000,-216.08000
0.93000,0.03000,-1.20000,-0.54000,0.00000,-0.39000,-1.43000,-58.16000,-216.08000
0.93000,0.03000,-1.21000,-0.46000,0.00000,-0.27000,-1.28000,-55.77000,-221.17000
0.93000,0.03000,-1.21000,-0.42000,-0.06000,-0.16000,-1.17000,-55.77000,-221.17000
0.93000,0.03000,-1.22000,-0.25000,0.00000,-0.06000,-1.08000,-52.82000,-224.87000
0.93000,0.03000,-1.22000,-0.08000,0.00000,-0.00000,-1.02000,-52.82000,-224.87000
0.93000,0.03000,-1.22000,0.00000,0.00000,0.02000,-1.01000,-54.54000,-230.83000
0.93000,0.03000,-1.22000,0.00000,0.00000,0.02000,-1.01000,-54.54000,-230.83000
0.93000,0.03000,-1.22000,0.00000,0.00000,0.02000,-1.01000,-55.19000,-236.87000
0.93000,0.03000,-1.22000,0.00000,0.00000,0.02000,-1.01000,-55.19000,-236.87000
0.93000,0.03000,-1.22000,0.00000,0.00000,0.02000,-1.01000,-55.09000,-242.92000
0.93000,0.03000,-1.22000,-0.02000,0.00000,0.02000,-1.01000,-55.09000,-242.92000
0.93000,0.03000,-1.22000,-0.02000,0.00000,0.02000,-1.00000,-54.61000,-248.90000
0.93000,0.03000,-1.22000,0.00000,0.00000,0.03000,-1.00000,-54.61000,-248.90000
0.93000,0.03000,-1.22000,-0.02000,0.00000,0.03000,-1.00000,-54.61000,-254.86000
0.93000,0.03000,-1.22000,-0.02000,0.00000,0.03000,-0.99000,-54.61000,-254.86000
0.93000,0.03000,-1.22000,-0.04000,0.00000,0.03000,-0.99000,-54.01000,-255.00000
0.93000,0.03000,-1.22000,0.00000,0.00000,0.04000,-0.98000,-54.01000,-255.00000
0.93000,0.03000,-1.22000,0.00000,0.00000,0.04000,-0.98000,-53.87000,-255.00000
0.93000,0.03000,-1.22000,0.00000,0.00000,0.04000,-0.98000,-53.87000,-255.00000
0.93000,0.03000,-1.22000,0.00000,0.00000,0.04000,-0.98000,-53.61000,-255.00000
0.93000,0.03000,-1.22000,0.00000,0.00000,0.04000,-0.98000,-53.61000,-255.00000
0.93000,0.03000,-1.22000,0.00000,0.00000,0.04000,-0.98000,-53.36000,-255.00000
0.93000,0.03000,-1.22000,0.00000,0.00000,0.04000,-0.98000,-53.36000,-255.00000
0.93000,0.03000,-1.22000,0.00000,0.00000,0.04000,-0.98000,-53.10000,-255.00000
0.93000,0.03000,-1.22000,0.00000,0.00000,0.04000,-0.98000,-53.10000,-255.00000
0.93000,0.03000,-1.22000,0.00000,0.00000,0.04000,-0.98000,-52.85000,-255.00000
0.93000,0.03000,-1.22000,0.00000,0.00000,0.04000,-0.98000,-52.85000,-255.00000
0.93000,0.03000,-1.22000,0.00000,0.00000,0.04000,-0.98000,-52.60000,-255.00000
0.93000,0.03000,-1.22000,0.00000,0.00000,0.04000,-0.98000,-52.60000,-255.00000
0.93000,0.03000,-1.22000,0.00000,0.00000,0.04000,-0.98000,-52.34000,-255.00000
0.93000,0.03000,-1.22000,0.00000,0.00000,0.04000,-0.98000,-52.34000,-255.00000
0.93000,0.03000,-1.22000,0.00000,0.00000,0.04000,-0.98000,-52.09000,-255.00000
0.93000,0.03000,-1.22000,0.00000,0.00000,0.04000,-0.98000,-52.09000,-255.00000
0.93000,0.03000,-1.22000,0.00000,0.00000,0.04000,-0.98000,-51.83000,-255.00000
0.93000,0.03000,-1.22000,0.00000,0.00000,0.04000,-0.98000,-51.83000,-255.00000
0.93000,0.03000,-1.22000,0.00000,0.00000,0.04000,-0.98000,-51.58000,-255.00000
0.93000,0.03000,-1.22000,0.00000,0.00000,0.04000,-0.98000,-51.58000,-255.00000
0.93000,0.03000,-1.22000,0.00000,0.00000,0.04000,-0.98000,-51.32000,-255.00000
0.93000,0.03000,-1.22000,0.00000,0.00000,0.04000,-0.98000,-51.32000,-255.00000
0.93000,0.03000,-1.22000,0.00000,0.00000,0.04000,-0.98000,-51.07000,-255.00000
0.93000,0.03000,-1.22000,0.00000,0.00000,0.04000,-0.98000,-51.07000,-255.00000
0.93000,0.03000,-1.22000,0.00000,0.00000,0.04000,-0.98000,-50.81000,-255.00000
0.93000,0.03000,-1.22000,0.00000,0.00000,0.04000,-0.98000,-50.81000,-255.00000
0.93000,0.03000,-1.22000,0.00000,0.00000,0.04000,-0.98000,-50.56000,-255.00000
0.93000,0.03000,-1.22000,0.00000,0.00000,0.04000,-0.98000,-50.56000,-255.00000
0.93000,0.03000,-1.22000,0.00000,0.00000,0.04000,-0.98000,-50.30000,-255.00000
0.93000,0.03000,-1.22000,0.00000,0.00000,0.04000,-0.98000,-50.30000,-255.00000
0.93000,0.03000,-1.22000,0.00000,0.00000,0.04000,-0.98000,-50.05000,-255.00000
0.93000,0.03000,-1.22000,0.00000,0.00000,0.04000,-0.98000,-50.05000,-255.00000
0.93000,0.03000,-1.22000,0.00000,0.00000,0.04000,-0.98000,-49.79000,-255.00000
0.93000,0.03000,-1.22000,0.00000,0.00000,0.04000,-0.98000,-49.79000,-255.00000
0.93000,0.03000,-1.22000,0.00000,0.00000,0.04000,-0.98000,-49.54000,-255.00000
0.93000,0.03000,-1.22000,0.00000,0.00000,0.04000,-0.98000,-49.54000,-255.00000
0.93000,0.03000,-1.22000,0.00000,0.00000,0.04000,-0.98000,-49.28000,-255.00000
0.93000,0.03000,-1.22000,0.00000,0.00000,0.04000,-0.98000,-49.28000,-255.00000
0.93000,0.03000,-1.22000,0.00000,0.00000,0.04000,-0.98000,-49.03000,-255.00000
0.93000,0.03000,-1.22000,0.00000,0.00000,0.04000,-0.98000,-49.03000,-255.00000
0.93000,0.03000,-1.22000,0.00000,0.00000,0.04000,-0.98000,-48.77000,-255.00000
0.93000,0.03000,-1.22000,0.00000,0.00000,0.04000,-0.98000,-48.77000,-255.00000
0.93000,0.03000,-1.22000,0.00000,0.00000,0.04000,-0.98000,-48.52000,-255.00000
0.93000,0.03000,-1.22000,0.00000,0.00000,0.04000,-0.98000,-48.52000,-255.00000
0.93000,0.03000,-1.22000,0.00000,0.00000,0.04000,-0.98000,-48.27000,-255.00000
0.93000,0.03000,-1.22000,0.00000,0.00000,0.04000,-0.98000,-48.27000,-255.00000
0.93000,0.03000,-1.22000,0.00000,0.00000,0.04000,-0.98000,-48.01000,-255.00000
0.93000,0.03000,-1.22000,0.00000,0.00000,0.04000,-0.98000,-48.01000,-255.00000
0.93000,0.03000,-1.22000,0.00000,0.00000,0.04000,-0.98000,-47.76000,-255.00000
0.93000,0.03000,-1.22000,0.00000,0.00000,0.04000,-0.98000,-47.76000,-255.00000
0.93000,0.03000,-1.22000,0.00000,0.00000,0.04000,-0.98000,-47.50000,-255.00000
0.93000,0.03000,-1.22000,0.00000,0.00000,0.04000,-0.98000,-47.50000,-255.00000
0.93000,0.03000,-1.22000,0.00000,0.00000,0.04000,-0.98000,-47.25000,-255.00000
0.93000,0.03000,-1.22000,0.00000,0.00000,0.04000,-0.98000,-47.25000,-255.00000
0.93000,0.03000,-1.22000,0.00000,0.00000,0.04000,-0.98000,-46.99000,-255.00000
0.93000,0.03000,-1.22000,0.00000,0.00000,0.04000,-0.98000,-46.99000,-255.00000
0.93000,0.03000,-1.22000,0.00000,0.00000,0.04000,-0.98000,-46.74000,-255.00000
0.93000,0.03000,-1.22000,0.00000,0.00000,0.04000,-0.98000,-46.74000,-255.00000
0.93000,0.03000,-1.22000,0.00000,0.00000,0.04000,-0.98000,-46.48000,-255.00000
0.93000,0.03000,-1.22000,0.00000,0.00000,0.04000,-0.98000,-46.48000,-255.00000
0.93000,0.03000,-1.22000,0.00000,0.00000,0.04000,-0.98000,-46.23000,-255.00000
0.93000,0.03000,-1.22000,0.00000,0.00000,0.04000,-0.98000,-46.23000,-255.00000
0.93000,0.03000,-1.22000,0.00000,0.00000,0.04000,-0.98000,-45.97000,-255.00000
0.93000,0.03000,-1.22000,0.00000,0.00000,0.04000,-0.98000,-45.97000,-255.00000
0.93000,0.03000,-1.22000,0.00000,0.00000,0.04000,-0.98000,-45.72000,-255.00000
0.93000,0.03000,-1.22000,0.00000,0.00000,0.04000,-0.98000,-45.72000,-255.00000
0.93000,0.03000,-1.22000,0.00000,0.00000,0.04000,-0.98000,-45.46000,-255.00000
0.93000,0.03000,-1.22000,0.00000,0.00000,0.04000,-0.98000,-45.46000,-255.00000
0.93000,0.03000,-1.22000,0.00000,0.00000,0.04000,-0.98000,-45.21000,-255.00000
0.93000,0.03000,-1.22000,0.00000,0.00000,0.04000,-0.98000,-45.21000,-255.00000
0.93000,0.03000,-1.22000,0.00000,0.00000,0.04000,-0.98000,-44.95000,-255.00000
0.93000,0.03000,-1.22000,0.00000,0.00000,0.04000,-0.98000,-44.95000,-255.00000
0.93000,0.03000,-1.22000,0.00000,0.00000,0.04000,-0.98000,-44.70000,-255.00000
0.93000,0.03000,-1.22000,0.00000,0.00000,0.04000,-0.98000,-44.70000,-255.00000
0.93000,0.03000,-1.22000,0.00000,0.00000,0.04000,-0.98000,-44.44000,-255.00000
0.93000,0.03000,-1.22000,0.00000,0.00000,0.04000,-0.98000,-44.44000,-255.00000
0.93000,0.03000,-1.22000,0.00000,0.00000,0.04000,-0.98000,-44.19000,-255.00000
0.93000,0.03000,-1.22000,0.00000,0.00000,0.04000,-0.98000,-44.19000,-255.00000
0.93000,0.03000,-1.22000,0.00000,0.00000,0.04000,-0.98000,-43.94000,-255.00000
0.93000,0.03000,-1.22000,0.00000,0.00000,0.04000,-0.98000,-43.94000,-255.00000
0.93000,0.03000,-1.22000,0.00000,0.00000,0.04000,-0.98000,-43.68000,-255.00000
0.93000,0.03000,-1.22000,0.00000,0.00000,0.04000,-0.98000,-43.68000,-255.00000
0.93000,0.03000,-1.22000,0.00000,0.00000,0.04000,-0.98000,-43.43000,-255.00000
0.93000,0.03000,-1.22000,0.00000,0.00000,0.04000,-0.98000,-43.43000,-255.00000
0.93000,0.03000,-1.22000,0.00000,0.00000,0.04000,-0.98000,-43.17000,-255.00000
0.93000,0.03000,-1.22000,0.00000,0.00000,0.04000,-0.98000,-43.17000,-255.00000
0.93000,0.03000,-1.22000,0.00000,0.00000,0.04000,-0.98000,-42.92000,-255.00000
0.93000,0.03000,-1.22000,0.00000,0.00000,0.04000,-0.98000,-42.92000,-255.00000
0.93000,0.03000,-1.22000,0.00000,0.00000,0.04000,-0.98000,-42.66000,-255.00000
0.93000,0.03000,-1.22000,0.00000,0.00000,0.04000,-0.98000,-42.66000,-255.00000
0.93000,0.03000,-1.22000,0.00000,0.00000,0.04000,-0.98000,-42.41000,-255.00000
0.93000,0.03000,-1.22000,0.00000,0.00000,0.04000,-0.98000,-42.41000,-255.00000
0.93000,0.03000,-1.22000,0.00000,0.00000,0.04000,-0.98000,-42.15000,-255.00000
0.93000,0.03000,-1.22000,0.00000,0.00000,0.04000,-0.98000,-42.15000,-255.00000
0.93000,0.03000,-1.22000,0.00000,0.00000,0.04000,-0.98000,-41.90000,-255.00000
0.93000,0.03000,-1.22000,0.00000,0.00000,0.04000,-0.98000,-41.90000,-255.00000
0.93000,0.03000,-1.22000,0.00000,0.00000,0.04000,-0.98000,-41.64000,-255.00000
0.93000,0.03000,-1.22000,0.00000,0.00000,0.04000,-0.98000,-41.64000,-255.00000
0.93000,0.03000,-1.22000,0.00000,0.00000,0.04000,-0.98000,-41.39000,-255.00000
0.93000,0.03000,-1.22000,0.00000,0.00000,0.04000,-0.98000,-41.39000,-255.00000
0.93000,0.03000,-1.22000,0.00000,0.00000,0.04000,-0.98000,-41.13000,-255.00000
0.93000,0.03000,-1.22000,0.00000,0.00000,0.04000,-0.98000,-41.13000,-255.00000
0.93000,0.03000,-1.22000,0.00000,0.00000,0.04000,-0.98000,-40.88000,-255.00000
0.93000,0.03000,-1.22000,0.00000,0.00000,0.04000,-0.98000,-40.88000,-255.00000
0.93000,0.03000,-1.22000,0.00000,0.00000,0.04000,-0.98000,-40.62000,-255.00000
0.93000,0.03000,-1.22000,0.00000,0.00000,0.04000,-0.98000,-40.62000,-255.00000
0.93000,0.03000,-1.22000,0.00000,0.00000,0.04000,-0.98000,-40.37000,-255.00000
0.93000,0.03000,-1.22000,0.00000,0.00000,0.04000,-0.98000,-40.37000,-255.00000
0.93000,0.03000,-1.22000,0.00000,0.00000,0.04000,-0.98000,-40.11000,-255.00000
0.93000,0.03000,-1.22000,0.00000,0.00000,0.04000,-0.98000,-40.11000,-255.00000
0.93000,0.03000,-1.22000,0.00000,0.00000,0.04000,-0.98000,-39.86000,-255.00000
0.93000,0.03000,-1.22000,0.00000,0.00000,0.04000,-0.98000,-39.86000,-255.00000
0.93000,0.03000,-1.22000,0.00000,0.00000,0.04000,-0.98000,-39.61000,-255.00000
0.93000,0.03000,-1.22000,0.00000,0.00000,0.04000,-0.98000,-39.61000,-255.00000
0.93000,0.03000,-1.22000,0.00000,0.00000,0.04000,-0.98000,-39.35000,-255.00000
0.93000,0.03000,-1.22000,0.00000,0.00000,0.04000,-0.98000,-39.35000,-255.00000
0.93000,0.03000,-1.22000,0.00000,0.00000,0.04000,-0.98000,-39.10000,-255.00000
0.93000,0.03000,-1.22000,0.00000,0.00000,0.04000,-0.98000,-39.10000,-255.00000
0.93000,0.03000,-1.22000,0.00000,0.00000,0.04000,-0.98000,-38.84000,-255.00000
0.93000,0.03000,-1.22000,0.00000,0.00000,0.04000,-0.98000,-38.84000,-255.00000
0.93000,0.03000,-1.22000,0.00000,0.00000,0.04000,-0.98000,-38.59000,-255.00000
0.93000,0.03000,-1.22000,0.00000,0.00000,0.04000,-0.98000,-38.59000,-255.00000
0.93000,0.03000,-1.22000,0.00000,0.00000,0.04000,-0.98000,-38.33000,-255.00000
0.93000,0.03000,-1.22000,0.00000,0.00000,0.04000,-0.98000,-38.33000,-255.00000
0.93000,0.03000,-1.22000,0.00000,0.00000,0.04000,-0.98000,-38.08000,-255.00000
0.93000,0.03000,-1.22000,0.00000,0.00000,0.04000,-0.98000,-38.08000,-255.00000
0.93000,0.03000,-1.22000,0.00000,0.00000,0.04000,-0.98000,-37.82000,-255.00000
0.93000,0.03000,-1.22000,0.00000,0.00000,0.04000,-0.98000,-37.82000,-255.00000
0.93000,0.03000,-1.22000,0.00000,0.00000,0.04000,-0.98000,-37.57000,-255.00000
0.93000,0.03000,-1.22000,0.00000,0.00000,0.04000,-0.98000,-37.57000,-255.00000
0.93000,0.03000,-1.22000,0.00000,0.00000,0.04000,-0.98000,-37.31000,-255.00000
0.93000,0.03000,-1.22000,0.00000,0.00000,0.04000,-0.98000,-37.31000,-255.00000
0.93000,0.03000,-1.22000,0.00000,0.00000,0.04000,-0.98000,-37.06000,-255.00000
0.93000,0.03000,-1.22000,0.00000,0.00000,0.04000,-0.98000,-37.06000,-255.00000
0.93000,0.03000,-1.22000,0.00000,0.00000,0.04000,-0.98000,-36.80000,-255.00000
0.93000,0.03000,-1.22000,0.00000,0.00000,0.04000,-0.98000,-36.80000,-255.00000
0.93000,0.03000,-1.22000,0.00000,0.00000,0.04000,-0.98000,-36.55000,-255.00000
0.93000,0.03000,-1.22000,0.00000,0.00000,0.04000,-0.98000,-36.55000,-255.00000
0.93000,0.03000,-1.22000,0.00000,0.00000,0.04000,-0.98000,-36.29000,-255.00000
0.93000,0.03000,-1.22000,0.00000,0.00000,0.04000,-0.98000,-36.29000,-255.00000
0.93000,0.03000,-1.22000,0.00000,0.00000,0.04000,-0.98000,-36.04000,-255.00000
0.93000,0.03000,-1.22000,0.00000,0.00000,0.04000,-0.98000,-36.04000,-255.00000
0.93000,0.03000,-1.22000,0.00000,0.00000,0.04000,-0.98000,-35.78000,-255.00000
0.93000,0.03000,-1.22000,0.00000,0.00000,0.04000,-0.98000,-35.78000,-255.00000
0.93000,0.03000,-1.22000,0.00000,0.00000,0.04000,-0.98000,-35.53000,-255.00000
0.93000,0.03000,-1.22000,0.00000,0.00000,0.04000,-0.98000,-35.53000,-255.00000
0.93000,0.03000,-1.22000,0.00000,0.00000,0.04000,-0.98000,-35.28000,-255.00000
0.93000,0.03000,-1.22000,0.00000,0.00000,0.04000,-0.98000,-35.28000,-255.00000
0.93000,0.03000,-1.22000,0.00000,0.00000,0.04000,-0.98000,-35.02000,-255.00000
0.93000,0.03000,-1.22000,0.00000,0.00000,0.04000,-0.98000,-35.02000,-255.00000
0.93000,0.03000,-1.22000,0.00000,0.00000,0.04000,-0.98000,-34.77000,-255.00000
0.93000,0.03000,-1.22000,0.00000,0.00000,0.04000,-0.98000,-34.77000,-255.00000
0.93000,0.03000,-1.22000,0.00000,0.00000,0.04000,-0.98000,-34.51000,-255.00000
0.93000,0.03000,-1.22000,0.00000,0.00000,0.04000,-0.98000,-34.51000,-255.00000
0.93000,0.03000,-1.22000,0.00000,0.00000,0.04000,-0.98000,-34.26000,-255.00000
0.93000,0.03000,-1.22000,0.00000,0.00000,0.04000,-0.98000,-34.26000,-255.00000
0.93000,0.03000,-1.22000,0.00000,0.00000,0.04000,-0.98000,-34.00000,-255.00000
0.93000,0.03000,-1.22000,0.00000,0.00000,0.04000,-0.98000,-34.00000,-255.00000
0.93000,0.03000,-1.22000,0.00000,0.00000,0.04000,-0.98000,-33.75000,-255.00000
0.93000,0.03000,-1.22000,0.00000,0.00000,0.04000,-0.98000,-33.75000,-255.00000
0.93000,0.03000,-1.22000,0.00000,0.00000,0.04000,-0.98000,-33.49000,-255.00000
0.93000,0.03000,-1.22000,0.00000,0.00000,0.04000,-0.98000,-33.49000,-255.00000
0.93000,0.03000,-1.22000,0.00000,0.00000,0.04000,-0.98000,-33.24000,-255.00000
0.93000,0.03000,-1.22000,0.00000,0.00000,0.04000,-0.98000,-33.24000,-255.00000
0.93000,0.03000,-1.22000,0.00000,0.00000,0.04000,-0.98000,-32.98000,-255.00000
0.93000,0.03000,-1.22000,0.00000,0.00000,0.04000,-0.98000,-32.98000,-255.00000
0.93000,0.03000,-1.22000,0.00000,0.00000,0.04000,-0.98000,-32.73000,-255.00000
0.93000,0.03000,-1.22000,0.00000,0.00000,0.04000,-0.98000,-32.73000,-255.00000
0.93000,0.03000,-1.22000,0.00000,0.00000,0.04000,-0.98000,-32.47000,-255.00000
0.93000,0.03000,-1.22000,0.00000,0.00000,0.04000,-0.98000,-32.47000,-255.00000
0.93000,0.03000,-1.22000,0.00000,0.00000,0.04000,-0.98000,-32.22000,-255.00000
0.93000,0.03000,-1.22000,0.00000,0.00000,0.04000,-0.98000,-32.22000,-255.00000
0.93000,0.03000,-1.22000,0.00000,0.00000,0.04000,-0.98000,-31.96000,-255.00000
0.93000,0.03000,-1.22000,0.00000,0.00000,0.04000,-0.98000,-31.96000,-255.00000
0.93000,0.03000,-1.22000,0.00000,0.00000,0.04000,-0.98000,-31.71000,-255.00000
0.93000,0.03000,-1.22000,0.00000,0.00000,0.04000,-0.98000,-31.71000,-255.00000
0.93000,0.03000,-1.22000,0.00000,0.00000,0.04000,-0.98000,-31.45000,-255.00000
0.93000,0.03000,-1.22000,0.00000,0.00000,0.04000,-0.98000,-31.45000,-255.00000
0.93000,0.03000,-1.22000,0.00000,0.00000,0.04000,-0.98000,-31.20000,-255.00000
0.93000,0.03000,-1.22000,0.00000,0.00000,0.04000,-0.98000,-31.20000,-255.00000
0.93000,0.03000,-1.22000,0.00000,0.00000,0.04000,-0.98000,-30.95000,-255.00000
0.93000,0.03000,-1.22000,0.00000,0.00000,0.04000,-0.98000,-30.95000,-255.00000
0.93000,0.03000,-1.22000,0.00000,0.00000,0.04000,-0.98000,-30.69000,-255.00000
0.93000,0.03000,-1.22000,0.00000,0.00000,0.04000,-0.98000,-30.69000,-255.00000
0.93000,0.03000,-1.22000,0.00000,0.00000,0.04000,-0.98000,-30.44000,-255.00000
0.93000,0.03000,-1.22000,0.00000,0.00000,0.04000,-0.98000,-30.44000,-255.00000
0.93000,0.03000,-1.22000,0.00000,0.00000,0.04000,-0.98000,-30.18000,-255.00000
0.93000,0.03000,-1.22000,0.00000,0.00000,0.04000,-0.98000,-30.18000,-255.00000
0.93000,0.03000,-1.22000,0.00000,0.00000,0.04000,-0.98000,-29.93000,-255.00000
0.93000,0.03000,-1.22000,0.00000,0.00000,0.04000,-0.98000,-29.93000,-255.00000
0.93000,0.03000,-1.22000,0.00000,0.00000,0.04000,-0.98000,-29.67000,-255.00000
0.93000,0.03000,-1.22000,0.00000,0.00000,0.04000,-0.98000,-29.67000,-255.00000
0.93000,0.03000,-1.22000,0.00000,0.00000,0.04000,-0.98000,-29.42000,-255.00000
0.93000,0.03000,-1.22000,0.00000,0.00000,0.04000,-0.98000,-29.42000,-255.00000
0.93000,0.03000,-1.22000,0.00000,0.00000,0.04000,-0.98000,-29.16000,-255.00000
0.93000,0.03000,-1.22000,0.00000,0.00000,0.04000,-0.98000,-29.16000,-255.00000
0.93000,0.03000,-1.22000,0.00000,0.00000,0.04000,-0.98000,-28.91000,-255.00000
0.93000,0.03000,-1.22000,0.00000,0.00000,0.04000,-0.98000,-28.91000,-255.00000
0.93000,0.03000,-1.22000,0.00000,0.00000,0.04000,-0.98000,-28.65000,-255.00000
0.93000,0.03000,-1.22000,0.00000,0.00000,0.04000,-0.98000,-28.65000,-255.00000
0.93000,0.03000,-1.22000,0.00000,0.00000,0.04000,-0.98000,-28.40000,-255.00000
0.93000,0.03000,-1.22000,0.00000,0.00000,0.04000,-0.98000,-28.40000,-255.00000
0.93000,0.03000,-1.22000,0.00000,0.00000,0.04000,-0.98000,-28.14000,-255.00000
0.93000,0.03000,-1.22000,0.00000,0.00000,0.04000,-0.98000,-28.14000,-255.00000
0.93000,0.03000,-1.22000,0.00000,0.00000,0.04000,-0.98000,-27.89000,-255.00000
0.93000,0.03000,-1.22000,0.00000,0.00000,0.04000,-0.98000,-27.89000,-255.00000
0.93000,0.03000,-1.22000,0.00000,0.00000,0.04000,-0.98000,-27.63000,-255.00000
0.93000,0.03000,-1.22000,0.00000,0.00000,0.04000,-0.98000,-27.63000,-255.00000
0.93000,0.03000,-1.22000,0.00000,0.00000,0.04000,-0.98000,-27.38000,-255.00000
0.93000,0.03000,-1.22000,0.00000,0.00000,0.04000,-0.98000,-27.38000,-255.00000
0.93000,0.03000,-1.22000,0.00000,0.00000,0.04000,-0.98000,-27.12000,-255.00000
0.93000,0.03000,-1.22000,0.00000,0.00000,0.04000,-0.98000,-27.12000,-255.00000
0.93000,0.03000,-1.22000,0.00000,0.00000,0.04000,-0.98000,-26.87000,-255.00000
0.93000,0.03000,-1.22000,0.00000,0.00000,0.04000,-0.98000,-26.87000,-255.00000
0.93000,0.03000,-1.22000,0.00000,0.00000,0.04000,-0.98000,-26.61000,-255.00000
0.93000,0.03000,-1.22000,0.00000,0.00000,0.04000,-0.98000,-26.61000,-255.00000
0.93000,0.03000,-1.22000,0.00000,0.00000,0.04000,-0.98000,-26.36000,-255.00000
0.93000,0.03000,-1.22000,0.00000,0.00000,0.04000,-0.98000,-26.36000,-255.00000
0.93000,0.03000,-1.22000,0.00000,0.00000,0.04000,-0.98000,-26.11000,-255.00000
0.93000,0.03000,-1.22000,0.00000,0.00000,0.04000,-0.98000,-26.11000,-255.00000
0.93000,0.03000,-1.22000,0.00000,0.00000,0.04000,-0.98000,-25.85000,-255.00000
0.93000,0.03000,-1.22000,0.00000,0.00000,0.04000,-0.98000,-25.85000,-255.00000
0.93000,0.03000,-1.22000,0.00000,0.00000,0.04000,-0.98000,-25.60000,-255.00000
0.93000,0.03000,-1.22000,0.00000,0.00000,0.04000,-0.98000,-25.60000,-255.00000
0.93000,0.03000,-1.22000,0.00000,0.00000,0.04000,-0.98000,-25.34000,-255.00000
0.93000,0.03000,-1.22000,0.00000,0.00000,0.04000,-0.98000,-25.34000,-255.00000
0.93000,0.03000,-1.22000,0.00000,0.00000,0.04000,-0.98000,-25.09000,-255.00000
0.93000,0.03000,-1.22000,0.00000,0.00000,0.04000,-0.98000,-25.09000,-255.00000
0.93000,0.03000,-1.22000,0.00000,0.00000,0.04000,-0.98000,-24.83000,-255.00000
0.93000,0.03000,-1.22000,0.00000,0.00000,0.04000,-0.98000,-24.83000,-255.00000
0.93000,0.03000,-1.22000,0.00000,0.00000,0.04000,-0.98000,-24.58000,-255.00000
0.93000,0.03000,-1.22000,0.00000,0.00000,0.04000,-0.98000,-24.58000,-255.00000
0.93000,0.03000,-1.22000,0.00000,0.00000,0.04000,-0.98000,-24.32000,-255.00000
0.93000,0.03000,-1.22000,0.00000,0.00000,0.04000,-0.98000,-24.32000,-255.00000
0.93000,0.03000,-1.22000,0.00000,0.00000,0.04000,-0.98000,-24.07000,-255.00000
0.93000,0.03000,-1.22000,0.00000,0.00000,0.04000,-0.98000,-24.07000,-255.00000
0.93000,0.03000,-1.22000,0.00000,0.00000,0.04000,-0.98000,-23.81000,-255.00000
0.93000,0.03000,-1.22000,0.00000,0.00000,0.04000,-0.98000,-23.81000,-255.00000
0.93000,0.03000,-1.22000,0.00000,0.00000,0.04000,-0.98000,-23.56000,-255.00000
0.93000,0.03000,-1.22000,0.00000,0.00000,0.04000,-0.98000,-23.56000,-255.00000
0.93000,0.03000,-1.22000,0.00000,0.00000,0.04000,-0.98000,-23.30000,-255.00000
0.93000,0.03000,-1.22000,0.00000,0.00000,0.04000,-0.98000,-23.30000,-255.00000
0.93000,0.03000,-1.22000,0.00000,0.00000,0.04000,-0.98000,-23.05000,-255.00000
0.93000,0.03000,-1.22000,0.00000,0.00000,0.04000,-0.98000,-23.05000,-255.00000
0.93000,0.03000,-1.22000,0.00000,0.00000,0.04000,-0.98000,-22.79000,-255.00000
0.93000,0.03000,-1.22000,0.00000,0.00000,0.04000,-0.98000,-22.79000,-255.00000
0.93000,0.03000,-1.22000,0.00000,0.00000,0.04000,-0.98000,-22.54000,-255.00000
0.93000,0.03000,-1.22000,0.00000,0.00000,0.04000,-0.98000,-22.54000,-255.00000
0.93000,0.03000,-1.22000,0.00000,0.00000,0.04000,-0.98000,-22.28000,-255.00000
0.93000,0.03000,-1.22000,0.00000,0.00000,0.04000,-0.98000,-22.28000,-255.00000
0.93000,0.03000,-1.22000,0.00000,0.00000,0.04000,-0.98000,-22.03000,-255.00000
0.93000,0.03000,-1.22000,0.00000,0.00000,0.04000,-0.98000,-22.03000,-255.00000
0.93000,0.03000,-1.22000,0.00000,0.00000,0.04000,-0.98000,-21.78000,-255.00000
0.93000,0.03000,-1.22000,0.00000,0.00000,0.04000,-0.98000,-21.78000,-255.00000
0.93000,0.03000,-1.22000,0.00000,0.00000,0.04000,-0.98000,-21.52000,-255.00000
0.93000,0.03000,-1.22000,0.00000,0.00000,0.04000,-0.98000,-21.52000,-255.00000
0.93000,0.03000,-1.22000,0.00000,0.00000,0.04000,-0.98000,-21.27000,-255.00000
0.93000,0.03000,-1.22000,0.00000,0.00000,0.04000,-0.98000,-21.27000,-255.00000
0.93000,0.03000,-1.22000,0.00000,0.00000,0.04000,-0.98000,-21.01000,-255.00000
0.93000,0.03000,-1.22000,0.00000,0.00000,0.04000,-0.98000,-21.01000,-255.00000
0.93000,0.03000,-1.22000,0.00000,0.00000,0.04000,-0.98000,-20.76000,-255.00000
0.93000,0.03000,-1.22000,0.00000,0.00000,0.04000,-0.98000,-20.76000,-255.00000
0.93000,0.03000,-1.22000,0.00000,0.00000,0.04000,-0.98000,-20.50000,-255.00000
0.93000,0.03000,-1.22000,0.00000,0.00000,0.04000,-0.98000,-20.50000,-255.00000
0.93000,0.03000,-1.22000,0.00000,0.00000,0.04000,-0.98000,-20.25000,-255.00000
0.93000,0.03000,-1.22000,0.00000,0.00000,0.04000,-0.98000,-20.25000,-255.00000
0.93000,0.03000,-1.22000,0.00000,0.00000,0.04000,-0.98000,-19.99000,-255.00000
0.93000,0.03000,-1.22000,0.00000,0.00000,0.04000,-0.98000,-19.99000,-255.00000
0.93000,0.03000,-1.22000,0.00000,0.00000,0.04000,-0.98000,-19.74000,-255.00000
0.93000,0.03000,-1.22000,0.00000,0.00000,0.04000,-0.98000,-19.74000,-255.00000
0.93000,0.03000,-1.22000,0.00000,0.00000,0.04000,-0.98000,-19.48000,-255.00000
0.93000,0.03000,-1.22000,0.00000,0.00000,0.04000,-0.98000,-19.48000,-255.00000
0.93000,0.03000,-1.22000,0.00000,0.00000,0.04000,-0.98000,-19.23000,-255.00000
0.93000,0.03000,-1.22000,0.00000,0.00000,0.04000,-0.98000,-19.23000,-255.00000
0.93000,0.03000,-1.22000,0.00000,0.00000,0.04000,-0.98000,-18.97000,-255.00000
0.93000,0.03000,-1.22000,0.00000,0.00000,0.04000,-0.98000,-18.97000,-255.00000
0.93000,0.03000,-1.22000,0.00000,0.00000,0.04000,-0.98000,-18.72000,-255.00000
0.93000,0.03000,-1.22000,0.00000,0.00000,0.04000,-0.98000,-18.72000,-255.00000
0.93000,0.03000,-1.22000,0.00000,0.00000,0.04000,-0.98000,-18.46000,-255.00000
0.93000,0.03000,-1.22000,0.00000,0.00000,0.04000,-0.98000,-18.46000,-255.00000
0.93000,0.03000,-1.22000,0.00000,0.00000,0.04000,-0.98000,-18.21000,-255.00000
0.93000,0.03000,-1.22000,0.00000,0.00000,0.04000,-0.98000,-18.21000,-255.00000
0.93000,0.03000,-1.22000,0.00000,0.00000,0.04000,-0.98000,-17.95000,-255.00000
0.93000,0.03000,-1.22000,0.00000,0.00000,0.04000,-0.98000,-17.95000,-255.00000
0.93000,0.03000,-1.22000,0.00000,0.00000,0.04000,-0.98000,-17.70000,-255.00000
0.93000,0.03000,-1.22000,0.00000,0.00000,0.04000,-0.98000,-17.70000,-255.00000
0.93000,0.03000,-1.22000,0.00000,0.00000,0.04000,-0.98000,-17.45000,-255.00000
0.93000,0.03000,-1.22000,0.00000,0.00000,0.04000,-0.98000,-17.45000,-255.00000
0.93000,0.03000,-1.22000,0.00000,0.00000,0.04000,-0.98000,-17.19000,-255.00000
0.93000,0.03000,-1.22000,0.00000,0.00000,0.04000,-0.98000,-17.19000,-255.00000
0.93000,0.03000,-1.22000,0.00000,0.00000,0.04000,-0.98000,-16.94000,-255.00000
0.93000,0.03000,-1.22000,0.00000,0.00000,0.04000,-0.98000,-16.94000,-255.00000
0.93000,0.03000,-1.22000,0.00000,0.00000,0.04000,-0.98000,-16.68000,-255.00000
0.93000,0.03000,-1.22000,0.00000,0.00000,0.04000,-0.98000,-16.68000,-255.00000
0.93000,0.03000,-1.22000,0.00000,0.00000,0.04000,-0.98000,-16.43000,-255.00000
0.93000,0.03000,-1.22000,0.00000,0.00000,0.04000,-0.98000,-16.43000,-255.00000
0.93000,0.03000,-1.22000,0.00000,0.00000,0.04000,-0.98000,-16.17000,-255.00000
0.93000,0.03000,-1.22000,0.00000,0.00000,0.04000,-0.98000,-16.17000,-255.00000
0.93000,0.03000,-1.22000,0.00000,0.00000,0.04000,-0.98000,-15.92000,-255.00000
0.93000,0.03000,-1.22000,0.00000,0.00000,0.04000,-0.98000,-15.92000,-255.00000
0.93000,0.03000,-1.22000,0.00000,0.00000,0.04000,-0.98000,-15.66000,-255.00000
0.93000,0.03000,-1.22000,0.00000,0.00000,0.04000,-0.98000,-15.66000,-255.00000
0.93000,0.03000,-1.22000,0.00000,0.00000,0.04000,-0.98000,-15.41000,-255.00000
0.93000,0.03000,-1.22000,0.00000,0.00000,0.04000,-0.98000,-15.41000,-255.00000
0.93000,0.03000,-1.22000,0.00000,0.00000,0.04000,-0.98000,-15.15000,-255.00000
0.93000,0.03000,-1.22000,0.00000,0.00000,0.04000,-0.98000,-15.15000,-255.00000
0.93000,0.03000,-1.22000,0.00000,0.00000,0.04000,-0.98000,-14.90000,-255.00000
0.93000,0.03000,-1.22000,0.00000,0.00000,0.04000,-0.98000,-14.90000,-255.00000
0.93000,0.03000,-1.22000,0.00000,0.00000,0.04000,-0.98000,-14.64000,-255.00000
0.93000,0.03000,-1.22000,0.00000,0.00000,0.04000,-0.98000,-14.64000,-255.00000
0.93000,0.03000,-1.22000,0.00000,0.00000,0.04000,-0.98000,-14.39000,-255.00000
0.93000,0.03000,-1.22000,0.00000,0.00000,0.04000,-0.98000,-14.39000,-255.00000
0.93000,0.03000,-1.22000,0.00000,0.00000,0.04000,-0.98000,-14.13000,-255.00000
0.93000,0.03000,-1.22000,0.00000,0.00000,0.04000,-0.98000,-14.13000,-255.00000
0.93000,0.03000,-1.22000,0.00000,0.00000,0.04000,-0.98000,-13.88000,-255.00000
0.93000,0.03000,-1.22000,0.00000,0.00000,0.04000,-0.98000,-13.88000,-255.00000
0.93000,0.03000,-1.22000,0.00000,0.00000,0.04000,-0.98000,-13.62000,-255.00000
0.93000,0.03000,-1.22000,0.00000,0.00000,0.04000,-0.98000,-13.62000,-255.00000
0.93000,0.03000,-1.22000,0.00000,0.00000,0.04000,-0.98000,-13.37000,-255.00000
0.93000,0.03000,-1.22000,0.00000,0.00000,0.04000,-0.98000,-13.37000,-255.00000
0.93000,0.03000,-1.22000,0.00000,0.00000,0.04000,-0.98000,-13.12000,-255.00000
0.93000,0.03000,-1.22000,0.00000,0.00000,0.04000,-0.98000,-13.12000,-255.00000
0.93000,0.03000,-1.22000,0.00000,0.00000,0.04000,-0.98000,-12.86000,-255.00000
0.93000,0.03000,-1.22000,0.00000,0.00000,0.04000,-0.98000,-12.86000,-255.00000
0.93000,0.03000,-1.22000,0.00000,0.00000,0.04000,-0.98000,-12.61000,-255.00000
0.93000,0.03000,-1.22000,0.00000,0.00000,0.04000,-0.98000,-12.61000,-255.00000
0.93000,0.03000,-1.22000,0.00000,0.00000,0.04000,-0.98000,-12.35000,-255.00000
0.93000,0.03000,-1.22000,0.00000,0.00000,0.04000,-0.98000,-12.35000,-255.00000
0.93000,0.03000,-1.22000,0.00000,0.00000,0.04000,-0.98000,-12.10000,-255.00000
0.93000,0.03000,-1.22000,0.00000,0.00000,0.04000,-0.98000,-12.10000,-255.00000
0.93000,0.03000,-1.22000,0.00000,0.00000,0.04000,-0.98000,-11.84000,-255.00000
0.93000,0.03000,-1.22000,0.00000,0.00000,0.04000,-0.98000,-11.84000,-255.00000
0.93000,0.03000,-1.22000,0.00000,0.00000,0.04000,-0.98000,-11.59000,-255.00000
0.93000,0.03000,-1.22000,0.00000,0.00000,0.04000,-0.98000,-11.59000,-255.00000
0.93000,0.03000,-1.22000,0.00000,0.00000,0.04000,-0.98000,-11.33000,-255.00000
0.93000,0.03000,-1.22000,0.00000,0.00000,0.04000,-0.98000,-11.33000,-255.00000
0.93000,0.03000,-1.22000,0.00000,0.00000,0.04000,-0.98000,-11.08000,-255.00000
0.93000,0.03000,-1.22000,0.00000,0.00000,0.04000,-0.98000,-11.08000,-255.00000
0.93000,0.03000,-1.22000,0.00000,0.00000,0.04000,-0.98000,-10.82000,-255.00000
0.93000,0.03000,-1.22000,0.00000,0.00000,0.04000,-0.98000,-10.82000,-255.00000
0.93000,0.03000,-1.22000,0.00000,0.00000,0.04000,-0.98000,-10.57000,-255.00000
0.93000,0.03000,-1.22000,0.00000,0.00000,0.04000,-0.98000,-10.57000,-255.00000
0.93000,0.03000,-1.22000,0.00000,0.00000,0.04000,-0.98000,-10.31000,-255.00000
0.93000,0.03000,-1.22000,0.00000,0.00000,0.04000,-0.98000,-10.31000,-255.00000
0.93000,0.03000,-1.22000,0.00000,0.00000,0.04000,-0.98000,-10.06000,-255.00000
0.93000,0.03000,-1.22000,0.00000,0.00000,0.04000,-0.98000,-10.06000,-255.00000
0.93000,0.03000,-1.22000,0.00000,0.00000,0.04000,-0.98000,-9.80000,-255.00000
0.93000,0.03000,-1.22000,0.00000,0.00000,0.04000,-0.98000,-9.80000,-255.00000
0.93000,0.03000,-1.22000,0.00000,0.00000,0.04000,-0.98000,-9.55000,-255.00000
0.93000,0.03000,-1.22000,0.00000,0.00000,0.04000,-0.98000,-9.55000,-255.00000
0.93000,0.03000,-1.22000,0.00000,0.00000,0.04000,-0.98000,-9.29000,-255.00000
0.93000,0.03000,-1.22000,0.00000,0.00000,0.04000,-0.98000,-9.29000,-255.00000
0.93000,0.03000,-1.22000,0.00000,0.00000,0.04000,-0.98000,-9.04000,-255.00000
0.93000,0.03000,-1.22000,0.00000,0.00000,0.04000,-0.98000,-9.04000,-255.00000
0.93000,0.03000,-1.22000,0.00000,0.00000,0.04000,-0.98000,-8.79000,-255.00000
0.93000,0.03000,-1.22000,0.00000,0.00000,0.04000,-0.98000,-8.79000,-255.00000
0.93000,0.03000,-1.22000,0.00000,0.00000,0.04000,-0.98000,-8.53000,-255.00000
0.93000,0.03000,-1.22000,0.00000,0.00000,0.04000,-0.98000,-8.53000,-255.00000
0.93000,0.03000,-1.22000,0.00000,0.00000,0.04000,-0.98000,-8.28000,-255.00000
0.93000,0.03000,-1.22000,0.00000,0.00000,0.04000,-0.98000,-8.28000,-255.00000
