0.00000,0.00000,0.00000,0.00000,0.00000,3.28000,3.28000,49.25000,49.25000
0.00000,0.00000,0.00000,0.00000,0.00000,3.28000,3.28000,49.25000,49.25000
0.00000,0.00000,0.00000,0.00000,0.00000,3.28000,3.28000,68.95000,68.95000
0.00000,0.00000,0.00000,0.02000,0.00000,3.28000,3.28000,68.95000,68.95000
0.00000,0.00000,0.00000,0.08000,0.00000,3.28000,3.28000,88.32000,88.64000
0.00000,0.00000,0.02000,1.12000,0.00000,3.28000,3.28000,88.32000,88.64000
0.00000,0.00000,0.06000,1.87000,0.00000,2.58000,2.62000,80.86000,98.39000
0.01000,0.00000,0.09000,2.32000,0.42000,1.34000,1.78000,80.86000,98.39000
0.01000,0.00000,0.11000,2.20000,1.18000,1.23000,1.89000,51.35000,97.00000
0.01000,0.00000,0.10000,1.45000,1.74000,1.18000,1.94000,51.35000,97.00000
0.02000,0.00000,0.07000,0.48000,2.10000,1.19000,1.93000,57.25000,86.54000
0.02000,0.00000,0.03000,0.04000,2.22000,1.27000,1.85000,57.25000,86.54000
0.02000,0.00000,-0.00000,0.02000,2.01000,1.49000,1.80000,81.39000,78.46000
0.02000,0.00000,-0.04000,0.04000,1.93000,3.28000,3.28000,81.39000,78.46000
0.03000,0.00000,-0.06000,0.00000,1.39000,1.97000,1.72000,97.28000,79.07000
0.03000,0.00000,-0.07000,0.87000,1.35000,1.79000,1.34000,97.28000,79.07000
0.03000,0.00000,-0.06000,1.95000,1.35000,1.82000,1.31000,94.06000,80.38000
0.04000,0.00000,-0.03000,2.53000,1.16000,1.78000,1.34000,94.06000,80.38000
0.04000,0.00000,-0.00000,2.99000,1.20000,2.00000,1.74000,77.52000,89.46000
0.05000,0.00000,0.02000,2.90000,1.54000,3.28000,3.28000,77.52000,89.46000
0.05000,0.00000,0.04000,2.82000,1.83000,2.28000,2.44000,72.96000,97.77000
0.06000,0.00000,0.05000,2.68000,2.10000,1.41000,1.76000,72.96000,97.77000
0.06000,0.00000,0.06000,2.43000,2.14000,1.35000,1.78000,58.70000,84.84000
0.07000,0.00000,0.05000,2.07000,2.32000,1.33000,1.80000,58.70000,84.84000
0.07000,0.00000,0.05000,1.64000,1.99000,1.34000,1.78000,59.65000,79.60000
0.07000,0.00000,0.04000,1.33000,1.91000,1.37000,1.76000,59.65000,79.60000
0.08000,0.00000,0.03000,1.35000,1.68000,1.44000,1.77000,67.98000,82.34000
0.08000,0.00000,0.02000,1.37000,1.70000,1.59000,1.86000,67.98000,82.34000
0.08000,0.00000,0.03000,1.58000,1.49000,1.91000,2.14000,75.08000,90.25000
0.09000,0.00000,0.03000,1.99000,1.83000,1.79000,2.04000,75.08000,90.25000
0.09000,0.00000,0.04000,2.16000,1.78000,1.61000,1.89000,64.48000,87.16000
0.10000,0.00000,0.04000,2.20000,1.93000,1.43000,1.76000,64.48000,87.16000
0.10000,0.00000,0.04000,2.08000,1.83000,1.39000,1.75000,55.70000,84.00000
0.11000,0.00000,0.04000,1.58000,1.81000,1.36000,1.77000,55.70000,84.00000
0.11000,0.00000,0.03000,1.25000,1.64000,1.38000,1.76000,60.05000,84.85000
0.11000,0.00000,0.03000,1.33000,1.58000,1.43000,1.76000,60.05000,84.85000
0.11000,0.00000,0.02000,1.20000,1.58000,1.51000,1.81000,64.58000,88.75000
0.12000,0.00000,0.02000,1.29000,1.62000,1.80000,2.04000,64.58000,88.75000
0.12000,0.00000,0.01000,1.29000,1.89000,2.29000,2.44000,77.93000,99.01000
0.13000,0.00000,-0.00000,1.58000,2.05000,3.02000,3.03000,77.93000,99.01000
0.13000,0.00000,-0.01000,2.20000,2.59000,3.24000,3.24000,93.82000,109.40000
0.14000,0.00000,-0.02000,2.66000,3.01000,3.28000,3.28000,93.82000,109.40000
0.14000,0.00000,-0.02000,3.17000,3.24000,3.21000,3.21000,87.27000,101.74000
0.15000,0.00000,-0.02000,3.13000,3.24000,3.19000,3.18000,87.27000,101.74000
0.16000,0.00000,-0.03000,2.80000,3.11000,3.14000,3.13000,82.37000,98.37000
0.17000,0.00000,-0.03000,2.82000,3.22000,2.93000,2.92000,82.37000,98.37000
0.17000,0.00000,-0.04000,2.66000,3.01000,2.49000,2.38000,77.26000,86.77000
0.18000,0.00000,-0.05000,2.34000,2.76000,2.03000,1.78000,77.26000,86.77000
0.18000,0.00000,-0.05000,2.20000,2.51000,1.78000,1.47000,71.81000,74.92000
0.19000,0.00000,-0.06000,1.74000,1.95000,1.75000,1.39000,71.81000,74.92000
0.19000,0.00000,-0.06000,1.62000,1.58000,1.76000,1.37000,77.16000,77.84000
0.19000,0.00000,-0.05000,1.62000,1.39000,1.76000,1.37000,77.16000,77.84000
0.20000,0.00000,-0.04000,1.58000,1.04000,1.75000,1.39000,79.03000,83.07000
0.20000,0.00000,-0.03000,1.89000,1.10000,1.82000,1.53000,79.03000,83.07000
0.20000,0.00000,-0.02000,1.93000,1.37000,2.57000,2.53000,88.04000,104.46000
0.21000,0.00000,-0.01000,2.30000,1.72000,3.08000,3.07000,88.04000,104.46000
0.21000,0.00000,-0.00000,2.32000,2.22000,3.27000,3.27000,96.45000,114.86000
0.22000,0.00000,-0.01000,2.45000,2.57000,3.28000,3.28000,96.45000,114.86000
0.23000,0.00000,-0.02000,2.64000,3.30000,3.27000,3.27000,100.04000,111.33000
0.23000,0.00000,-0.03000,2.80000,3.49000,3.00000,2.99000,100.04000,111.33000
0.24000,0.00000,-0.04000,3.16000,3.55000,2.23000,2.01000,84.03000,82.90000
0.25000,0.00000,-0.04000,3.34000,3.20000,1.84000,1.55000,84.03000,82.90000
0.25000,0.00000,-0.02000,3.49000,2.62000,1.88000,1.61000,67.31000,72.38000
0.26000,-0.00000,0.01000,3.28000,1.85000,2.79000,2.76000,67.31000,72.38000
0.27000,0.00000,0.03000,2.86000,1.52000,3.24000,3.24000,79.80000,107.57000
0.27000,0.00000,0.05000,2.76000,1.70000,1.82000,2.06000,79.80000,107.57000
0.28000,0.00000,0.06000,2.84000,2.30000,1.37000,1.76000,59.32000,95.96000
0.28000,0.00000,0.06000,2.66000,2.57000,1.33000,1.80000,59.32000,95.96000
0.29000,0.00000,0.05000,2.16000,2.68000,1.31000,1.81000,51.71000,83.94000
0.29000,0.00000,0.04000,1.58000,2.47000,1.34000,1.78000,51.71000,83.94000
0.29000,0.00000,0.02000,1.08000,1.95000,1.43000,1.76000,61.56000,80.18000
0.30000,0.00000,0.01000,1.08000,1.72000,2.12000,2.32000,61.56000,80.18000
0.30000,0.00000,0.00000,1.20000,1.43000,2.97000,2.99000,91.33000,105.57000
0.31000,0.00000,0.00000,1.76000,1.76000,3.11000,3.12000,91.33000,105.57000
0.31000,0.00000,0.01000,2.76000,2.28000,3.11000,3.12000,94.42000,114.46000
0.32000,0.00000,0.02000,3.42000,2.78000,2.68000,2.71000,94.42000,114.46000
0.33000,0.00000,0.04000,3.96000,3.32000,1.66000,1.92000,55.83000,89.42000
0.33000,0.00000,0.04000,3.49000,3.15000,1.39000,1.75000,55.83000,89.42000
0.34000,0.00000,0.04000,2.64000,2.93000,1.35000,1.78000,39.68000,76.45000
0.34000,0.00000,0.02000,1.54000,2.51000,1.36000,1.77000,39.68000,76.45000
0.35000,0.00000,-0.01000,0.48000,1.93000,1.57000,1.85000,59.46000,79.00000
0.35000,0.00000,-0.03000,0.33000,1.68000,3.17000,3.17000,59.46000,79.00000
0.35000,0.00000,-0.05000,0.71000,1.49000,3.02000,3.01000,99.46000,104.80000
0.36000,0.00000,-0.05000,1.58000,1.95000,2.14000,1.91000,99.46000,104.80000
0.36000,0.00000,-0.05000,2.66000,2.34000,1.82000,1.52000,78.86000,86.46000
0.37000,0.00000,-0.04000,2.78000,2.26000,1.95000,1.69000,78.86000,86.46000
0.37000,0.00000,-0.03000,2.55000,2.14000,2.46000,2.33000,71.95000,91.39000
0.38000,0.00000,-0.03000,2.26000,1.99000,2.87000,2.85000,71.95000,91.39000
0.38000,0.00000,-0.03000,1.78000,2.22000,3.05000,3.04000,86.61000,106.41000
0.39000,0.00000,-0.04000,2.24000,2.72000,2.61000,2.57000,86.61000,106.41000
0.39000,0.00000,-0.05000,2.45000,3.13000,1.97000,1.72000,75.53000,82.01000
0.40000,0.00000,-0.06000,2.32000,2.68000,1.75000,1.39000,75.53000,82.01000
0.40000,0.00000,-0.06000,2.32000,2.34000,1.78000,1.35000,69.73000,71.06000
0.41000,0.00000,-0.06000,1.91000,1.60000,1.79000,1.33000,69.73000,71.06000
0.41000,-0.00000,-0.04000,1.91000,1.06000,1.78000,1.35000,72.69000,79.25000
0.41000,-0.00000,-0.03000,1.62000,0.93000,1.76000,1.42000,72.69000,79.25000
0.42000,-0.00000,-0.01000,1.56000,0.83000,2.02000,1.77000,79.85000,94.05000
0.42000,-0.00000,-0.01000,1.43000,1.16000,2.82000,2.79000,79.85000,94.05000
0.42000,-0.00000,-0.02000,1.29000,1.64000,3.01000,3.00000,99.97000,114.08000
0.43000,-0.00000,-0.02000,1.83000,2.10000,2.64000,2.60000,99.97000,114.08000
0.43000,-0.00000,-0.03000,2.16000,2.88000,2.22000,2.00000,91.62000,96.06000
0.44000,-0.00000,-0.04000,2.43000,2.97000,1.75000,1.41000,91.62000,96.06000
0.45000,-0.00000,-0.05000,2.72000,2.80000,1.79000,1.34000,78.47000,72.52000
0.45000,-0.00000,-0.03000,2.82000,2.24000,1.81000,1.31000,78.47000,72.52000
0.46000,-0.00000,-0.01000,2.99000,1.72000,1.80000,1.32000,68.96000,73.37000
0.46000,-0.00000,0.02000,2.86000,1.27000,1.76000,1.38000,68.96000,73.37000
0.46000,-0.00000,0.05000,2.64000,0.93000,2.50000,2.40000,72.63000,98.70000
0.47000,-0.00000,0.07000,2.47000,1.31000,3.26000,3.26000,72.63000,98.70000
0.47000,-0.00000,0.08000,2.47000,1.87000,2.22000,2.41000,72.12000,105.00000
0.48000,-0.00000,0.08000,2.55000,2.37000,1.44000,1.76000,72.12000,105.00000
0.48000,-0.00000,0.08000,2.49000,2.66000,-0.31000,-1.33000,31.49000,39.68000
0.49000,0.00000,0.08000,1.64000,1.87000,-0.65000,-1.74000,31.49000,39.68000
0.49000,0.00000,0.07000,0.39000,0.46000,-0.77000,-1.90000,21.11000,16.33000
0.49000,0.00000,0.07000,0.00000,0.00000,-0.79000,-1.93000,21.11000,16.33000
0.49000,0.00000,0.07000,0.00000,0.00000,-0.79000,-1.93000,30.94000,21.27000
0.49000,0.00000,0.07000,0.00000,0.00000,-0.79000,-1.93000,30.94000,21.27000
0.49000,0.00000,0.07000,0.00000,0.00000,-0.79000,-1.93000,26.20000,9.67000
0.49000,0.00000,0.07000,0.00000,0.00000,-0.79000,-1.93000,26.20000,9.67000
0.49000,0.00000,0.07000,-0.02000,0.00000,-0.79000,-1.93000,21.46000,-1.94000
0.49000,0.00000,0.07000,0.00000,0.00000,-0.79000,-1.93000,21.46000,-1.94000
0.49000,0.00000,0.07000,0.00000,0.00000,-0.79000,-1.93000,16.74000,-13.51000
0.49000,0.00000,0.07000,0.00000,0.00000,-0.79000,-1.93000,16.74000,-13.51000
0.49000,0.00000,0.07000,0.00000,0.00000,-0.79000,-1.93000,12.01000,-25.11000
0.49000,0.00000,0.07000,0.00000,0.00000,-0.79000,-1.93000,12.01000,-25.11000
0.49000,0.00000,0.07000,0.00000,0.00000,-0.79000,-1.93000,7.28000,-36.70000
0.49000,0.00000,0.07000,0.00000,0.00000,-0.79000,-1.93000,7.28000,-36.70000
0.49000,0.00000,0.07000,0.00000,0.00000,-0.79000,-1.93000,2.55000,-48.29000
0.49000,0.00000,0.07000,0.00000,0.00000,-0.79000,-1.93000,2.55000,-48.29000
0.49000,0.00000,0.07000,0.00000,0.00000,-0.79000,-1.93000,-2.18000,-59.88000
0.49000,0.00000,0.08000,0.00000,-0.04000,-0.79000,-1.93000,-2.18000,-59.88000
0.49000,0.00000,0.08000,0.00000,-0.04000,-0.79000,-1.93000,-6.92000,-70.87000
0.49000,0.00000,0.08000,0.00000,0.00000,-0.79000,-1.93000,-6.92000,-70.87000
0.49000,0.00000,0.08000,0.00000,0.00000,-0.79000,-1.93000,-11.66000,-82.85000
0.49000,0.00000,0.08000,0.00000,0.00000,-0.79000,-1.93000,-11.66000,-82.85000
0.49000,0.00000,0.08000,0.00000,0.00000,-0.79000,-1.93000,-16.40000,-94.45000
0.49000,0.00000,0.08000,0.00000,0.00000,-0.79000,-1.93000,-16.40000,-94.45000
0.49000,0.00000,0.08000,0.00000,-0.25000,-0.79000,-1.93000,-21.14000,-106.05000
0.49000,0.00000,0.10000,0.00000,-1.31000,-0.79000,-1.94000,-21.14000,-106.05000
0.49000,-0.00000,0.14000,0.00000,-2.14000,-0.81000,-1.96000,-26.14000,-98.45000
0.48000,-0.00000,0.19000,0.00000,-2.49000,-0.83000,-1.99000,-26.14000,-98.45000
0.48000,-0.00000,0.23000,-0.02000,-2.61000,-0.85000,-2.02000,-31.57000,-85.58000
0.48000,-0.00000,0.28000,0.00000,-2.64000,-0.86000,-2.05000,-31.57000,-85.58000
0.47000,-0.00000,0.33000,0.00000,-2.41000,-0.87000,-2.07000,-37.07000,-81.36000
0.47000,-0.00000,0.36000,0.00000,-2.14000,-0.88000,-2.09000,-37.07000,-81.36000
0.47000,-0.00000,0.40000,0.00000,-1.89000,-0.89000,-2.10000,-42.49000,-85.91000
0.47000,-0.00000,0.43000,0.00000,-1.72000,-0.89000,-2.11000,-42.49000,-85.91000
0.47000,-0.01000,0.46000,0.00000,-1.78000,-0.89000,-2.12000,-47.90000,-92.22000
0.46000,-0.01000,0.49000,0.00000,-1.81000,-0.90000,-2.13000,-47.90000,-92.22000
0.46000,-0.01000,0.53000,-0.02000,-2.01000,-0.90000,-2.14000,-53.33000,-93.59000
0.46000,-0.01000,0.57000,0.00000,-2.14000,-0.90000,-2.14000,-53.33000,-93.59000
0.46000,-0.01000,0.61000,-0.02000,-2.39000,-0.90000,-2.15000,-58.74000,-90.75000
0.46000,-0.01000,0.65000,-0.08000,-2.37000,-0.90000,-2.15000,-58.74000,-90.75000
0.45000,-0.01000,0.69000,-0.46000,-2.47000,-0.90000,-2.15000,-62.90000,-87.43000
0.45000,-0.02000,0.73000,-0.46000,-2.45000,-0.90000,-2.13000,-62.90000,-87.43000
0.45000,-0.02000,0.76000,-0.54000,-2.34000,-0.89000,-2.11000,-62.01000,-84.27000
0.45000,-0.02000,0.79000,-0.62000,-2.32000,-0.87000,-2.07000,-62.01000,-84.27000
0.44000,-0.02000,0.82000,-0.71000,-2.16000,-0.82000,-1.98000,-61.11000,-82.19000
0.44000,-0.03000,0.84000,-0.87000,-2.16000,-0.71000,-1.82000,-61.11000,-82.19000
0.44000,-0.03000,0.85000,-0.81000,-1.45000,-0.41000,-1.46000,-52.45000,-74.74000
0.44000,-0.03000,0.87000,-0.46000,-1.31000,-0.97000,-2.16000,-52.45000,-74.74000
0.44000,-0.03000,0.89000,-0.10000,-1.25000,-0.97000,-2.15000,-64.29000,-93.73000
0.44000,-0.03000,0.92000,-0.02000,-1.68000,-0.98000,-2.15000,-64.29000,-93.73000
0.44000,-0.03000,0.95000,-0.02000,-1.97000,-0.99000,-2.13000,-74.22000,-92.92000
0.43000,-0.04000,0.98000,-0.66000,-2.32000,-1.01000,-2.12000,-74.22000,-92.92000
0.43000,-0.04000,1.00000,-1.18000,-2.39000,-1.01000,-2.11000,-70.73000,-85.63000
0.43000,-0.04000,1.02000,-1.58000,-2.22000,-1.03000,-2.11000,-70.73000,-85.63000
0.43000,-0.05000,1.02000,-1.56000,-1.99000,-1.09000,-2.11000,-60.26000,-85.96000
0.42000,-0.05000,1.03000,-1.37000,-1.76000,-1.26000,-2.15000,-60.26000,-85.96000
0.42000,-0.05000,1.04000,-1.14000,-1.81000,-1.63000,-2.24000,-68.61000,-94.12000
0.42000,-0.05000,1.06000,-0.97000,-1.80000,-2.70000,-2.77000,-68.61000,-94.12000
0.42000,-0.06000,1.07000,-1.04000,-1.93000,-3.22000,-3.25000,-99.89000,-111.42000
0.42000,-0.06000,1.08000,-1.83000,-2.28000,-3.19000,-3.16000,-99.89000,-111.42000
0.41000,-0.07000,1.08000,-2.66000,-2.80000,-2.86000,-2.80000,-95.18000,-106.24000
0.41000,-0.07000,1.09000,-2.91000,-2.99000,-2.53000,-2.38000,-95.18000,-106.24000
0.41000,-0.08000,1.09000,-2.72000,-2.95000,-2.26000,-1.69000,-76.22000,-82.03000
0.41000,-0.08000,1.09000,-2.10000,-2.22000,-2.11000,-1.09000,-76.22000,-82.03000
0.40000,-0.09000,1.10000,-1.37000,-1.62000,-2.20000,-0.93000,-83.53000,-74.37000
0.40000,-0.09000,1.10000,-0.83000,-0.85000,-2.20000,-0.92000,-83.53000,-74.37000
0.40000,-0.09000,1.09000,-0.66000,-0.17000,-2.20000,-0.92000,-103.20000,-87.08000
0.40000,-0.09000,1.08000,-0.75000,-0.08000,-2.20000,-0.92000,-103.20000,-87.08000
0.40000,-0.09000,1.05000,-1.35000,0.00000,-2.20000,-0.93000,-112.63000,-99.09000
0.40000,-0.09000,1.02000,-1.85000,0.00000,-2.19000,-0.93000,-112.63000,-99.09000
0.40000,-0.09000,0.97000,-2.45000,0.00000,-2.18000,-0.94000,-104.62000,-105.61000
0.40000,-0.10000,0.92000,-2.86000,0.00000,-2.17000,-0.95000,-104.62000,-105.61000
0.40000,-0.10000,0.86000,-3.38000,-0.02000,-2.15000,-0.97000,-90.91000,-111.73000
0.39000,-0.10000,0.82000,-3.34000,-0.79000,-2.13000,-1.00000,-90.91000,-111.73000
0.39000,-0.11000,0.79000,-2.93000,-1.43000,-2.11000,-1.01000,-78.92000,-106.32000
0.39000,-0.11000,0.78000,-2.41000,-1.72000,-2.11000,-1.02000,-78.92000,-106.32000
0.38000,-0.11000,0.77000,-1.99000,-1.83000,-2.11000,-1.04000,-85.44000,-94.03000
0.38000,-0.12000,0.77000,-1.99000,-1.85000,-2.11000,-1.03000,-85.44000,-94.03000
0.38000,-0.12000,0.76000,-1.87000,-1.33000,-2.11000,-1.03000,-89.85000,-87.94000
0.37000,-0.12000,0.74000,-2.14000,-1.10000,-2.11000,-1.06000,-89.85000,-87.94000
0.37000,-0.12000,0.72000,-1.99000,-0.91000,-2.35000,-1.94000,-91.98000,-107.94000
0.37000,-0.13000,0.71000,-2.08000,-1.18000,-3.17000,-3.13000,-91.98000,-107.94000
0.37000,-0.13000,0.69000,-2.16000,-1.45000,-3.24000,-3.27000,-107.57000,-131.61000
0.36000,-0.13000,0.68000,-2.82000,-2.16000,-2.84000,-2.89000,-107.57000,-131.61000
0.36000,-0.14000,0.67000,-3.74000,-2.88000,-1.35000,-2.17000,-75.06000,-113.02000
0.35000,-0.14000,0.66000,-3.74000,-3.20000,-3.00000,-3.04000,-75.06000,-113.02000
0.34000,-0.15000,0.66000,-3.30000,-3.26000,-2.15000,-2.43000,-64.49000,-101.39000
0.34000,-0.15000,0.66000,-2.72000,-3.15000,-1.73000,-2.27000,-64.49000,-101.39000
0.33000,-0.15000,0.68000,-2.20000,-2.93000,-2.27000,-2.48000,-72.07000,-98.18000
0.33000,-0.16000,0.69000,-1.97000,-2.59000,-3.01000,-3.04000,-72.07000,-98.18000
0.33000,-0.16000,0.70000,-2.01000,-2.43000,-3.24000,-3.27000,-95.12000,-114.36000
0.32000,-0.16000,0.70000,-2.28000,-2.30000,-3.29000,-3.26000,-95.12000,-114.36000
0.32000,-0.17000,0.69000,-2.88000,-2.32000,-3.28000,-3.26000,-98.70000,-122.60000
0.31000,-0.17000,0.67000,-3.17000,-2.37000,-3.21000,-3.24000,-98.70000,-122.60000
0.31000,-0.18000,0.66000,-3.38000,-2.78000,-2.51000,-2.60000,-79.73000,-117.57000
0.30000,-0.18000,0.65000,-3.22000,-2.93000,-2.11000,-1.02000,-79.73000,-117.57000
0.30000,-0.18000,0.66000,-2.93000,-3.34000,-2.11000,-1.02000,-69.05000,-86.91000
0.29000,-0.19000,0.67000,-2.47000,-2.82000,-2.11000,-1.01000,-69.05000,-86.91000
0.29000,-0.19000,0.67000,-2.08000,-2.32000,-2.11000,-1.01000,-73.73000,-76.86000
0.29000,-0.19000,0.67000,-1.66000,-1.68000,-2.12000,-1.01000,-73.73000,-76.86000
0.28000,-0.19000,0.67000,-1.33000,-1.08000,-2.12000,-1.00000,-83.85000,-82.99000
0.28000,-0.20000,0.66000,-1.20000,-0.50000,-2.12000,-1.00000,-83.85000,-82.99000
0.28000,-0.20000,0.64000,-0.91000,-0.12000,-2.12000,-1.01000,-93.43000,-96.72000
0.28000,-0.20000,0.63000,-0.87000,0.00000,-2.11000,-1.01000,-93.43000,-96.72000
0.28000,-0.20000,0.61000,-1.14000,-0.33000,-2.11000,-1.01000,-103.74000,-107.36000
0.28000,-0.20000,0.60000,-1.56000,-1.02000,-2.11000,-1.02000,-103.74000,-107.36000
0.27000,-0.20000,0.60000,-1.85000,-1.54000,-2.11000,-1.03000,-100.84000,-98.45000
0.27000,-0.20000,0.59000,-2.14000,-1.68000,-2.11000,-1.03000,-100.84000,-98.45000
0.27000,-0.21000,0.59000,-2.05000,-1.97000,-2.11000,-1.04000,-95.43000,-88.64000
0.26000,-0.21000,0.58000,-2.10000,-1.87000,-2.13000,-0.99000,-95.43000,-88.64000
0.26000,-0.21000,0.57000,-2.30000,-1.70000,-2.13000,-0.99000,-96.25000,-81.31000
0.26000,-0.21000,0.55000,-2.70000,-1.47000,-2.13000,-0.99000,-96.25000,-81.31000
0.25000,-0.22000,0.52000,-2.95000,-1.41000,-2.13000,-1.00000,-87.36000,-82.08000
0.25000,-0.22000,0.50000,-2.80000,-1.39000,-2.12000,-1.01000,-87.36000,-82.08000
0.24000,-0.22000,0.48000,-2.45000,-1.31000,-2.11000,-1.01000,-82.15000,-80.67000
0.24000,-0.22000,0.46000,-2.12000,-1.31000,-2.11000,-1.02000,-82.15000,-80.67000
0.24000,-0.22000,0.45000,-1.95000,-1.29000,-2.11000,-1.03000,-88.19000,-79.89000
0.23000,-0.23000,0.44000,-1.78000,-1.04000,-2.11000,-1.08000,-88.19000,-79.89000
0.23000,-0.23000,0.42000,-1.81000,-0.85000,-2.20000,-1.50000,-94.58000,-89.28000
0.23000,-0.23000,0.40000,-1.95000,-0.98000,-2.90000,-2.85000,-94.58000,-89.28000
0.23000,-0.23000,0.38000,-1.83000,-0.75000,-3.29000,-3.26000,-110.87000,-119.46000
0.22000,-0.23000,0.35000,-2.34000,-0.89000,-2.12000,-1.01000,-110.87000,-119.46000
0.22000,-0.23000,0.33000,-2.86000,-1.31000,-2.11000,-1.02000,-95.29000,-100.73000
0.21000,-0.23000,0.29000,-3.40000,-1.31000,-2.12000,-1.11000,-95.29000,-100.73000
0.21000,-0.24000,0.24000,-3.61000,-1.06000,-3.25000,-3.23000,-95.20000,-128.43000
0.20000,-0.24000,0.21000,-3.77000,-1.74000,-1.11000,-2.12000,-95.20000,-128.43000
0.19000,-0.24000,0.19000,-3.86000,-2.99000,-1.01000,-2.12000,-55.05000,-116.76000
0.19000,-0.24000,0.19000,-3.11000,-3.36000,-0.99000,-2.13000,-55.05000,-116.76000
0.18000,-0.24000,0.22000,-2.14000,-3.40000,-0.98000,-2.14000,-48.03000,-95.09000
0.18000,-0.24000,0.24000,-1.35000,-2.86000,-2.12000,-1.00000,-48.03000,-95.09000
0.17000,-0.24000,0.27000,-0.66000,-2.26000,-2.14000,-0.99000,-79.05000,-77.91000
0.17000,-0.24000,0.28000,-0.75000,-1.31000,-2.16000,-0.97000,-79.05000,-77.91000
0.17000,-0.24000,0.26000,-1.39000,-0.12000,-2.16000,-0.96000,-93.19000,-89.60000
0.17000,-0.24000,0.22000,-2.14000,-0.06000,-2.16000,-0.97000,-93.19000,-89.60000
0.16000,-0.25000,0.17000,-2.78000,-0.06000,-2.15000,-0.98000,-80.55000,-106.48000
0.16000,-0.25000,0.12000,-2.90000,0.00000,-2.13000,-0.99000,-80.55000,-106.48000
0.16000,-0.25000,0.07000,-2.70000,0.00000,-2.11000,-1.01000,-68.58000,-113.40000
0.15000,-0.25000,0.03000,-2.26000,0.00000,-2.21000,-1.51000,-68.58000,-113.40000
0.15000,-0.25000,0.00000,-1.76000,-0.02000,-3.22000,-3.24000,-90.02000,-152.94000
0.15000,-0.25000,-0.01000,-2.03000,-1.31000,-1.15000,-2.12000,-90.02000,-152.94000
0.14000,-0.25000,-0.00000,-2.45000,-3.01000,-2.16000,-0.97000,-83.32000,-118.67000
0.14000,-0.25000,0.01000,-2.74000,-3.53000,-2.17000,-0.95000,-83.32000,-118.67000
0.13000,-0.25000,0.03000,-2.49000,-3.30000,-2.19000,-0.94000,-73.95000,-82.89000
0.12000,-0.25000,0.04000,-1.83000,-2.64000,-2.20000,-0.92000,-73.95000,-82.89000
0.12000,-0.25000,0.05000,-1.33000,-1.83000,-2.21000,-0.91000,-84.69000,-80.35000
0.12000,-0.25000,0.05000,-1.06000,-1.25000,-2.21000,-0.91000,-84.69000,-80.35000
0.12000,-0.25000,0.06000,-0.81000,-0.98000,-2.21000,-0.91000,-98.54000,-90.81000
0.11000,-0.25000,0.05000,-0.91000,-0.83000,-2.21000,-0.91000,-98.54000,-90.81000
0.11000,-0.25000,0.04000,-1.37000,-0.83000,-2.18000,-0.90000,-107.13000,-94.96000
0.11000,-0.25000,0.03000,-1.66000,-0.95000,-2.17000,-0.90000,-107.13000,-94.96000
0.11000,-0.25000,0.02000,-2.05000,-1.20000,-2.16000,-0.90000,-103.17000,-93.48000
0.10000,-0.25000,-0.01000,-2.26000,-0.81000,-2.13000,-0.90000,-103.17000,-93.48000
0.10000,-0.25000,-0.06000,-2.78000,-0.10000,-2.11000,-0.89000,-96.45000,-95.15000
0.10000,-0.25000,-0.11000,-3.03000,0.00000,-2.12000,-0.89000,-96.45000,-95.15000
0.09000,-0.25000,-0.17000,-3.07000,0.00000,-2.13000,-0.90000,-84.32000,-107.86000
0.09000,-0.25000,-0.22000,-2.64000,0.00000,-2.14000,-0.90000,-84.32000,-107.86000
0.09000,-0.25000,-0.26000,-2.26000,0.00000,-2.14000,-0.90000,-84.98000,-113.28000
0.08000,-0.25000,-0.29000,-2.05000,0.00000,-2.14000,-0.90000,-84.98000,-113.28000
0.08000,-0.24000,-0.33000,-1.87000,0.00000,-2.14000,-0.90000,-90.75000,-118.67000
0.08000,-0.24000,-0.36000,-1.64000,-0.02000,-2.14000,-0.90000,-90.75000,-118.67000
0.08000,-0.24000,-0.39000,-1.91000,-0.33000,-2.14000,-0.90000,-97.43000,-123.73000
0.07000,-0.24000,-0.40000,-1.95000,-1.12000,-2.12000,-0.89000,-97.43000,-123.73000
0.07000,-0.24000,-0.41000,-2.12000,-1.78000,-2.03000,-0.85000,-94.12000,-111.78000
0.07000,-0.24000,-0.42000,-2.41000,-1.76000,-1.69000,-0.60000,-94.12000,-111.78000
0.06000,-0.24000,-0.43000,-2.70000,-1.89000,-2.12000,-0.89000,-89.14000,-101.14000
0.06000,-0.23000,-0.45000,-2.99000,-1.87000,-2.06000,-0.87000,-89.14000,-101.14000
0.05000,-0.23000,-0.48000,-3.15000,-1.64000,-1.96000,-0.81000,-76.36000,-93.13000
0.05000,-0.23000,-0.50000,-2.99000,-1.74000,-1.81000,-0.70000,-76.36000,-93.13000
0.04000,-0.23000,-0.52000,-2.64000,-1.56000,-1.52000,-0.47000,-63.62000,-83.54000
0.04000,-0.23000,-0.53000,-2.01000,-1.43000,-1.14000,-0.13000,-63.62000,-83.54000
0.04000,-0.22000,-0.54000,-1.41000,-0.95000,-0.86000,0.18000,-59.43000,-70.88000
0.04000,-0.22000,-0.55000,-1.08000,-0.58000,-0.72000,0.32000,-59.43000,-70.88000
0.04000,-0.22000,-0.55000,-0.54000,-0.35000,-0.66000,0.38000,-63.55000,-70.97000
0.04000,-0.22000,-0.56000,-0.17000,-0.08000,-0.63000,0.40000,-63.55000,-70.97000
0.03000,-0.22000,-0.56000,-0.08000,0.00000,-0.62000,0.41000,-74.18000,-72.21000
0.03000,-0.22000,-0.56000,-0.25000,0.00000,-0.62000,0.41000,-74.18000,-72.21000
0.03000,-0.22000,-0.57000,-0.54000,0.00000,-0.62000,0.41000,-75.64000,-70.47000
0.03000,-0.22000,-0.59000,-0.87000,0.00000,-0.62000,0.42000,-75.64000,-70.47000
0.03000,-0.22000,-0.61000,-1.33000,0.00000,-0.61000,0.42000,-68.34000,-67.86000
0.03000,-0.22000,-0.63000,-1.18000,0.00000,-0.60000,0.43000,-68.34000,-67.86000
0.03000,-0.22000,-0.65000,-1.08000,0.00000,-0.59000,0.43000,-61.76000,-65.13000
0.03000,-0.22000,-0.67000,-1.06000,0.00000,-0.58000,0.44000,-61.76000,-65.13000
0.03000,-0.22000,-0.69000,-0.89000,0.00000,-0.57000,0.44000,-59.75000,-62.38000
0.03000,-0.22000,-0.70000,-0.54000,0.00000,-0.56000,0.45000,-59.75000,-62.38000
0.03000,-0.22000,-0.70000,-0.31000,0.00000,-0.55000,0.45000,-64.38000,-59.67000
0.03000,-0.22000,-0.71000,-0.25000,0.00000,-0.55000,0.45000,-64.38000,-59.67000
0.03000,-0.22000,-0.71000,-0.42000,0.00000,-0.55000,0.45000,-68.74000,-56.97000
0.03000,-0.22000,-0.73000,-0.69000,0.00000,-0.54000,0.45000,-68.74000,-56.97000
0.03000,-0.22000,-0.75000,-1.12000,0.00000,-0.54000,0.45000,-63.83000,-54.27000
0.02000,-0.21000,-0.77000,-1.10000,0.00000,-0.53000,0.45000,-63.83000,-54.27000
0.02000,-0.21000,-0.79000,-1.00000,0.00000,-0.51000,0.45000,-56.36000,-51.62000
0.02000,-0.21000,-0.80000,-0.87000,0.00000,-0.50000,0.44000,-56.36000,-51.62000
0.02000,-0.21000,-0.81000,-0.60000,0.00000,-0.49000,0.44000,-55.92000,-49.05000
0.02000,-0.21000,-0.82000,-0.19000,0.00000,-0.48000,0.44000,-55.92000,-49.05000
0.02000,-0.21000,-0.82000,-0.06000,0.00000,-0.48000,0.43000,-63.75000,-46.49000
0.02000,-0.21000,-0.82000,-0.02000,0.00000,-0.48000,0.43000,-63.75000,-46.49000
0.02000,-0.21000,-0.82000,0.00000,0.00000,-0.48000,0.43000,-67.99000,-43.89000
0.02000,-0.21000,-0.82000,-0.12000,0.00000,-0.48000,0.43000,-67.99000,-43.89000
0.02000,-0.21000,-0.82000,-0.04000,0.00000,-0.48000,0.43000,-69.16000,-41.30000
0.02000,-0.21000,-0.82000,-0.15000,0.00000,-0.48000,0.43000,-69.16000,-41.30000
0.02000,-0.21000,-0.83000,-0.35000,0.00000,-0.47000,0.43000,-70.92000,-38.73000
0.02000,-0.21000,-0.84000,-0.66000,0.00000,-0.47000,0.43000,-70.92000,-38.73000
0.02000,-0.21000,-0.86000,-1.10000,0.00000,-0.46000,0.42000,-64.89000,-36.27000
0.02000,-0.21000,-0.88000,-1.29000,0.00000,-0.44000,0.41000,-64.89000,-36.27000
0.02000,-0.21000,-0.90000,-1.10000,0.00000,-0.42000,0.40000,-53.74000,-34.13000
0.02000,-0.21000,-0.92000,-0.75000,0.00000,-0.40000,0.38000,-53.74000,-34.13000
0.02000,-0.21000,-0.92000,-0.42000,0.00000,-0.39000,0.37000,-56.12000,-32.17000
0.02000,-0.21000,-0.93000,-0.42000,0.00000,-0.38000,0.36000,-56.12000,-32.17000
0.02000,-0.21000,-0.94000,-0.50000,0.00000,-0.37000,0.35000,-58.68000,-30.17000
0.02000,-0.21000,-0.95000,-0.58000,0.00000,-0.36000,0.35000,-58.68000,-30.17000
0.02000,-0.21000,-0.96000,-0.54000,0.00000,-0.35000,0.33000,-55.56000,-28.35000
0.02000,-0.20000,-0.97000,-0.46000,0.00000,-0.33000,0.32000,-55.56000,-28.35000
0.02000,-0.20000,-0.97000,-0.23000,0.00000,-0.32000,0.31000,-55.69000,-26.65000
0.02000,-0.20000,-0.98000,-0.08000,0.00000,-0.32000,0.31000,-55.69000,-26.65000
0.02000,-0.20000,-0.98000,0.00000,0.00000,-0.32000,0.31000,-60.39000,-24.86000
0.02000,-0.20000,-0.98000,-0.02000,0.00000,-0.32000,0.31000,-60.39000,-24.86000
0.02000,-0.20000,-0.98000,-0.04000,0.00000,-0.32000,0.31000,-62.72000,-23.02000
0.02000,-0.20000,-0.98000,-0.37000,0.00000,-0.32000,0.31000,-62.72000,-23.02000
0.02000,-0.20000,-0.99000,-0.58000,0.00000,-0.31000,0.30000,-59.06000,-21.31000
0.02000,-0.20000,-1.01000,-0.73000,0.00000,-0.29000,0.29000,-59.06000,-21.31000
0.01000,-0.20000,-1.02000,-0.85000,0.00000,-0.28000,0.27000,-52.91000,-19.95000
0.01000,-0.20000,-1.03000,-0.33000,0.00000,-0.26000,0.25000,-52.91000,-19.95000
0.01000,-0.20000,-1.03000,-0.04000,0.00000,-0.25000,0.24000,-55.70000,-18.74000
0.01000,-0.20000,-1.03000,0.00000,0.00000,-0.25000,0.24000,-55.70000,-18.74000
0.01000,-0.20000,-1.03000,0.00000,0.00000,-0.25000,0.24000,-60.16000,-17.29000
0.01000,-0.20000,-1.03000,0.00000,0.00000,-0.25000,0.24000,-60.16000,-17.29000
0.01000,-0.20000,-1.03000,0.00000,0.00000,-0.25000,0.24000,-61.64000,-15.84000
0.01000,-0.20000,-1.03000,-0.02000,0.00000,-0.25000,0.24000,-61.64000,-15.84000
0.01000,-0.20000,-1.03000,0.00000,0.00000,-0.25000,0.24000,-62.81000,-14.40000
0.01000,-0.20000,-1.03000,0.00000,0.00000,-0.25000,0.24000,-62.81000,-14.40000
0.01000,-0.20000,-1.03000,0.00000,0.00000,-0.25000,0.24000,-64.47000,-12.95000
0.01000,-0.20000,-1.03000,-0.02000,0.00000,-0.25000,0.24000,-64.47000,-12.95000
0.01000,-0.20000,-1.03000,0.00000,0.00000,-0.25000,0.24000,-65.63000,-11.51000
0.01000,-0.20000,-1.03000,-0.17000,0.00000,-0.25000,0.24000,-65.63000,-11.51000
0.01000,-0.20000,-1.04000,-0.15000,0.00000,-0.24000,0.24000,-64.75000,-10.12000
0.01000,-0.20000,-1.04000,-0.02000,0.00000,-0.24000,0.23000,-64.75000,-10.12000
0.01000,-0.20000,-1.04000,0.00000,0.00000,-0.24000,0.23000,-67.32000,-8.75000
0.01000,-0.20000,-1.04000,-0.25000,0.00000,-0.24000,0.23000,-67.32000,-8.75000
0.01000,-0.20000,-1.05000,-0.37000,0.00000,-0.23000,0.23000,-65.11000,-7.43000
0.01000,-0.20000,-1.05000,-0.42000,0.00000,-0.22000,0.22000,-65.11000,-7.43000
0.01000,-0.20000,-1.06000,-0.37000,0.00000,-0.21000,0.21000,-62.24000,-6.34000
0.01000,-0.20000,-1.07000,-0.39000,0.00000,-0.20000,0.20000,-62.24000,-6.34000
0.01000,-0.20000,-1.07000,-0.35000,0.00000,-0.20000,0.19000,-61.08000,-5.33000
0.01000,-0.20000,-1.08000,-0.15000,0.00000,-0.19000,0.18000,-61.08000,-5.33000
0.01000,-0.20000,-1.08000,0.00000,0.00000,-0.18000,0.18000,-63.45000,-4.35000
0.01000,-0.20000,-1.08000,-0.02000,0.00000,-0.18000,0.18000,-63.45000,-4.35000
0.01000,-0.20000,-1.08000,0.00000,0.00000,-0.18000,0.18000,-65.55000,-3.26000
0.01000,-0.20000,-1.08000,-0.15000,0.00000,-0.18000,0.18000,-65.55000,-3.26000
0.01000,-0.20000,-1.08000,-0.02000,0.00000,-0.18000,0.18000,-64.61000,-2.22000
0.01000,-0.20000,-1.08000,0.00000,0.00000,-0.18000,0.18000,-64.61000,-2.22000
0.01000,-0.20000,-1.08000,-0.04000,0.00000,-0.18000,0.18000,-66.99000,-1.16000
0.01000,-0.20000,-1.08000,-0.08000,0.00000,-0.18000,0.18000,-66.99000,-1.16000
0.01000,-0.20000,-1.08000,-0.02000,0.00000,-0.18000,0.17000,-66.78000,-0.14000
0.01000,-0.20000,-1.08000,-0.02000,0.00000,-0.18000,0.17000,-66.78000,-0.14000
0.01000,-0.20000,-1.08000,-0.04000,0.00000,-0.18000,0.17000,-68.27000,0.89000
0.01000,-0.20000,-1.09000,-0.12000,0.00000,-0.18000,0.17000,-68.27000,0.89000
0.01000,-0.20000,-1.09000,-0.04000,0.00000,-0.17000,0.17000,-67.59000,1.88000
0.01000,-0.20000,-1.09000,-0.04000,0.00000,-0.17000,0.17000,-67.59000,1.88000
0.01000,-0.20000,-1.09000,-0.04000,0.00000,-0.17000,0.17000,-69.09000,2.87000
0.01000,-0.20000,-1.09000,0.00000,0.00000,-0.17000,0.17000,-69.09000,2.87000
0.01000,-0.20000,-1.09000,0.00000,0.00000,-0.17000,0.17000,-70.48000,3.87000
0.01000,-0.20000,-1.09000,0.00000,0.00000,-0.17000,0.17000,-70.48000,3.87000
0.01000,-0.20000,-1.09000,-0.02000,0.00000,-0.17000,0.17000,-71.50000,4.88000
0.01000,-0.20000,-1.09000,0.00000,0.00000,-0.17000,0.17000,-71.50000,4.88000
0.01000,-0.20000,-1.09000,-0.02000,0.00000,-0.17000,0.17000,-72.51000,5.87000
0.01000,-0.20000,-1.09000,0.00000,0.00000,-0.17000,0.17000,-72.51000,5.87000
0.01000,-0.20000,-1.09000,-0.12000,0.00000,-0.17000,0.17000,-73.52000,6.87000
0.01000,-0.20000,-1.09000,-0.04000,0.00000,-0.17000,0.16000,-73.52000,6.87000
0.01000,-0.20000,-1.09000,0.00000,0.00000,-0.17000,0.16000,-73.85000,7.81000
0.01000,-0.20000,-1.10000,-0.12000,0.00000,-0.17000,0.16000,-73.85000,7.81000
0.01000,-0.20000,-1.10000,-0.02000,0.00000,-0.16000,0.16000,-73.31000,8.75000
0.01000,-0.20000,-1.10000,-0.02000,0.00000,-0.16000,0.16000,-73.31000,8.75000
0.01000,-0.20000,-1.10000,-0.12000,0.00000,-0.16000,0.16000,-75.08000,9.70000
0.01000,-0.20000,-1.10000,-0.04000,0.00000,-0.16000,0.16000,-75.08000,9.70000
0.01000,-0.20000,-1.10000,-0.02000,0.00000,-0.16000,0.16000,-75.56000,10.60000
0.01000,-0.20000,-1.10000,-0.12000,0.00000,-0.16000,0.16000,-75.56000,10.60000
0.01000,-0.20000,-1.10000,-0.02000,0.00000,-0.15000,0.15000,-74.96000,11.49000
0.01000,-0.20000,-1.11000,-0.17000,0.00000,-0.15000,0.15000,-74.96000,11.49000
0.01000,-0.20000,-1.11000,0.00000,0.00000,-0.15000,0.15000,-74.46000,12.34000
0.01000,-0.20000,-1.11000,-0.12000,0.00000,-0.15000,0.15000,-74.46000,12.34000
0.01000,-0.20000,-1.11000,0.00000,0.00000,-0.15000,0.15000,-74.95000,13.20000
0.01000,-0.20000,-1.11000,-0.02000,0.00000,-0.15000,0.15000,-74.95000,13.20000
0.01000,-0.20000,-1.11000,0.00000,0.00000,-0.15000,0.15000,-76.64000,14.07000
0.01000,-0.20000,-1.11000,-0.02000,0.00000,-0.15000,0.15000,-76.64000,14.07000
0.01000,-0.20000,-1.11000,-0.12000,0.00000,-0.15000,0.15000,-77.39000,14.93000
0.01000,-0.20000,-1.11000,-0.04000,0.00000,-0.14000,0.14000,-77.39000,14.93000
0.01000,-0.20000,-1.11000,-0.12000,0.00000,-0.14000,0.14000,-77.78000,15.75000
0.01000,-0.20000,-1.11000,-0.02000,0.00000,-0.14000,0.14000,-77.78000,15.75000
0.01000,-0.20000,-1.11000,-0.02000,0.00000,-0.14000,0.14000,-78.66000,16.56000
0.01000,-0.20000,-1.12000,-0.06000,0.00000,-0.14000,0.14000,-78.66000,16.56000
0.01000,-0.20000,-1.12000,-0.17000,0.00000,-0.14000,0.14000,-78.73000,17.36000
0.01000,-0.20000,-1.12000,-0.08000,0.00000,-0.14000,0.13000,-78.73000,17.36000
0.01000,-0.20000,-1.12000,-0.06000,0.00000,-0.13000,0.13000,-78.80000,18.11000
0.01000,-0.20000,-1.13000,-0.37000,0.00000,-0.13000,0.13000,-78.80000,18.11000
0.01000,-0.20000,-1.14000,-0.50000,0.00000,-0.12000,0.12000,-74.60000,18.76000
0.01000,-0.19000,-1.15000,-0.75000,0.00000,-0.11000,0.11000,-74.60000,18.76000
0.01000,-0.19000,-1.16000,-0.60000,0.00000,-0.10000,0.10000,-67.12000,19.13000
0.01000,-0.19000,-1.16000,-0.04000,0.00000,-0.09000,0.09000,-67.12000,19.13000
0.01000,-0.19000,-1.16000,0.00000,0.00000,-0.09000,0.09000,-73.63000,19.53000
0.01000,-0.19000,-1.16000,0.00000,0.00000,-0.09000,0.09000,-73.63000,19.53000
0.01000,-0.19000,-1.16000,-0.02000,0.00000,-0.09000,0.09000,-74.53000,20.05000
0.01000,-0.19000,-1.16000,0.00000,0.00000,-0.09000,0.09000,-74.53000,20.05000
0.01000,-0.19000,-1.16000,0.00000,0.00000,-0.09000,0.09000,-75.04000,20.56000
0.01000,-0.19000,-1.16000,0.00000,0.00000,-0.09000,0.09000,-75.04000,20.56000
0.01000,-0.19000,-1.16000,-0.04000,0.00000,-0.09000,0.09000,-75.56000,21.07000
0.01000,-0.19000,-1.16000,-0.04000,0.00000,-0.09000,0.08000,-75.56000,21.07000
0.01000,-0.19000,-1.16000,-0.02000,0.00000,-0.08000,0.08000,-75.43000,21.56000
0.01000,-0.19000,-1.16000,-0.02000,0.00000,-0.08000,0.08000,-75.43000,21.56000
0.01000,-0.19000,-1.16000,0.00000,0.00000,-0.08000,0.08000,-75.99000,22.05000
0.01000,-0.19000,-1.16000,-0.02000,0.00000,-0.08000,0.08000,-75.99000,22.05000
0.01000,-0.19000,-1.16000,0.00000,0.00000,-0.08000,0.08000,-76.36000,22.54000
0.01000,-0.19000,-1.17000,-0.02000,0.00000,-0.08000,0.08000,-76.36000,22.54000
0.01000,-0.19000,-1.17000,0.00000,0.00000,-0.08000,0.08000,-76.73000,23.03000
0.01000,-0.19000,-1.17000,-0.04000,0.00000,-0.08000,0.08000,-76.73000,23.03000
0.01000,-0.19000,-1.17000,-0.04000,0.00000,-0.08000,0.08000,-76.78000,23.51000
0.01000,-0.19000,-1.17000,-0.04000,0.00000,-0.08000,0.08000,-76.78000,23.51000
0.01000,-0.19000,-1.17000,0.00000,0.00000,-0.08000,0.08000,-77.00000,23.98000
0.01000,-0.19000,-1.17000,0.00000,0.00000,-0.08000,0.08000,-77.00000,23.98000
0.01000,-0.19000,-1.17000,0.00000,0.00000,-0.08000,0.08000,-77.86000,24.46000
0.01000,-0.19000,-1.17000,0.00000,0.00000,-0.08000,0.08000,-77.86000,24.46000
0.01000,-0.19000,-1.17000,-0.02000,0.00000,-0.08000,0.08000,-78.34000,24.94000
0.01000,-0.19000,-1.17000,0.00000,0.00000,-0.08000,0.08000,-78.34000,24.94000
0.01000,-0.19000,-1.17000,-0.02000,0.00000,-0.08000,0.08000,-78.82000,25.41000
0.01000,-0.19000,-1.17000,0.00000,0.00000,-0.08000,0.08000,-78.82000,25.41000
0.01000,-0.19000,-1.17000,-0.04000,0.00000,-0.08000,0.08000,-79.30000,25.88000
0.01000,-0.19000,-1.17000,-0.04000,0.00000,-0.08000,0.08000,-79.30000,25.88000
0.01000,-0.19000,-1.17000,-0.04000,0.00000,-0.08000,0.08000,-79.13000,26.34000
0.01000,-0.19000,-1.17000,0.00000,0.00000,-0.08000,0.08000,-79.13000,26.34000
0.01000,-0.19000,-1.17000,-0.02000,0.00000,-0.08000,0.08000,-79.96000,26.79000
0.01000,-0.19000,-1.17000,-0.02000,0.00000,-0.08000,0.08000,-79.96000,26.79000
0.01000,-0.19000,-1.17000,0.00000,0.00000,-0.08000,0.08000,-80.10000,27.24000
0.01000,-0.19000,-1.17000,-0.02000,0.00000,-0.08000,0.08000,-80.10000,27.24000
0.01000,-0.19000,-1.17000,-0.04000,0.00000,-0.08000,0.08000,-80.43000,27.69000
0.01000,-0.19000,-1.17000,-0.06000,0.00000,-0.08000,0.07000,-80.43000,27.69000
0.01000,-0.19000,-1.17000,-0.02000,0.00000,-0.07000,0.07000,-80.11000,28.11000
0.01000,-0.19000,-1.17000,0.00000,0.00000,-0.07000,0.07000,-80.11000,28.11000
0.01000,-0.19000,-1.17000,-0.02000,0.00000,-0.07000,0.07000,-81.12000,28.55000
0.01000,-0.19000,-1.18000,-0.15000,0.00000,-0.07000,0.07000,-81.12000,28.55000
0.01000,-0.19000,-1.18000,-0.02000,0.00000,-0.07000,0.07000,-79.33000,28.95000
0.01000,-0.19000,-1.18000,0.00000,0.00000,-0.07000,0.07000,-79.33000,28.95000
0.01000,-0.19000,-1.18000,-0.06000,0.00000,-0.07000,0.07000,-81.06000,29.36000
0.01000,-0.19000,-1.18000,-0.06000,0.00000,-0.07000,0.07000,-81.06000,29.36000
0.01000,-0.19000,-1.18000,0.00000,0.00000,-0.07000,0.07000,-80.52000,29.75000
0.01000,-0.19000,-1.18000,-0.02000,0.00000,-0.07000,0.07000,-80.52000,29.75000
0.01000,-0.19000,-1.18000,-0.02000,0.00000,-0.07000,0.07000,-81.17000,30.15000
0.01000,-0.19000,-1.18000,-0.02000,0.00000,-0.07000,0.07000,-81.17000,30.15000
0.01000,-0.19000,-1.18000,-0.12000,0.00000,-0.07000,0.07000,-81.44000,30.54000
0.01000,-0.19000,-1.18000,-0.02000,0.00000,-0.06000,0.06000,-81.44000,30.54000
0.01000,-0.19000,-1.18000,-0.10000,0.00000,-0.06000,0.06000,-81.68000,30.90000
0.01000,-0.19000,-1.19000,-0.06000,0.00000,-0.06000,0.06000,-81.68000,30.90000
0.01000,-0.19000,-1.19000,-0.12000,0.00000,-0.06000,0.06000,-81.27000,31.24000
0.01000,-0.19000,-1.20000,-0.39000,0.00000,-0.06000,0.06000,-81.27000,31.24000
0.01000,-0.19000,-1.21000,-0.77000,0.00000,-0.05000,0.05000,-76.14000,31.46000
0.01000,-0.19000,-1.23000,-0.91000,0.00000,-0.04000,0.04000,-76.14000,31.46000
0.01000,-0.19000,-1.24000,-0.87000,0.00000,-0.02000,0.02000,-65.85000,31.33000
0.01000,-0.19000,-1.25000,-0.42000,0.00000,-0.01000,0.01000,-65.85000,31.33000
0.01000,-0.19000,-1.25000,0.00000,0.00000,0.00000,-0.00000,-67.64000,31.13000
0.01000,-0.19000,-1.25000,-0.02000,0.00000,0.00000,-0.00000,-67.64000,31.13000
0.01000,-0.19000,-1.25000,-0.02000,0.00000,0.00000,-0.00000,-71.06000,31.12000
0.01000,-0.19000,-1.25000,-0.02000,0.00000,0.00000,-0.00000,-71.06000,31.12000
0.01000,-0.19000,-1.25000,-0.02000,0.00000,0.00000,-0.00000,-70.93000,31.11000
0.01000,-0.19000,-1.25000,-0.04000,0.00000,0.00000,-0.00000,-70.93000,31.11000
0.01000,-0.19000,-1.25000,0.00000,0.00000,0.00000,-0.00000,-70.47000,31.09000
0.01000,-0.19000,-1.25000,0.00000,0.00000,0.00000,-0.00000,-70.47000,31.09000
0.01000,-0.19000,-1.25000,0.00000,0.00000,0.00000,-0.00000,-70.83000,31.07000
0.01000,-0.19000,-1.25000,0.00000,0.00000,0.00000,-0.00000,-70.83000,31.07000
0.01000,-0.19000,-1.25000,0.00000,0.00000,0.00000,-0.00000,-70.81000,31.06000
0.01000,-0.19000,-1.25000,0.00000,0.00000,0.00000,-0.00000,-70.81000,31.06000
0.01000,-0.19000,-1.25000,0.00000,0.00000,0.00000,-0.00000,-70.80000,31.05000
0.01000,-0.19000,-1.25000,0.00000,0.00000,0.00000,-0.00000,-70.80000,31.05000
0.01000,-0.19000,-1.25000,0.00000,0.00000,0.00000,-0.00000,-70.79000,31.03000
0.01000,-0.19000,-1.25000,0.00000,0.00000,0.00000,-0.00000,-70.79000,31.03000
0.01000,-0.19000,-1.25000,0.00000,0.00000,0.00000,-0.00000,-70.77000,31.02000
0.01000,-0.19000,-1.25000,0.00000,0.00000,0.00000,-0.00000,-70.77000,31.02000
0.01000,-0.19000,-1.25000,0.00000,0.00000,0.00000,-0.00000,-70.76000,31.01000
0.01000,-0.19000,-1.25000,0.00000,0.00000,0.00000,-0.00000,-70.76000,31.01000
0.01000,-0.19000,-1.25000,0.00000,0.00000,0.00000,-0.00000,-70.75000,30.99000
0.01000,-0.19000,-1.25000,0.00000,0.00000,0.00000,-0.00000,-70.75000,30.99000
0.01000,-0.19000,-1.25000,0.00000,0.00000,0.00000,-0.00000,-70.73000,30.98000
0.01000,-0.19000,-1.25000,0.00000,0.00000,0.00000,-0.00000,-70.73000,30.98000
0.01000,-0.19000,-1.25000,0.00000,0.00000,0.00000,-0.00000,-70.72000,30.97000
0.01000,-0.19000,-1.25000,0.00000,0.00000,0.00000,-0.00000,-70.72000,30.97000
0.01000,-0.19000,-1.25000,0.00000,0.00000,0.00000,-0.00000,-70.71000,30.95000
0.01000,-0.19000,-1.25000,0.00000,0.00000,0.00000,-0.00000,-70.71000,30.95000
0.01000,-0.19000,-1.25000,0.00000,0.00000,0.00000,-0.00000,-70.69000,30.94000
0.01000,-0.19000,-1.25000,0.00000,0.00000,0.00000,-0.00000,-70.69000,30.94000
0.01000,-0.19000,-1.25000,0.00000,0.00000,0.00000,-0.00000,-70.68000,30.93000
0.01000,-0.19000,-1.25000,0.00000,0.00000,0.00000,-0.00000,-70.68000,30.93000
0.01000,-0.19000,-1.25000,0.00000,0.00000,0.00000,-0.00000,-70.67000,30.91000
0.01000,-0.19000,-1.25000,0.00000,0.00000,0.00000,-0.00000,-70.67000,30.91000
0.01000,-0.19000,-1.25000,0.00000,0.00000,0.00000,-0.00000,-70.65000,30.90000
0.01000,-0.19000,-1.25000,0.00000,0.00000,0.00000,-0.00000,-70.65000,30.90000
0.01000,-0.19000,-1.25000,0.00000,0.00000,0.00000,-0.00000,-70.64000,30.89000
0.01000,-0.19000,-1.25000,0.00000,0.00000,0.00000,-0.00000,-70.64000,30.89000
0.01000,-0.19000,-1.25000,0.00000,0.00000,0.00000,-0.00000,-70.63000,30.87000
0.01000,-0.19000,-1.25000,0.00000,0.00000,0.00000,-0.00000,-70.63000,30.87000
0.01000,-0.19000,-1.25000,0.00000,0.00000,0.00000,-0.00000,-70.61000,30.86000
0.01000,-0.19000,-1.25000,0.00000,0.00000,0.00000,-0.00000,-70.61000,30.86000
0.01000,-0.19000,-1.25000,0.00000,0.00000,0.00000,-0.00000,-70.60000,30.85000
0.01000,-0.19000,-1.25000,0.00000,0.00000,0.00000,-0.00000,-70.60000,30.85000
0.01000,-0.19000,-1.25000,0.00000,0.00000,0.00000,-0.00000,-70.59000,30.83000
0.01000,-0.19000,-1.25000,0.00000,0.00000,0.00000,-0.00000,-70.59000,30.83000
0.01000,-0.19000,-1.25000,0.00000,0.00000,0.00000,-0.00000,-70.57000,30.82000
0.01000,-0.19000,-1.25000,0.00000,0.00000,0.00000,-0.00000,-70.57000,30.82000
0.01000,-0.19000,-1.25000,0.00000,0.00000,0.00000,-0.00000,-70.56000,30.81000
0.01000,-0.19000,-1.25000,0.00000,0.00000,0.00000,-0.00000,-70.56000,30.81000
0.01000,-0.19000,-1.25000,0.00000,0.00000,0.00000,-0.00000,-70.55000,30.79000
0.01000,-0.19000,-1.25000,0.00000,0.00000,0.00000,-0.00000,-70.55000,30.79000
0.01000,-0.19000,-1.25000,0.00000,0.00000,0.00000,-0.00000,-70.53000,30.78000
0.01000,-0.19000,-1.25000,0.00000,0.00000,0.00000,-0.00000,-70.53000,30.78000
0.01000,-0.19000,-1.25000,0.00000,0.00000,0.00000,-0.00000,-70.52000,30.77000
0.01000,-0.19000,-1.25000,0.00000,0.00000,0.00000,-0.00000,-70.52000,30.77000
0.01000,-0.19000,-1.25000,0.00000,0.00000,0.00000,-0.00000,-70.51000,30.75000
0.01000,-0.19000,-1.25000,0.00000,0.00000,0.00000,-0.00000,-70.51000,30.75000
0.01000,-0.19000,-1.25000,0.00000,0.00000,0.00000,-0.00000,-70.49000,30.74000
0.01000,-0.19000,-1.25000,0.00000,0.00000,0.00000,-0.00000,-70.49000,30.74000
0.01000,-0.19000,-1.25000,0.00000,0.00000,0.00000,-0.00000,-70.48000,30.73000
0.01000,-0.19000,-1.25000,0.00000,0.00000,0.00000,-0.00000,-70.48000,30.73000
0.01000,-0.19000,-1.25000,0.00000,0.00000,0.00000,-0.00000,-70.46000,30.71000
0.01000,-0.19000,-1.25000,0.00000,0.00000,0.00000,-0.00000,-70.46000,30.71000
0.01000,-0.19000,-1.25000,0.00000,0.00000,0.00000,-0.00000,-70.45000,30.70000
0.01000,-0.19000,-1.25000,0.00000,0.00000,0.00000,-0.00000,-70.45000,30.70000
0.01000,-0.19000,-1.25000,0.00000,0.00000,0.00000,-0.00000,-70.44000,30.69000
0.01000,-0.19000,-1.25000,0.00000,0.00000,0.00000,-0.00000,-70.44000,30.69000
0.01000,-0.19000,-1.25000,0.00000,0.00000,0.00000,-0.00000,-70.42000,30.67000
0.01000,-0.19000,-1.25000,0.00000,0.00000,0.00000,-0.00000,-70.42000,30.67000
0.01000,-0.19000,-1.25000,0.00000,0.00000,0.00000,-0.00000,-70.41000,30.66000
0.01000,-0.19000,-1.25000,0.00000,0.00000,0.00000,-0.00000,-70.41000,30.66000
0.01000,-0.19000,-1.25000,0.00000,0.00000,0.00000,-0.00000,-70.40000,30.65000
0.01000,-0.19000,-1.25000,0.00000,0.00000,0.00000,-0.00000,-70.40000,30.65000
0.01000,-0.19000,-1.25000,0.00000,0.00000,0.00000,-0.00000,-70.38000,30.63000
0.01000,-0.19000,-1.25000,0.00000,0.00000,0.00000,-0.00000,-70.38000,30.63000
0.01000,-0.19000,-1.25000,0.00000,0.00000,0.00000,-0.00000,-70.37000,30.62000
0.01000,-0.19000,-1.25000,0.00000,0.00000,0.00000,-0.00000,-70.37000,30.62000
0.01000,-0.19000,-1.25000,0.00000,0.00000,0.00000,-0.00000,-70.36000,30.61000
0.01000,-0.19000,-1.25000,0.00000,0.00000,0.00000,-0.00000,-70.36000,30.61000
0.01000,-0.19000,-1.25000,0.00000,0.00000,0.00000,-0.00000,-70.34000,30.59000
0.01000,-0.19000,-1.25000,0.00000,0.00000,0.00000,-0.00000,-70.34000,30.59000
0.01000,-0.19000,-1.25000,0.00000,0.00000,0.00000,-0.00000,-70.33000,30.58000
0.01000,-0.19000,-1.25000,0.00000,0.00000,0.00000,-0.00000,-70.33000,30.58000
0.01000,-0.19000,-1.25000,0.00000,0.00000,0.00000,-0.00000,-70.32000,30.57000
0.01000,-0.19000,-1.25000,0.00000,0.00000,0.00000,-0.00000,-70.32000,30.57000
0.01000,-0.19000,-1.25000,0.00000,0.00000,0.00000,-0.00000,-70.30000,30.55000
0.01000,-0.19000,-1.25000,0.00000,0.00000,0.00000,-0.00000,-70.30000,30.55000
0.01000,-0.19000,-1.25000,0.00000,0.00000,0.00000,-0.00000,-70.29000,30.54000
0.01000,-0.19000,-1.25000,0.00000,0.00000,0.00000,-0.00000,-70.29000,30.54000
0.01000,-0.19000,-1.25000,0.00000,0.00000,0.00000,-0.00000,-70.28000,30.53000
0.01000,-0.19000,-1.25000,0.00000,0.00000,0.00000,-0.00000,-70.28000,30.53000
0.01000,-0.19000,-1.25000,0.00000,0.00000,0.00000,-0.00000,-70.26000,30.51000
0.01000,-0.19000,-1.25000,0.00000,0.00000,0.00000,-0.00000,-70.26000,30.51000
0.01000,-0.19000,-1.25000,0.00000,0.00000,0.00000,-0.00000,-70.25000,30.50000
0.01000,-0.19000,-1.25000,0.00000,0.00000,0.00000,-0.00000,-70.25000,30.50000
0.01000,-0.19000,-1.25000,0.00000,0.00000,0.00000,-0.00000,-70.24000,30.49000
0.01000,-0.19000,-1.25000,0.00000,0.00000,0.00000,-0.00000,-70.24000,30.49000
0.01000,-0.19000,-1.25000,0.00000,0.00000,0.00000,-0.00000,-70.22000,30.47000
0.01000,-0.19000,-1.25000,0.00000,0.00000,0.00000,-0.00000,-70.22000,30.47000
0.01000,-0.19000,-1.25000,0.00000,0.00000,0.00000,-0.00000,-70.21000,30.46000
0.01000,-0.19000,-1.25000,0.00000,0.00000,0.00000,-0.00000,-70.21000,30.46000
0.01000,-0.19000,-1.25000,0.00000,0.00000,0.00000,-0.00000,-70.20000,30.45000
0.01000,-0.19000,-1.25000,0.00000,0.00000,0.00000,-0.00000,-70.20000,30.45000
0.01000,-0.19000,-1.25000,0.00000,0.00000,0.00000,-0.00000,-70.18000,30.43000
0.01000,-0.19000,-1.25000,0.00000,0.00000,0.00000,-0.00000,-70.18000,30.43000
0.01000,-0.19000,-1.25000,0.00000,0.00000,0.00000,-0.00000,-70.17000,30.42000
0.01000,-0.19000,-1.25000,0.00000,0.00000,0.00000,-0.00000,-70.17000,30.42000
0.01000,-0.19000,-1.25000,0.00000,0.00000,0.00000,-0.00000,-70.16000,30.41000
0.01000,-0.19000,-1.25000,0.00000,0.00000,0.00000,-0.00000,-70.16000,30.41000
0.01000,-0.19000,-1.25000,0.00000,0.00000,0.00000,-0.00000,-70.14000,30.39000
0.01000,-0.19000,-1.25000,0.00000,0.00000,0.00000,-0.00000,-70.14000,30.39000
0.01000,-0.19000,-1.25000,0.00000,0.00000,0.00000,-0.00000,-70.13000,30.38000
0.01000,-0.19000,-1.25000,0.00000,0.00000,0.00000,-0.00000,-70.13000,30.38000
0.01000,-0.19000,-1.25000,0.00000,0.00000,0.00000,-0.00000,-70.12000,30.37000
0.01000,-0.19000,-1.25000,0.00000,0.00000,0.00000,-0.00000,-70.12000,30.37000
0.01000,-0.19000,-1.25000,0.00000,0.00000,0.00000,-0.00000,-70.10000,30.35000
0.01000,-0.19000,-1.25000,0.00000,0.00000,0.00000,-0.00000,-70.10000,30.35000
0.01000,-0.19000,-1.25000,0.00000,0.00000,0.00000,-0.00000,-70.09000,30.34000
0.01000,-0.19000,-1.25000,0.00000,0.00000,0.00000,-0.00000,-70.09000,30.34000
0.01000,-0.19000,-1.25000,0.00000,0.00000,0.00000,-0.00000,-70.08000,30.33000
0.01000,-0.19000,-1.25000,0.00000,0.00000,0.00000,-0.00000,-70.08000,30.33000
0.01000,-0.19000,-1.25000,0.00000,0.00000,0.00000,-0.00000,-70.06000,30.31000
0.01000,-0.19000,-1.25000,0.00000,0.00000,0.00000,-0.00000,-70.06000,30.31000
0.01000,-0.19000,-1.25000,0.00000,0.00000,0.00000,-0.00000,-70.05000,30.30000
0.01000,-0.19000,-1.25000,0.00000,0.00000,0.00000,-0.00000,-70.05000,30.30000
0.01000,-0.19000,-1.25000,0.00000,0.00000,0.00000,-0.00000,-70.04000,30.29000
0.01000,-0.19000,-1.25000,0.00000,0.00000,0.00000,-0.00000,-70.04000,30.29000
0.01000,-0.19000,-1.25000,0.00000,0.00000,0.00000,-0.00000,-70.02000,30.28000
0.01000,-0.19000,-1.25000,0.00000,0.00000,0.00000,-0.00000,-70.02000,30.28000
0.01000,-0.19000,-1.25000,0.00000,0.00000,0.00000,-0.00000,-70.01000,30.26000
0.01000,-0.19000,-1.25000,0.00000,0.00000,0.00000,-0.00000,-70.01000,30.26000
0.01000,-0.19000,-1.25000,0.00000,0.00000,0.00000,-0.00000,-70.00000,30.25000
0.01000,-0.19000,-1.25000,0.00000,0.00000,0.00000,-0.00000,-70.00000,30.25000
0.01000,-0.19000,-1.25000,0.00000,0.00000,0.00000,-0.00000,-69.98000,30.24000
0.01000,-0.19000,-1.25000,0.00000,0.00000,0.00000,-0.00000,-69.98000,30.24000
0.01000,-0.19000,-1.25000,0.00000,0.00000,0.00000,-0.00000,-69.97000,30.22000
0.01000,-0.19000,-1.25000,0.00000,0.00000,0.00000,-0.00000,-69.97000,30.22000
0.01000,-0.19000,-1.25000,0.00000,0.00000,0.00000,-0.00000,-69.96000,30.21000
0.01000,-0.19000,-1.25000,0.00000,0.00000,0.00000,-0.00000,-69.96000,30.21000
0.01000,-0.19000,-1.25000,0.00000,0.00000,0.00000,-0.00000,-69.94000,30.20000
0.01000,-0.19000,-1.25000,0.00000,0.00000,0.00000,-0.00000,-69.94000,30.20000
0.01000,-0.19000,-1.25000,0.00000,0.00000,0.00000,-0.00000,-69.93000,30.18000
0.01000,-0.19000,-1.25000,0.00000,0.00000,0.00000,-0.00000,-69.93000,30.18000
0.01000,-0.19000,-1.25000,0.00000,0.00000,0.00000,-0.00000,-69.92000,30.17000
0.01000,-0.19000,-1.25000,0.00000,0.00000,0.00000,-0.00000,-69.92000,30.17000
0.01000,-0.19000,-1.25000,0.00000,0.00000,0.00000,-0.00000,-69.90000,30.16000
0.01000,-0.19000,-1.25000,0.00000,0.00000,0.00000,-0.00000,-69.90000,30.16000
0.01000,-0.19000,-1.25000,0.00000,0.00000,0.00000,-0.00000,-69.89000,30.14000
0.01000,-0.19000,-1.25000,0.00000,0.00000,0.00000,-0.00000,-69.89000,30.14000
0.01000,-0.19000,-1.25000,0.00000,0.00000,0.00000,-0.00000,-69.88000,30.13000
0.01000,-0.19000,-1.25000,0.00000,0.00000,0.00000,-0.00000,-69.88000,30.13000
0.01000,-0.19000,-1.25000,0.00000,0.00000,0.00000,-0.00000,-69.86000,30.12000
0.01000,-0.19000,-1.25000,0.00000,0.00000,0.00000,-0.00000,-69.86000,30.12000
0.01000,-0.19000,-1.25000,0.00000,0.00000,0.00000,-0.00000,-69.85000,30.10000
0.01000,-0.19000,-1.25000,0.00000,0.00000,0.00000,-0.00000,-69.85000,30.10000
0.01000,-0.19000,-1.25000,0.00000,0.00000,0.00000,-0.00000,-69.84000,30.09000
0.01000,-0.19000,-1.25000,0.00000,0.00000,0.00000,-0.00000,-69.84000,30.09000
0.01000,-0.19000,-1.25000,0.00000,0.00000,0.00000,-0.00000,-69.82000,30.08000
0.01000,-0.19000,-1.25000,0.00000,0.00000,0.00000,-0.00000,-69.82000,30.08000
0.01000,-0.19000,-1.25000,0.00000,0.00000,0.00000,-0.00000,-69.81000,30.06000
0.01000,-0.19000,-1.25000,0.00000,0.00000,0.00000,-0.00000,-69.81000,30.06000
0.01000,-0.19000,-1.25000,0.00000,0.00000,0.00000,-0.00000,-69.80000,30.05000
0.01000,-0.19000,-1.25000,0.00000,0.00000,0.00000,-0.00000,-69.80000,30.05000
0.01000,-0.19000,-1.25000,0.00000,0.00000,0.00000,-0.00000,-69.78000,30.04000
0.01000,-0.19000,-1.25000,0.00000,0.00000,0.00000,-0.00000,-69.78000,30.04000
0.01000,-0.19000,-1.25000,0.00000,0.00000,0.00000,-0.00000,-69.77000,30.02000
0.01000,-0.19000,-1.25000,0.00000,0.00000,0.00000,-0.00000,-69.77000,30.02000
0.01000,-0.19000,-1.25000,0.00000,0.00000,0.00000,-0.00000,-69.75000,30.01000
0.01000,-0.19000,-1.25000,0.00000,0.00000,0.00000,-0.00000,-69.75000,30.01000
0.01000,-0.19000,-1.25000,0.00000,0.00000,0.00000,-0.00000,-69.74000,30.00000
0.01000,-0.19000,-1.25000,0.00000,0.00000,0.00000,-0.00000,-69.74000,30.00000
0.01000,-0.19000,-1.25000,0.00000,0.00000,0.00000,-0.00000,-69.73000,29.98000
0.01000,-0.19000,-1.25000,0.00000,0.00000,0.00000,-0.00000,-69.73000,29.98000
0.01000,-0.19000,-1.25000,0.00000,0.00000,0.00000,-0.00000,-69.71000,29.97000
0.01000,-0.19000,-1.25000,0.00000,0.00000,0.00000,-0.00000,-69.71000,29.97000
0.01000,-0.19000,-1.25000,0.00000,0.00000,0.00000,-0.00000,-69.70000,29.96000
0.01000,-0.19000,-1.25000,0.00000,0.00000,0.00000,-0.00000,-69.70000,29.96000
0.01000,-0.19000,-1.25000,0.00000,0.00000,0.00000,-0.00000,-69.69000,29.94000
0.01000,-0.19000,-1.25000,0.00000,0.00000,0.00000,-0.00000,-69.69000,29.94000
0.01000,-0.19000,-1.25000,0.00000,0.00000,0.00000,-0.00000,-69.67000,29.93000
0.01000,-0.19000,-1.25000,0.00000,0.00000,0.00000,-0.00000,-69.67000,29.93000
0.01000,-0.19000,-1.25000,0.00000,0.00000,0.00000,-0.00000,-69.66000,29.92000
0.01000,-0.19000,-1.25000,0.00000,0.00000,0.00000,-0.00000,-69.66000,29.92000
0.01000,-0.19000,-1.25000,0.00000,0.00000,0.00000,-0.00000,-69.65000,29.90000
0.01000,-0.19000,-1.25000,0.00000,0.00000,0.00000,-0.00000,-69.65000,29.90000
0.01000,-0.19000,-1.25000,0.00000,0.00000,0.00000,-0.00000,-69.63000,29.89000
0.01000,-0.19000,-1.25000,0.00000,0.00000,0.00000,-0.00000,-69.63000,29.89000
0.01000,-0.19000,-1.25000,0.00000,0.00000,0.00000,-0.00000,-69.62000,29.88000
0.01000,-0.19000,-1.25000,0.00000,0.00000,0.00000,-0.00000,-69.62000,29.88000
0.01000,-0.19000,-1.25000,0.00000,0.00000,0.00000,-0.00000,-69.61000,29.86000
0.01000,-0.19000,-1.25000,0.00000,0.00000,0.00000,-0.00000,-69.61000,29.86000
0.01000,-0.19000,-1.25000,0.00000,0.00000,0.00000,-0.00000,-69.59000,29.85000
0.01000,-0.19000,-1.25000,0.00000,0.00000,0.00000,-0.00000,-69.59000,29.85000
0.01000,-0.19000,-1.25000,0.00000,0.00000,0.00000,-0.00000,-69.58000,29.84000
0.01000,-0.19000,-1.25000,0.00000,0.00000,0.00000,-0.00000,-69.58000,29.84000
0.01000,-0.19000,-1.25000,0.00000,0.00000,0.00000,-0.00000,-69.57000,29.82000
0.01000,-0.19000,-1.25000,0.00000,0.00000,0.00000,-0.00000,-69.57000,29.82000
0.01000,-0.19000,-1.25000,0.00000,0.00000,0.00000,-0.00000,-69.55000,29.81000
0.01000,-0.19000,-1.25000,0.00000,0.00000,0.00000,-0.00000,-69.55000,29.81000
0.01000,-0.19000,-1.25000,0.00000,0.00000,0.00000,-0.00000,-69.54000,29.80000
0.01000,-0.19000,-1.25000,0.00000,0.00000,0.00000,-0.00000,-69.54000,29.80000
0.01000,-0.19000,-1.25000,0.00000,0.00000,0.00000,-0.00000,-69.53000,29.78000
0.01000,-0.19000,-1.25000,0.00000,0.00000,0.00000,-0.00000,-69.53000,29.78000
0.01000,-0.19000,-1.25000,0.00000,0.00000,0.00000,-0.00000,-69.51000,29.77000
0.01000,-0.19000,-1.25000,0.00000,0.00000,0.00000,-0.00000,-69.51000,29.77000
0.01000,-0.19000,-1.25000,0.00000,0.00000,0.00000,-0.00000,-69.50000,29.76000
0.01000,-0.19000,-1.25000,0.00000,0.00000,0.00000,-0.00000,-69.50000,29.76000
0.01000,-0.19000,-1.25000,0.00000,0.00000,0.00000,-0.00000,-69.49000,29.74000
0.01000,-0.19000,-1.25000,0.00000,0.00000,0.00000,-0.00000,-69.49000,29.74000
0.01000,-0.19000,-1.25000,0.00000,0.00000,0.00000,-0.00000,-69.47000,29.73000
0.01000,-0.19000,-1.25000,0.00000,0.00000,0.00000,-0.00000,-69.47000,29.73000
0.01000,-0.19000,-1.25000,0.00000,0.00000,0.00000,-0.00000,-69.46000,29.72000
0.01000,-0.19000,-1.25000,0.00000,0.00000,0.00000,-0.00000,-69.46000,29.72000
0.01000,-0.19000,-1.25000,0.00000,0.00000,0.00000,-0.00000,-69.45000,29.70000
0.01000,-0.19000,-1.25000,0.00000,0.00000,0.00000,-0.00000,-69.45000,29.70000
0.01000,-0.19000,-1.25000,0.00000,0.00000,0.00000,-0.00000,-69.43000,29.69000
0.01000,-0.19000,-1.25000,0.00000,0.00000,0.00000,-0.00000,-69.43000,29.69000
0.01000,-0.19000,-1.25000,0.00000,0.00000,0.00000,-0.00000,-69.42000,29.68000
0.01000,-0.19000,-1.25000,0.00000,0.00000,0.00000,-0.00000,-69.42000,29.68000
0.01000,-0.19000,-1.25000,0.00000,0.00000,0.00000,-0.00000,-69.41000,29.66000
0.01000,-0.19000,-1.25000,0.00000,0.00000,0.00000,-0.00000,-69.41000,29.66000
0.01000,-0.19000,-1.25000,0.00000,0.00000,0.00000,-0.00000,-69.39000,29.65000
0.01000,-0.19000,-1.25000,0.00000,0.00000,0.00000,-0.00000,-69.39000,29.65000
0.01000,-0.19000,-1.25000,0.00000,0.00000,0.00000,-0.00000,-69.38000,29.64000
0.01000,-0.19000,-1.25000,0.00000,0.00000,0.00000,-0.00000,-69.38000,29.64000
0.01000,-0.19000,-1.25000,0.00000,0.00000,0.00000,-0.00000,-69.37000,29.62000
0.01000,-0.19000,-1.25000,0.00000,0.00000,0.00000,-0.00000,-69.37000,29.62000
0.01000,-0.19000,-1.25000,0.00000,0.00000,0.00000,-0.00000,-69.35000,29.61000
0.01000,-0.19000,-1.25000,0.00000,0.00000,0.00000,-0.00000,-69.35000,29.61000
0.01000,-0.19000,-1.25000,0.00000,0.00000,0.00000,-0.00000,-69.34000,29.60000
0.01000,-0.19000,-1.25000,0.00000,0.00000,0.00000,-0.00000,-69.34000,29.60000
0.01000,-0.19000,-1.25000,0.00000,0.00000,0.00000,-0.00000,-69.33000,29.58000
0.01000,-0.19000,-1.25000,0.00000,0.00000,0.00000,-0.00000,-69.33000,29.58000
0.01000,-0.19000,-1.25000,0.00000,0.00000,0.00000,-0.00000,-69.31000,29.57000
0.01000,-0.19000,-1.25000,0.00000,0.00000,0.00000,-0.00000,-69.31000,29.57000
0.01000,-0.19000,-1.25000,0.00000,0.00000,0.00000,-0.00000,-69.30000,29.56000
0.01000,-0.19000,-1.25000,0.00000,0.00000,0.00000,-0.00000,-69.30000,29.56000
0.01000,-0.19000,-1.25000,0.00000,0.00000,0.00000,-0.00000,-69.29000,29.54000
0.01000,-0.19000,-1.25000,0.00000,0.00000,0.00000,-0.00000,-69.29000,29.54000
0.01000,-0.19000,-1.25000,0.00000,0.00000,0.00000,-0.00000,-69.27000,29.53000
0.01000,-0.19000,-1.25000,0.00000,0.00000,0.00000,-0.00000,-69.27000,29.53000
0.01000,-0.19000,-1.25000,0.00000,0.00000,0.00000,-0.00000,-69.26000,29.52000
0.01000,-0.19000,-1.25000,0.00000,0.00000,0.00000,-0.00000,-69.26000,29.52000
0.01000,-0.19000,-1.25000,0.00000,0.00000,0.00000,-0.00000,-69.25000,29.50000
0.01000,-0.19000,-1.25000,0.00000,0.00000,0.00000,-0.00000,-69.25000,29.50000
0.01000,-0.19000,-1.25000,0.00000,0.00000,0.00000,-0.00000,-69.23000,29.49000
0.01000,-0.19000,-1.25000,0.00000,0.00000,0.00000,-0.00000,-69.23000,29.49000
0.01000,-0.19000,-1.25000,0.00000,0.00000,0.00000,-0.00000,-69.22000,29.48000
0.01000,-0.19000,-1.25000,0.00000,0.00000,0.00000,-0.00000,-69.22000,29.48000
0.01000,-0.19000,-1.25000,0.00000,0.00000,0.00000,-0.00000,-69.21000,29.46000
0.01000,-0.19000,-1.25000,0.00000,0.00000,0.00000,-0.00000,-69.21000,29.46000
0.01000,-0.19000,-1.25000,0.00000,0.00000,0.00000,-0.00000,-69.19000,29.45000
0.01000,-0.19000,-1.25000,0.00000,0.00000,0.00000,-0.00000,-69.19000,29.45000
0.01000,-0.19000,-1.25000,0.00000,0.00000,0.00000,-0.00000,-69.18000,29.44000
0.01000,-0.19000,-1.25000,0.00000,0.00000,0.00000,-0.00000,-69.18000,29.44000
0.01000,-0.19000,-1.25000,0.00000,0.00000,0.00000,-0.00000,-69.17000,29.42000
0.01000,-0.19000,-1.25000,0.00000,0.00000,0.00000,-0.00000,-69.17000,29.42000
0.01000,-0.19000,-1.25000,0.00000,0.00000,0.00000,-0.00000,-69.15000,29.41000
0.01000,-0.19000,-1.25000,0.00000,0.00000,0.00000,-0.00000,-69.15000,29.41000
0.01000,-0.19000,-1.25000,0.00000,0.00000,0.00000,-0.00000,-69.14000,29.40000
0.01000,-0.19000,-1.25000,0.00000,0.00000,0.00000,-0.00000,-69.14000,29.40000
0.01000,-0.19000,-1.25000,0.00000,0.00000,0.00000,-0.00000,-69.13000,29.38000
0.01000,-0.19000,-1.25000,0.00000,0.00000,0.00000,-0.00000,-69.13000,29.38000
0.01000,-0.19000,-1.25000,0.00000,0.00000,0.00000,-0.00000,-69.11000,29.37000
0.01000,-0.19000,-1.25000,0.00000,0.00000,0.00000,-0.00000,-69.11000,29.37000
0.01000,-0.19000,-1.25000,0.00000,0.00000,0.00000,-0.00000,-69.10000,29.36000
0.01000,-0.19000,-1.25000,0.00000,0.00000,0.00000,-0.00000,-69.10000,29.36000
0.01000,-0.19000,-1.25000,0.00000,0.00000,0.00000,-0.00000,-69.09000,29.35000
0.01000,-0.19000,-1.25000,0.00000,0.00000,0.00000,-0.00000,-69.09000,29.35000
0.01000,-0.19000,-1.25000,0.00000,0.00000,0.00000,-0.00000,-69.07000,29.33000
0.01000,-0.19000,-1.25000,0.00000,0.00000,0.00000,-0.00000,-69.07000,29.33000
0.01000,-0.19000,-1.25000,0.00000,0.00000,0.00000,-0.00000,-69.06000,29.32000
0.01000,-0.19000,-1.25000,0.00000,0.00000,0.00000,-0.00000,-69.06000,29.32000
0.01000,-0.19000,-1.25000,0.00000,0.00000,0.00000,-0.00000,-69.04000,29.31000
0.01000,-0.19000,-1.25000,0.00000,0.00000,0.00000,-0.00000,-69.04000,29.31000
0.01000,-0.19000,-1.25000,0.00000,0.00000,0.00000,-0.00000,-69.03000,29.29000
0.01000,-0.19000,-1.25000,0.00000,0.00000,0.00000,-0.00000,-69.03000,29.29000
0.01000,-0.19000,-1.25000,0.00000,0.00000,0.00000,-0.00000,-69.02000,29.28000
0.01000,-0.19000,-1.25000,0.00000,0.00000,0.00000,-0.00000,-69.02000,29.28000
0.01000,-0.19000,-1.25000,0.00000,0.00000,0.00000,-0.00000,-69.00000,29.27000
0.01000,-0.19000,-1.25000,0.00000,0.00000,0.00000,-0.00000,-69.00000,29.27000
0.01000,-0.19000,-1.25000,0.00000,0.00000,0.00000,-0.00000,-68.99000,29.25000
0.01000,-0.19000,-1.25000,0.00000,0.00000,0.00000,-0.00000,-68.99000,29.25000
0.01000,-0.19000,-1.25000,0.00000,0.00000,0.00000,-0.00000,-68.98000,29.24000
0.01000,-0.19000,-1.25000,0.00000,0.00000,0.00000,-0.00000,-68.98000,29.24000
0.01000,-0.19000,-1.25000,0.00000,0.00000,0.00000,-0.00000,-68.96000,29.23000
0.01000,-0.19000,-1.25000,0.00000,0.00000,0.00000,-0.00000,-68.96000,29.23000
0.01000,-0.19000,-1.25000,0.00000,0.00000,0.00000,-0.00000,-68.95000,29.21000
0.01000,-0.19000,-1.25000,0.00000,0.00000,0.00000,-0.00000,-68.95000,29.21000
0.01000,-0.19000,-1.25000,0.00000,0.00000,0.00000,-0.00000,-68.94000,29.20000
0.01000,-0.19000,-1.25000,0.00000,0.00000,0.00000,-0.00000,-68.94000,29.20000
0.01000,-0.19000,-1.25000,0.00000,0.00000,0.00000,-0.00000,-68.92000,29.19000
0.01000,-0.19000,-1.25000,0.00000,0.00000,0.00000,-0.00000,-68.92000,29.19000
0.01000,-0.19000,-1.25000,0.00000,0.00000,0.00000,-0.00000,-68.91000,29.17000
0.01000,-0.19000,-1.25000,0.00000,0.00000,0.00000,-0.00000,-68.91000,29.17000
0.01000,-0.19000,-1.25000,0.00000,0.00000,0.00000,-0.00000,-68.90000,29.16000
0.01000,-0.19000,-1.25000,0.00000,0.00000,0.00000,-0.00000,-68.90000,29.16000
0.01000,-0.19000,-1.25000,0.00000,0.00000,0.00000,-0.00000,-68.88000,29.15000
0.01000,-0.19000,-1.25000,0.00000,0.00000,0.00000,-0.00000,-68.88000,29.15000
0.01000,-0.19000,-1.25000,0.00000,0.00000,0.00000,-0.00000,-68.87000,29.13000
0.01000,-0.19000,-1.25000,0.00000,0.00000,0.00000,-0.00000,-68.87000,29.13000
0.01000,-0.19000,-1.25000,0.00000,0.00000,0.00000,-0.00000,-68.86000,29.12000
0.01000,-0.19000,-1.25000,0.00000,0.00000,0.00000,-0.00000,-68.86000,29.12000
0.01000,-0.19000,-1.25000,0.00000,0.00000,0.00000,-0.00000,-68.84000,29.11000
0.01000,-0.19000,-1.25000,0.00000,0.00000,0.00000,-0.00000,-68.84000,29.11000
0.01000,-0.19000,-1.25000,0.00000,0.00000,0.00000,-0.00000,-68.83000,29.09000
0.01000,-0.19000,-1.25000,0.00000,0.00000,0.00000,-0.00000,-68.83000,29.09000
0.01000,-0.19000,-1.25000,0.00000,0.00000,0.00000,-0.00000,-68.82000,29.08000
0.01000,-0.19000,-1.25000,0.00000,0.00000,0.00000,-0.00000,-68.82000,29.08000
0.01000,-0.19000,-1.25000,0.00000,0.00000,0.00000,-0.00000,-68.80000,29.07000
0.01000,-0.19000,-1.25000,0.00000,0.00000,0.00000,-0.00000,-68.80000,29.07000
0.01000,-0.19000,-1.25000,0.00000,0.00000,0.00000,-0.00000,-68.79000,29.05000
0.01000,-0.19000,-1.25000,0.00000,0.00000,0.00000,-0.00000,-68.79000,29.05000
0.01000,-0.19000,-1.25000,0.00000,0.00000,0.00000,-0.00000,-68.78000,29.04000
0.01000,-0.19000,-1.25000,0.00000,0.00000,0.00000,-0.00000,-68.78000,29.04000
0.01000,-0.19000,-1.25000,0.00000,0.00000,0.00000,-0.00000,-68.76000,29.03000
0.01000,-0.19000,-1.25000,0.00000,0.00000,0.00000,-0.00000,-68.76000,29.03000
0.01000,-0.19000,-1.25000,0.00000,0.00000,0.00000,-0.00000,-68.75000,29.01000
0.01000,-0.19000,-1.25000,0.00000,0.00000,0.00000,-0.00000,-68.75000,29.01000
0.01000,-0.19000,-1.25000,0.00000,0.00000,0.00000,-0.00000,-68.74000,29.00000
0.01000,-0.19000,-1.25000,0.00000,0.00000,0.00000,-0.00000,-68.74000,29.00000
0.01000,-0.19000,-1.25000,0.00000,0.00000,0.00000,-0.00000,-68.72000,28.99000
0.01000,-0.19000,-1.25000,0.00000,0.00000,0.00000,-0.00000,-68.72000,28.99000
0.01000,-0.19000,-1.25000,0.00000,0.00000,0.00000,-0.00000,-68.71000,28.97000
0.01000,-0.19000,-1.25000,0.00000,0.00000,0.00000,-0.00000,-68.71000,28.97000
0.01000,-0.19000,-1.25000,0.00000,0.00000,0.00000,-0.00000,-68.70000,28.96000
0.01000,-0.19000,-1.25000,0.00000,0.00000,0.00000,-0.00000,-68.70000,28.96000
0.01000,-0.19000,-1.25000,0.00000,0.00000,0.00000,-0.00000,-68.68000,28.95000
0.01000,-0.19000,-1.25000,0.00000,0.00000,0.00000,-0.00000,-68.68000,28.95000
0.01000,-0.19000,-1.25000,0.00000,0.00000,0.00000,-0.00000,-68.67000,28.93000
0.01000,-0.19000,-1.25000,0.00000,0.00000,0.00000,-0.00000,-68.67000,28.93000
0.01000,-0.19000,-1.25000,0.00000,0.00000,0.00000,-0.00000,-68.66000,28.92000
0.01000,-0.19000,-1.25000,0.00000,0.00000,0.00000,-0.00000,-68.66000,28.92000
0.01000,-0.19000,-1.25000,0.00000,0.00000,0.00000,-0.00000,-68.64000,28.91000
0.01000,-0.19000,-1.25000,0.00000,0.00000,0.00000,-0.00000,-68.64000,28.91000
0.01000,-0.19000,-1.25000,0.00000,0.00000,0.00000,-0.00000,-68.63000,28.89000
0.01000,-0.19000,-1.25000,0.00000,0.00000,0.00000,-0.00000,-68.63000,28.89000
0.01000,-0.19000,-1.25000,0.00000,0.00000,0.00000,-0.00000,-68.62000,28.88000
0.01000,-0.19000,-1.25000,0.00000,0.00000,0.00000,-0.00000,-68.62000,28.88000
0.01000,-0.19000,-1.25000,0.00000,0.00000,0.00000,-0.00000,-68.60000,28.87000
0.01000,-0.19000,-1.25000,0.00000,0.00000,0.00000,-0.00000,-68.60000,28.87000
0.01000,-0.19000,-1.25000,0.00000,0.00000,0.00000,-0.00000,-68.59000,28.85000
0.01000,-0.19000,-1.25000,0.00000,0.00000,0.00000,-0.00000,-68.59000,28.85000
0.01000,-0.19000,-1.25000,0.00000,0.00000,0.00000,-0.00000,-68.58000,28.84000
0.01000,-0.19000,-1.25000,0.00000,0.00000,0.00000,-0.00000,-68.58000,28.84000
0.01000,-0.19000,-1.25000,0.00000,0.00000,0.00000,-0.00000,-68.56000,28.83000
0.01000,-0.19000,-1.25000,0.00000,0.00000,0.00000,-0.00000,-68.56000,28.83000
0.01000,-0.19000,-1.25000,0.00000,0.00000,0.00000,-0.00000,-68.55000,28.81000
0.01000,-0.19000,-1.25000,0.00000,0.00000,0.00000,-0.00000,-68.55000,28.81000
0.01000,-0.19000,-1.25000,0.00000,0.00000,0.00000,-0.00000,-68.54000,28.80000
0.01000,-0.19000,-1.25000,0.00000,0.00000,0.00000,-0.00000,-68.54000,28.80000
0.01000,-0.19000,-1.25000,0.00000,0.00000,0.00000,-0.00000,-68.52000,28.79000
0.01000,-0.19000,-1.25000,0.00000,0.00000,0.00000,-0.00000,-68.52000,28.79000
0.01000,-0.19000,-1.25000,0.00000,0.00000,0.00000,-0.00000,-68.51000,28.77000
0.01000,-0.19000,-1.25000,0.00000,0.00000,0.00000,-0.00000,-68.51000,28.77000
0.01000,-0.19000,-1.25000,0.00000,0.00000,0.00000,-0.00000,-68.50000,28.76000
0.01000,-0.19000,-1.25000,0.00000,0.00000,0.00000,-0.00000,-68.50000,28.76000
0.01000,-0.19000,-1.25000,0.00000,0.00000,0.00000,-0.00000,-68.48000,28.75000
0.01000,-0.19000,-1.25000,0.00000,0.00000,0.00000,-0.00000,-68.48000,28.75000
0.01000,-0.19000,-1.25000,0.00000,0.00000,0.00000,-0.00000,-68.47000,28.73000
0.01000,-0.19000,-1.25000,0.00000,0.00000,0.00000,-0.00000,-68.47000,28.73000
0.01000,-0.19000,-1.25000,0.00000,0.00000,0.00000,-0.00000,-68.46000,28.72000
0.01000,-0.19000,-1.25000,0.00000,0.00000,0.00000,-0.00000,-68.46000,28.72000
0.01000,-0.19000,-1.25000,0.00000,0.00000,0.00000,-0.00000,-68.44000,28.71000
0.01000,-0.19000,-1.25000,0.00000,0.00000,0.00000,-0.00000,-68.44000,28.71000
0.01000,-0.19000,-1.25000,0.00000,0.00000,0.00000,-0.00000,-68.43000,28.69000
0.01000,-0.19000,-1.25000,0.00000,0.00000,0.00000,-0.00000,-68.43000,28.69000
0.01000,-0.19000,-1.25000,0.00000,0.00000,0.00000,-0.00000,-68.42000,28.68000
0.01000,-0.19000,-1.25000,0.00000,0.00000,0.00000,-0.00000,-68.42000,28.68000
0.01000,-0.19000,-1.25000,0.00000,0.00000,0.00000,-0.00000,-68.40000,28.67000
0.01000,-0.19000,-1.25000,0.00000,0.00000,0.00000,-0.00000,-68.40000,28.67000
0.01000,-0.19000,-1.25000,0.00000,0.00000,0.00000,-0.00000,-68.39000,28.65000
0.01000,-0.19000,-1.25000,0.00000,0.00000,0.00000,-0.00000,-68.39000,28.65000
0.01000,-0.19000,-1.25000,0.00000,0.00000,0.00000,-0.00000,-68.37000,28.64000
0.01000,-0.19000,-1.25000,0.00000,0.00000,0.00000,-0.00000,-68.37000,28.64000
0.01000,-0.19000,-1.25000,0.00000,0.00000,0.00000,-0.00000,-68.36000,28.63000
0.01000,-0.19000,-1.25000,0.00000,0.00000,0.00000,-0.00000,-68.36000,28.63000
0.01000,-0.19000,-1.25000,0.00000,0.00000,0.00000,-0.00000,-68.35000,28.61000
0.01000,-0.19000,-1.25000,0.00000,0.00000,0.00000,-0.00000,-68.35000,28.61000
0.01000,-0.19000,-1.25000,0.00000,0.00000,0.00000,-0.00000,-68.33000,28.60000
0.01000,-0.19000,-1.25000,0.00000,0.00000,0.00000,-0.00000,-68.33000,28.60000
0.01000,-0.19000,-1.25000,0.00000,0.00000,0.00000,-0.00000,-68.32000,28.59000
0.01000,-0.19000,-1.25000,0.00000,0.00000,0.00000,-0.00000,-68.32000,28.59000
0.01000,-0.19000,-1.25000,0.00000,0.00000,0.00000,-0.00000,-68.31000,28.57000
0.01000,-0.19000,-1.25000,0.00000,0.00000,0.00000,-0.00000,-68.31000,28.57000
0.01000,-0.19000,-1.25000,0.00000,0.00000,0.00000,-0.00000,-68.29000,28.56000
0.01000,-0.19000,-1.25000,0.00000,0.00000,0.00000,-0.00000,-68.29000,28.56000
0.01000,-0.19000,-1.25000,0.00000,0.00000,0.00000,-0.00000,-68.28000,28.55000
0.01000,-0.19000,-1.25000,0.00000,0.00000,0.00000,-0.00000,-68.28000,28.55000
0.01000,-0.19000,-1.25000,0.00000,0.00000,0.00000,-0.00000,-68.27000,28.53000
0.01000,-0.19000,-1.25000,0.00000,0.00000,0.00000,-0.00000,-68.27000,28.53000
0.01000,-0.19000,-1.25000,0.00000,0.00000,0.00000,-0.00000,-68.25000,28.52000
0.01000,-0.19000,-1.25000,0.00000,0.00000,0.00000,-0.00000,-68.25000,28.52000
0.01000,-0.19000,-1.25000,0.00000,0.00000,0.00000,-0.00000,-68.24000,28.51000
0.01000,-0.19000,-1.25000,0.00000,0.00000,0.00000,-0.00000,-68.24000,28.51000
0.01000,-0.19000,-1.25000,0.00000,0.00000,0.00000,-0.00000,-68.23000,28.49000
0.01000,-0.19000,-1.25000,0.00000,0.00000,0.00000,-0.00000,-68.23000,28.49000
0.01000,-0.19000,-1.25000,0.00000,0.00000,0.00000,-0.00000,-68.21000,28.48000
0.01000,-0.19000,-1.25000,0.00000,0.00000,0.00000,-0.00000,-68.21000,28.48000
0.01000,-0.19000,-1.25000,0.00000,0.00000,0.00000,-0.00000,-68.20000,28.47000
0.01000,-0.19000,-1.25000,0.00000,0.00000,0.00000,-0.00000,-68.20000,28.47000
0.01000,-0.19000,-1.25000,0.00000,0.00000,0.00000,-0.00000,-68.19000,28.46000
0.01000,-0.19000,-1.25000,0.00000,0.00000,0.00000,-0.00000,-68.19000,28.46000
0.01000,-0.19000,-1.25000,0.00000,0.00000,0.00000,-0.00000,-68.17000,28.44000
0.01000,-0.19000,-1.25000,0.00000,0.00000,0.00000,-0.00000,-68.17000,28.44000
0.01000,-0.19000,-1.25000,0.00000,0.00000,0.00000,-0.00000,-68.16000,28.43000
0.01000,-0.19000,-1.25000,0.00000,0.00000,0.00000,-0.00000,-68.16000,28.43000
0.01000,-0.19000,-1.25000,0.00000,0.00000,0.00000,-0.00000,-68.15000,28.42000
0.01000,-0.19000,-1.25000,0.00000,0.00000,0.00000,-0.00000,-68.15000,28.42000
0.01000,-0.19000,-1.25000,0.00000,0.00000,0.00000,-0.00000,-68.13000,28.40000
0.01000,-0.19000,-1.25000,0.00000,0.00000,0.00000,-0.00000,-68.13000,28.40000
0.01000,-0.19000,-1.25000,0.00000,0.00000,0.00000,-0.00000,-68.12000,28.39000
0.01000,-0.19000,-1.25000,0.00000,0.00000,0.00000,-0.00000,-68.12000,28.39000
0.01000,-0.19000,-1.25000,0.00000,0.00000,0.00000,-0.00000,-68.11000,28.38000
0.01000,-0.19000,-1.25000,0.00000,0.00000,0.00000,-0.00000,-68.11000,28.38000
0.01000,-0.19000,-1.25000,0.00000,0.00000,0.00000,-0.00000,-68.09000,28.36000
0.01000,-0.19000,-1.25000,0.00000,0.00000,0.00000,-0.00000,-68.09000,28.36000
0.01000,-0.19000,-1.25000,0.00000,0.00000,0.00000,-0.00000,-68.08000,28.35000
0.01000,-0.19000,-1.25000,0.00000,0.00000,0.00000,-0.00000,-68.08000,28.35000
0.01000,-0.19000,-1.25000,0.00000,0.00000,0.00000,-0.00000,-68.07000,28.34000
0.01000,-0.19000,-1.25000,0.00000,0.00000,0.00000,-0.00000,-68.07000,28.34000
0.01000,-0.19000,-1.25000,0.00000,0.00000,0.00000,-0.00000,-68.05000,28.32000
0.01000,-0.19000,-1.25000,0.00000,0.00000,0.00000,-0.00000,-68.05000,28.32000
0.01000,-0.19000,-1.25000,0.00000,0.00000,0.00000,-0.00000,-68.04000,28.31000
0.01000,-0.19000,-1.25000,0.00000,0.00000,0.00000,-0.00000,-68.04000,28.31000
0.01000,-0.19000,-1.25000,0.00000,0.00000,0.00000,-0.00000,-68.03000,28.30000
0.01000,-0.19000,-1.25000,0.00000,0.00000,0.00000,-0.00000,-68.03000,28.30000
0.01000,-0.19000,-1.25000,0.00000,0.00000,0.00000,-0.00000,-68.01000,28.28000
0.01000,-0.19000,-1.25000,0.00000,0.00000,0.00000,-0.00000,-68.01000,28.28000
0.01000,-0.19000,-1.25000,0.00000,0.00000,0.00000,-0.00000,-68.00000,28.27000
0.01000,-0.19000,-1.25000,0.00000,0.00000,0.00000,-0.00000,-68.00000,28.27000
0.01000,-0.19000,-1.25000,0.00000,0.00000,0.00000,-0.00000,-67.99000,28.26000
0.01000,-0.19000,-1.25000,0.00000,0.00000,0.00000,-0.00000,-67.99000,28.26000
0.01000,-0.19000,-1.25000,0.00000,0.00000,0.00000,-0.00000,-67.97000,28.24000
0.01000,-0.19000,-1.25000,0.00000,0.00000,0.00000,-0.00000,-67.97000,28.24000
0.01000,-0.19000,-1.25000,0.00000,0.00000,0.00000,-0.00000,-67.96000,28.23000
0.01000,-0.19000,-1.25000,0.00000,0.00000,0.00000,-0.00000,-67.96000,28.23000
0.01000,-0.19000,-1.25000,0.00000,0.00000,0.00000,-0.00000,-67.95000,28.22000
0.01000,-0.19000,-1.25000,0.00000,0.00000,0.00000,-0.00000,-67.95000,28.22000
0.01000,-0.19000,-1.25000,0.00000,0.00000,0.00000,-0.00000,-67.93000,28.20000
0.01000,-0.19000,-1.25000,0.00000,0.00000,0.00000,-0.00000,-67.93000,28.20000
0.01000,-0.19000,-1.25000,0.00000,0.00000,0.00000,-0.00000,-67.92000,28.19000
0.01000,-0.19000,-1.25000,0.00000,0.00000,0.00000,-0.00000,-67.92000,28.19000
0.01000,-0.19000,-1.25000,0.00000,0.00000,0.00000,-0.00000,-67.91000,28.18000
0.01000,-0.19000,-1.25000,0.00000,0.00000,0.00000,-0.00000,-67.91000,28.18000
0.01000,-0.19000,-1.25000,0.00000,0.00000,0.00000,-0.00000,-67.89000,28.16000
0.01000,-0.19000,-1.25000,0.00000,0.00000,0.00000,-0.00000,-67.89000,28.16000
0.01000,-0.19000,-1.25000,0.00000,0.00000,0.00000,-0.00000,-67.88000,28.15000
0.01000,-0.19000,-1.25000,0.00000,0.00000,0.00000,-0.00000,-67.88000,28.15000
0.01000,-0.19000,-1.25000,0.00000,0.00000,0.00000,-0.00000,-67.87000,28.14000
0.01000,-0.19000,-1.25000,0.00000,0.00000,0.00000,-0.00000,-67.87000,28.14000
0.01000,-0.19000,-1.25000,0.00000,0.00000,0.00000,-0.00000,-67.85000,28.12000
0.01000,-0.19000,-1.25000,0.00000,0.00000,0.00000,-0.00000,-67.85000,28.12000
0.01000,-0.19000,-1.25000,0.00000,0.00000,0.00000,-0.00000,-67.84000,28.11000
0.01000,-0.19000,-1.25000,0.00000,0.00000,0.00000,-0.00000,-67.84000,28.11000
0.01000,-0.19000,-1.25000,0.00000,0.00000,0.00000,-0.00000,-67.83000,28.10000
0.01000,-0.19000,-1.25000,0.00000,0.00000,0.00000,-0.00000,-67.83000,28.10000
0.01000,-0.19000,-1.25000,0.00000,0.00000,0.00000,-0.00000,-67.81000,28.08000
0.01000,-0.19000,-1.25000,0.00000,0.00000,0.00000,-0.00000,-67.81000,28.08000
0.01000,-0.19000,-1.25000,0.00000,0.00000,0.00000,-0.00000,-67.80000,28.07000
0.01000,-0.19000,-1.25000,0.00000,0.00000,0.00000,-0.00000,-67.80000,28.07000
0.01000,-0.19000,-1.25000,0.00000,0.00000,0.00000,-0.00000,-67.79000,28.06000
0.01000,-0.19000,-1.25000,0.00000,0.00000,0.00000,-0.00000,-67.79000,28.06000
0.01000,-0.19000,-1.25000,0.00000,0.00000,0.00000,-0.00000,-67.77000,28.04000
0.01000,-0.19000,-1.25000,0.00000,0.00000,0.00000,-0.00000,-67.77000,28.04000
0.01000,-0.19000,-1.25000,0.00000,0.00000,0.00000,-0.00000,-67.76000,28.03000
0.01000,-0.19000,-1.25000,0.00000,0.00000,0.00000,-0.00000,-67.76000,28.03000
0.01000,-0.19000,-1.25000,0.00000,0.00000,0.00000,-0.00000,-67.75000,28.02000
0.01000,-0.19000,-1.25000,0.00000,0.00000,0.00000,-0.00000,-67.75000,28.02000
0.01000,-0.19000,-1.25000,0.00000,0.00000,0.00000,-0.00000,-67.73000,28.00000
0.01000,-0.19000,-1.25000,0.00000,0.00000,0.00000,-0.00000,-67.73000,28.00000
0.01000,-0.19000,-1.25000,0.00000,0.00000,0.00000,-0.00000,-67.72000,27.99000
0.01000,-0.19000,-1.25000,0.00000,0.00000,0.00000,-0.00000,-67.72000,27.99000
0.01000,-0.19000,-1.25000,0.00000,0.00000,0.00000,-0.00000,-67.71000,27.98000
0.01000,-0.19000,-1.25000,0.00000,0.00000,0.00000,-0.00000,-67.71000,27.98000
0.01000,-0.19000,-1.25000,0.00000,0.00000,0.00000,-0.00000,-67.69000,27.96000
0.01000,-0.19000,-1.25000,0.00000,0.00000,0.00000,-0.00000,-67.69000,27.96000
0.01000,-0.19000,-1.25000,0.00000,0.00000,0.00000,-0.00000,-67.68000,27.95000
0.01000,-0.19000,-1.25000,0.00000,0.00000,0.00000,-0.00000,-67.68000,27.95000
0.01000,-0.19000,-1.25000,0.00000,0.00000,0.00000,-0.00000,-67.66000,27.94000
0.01000,-0.19000,-1.25000,0.00000,0.00000,0.00000,-0.00000,-67.66000,27.94000
0.01000,-0.19000,-1.25000,0.00000,0.00000,0.00000,-0.00000,-67.65000,27.92000
0.01000,-0.19000,-1.25000,0.00000,0.00000,0.00000,-0.00000,-67.65000,27.92000
0.01000,-0.19000,-1.25000,0.00000,0.00000,0.00000,-0.00000,-67.64000,27.91000
0.01000,-0.19000,-1.25000,0.00000,0.00000,0.00000,-0.00000,-67.64000,27.91000
0.01000,-0.19000,-1.25000,0.00000,0.00000,0.00000,-0.00000,-67.62000,27.90000
0.01000,-0.19000,-1.25000,0.00000,0.00000,0.00000,-0.00000,-67.62000,27.90000
0.01000,-0.19000,-1.25000,0.00000,0.00000,0.00000,-0.00000,-67.61000,27.88000
0.01000,-0.19000,-1.25000,0.00000,0.00000,0.00000,-0.00000,-67.61000,27.88000
0.01000,-0.19000,-1.25000,0.00000,0.00000,0.00000,-0.00000,-67.60000,27.87000
0.01000,-0.19000,-1.25000,0.00000,0.00000,0.00000,-0.00000,-67.60000,27.87000
0.01000,-0.19000,-1.25000,0.00000,0.00000,0.00000,-0.00000,-67.58000,27.86000
0.01000,-0.19000,-1.25000,0.00000,0.00000,0.00000,-0.00000,-67.58000,27.86000
0.01000,-0.19000,-1.25000,0.00000,0.00000,0.00000,-0.00000,-67.57000,27.84000
0.01000,-0.19000,-1.25000,0.00000,0.00000,0.00000,-0.00000,-67.57000,27.84000
0.01000,-0.19000,-1.25000,0.00000,0.00000,0.00000,-0.00000,-67.56000,27.83000
0.01000,-0.19000,-1.25000,0.00000,0.00000,0.00000,-0.00000,-67.56000,27.83000
0.01000,-0.19000,-1.25000,0.00000,0.00000,0.00000,-0.00000,-67.54000,27.82000
0.01000,-0.19000,-1.25000,0.00000,0.00000,0.00000,-0.00000,-67.54000,27.82000
0.01000,-0.19000,-1.25000,0.00000,0.00000,0.00000,-0.00000,-67.53000,27.80000
0.01000,-0.19000,-1.25000,0.00000,0.00000,0.00000,-0.00000,-67.53000,27.80000
0.01000,-0.19000,-1.25000,0.00000,0.00000,0.00000,-0.00000,-67.52000,27.79000
0.01000,-0.19000,-1.25000,0.00000,0.00000,0.00000,-0.00000,-67.52000,27.79000
0.01000,-0.19000,-1.25000,0.00000,0.00000,0.00000,-0.00000,-67.50000,27.78000
0.01000,-0.19000,-1.25000,0.00000,0.00000,0.00000,-0.00000,-67.50000,27.78000
0.01000,-0.19000,-1.25000,0.00000,0.00000,0.00000,-0.00000,-67.49000,27.76000
0.01000,-0.19000,-1.25000,0.00000,0.00000,0.00000,-0.00000,-67.49000,27.76000
0.01000,-0.19000,-1.25000,0.00000,0.00000,0.00000,-0.00000,-67.48000,27.75000
0.01000,-0.19000,-1.25000,0.00000,0.00000,0.00000,-0.00000,-67.48000,27.75000
0.01000,-0.19000,-1.25000,0.00000,0.00000,0.00000,-0.00000,-67.46000,27.74000
0.01000,-0.19000,-1.25000,0.00000,0.00000,0.00000,-0.00000,-67.46000,27.74000
0.01000,-0.19000,-1.25000,0.00000,0.00000,0.00000,-0.00000,-67.45000,27.72000
0.01000,-0.19000,-1.25000,0.00000,0.00000,0.00000,-0.00000,-67.45000,27.72000
0.01000,-0.19000,-1.25000,0.00000,0.00000,0.00000,-0.00000,-67.44000,27.71000
0.01000,-0.19000,-1.25000,0.00000,0.00000,0.00000,-0.00000,-67.44000,27.71000
0.01000,-0.19000,-1.25000,0.00000,0.00000,0.00000,-0.00000,-67.42000,27.70000
0.01000,-0.19000,-1.25000,0.00000,0.00000,0.00000,-0.00000,-67.42000,27.70000
0.01000,-0.19000,-1.25000,0.00000,0.00000,0.00000,-0.00000,-67.41000,27.68000
0.01000,-0.19000,-1.25000,0.00000,0.00000,0.00000,-0.00000,-67.41000,27.68000
0.01000,-0.19000,-1.25000,0.00000,0.00000,0.00000,-0.00000,-67.40000,27.67000
0.01000,-0.19000,-1.25000,0.00000,0.00000,0.00000,-0.00000,-67.40000,27.67000
0.01000,-0.19000,-1.25000,0.00000,0.00000,0.00000,-0.00000,-67.38000,27.66000
0.01000,-0.19000,-1.25000,0.00000,0.00000,0.00000,-0.00000,-67.38000,27.66000
0.01000,-0.19000,-1.25000,0.00000,0.00000,0.00000,-0.00000,-67.37000,27.64000
0.01000,-0.19000,-1.25000,0.00000,0.00000,0.00000,-0.00000,-67.37000,27.64000
0.01000,-0.19000,-1.25000,0.00000,0.00000,0.00000,-0.00000,-67.36000,27.63000
0.01000,-0.19000,-1.25000,0.00000,0.00000,0.00000,-0.00000,-67.36000,27.63000
0.01000,-0.19000,-1.25000,0.00000,0.00000,0.00000,-0.00000,-67.34000,27.62000
0.01000,-0.19000,-1.25000,0.00000,0.00000,0.00000,-0.00000,-67.34000,27.62000
0.01000,-0.19000,-1.25000,0.00000,0.00000,0.00000,-0.00000,-67.33000,27.60000
0.01000,-0.19000,-1.25000,0.00000,0.00000,0.00000,-0.00000,-67.33000,27.60000
0.01000,-0.19000,-1.25000,0.00000,0.00000,0.00000,-0.00000,-67.32000,27.59000
0.01000,-0.19000,-1.25000,0.00000,0.00000,0.00000,-0.00000,-67.32000,27.59000
0.01000,-0.19000,-1.25000,0.00000,0.00000,0.00000,-0.00000,-67.30000,27.58000
0.01000,-0.19000,-1.25000,0.00000,0.00000,0.00000,-0.00000,-67.30000,27.58000
0.01000,-0.19000,-1.25000,0.00000,0.00000,0.00000,-0.00000,-67.29000,27.56000
0.01000,-0.19000,-1.25000,0.00000,0.00000,0.00000,-0.00000,-67.29000,27.56000
0.01000,-0.19000,-1.25000,0.00000,0.00000,0.00000,-0.00000,-67.28000,27.55000
0.01000,-0.19000,-1.25000,0.00000,0.00000,0.00000,-0.00000,-67.28000,27.55000
0.01000,-0.19000,-1.25000,0.00000,0.00000,0.00000,-0.00000,-67.26000,27.54000
0.01000,-0.19000,-1.25000,0.00000,0.00000,0.00000,-0.00000,-67.26000,27.54000
0.01000,-0.19000,-1.25000,0.00000,0.00000,0.00000,-0.00000,-67.25000,27.53000
0.01000,-0.19000,-1.25000,0.00000,0.00000,0.00000,-0.00000,-67.25000,27.53000
0.01000,-0.19000,-1.25000,0.00000,0.00000,0.00000,-0.00000,-67.24000,27.51000
0.01000,-0.19000,-1.25000,0.00000,0.00000,0.00000,-0.00000,-67.24000,27.51000
0.01000,-0.19000,-1.25000,0.00000,0.00000,0.00000,-0.00000,-67.22000,27.50000
0.01000,-0.19000,-1.25000,0.00000,0.00000,0.00000,-0.00000,-67.22000,27.50000
0.01000,-0.19000,-1.25000,0.00000,0.00000,0.00000,-0.00000,-67.21000,27.49000
0.01000,-0.19000,-1.25000,0.00000,0.00000,0.00000,-0.00000,-67.21000,27.49000
0.01000,-0.19000,-1.25000,0.00000,0.00000,0.00000,-0.00000,-67.20000,27.47000
0.01000,-0.19000,-1.25000,0.00000,0.00000,0.00000,-0.00000,-67.20000,27.47000
0.01000,-0.19000,-1.25000,0.00000,0.00000,0.00000,-0.00000,-67.18000,27.46000
0.01000,-0.19000,-1.25000,0.00000,0.00000,0.00000,-0.00000,-67.18000,27.46000
0.01000,-0.19000,-1.25000,0.00000,0.00000,0.00000,-0.00000,-67.17000,27.45000
0.01000,-0.19000,-1.25000,0.00000,0.00000,0.00000,-0.00000,-67.17000,27.45000
0.01000,-0.19000,-1.25000,0.00000,0.00000,0.00000,-0.00000,-67.16000,27.43000
0.01000,-0.19000,-1.25000,0.00000,0.00000,0.00000,-0.00000,-67.16000,27.43000
0.01000,-0.19000,-1.25000,0.00000,0.00000,0.00000,-0.00000,-67.14000,27.42000
0.01000,-0.19000,-1.25000,0.00000,0.00000,0.00000,-0.00000,-67.14000,27.42000
0.01000,-0.19000,-1.25000,0.00000,0.00000,0.00000,-0.00000,-67.13000,27.41000
0.01000,-0.19000,-1.25000,0.00000,0.00000,0.00000,-0.00000,-67.13000,27.41000
0.01000,-0.19000,-1.25000,0.00000,0.00000,0.00000,-0.00000,-67.12000,27.39000
0.01000,-0.19000,-1.25000,0.00000,0.00000,0.00000,-0.00000,-67.12000,27.39000
0.01000,-0.19000,-1.25000,0.00000,0.00000,0.00000,-0.00000,-67.10000,27.38000
0.01000,-0.19000,-1.25000,0.00000,0.00000,0.00000,-0.00000,-67.10000,27.38000
0.01000,-0.19000,-1.25000,0.00000,0.00000,0.00000,-0.00000,-67.09000,27.37000
0.01000,-0.19000,-1.25000,0.00000,0.00000,0.00000,-0.00000,-67.09000,27.37000
0.01000,-0.19000,-1.25000,0.00000,0.00000,0.00000,-0.00000,-67.08000,27.35000
0.01000,-0.19000,-1.25000,0.00000,0.00000,0.00000,-0.00000,-67.08000,27.35000
0.01000,-0.19000,-1.25000,0.00000,0.00000,0.00000,-0.00000,-67.06000,27.34000
0.01000,-0.19000,-1.25000,0.00000,0.00000,0.00000,-0.00000,-67.06000,27.34000
0.01000,-0.19000,-1.25000,0.00000,0.00000,0.00000,-0.00000,-67.05000,27.33000
0.01000,-0.19000,-1.25000,0.00000,0.00000,0.00000,-0.00000,-67.05000,27.33000
0.01000,-0.19000,-1.25000,0.00000,0.00000,0.00000,-0.00000,-67.04000,27.31000
0.01000,-0.19000,-1.25000,0.00000,0.00000,0.00000,-0.00000,-67.04000,27.31000
0.01000,-0.19000,-1.25000,0.00000,0.00000,0.00000,-0.00000,-67.02000,27.30000
0.01000,-0.19000,-1.25000,0.00000,0.00000,0.00000,-0.00000,-67.02000,27.30000
0.01000,-0.19000,-1.25000,0.00000,0.00000,0.00000,-0.00000,-67.01000,27.29000
0.01000,-0.19000,-1.25000,0.00000,0.00000,0.00000,-0.00000,-67.01000,27.29000
0.01000,-0.19000,-1.25000,0.00000,0.00000,0.00000,-0.00000,-67.00000,27.27000
0.01000,-0.19000,-1.25000,0.00000,0.00000,0.00000,-0.00000,-67.00000,27.27000
0.01000,-0.19000,-1.25000,0.00000,0.00000,0.00000,-0.00000,-66.98000,27.26000
0.01000,-0.19000,-1.25000,0.00000,0.00000,0.00000,-0.00000,-66.98000,27.26000
0.01000,-0.19000,-1.25000,0.00000,0.00000,0.00000,-0.00000,-66.97000,27.25000
0.01000,-0.19000,-1.25000,0.00000,0.00000,0.00000,-0.00000,-66.97000,27.25000
0.01000,-0.19000,-1.25000,0.00000,0.00000,0.00000,-0.00000,-66.95000,27.23000
0.01000,-0.19000,-1.25000,0.00000,0.00000,0.00000,-0.00000,-66.95000,27.23000
0.01000,-0.19000,-1.25000,0.00000,0.00000,0.00000,-0.00000,-66.94000,27.22000
0.01000,-0.19000,-1.25000,0.00000,0.00000,0.00000,-0.00000,-66.94000,27.22000
0.01000,-0.19000,-1.25000,0.00000,0.00000,0.00000,-0.00000,-66.93000,27.21000
0.01000,-0.19000,-1.25000,0.00000,0.00000,0.00000,-0.00000,-66.93000,27.21000
0.01000,-0.19000,-1.25000,0.00000,0.00000,0.00000,-0.00000,-66.91000,27.19000
0.01000,-0.19000,-1.25000,0.00000,0.00000,0.00000,-0.00000,-66.91000,27.19000
0.01000,-0.19000,-1.25000,0.00000,0.00000,0.00000,-0.00000,-66.90000,27.18000
0.01000,-0.19000,-1.25000,0.00000,0.00000,0.00000,-0.00000,-66.90000,27.18000
0.01000,-0.19000,-1.25000,0.00000,0.00000,0.00000,-0.00000,-66.89000,27.17000
0.01000,-0.19000,-1.25000,0.00000,0.00000,0.00000,-0.00000,-66.89000,27.17000
0.01000,-0.19000,-1.25000,0.00000,0.00000,0.00000,-0.00000,-66.87000,27.15000
0.01000,-0.19000,-1.25000,0.00000,0.00000,0.00000,-0.00000,-66.87000,27.15000
0.01000,-0.19000,-1.25000,0.00000,0.00000,0.00000,-0.00000,-66.86000,27.14000
0.01000,-0.19000,-1.25000,0.00000,0.00000,0.00000,-0.00000,-66.86000,27.14000
0.01000,-0.19000,-1.25000,0.00000,0.00000,0.00000,-0.00000,-66.85000,27.13000
0.01000,-0.19000,-1.25000,0.00000,0.00000,0.00000,-0.00000,-66.85000,27.13000
0.01000,-0.19000,-1.25000,0.00000,0.00000,0.00000,-0.00000,-66.83000,27.11000
0.01000,-0.19000,-1.25000,0.00000,0.00000,0.00000,-0.00000,-66.83000,27.11000
0.01000,-0.19000,-1.25000,0.00000,0.00000,0.00000,-0.00000,-66.82000,27.10000
0.01000,-0.19000,-1.25000,0.00000,0.00000,0.00000,-0.00000,-66.82000,27.10000
0.01000,-0.19000,-1.25000,0.00000,0.00000,0.00000,-0.00000,-66.81000,27.09000
0.01000,-0.19000,-1.25000,0.00000,0.00000,0.00000,-0.00000,-66.81000,27.09000
0.01000,-0.19000,-1.25000,0.00000,0.00000,0.00000,-0.00000,-66.79000,27.07000
0.01000,-0.19000,-1.25000,0.00000,0.00000,0.00000,-0.00000,-66.79000,27.07000
0.01000,-0.19000,-1.25000,0.00000,0.00000,0.00000,-0.00000,-66.78000,27.06000
0.01000,-0.19000,-1.25000,0.00000,0.00000,0.00000,-0.00000,-66.78000,27.06000
0.01000,-0.19000,-1.25000,0.00000,0.00000,0.00000,-0.00000,-66.77000,27.05000
0.01000,-0.19000,-1.25000,0.00000,0.00000,0.00000,-0.00000,-66.77000,27.05000
0.01000,-0.19000,-1.25000,0.00000,0.00000,0.00000,-0.00000,-66.75000,27.03000
0.01000,-0.19000,-1.25000,0.00000,0.00000,0.00000,-0.00000,-66.75000,27.03000
0.01000,-0.19000,-1.25000,0.00000,0.00000,0.00000,-0.00000,-66.74000,27.02000
0.01000,-0.19000,-1.25000,0.00000,0.00000,0.00000,-0.00000,-66.74000,27.02000
0.01000,-0.19000,-1.25000,0.00000,0.00000,0.00000,-0.00000,-66.73000,27.01000
0.01000,-0.19000,-1.25000,0.00000,0.00000,0.00000,-0.00000,-66.73000,27.01000
0.01000,-0.19000,-1.25000,0.00000,0.00000,0.00000,-0.00000,-66.71000,26.99000
0.01000,-0.19000,-1.25000,0.00000,0.00000,0.00000,-0.00000,-66.71000,26.99000
0.01000,-0.19000,-1.25000,0.00000,0.00000,0.00000,-0.00000,-66.70000,26.98000
0.01000,-0.19000,-1.25000,0.00000,0.00000,0.00000,-0.00000,-66.70000,26.98000
0.01000,-0.19000,-1.25000,0.00000,0.00000,0.00000,-0.00000,-66.69000,26.97000
0.01000,-0.19000,-1.25000,0.00000,0.00000,0.00000,-0.00000,-66.69000,26.97000
0.01000,-0.19000,-1.25000,0.00000,0.00000,0.00000,-0.00000,-66.67000,26.95000
0.01000,-0.19000,-1.25000,0.00000,0.00000,0.00000,-0.00000,-66.67000,26.95000
0.01000,-0.19000,-1.25000,0.00000,0.00000,0.00000,-0.00000,-66.66000,26.94000
0.01000,-0.19000,-1.25000,-0.04000,0.00000,0.00000,-0.00000,-66.66000,26.94000
0.01000,-0.19000,-1.26000,-0.42000,0.00000,0.00000,-0.00000,-66.01000,26.92000
0.01000,-0.19000,-1.29000,-1.49000,0.00000,0.01000,-0.01000,-66.01000,26.92000
0.01000,-0.18000,-1.33000,-2.16000,0.00000,0.04000,-0.04000,-43.46000,26.40000
0.01000,-0.18000,-1.36000,-1.79000,0.00000,0.08000,-0.07000,-43.46000,26.40000
0.01000,-0.18000,-1.38000,-1.25000,0.00000,0.11000,-0.11000,-28.81000,25.11000
0.01000,-0.18000,-1.39000,-0.50000,0.00000,0.13000,-0.13000,-28.81000,25.11000
0.01000,-0.18000,-1.39000,0.00000,0.00000,0.15000,-0.14000,-36.21000,23.93000
0.01000,-0.18000,-1.39000,0.00000,0.00000,0.15000,-0.14000,-36.21000,23.93000
0.01000,-0.18000,-1.39000,0.00000,0.00000,0.15000,-0.14000,-39.83000,23.07000
0.01000,-0.18000,-1.39000,0.00000,0.00000,0.15000,-0.14000,-39.83000,23.07000
0.01000,-0.18000,-1.39000,-0.02000,0.00000,0.15000,-0.14000,-38.96000,22.21000
0.01000,-0.18000,-1.39000,0.00000,0.00000,0.15000,-0.14000,-38.96000,22.21000
0.01000,-0.18000,-1.39000,0.00000,0.00000,0.15000,-0.14000,-38.08000,21.34000
0.01000,-0.18000,-1.39000,0.00000,0.00000,0.15000,-0.14000,-38.08000,21.34000
0.01000,-0.18000,-1.39000,0.00000,0.00000,0.15000,-0.14000,-37.21000,20.48000
0.01000,-0.18000,-1.39000,-0.02000,0.00000,0.15000,-0.14000,-37.21000,20.48000
0.01000,-0.18000,-1.39000,-0.02000,0.00000,0.15000,-0.14000,-36.01000,19.61000
0.01000,-0.18000,-1.40000,-0.33000,0.00000,0.15000,-0.14000,-36.01000,19.61000
0.01000,-0.18000,-1.40000,-0.44000,0.00000,0.15000,-0.15000,-30.23000,18.64000
0.01000,-0.18000,-1.41000,-0.46000,0.00000,0.16000,-0.16000,-30.23000,18.64000
0.01000,-0.18000,-1.42000,-0.35000,0.00000,0.17000,-0.17000,-25.15000,17.44000
0.01000,-0.18000,-1.42000,-0.19000,0.00000,0.18000,-0.18000,-25.15000,17.44000
0.01000,-0.18000,-1.43000,-0.23000,0.00000,0.19000,-0.18000,-25.24000,16.25000
0.01000,-0.18000,-1.43000,-0.29000,0.00000,0.19000,-0.19000,-25.24000,16.25000
0.01000,-0.18000,-1.43000,0.00000,0.00000,0.20000,-0.19000,-21.28000,14.98000
0.01000,-0.18000,-1.43000,0.00000,0.00000,0.20000,-0.19000,-21.28000,14.98000
0.01000,-0.18000,-1.43000,0.00000,0.00000,0.20000,-0.19000,-22.71000,13.82000
0.01000,-0.18000,-1.43000,0.00000,0.00000,0.20000,-0.19000,-22.71000,13.82000
0.01000,-0.18000,-1.43000,0.00000,0.00000,0.20000,-0.19000,-21.53000,12.66000
0.01000,-0.18000,-1.43000,0.00000,0.00000,0.20000,-0.19000,-21.53000,12.66000
0.01000,-0.18000,-1.43000,0.00000,0.00000,0.20000,-0.19000,-20.35000,11.50000
0.01000,-0.18000,-1.43000,0.00000,0.00000,0.20000,-0.19000,-20.35000,11.50000
0.01000,-0.18000,-1.43000,0.00000,0.00000,0.20000,-0.19000,-19.17000,10.33000
0.01000,-0.18000,-1.43000,0.00000,0.00000,0.20000,-0.19000,-19.17000,10.33000
0.01000,-0.18000,-1.43000,0.00000,0.00000,0.20000,-0.19000,-17.99000,9.17000
0.01000,-0.18000,-1.43000,0.00000,0.00000,0.20000,-0.19000,-17.99000,9.17000
0.01000,-0.18000,-1.43000,0.00000,0.00000,0.20000,-0.19000,-16.81000,8.01000
0.01000,-0.18000,-1.43000,0.00000,0.00000,0.20000,-0.19000,-16.81000,8.01000
0.01000,-0.18000,-1.43000,0.00000,0.00000,0.20000,-0.19000,-15.63000,6.85000
0.01000,-0.18000,-1.43000,0.00000,0.00000,0.20000,-0.19000,-15.63000,6.85000
0.01000,-0.18000,-1.43000,0.00000,0.00000,0.20000,-0.19000,-14.44000,5.69000
0.01000,-0.18000,-1.43000,0.00000,0.00000,0.20000,-0.19000,-14.44000,5.69000
0.01000,-0.18000,-1.43000,0.00000,0.00000,0.20000,-0.19000,-13.26000,4.53000
0.01000,-0.18000,-1.43000,0.00000,0.00000,0.20000,-0.19000,-13.26000,4.53000
0.01000,-0.18000,-1.43000,0.00000,0.00000,0.20000,-0.19000,-12.08000,3.36000
0.01000,-0.18000,-1.43000,0.00000,0.00000,0.20000,-0.19000,-12.08000,3.36000
0.01000,-0.18000,-1.43000,0.00000,0.00000,0.20000,-0.19000,-10.90000,2.20000
0.01000,-0.18000,-1.43000,0.00000,0.00000,0.20000,-0.19000,-10.90000,2.20000
0.01000,-0.18000,-1.43000,0.00000,0.00000,0.20000,-0.19000,-9.72000,1.04000
0.01000,-0.18000,-1.43000,0.00000,0.00000,0.20000,-0.19000,-9.72000,1.04000
0.01000,-0.18000,-1.43000,0.00000,0.00000,0.20000,-0.19000,-8.54000,-0.12000
0.01000,-0.18000,-1.43000,0.00000,0.00000,0.20000,-0.19000,-8.54000,-0.12000
0.01000,-0.18000,-1.43000,0.00000,0.00000,0.20000,-0.19000,-7.36000,-1.28000
0.01000,-0.18000,-1.43000,0.00000,0.00000,0.20000,-0.19000,-7.36000,-1.28000
0.01000,-0.18000,-1.43000,0.00000,0.00000,0.20000,-0.19000,-6.18000,-2.44000
0.01000,-0.18000,-1.43000,0.00000,0.00000,0.20000,-0.19000,-6.18000,-2.44000
0.01000,-0.18000,-1.43000,0.00000,0.00000,0.20000,-0.19000,-5.00000,-3.61000
0.01000,-0.18000,-1.43000,0.00000,0.00000,0.20000,-0.19000,-5.00000,-3.61000
0.01000,-0.18000,-1.43000,0.00000,0.00000,0.20000,-0.19000,-3.81000,-4.77000
0.01000,-0.18000,-1.43000,0.00000,0.00000,0.20000,-0.19000,-3.81000,-4.77000
0.01000,-0.18000,-1.43000,0.00000,0.00000,0.20000,-0.19000,-2.63000,-5.93000
0.01000,-0.18000,-1.43000,0.00000,0.00000,0.20000,-0.19000,-2.63000,-5.93000
0.01000,-0.18000,-1.43000,0.00000,0.00000,0.20000,-0.19000,-1.45000,-7.09000
0.01000,-0.18000,-1.43000,0.00000,0.00000,0.20000,-0.19000,-1.45000,-7.09000
0.01000,-0.18000,-1.43000,0.00000,0.00000,0.20000,-0.19000,-0.27000,-8.25000
0.01000,-0.18000,-1.43000,0.00000,0.00000,0.20000,-0.19000,-0.27000,-8.25000
0.01000,-0.18000,-1.43000,0.00000,0.00000,0.20000,-0.19000,0.91000,-9.42000
0.01000,-0.18000,-1.43000,0.00000,0.00000,0.20000,-0.19000,0.91000,-9.42000
0.01000,-0.18000,-1.43000,0.00000,0.00000,0.20000,-0.19000,2.09000,-10.58000
0.01000,-0.18000,-1.43000,0.00000,0.00000,0.20000,-0.19000,2.09000,-10.58000
0.01000,-0.18000,-1.43000,0.00000,0.00000,0.20000,-0.19000,3.27000,-11.74000
0.01000,-0.18000,-1.43000,0.00000,0.00000,0.20000,-0.19000,3.27000,-11.74000
0.01000,-0.18000,-1.43000,0.00000,0.00000,0.20000,-0.19000,4.45000,-12.90000
0.01000,-0.18000,-1.43000,0.00000,0.00000,0.20000,-0.19000,4.45000,-12.90000
0.01000,-0.18000,-1.43000,0.00000,0.00000,0.20000,-0.19000,5.63000,-14.06000
0.01000,-0.18000,-1.43000,0.00000,0.00000,0.20000,-0.19000,5.63000,-14.06000
0.01000,-0.18000,-1.43000,0.00000,0.00000,0.20000,-0.19000,6.81000,-15.22000
0.01000,-0.18000,-1.43000,0.00000,0.00000,0.20000,-0.19000,6.81000,-15.22000
0.01000,-0.18000,-1.43000,0.00000,0.00000,0.20000,-0.19000,8.00000,-16.39000
0.01000,-0.18000,-1.43000,0.00000,0.00000,0.20000,-0.19000,8.00000,-16.39000
0.01000,-0.18000,-1.43000,0.00000,0.00000,0.20000,-0.19000,9.18000,-17.55000
0.01000,-0.18000,-1.43000,0.00000,0.00000,0.20000,-0.19000,9.18000,-17.55000
0.01000,-0.18000,-1.43000,0.00000,0.00000,0.20000,-0.19000,10.36000,-18.71000
0.01000,-0.18000,-1.43000,0.00000,0.00000,0.20000,-0.19000,10.36000,-18.71000
0.01000,-0.18000,-1.43000,0.00000,0.00000,0.20000,-0.19000,11.54000,-19.87000
0.01000,-0.18000,-1.43000,0.00000,0.00000,0.20000,-0.19000,11.54000,-19.87000
0.01000,-0.18000,-1.43000,0.00000,0.00000,0.20000,-0.19000,12.72000,-21.03000
0.01000,-0.18000,-1.43000,0.00000,0.00000,0.20000,-0.19000,12.72000,-21.03000
0.01000,-0.18000,-1.43000,0.00000,0.00000,0.20000,-0.19000,13.90000,-22.19000
0.01000,-0.18000,-1.43000,0.00000,0.00000,0.20000,-0.19000,13.90000,-22.19000
0.01000,-0.18000,-1.43000,0.00000,0.00000,0.20000,-0.19000,15.08000,-23.36000
0.01000,-0.18000,-1.43000,0.00000,0.00000,0.20000,-0.19000,15.08000,-23.36000
0.01000,-0.18000,-1.43000,0.00000,0.00000,0.20000,-0.19000,16.26000,-24.52000
0.01000,-0.18000,-1.43000,0.00000,0.00000,0.20000,-0.19000,16.26000,-24.52000
0.01000,-0.18000,-1.43000,0.00000,0.00000,0.20000,-0.19000,17.44000,-25.68000
0.01000,-0.18000,-1.43000,0.00000,0.00000,0.20000,-0.19000,17.44000,-25.68000
0.01000,-0.18000,-1.43000,0.02000,0.00000,0.20000,-0.19000,18.63000,-26.84000
0.01000,-0.18000,-1.43000,0.00000,0.00000,0.20000,-0.19000,18.63000,-26.84000
0.01000,-0.18000,-1.43000,0.00000,0.00000,0.20000,-0.19000,19.80000,-28.00000
0.01000,-0.18000,-1.43000,0.00000,0.00000,0.20000,-0.19000,19.80000,-28.00000
0.01000,-0.18000,-1.43000,0.00000,0.00000,0.20000,-0.19000,20.98000,-29.15000
0.01000,-0.18000,-1.43000,0.00000,0.00000,0.20000,-0.19000,20.98000,-29.15000
0.01000,-0.18000,-1.43000,0.00000,0.00000,0.20000,-0.19000,22.16000,-30.31000
0.01000,-0.18000,-1.43000,0.00000,0.00000,0.20000,-0.19000,22.16000,-30.31000
0.01000,-0.18000,-1.43000,0.00000,0.00000,0.20000,-0.19000,23.33000,-31.47000
0.01000,-0.18000,-1.43000,0.00000,0.00000,0.20000,-0.19000,23.33000,-31.47000
0.01000,-0.18000,-1.43000,0.00000,0.00000,0.20000,-0.19000,24.51000,-32.63000
0.01000,-0.18000,-1.43000,0.00000,0.00000,0.20000,-0.19000,24.51000,-32.63000
0.01000,-0.18000,-1.43000,0.00000,0.00000,0.20000,-0.19000,25.69000,-33.79000
0.01000,-0.18000,-1.43000,0.00000,0.00000,0.20000,-0.19000,25.69000,-33.79000
0.01000,-0.18000,-1.43000,0.00000,0.00000,0.20000,-0.19000,26.87000,-34.95000
0.01000,-0.18000,-1.43000,0.00000,0.00000,0.20000,-0.19000,26.87000,-34.95000
0.01000,-0.18000,-1.43000,0.00000,0.00000,0.20000,-0.19000,28.05000,-36.11000
0.01000,-0.18000,-1.43000,0.00000,0.00000,0.20000,-0.19000,28.05000,-36.11000
0.01000,-0.18000,-1.43000,0.00000,0.00000,0.20000,-0.19000,29.22000,-37.27000
0.01000,-0.18000,-1.43000,0.00000,0.00000,0.20000,-0.19000,29.22000,-37.27000
0.01000,-0.18000,-1.43000,0.00000,0.00000,0.20000,-0.19000,30.40000,-38.43000
0.01000,-0.18000,-1.43000,0.00000,0.00000,0.20000,-0.19000,30.40000,-38.43000
0.01000,-0.18000,-1.43000,0.00000,0.00000,0.20000,-0.19000,31.58000,-39.59000
0.01000,-0.18000,-1.43000,0.00000,0.00000,0.20000,-0.19000,31.58000,-39.59000
0.01000,-0.18000,-1.43000,0.00000,0.00000,0.20000,-0.19000,32.76000,-40.74000
0.01000,-0.18000,-1.43000,0.00000,0.00000,0.20000,-0.19000,32.76000,-40.74000
0.01000,-0.18000,-1.43000,0.00000,0.00000,0.20000,-0.19000,33.94000,-41.90000
0.01000,-0.18000,-1.43000,0.00000,0.00000,0.20000,-0.19000,33.94000,-41.90000
0.01000,-0.18000,-1.43000,0.00000,0.00000,0.20000,-0.19000,35.12000,-43.06000
0.01000,-0.18000,-1.43000,0.00000,0.00000,0.20000,-0.19000,35.12000,-43.06000
0.01000,-0.18000,-1.43000,0.00000,0.00000,0.20000,-0.19000,36.29000,-44.22000
0.01000,-0.18000,-1.43000,0.00000,0.00000,0.20000,-0.19000,36.29000,-44.22000
0.01000,-0.18000,-1.43000,0.00000,0.00000,0.20000,-0.19000,37.47000,-45.38000
0.01000,-0.18000,-1.43000,0.00000,0.00000,0.20000,-0.19000,37.47000,-45.38000
0.01000,-0.18000,-1.43000,0.00000,0.00000,0.20000,-0.19000,38.65000,-46.54000
0.01000,-0.18000,-1.43000,0.00000,0.00000,0.20000,-0.19000,38.65000,-46.54000
0.01000,-0.18000,-1.43000,0.00000,0.00000,0.20000,-0.19000,39.83000,-47.70000
0.01000,-0.18000,-1.43000,0.00000,0.00000,0.20000,-0.19000,39.83000,-47.70000
0.01000,-0.18000,-1.43000,0.00000,0.00000,0.20000,-0.19000,41.01000,-48.86000
0.01000,-0.18000,-1.43000,0.02000,0.00000,0.20000,-0.19000,41.01000,-48.86000
0.01000,-0.18000,-1.43000,0.00000,0.00000,0.20000,-0.19000,41.87000,-50.01000
0.01000,-0.18000,-1.43000,0.00000,0.00000,0.20000,-0.19000,41.87000,-50.01000
0.01000,-0.18000,-1.43000,0.00000,0.00000,0.20000,-0.19000,43.23000,-51.17000
0.01000,-0.18000,-1.43000,0.00000,0.00000,0.20000,-0.19000,43.23000,-51.17000
0.01000,-0.18000,-1.43000,0.00000,0.00000,0.20000,-0.19000,44.40000,-52.32000
0.01000,-0.18000,-1.43000,0.00000,0.00000,0.20000,-0.19000,44.40000,-52.32000
0.01000,-0.18000,-1.43000,0.00000,0.00000,0.20000,-0.19000,45.58000,-53.48000
0.01000,-0.18000,-1.43000,0.00000,0.00000,0.20000,-0.19000,45.58000,-53.48000
0.01000,-0.18000,-1.43000,0.00000,0.00000,0.20000,-0.19000,46.76000,-54.63000
0.01000,-0.18000,-1.43000,0.00000,0.00000,0.20000,-0.19000,46.76000,-54.63000
0.01000,-0.18000,-1.43000,0.00000,0.00000,0.20000,-0.19000,47.93000,-55.79000
0.01000,-0.18000,-1.43000,0.00000,0.00000,0.20000,-0.19000,47.93000,-55.79000
0.01000,-0.18000,-1.43000,0.00000,0.00000,0.20000,-0.19000,49.11000,-56.95000
0.01000,-0.18000,-1.43000,0.00000,0.00000,0.20000,-0.19000,49.11000,-56.95000
0.01000,-0.18000,-1.43000,0.00000,0.00000,0.20000,-0.19000,50.28000,-58.10000
0.01000,-0.18000,-1.43000,0.00000,0.00000,0.20000,-0.19000,50.28000,-58.10000
0.01000,-0.18000,-1.43000,0.00000,0.00000,0.20000,-0.19000,51.46000,-59.26000
0.01000,-0.18000,-1.43000,0.00000,0.00000,0.20000,-0.19000,51.46000,-59.26000
0.01000,-0.18000,-1.43000,0.00000,0.00000,0.20000,-0.19000,52.63000,-60.42000
0.01000,-0.18000,-1.43000,0.00000,0.00000,0.20000,-0.19000,52.63000,-60.42000
0.01000,-0.18000,-1.43000,0.00000,0.00000,0.20000,-0.19000,53.81000,-61.57000
0.01000,-0.18000,-1.43000,0.00000,0.00000,0.20000,-0.19000,53.81000,-61.57000
0.01000,-0.18000,-1.43000,0.00000,0.00000,0.20000,-0.19000,54.98000,-62.73000
0.01000,-0.18000,-1.43000,0.00000,0.00000,0.20000,-0.19000,54.98000,-62.73000
0.01000,-0.18000,-1.43000,0.00000,0.00000,0.20000,-0.19000,56.16000,-63.88000
0.01000,-0.18000,-1.43000,0.00000,0.00000,0.20000,-0.19000,56.16000,-63.88000
0.01000,-0.18000,-1.43000,0.00000,0.00000,0.20000,-0.19000,57.33000,-65.04000
0.01000,-0.18000,-1.43000,0.00000,0.00000,0.20000,-0.19000,57.33000,-65.04000
0.01000,-0.18000,-1.43000,0.00000,0.00000,0.20000,-0.19000,58.51000,-66.20000
0.01000,-0.18000,-1.43000,0.02000,0.00000,0.20000,-0.19000,58.51000,-66.20000
0.01000,-0.18000,-1.43000,0.00000,0.00000,0.20000,-0.19000,59.37000,-67.35000
0.01000,-0.18000,-1.43000,0.00000,0.00000,0.20000,-0.19000,59.37000,-67.35000
0.01000,-0.18000,-1.43000,0.00000,0.00000,0.20000,-0.19000,60.72000,-68.50000
0.01000,-0.18000,-1.43000,0.00000,0.00000,0.20000,-0.19000,60.72000,-68.50000
0.01000,-0.18000,-1.43000,0.00000,0.00000,0.20000,-0.19000,61.90000,-69.65000
0.01000,-0.18000,-1.43000,0.00000,0.00000,0.20000,-0.19000,61.90000,-69.65000
0.01000,-0.18000,-1.43000,0.00000,0.00000,0.20000,-0.19000,63.07000,-70.81000
0.01000,-0.18000,-1.43000,0.00000,0.00000,0.20000,-0.19000,63.07000,-70.81000
0.01000,-0.18000,-1.43000,0.00000,0.00000,0.20000,-0.19000,64.24000,-71.96000
0.01000,-0.18000,-1.43000,0.00000,0.00000,0.20000,-0.19000,64.24000,-71.96000
0.01000,-0.18000,-1.43000,0.00000,0.00000,0.20000,-0.19000,65.42000,-73.11000
0.01000,-0.18000,-1.43000,0.04000,0.00000,0.20000,-0.19000,65.42000,-73.11000
0.01000,-0.18000,-1.43000,0.04000,0.00000,0.19000,-0.19000,65.95000,-74.25000
0.01000,-0.18000,-1.43000,0.06000,0.00000,0.19000,-0.19000,65.95000,-74.25000
0.01000,-0.18000,-1.43000,0.00000,0.00000,0.19000,-0.19000,66.52000,-75.37000
0.01000,-0.18000,-1.43000,0.00000,0.00000,0.19000,-0.19000,66.52000,-75.37000
0.01000,-0.18000,-1.43000,0.02000,0.00000,0.19000,-0.19000,68.23000,-76.50000
0.01000,-0.18000,-1.43000,0.00000,0.00000,0.19000,-0.19000,68.23000,-76.50000
0.01000,-0.18000,-1.43000,0.00000,0.00000,0.19000,-0.19000,69.38000,-77.63000
0.01000,-0.18000,-1.43000,0.00000,0.00000,0.19000,-0.19000,69.38000,-77.63000
0.01000,-0.18000,-1.43000,0.00000,0.00000,0.19000,-0.19000,70.53000,-78.76000
0.01000,-0.18000,-1.42000,0.17000,0.00000,0.19000,-0.19000,70.53000,-78.76000
0.01000,-0.18000,-1.42000,0.00000,0.00000,0.19000,-0.18000,69.13000,-79.84000
0.01000,-0.18000,-1.42000,0.00000,0.00000,0.19000,-0.18000,69.13000,-79.84000
0.01000,-0.18000,-1.42000,0.00000,0.00000,0.19000,-0.18000,71.75000,-80.95000
0.01000,-0.18000,-1.42000,0.00000,0.00000,0.19000,-0.18000,71.75000,-80.95000
0.01000,-0.18000,-1.42000,0.04000,0.00000,0.19000,-0.18000,72.88000,-82.06000
0.01000,-0.18000,-1.42000,0.12000,0.00000,0.19000,-0.18000,72.88000,-82.06000
0.01000,-0.18000,-1.42000,0.17000,0.00000,0.18000,-0.18000,72.08000,-83.11000
0.01000,-0.18000,-1.42000,0.00000,0.00000,0.18000,-0.18000,72.08000,-83.11000
0.01000,-0.18000,-1.42000,0.00000,0.00000,0.18000,-0.18000,74.25000,-84.14000
0.01000,-0.18000,-1.42000,0.00000,0.00000,0.18000,-0.18000,74.25000,-84.14000
0.01000,-0.18000,-1.42000,0.00000,0.00000,0.18000,-0.18000,75.33000,-85.21000
0.01000,-0.18000,-1.42000,0.00000,0.00000,0.18000,-0.18000,75.33000,-85.21000
0.01000,-0.18000,-1.42000,0.17000,0.00000,0.18000,-0.18000,76.42000,-86.28000
0.01000,-0.18000,-1.41000,0.29000,-0.06000,0.18000,-0.17000,76.42000,-86.28000
0.01000,-0.18000,-1.39000,0.29000,-0.83000,0.17000,-0.17000,73.06000,-86.33000
0.01000,-0.18000,-1.37000,0.33000,-1.00000,0.23000,-0.23000,73.06000,-86.33000
0.01000,-0.18000,-1.34000,0.42000,-0.98000,0.31000,-0.30000,73.73000,-74.88000
0.01000,-0.18000,-1.31000,0.58000,-0.87000,0.38000,-0.36000,73.73000,-74.88000
0.01000,-0.18000,-1.29000,0.79000,-0.79000,0.43000,-0.40000,71.73000,-74.15000
0.01000,-0.18000,-1.26000,0.77000,-0.64000,0.47000,-0.43000,71.73000,-74.15000
0.01000,-0.18000,-1.25000,0.56000,-0.12000,0.50000,-0.44000,69.04000,-75.33000
0.01000,-0.18000,-1.24000,0.27000,0.00000,0.50000,-0.44000,69.04000,-75.33000
0.01000,-0.18000,-1.24000,0.02000,0.00000,0.49000,-0.44000,74.80000,-83.74000
0.01000,-0.18000,-1.24000,0.00000,0.00000,0.49000,-0.44000,74.80000,-83.74000
0.01000,-0.18000,-1.24000,0.00000,0.00000,0.49000,-0.44000,80.19000,-86.38000
0.01000,-0.18000,-1.24000,0.27000,0.00000,0.49000,-0.44000,80.19000,-86.38000
