0.00000,0.00000,0.00000,0.00000,0.00000,-0.00000,0.00000,-0.06000,0.06000
0.00000,0.00000,0.00000,0.00000,0.00000,-0.00000,0.00000,-0.06000,0.06000
0.00000,0.00000,0.00000,0.00000,0.00000,-0.00000,0.00000,-0.09000,0.09000
0.00000,0.00000,0.00000,0.00000,0.00000,-0.00000,0.00000,-0.09000,0.09000
0.00000,0.00000,0.00000,0.00000,0.00000,-0.00000,0.00000,-0.12000,0.12000
0.00000,0.00000,0.00000,0.00000,0.00000,-0.00000,0.00000,-0.12000,0.12000
0.00000,0.00000,0.00000,0.00000,0.00000,-0.00000,0.00000,-0.14000,0.14000
0.00000,0.00000,0.00000,0.00000,0.00000,-0.00000,0.00000,-0.14000,0.14000
0.00000,0.00000,0.00000,0.00000,0.00000,-0.00000,0.00000,-0.17000,0.17000
0.00000,0.00000,0.00000,0.00000,0.00000,-0.00000,0.00000,-0.17000,0.17000
0.00000,0.00000,0.00000,0.00000,0.00000,-0.00000,0.00000,-0.19000,0.19000
0.00000,0.00000,0.00000,0.00000,0.00000,-0.00000,0.00000,-0.19000,0.19000
0.00000,0.00000,0.00000,0.00000,0.00000,-0.00000,0.00000,-0.22000,0.22000
0.00000,0.00000,0.00000,0.00000,0.00000,-0.00000,0.00000,-0.22000,0.22000
0.00000,0.00000,0.00000,0.00000,0.00000,-0.00000,0.00000,-0.25000,0.24000
0.00000,0.00000,0.00000,0.00000,0.00000,-0.00000,0.00000,-0.25000,0.24000
0.00000,0.00000,0.00000,0.00000,0.00000,-0.00000,0.00000,-0.27000,0.27000
0.00000,0.00000,0.00000,0.00000,0.00000,-0.00000,0.00000,-0.27000,0.27000
0.00000,0.00000,0.00000,0.00000,0.00000,-0.00000,0.00000,-0.30000,0.30000
0.00000,0.00000,0.00000,0.00000,0.00000,-0.00000,0.00000,-0.30000,0.30000
0.00000,0.00000,0.00000,0.00000,0.00000,-0.00000,0.00000,-0.32000,0.32000
0.00000,0.00000,0.00000,0.00000,0.00000,-0.00000,0.00000,-0.32000,0.32000
0.00000,0.00000,0.00000,0.00000,0.00000,-0.00000,0.00000,-0.35000,0.35000
0.00000,0.00000,0.00000,0.00000,0.00000,-0.00000,0.00000,-0.35000,0.35000
0.00000,0.00000,0.00000,0.00000,0.00000,-0.00000,0.00000,-0.38000,0.37000
0.00000,0.00000,0.00000,0.00000,0.00000,-0.00000,0.00000,-0.38000,0.37000
0.00000,0.00000,0.00000,0.00000,0.00000,-0.00000,0.00000,-0.40000,0.40000
0.00000,0.00000,0.00000,0.00000,0.00000,-0.00000,0.00000,-0.40000,0.40000
0.00000,0.00000,0.00000,0.00000,0.00000,-0.00000,0.00000,-0.43000,0.42000
0.00000,0.00000,0.00000,0.00000,0.00000,-0.00000,0.00000,-0.43000,0.42000
0.00000,0.00000,0.00000,0.00000,0.00000,-0.00000,0.00000,-0.45000,0.45000
0.00000,0.00000,0.00000,0.00000,0.00000,-0.00000,0.00000,-0.45000,0.45000
0.00000,0.00000,0.00000,0.00000,0.00000,-0.00000,0.00000,-0.48000,0.48000
0.00000,0.00000,0.00000,0.00000,0.00000,-0.00000,0.00000,-0.48000,0.48000
0.00000,0.00000,0.00000,0.00000,0.00000,-0.00000,0.00000,-0.51000,0.50000
0.00000,0.00000,0.00000,0.00000,0.00000,-0.00000,0.00000,-0.51000,0.50000
0.00000,0.00000,0.00000,0.00000,0.00000,-0.00000,0.00000,-0.53000,0.53000
0.00000,0.00000,0.00000,0.00000,0.00000,-0.00000,0.00000,-0.53000,0.53000
0.00000,0.00000,0.00000,0.00000,0.00000,-0.00000,0.00000,-0.56000,0.55000
0.00000,0.00000,0.00000,0.00000,0.00000,-0.00000,0.00000,-0.56000,0.55000
0.00000,0.00000,0.00000,0.00000,0.00000,-0.00000,0.00000,-0.58000,0.58000
0.00000,0.00000,0.00000,0.00000,0.00000,-0.00000,0.00000,-0.58000,0.58000
0.00000,0.00000,0.00000,0.00000,0.00000,-0.00000,0.00000,-0.61000,0.60000
0.00000,0.00000,0.00000,0.00000,0.00000,-0.00000,0.00000,-0.61000,0.60000
0.00000,0.00000,0.00000,0.00000,0.00000,-0.00000,0.00000,-0.63000,0.63000
0.00000,0.00000,0.00000,0.00000,0.00000,-0.00000,0.00000,-0.63000,0.63000
0.00000,0.00000,0.00000,0.00000,0.00000,-0.00000,0.00000,-0.66000,0.65000
0.00000,0.00000,0.00000,0.00000,0.00000,-0.00000,0.00000,-0.66000,0.65000
0.00000,0.00000,0.00000,0.00000,0.00000,-0.00000,0.00000,-0.69000,0.68000
0.00000,0.00000,0.00000,0.00000,0.00000,-0.00000,0.00000,-0.69000,0.68000
0.00000,0.00000,0.00000,0.00000,0.00000,-0.00000,0.00000,-0.71000,0.71000
0.00000,0.00000,0.00000,0.00000,0.00000,-0.00000,0.00000,-0.71000,0.71000
0.00000,0.00000,0.00000,0.00000,0.00000,-0.00000,0.00000,-0.74000,0.73000
0.00000,0.00000,0.00000,0.00000,0.00000,-0.00000,0.00000,-0.74000,0.73000
0.00000,0.00000,0.00000,0.00000,0.00000,-0.00000,0.00000,-0.76000,0.76000
0.00000,0.00000,0.00000,0.00000,0.00000,-0.00000,0.00000,-0.76000,0.76000
0.00000,0.00000,0.00000,0.00000,0.00000,-0.00000,0.00000,-0.79000,0.78000
0.00000,0.00000,0.00000,0.00000,0.00000,-0.00000,0.00000,-0.79000,0.78000
0.00000,0.00000,0.00000,0.00000,0.00000,-0.00000,0.00000,-0.82000,0.81000
0.00000,0.00000,0.00000,0.00000,0.00000,-0.00000,0.00000,-0.82000,0.81000
0.00000,0.00000,0.00000,0.00000,0.00000,-0.00000,0.00000,-0.84000,0.83000
0.00000,0.00000,0.00000,0.00000,0.00000,-0.00000,0.00000,-0.84000,0.83000
0.00000,0.00000,0.00000,0.00000,0.00000,-0.00000,0.00000,-0.87000,0.86000
0.00000,0.00000,0.00000,0.00000,0.00000,-0.00000,0.00000,-0.87000,0.86000
0.00000,0.00000,0.00000,0.00000,0.00000,-0.00000,0.00000,-0.89000,0.89000
0.00000,0.00000,0.00000,0.00000,0.00000,-0.00000,0.00000,-0.89000,0.89000
0.00000,0.00000,0.00000,0.00000,0.00000,-0.00000,0.00000,-0.92000,0.91000
0.00000,0.00000,0.00000,0.00000,0.00000,-0.00000,0.00000,-0.92000,0.91000
0.00000,0.00000,0.00000,0.00000,0.00000,-0.00000,0.00000,-0.95000,0.94000
0.00000,0.00000,0.00000,0.00000,0.00000,-0.00000,0.00000,-0.95000,0.94000
0.00000,0.00000,0.00000,0.00000,0.00000,-0.00000,0.00000,-0.97000,0.96000
0.00000,0.00000,0.00000,0.00000,0.00000,-0.00000,0.00000,-0.97000,0.96000
0.00000,0.00000,0.00000,0.00000,0.00000,-0.00000,0.00000,-1.00000,0.99000
0.00000,0.00000,0.00000,0.00000,0.00000,-0.00000,0.00000,-1.00000,0.99000
0.00000,0.00000,0.00000,0.00000,0.00000,-0.00000,0.00000,-1.02000,1.01000
0.00000,0.00000,0.00000,0.00000,0.00000,-0.00000,0.00000,-1.02000,1.01000
0.00000,0.00000,0.00000,0.00000,0.00000,-0.00000,0.00000,-1.05000,1.04000
0.00000,0.00000,0.00000,0.00000,0.00000,-0.00000,0.00000,-1.05000,1.04000
0.00000,0.00000,0.00000,0.00000,0.00000,-0.00000,0.00000,-1.07000,1.07000
0.00000,0.00000,0.00000,0.00000,0.00000,-0.00000,0.00000,-1.07000,1.07000
0.00000,0.00000,0.00000,0.00000,0.00000,-0.00000,0.00000,-1.10000,1.09000
0.00000,0.00000,0.00000,0.00000,0.00000,-0.00000,0.00000,-1.10000,1.09000
0.00000,0.00000,0.00000,0.00000,0.00000,-0.00000,0.00000,-1.13000,1.12000
0.00000,0.00000,0.00000,0.00000,0.00000,-0.00000,0.00000,-1.13000,1.12000
0.00000,0.00000,0.00000,0.00000,0.00000,-0.00000,0.00000,-1.15000,1.14000
0.00000,0.00000,0.00000,0.00000,0.00000,-0.00000,0.00000,-1.15000,1.14000
0.00000,0.00000,0.00000,0.00000,0.00000,-0.00000,0.00000,-1.18000,1.17000
0.00000,0.00000,0.00000,0.00000,0.00000,-0.00000,0.00000,-1.18000,1.17000
0.00000,0.00000,0.00000,0.00000,0.00000,-0.00000,0.00000,-1.20000,1.19000
0.00000,0.00000,0.00000,0.00000,0.00000,-0.00000,0.00000,-1.20000,1.19000
0.00000,0.00000,0.00000,0.00000,0.00000,-0.00000,0.00000,-1.23000,1.22000
0.00000,0.00000,0.00000,0.00000,0.00000,-0.00000,0.00000,-1.23000,1.22000
0.00000,0.00000,0.00000,0.00000,0.00000,-0.00000,0.00000,-1.26000,1.25000
0.00000,0.00000,0.00000,0.00000,0.00000,-0.00000,0.00000,-1.26000,1.25000
0.00000,0.00000,0.00000,0.00000,0.00000,-0.00000,0.00000,-1.28000,1.27000
0.00000,0.00000,0.00000,0.00000,0.00000,-0.00000,0.00000,-1.28000,1.27000
0.00000,0.00000,0.00000,0.00000,0.00000,-0.00000,0.00000,-1.31000,1.30000
0.00000,0.00000,0.00000,0.00000,0.00000,-0.00000,0.00000,-1.31000,1.30000
0.00000,0.00000,0.00000,0.00000,0.00000,-0.00000,0.00000,-1.33000,1.32000
0.00000,0.00000,0.00000,0.00000,0.00000,-0.00000,0.00000,-1.33000,1.32000
0.00000,0.00000,0.00000,0.00000,0.00000,-0.00000,0.00000,-1.36000,1.35000
0.00000,0.00000,0.00000,0.00000,0.00000,-0.00000,0.00000,-1.36000,1.35000
0.00000,0.00000,0.00000,0.00000,0.00000,-0.00000,0.00000,-1.39000,1.37000
0.00000,0.00000,0.00000,0.00000,0.00000,-0.00000,0.00000,-1.39000,1.37000
0.00000,0.00000,0.00000,0.00000,0.00000,-0.00000,0.00000,-1.41000,1.40000
0.00000,0.00000,0.00000,0.00000,0.00000,-0.00000,0.00000,-1.41000,1.40000
0.00000,0.00000,0.00000,0.00000,0.00000,-0.00000,0.00000,-1.44000,1.43000
0.00000,0.00000,0.00000,0.00000,0.00000,-0.00000,0.00000,-1.44000,1.43000
0.00000,0.00000,0.00000,0.00000,0.00000,-0.00000,0.00000,-1.46000,1.45000
0.00000,0.00000,0.00000,0.00000,0.00000,-0.00000,0.00000,-1.46000,1.45000
0.00000,0.00000,0.00000,0.00000,0.00000,-0.00000,0.00000,-1.49000,1.48000
0.00000,0.00000,0.00000,0.00000,0.00000,-0.00000,0.00000,-1.49000,1.48000
0.00000,0.00000,0.00000,0.00000,0.00000,-0.00000,0.00000,-1.52000,1.50000
0.00000,0.00000,0.00000,0.00000,0.00000,-0.00000,0.00000,-1.52000,1.50000
0.00000,0.00000,0.00000,0.00000,0.00000,-0.00000,0.00000,-1.54000,1.53000
0.00000,0.00000,0.00000,0.00000,0.00000,-0.00000,0.00000,-1.54000,1.53000
0.00000,0.00000,0.00000,0.00000,0.00000,-0.00000,0.00000,-1.57000,1.55000
0.00000,0.00000,0.00000,0.00000,0.00000,-0.00000,0.00000,-1.57000,1.55000
0.00000,0.00000,0.00000,0.00000,0.00000,-0.00000,0.00000,-1.59000,1.58000
0.00000,0.00000,0.00000,0.00000,0.00000,-0.00000,0.00000,-1.59000,1.58000
0.00000,0.00000,0.00000,0.00000,0.00000,-0.00000,0.00000,-1.62000,1.61000
0.00000,0.00000,0.00000,0.00000,0.00000,-0.00000,0.00000,-1.62000,1.61000
0.00000,0.00000,0.00000,0.00000,0.00000,-0.00000,0.00000,-1.64000,1.63000
0.00000,0.00000,0.00000,0.00000,0.00000,-0.00000,0.00000,-1.64000,1.63000
0.00000,0.00000,0.00000,0.00000,0.00000,-0.00000,0.00000,-1.67000,1.66000
0.00000,0.00000,0.00000,0.00000,0.00000,-0.00000,0.00000,-1.67000,1.66000
0.00000,0.00000,0.00000,0.00000,0.00000,-0.00000,0.00000,-1.70000,1.68000
0.00000,0.00000,0.00000,0.00000,0.00000,-0.00000,0.00000,-1.70000,1.68000
0.00000,0.00000,0.00000,0.00000,0.00000,-0.00000,0.00000,-1.72000,1.71000
0.00000,0.00000,0.00000,0.00000,0.00000,-0.00000,0.00000,-1.72000,1.71000
0.00000,0.00000,0.00000,0.00000,0.00000,-0.00000,0.00000,-1.75000,1.73000
0.00000,0.00000,0.00000,0.00000,0.00000,-0.00000,0.00000,-1.75000,1.73000
0.00000,0.00000,0.00000,0.00000,0.00000,-0.00000,0.00000,-1.77000,1.76000
0.00000,0.00000,0.00000,0.00000,0.00000,-0.00000,0.00000,-1.77000,1.76000
0.00000,0.00000,0.00000,0.00000,0.00000,-0.00000,0.00000,-1.80000,1.78000
0.00000,0.00000,0.00000,0.00000,0.00000,-0.00000,0.00000,-1.80000,1.78000
0.00000,0.00000,0.00000,0.00000,0.00000,-0.00000,0.00000,-1.83000,1.81000
0.00000,0.00000,0.00000,0.00000,0.00000,-0.00000,0.00000,-1.83000,1.81000
0.00000,0.00000,0.00000,0.00000,0.00000,-0.00000,0.00000,-1.85000,1.84000
0.00000,0.00000,0.00000,0.00000,0.00000,-0.00000,0.00000,-1.85000,1.84000
0.00000,0.00000,0.00000,0.00000,0.00000,-0.00000,0.00000,-1.88000,1.86000
0.00000,0.00000,0.00000,0.00000,0.00000,-0.00000,0.00000,-1.88000,1.86000
0.00000,0.00000,0.00000,0.00000,0.00000,-0.00000,0.00000,-1.90000,1.89000
0.00000,0.00000,0.00000,0.00000,0.00000,-0.00000,0.00000,-1.90000,1.89000
0.00000,0.00000,0.00000,0.00000,0.00000,-0.00000,0.00000,-1.93000,1.91000
0.00000,0.00000,0.00000,0.00000,0.00000,-0.00000,0.00000,-1.93000,1.91000
0.00000,0.00000,0.00000,0.00000,0.00000,-0.00000,0.00000,-1.96000,1.94000
0.00000,0.00000,0.00000,0.00000,0.00000,-0.00000,0.00000,-1.96000,1.94000
0.00000,0.00000,0.00000,0.00000,0.00000,-0.00000,0.00000,-1.98000,1.96000
0.00000,0.00000,0.00000,0.00000,0.00000,-0.00000,0.00000,-1.98000,1.96000
0.00000,0.00000,0.00000,0.00000,0.00000,-0.00000,0.00000,-2.01000,1.99000
0.00000,0.00000,0.00000,0.00000,0.00000,-0.00000,0.00000,-2.01000,1.99000
0.00000,0.00000,0.00000,0.00000,0.00000,-0.00000,0.00000,-2.03000,2.02000
0.00000,0.00000,0.00000,0.00000,0.00000,-0.00000,0.00000,-2.03000,2.02000
0.00000,0.00000,0.00000,0.00000,0.00000,-0.00000,0.00000,-2.06000,2.04000
0.00000,0.00000,0.00000,0.00000,0.00000,-0.00000,0.00000,-2.06000,2.04000
0.00000,0.00000,0.00000,0.00000,0.00000,-0.00000,0.00000,-2.08000,2.07000
0.00000,0.00000,0.00000,0.00000,0.00000,-0.00000,0.00000,-2.08000,2.07000
0.00000,0.00000,0.00000,0.00000,0.00000,-0.00000,0.00000,-2.11000,2.09000
0.00000,0.00000,0.00000,0.00000,0.00000,-0.00000,0.00000,-2.11000,2.09000
0.00000,0.00000,0.00000,0.00000,0.00000,-0.00000,0.00000,-2.14000,2.12000
0.00000,0.00000,0.00000,0.00000,0.00000,-0.00000,0.00000,-2.14000,2.12000
0.00000,0.00000,0.00000,0.00000,0.00000,-0.00000,0.00000,-2.16000,2.14000
0.00000,0.00000,0.00000,0.00000,0.00000,-0.00000,0.00000,-2.16000,2.14000
0.00000,0.00000,0.00000,0.00000,0.00000,-0.00000,0.00000,-2.19000,2.17000
0.00000,0.00000,0.00000,0.00000,0.00000,-0.00000,0.00000,-2.19000,2.17000
0.00000,0.00000,0.00000,0.00000,0.00000,-0.00000,0.00000,-2.21000,2.20000
0.00000,0.00000,0.00000,0.00000,0.00000,-0.00000,0.00000,-2.21000,2.20000
0.00000,0.00000,0.00000,0.00000,0.00000,-0.00000,0.00000,-2.24000,2.22000
0.00000,0.00000,0.00000,0.00000,0.00000,-0.00000,0.00000,-2.24000,2.22000
0.00000,0.00000,0.00000,0.00000,0.00000,-0.00000,0.00000,-2.27000,2.25000
0.00000,0.00000,0.00000,0.00000,0.00000,-0.00000,0.00000,-2.27000,2.25000
0.00000,0.00000,0.00000,0.00000,0.00000,-0.00000,0.00000,-2.29000,2.27000
0.00000,0.00000,0.00000,0.00000,0.00000,-0.00000,0.00000,-2.29000,2.27000
0.00000,0.00000,0.00000,0.00000,0.00000,-0.00000,0.00000,-2.32000,2.30000
0.00000,0.00000,0.00000,0.00000,0.00000,-0.00000,0.00000,-2.32000,2.30000
0.00000,0.00000,0.00000,0.00000,0.00000,-0.00000,0.00000,-2.34000,2.32000
0.00000,0.00000,0.00000,0.00000,0.00000,-0.00000,0.00000,-2.34000,2.32000
0.00000,0.00000,0.00000,0.00000,0.00000,-0.00000,0.00000,-2.37000,2.35000
0.00000,0.00000,0.00000,0.00000,0.00000,-0.00000,0.00000,-2.37000,2.35000
0.00000,0.00000,0.00000,0.00000,0.00000,-0.00000,0.00000,-2.40000,2.38000
0.00000,0.00000,0.00000,0.00000,0.00000,-0.00000,0.00000,-2.40000,2.38000
0.00000,0.00000,0.00000,0.00000,0.00000,-0.00000,0.00000,-2.42000,2.40000
0.00000,0.00000,0.00000,0.00000,0.00000,-0.00000,0.00000,-2.42000,2.40000
0.00000,0.00000,0.00000,0.00000,0.00000,-0.00000,0.00000,-2.45000,2.43000
0.00000,0.00000,0.00000,0.00000,0.00000,-0.00000,0.00000,-2.45000,2.43000
0.00000,0.00000,0.00000,0.00000,0.00000,-0.00000,0.00000,-2.47000,2.45000
0.00000,0.00000,0.00000,0.00000,0.00000,-0.00000,0.00000,-2.47000,2.45000
0.00000,0.00000,0.00000,0.00000,0.00000,-0.00000,0.00000,-2.50000,2.48000
0.00000,0.00000,0.00000,0.00000,0.00000,-0.00000,0.00000,-2.50000,2.48000
0.00000,0.00000,0.00000,0.00000,0.00000,-0.00000,0.00000,-2.53000,2.50000
0.00000,0.00000,0.00000,0.00000,0.00000,-0.00000,0.00000,-2.53000,2.50000
0.00000,0.00000,0.00000,0.00000,0.00000,-0.00000,0.00000,-2.55000,2.53000
0.00000,0.00000,0.00000,0.00000,0.00000,-0.00000,0.00000,-2.55000,2.53000
0.00000,0.00000,0.00000,0.00000,0.00000,-0.00000,0.00000,-2.58000,2.56000
0.00000,0.00000,0.00000,0.00000,0.00000,-0.00000,0.00000,-2.58000,2.56000
0.00000,0.00000,0.00000,0.00000,0.00000,-0.00000,0.00000,-2.60000,2.58000
0.00000,0.00000,0.00000,0.00000,0.00000,-0.00000,0.00000,-2.60000,2.58000
0.00000,0.00000,0.00000,0.00000,0.00000,-0.00000,0.00000,-2.63000,2.61000
0.00000,0.00000,0.00000,0.00000,0.00000,-0.00000,0.00000,-2.63000,2.61000
0.00000,0.00000,0.00000,0.00000,0.00000,-0.00000,0.00000,-2.65000,2.63000
0.00000,0.00000,0.00000,0.00000,0.00000,-0.00000,0.00000,-2.65000,2.63000
0.00000,0.00000,0.00000,0.00000,0.00000,-0.00000,0.00000,-2.68000,2.66000
0.00000,0.00000,0.00000,0.00000,0.00000,-0.00000,0.00000,-2.68000,2.66000
0.00000,0.00000,0.00000,0.00000,0.00000,-0.00000,0.00000,-2.71000,2.68000
0.00000,0.00000,0.00000,0.00000,0.00000,-0.00000,0.00000,-2.71000,2.68000
0.00000,0.00000,0.00000,0.00000,0.00000,-0.00000,0.00000,-2.73000,2.71000
0.00000,0.00000,0.00000,0.00000,0.00000,-0.00000,0.00000,-2.73000,2.71000
0.00000,0.00000,0.00000,0.00000,0.00000,-0.00000,0.00000,-2.76000,2.74000
0.00000,0.00000,0.00000,0.00000,0.00000,-0.00000,0.00000,-2.76000,2.74000
0.00000,0.00000,0.00000,0.00000,0.00000,-0.00000,0.00000,-2.78000,2.76000
0.00000,0.00000,0.00000,0.00000,0.00000,-0.00000,0.00000,-2.78000,2.76000
0.00000,0.00000,0.00000,0.00000,0.00000,-0.00000,0.00000,-2.81000,2.79000
0.00000,0.00000,0.00000,0.00000,0.00000,-0.00000,0.00000,-2.81000,2.79000
0.00000,0.00000,0.00000,0.00000,0.00000,-0.00000,0.00000,-2.84000,2.81000
0.00000,0.00000,0.00000,0.00000,0.00000,-0.00000,0.00000,-2.84000,2.81000
0.00000,0.00000,0.00000,0.00000,0.00000,-0.00000,0.00000,-2.86000,2.84000
0.00000,0.00000,0.00000,0.00000,0.00000,-0.00000,0.00000,-2.86000,2.84000
0.00000,0.00000,0.00000,0.00000,0.00000,-0.00000,0.00000,-2.89000,2.86000
0.00000,0.00000,0.00000,0.00000,0.00000,-0.00000,0.00000,-2.89000,2.86000
0.00000,0.00000,0.00000,0.00000,0.00000,-0.00000,0.00000,-2.91000,2.89000
0.00000,0.00000,0.00000,0.00000,0.00000,-0.00000,0.00000,-2.91000,2.89000
0.00000,0.00000,0.00000,0.00000,0.00000,-0.00000,0.00000,-2.94000,2.91000
0.00000,0.00000,0.00000,0.00000,0.00000,-0.00000,0.00000,-2.94000,2.91000
0.00000,0.00000,0.00000,0.00000,0.00000,-0.00000,0.00000,-2.97000,2.94000
0.00000,0.00000,0.00000,0.00000,0.00000,-0.00000,0.00000,-2.97000,2.94000
0.00000,0.00000,0.00000,0.00000,0.00000,-0.00000,0.00000,-2.99000,2.97000
0.00000,0.00000,0.00000,0.00000,0.00000,-0.00000,0.00000,-2.99000,2.97000
0.00000,0.00000,0.00000,0.00000,0.00000,-0.00000,0.00000,-3.02000,2.99000
0.00000,0.00000,0.00000,0.00000,0.00000,-0.00000,0.00000,-3.02000,2.99000
0.00000,0.00000,0.00000,0.00000,0.00000,-0.00000,0.00000,-3.04000,3.02000
0.00000,0.00000,0.00000,0.00000,0.00000,-0.00000,0.00000,-3.04000,3.02000
0.00000,0.00000,0.00000,0.00000,0.00000,-0.00000,0.00000,-3.07000,3.04000
0.00000,0.00000,0.00000,0.00000,0.00000,-0.00000,0.00000,-3.07000,3.04000
0.00000,0.00000,0.00000,0.00000,0.00000,-0.00000,0.00000,-3.10000,3.07000
0.00000,0.00000,0.00000,0.00000,0.00000,-0.00000,0.00000,-3.10000,3.07000
0.00000,0.00000,0.00000,0.00000,0.00000,-0.00000,0.00000,-3.12000,3.09000
0.00000,0.00000,0.00000,0.00000,0.00000,-0.00000,0.00000,-3.12000,3.09000
0.00000,0.00000,0.00000,0.00000,0.00000,-0.00000,0.00000,-3.15000,3.12000
0.00000,0.00000,0.00000,0.00000,0.00000,-0.00000,0.00000,-3.15000,3.12000
0.00000,0.00000,0.00000,0.00000,0.00000,-0.00000,0.00000,-3.17000,3.15000
0.00000,0.00000,0.00000,0.00000,0.00000,-0.00000,0.00000,-3.17000,3.15000
0.00000,0.00000,0.00000,0.00000,0.00000,-0.00000,0.00000,-3.20000,3.17000
0.00000,0.00000,0.00000,0.00000,0.00000,-0.00000,0.00000,-3.20000,3.17000
0.00000,0.00000,0.00000,0.00000,0.00000,-0.00000,0.00000,-3.22000,3.20000
0.00000,0.00000,0.00000,0.00000,0.00000,-0.00000,0.00000,-3.22000,3.20000
0.00000,0.00000,0.00000,0.00000,0.00000,-0.00000,0.00000,-3.25000,3.22000
0.00000,0.00000,0.00000,0.00000,0.00000,-0.00000,0.00000,-3.25000,3.22000
0.00000,0.00000,0.00000,0.00000,0.00000,-0.00000,0.00000,-3.28000,3.25000
0.00000,0.00000,0.00000,0.00000,0.00000,-0.00000,0.00000,-3.28000,3.25000
0.00000,0.00000,0.00000,0.00000,0.00000,-0.00000,0.00000,-3.30000,3.27000
0.00000,0.00000,0.00000,0.00000,0.00000,-0.00000,0.00000,-3.30000,3.27000
0.00000,0.00000,0.00000,0.00000,0.00000,-0.00000,0.00000,-3.33000,3.30000
0.00000,0.00000,0.00000,0.00000,0.00000,-0.00000,0.00000,-3.33000,3.30000
0.00000,0.00000,0.00000,0.00000,0.00000,-0.00000,0.00000,-3.35000,3.33000
0.00000,0.00000,0.00000,0.00000,0.00000,-0.00000,0.00000,-3.35000,3.33000
0.00000,0.00000,0.00000,0.00000,0.00000,-0.00000,0.00000,-3.38000,3.35000
0.00000,0.00000,0.00000,0.00000,0.00000,-0.00000,0.00000,-3.38000,3.35000
0.00000,0.00000,0.00000,0.00000,0.00000,-0.00000,0.00000,-3.41000,3.38000
0.00000,0.00000,0.00000,0.00000,0.00000,-0.00000,0.00000,-3.41000,3.38000
0.00000,0.00000,0.00000,0.00000,0.00000,-0.00000,0.00000,-3.43000,3.40000
0.00000,0.00000,0.00000,0.00000,0.00000,-0.00000,0.00000,-3.43000,3.40000
0.00000,0.00000,0.00000,0.00000,0.00000,-0.00000,0.00000,-3.46000,3.43000
0.00000,0.00000,0.00000,0.00000,0.00000,-0.00000,0.00000,-3.46000,3.43000
0.00000,0.00000,0.00000,0.00000,0.00000,-0.00000,0.00000,-3.48000,3.45000
0.00000,0.00000,0.00000,0.00000,0.00000,-0.00000,0.00000,-3.48000,3.45000
0.00000,0.00000,0.00000,0.00000,0.00000,-0.00000,0.00000,-3.51000,3.48000
0.00000,0.00000,0.00000,0.00000,0.00000,-0.00000,0.00000,-3.51000,3.48000
0.00000,0.00000,0.00000,0.00000,0.00000,-0.00000,0.00000,-3.54000,3.51000
0.00000,0.00000,0.00000,0.00000,0.00000,-0.00000,0.00000,-3.54000,3.51000
0.00000,0.00000,0.00000,0.00000,0.00000,-0.00000,0.00000,-3.56000,3.53000
0.00000,0.00000,0.00000,0.00000,0.00000,-0.00000,0.00000,-3.56000,3.53000
0.00000,0.00000,0.00000,0.00000,0.00000,-0.00000,0.00000,-3.59000,3.56000
0.00000,0.00000,0.00000,0.00000,0.00000,-0.00000,0.00000,-3.59000,3.56000
0.00000,0.00000,0.00000,0.00000,0.00000,-0.00000,0.00000,-3.61000,3.58000
0.00000,0.00000,0.00000,0.00000,0.00000,-0.00000,0.00000,-3.61000,3.58000
0.00000,0.00000,0.00000,0.00000,0.00000,-0.00000,0.00000,-3.64000,3.61000
0.00000,0.00000,0.00000,0.00000,0.00000,-0.00000,0.00000,-3.64000,3.61000
0.00000,0.00000,0.00000,0.00000,0.00000,-0.00000,0.00000,-3.66000,3.63000
0.00000,0.00000,0.00000,0.00000,0.00000,-0.00000,0.00000,-3.66000,3.63000
0.00000,0.00000,0.00000,0.00000,0.00000,-0.00000,0.00000,-3.69000,3.66000
0.00000,0.00000,0.00000,0.00000,0.00000,-0.00000,0.00000,-3.69000,3.66000
0.00000,0.00000,0.00000,0.00000,0.00000,-0.00000,0.00000,-3.72000,3.69000
0.00000,0.00000,0.00000,0.00000,0.00000,-0.00000,0.00000,-3.72000,3.69000
0.00000,0.00000,0.00000,0.00000,0.00000,-0.00000,0.00000,-3.74000,3.71000
0.00000,0.00000,0.00000,0.00000,0.00000,-0.00000,0.00000,-3.74000,3.71000
0.00000,0.00000,0.00000,0.00000,0.00000,-0.00000,0.00000,-3.77000,3.74000
0.00000,0.00000,0.00000,0.00000,0.00000,-0.00000,0.00000,-3.77000,3.74000
0.00000,0.00000,0.00000,0.00000,0.00000,-0.00000,0.00000,-3.79000,3.76000
0.00000,0.00000,0.00000,0.00000,0.00000,-0.00000,0.00000,-3.79000,3.76000
0.00000,0.00000,0.00000,0.00000,0.00000,-0.00000,0.00000,-3.82000,3.79000
0.00000,0.00000,0.00000,0.00000,0.00000,-0.00000,0.00000,-3.82000,3.79000
0.00000,0.00000,0.00000,0.00000,0.00000,-0.00000,0.00000,-3.85000,3.81000
0.00000,0.00000,0.00000,0.00000,0.00000,-0.00000,0.00000,-3.85000,3.81000
0.00000,0.00000,0.00000,0.00000,0.00000,-0.00000,0.00000,-3.87000,3.84000
0.00000,0.00000,0.00000,0.00000,0.00000,-0.00000,0.00000,-3.87000,3.84000
0.00000,0.00000,0.00000,0.00000,0.00000,-0.00000,0.00000,-3.90000,3.87000
0.00000,0.00000,0.00000,0.00000,0.00000,-0.00000,0.00000,-3.90000,3.87000
0.00000,0.00000,0.00000,0.00000,0.00000,-0.00000,0.00000,-3.92000,3.89000
0.00000,0.00000,0.00000,0.00000,0.00000,-0.00000,0.00000,-3.92000,3.89000
0.00000,0.00000,0.00000,0.00000,0.00000,-0.00000,0.00000,-3.95000,3.92000
0.00000,0.00000,0.00000,0.00000,0.00000,-0.00000,0.00000,-3.95000,3.92000
0.00000,0.00000,0.00000,0.00000,0.00000,-0.00000,0.00000,-3.98000,3.94000
0.00000,0.00000,0.00000,0.00000,0.00000,-0.00000,0.00000,-3.98000,3.94000
0.00000,0.00000,0.00000,0.00000,0.00000,-0.00000,0.00000,-4.00000,3.97000
0.00000,0.00000,0.00000,0.00000,0.00000,-0.00000,0.00000,-4.00000,3.97000
0.00000,0.00000,0.00000,0.00000,0.00000,-0.00000,0.00000,-4.03000,3.99000
0.00000,0.00000,0.00000,0.00000,0.00000,-0.00000,0.00000,-4.03000,3.99000
0.00000,0.00000,0.00000,0.00000,0.00000,-0.00000,0.00000,-4.05000,4.02000
0.00000,0.00000,0.00000,0.00000,0.00000,-0.00000,0.00000,-4.05000,4.02000
0.00000,0.00000,0.00000,0.00000,0.00000,-0.00000,0.00000,-4.08000,4.04000
0.00000,0.00000,0.00000,0.00000,0.00000,-0.00000,0.00000,-4.08000,4.04000
0.00000,0.00000,0.00000,0.00000,0.00000,-0.00000,0.00000,-4.11000,4.07000
0.00000,0.00000,0.00000,0.00000,0.00000,-0.00000,0.00000,-4.11000,4.07000
0.00000,0.00000,0.00000,0.00000,0.00000,-0.00000,0.00000,-4.13000,4.10000
0.00000,0.00000,0.00000,0.00000,0.00000,-0.00000,0.00000,-4.13000,4.10000
0.00000,0.00000,0.00000,0.00000,0.00000,-0.00000,0.00000,-4.16000,4.12000
0.00000,0.00000,0.00000,0.00000,0.00000,-0.00000,0.00000,-4.16000,4.12000
0.00000,0.00000,0.00000,0.00000,0.00000,-0.00000,0.00000,-4.18000,4.15000
0.00000,0.00000,0.00000,0.00000,0.00000,-0.00000,0.00000,-4.18000,4.15000
0.00000,0.00000,0.00000,0.00000,0.00000,-0.00000,0.00000,-4.21000,4.17000
0.00000,0.00000,0.00000,0.00000,0.00000,-0.00000,0.00000,-4.21000,4.17000
0.00000,0.00000,0.00000,0.00000,0.00000,-0.00000,0.00000,-4.23000,4.20000
0.00000,0.00000,0.00000,0.00000,0.00000,-0.00000,0.00000,-4.23000,4.20000
0.00000,0.00000,0.00000,0.00000,0.00000,-0.00000,0.00000,-4.26000,4.22000
0.00000,0.00000,0.00000,0.00000,0.00000,-0.00000,0.00000,-4.26000,4.22000
0.00000,0.00000,0.00000,0.00000,0.00000,-0.00000,0.00000,-4.29000,4.25000
0.00000,0.00000,0.00000,0.00000,0.00000,-0.00000,0.00000,-4.29000,4.25000
0.00000,0.00000,0.00000,0.00000,0.00000,-0.00000,0.00000,-4.31000,4.28000
0.00000,0.00000,0.00000,0.00000,0.00000,-0.00000,0.00000,-4.31000,4.28000
0.00000,0.00000,0.00000,0.00000,0.00000,-0.00000,0.00000,-4.34000,4.30000
0.00000,0.00000,0.00000,0.00000,0.00000,-0.00000,0.00000,-4.34000,4.30000
0.00000,0.00000,0.00000,0.00000,0.00000,-0.00000,0.00000,-4.36000,4.33000
0.00000,0.00000,0.00000,0.00000,0.00000,-0.00000,0.00000,-4.36000,4.33000
0.00000,0.00000,0.00000,0.00000,0.00000,-0.00000,0.00000,-4.39000,4.35000
0.00000,0.00000,0.00000,0.00000,0.00000,-0.00000,0.00000,-4.39000,4.35000
0.00000,0.00000,0.00000,0.00000,0.00000,-0.00000,0.00000,-4.42000,4.38000
0.00000,0.00000,0.00000,0.00000,0.00000,-0.00000,0.00000,-4.42000,4.38000
0.00000,0.00000,0.00000,0.00000,0.00000,-0.00000,0.00000,-4.44000,4.40000
0.00000,0.00000,0.00000,0.00000,0.00000,-0.00000,0.00000,-4.44000,4.40000
0.00000,0.00000,0.00000,0.00000,0.00000,-0.00000,0.00000,-4.47000,4.43000
0.00000,0.00000,0.00000,0.00000,0.00000,-0.00000,0.00000,-4.47000,4.43000
0.00000,0.00000,0.00000,0.00000,0.00000,-0.00000,0.00000,-4.49000,4.46000
0.00000,0.00000,0.00000,0.00000,0.00000,-0.00000,0.00000,-4.49000,4.46000
0.00000,0.00000,0.00000,0.00000,0.00000,-0.00000,0.00000,-4.52000,4.48000
0.00000,0.00000,0.00000,0.00000,0.00000,-0.00000,0.00000,-4.52000,4.48000
0.00000,0.00000,0.00000,0.00000,0.00000,-0.00000,0.00000,-4.55000,4.51000
0.00000,0.00000,0.00000,0.00000,0.00000,-0.00000,0.00000,-4.55000,4.51000
0.00000,0.00000,0.00000,0.00000,0.00000,-0.00000,0.00000,-4.57000,4.53000
0.00000,0.00000,0.00000,0.00000,0.00000,-0.00000,0.00000,-4.57000,4.53000
0.00000,0.00000,0.00000,0.00000,0.00000,-0.00000,0.00000,-4.60000,4.56000
0.00000,0.00000,0.00000,0.00000,0.00000,-0.00000,0.00000,-4.60000,4.56000
0.00000,0.00000,0.00000,0.00000,0.00000,-0.00000,0.00000,-4.62000,4.58000
0.00000,0.00000,0.00000,0.00000,0.00000,-0.00000,0.00000,-4.62000,4.58000
0.00000,0.00000,0.00000,0.00000,0.00000,-0.00000,0.00000,-4.65000,4.61000
0.00000,0.00000,0.00000,0.00000,0.00000,-0.00000,0.00000,-4.65000,4.61000
0.00000,0.00000,0.00000,0.00000,0.00000,-0.00000,0.00000,-4.67000,4.64000
0.00000,0.00000,0.00000,0.00000,0.00000,-0.00000,0.00000,-4.67000,4.64000
0.00000,0.00000,0.00000,0.00000,0.00000,-0.00000,0.00000,-4.70000,4.66000
0.00000,0.00000,0.00000,0.00000,0.00000,-0.00000,0.00000,-4.70000,4.66000
0.00000,0.00000,0.00000,0.00000,0.00000,-0.00000,0.00000,-4.73000,4.69000
0.00000,0.00000,0.00000,0.00000,0.00000,-0.00000,0.00000,-4.73000,4.69000
0.00000,0.00000,0.00000,0.00000,0.00000,-0.00000,0.00000,-4.75000,4.71000
0.00000,0.00000,0.00000,0.00000,0.00000,-0.00000,0.00000,-4.75000,4.71000
0.00000,0.00000,0.00000,0.00000,0.00000,-0.00000,0.00000,-4.78000,4.74000
0.00000,0.00000,0.00000,0.00000,0.00000,-0.00000,0.00000,-4.78000,4.74000
0.00000,0.00000,0.00000,0.00000,0.00000,-0.00000,0.00000,-4.80000,4.76000
0.00000,0.00000,0.00000,0.00000,0.00000,-0.00000,0.00000,-4.80000,4.76000
0.00000,0.00000,0.00000,0.00000,0.00000,-0.00000,0.00000,-4.83000,4.79000
0.00000,0.00000,0.00000,0.00000,0.00000,-0.00000,0.00000,-4.83000,4.79000
0.00000,0.00000,0.00000,0.00000,0.00000,-0.00000,0.00000,-4.86000,4.82000
0.00000,0.00000,0.00000,0.00000,0.00000,-0.00000,0.00000,-4.86000,4.82000
0.00000,0.00000,0.00000,0.00000,0.00000,-0.00000,0.00000,-4.88000,4.84000
0.00000,0.00000,0.00000,0.00000,0.00000,-0.00000,0.00000,-4.88000,4.84000
0.00000,0.00000,0.00000,0.00000,0.00000,-0.00000,0.00000,-4.91000,4.87000
0.00000,0.00000,0.00000,0.00000,0.00000,-0.00000,0.00000,-4.91000,4.87000
0.00000,0.00000,0.00000,0.00000,0.00000,-0.00000,0.00000,-4.93000,4.89000
0.00000,0.00000,0.00000,0.00000,0.00000,-0.00000,0.00000,-4.93000,4.89000
0.00000,0.00000,0.00000,0.00000,0.00000,-0.00000,0.00000,-4.96000,4.92000
0.00000,0.00000,0.00000,0.00000,0.00000,-0.00000,0.00000,-4.96000,4.92000
0.00000,0.00000,0.00000,0.00000,0.00000,-0.00000,0.00000,-4.99000,4.94000
0.00000,0.00000,0.00000,0.00000,0.00000,-0.00000,0.00000,-4.99000,4.94000
0.00000,0.00000,0.00000,0.00000,0.00000,-0.00000,0.00000,-5.01000,4.97000
0.00000,0.00000,0.00000,0.00000,0.00000,-0.00000,0.00000,-5.01000,4.97000
0.00000,0.00000,0.00000,0.00000,0.00000,-0.00000,0.00000,-5.04000,5.00000
0.00000,0.00000,0.00000,0.00000,0.00000,-0.00000,0.00000,-5.04000,5.00000
0.00000,0.00000,0.00000,0.00000,0.00000,-0.00000,0.00000,-5.06000,5.02000
0.00000,0.00000,0.00000,0.00000,0.00000,-0.00000,0.00000,-5.06000,5.02000
0.00000,0.00000,0.00000,0.00000,0.00000,-0.00000,0.00000,-5.09000,5.05000
0.00000,0.00000,0.00000,0.00000,0.00000,-0.00000,0.00000,-5.09000,5.05000
0.00000,0.00000,0.00000,0.00000,0.00000,-0.00000,0.00000,-5.12000,5.07000
0.00000,0.00000,0.00000,0.00000,0.00000,-0.00000,0.00000,-5.12000,5.07000
0.00000,0.00000,0.00000,0.00000,0.00000,-0.00000,0.00000,-5.14000,5.10000
0.00000,0.00000,0.00000,0.00000,0.00000,-0.00000,0.00000,-5.14000,5.10000
0.00000,0.00000,0.00000,0.00000,0.00000,-0.00000,0.00000,-5.17000,5.12000
0.00000,0.00000,0.00000,0.00000,0.00000,-0.00000,0.00000,-5.17000,5.12000
0.00000,0.00000,0.00000,0.00000,0.00000,-0.00000,0.00000,-5.19000,5.15000
0.00000,0.00000,0.00000,0.00000,0.00000,-0.00000,0.00000,-5.19000,5.15000
0.00000,0.00000,0.00000,0.00000,0.00000,-0.00000,0.00000,-5.22000,5.17000
0.00000,0.00000,0.00000,0.00000,0.00000,-0.00000,0.00000,-5.22000,5.17000
0.00000,0.00000,0.00000,0.00000,0.00000,-0.00000,0.00000,-5.24000,5.20000
0.00000,0.00000,0.00000,0.00000,0.00000,-0.00000,0.00000,-5.24000,5.20000
0.00000,0.00000,0.00000,0.00000,0.00000,-0.00000,0.00000,-5.27000,5.23000
0.00000,0.00000,0.00000,0.00000,0.00000,-0.00000,0.00000,-5.27000,5.23000
0.00000,0.00000,0.00000,0.00000,0.00000,-0.00000,0.00000,-5.30000,5.25000
0.00000,0.00000,0.00000,0.00000,0.00000,-0.00000,0.00000,-5.30000,5.25000
0.00000,0.00000,0.00000,0.00000,0.00000,-0.00000,0.00000,-5.32000,5.28000
0.00000,0.00000,0.00000,0.00000,0.00000,-0.00000,0.00000,-5.32000,5.28000
0.00000,0.00000,0.00000,0.00000,0.00000,-0.00000,0.00000,-5.35000,5.30000
0.00000,0.00000,0.00000,0.00000,0.00000,-0.00000,0.00000,-5.35000,5.30000
0.00000,0.00000,0.00000,0.00000,0.00000,-0.00000,0.00000,-5.37000,5.33000
0.00000,0.00000,0.00000,0.00000,0.00000,-0.00000,0.00000,-5.37000,5.33000
0.00000,0.00000,0.00000,0.00000,0.00000,-0.00000,0.00000,-5.40000,5.35000
0.00000,0.00000,0.00000,0.00000,0.00000,-0.00000,0.00000,-5.40000,5.35000
0.00000,0.00000,0.00000,0.00000,0.00000,-0.00000,0.00000,-5.43000,5.38000
0.00000,0.00000,0.00000,0.00000,0.00000,-0.00000,0.00000,-5.43000,5.38000
0.00000,0.00000,0.00000,0.00000,0.00000,-0.00000,0.00000,-5.45000,5.41000
0.00000,0.00000,0.00000,0.00000,0.00000,-0.00000,0.00000,-5.45000,5.41000
0.00000,0.00000,0.00000,0.00000,0.00000,-0.00000,0.00000,-5.48000,5.43000
0.00000,0.00000,0.00000,0.00000,0.00000,-0.00000,0.00000,-5.48000,5.43000
0.00000,0.00000,0.00000,0.00000,0.00000,-0.00000,0.00000,-5.50000,5.46000
0.00000,0.00000,0.00000,0.00000,0.00000,-0.00000,0.00000,-5.50000,5.46000
0.00000,0.00000,0.00000,0.00000,0.00000,-0.00000,0.00000,-5.53000,5.48000
0.00000,0.00000,0.00000,0.00000,0.00000,-0.00000,0.00000,-5.53000,5.48000
0.00000,0.00000,0.00000,0.00000,0.00000,-0.00000,0.00000,-5.56000,5.51000
0.00000,0.00000,0.00000,0.00000,0.00000,-0.00000,0.00000,-5.56000,5.51000
0.00000,0.00000,0.00000,0.00000,0.00000,-0.00000,0.00000,-5.58000,5.53000
0.00000,0.00000,0.00000,0.00000,0.00000,-0.00000,0.00000,-5.58000,5.53000
0.00000,0.00000,0.00000,0.00000,0.00000,-0.00000,0.00000,-5.61000,5.56000
0.00000,0.00000,0.00000,0.00000,0.00000,-0.00000,0.00000,-5.61000,5.56000
0.00000,0.00000,0.00000,0.00000,0.00000,-0.00000,0.00000,-5.63000,5.59000
0.00000,0.00000,0.00000,0.00000,0.00000,-0.00000,0.00000,-5.63000,5.59000
0.00000,0.00000,0.00000,0.00000,0.00000,-0.00000,0.00000,-5.66000,5.61000
0.00000,0.00000,0.00000,0.00000,0.00000,-0.00000,0.00000,-5.66000,5.61000
0.00000,0.00000,0.00000,0.00000,0.00000,-0.00000,0.00000,-5.69000,5.64000
0.00000,0.00000,0.00000,0.00000,0.00000,-0.00000,0.00000,-5.69000,5.64000
0.00000,0.00000,0.00000,0.00000,0.00000,-0.00000,0.00000,-5.71000,5.66000
0.00000,0.00000,0.00000,0.00000,0.00000,-0.00000,0.00000,-5.71000,5.66000
0.00000,0.00000,0.00000,0.00000,0.00000,-0.00000,0.00000,-5.74000,5.69000
0.00000,0.00000,0.00000,0.00000,0.00000,-0.00000,0.00000,-5.74000,5.69000
0.00000,0.00000,0.00000,0.00000,0.00000,-0.00000,0.00000,-5.76000,5.71000
0.00000,0.00000,0.00000,0.00000,0.00000,-0.00000,0.00000,-5.76000,5.71000
0.00000,0.00000,0.00000,0.00000,0.00000,-0.00000,0.00000,-5.79000,5.74000
0.00000,0.00000,0.00000,0.00000,0.00000,-0.00000,0.00000,-5.79000,5.74000
0.00000,0.00000,0.00000,0.00000,0.00000,-0.00000,0.00000,-5.81000,5.77000
0.00000,0.00000,0.00000,0.00000,0.00000,-0.00000,0.00000,-5.81000,5.77000
0.00000,0.00000,0.00000,0.00000,0.00000,-0.00000,0.00000,-5.84000,5.79000
0.00000,0.00000,0.00000,0.00000,0.00000,-0.00000,0.00000,-5.84000,5.79000
0.00000,0.00000,0.00000,0.00000,0.00000,-0.00000,0.00000,-5.87000,5.82000
0.00000,0.00000,0.00000,0.00000,0.00000,-0.00000,0.00000,-5.87000,5.82000
0.00000,0.00000,0.00000,0.00000,0.00000,-0.00000,0.00000,-5.89000,5.84000
0.00000,0.00000,0.00000,0.00000,0.00000,-0.00000,0.00000,-5.89000,5.84000
0.00000,0.00000,0.00000,0.00000,0.00000,-0.00000,0.00000,-5.92000,5.87000
0.00000,0.00000,0.00000,0.00000,0.00000,-0.00000,0.00000,-5.92000,5.87000
0.00000,0.00000,0.00000,0.00000,0.00000,-0.00000,0.00000,-5.94000,5.89000
0.00000,0.00000,0.00000,0.00000,0.00000,-0.00000,0.00000,-5.94000,5.89000
0.00000,0.00000,0.00000,0.00000,0.00000,-0.00000,0.00000,-5.97000,5.92000
0.00000,0.00000,0.00000,0.00000,0.00000,-0.00000,0.00000,-5.97000,5.92000
0.00000,0.00000,0.00000,0.00000,0.00000,-0.00000,0.00000,-6.00000,5.95000
0.00000,0.00000,0.00000,0.00000,0.00000,-0.00000,0.00000,-6.00000,5.95000
0.00000,0.00000,0.00000,0.00000,0.00000,-0.00000,0.00000,-6.02000,5.97000
0.00000,0.00000,0.00000,0.00000,0.00000,-0.00000,0.00000,-6.02000,5.97000
0.00000,0.00000,0.00000,0.00000,0.00000,-0.00000,0.00000,-6.05000,6.00000
0.00000,0.00000,0.00000,0.00000,0.00000,-0.00000,0.00000,-6.05000,6.00000
0.00000,0.00000,0.00000,0.00000,0.00000,-0.00000,0.00000,-6.07000,6.02000
0.00000,0.00000,0.00000,0.00000,0.00000,-0.00000,0.00000,-6.07000,6.02000
0.00000,0.00000,0.00000,0.00000,0.00000,-0.00000,0.00000,-6.10000,6.05000
0.00000,0.00000,0.00000,0.00000,0.00000,-0.00000,0.00000,-6.10000,6.05000
0.00000,0.00000,0.00000,0.00000,0.00000,-0.00000,0.00000,-6.13000,6.07000
0.00000,0.00000,0.00000,0.00000,0.00000,-0.00000,0.00000,-6.13000,6.07000
0.00000,0.00000,0.00000,0.00000,0.00000,-0.00000,0.00000,-6.15000,6.10000
0.00000,0.00000,0.00000,0.00000,0.00000,-0.00000,0.00000,-6.15000,6.10000
0.00000,0.00000,0.00000,0.00000,0.00000,-0.00000,0.00000,-6.18000,6.13000
0.00000,0.00000,0.00000,0.00000,0.00000,-0.00000,0.00000,-6.18000,6.13000
0.00000,0.00000,0.00000,0.00000,0.00000,-0.00000,0.00000,-6.20000,6.15000
0.00000,0.00000,0.00000,0.00000,0.00000,-0.00000,0.00000,-6.20000,6.15000
0.00000,0.00000,0.00000,0.00000,0.00000,-0.00000,0.00000,-6.23000,6.18000
0.00000,0.00000,0.00000,0.00000,0.00000,-0.00000,0.00000,-6.23000,6.18000
0.00000,0.00000,0.00000,0.00000,0.00000,-0.00000,0.00000,-6.25000,6.20000
0.00000,0.00000,0.00000,0.00000,0.00000,-0.00000,0.00000,-6.25000,6.20000
0.00000,0.00000,0.00000,0.00000,0.00000,-0.00000,0.00000,-6.28000,6.23000
0.00000,0.00000,0.00000,0.00000,0.00000,-0.00000,0.00000,-6.28000,6.23000
0.00000,0.00000,0.00000,0.00000,0.00000,-0.00000,0.00000,-6.31000,6.25000
0.00000,0.00000,0.00000,0.00000,0.00000,-0.00000,0.00000,-6.31000,6.25000
0.00000,0.00000,0.00000,0.00000,0.00000,-0.00000,0.00000,-6.33000,6.28000
0.00000,0.00000,0.00000,0.00000,0.00000,-0.00000,0.00000,-6.33000,6.28000
0.00000,0.00000,0.00000,0.00000,0.00000,-0.00000,0.00000,-6.36000,6.30000
0.00000,0.00000,0.00000,0.00000,0.00000,-0.00000,0.00000,-6.36000,6.30000
0.00000,0.00000,0.00000,0.00000,0.00000,-0.00000,0.00000,-6.38000,6.33000
0.00000,0.00000,0.00000,0.00000,0.00000,-0.00000,0.00000,-6.38000,6.33000
0.00000,0.00000,0.00000,0.00000,0.00000,-0.00000,0.00000,-6.41000,6.36000
0.00000,0.00000,0.00000,0.00000,0.00000,-0.00000,0.00000,-6.41000,6.36000
0.00000,0.00000,0.00000,0.00000,0.00000,-0.00000,0.00000,-6.44000,6.38000
0.00000,0.00000,0.00000,0.00000,0.00000,-0.00000,0.00000,-6.44000,6.38000
0.00000,0.00000,0.00000,0.00000,0.00000,-0.00000,0.00000,-6.46000,6.41000
0.00000,0.00000,0.00000,0.00000,0.00000,-0.00000,0.00000,-6.46000,6.41000
0.00000,0.00000,0.00000,0.00000,0.00000,-0.00000,0.00000,-6.49000,6.43000
0.00000,0.00000,0.00000,0.00000,0.00000,-0.00000,0.00000,-6.49000,6.43000
0.00000,0.00000,0.00000,0.00000,0.00000,-0.00000,0.00000,-6.51000,6.46000
0.00000,0.00000,0.00000,0.00000,0.00000,-0.00000,0.00000,-6.51000,6.46000
0.00000,0.00000,0.00000,0.00000,0.00000,-0.00000,0.00000,-6.54000,6.48000
0.00000,0.00000,0.00000,0.00000,0.00000,-0.00000,0.00000,-6.54000,6.48000
0.00000,0.00000,0.00000,0.00000,0.00000,-0.00000,0.00000,-6.57000,6.51000
0.00000,0.00000,0.00000,0.00000,0.00000,-0.00000,0.00000,-6.57000,6.51000
0.00000,0.00000,0.00000,0.00000,0.00000,-0.00000,0.00000,-6.59000,6.54000
0.00000,0.00000,0.00000,0.00000,0.00000,-0.00000,0.00000,-6.59000,6.54000
0.00000,0.00000,0.00000,0.00000,0.00000,-0.00000,0.00000,-6.62000,6.56000
0.00000,0.00000,0.00000,0.00000,0.00000,-0.00000,0.00000,-6.62000,6.56000
0.00000,0.00000,0.00000,0.00000,0.00000,-0.00000,0.00000,-6.64000,6.59000
0.00000,0.00000,0.00000,0.00000,0.00000,-0.00000,0.00000,-6.64000,6.59000
0.00000,0.00000,0.00000,0.00000,0.00000,-0.00000,0.00000,-6.67000,6.61000
0.00000,0.00000,0.00000,0.00000,0.00000,-0.00000,0.00000,-6.67000,6.61000
0.00000,0.00000,0.00000,0.00000,0.00000,-0.00000,0.00000,-6.70000,6.64000
0.00000,0.00000,0.00000,0.00000,0.00000,-0.00000,0.00000,-6.70000,6.64000
0.00000,0.00000,0.00000,0.00000,0.00000,-0.00000,0.00000,-6.72000,6.66000
0.00000,0.00000,0.00000,0.00000,0.00000,-0.00000,0.00000,-6.72000,6.66000
0.00000,0.00000,0.00000,0.00000,0.00000,-0.00000,0.00000,-6.75000,6.69000
0.00000,0.00000,0.00000,0.00000,0.00000,-0.00000,0.00000,-6.75000,6.69000
0.00000,0.00000,0.00000,0.00000,0.00000,-0.00000,0.00000,-6.77000,6.72000
0.00000,0.00000,0.00000,0.00000,0.00000,-0.00000,0.00000,-6.77000,6.72000
0.00000,0.00000,0.00000,0.00000,0.00000,-0.00000,0.00000,-6.80000,6.74000
0.00000,0.00000,0.00000,0.00000,0.00000,-0.00000,0.00000,-6.80000,6.74000
0.00000,0.00000,0.00000,0.00000,0.00000,-0.00000,0.00000,-6.82000,6.77000
0.00000,0.00000,0.00000,0.00000,0.00000,-0.00000,0.00000,-6.82000,6.77000
0.00000,0.00000,0.00000,0.00000,0.00000,-0.00000,0.00000,-6.85000,6.79000
0.00000,0.00000,0.00000,0.00000,0.00000,-0.00000,0.00000,-6.85000,6.79000
0.00000,0.00000,0.00000,0.00000,0.00000,-0.00000,0.00000,-6.88000,6.82000
0.00000,0.00000,0.00000,0.00000,0.00000,-0.00000,0.00000,-6.88000,6.82000
0.00000,0.00000,0.00000,0.00000,0.00000,-0.00000,0.00000,-6.90000,6.84000
0.00000,0.00000,0.00000,0.00000,0.00000,-0.00000,0.00000,-6.90000,6.84000
0.00000,0.00000,0.00000,0.00000,0.00000,-0.00000,0.00000,-6.93000,6.87000
0.00000,0.00000,0.00000,0.00000,0.00000,-0.00000,0.00000,-6.93000,6.87000
0.00000,0.00000,0.00000,0.00000,0.00000,-0.00000,0.00000,-6.95000,6.90000
0.00000,0.00000,0.00000,0.00000,0.00000,-0.00000,0.00000,-6.95000,6.90000
0.00000,0.00000,0.00000,0.00000,0.00000,-0.00000,0.00000,-6.98000,6.92000
0.00000,0.00000,0.00000,0.00000,0.00000,-0.00000,0.00000,-6.98000,6.92000
0.00000,0.00000,0.00000,0.00000,0.00000,-0.00000,0.00000,-7.01000,6.95000
0.00000,0.00000,0.00000,0.00000,0.00000,-0.00000,0.00000,-7.01000,6.95000
0.00000,0.00000,0.00000,0.00000,0.00000,-0.00000,0.00000,-7.03000,6.97000
0.00000,0.00000,0.00000,0.00000,0.00000,-0.00000,0.00000,-7.03000,6.97000
0.00000,0.00000,0.00000,0.00000,0.00000,-0.00000,0.00000,-7.06000,7.00000
0.00000,0.00000,0.00000,0.00000,0.00000,-0.00000,0.00000,-7.06000,7.00000
0.00000,0.00000,0.00000,0.00000,0.00000,-0.00000,0.00000,-7.08000,7.02000
0.00000,0.00000,0.00000,0.00000,0.00000,-0.00000,0.00000,-7.08000,7.02000
0.00000,0.00000,0.00000,0.00000,0.00000,-0.00000,0.00000,-7.11000,7.05000
0.00000,0.00000,0.00000,0.00000,0.00000,-0.00000,0.00000,-7.11000,7.05000
0.00000,0.00000,0.00000,0.00000,0.00000,-0.00000,0.00000,-7.14000,7.08000
0.00000,0.00000,0.00000,0.00000,0.00000,-0.00000,0.00000,-7.14000,7.08000
0.00000,0.00000,0.00000,0.00000,0.00000,-0.00000,0.00000,-7.16000,7.10000
0.00000,0.00000,0.00000,0.00000,0.00000,-0.00000,0.00000,-7.16000,7.10000
0.00000,0.00000,0.00000,0.00000,0.00000,-0.00000,0.00000,-7.19000,7.13000
0.00000,0.00000,0.00000,0.00000,0.00000,-0.00000,0.00000,-7.19000,7.13000
0.00000,0.00000,0.00000,0.00000,0.00000,-0.00000,0.00000,-7.21000,7.15000
0.00000,0.00000,0.00000,0.00000,0.00000,-0.00000,0.00000,-7.21000,7.15000
0.00000,0.00000,0.00000,0.00000,0.00000,-0.00000,0.00000,-7.24000,7.18000
0.00000,0.00000,0.00000,0.00000,0.00000,-0.00000,0.00000,-7.24000,7.18000
0.00000,0.00000,0.00000,0.00000,0.00000,-0.00000,0.00000,-7.26000,7.20000
0.00000,0.00000,0.00000,0.00000,0.00000,-0.00000,0.00000,-7.26000,7.20000
0.00000,0.00000,0.00000,0.00000,0.00000,-0.00000,0.00000,-7.29000,7.23000
0.00000,0.00000,0.00000,0.00000,0.00000,-0.00000,0.00000,-7.29000,7.23000
0.00000,0.00000,0.00000,0.00000,0.00000,-0.00000,0.00000,-7.32000,7.26000
0.00000,0.00000,0.00000,0.00000,0.00000,-0.00000,0.00000,-7.32000,7.26000
0.00000,0.00000,0.00000,0.00000,0.00000,-0.00000,0.00000,-7.34000,7.28000
0.00000,0.00000,0.00000,0.00000,0.00000,-0.00000,0.00000,-7.34000,7.28000
0.00000,0.00000,0.00000,0.00000,0.00000,-0.00000,0.00000,-7.37000,7.31000
0.00000,0.00000,0.00000,0.00000,0.00000,-0.00000,0.00000,-7.37000,7.31000
0.00000,0.00000,0.00000,0.00000,0.00000,-0.00000,0.00000,-7.39000,7.33000
0.00000,0.00000,0.00000,0.00000,0.00000,-0.00000,0.00000,-7.39000,7.33000
0.00000,0.00000,0.00000,0.00000,0.00000,-0.00000,0.00000,-7.42000,7.36000
0.00000,0.00000,0.00000,0.00000,0.00000,-0.00000,0.00000,-7.42000,7.36000
0.00000,0.00000,0.00000,0.00000,0.00000,-0.00000,0.00000,-7.45000,7.38000
0.00000,0.00000,0.00000,0.00000,0.00000,-0.00000,0.00000,-7.45000,7.38000
0.00000,0.00000,0.00000,0.00000,0.00000,-0.00000,0.00000,-7.47000,7.41000
0.00000,0.00000,0.00000,0.00000,0.00000,-0.00000,0.00000,-7.47000,7.41000
0.00000,0.00000,0.00000,0.00000,0.00000,-0.00000,0.00000,-7.50000,7.43000
0.00000,0.00000,0.00000,0.00000,0.00000,-0.00000,0.00000,-7.50000,7.43000
0.00000,0.00000,0.00000,0.00000,0.00000,-0.00000,0.00000,-7.52000,7.46000
0.00000,0.00000,0.00000,0.00000,0.00000,-0.00000,0.00000,-7.52000,7.46000
0.00000,0.00000,0.00000,0.00000,0.00000,-0.00000,0.00000,-7.55000,7.49000
0.00000,0.00000,0.00000,0.00000,0.00000,-0.00000,0.00000,-7.55000,7.49000
0.00000,0.00000,0.00000,0.00000,0.00000,-0.00000,0.00000,-7.58000,7.51000
0.00000,0.00000,0.00000,0.00000,0.00000,-0.00000,0.00000,-7.58000,7.51000
0.00000,0.00000,0.00000,0.00000,0.00000,-0.00000,0.00000,-7.60000,7.54000
0.00000,0.00000,0.00000,0.00000,0.00000,-0.00000,0.00000,-7.60000,7.54000
0.00000,0.00000,0.00000,0.00000,0.00000,-0.00000,0.00000,-7.63000,7.56000
0.00000,0.00000,0.00000,0.00000,0.00000,-0.00000,0.00000,-7.63000,7.56000
0.00000,0.00000,0.00000,0.00000,0.00000,-0.00000,0.00000,-7.65000,7.59000
0.00000,0.00000,0.00000,0.00000,0.00000,-0.00000,0.00000,-7.65000,7.59000
0.00000,0.00000,0.00000,0.00000,0.00000,-0.00000,0.00000,-7.68000,7.61000
0.00000,0.00000,0.00000,0.00000,0.00000,-0.00000,0.00000,-7.68000,7.61000
0.00000,0.00000,0.00000,0.00000,0.00000,-0.00000,0.00000,-7.71000,7.64000
0.00000,0.00000,0.00000,0.00000,0.00000,-0.00000,0.00000,-7.71000,7.64000
0.00000,0.00000,0.00000,0.00000,0.00000,-0.00000,0.00000,-7.73000,7.67000
0.00000,0.00000,0.00000,0.00000,0.00000,-0.00000,0.00000,-7.73000,7.67000
0.00000,0.00000,0.00000,0.00000,0.00000,-0.00000,0.00000,-7.76000,7.69000
0.00000,0.00000,0.00000,0.00000,0.00000,-0.00000,0.00000,-7.76000,7.69000
0.00000,0.00000,0.00000,0.00000,0.00000,-0.00000,0.00000,-7.78000,7.72000
0.00000,0.00000,0.00000,0.00000,0.00000,-0.00000,0.00000,-7.78000,7.72000
0.00000,0.00000,0.00000,0.00000,0.00000,-0.00000,0.00000,-7.81000,7.74000
0.00000,0.00000,0.00000,0.00000,0.00000,-0.00000,0.00000,-7.81000,7.74000
0.00000,0.00000,0.00000,0.00000,0.00000,-0.00000,0.00000,-7.83000,7.77000
0.00000,0.00000,0.00000,0.00000,0.00000,-0.00000,0.00000,-7.83000,7.77000
0.00000,0.00000,0.00000,0.00000,0.00000,-0.00000,0.00000,-7.86000,7.79000
0.00000,0.00000,0.00000,0.00000,0.00000,-0.00000,0.00000,-7.86000,7.79000
0.00000,0.00000,0.00000,0.00000,0.00000,-0.00000,0.00000,-7.89000,7.82000
0.00000,0.00000,0.00000,0.00000,0.00000,-0.00000,0.00000,-7.89000,7.82000
0.00000,0.00000,0.00000,0.00000,0.00000,-0.00000,0.00000,-7.91000,7.85000
0.00000,0.00000,0.00000,0.00000,0.00000,-0.00000,0.00000,-7.91000,7.85000
0.00000,0.00000,0.00000,0.00000,0.00000,-0.00000,0.00000,-7.94000,7.87000
0.00000,0.00000,0.00000,0.00000,0.00000,-0.00000,0.00000,-7.94000,7.87000
0.00000,0.00000,0.00000,0.00000,0.00000,-0.00000,0.00000,-7.96000,7.90000
0.00000,0.00000,0.00000,0.00000,0.00000,-0.00000,0.00000,-7.96000,7.90000
0.00000,0.00000,0.00000,0.00000,0.00000,-0.00000,0.00000,-7.99000,7.92000
0.00000,0.00000,0.00000,0.00000,0.00000,-0.00000,0.00000,-7.99000,7.92000
0.00000,0.00000,0.00000,0.00000,0.00000,-0.00000,0.00000,-8.02000,7.95000
0.00000,0.00000,0.00000,0.00000,0.00000,-0.00000,0.00000,-8.02000,7.95000
0.00000,0.00000,0.00000,0.00000,0.00000,-0.00000,0.00000,-8.04000,7.97000
0.00000,0.00000,0.00000,0.00000,0.00000,-0.00000,0.00000,-8.04000,7.97000
0.00000,0.00000,0.00000,0.00000,0.00000,-0.00000,0.00000,-8.07000,8.00000
0.00000,0.00000,0.00000,0.00000,0.00000,-0.00000,0.00000,-8.07000,8.00000
0.00000,0.00000,0.00000,0.00000,0.00000,-0.00000,0.00000,-8.09000,8.03000
0.00000,0.00000,0.00000,0.00000,0.00000,-0.00000,0.00000,-8.09000,8.03000
0.00000,0.00000,0.00000,0.00000,0.00000,-0.00000,0.00000,-8.12000,8.05000
0.00000,0.00000,0.00000,0.00000,0.00000,-0.00000,0.00000,-8.12000,8.05000
0.00000,0.00000,0.00000,0.00000,0.00000,-0.00000,0.00000,-8.15000,8.08000
0.00000,0.00000,0.00000,0.00000,0.00000,-0.00000,0.00000,-8.15000,8.08000
0.00000,0.00000,0.00000,0.00000,0.00000,-0.00000,0.00000,-8.17000,8.10000
0.00000,0.00000,0.00000,0.00000,0.00000,-0.00000,0.00000,-8.17000,8.10000
0.00000,0.00000,0.00000,0.00000,0.00000,-0.00000,0.00000,-8.20000,8.13000
0.00000,0.00000,0.00000,0.00000,0.00000,-0.00000,0.00000,-8.20000,8.13000
0.00000,0.00000,0.00000,0.00000,0.00000,-0.00000,0.00000,-8.22000,8.15000
0.00000,0.00000,0.00000,0.00000,0.00000,-0.00000,0.00000,-8.22000,8.15000
0.00000,0.00000,0.00000,0.00000,0.00000,-0.00000,0.00000,-8.25000,8.18000
0.00000,0.00000,0.00000,0.00000,0.00000,-0.00000,0.00000,-8.25000,8.18000
0.00000,0.00000,0.00000,0.00000,0.00000,-0.00000,0.00000,-8.28000,8.21000
0.00000,0.00000,0.00000,0.00000,0.00000,-0.00000,0.00000,-8.28000,8.21000
0.00000,0.00000,0.00000,0.00000,0.00000,-0.00000,0.00000,-8.30000,8.23000
0.00000,0.00000,0.00000,0.00000,0.00000,-0.00000,0.00000,-8.30000,8.23000
0.00000,0.00000,0.00000,0.00000,0.00000,-0.00000,0.00000,-8.33000,8.26000
0.00000,0.00000,0.00000,0.00000,0.00000,-0.00000,0.00000,-8.33000,8.26000
0.00000,0.00000,0.00000,0.00000,0.00000,-0.00000,0.00000,-8.35000,8.28000
0.00000,0.00000,0.00000,0.00000,0.00000,-0.00000,0.00000,-8.35000,8.28000
0.00000,0.00000,0.00000,0.00000,0.00000,-0.00000,0.00000,-8.38000,8.31000
0.00000,0.00000,0.00000,0.00000,0.00000,-0.00000,0.00000,-8.38000,8.31000
0.00000,0.00000,0.00000,0.00000,0.00000,-0.00000,0.00000,-8.40000,8.33000
0.00000,0.00000,0.00000,0.00000,0.00000,-0.00000,0.00000,-8.40000,8.33000
0.00000,0.00000,0.00000,0.00000,0.00000,-0.00000,0.00000,-8.43000,8.36000
0.00000,0.00000,0.00000,0.00000,0.00000,-0.00000,0.00000,-8.43000,8.36000
0.00000,0.00000,0.00000,0.00000,0.00000,-0.00000,0.00000,-8.46000,8.39000
0.00000,0.00000,0.00000,0.00000,0.00000,-0.00000,0.00000,-8.46000,8.39000
0.00000,0.00000,0.00000,0.00000,0.00000,-0.00000,0.00000,-8.48000,8.41000
0.00000,0.00000,0.00000,0.00000,0.00000,-0.00000,0.00000,-8.48000,8.41000
0.00000,0.00000,0.00000,0.00000,0.00000,-0.00000,0.00000,-8.51000,8.44000
0.00000,0.00000,0.00000,0.00000,0.00000,-0.00000,0.00000,-8.51000,8.44000
0.00000,0.00000,0.00000,0.00000,0.00000,-0.00000,0.00000,-8.53000,8.46000
0.00000,0.00000,0.00000,0.00000,0.00000,-0.00000,0.00000,-8.53000,8.46000
0.00000,0.00000,0.00000,0.00000,0.00000,-0.00000,0.00000,-8.56000,8.49000
0.00000,0.00000,0.00000,0.00000,0.00000,-0.00000,0.00000,-8.56000,8.49000
0.00000,0.00000,0.00000,0.00000,0.00000,-0.00000,0.00000,-8.59000,8.51000
0.00000,0.00000,0.00000,0.00000,0.00000,-0.00000,0.00000,-8.59000,8.51000
0.00000,0.00000,0.00000,0.00000,0.00000,-0.00000,0.00000,-8.61000,8.54000
0.00000,0.00000,0.00000,0.00000,0.00000,-0.00000,0.00000,-8.61000,8.54000
0.00000,0.00000,0.00000,0.00000,0.00000,-0.00000,0.00000,-8.64000,8.56000
0.00000,0.00000,0.00000,0.00000,0.00000,-0.00000,0.00000,-8.64000,8.56000
0.00000,0.00000,0.00000,0.00000,0.00000,-0.00000,0.00000,-8.66000,8.59000
0.00000,0.00000,0.00000,0.00000,0.00000,-0.00000,0.00000,-8.66000,8.59000
0.00000,0.00000,0.00000,0.00000,0.00000,-0.00000,0.00000,-8.69000,8.62000
0.00000,0.00000,0.00000,0.00000,0.00000,-0.00000,0.00000,-8.69000,8.62000
0.00000,0.00000,0.00000,0.00000,0.00000,-0.00000,0.00000,-8.72000,8.64000
0.00000,0.00000,0.00000,0.00000,0.00000,-0.00000,0.00000,-8.72000,8.64000
0.00000,0.00000,0.00000,0.00000,0.00000,-0.00000,0.00000,-8.74000,8.67000
0.00000,0.00000,0.00000,0.00000,0.00000,-0.00000,0.00000,-8.74000,8.67000
0.00000,0.00000,0.00000,0.00000,0.00000,-0.00000,0.00000,-8.77000,8.69000
0.00000,0.00000,0.00000,0.00000,0.00000,-0.00000,0.00000,-8.77000,8.69000
0.00000,0.00000,0.00000,0.00000,0.00000,-0.00000,0.00000,-8.79000,8.72000
0.00000,0.00000,0.00000,0.00000,0.00000,-0.00000,0.00000,-8.79000,8.72000
0.00000,0.00000,0.00000,0.00000,0.00000,-0.00000,0.00000,-8.82000,8.74000
0.00000,0.00000,0.00000,0.00000,0.00000,-0.00000,0.00000,-8.82000,8.74000
0.00000,0.00000,0.00000,0.00000,0.00000,-0.00000,0.00000,-8.84000,8.77000
0.00000,0.00000,0.00000,0.00000,0.00000,-0.00000,0.00000,-8.84000,8.77000
0.00000,0.00000,0.00000,0.00000,0.00000,-0.00000,0.00000,-8.87000,8.80000
0.00000,0.00000,0.00000,0.00000,0.00000,-0.00000,0.00000,-8.87000,8.80000
0.00000,0.00000,0.00000,0.00000,0.00000,-0.00000,0.00000,-8.90000,8.82000
0.00000,0.00000,0.00000,0.00000,0.00000,-0.00000,0.00000,-8.90000,8.82000
0.00000,0.00000,0.00000,0.00000,0.00000,-0.00000,0.00000,-8.92000,8.85000
0.00000,0.00000,0.00000,0.00000,0.00000,-0.00000,0.00000,-8.92000,8.85000
0.00000,0.00000,0.00000,0.00000,0.00000,-0.00000,0.00000,-8.95000,8.87000
0.00000,0.00000,0.00000,0.00000,0.00000,-0.00000,0.00000,-8.95000,8.87000
0.00000,0.00000,0.00000,0.00000,0.00000,-0.00000,0.00000,-8.97000,8.90000
0.00000,0.00000,0.00000,0.00000,0.00000,-0.00000,0.00000,-8.97000,8.90000
0.00000,0.00000,0.00000,0.00000,0.00000,-0.00000,0.00000,-9.00000,8.92000
0.00000,0.00000,0.00000,0.00000,0.00000,-0.00000,0.00000,-9.00000,8.92000
0.00000,0.00000,0.00000,0.00000,0.00000,-0.00000,0.00000,-9.03000,8.95000
0.00000,0.00000,0.00000,0.00000,0.00000,-0.00000,0.00000,-9.03000,8.95000
0.00000,0.00000,0.00000,0.00000,0.00000,-0.00000,0.00000,-9.05000,8.98000
0.00000,0.00000,0.00000,0.00000,0.00000,-0.00000,0.00000,-9.05000,8.98000
0.00000,0.00000,0.00000,0.00000,0.00000,-0.00000,0.00000,-9.08000,9.00000
0.00000,0.00000,0.00000,0.00000,0.00000,-0.00000,0.00000,-9.08000,9.00000
0.00000,0.00000,0.00000,0.00000,0.00000,-0.00000,0.00000,-9.10000,9.03000
0.00000,0.00000,0.00000,0.00000,0.00000,-0.00000,0.00000,-9.10000,9.03000
0.00000,0.00000,0.00000,0.00000,0.00000,-0.00000,0.00000,-9.13000,9.05000
0.00000,0.00000,0.00000,0.00000,0.00000,-0.00000,0.00000,-9.13000,9.05000
0.00000,0.00000,0.00000,0.00000,0.00000,-0.00000,0.00000,-9.16000,9.08000
0.00000,0.00000,0.00000,0.00000,0.00000,-0.00000,0.00000,-9.16000,9.08000
0.00000,0.00000,0.00000,0.00000,0.00000,-0.00000,0.00000,-9.18000,9.10000
0.00000,0.00000,0.00000,0.00000,0.00000,-0.00000,0.00000,-9.18000,9.10000
0.00000,0.00000,0.00000,0.00000,0.00000,-0.00000,0.00000,-9.21000,9.13000
0.00000,0.00000,0.00000,0.00000,0.00000,-0.00000,0.00000,-9.21000,9.13000
0.00000,0.00000,0.00000,0.00000,0.00000,-0.00000,0.00000,-9.23000,9.16000
0.00000,0.00000,0.00000,0.00000,0.00000,-0.00000,0.00000,-9.23000,9.16000
0.00000,0.00000,0.00000,0.00000,0.00000,-0.00000,0.00000,-9.26000,9.18000
0.00000,0.00000,0.00000,0.00000,0.00000,-0.00000,0.00000,-9.26000,9.18000
0.00000,0.00000,0.00000,0.00000,0.00000,-0.00000,0.00000,-9.29000,9.21000
0.00000,0.00000,0.00000,0.00000,0.00000,-0.00000,0.00000,-9.29000,9.21000
0.00000,0.00000,0.00000,0.00000,0.00000,-0.00000,0.00000,-9.31000,9.23000
0.00000,0.00000,0.00000,0.00000,0.00000,-0.00000,0.00000,-9.31000,9.23000
0.00000,0.00000,0.00000,0.00000,0.00000,-0.00000,0.00000,-9.34000,9.26000
0.00000,0.00000,0.00000,0.00000,0.00000,-0.00000,0.00000,-9.34000,9.26000
0.00000,0.00000,0.00000,0.00000,0.00000,-0.00000,0.00000,-9.36000,9.28000
0.00000,0.00000,0.00000,0.00000,0.00000,-0.00000,0.00000,-9.36000,9.28000
0.00000,0.00000,0.00000,0.00000,0.00000,-0.00000,0.00000,-9.39000,9.31000
0.00000,0.00000,0.00000,0.00000,0.00000,-0.00000,0.00000,-9.39000,9.31000
0.00000,0.00000,0.00000,0.00000,0.00000,-0.00000,0.00000,-9.41000,9.34000
0.00000,0.00000,0.00000,0.00000,0.00000,-0.00000,0.00000,-9.41000,9.34000
0.00000,0.00000,0.00000,0.00000,0.00000,-0.00000,0.00000,-9.44000,9.36000
0.00000,0.00000,0.00000,0.00000,0.00000,-0.00000,0.00000,-9.44000,9.36000
0.00000,0.00000,0.00000,0.00000,0.00000,-0.00000,0.00000,-9.47000,9.39000
0.00000,0.00000,0.00000,0.00000,0.00000,-0.00000,0.00000,-9.47000,9.39000
0.00000,0.00000,0.00000,0.00000,0.00000,-0.00000,0.00000,-9.49000,9.41000
0.00000,0.00000,0.00000,0.00000,0.00000,-0.00000,0.00000,-9.49000,9.41000
0.00000,0.00000,0.00000,0.00000,0.00000,-0.00000,0.00000,-9.52000,9.44000
0.00000,0.00000,0.00000,0.00000,0.00000,-0.00000,0.00000,-9.52000,9.44000
0.00000,0.00000,0.00000,0.00000,0.00000,-0.00000,0.00000,-9.54000,9.46000
0.00000,0.00000,0.00000,0.00000,0.00000,-0.00000,0.00000,-9.54000,9.46000
0.00000,0.00000,0.00000,0.00000,0.00000,-0.00000,0.00000,-9.57000,9.49000
0.00000,0.00000,0.00000,0.00000,0.00000,-0.00000,0.00000,-9.57000,9.49000
0.00000,0.00000,0.00000,0.00000,0.00000,-0.00000,0.00000,-9.60000,9.52000
0.00000,0.00000,0.00000,0.00000,0.00000,-0.00000,0.00000,-9.60000,9.52000
0.00000,0.00000,0.00000,0.00000,0.00000,-0.00000,0.00000,-9.62000,9.54000
0.00000,0.00000,0.00000,0.00000,0.00000,-0.00000,0.00000,-9.62000,9.54000
0.00000,0.00000,0.00000,0.00000,0.00000,-0.00000,0.00000,-9.65000,9.57000
0.00000,0.00000,0.00000,0.00000,0.00000,-0.00000,0.00000,-9.65000,9.57000
0.00000,0.00000,0.00000,0.00000,0.00000,-0.00000,0.00000,-9.67000,9.59000
0.00000,0.00000,0.00000,0.00000,0.00000,-0.00000,0.00000,-9.67000,9.59000
0.00000,0.00000,0.00000,0.00000,0.00000,-0.00000,0.00000,-9.70000,9.62000
0.00000,0.00000,0.00000,0.00000,0.00000,-0.00000,0.00000,-9.70000,9.62000
0.00000,0.00000,0.00000,0.00000,0.00000,-0.00000,0.00000,-9.73000,9.64000
0.00000,0.00000,0.00000,0.00000,0.00000,-0.00000,0.00000,-9.73000,9.64000
0.00000,0.00000,0.00000,0.00000,0.00000,-0.00000,0.00000,-9.75000,9.67000
0.00000,0.00000,0.00000,0.00000,0.00000,-0.00000,0.00000,-9.75000,9.67000
0.00000,0.00000,0.00000,0.00000,0.00000,-0.00000,0.00000,-9.78000,9.69000
0.00000,0.00000,0.00000,0.00000,0.00000,-0.00000,0.00000,-9.78000,9.69000
0.00000,0.00000,0.00000,0.00000,0.00000,-0.00000,0.00000,-9.80000,9.72000
0.00000,0.00000,0.00000,0.00000,0.00000,-0.00000,0.00000,-9.80000,9.72000
0.00000,0.00000,0.00000,0.00000,0.00000,-0.00000,0.00000,-9.83000,9.75000
0.00000,0.00000,0.00000,0.00000,0.00000,-0.00000,0.00000,-9.83000,9.75000
0.00000,0.00000,0.00000,0.00000,0.00000,-0.00000,0.00000,-9.85000,9.77000
0.00000,0.00000,0.00000,0.00000,0.00000,-0.00000,0.00000,-9.85000,9.77000
0.00000,0.00000,0.00000,0.00000,0.00000,-0.00000,0.00000,-9.88000,9.80000
0.00000,0.00000,0.00000,0.00000,0.00000,-0.00000,0.00000,-9.88000,9.80000
0.00000,0.00000,0.00000,0.00000,0.00000,-0.00000,0.00000,-9.91000,9.82000
0.00000,0.00000,0.00000,0.00000,0.00000,-0.00000,0.00000,-9.91000,9.82000
0.00000,0.00000,0.00000,0.00000,0.00000,-0.00000,0.00000,-9.93000,9.85000
0.00000,0.00000,0.00000,0.00000,0.00000,-0.00000,0.00000,-9.93000,9.85000
0.00000,0.00000,0.00000,0.00000,0.00000,-0.00000,0.00000,-9.96000,9.87000
0.00000,0.00000,0.00000,0.00000,0.00000,-0.00000,0.00000,-9.96000,9.87000
0.00000,0.00000,0.00000,0.00000,0.00000,-0.00000,0.00000,-9.98000,9.90000
0.00000,0.00000,0.00000,0.00000,0.00000,-0.00000,0.00000,-9.98000,9.90000
0.00000,0.00000,0.00000,0.00000,0.00000,-0.00000,0.00000,-10.01000,9.93000
0.00000,0.00000,0.00000,0.00000,0.00000,-0.00000,0.00000,-10.01000,9.93000
0.00000,0.00000,0.00000,0.00000,0.00000,-0.00000,0.00000,-10.04000,9.95000
0.00000,0.00000,0.00000,0.00000,0.00000,-0.00000,0.00000,-10.04000,9.95000
0.00000,0.00000,0.00000,0.00000,0.00000,-0.00000,0.00000,-10.06000,9.98000
0.00000,0.00000,0.00000,0.00000,0.00000,-0.00000,0.00000,-10.06000,9.98000
0.00000,0.00000,0.00000,0.00000,0.00000,-0.00000,0.00000,-10.09000,10.00000
0.00000,0.00000,0.00000,0.00000,0.00000,-0.00000,0.00000,-10.09000,10.00000
0.00000,0.00000,0.00000,0.00000,0.00000,-0.00000,0.00000,-10.11000,10.03000
0.00000,0.00000,0.00000,0.00000,0.00000,-0.00000,0.00000,-10.11000,10.03000
0.00000,0.00000,0.00000,0.00000,0.00000,-0.00000,0.00000,-10.14000,10.05000
0.00000,0.00000,0.00000,0.00000,0.00000,-0.00000,0.00000,-10.14000,10.05000
0.00000,0.00000,0.00000,0.00000,0.00000,-0.00000,0.00000,-10.17000,10.08000
0.00000,0.00000,0.00000,0.00000,0.00000,-0.00000,0.00000,-10.17000,10.08000
0.00000,0.00000,0.00000,0.00000,0.00000,-0.00000,0.00000,-10.19000,10.11000
0.00000,0.00000,0.00000,0.00000,0.00000,-0.00000,0.00000,-10.19000,10.11000
0.00000,0.00000,0.00000,0.00000,0.00000,-0.00000,0.00000,-10.22000,10.13000
0.00000,0.00000,0.00000,0.00000,0.00000,-0.00000,0.00000,-10.22000,10.13000
0.00000,0.00000,0.00000,0.00000,0.00000,-0.00000,0.00000,-10.24000,10.16000
0.00000,0.00000,0.00000,0.00000,0.00000,-0.00000,0.00000,-10.24000,10.16000
0.00000,0.00000,0.00000,0.00000,0.00000,-0.00000,0.00000,-10.27000,10.18000
0.00000,0.00000,0.00000,0.00000,0.00000,-0.00000,0.00000,-10.27000,10.18000
0.00000,0.00000,0.00000,0.00000,0.00000,-0.00000,0.00000,-10.30000,10.21000
0.00000,0.00000,0.00000,0.00000,0.00000,-0.00000,0.00000,-10.30000,10.21000
0.00000,0.00000,0.00000,0.00000,0.00000,-0.00000,0.00000,-10.32000,10.23000
0.00000,0.00000,0.00000,0.00000,0.00000,-0.00000,0.00000,-10.32000,10.23000
0.00000,0.00000,0.00000,0.00000,0.00000,-0.00000,0.00000,-10.35000,10.26000
0.00000,0.00000,0.00000,0.00000,0.00000,-0.00000,0.00000,-10.35000,10.26000
0.00000,0.00000,0.00000,0.00000,0.00000,-0.00000,0.00000,-10.37000,10.29000
0.00000,0.00000,0.00000,0.00000,0.00000,-0.00000,0.00000,-10.37000,10.29000
0.00000,0.00000,0.00000,0.00000,0.00000,-0.00000,0.00000,-10.40000,10.31000
0.00000,0.00000,0.00000,0.00000,0.00000,-0.00000,0.00000,-10.40000,10.31000
0.00000,0.00000,0.00000,0.00000,0.00000,-0.00000,0.00000,-10.42000,10.34000
0.00000,0.00000,0.00000,0.00000,0.00000,-0.00000,0.00000,-10.42000,10.34000
0.00000,0.00000,0.00000,0.00000,0.00000,-0.00000,0.00000,-10.45000,10.36000
0.00000,0.00000,0.00000,0.00000,0.00000,-0.00000,0.00000,-10.45000,10.36000
0.00000,0.00000,0.00000,0.00000,0.00000,-0.00000,0.00000,-10.48000,10.39000
0.00000,0.00000,0.00000,0.00000,0.00000,-0.00000,0.00000,-10.48000,10.39000
0.00000,0.00000,0.00000,0.00000,0.00000,-0.00000,0.00000,-10.50000,10.41000
0.00000,0.00000,0.00000,0.00000,0.00000,-0.00000,0.00000,-10.50000,10.41000
0.00000,0.00000,0.00000,0.00000,0.00000,-0.00000,0.00000,-10.53000,10.44000
0.00000,0.00000,0.00000,0.00000,0.00000,-0.00000,0.00000,-10.53000,10.44000
0.00000,0.00000,0.00000,0.00000,0.00000,-0.00000,0.00000,-10.55000,10.47000
0.00000,0.00000,0.00000,0.00000,0.00000,-0.00000,0.00000,-10.55000,10.47000
0.00000,0.00000,0.00000,0.00000,0.00000,-0.00000,0.00000,-10.58000,10.49000
0.00000,0.00000,0.00000,0.00000,0.00000,-0.00000,0.00000,-10.58000,10.49000
0.00000,0.00000,0.00000,0.00000,0.00000,-0.00000,0.00000,-10.61000,10.52000
0.00000,0.00000,0.00000,0.00000,0.00000,-0.00000,0.00000,-10.61000,10.52000
0.00000,0.00000,0.00000,0.00000,0.00000,-0.00000,0.00000,-10.63000,10.54000
0.00000,0.00000,0.00000,0.00000,0.00000,-0.00000,0.00000,-10.63000,10.54000
0.00000,0.00000,0.00000,0.00000,0.00000,-0.00000,0.00000,-10.66000,10.57000
0.00000,0.00000,0.00000,0.00000,0.00000,-0.00000,0.00000,-10.66000,10.57000
0.00000,0.00000,0.00000,0.00000,0.00000,-0.00000,0.00000,-10.68000,10.59000
0.00000,0.00000,0.00000,0.00000,0.00000,-0.00000,0.00000,-10.68000,10.59000
0.00000,0.00000,0.00000,0.00000,0.00000,-0.00000,0.00000,-10.71000,10.62000
0.00000,0.00000,0.00000,0.00000,0.00000,-0.00000,0.00000,-10.71000,10.62000
0.00000,0.00000,0.00000,0.00000,0.00000,-0.00000,0.00000,-10.74000,10.65000
0.00000,0.00000,0.00000,0.00000,0.00000,-0.00000,0.00000,-10.74000,10.65000
0.00000,0.00000,0.00000,0.00000,0.00000,-0.00000,0.00000,-10.76000,10.67000
0.00000,0.00000,0.00000,0.00000,0.00000,-0.00000,0.00000,-10.76000,10.67000
0.00000,0.00000,0.00000,0.00000,0.00000,-0.00000,0.00000,-10.79000,10.70000
0.00000,0.00000,0.00000,0.00000,0.00000,-0.00000,0.00000,-10.79000,10.70000
0.00000,0.00000,0.00000,0.00000,0.00000,-0.00000,0.00000,-10.81000,10.72000
0.00000,0.00000,0.00000,0.00000,0.00000,-0.00000,0.00000,-10.81000,10.72000
0.00000,0.00000,0.00000,0.00000,0.00000,-0.00000,0.00000,-10.84000,10.75000
0.00000,0.00000,0.00000,0.00000,0.00000,-0.00000,0.00000,-10.84000,10.75000
0.00000,0.00000,0.00000,0.00000,0.00000,-0.00000,0.00000,-10.86000,10.77000
0.00000,0.00000,0.00000,0.00000,0.00000,-0.00000,0.00000,-10.86000,10.77000
0.00000,0.00000,0.00000,0.00000,0.00000,-0.00000,0.00000,-10.89000,10.80000
0.00000,0.00000,0.00000,0.00000,0.00000,-0.00000,0.00000,-10.89000,10.80000
0.00000,0.00000,0.00000,0.00000,0.00000,-0.00000,0.00000,-10.92000,10.83000
0.00000,0.00000,0.00000,0.00000,0.00000,-0.00000,0.00000,-10.92000,10.83000
0.00000,0.00000,0.00000,0.00000,0.00000,-0.00000,0.00000,-10.94000,10.85000
0.00000,0.00000,0.00000,0.00000,0.00000,-0.00000,0.00000,-10.94000,10.85000
0.00000,0.00000,0.00000,0.00000,0.00000,-0.00000,0.00000,-10.97000,10.88000
0.00000,0.00000,0.00000,0.00000,0.00000,-0.00000,0.00000,-10.97000,10.88000
0.00000,0.00000,0.00000,0.00000,0.00000,-0.00000,0.00000,-10.99000,10.90000
0.00000,0.00000,0.00000,0.00000,0.00000,-0.00000,0.00000,-10.99000,10.90000
0.00000,0.00000,0.00000,0.00000,0.00000,-0.00000,0.00000,-11.02000,10.93000
0.00000,0.00000,0.00000,0.00000,0.00000,-0.00000,0.00000,-11.02000,10.93000
0.00000,0.00000,0.00000,0.00000,0.00000,-0.00000,0.00000,-11.05000,10.95000
0.00000,0.00000,0.00000,0.00000,0.00000,-0.00000,0.00000,-11.05000,10.95000
0.00000,0.00000,0.00000,0.00000,0.00000,-0.00000,0.00000,-11.07000,10.98000
0.00000,0.00000,0.00000,0.00000,0.00000,-0.00000,0.00000,-11.07000,10.98000
0.00000,0.00000,0.00000,0.00000,0.00000,-0.00000,0.00000,-11.10000,11.00000
0.00000,0.00000,0.00000,0.00000,0.00000,-0.00000,0.00000,-11.10000,11.00000
0.00000,0.00000,0.00000,0.00000,0.00000,-0.00000,0.00000,-11.12000,11.03000
0.00000,0.00000,0.00000,0.00000,0.00000,-0.00000,0.00000,-11.12000,11.03000
0.00000,0.00000,0.00000,0.00000,0.00000,-0.00000,0.00000,-11.15000,11.06000
0.00000,0.00000,0.00000,0.00000,0.00000,-0.00000,0.00000,-11.15000,11.06000
0.00000,0.00000,0.00000,0.00000,0.00000,-0.00000,0.00000,-11.18000,11.08000
0.00000,0.00000,0.00000,0.00000,0.00000,-0.00000,0.00000,-11.18000,11.08000
0.00000,0.00000,0.00000,0.00000,0.00000,-0.00000,0.00000,-11.20000,11.11000
0.00000,0.00000,0.00000,0.00000,0.00000,-0.00000,0.00000,-11.20000,11.11000
0.00000,0.00000,0.00000,0.00000,0.00000,-0.00000,0.00000,-11.23000,11.13000
0.00000,0.00000,0.00000,0.00000,0.00000,-0.00000,0.00000,-11.23000,11.13000
0.00000,0.00000,0.00000,0.00000,0.00000,-0.00000,0.00000,-11.25000,11.16000
0.00000,0.00000,0.00000,0.00000,0.00000,-0.00000,0.00000,-11.25000,11.16000
0.00000,0.00000,0.00000,0.00000,0.00000,-0.00000,0.00000,-11.28000,11.18000
0.00000,0.00000,0.00000,0.00000,0.00000,-0.00000,0.00000,-11.28000,11.18000
0.00000,0.00000,0.00000,0.00000,0.00000,-0.00000,0.00000,-11.31000,11.21000
0.00000,0.00000,0.00000,0.00000,0.00000,-0.00000,0.00000,-11.31000,11.21000
0.00000,0.00000,0.00000,0.00000,0.00000,-0.00000,0.00000,-11.33000,11.24000
0.00000,0.00000,0.00000,0.00000,0.00000,-0.00000,0.00000,-11.33000,11.24000
0.00000,0.00000,0.00000,0.00000,0.00000,-0.00000,0.00000,-11.36000,11.26000
0.00000,0.00000,0.00000,0.00000,0.00000,-0.00000,0.00000,-11.36000,11.26000
0.00000,0.00000,0.00000,0.00000,0.00000,-0.00000,0.00000,-11.38000,11.29000
0.00000,0.00000,0.00000,0.00000,0.00000,-0.00000,0.00000,-11.38000,11.29000
0.00000,0.00000,0.00000,0.00000,0.00000,-0.00000,0.00000,-11.41000,11.31000
0.00000,0.00000,0.00000,0.00000,0.00000,-0.00000,0.00000,-11.41000,11.31000
0.00000,0.00000,0.00000,0.00000,0.00000,-0.00000,0.00000,-11.43000,11.34000
0.00000,0.00000,0.00000,0.00000,0.00000,-0.00000,0.00000,-11.43000,11.34000
0.00000,0.00000,0.00000,0.00000,0.00000,-0.00000,0.00000,-11.46000,11.36000
0.00000,0.00000,0.00000,0.00000,0.00000,-0.00000,0.00000,-11.46000,11.36000
0.00000,0.00000,0.00000,0.00000,0.00000,-0.00000,0.00000,-11.49000,11.39000
0.00000,0.00000,0.00000,0.00000,0.00000,-0.00000,0.00000,-11.49000,11.39000
0.00000,0.00000,0.00000,0.00000,0.00000,-0.00000,0.00000,-11.51000,11.42000
0.00000,0.00000,0.00000,0.00000,0.00000,-0.00000,0.00000,-11.51000,11.42000
0.00000,0.00000,0.00000,0.00000,0.00000,-0.00000,0.00000,-11.54000,11.44000
0.00000,0.00000,0.00000,0.00000,0.00000,-0.00000,0.00000,-11.54000,11.44000
0.00000,0.00000,0.00000,0.00000,0.00000,-0.00000,0.00000,-11.56000,11.47000
0.00000,0.00000,0.00000,0.00000,0.00000,-0.00000,0.00000,-11.56000,11.47000
0.00000,0.00000,0.00000,0.00000,0.00000,-0.00000,0.00000,-11.59000,11.49000
0.00000,0.00000,0.00000,0.00000,0.00000,-0.00000,0.00000,-11.59000,11.49000
0.00000,0.00000,0.00000,0.00000,0.00000,-0.00000,0.00000,-11.62000,11.52000
0.00000,0.00000,0.00000,0.00000,0.00000,-0.00000,0.00000,-11.62000,11.52000
0.00000,0.00000,0.00000,0.00000,0.00000,-0.00000,0.00000,-11.64000,11.54000
0.00000,0.00000,0.00000,0.00000,0.00000,-0.00000,0.00000,-11.64000,11.54000
0.00000,0.00000,0.00000,0.00000,0.00000,-0.00000,0.00000,-11.67000,11.57000
0.00000,0.00000,0.00000,0.00000,0.00000,-0.00000,0.00000,-11.67000,11.57000
0.00000,0.00000,0.00000,0.00000,0.00000,-0.00000,0.00000,-11.69000,11.60000
0.00000,0.00000,0.00000,0.00000,0.00000,-0.00000,0.00000,-11.69000,11.60000
0.00000,0.00000,0.00000,0.00000,0.00000,-0.00000,0.00000,-11.72000,11.62000
0.00000,0.00000,0.00000,0.00000,0.00000,-0.00000,0.00000,-11.72000,11.62000
0.00000,0.00000,0.00000,0.00000,0.00000,-0.00000,0.00000,-11.75000,11.65000
0.00000,0.00000,0.00000,0.00000,0.00000,-0.00000,0.00000,-11.75000,11.65000
0.00000,0.00000,0.00000,0.00000,0.00000,-0.00000,0.00000,-11.77000,11.67000
0.00000,0.00000,0.00000,0.00000,0.00000,-0.00000,0.00000,-11.77000,11.67000
0.00000,0.00000,0.00000,0.00000,0.00000,-0.00000,0.00000,-11.80000,11.70000
0.00000,0.00000,0.00000,0.00000,0.00000,-0.00000,0.00000,-11.80000,11.70000
0.00000,0.00000,0.00000,0.00000,0.00000,-0.00000,0.00000,-11.82000,11.72000
0.00000,0.00000,0.00000,0.00000,0.00000,-0.00000,0.00000,-11.82000,11.72000
0.00000,0.00000,0.00000,0.00000,0.00000,-0.00000,0.00000,-11.85000,11.75000
0.00000,0.00000,0.00000,0.00000,0.00000,-0.00000,0.00000,-11.85000,11.75000
0.00000,0.00000,0.00000,0.00000,0.00000,-0.00000,0.00000,-11.88000,11.78000
0.00000,0.00000,0.00000,0.00000,0.00000,-0.00000,0.00000,-11.88000,11.78000
0.00000,0.00000,0.00000,0.00000,0.00000,-0.00000,0.00000,-11.90000,11.80000
0.00000,0.00000,0.00000,0.00000,0.00000,-0.00000,0.00000,-11.90000,11.80000
0.00000,0.00000,0.00000,0.00000,0.00000,-0.00000,0.00000,-11.93000,11.83000
0.00000,0.00000,0.00000,0.00000,0.00000,-0.00000,0.00000,-11.93000,11.83000
0.00000,0.00000,0.00000,0.00000,0.00000,-0.00000,0.00000,-11.95000,11.85000
0.00000,0.00000,0.00000,0.00000,0.00000,-0.00000,0.00000,-11.95000,11.85000
0.00000,0.00000,0.00000,0.00000,0.00000,-0.00000,0.00000,-11.98000,11.88000
0.00000,0.00000,0.00000,0.00000,0.00000,-0.00000,0.00000,-11.98000,11.88000
0.00000,0.00000,0.00000,0.00000,0.00000,-0.00000,0.00000,-12.00000,11.90000
0.00000,0.00000,0.00000,0.00000,0.00000,-0.00000,0.00000,-12.00000,11.90000
0.00000,0.00000,0.00000,0.00000,0.00000,-0.00000,0.00000,-12.03000,11.93000
0.00000,0.00000,0.00000,0.00000,0.00000,-0.00000,0.00000,-12.03000,11.93000
0.00000,0.00000,0.00000,0.00000,0.00000,-0.00000,0.00000,-12.06000,11.96000
0.00000,0.00000,0.00000,0.00000,0.00000,-0.00000,0.00000,-12.06000,11.96000
0.00000,0.00000,0.00000,0.00000,0.00000,-0.00000,0.00000,-12.08000,11.98000
0.00000,0.00000,0.00000,0.00000,0.00000,-0.00000,0.00000,-12.08000,11.98000
0.00000,0.00000,0.00000,0.00000,0.00000,-0.00000,0.00000,-12.11000,12.01000
0.00000,0.00000,0.00000,0.00000,0.00000,-0.00000,0.00000,-12.11000,12.01000
0.00000,0.00000,0.00000,0.00000,0.00000,-0.00000,0.00000,-12.13000,12.03000
0.00000,0.00000,0.00000,0.00000,0.00000,-0.00000,0.00000,-12.13000,12.03000
0.00000,0.00000,0.00000,0.00000,0.00000,-0.00000,0.00000,-12.16000,12.06000
0.00000,0.00000,0.00000,0.00000,0.00000,-0.00000,0.00000,-12.16000,12.06000
0.00000,0.00000,0.00000,0.00000,0.00000,-0.00000,0.00000,-12.19000,12.08000
0.00000,0.00000,0.00000,0.00000,0.00000,-0.00000,0.00000,-12.19000,12.08000
0.00000,0.00000,0.00000,0.00000,0.00000,-0.00000,0.00000,-12.21000,12.11000
0.00000,0.00000,0.00000,0.00000,0.00000,-0.00000,0.00000,-12.21000,12.11000
0.00000,0.00000,0.00000,0.00000,0.00000,-0.00000,0.00000,-12.24000,12.13000
0.00000,0.00000,0.00000,0.00000,0.00000,-0.00000,0.00000,-12.24000,12.13000
0.00000,0.00000,0.00000,0.00000,0.00000,-0.00000,0.00000,-12.26000,12.16000
0.00000,0.00000,0.00000,0.00000,0.00000,-0.00000,0.00000,-12.26000,12.16000
0.00000,0.00000,0.00000,0.00000,0.00000,-0.00000,0.00000,-12.29000,12.19000
0.00000,0.00000,0.00000,0.00000,0.00000,-0.00000,0.00000,-12.29000,12.19000
0.00000,0.00000,0.00000,0.00000,0.00000,-0.00000,0.00000,-12.32000,12.21000
0.00000,0.00000,0.00000,0.00000,0.00000,-0.00000,0.00000,-12.32000,12.21000
0.00000,0.00000,0.00000,0.00000,0.00000,-0.00000,0.00000,-12.34000,12.24000
0.00000,0.00000,0.00000,0.00000,0.00000,-0.00000,0.00000,-12.34000,12.24000
0.00000,0.00000,0.00000,0.00000,0.00000,-0.00000,0.00000,-12.37000,12.26000
0.00000,0.00000,0.00000,0.00000,0.00000,-0.00000,0.00000,-12.37000,12.26000
0.00000,0.00000,0.00000,0.00000,0.00000,-0.00000,0.00000,-12.39000,12.29000
0.00000,0.00000,0.00000,0.00000,0.00000,-0.00000,0.00000,-12.39000,12.29000
0.00000,0.00000,0.00000,0.00000,0.00000,-0.00000,0.00000,-12.42000,12.31000
0.00000,0.00000,0.00000,0.00000,0.00000,-0.00000,0.00000,-12.42000,12.31000
0.00000,0.00000,0.00000,0.00000,0.00000,-0.00000,0.00000,-12.44000,12.34000
0.00000,0.00000,0.00000,0.00000,0.00000,-0.00000,0.00000,-12.44000,12.34000
0.00000,0.00000,0.00000,0.00000,0.00000,-0.00000,0.00000,-12.47000,12.37000
0.00000,0.00000,0.00000,0.00000,0.00000,-0.00000,0.00000,-12.47000,12.37000
0.00000,0.00000,0.00000,0.00000,0.00000,-0.00000,0.00000,-12.50000,12.39000
0.00000,0.00000,0.00000,0.00000,0.00000,-0.00000,0.00000,-12.50000,12.39000
0.00000,0.00000,0.00000,0.00000,0.00000,-0.00000,0.00000,-12.52000,12.42000
0.00000,0.00000,0.00000,0.00000,0.00000,-0.00000,0.00000,-12.52000,12.42000
0.00000,0.00000,0.00000,0.00000,0.00000,-0.00000,0.00000,-12.55000,12.44000
0.00000,0.00000,0.00000,0.00000,0.00000,-0.00000,0.00000,-12.55000,12.44000
0.00000,0.00000,0.00000,0.00000,0.00000,-0.00000,0.00000,-12.57000,12.47000
0.00000,0.00000,0.00000,0.00000,0.00000,-0.00000,0.00000,-12.57000,12.47000
0.00000,0.00000,0.00000,0.00000,0.00000,-0.00000,0.00000,-12.60000,12.49000
0.00000,0.00000,0.00000,0.00000,0.00000,-0.00000,0.00000,-12.60000,12.49000
0.00000,0.00000,0.00000,0.00000,0.00000,-0.00000,0.00000,-12.63000,12.52000
0.00000,0.00000,0.00000,0.00000,0.00000,-0.00000,0.00000,-12.63000,12.52000
0.00000,0.00000,0.00000,0.00000,0.00000,-0.00000,0.00000,-12.65000,12.55000
0.00000,0.00000,0.00000,0.00000,0.00000,-0.00000,0.00000,-12.65000,12.55000
0.00000,0.00000,0.00000,0.00000,0.00000,-0.00000,0.00000,-12.68000,12.57000
0.00000,0.00000,0.00000,0.00000,0.00000,-0.00000,0.00000,-12.68000,12.57000
0.00000,0.00000,0.00000,0.00000,0.00000,-0.00000,0.00000,-12.70000,12.60000
0.00000,0.00000,0.00000,0.00000,0.00000,-0.00000,0.00000,-12.70000,12.60000
0.00000,0.00000,0.00000,0.00000,0.00000,-0.00000,0.00000,-12.73000,12.62000
0.00000,0.00000,0.00000,0.00000,0.00000,-0.00000,0.00000,-12.73000,12.62000
0.00000,0.00000,0.00000,0.00000,0.00000,-0.00000,0.00000,-12.76000,12.65000
0.00000,0.00000,0.00000,0.00000,0.00000,-0.00000,0.00000,-12.76000,12.65000
0.00000,0.00000,0.00000,0.00000,0.00000,-0.00000,0.00000,-12.78000,12.67000
0.00000,0.00000,0.00000,0.00000,0.00000,-0.00000,0.00000,-12.78000,12.67000
0.00000,0.00000,0.00000,0.00000,0.00000,-0.00000,0.00000,-12.81000,12.70000
0.00000,0.00000,0.00000,0.00000,0.00000,-0.00000,0.00000,-12.81000,12.70000
0.00000,0.00000,0.00000,0.00000,0.00000,-0.00000,0.00000,-12.83000,12.73000
0.00000,0.00000,0.00000,0.00000,0.00000,-0.00000,0.00000,-12.83000,12.73000
0.00000,0.00000,0.00000,0.00000,0.00000,-0.00000,0.00000,-12.86000,12.75000
0.00000,0.00000,0.00000,0.00000,0.00000,-0.00000,0.00000,-12.86000,12.75000
0.00000,0.00000,0.00000,0.00000,0.00000,-0.00000,0.00000,-12.89000,12.78000
0.00000,0.00000,0.00000,0.00000,0.00000,-0.00000,0.00000,-12.89000,12.78000
0.00000,0.00000,0.00000,0.00000,0.00000,-0.00000,0.00000,-12.91000,12.80000
0.00000,0.00000,0.00000,0.00000,0.00000,-0.00000,0.00000,-12.91000,12.80000
0.00000,0.00000,0.00000,0.00000,0.00000,-0.00000,0.00000,-12.94000,12.83000
0.00000,0.00000,0.00000,0.00000,0.00000,-0.00000,0.00000,-12.94000,12.83000
0.00000,0.00000,0.00000,0.00000,0.00000,-0.00000,0.00000,-12.96000,12.85000
0.00000,0.00000,0.00000,0.00000,0.00000,-0.00000,0.00000,-12.96000,12.85000
0.00000,0.00000,0.00000,0.00000,0.00000,-0.00000,0.00000,-12.99000,12.88000
0.00000,0.00000,0.00000,0.00000,0.00000,-0.00000,0.00000,-12.99000,12.88000
0.00000,0.00000,0.00000,0.00000,0.00000,-0.00000,0.00000,-13.01000,12.91000
0.00000,0.00000,0.00000,0.00000,0.00000,-0.00000,0.00000,-13.01000,12.91000
0.00000,0.00000,0.00000,0.00000,0.00000,-0.00000,0.00000,-13.04000,12.93000
0.00000,0.00000,0.00000,0.00000,0.00000,-0.00000,0.00000,-13.04000,12.93000
0.00000,0.00000,0.00000,0.00000,0.00000,-0.00000,0.00000,-13.07000,12.96000
0.00000,0.00000,0.00000,0.00000,0.00000,-0.00000,0.00000,-13.07000,12.96000
0.00000,0.00000,0.00000,0.00000,0.00000,-0.00000,0.00000,-13.09000,12.98000
0.00000,0.00000,0.00000,0.00000,0.00000,-0.00000,0.00000,-13.09000,12.98000
0.00000,0.00000,0.00000,0.00000,0.00000,-0.00000,0.00000,-13.12000,13.01000
0.00000,0.00000,0.00000,0.00000,0.00000,-0.00000,0.00000,-13.12000,13.01000
0.00000,0.00000,0.00000,0.00000,0.00000,-0.00000,0.00000,-13.14000,13.03000
0.00000,0.00000,0.00000,0.00000,0.00000,-0.00000,0.00000,-13.14000,13.03000
0.00000,0.00000,0.00000,0.00000,0.00000,-0.00000,0.00000,-13.17000,13.06000
0.00000,0.00000,0.00000,0.00000,0.00000,-0.00000,0.00000,-13.17000,13.06000
0.00000,0.00000,0.00000,0.00000,0.00000,-0.00000,0.00000,-13.20000,13.09000
0.00000,0.00000,0.00000,0.00000,0.00000,-0.00000,0.00000,-13.20000,13.09000
0.00000,0.00000,0.00000,0.00000,0.00000,-0.00000,0.00000,-13.22000,13.11000
0.00000,0.00000,0.00000,0.00000,0.00000,-0.00000,0.00000,-13.22000,13.11000
0.00000,0.00000,0.00000,0.00000,0.00000,-0.00000,0.00000,-13.25000,13.14000
0.00000,0.00000,0.00000,0.00000,0.00000,-0.00000,0.00000,-13.25000,13.14000
0.00000,0.00000,0.00000,0.00000,0.00000,-0.00000,0.00000,-13.27000,13.16000
0.00000,0.00000,0.00000,0.00000,0.00000,-0.00000,0.00000,-13.27000,13.16000
0.00000,0.00000,0.00000,0.00000,0.00000,-0.00000,0.00000,-13.30000,13.19000
0.00000,0.00000,0.00000,0.00000,0.00000,-0.00000,0.00000,-13.30000,13.19000
0.00000,0.00000,0.00000,0.00000,0.00000,-0.00000,0.00000,-13.33000,13.21000
0.00000,0.00000,0.00000,0.00000,0.00000,-0.00000,0.00000,-13.33000,13.21000
0.00000,0.00000,0.00000,0.00000,0.00000,-0.00000,0.00000,-13.35000,13.24000
0.00000,0.00000,0.00000,0.00000,0.00000,-0.00000,0.00000,-13.35000,13.24000
0.00000,0.00000,0.00000,0.00000,0.00000,-0.00000,0.00000,-13.38000,13.26000
0.00000,0.00000,0.00000,0.00000,0.00000,-0.00000,0.00000,-13.38000,13.26000
0.00000,0.00000,0.00000,0.00000,0.00000,-0.00000,0.00000,-13.40000,13.29000
0.00000,0.00000,0.00000,0.00000,0.00000,-0.00000,0.00000,-13.40000,13.29000
0.00000,0.00000,0.00000,0.00000,0.00000,-0.00000,0.00000,-13.43000,13.32000
0.00000,0.00000,0.00000,0.00000,0.00000,-0.00000,0.00000,-13.43000,13.32000
0.00000,0.00000,0.00000,0.00000,0.00000,-0.00000,0.00000,-13.45000,13.34000
0.00000,0.00000,0.00000,0.00000,0.00000,-0.00000,0.00000,-13.45000,13.34000
0.00000,0.00000,0.00000,0.00000,0.00000,-0.00000,0.00000,-13.48000,13.37000
0.00000,0.00000,0.00000,0.00000,0.00000,-0.00000,0.00000,-13.48000,13.37000
0.00000,0.00000,0.00000,0.00000,0.00000,-0.00000,0.00000,-13.51000,13.39000
0.00000,0.00000,0.00000,0.00000,0.00000,-0.00000,0.00000,-13.51000,13.39000
0.00000,0.00000,0.00000,0.00000,0.00000,-0.00000,0.00000,-13.53000,13.42000
0.00000,0.00000,0.00000,0.00000,0.00000,-0.00000,0.00000,-13.53000,13.42000
0.00000,0.00000,0.00000,0.00000,0.00000,-0.00000,0.00000,-13.56000,13.44000
0.00000,0.00000,0.00000,0.00000,0.00000,-0.00000,0.00000,-13.56000,13.44000
0.00000,0.00000,0.00000,0.00000,0.00000,-0.00000,0.00000,-13.58000,13.47000
0.00000,0.00000,0.00000,0.00000,0.00000,-0.00000,0.00000,-13.58000,13.47000
0.00000,0.00000,0.00000,0.00000,0.00000,-0.00000,0.00000,-13.61000,13.50000
0.00000,0.00000,0.00000,0.00000,0.00000,-0.00000,0.00000,-13.61000,13.50000
0.00000,0.00000,0.00000,0.00000,0.00000,-0.00000,0.00000,-13.64000,13.52000
0.00000,0.00000,0.00000,0.00000,0.00000,-0.00000,0.00000,-13.64000,13.52000
0.00000,0.00000,0.00000,0.00000,0.00000,-0.00000,0.00000,-13.66000,13.55000
0.00000,0.00000,0.00000,0.00000,0.00000,-0.00000,0.00000,-13.66000,13.55000
0.00000,0.00000,0.00000,0.00000,0.00000,-0.00000,0.00000,-13.69000,13.57000
0.00000,0.00000,0.00000,0.00000,0.00000,-0.00000,0.00000,-13.69000,13.57000
0.00000,0.00000,0.00000,0.00000,0.00000,-0.00000,0.00000,-13.71000,13.60000
0.00000,0.00000,0.00000,0.00000,0.00000,-0.00000,0.00000,-13.71000,13.60000
0.00000,0.00000,0.00000,0.00000,0.00000,-0.00000,0.00000,-13.74000,13.62000
0.00000,0.00000,0.00000,0.00000,0.00000,-0.00000,0.00000,-13.74000,13.62000
0.00000,0.00000,0.00000,0.00000,0.00000,-0.00000,0.00000,-13.77000,13.65000
0.00000,0.00000,0.00000,0.00000,0.00000,-0.00000,0.00000,-13.77000,13.65000
0.00000,0.00000,0.00000,0.00000,0.00000,-0.00000,0.00000,-13.79000,13.68000
0.00000,0.00000,0.00000,0.00000,0.00000,-0.00000,0.00000,-13.79000,13.68000
0.00000,0.00000,0.00000,0.00000,0.00000,-0.00000,0.00000,-13.82000,13.70000
0.00000,0.00000,0.00000,0.00000,0.00000,-0.00000,0.00000,-13.82000,13.70000
0.00000,0.00000,0.00000,0.00000,0.00000,-0.00000,0.00000,-13.84000,13.73000
0.00000,0.00000,0.00000,0.00000,0.00000,-0.00000,0.00000,-13.84000,13.73000
0.00000,0.00000,0.00000,0.00000,0.00000,-0.00000,0.00000,-13.87000,13.75000
0.00000,0.00000,0.00000,0.00000,0.00000,-0.00000,0.00000,-13.87000,13.75000
0.00000,0.00000,0.00000,0.00000,0.00000,-0.00000,0.00000,-13.90000,13.78000
0.00000,0.00000,0.00000,0.00000,0.00000,-0.00000,0.00000,-13.90000,13.78000
0.00000,0.00000,0.00000,0.00000,0.00000,-0.00000,0.00000,-13.92000,13.80000
0.00000,0.00000,0.00000,0.00000,0.00000,-0.00000,0.00000,-13.92000,13.80000
0.00000,0.00000,0.00000,0.00000,0.00000,-0.00000,0.00000,-13.95000,13.83000
0.00000,0.00000,0.00000,0.00000,0.00000,-0.00000,0.00000,-13.95000,13.83000
0.00000,0.00000,0.00000,0.00000,0.00000,-0.00000,0.00000,-13.97000,13.86000
0.00000,0.00000,0.00000,0.00000,0.00000,-0.00000,0.00000,-13.97000,13.86000
0.00000,0.00000,0.00000,0.00000,0.00000,-0.00000,0.00000,-14.00000,13.88000
0.00000,0.00000,0.00000,0.00000,0.00000,-0.00000,0.00000,-14.00000,13.88000
0.00000,0.00000,0.00000,0.00000,0.00000,-0.00000,0.00000,-14.02000,13.91000
0.00000,0.00000,0.00000,0.00000,0.00000,-0.00000,0.00000,-14.02000,13.91000
0.00000,0.00000,0.00000,0.00000,0.00000,-0.00000,0.00000,-14.05000,13.93000
0.00000,0.00000,0.00000,0.00000,0.00000,-0.00000,0.00000,-14.05000,13.93000
0.00000,0.00000,0.00000,0.00000,0.00000,-0.00000,0.00000,-14.08000,13.96000
0.00000,0.00000,0.00000,0.00000,0.00000,-0.00000,0.00000,-14.08000,13.96000
0.00000,0.00000,0.00000,0.00000,0.00000,-0.00000,0.00000,-14.10000,13.98000
0.00000,0.00000,0.00000,0.00000,0.00000,-0.00000,0.00000,-14.10000,13.98000
0.00000,0.00000,0.00000,0.00000,0.00000,-0.00000,0.00000,-14.13000,14.01000
0.00000,0.00000,0.00000,0.00000,0.00000,-0.00000,0.00000,-14.13000,14.01000
0.00000,0.00000,0.00000,0.00000,0.00000,-0.00000,0.00000,-14.15000,14.04000
0.00000,0.00000,0.00000,0.00000,0.00000,-0.00000,0.00000,-14.15000,14.04000
0.00000,0.00000,0.00000,0.00000,0.00000,-0.00000,0.00000,-14.18000,14.06000
0.00000,0.00000,0.00000,0.00000,0.00000,-0.00000,0.00000,-14.18000,14.06000
0.00000,0.00000,0.00000,0.00000,0.00000,-0.00000,0.00000,-14.21000,14.09000
0.00000,0.00000,0.00000,0.00000,0.00000,-0.00000,0.00000,-14.21000,14.09000
0.00000,0.00000,0.00000,0.00000,0.00000,-0.00000,0.00000,-14.23000,14.11000
0.00000,0.00000,0.00000,0.00000,0.00000,-0.00000,0.00000,-14.23000,14.11000
0.00000,0.00000,0.00000,0.00000,0.00000,-0.00000,0.00000,-14.26000,14.14000
0.00000,0.00000,0.00000,0.00000,0.00000,-0.00000,0.00000,-14.26000,14.14000
0.00000,0.00000,0.00000,0.00000,0.00000,-0.00000,0.00000,-14.28000,14.16000
0.00000,0.00000,0.00000,0.00000,0.00000,-0.00000,0.00000,-14.28000,14.16000
0.00000,0.00000,0.00000,0.00000,0.00000,-0.00000,0.00000,-14.31000,14.19000
0.00000,0.00000,0.00000,0.00000,0.00000,-0.00000,0.00000,-14.31000,14.19000
0.00000,0.00000,0.00000,0.00000,0.00000,-0.00000,0.00000,-14.34000,14.22000
0.00000,0.00000,0.00000,0.00000,0.00000,-0.00000,0.00000,-14.34000,14.22000
0.00000,0.00000,0.00000,0.00000,0.00000,-0.00000,0.00000,-14.36000,14.24000
0.00000,0.00000,0.00000,0.00000,0.00000,-0.00000,0.00000,-14.36000,14.24000
0.00000,0.00000,0.00000,0.00000,0.00000,-0.00000,0.00000,-14.39000,14.27000
0.00000,0.00000,0.00000,0.00000,0.00000,-0.00000,0.00000,-14.39000,14.27000
0.00000,0.00000,0.00000,0.00000,0.00000,-0.00000,0.00000,-14.41000,14.29000
0.00000,0.00000,0.00000,0.00000,0.00000,-0.00000,0.00000,-14.41000,14.29000
0.00000,0.00000,0.00000,0.00000,0.00000,-0.00000,0.00000,-14.44000,14.32000
0.00000,0.00000,0.00000,0.00000,0.00000,-0.00000,0.00000,-14.44000,14.32000
0.00000,0.00000,0.00000,0.00000,0.00000,-0.00000,0.00000,-14.47000,14.34000
0.00000,0.00000,0.00000,0.00000,0.00000,-0.00000,0.00000,-14.47000,14.34000
0.00000,0.00000,0.00000,0.00000,0.00000,-0.00000,0.00000,-14.49000,14.37000
0.00000,0.00000,0.00000,0.00000,0.00000,-0.00000,0.00000,-14.49000,14.37000
0.00000,0.00000,0.00000,0.00000,0.00000,-0.00000,0.00000,-14.52000,14.39000
0.00000,0.00000,0.00000,0.00000,0.00000,-0.00000,0.00000,-14.52000,14.39000
0.00000,0.00000,0.00000,0.00000,0.00000,-0.00000,0.00000,-14.54000,14.42000
0.00000,0.00000,0.00000,0.00000,0.00000,-0.00000,0.00000,-14.54000,14.42000
0.00000,0.00000,0.00000,0.00000,0.00000,-0.00000,0.00000,-14.57000,14.45000
0.00000,0.00000,0.00000,0.00000,0.00000,-0.00000,0.00000,-14.57000,14.45000
0.00000,0.00000,0.00000,0.00000,0.00000,-0.00000,0.00000,-14.59000,14.47000
0.00000,0.00000,0.00000,0.00000,0.00000,-0.00000,0.00000,-14.59000,14.47000
0.00000,0.00000,0.00000,0.00000,0.00000,-0.00000,0.00000,-14.62000,14.50000
0.00000,0.00000,0.00000,0.00000,0.00000,-0.00000,0.00000,-14.62000,14.50000
0.00000,0.00000,0.00000,0.00000,0.00000,-0.00000,0.00000,-14.65000,14.52000
0.00000,0.00000,0.00000,0.00000,0.00000,-0.00000,0.00000,-14.65000,14.52000
0.00000,0.00000,0.00000,0.00000,0.00000,-0.00000,0.00000,-14.67000,14.55000
0.00000,0.00000,0.00000,0.00000,0.00000,-0.00000,0.00000,-14.67000,14.55000
0.00000,0.00000,0.00000,0.00000,0.00000,-0.00000,0.00000,-14.70000,14.57000
0.00000,0.00000,0.00000,0.00000,0.00000,-0.00000,0.00000,-14.70000,14.57000
0.00000,0.00000,0.00000,0.00000,0.00000,-0.00000,0.00000,-14.72000,14.60000
0.00000,0.00000,0.00000,0.00000,0.00000,-0.00000,0.00000,-14.72000,14.60000
0.00000,0.00000,0.00000,0.00000,0.00000,-0.00000,0.00000,-14.75000,14.63000
0.00000,0.00000,0.00000,0.00000,0.00000,-0.00000,0.00000,-14.75000,14.63000
0.00000,0.00000,0.00000,0.00000,0.00000,-0.00000,0.00000,-14.78000,14.65000
0.00000,0.00000,0.00000,0.00000,0.00000,-0.00000,0.00000,-14.78000,14.65000
0.00000,0.00000,0.00000,0.00000,0.00000,-0.00000,0.00000,-14.80000,14.68000
0.00000,0.00000,0.00000,0.00000,0.00000,-0.00000,0.00000,-14.80000,14.68000
0.00000,0.00000,0.00000,0.00000,0.00000,-0.00000,0.00000,-14.83000,14.70000
0.00000,0.00000,0.00000,0.00000,0.00000,-0.00000,0.00000,-14.83000,14.70000
0.00000,0.00000,0.00000,0.00000,0.00000,-0.00000,0.00000,-14.85000,14.73000
0.00000,0.00000,0.00000,0.00000,0.00000,-0.00000,0.00000,-14.85000,14.73000
0.00000,0.00000,0.00000,0.00000,0.00000,-0.00000,0.00000,-14.88000,14.75000
0.00000,0.00000,0.00000,0.00000,0.00000,-0.00000,0.00000,-14.88000,14.75000
0.00000,0.00000,0.00000,0.00000,0.00000,-0.00000,0.00000,-14.91000,14.78000
0.00000,0.00000,0.00000,0.00000,0.00000,-0.00000,0.00000,-14.91000,14.78000
0.00000,0.00000,0.00000,0.00000,0.00000,-0.00000,0.00000,-14.93000,14.81000
0.00000,0.00000,0.00000,0.00000,0.00000,-0.00000,0.00000,-14.93000,14.81000
0.00000,0.00000,0.00000,0.00000,0.00000,-0.00000,0.00000,-14.96000,14.83000
0.00000,0.00000,0.00000,0.00000,0.00000,-0.00000,0.00000,-14.96000,14.83000
0.00000,0.00000,0.00000,0.00000,0.00000,-0.00000,0.00000,-14.98000,14.86000
0.00000,0.00000,0.00000,0.00000,0.00000,-0.00000,0.00000,-14.98000,14.86000
0.00000,0.00000,0.00000,0.00000,0.00000,-0.00000,0.00000,-15.01000,14.88000
0.00000,0.00000,0.00000,0.00000,0.00000,-0.00000,0.00000,-15.01000,14.88000
0.00000,0.00000,0.00000,0.00000,0.00000,-0.00000,0.00000,-15.03000,14.91000
0.00000,0.00000,0.00000,0.00000,0.00000,-0.00000,0.00000,-15.03000,14.91000
0.00000,0.00000,0.00000,0.00000,0.00000,-0.00000,0.00000,-15.06000,14.93000
0.00000,0.00000,0.00000,0.00000,0.00000,-0.00000,0.00000,-15.06000,14.93000
0.00000,0.00000,0.00000,0.00000,0.00000,-0.00000,0.00000,-15.09000,14.96000
0.00000,0.00000,0.00000,0.00000,0.00000,-0.00000,0.00000,-15.09000,14.96000
0.00000,0.00000,0.00000,0.00000,0.00000,-0.00000,0.00000,-15.11000,14.99000
0.00000,0.00000,0.00000,0.00000,0.00000,-0.00000,0.00000,-15.11000,14.99000
0.00000,0.00000,0.00000,0.00000,0.00000,-0.00000,0.00000,-15.14000,15.01000
0.00000,0.00000,0.00000,0.00000,0.00000,-0.00000,0.00000,-15.14000,15.01000
0.00000,0.00000,0.00000,0.00000,0.00000,-0.00000,0.00000,-15.16000,15.04000
0.00000,0.00000,0.00000,0.00000,0.00000,-0.00000,0.00000,-15.16000,15.04000
0.00000,0.00000,0.00000,0.00000,0.00000,-0.00000,0.00000,-15.19000,15.06000
0.00000,0.00000,0.00000,0.00000,0.00000,-0.00000,0.00000,-15.19000,15.06000
0.00000,0.00000,0.00000,0.00000,0.00000,-0.00000,0.00000,-15.22000,15.09000
0.00000,0.00000,0.00000,0.00000,0.00000,-0.00000,0.00000,-15.22000,15.09000
0.00000,0.00000,0.00000,0.00000,0.00000,-0.00000,0.00000,-15.24000,15.11000
0.00000,0.00000,0.00000,0.00000,0.00000,-0.00000,0.00000,-15.24000,15.11000
0.00000,0.00000,0.00000,0.00000,0.00000,-0.00000,0.00000,-15.27000,15.14000
0.00000,0.00000,0.00000,0.00000,0.00000,-0.00000,0.00000,-15.27000,15.14000
0.00000,0.00000,0.00000,0.00000,0.00000,-0.00000,0.00000,-15.29000,15.17000
0.00000,0.00000,0.00000,0.00000,0.00000,-0.00000,0.00000,-15.29000,15.17000
0.00000,0.00000,0.00000,0.00000,0.00000,-0.00000,0.00000,-15.32000,15.19000
0.00000,0.00000,0.00000,0.00000,0.00000,-0.00000,0.00000,-15.32000,15.19000
0.00000,0.00000,0.00000,0.00000,0.00000,-0.00000,0.00000,-15.35000,15.22000
0.00000,0.00000,0.00000,0.00000,0.00000,-0.00000,0.00000,-15.35000,15.22000
0.00000,0.00000,0.00000,0.00000,0.00000,-0.00000,0.00000,-15.37000,15.24000
0.00000,0.00000,0.00000,0.00000,0.00000,-0.00000,0.00000,-15.37000,15.24000
0.00000,0.00000,0.00000,0.00000,0.00000,-0.00000,0.00000,-15.40000,15.27000
0.00000,0.00000,0.00000,0.00000,0.00000,-0.00000,0.00000,-15.40000,15.27000
0.00000,0.00000,0.00000,0.00000,0.00000,-0.00000,0.00000,-15.42000,15.29000
0.00000,0.00000,0.00000,0.00000,0.00000,-0.00000,0.00000,-15.42000,15.29000
0.00000,0.00000,0.00000,0.00000,0.00000,-0.00000,0.00000,-15.45000,15.32000
0.00000,0.00000,0.00000,0.00000,0.00000,-0.00000,0.00000,-15.45000,15.32000
0.00000,0.00000,0.00000,0.00000,0.00000,-0.00000,0.00000,-15.48000,15.35000
0.00000,0.00000,0.00000,0.00000,0.00000,-0.00000,0.00000,-15.48000,15.35000
0.00000,0.00000,0.00000,0.00000,0.00000,-0.00000,0.00000,-15.50000,15.37000
0.00000,0.00000,0.00000,0.00000,0.00000,-0.00000,0.00000,-15.50000,15.37000
0.00000,0.00000,0.00000,0.00000,0.00000,-0.00000,0.00000,-15.53000,15.40000
0.00000,0.00000,0.00000,0.00000,0.00000,-0.00000,0.00000,-15.53000,15.40000
0.00000,0.00000,0.00000,0.00000,0.00000,-0.00000,0.00000,-15.55000,15.42000
0.00000,0.00000,0.00000,0.00000,0.00000,-0.00000,0.00000,-15.55000,15.42000
0.00000,0.00000,0.00000,0.00000,0.00000,-0.00000,0.00000,-15.58000,15.45000
0.00000,0.00000,0.00000,0.00000,0.00000,-0.00000,0.00000,-15.58000,15.45000
0.00000,0.00000,0.00000,0.00000,0.00000,-0.00000,0.00000,-15.60000,15.47000
0.00000,0.00000,0.00000,0.00000,0.00000,-0.00000,0.00000,-15.60000,15.47000
0.00000,0.00000,0.00000,0.00000,0.00000,-0.00000,0.00000,-15.63000,15.50000
0.00000,0.00000,0.00000,0.00000,0.00000,-0.00000,0.00000,-15.63000,15.50000
0.00000,0.00000,0.00000,0.00000,0.00000,-0.00000,0.00000,-15.66000,15.52000
0.00000,0.00000,0.00000,0.00000,0.00000,-0.00000,0.00000,-15.66000,15.52000
0.00000,0.00000,0.00000,0.00000,0.00000,-0.00000,0.00000,-15.68000,15.55000
0.00000,0.00000,0.00000,0.00000,0.00000,-0.00000,0.00000,-15.68000,15.55000
0.00000,0.00000,0.00000,0.00000,0.00000,-0.00000,0.00000,-15.71000,15.58000
0.00000,0.00000,0.00000,0.00000,0.00000,-0.00000,0.00000,-15.71000,15.58000
0.00000,0.00000,0.00000,0.00000,0.00000,-0.00000,0.00000,-15.73000,15.60000
0.00000,0.00000,0.00000,0.00000,0.00000,-0.00000,0.00000,-15.73000,15.60000
0.00000,0.00000,0.00000,0.00000,0.00000,-0.00000,0.00000,-15.76000,15.63000
0.00000,0.00000,0.00000,0.00000,0.00000,-0.00000,0.00000,-15.76000,15.63000
0.00000,0.00000,0.00000,0.00000,0.00000,-0.00000,0.00000,-15.79000,15.65000
0.00000,0.00000,0.00000,0.00000,0.00000,-0.00000,0.00000,-15.79000,15.65000
0.00000,0.00000,0.00000,0.00000,0.00000,-0.00000,0.00000,-15.81000,15.68000
0.00000,0.00000,0.00000,0.00000,0.00000,-0.00000,0.00000,-15.81000,15.68000
0.00000,0.00000,0.00000,0.00000,0.00000,-0.00000,0.00000,-15.84000,15.70000
0.00000,0.00000,0.00000,0.00000,0.00000,-0.00000,0.00000,-15.84000,15.70000
0.00000,0.00000,0.00000,0.00000,0.00000,-0.00000,0.00000,-15.86000,15.73000
0.00000,0.00000,0.00000,0.00000,0.00000,-0.00000,0.00000,-15.86000,15.73000
0.00000,0.00000,0.00000,0.00000,0.00000,-0.00000,0.00000,-15.89000,15.76000
0.00000,0.00000,0.00000,0.00000,0.00000,-0.00000,0.00000,-15.89000,15.76000
0.00000,0.00000,0.00000,0.00000,0.00000,-0.00000,0.00000,-15.92000,15.78000
0.00000,0.00000,0.00000,0.00000,0.00000,-0.00000,0.00000,-15.92000,15.78000
0.00000,0.00000,0.00000,0.00000,0.00000,-0.00000,0.00000,-15.94000,15.81000
0.00000,0.00000,0.00000,0.00000,0.00000,-0.00000,0.00000,-15.94000,15.81000
0.00000,0.00000,0.00000,0.00000,0.00000,-0.00000,0.00000,-15.97000,15.83000
0.00000,0.00000,0.00000,0.00000,0.00000,-0.00000,0.00000,-15.97000,15.83000
0.00000,0.00000,0.00000,0.00000,0.00000,-0.00000,0.00000,-15.99000,15.86000
0.00000,0.00000,0.00000,0.00000,0.00000,-0.00000,0.00000,-15.99000,15.86000
0.00000,0.00000,0.00000,0.00000,0.00000,-0.00000,0.00000,-16.02000,15.88000
0.00000,0.00000,0.00000,0.00000,0.00000,-0.00000,0.00000,-16.02000,15.88000
0.00000,0.00000,0.00000,0.00000,0.00000,-0.00000,0.00000,-16.04000,15.91000
0.00000,0.00000,0.00000,0.00000,0.00000,-0.00000,0.00000,-16.04000,15.91000
0.00000,0.00000,0.00000,0.00000,0.00000,-0.00000,0.00000,-16.07000,15.94000
0.00000,0.00000,0.00000,0.00000,0.00000,-0.00000,0.00000,-16.07000,15.94000
0.00000,0.00000,0.00000,0.00000,0.00000,-0.00000,0.00000,-16.10000,15.96000
0.00000,0.00000,0.00000,0.00000,0.00000,-0.00000,0.00000,-16.10000,15.96000
0.00000,0.00000,0.00000,0.00000,0.00000,-0.00000,0.00000,-16.12000,15.99000
0.00000,0.00000,0.00000,0.00000,0.00000,-0.00000,0.00000,-16.12000,15.99000
0.00000,0.00000,0.00000,0.00000,0.00000,-0.00000,0.00000,-16.15000,16.01000
0.00000,0.00000,0.00000,0.00000,0.00000,-0.00000,0.00000,-16.15000,16.01000
0.00000,0.00000,0.00000,0.00000,0.00000,-0.00000,0.00000,-16.17000,16.04000
0.00000,0.00000,0.00000,0.00000,0.00000,-0.00000,0.00000,-16.17000,16.04000
0.00000,0.00000,0.00000,0.00000,0.00000,-0.00000,0.00000,-16.20000,16.06000
0.00000,0.00000,0.00000,0.00000,0.00000,-0.00000,0.00000,-16.20000,16.06000
0.00000,0.00000,0.00000,0.00000,0.00000,-0.00000,0.00000,-16.23000,16.09000
0.00000,0.00000,0.00000,0.00000,0.00000,-0.00000,0.00000,-16.23000,16.09000
0.00000,0.00000,0.00000,0.00000,0.00000,-0.00000,0.00000,-16.25000,16.12000
0.00000,0.00000,0.00000,0.00000,0.00000,-0.00000,0.00000,-16.25000,16.12000
0.00000,0.00000,0.00000,0.00000,0.00000,-0.00000,0.00000,-16.28000,16.14000
0.00000,0.00000,0.00000,0.00000,0.00000,-0.00000,0.00000,-16.28000,16.14000
0.00000,0.00000,0.00000,0.00000,0.00000,-0.00000,0.00000,-16.30000,16.17000
0.00000,0.00000,0.00000,0.00000,0.00000,-0.00000,0.00000,-16.30000,16.17000
0.00000,0.00000,0.00000,0.00000,0.00000,-0.00000,0.00000,-16.33000,16.19000
0.00000,0.00000,0.00000,0.00000,0.00000,-0.00000,0.00000,-16.33000,16.19000
0.00000,0.00000,0.00000,0.00000,0.00000,-0.00000,0.00000,-16.36000,16.22000
0.00000,0.00000,0.00000,0.00000,0.00000,-0.00000,0.00000,-16.36000,16.22000
0.00000,0.00000,0.00000,0.00000,0.00000,-0.00000,0.00000,-16.38000,16.24000
0.00000,0.00000,0.00000,0.00000,0.00000,-0.00000,0.00000,-16.38000,16.24000
0.00000,0.00000,0.00000,0.00000,0.00000,-0.00000,0.00000,-16.41000,16.27000
0.00000,0.00000,0.00000,0.00000,0.00000,-0.00000,0.00000,-16.41000,16.27000
0.00000,0.00000,0.00000,0.00000,0.00000,-0.00000,0.00000,-16.43000,16.30000
0.00000,0.00000,0.00000,0.00000,0.00000,-0.00000,0.00000,-16.43000,16.30000
0.00000,0.00000,0.00000,0.00000,0.00000,-0.00000,0.00000,-16.46000,16.32000
0.00000,0.00000,0.00000,0.00000,0.00000,-0.00000,0.00000,-16.46000,16.32000
0.00000,0.00000,0.00000,0.00000,0.00000,-0.00000,0.00000,-16.49000,16.35000
0.00000,0.00000,0.00000,0.00000,0.00000,-0.00000,0.00000,-16.49000,16.35000
0.00000,0.00000,0.00000,0.00000,0.00000,-0.00000,0.00000,-16.51000,16.37000
0.00000,0.00000,0.00000,0.00000,0.00000,-0.00000,0.00000,-16.51000,16.37000
0.00000,0.00000,0.00000,0.00000,0.00000,-0.00000,0.00000,-16.54000,16.40000
0.00000,0.00000,0.00000,0.00000,0.00000,-0.00000,0.00000,-16.54000,16.40000
0.00000,0.00000,0.00000,0.00000,0.00000,-0.00000,0.00000,-16.56000,16.42000
0.00000,0.00000,0.00000,0.00000,0.00000,-0.00000,0.00000,-16.56000,16.42000
0.00000,0.00000,0.00000,0.00000,0.00000,-0.00000,0.00000,-16.59000,16.45000
0.00000,0.00000,0.00000,0.00000,0.00000,-0.00000,0.00000,-16.59000,16.45000
0.00000,0.00000,0.00000,0.00000,0.00000,-0.00000,0.00000,-16.61000,16.48000
0.00000,0.00000,0.00000,0.00000,0.00000,-0.00000,0.00000,-16.61000,16.48000
0.00000,0.00000,0.00000,0.00000,0.00000,-0.00000,0.00000,-16.64000,16.50000
0.00000,0.00000,0.00000,0.00000,0.00000,-0.00000,0.00000,-16.64000,16.50000
0.00000,0.00000,0.00000,0.00000,0.00000,-0.00000,0.00000,-16.67000,16.53000
0.00000,0.00000,0.00000,0.00000,0.00000,-0.00000,0.00000,-16.67000,16.53000
0.00000,0.00000,0.00000,0.00000,0.00000,-0.00000,0.00000,-16.69000,16.55000
0.00000,0.00000,0.00000,0.00000,0.00000,-0.00000,0.00000,-16.69000,16.55000
0.00000,0.00000,0.00000,0.00000,0.00000,-0.00000,0.00000,-16.72000,16.58000
0.00000,0.00000,0.00000,0.00000,0.00000,-0.00000,0.00000,-16.72000,16.58000
0.00000,0.00000,0.00000,0.00000,0.00000,-0.00000,0.00000,-16.74000,16.60000
0.00000,0.00000,0.00000,0.00000,0.00000,-0.00000,0.00000,-16.74000,16.60000
0.00000,0.00000,0.00000,0.00000,0.00000,-0.00000,0.00000,-16.77000,16.63000
0.00000,0.00000,0.00000,0.00000,0.00000,-0.00000,0.00000,-16.77000,16.63000
0.00000,0.00000,0.00000,0.00000,0.00000,-0.00000,0.00000,-16.80000,16.65000
0.00000,0.00000,0.00000,0.00000,0.00000,-0.00000,0.00000,-16.80000,16.65000
0.00000,0.00000,0.00000,0.00000,0.00000,-0.00000,0.00000,-16.82000,16.68000
0.00000,0.00000,0.00000,0.00000,0.00000,-0.00000,0.00000,-16.82000,16.68000
0.00000,0.00000,0.00000,0.00000,0.00000,-0.00000,0.00000,-16.85000,16.71000
0.00000,0.00000,0.00000,0.00000,0.00000,-0.00000,0.00000,-16.85000,16.71000
0.00000,0.00000,0.00000,0.00000,0.00000,-0.00000,0.00000,-16.87000,16.73000
0.00000,0.00000,0.00000,0.00000,0.00000,-0.00000,0.00000,-16.87000,16.73000
0.00000,0.00000,0.00000,0.00000,0.00000,-0.00000,0.00000,-16.90000,16.76000
0.00000,0.00000,0.00000,0.00000,0.00000,-0.00000,0.00000,-16.90000,16.76000
0.00000,0.00000,0.00000,0.00000,0.00000,-0.00000,0.00000,-16.93000,16.78000
0.00000,0.00000,0.00000,0.00000,0.00000,-0.00000,0.00000,-16.93000,16.78000
0.00000,0.00000,0.00000,0.00000,0.00000,-0.00000,0.00000,-16.95000,16.81000
0.00000,0.00000,0.00000,0.00000,0.00000,-0.00000,0.00000,-16.95000,16.81000
0.00000,0.00000,0.00000,0.00000,0.00000,-0.00000,0.00000,-16.98000,16.83000
0.00000,0.00000,0.00000,0.00000,0.00000,-0.00000,0.00000,-16.98000,16.83000
0.00000,0.00000,0.00000,0.00000,0.00000,-0.00000,0.00000,-17.00000,16.86000
0.00000,0.00000,0.00000,0.00000,0.00000,-0.00000,0.00000,-17.00000,16.86000
0.00000,0.00000,0.00000,0.00000,0.00000,-0.00000,0.00000,-17.03000,16.89000
0.00000,0.00000,0.00000,0.00000,0.00000,-0.00000,0.00000,-17.03000,16.89000
0.00000,0.00000,0.00000,0.00000,0.00000,-0.00000,0.00000,-17.06000,16.91000
0.00000,0.00000,0.00000,0.00000,0.00000,-0.00000,0.00000,-17.06000,16.91000
0.00000,0.00000,0.00000,0.00000,0.00000,-0.00000,0.00000,-17.08000,16.94000
0.00000,0.00000,0.00000,0.00000,0.00000,-0.00000,0.00000,-17.08000,16.94000
0.00000,0.00000,0.00000,0.00000,0.00000,-0.00000,0.00000,-17.11000,16.96000
0.00000,0.00000,0.00000,0.00000,0.00000,-0.00000,0.00000,-17.11000,16.96000
0.00000,0.00000,0.00000,0.00000,0.00000,-0.00000,0.00000,-17.13000,16.99000
0.00000,0.00000,0.00000,0.00000,0.00000,-0.00000,0.00000,-17.13000,16.99000
0.00000,0.00000,0.00000,0.00000,0.00000,-0.00000,0.00000,-17.16000,17.01000
0.00000,0.00000,0.00000,0.00000,0.00000,-0.00000,0.00000,-17.16000,17.01000
0.00000,0.00000,0.00000,0.00000,0.00000,-0.00000,0.00000,-17.18000,17.04000
0.00000,0.00000,0.00000,0.00000,0.00000,-0.00000,0.00000,-17.18000,17.04000
0.00000,0.00000,0.00000,0.00000,0.00000,-0.00000,0.00000,-17.21000,17.07000
0.00000,0.00000,0.00000,0.00000,0.00000,-0.00000,0.00000,-17.21000,17.07000
0.00000,0.00000,0.00000,0.00000,0.00000,-0.00000,0.00000,-17.24000,17.09000
0.00000,0.00000,0.00000,0.00000,0.00000,-0.00000,0.00000,-17.24000,17.09000
0.00000,0.00000,0.00000,0.00000,0.00000,-0.00000,0.00000,-17.26000,17.12000
0.00000,0.00000,0.00000,0.00000,0.00000,-0.00000,0.00000,-17.26000,17.12000
0.00000,0.00000,0.00000,0.00000,0.00000,-0.00000,0.00000,-17.29000,17.14000
0.00000,0.00000,0.00000,0.00000,0.00000,-0.00000,0.00000,-17.29000,17.14000
0.00000,0.00000,0.00000,0.00000,0.00000,-0.00000,0.00000,-17.31000,17.17000
0.00000,0.00000,0.00000,0.00000,0.00000,-0.00000,0.00000,-17.31000,17.17000
0.00000,0.00000,0.00000,0.00000,0.00000,-0.00000,0.00000,-17.34000,17.19000
0.00000,0.00000,0.00000,0.00000,0.00000,-0.00000,0.00000,-17.34000,17.19000
0.00000,0.00000,0.00000,0.00000,0.00000,-0.00000,0.00000,-17.37000,17.22000
0.00000,0.00000,0.00000,0.00000,0.00000,-0.00000,0.00000,-17.37000,17.22000
0.00000,0.00000,0.00000,0.00000,0.00000,-0.00000,0.00000,-17.39000,17.25000
0.00000,0.00000,0.00000,0.00000,0.00000,-0.00000,0.00000,-17.39000,17.25000
0.00000,0.00000,0.00000,0.00000,0.00000,-0.00000,0.00000,-17.42000,17.27000
0.00000,0.00000,0.00000,0.00000,0.00000,-0.00000,0.00000,-17.42000,17.27000
0.00000,0.00000,0.00000,0.00000,0.00000,-0.00000,0.00000,-17.44000,17.30000
0.00000,0.00000,0.00000,0.00000,0.00000,-0.00000,0.00000,-17.44000,17.30000
0.00000,0.00000,0.00000,0.00000,0.00000,-0.00000,0.00000,-17.47000,17.32000
0.00000,0.00000,0.00000,0.00000,0.00000,-0.00000,0.00000,-17.47000,17.32000
0.00000,0.00000,0.00000,0.00000,0.00000,-0.00000,0.00000,-17.50000,17.35000
0.00000,0.00000,0.00000,0.00000,0.00000,-0.00000,0.00000,-17.50000,17.35000
0.00000,0.00000,0.00000,0.00000,0.00000,-0.00000,0.00000,-17.52000,17.37000
0.00000,0.00000,0.00000,0.00000,0.00000,-0.00000,0.00000,-17.52000,17.37000
0.00000,0.00000,0.00000,0.00000,0.00000,-0.00000,0.00000,-17.55000,17.40000
0.00000,0.00000,0.00000,0.00000,0.00000,-0.00000,0.00000,-17.55000,17.40000
0.00000,0.00000,0.00000,0.00000,0.00000,-0.00000,0.00000,-17.57000,17.43000
0.00000,0.00000,0.00000,0.00000,0.00000,-0.00000,0.00000,-17.57000,17.43000
0.00000,0.00000,0.00000,0.00000,0.00000,-0.00000,0.00000,-17.60000,17.45000
0.00000,0.00000,0.00000,0.00000,0.00000,-0.00000,0.00000,-17.60000,17.45000
0.00000,0.00000,0.00000,0.00000,0.00000,-0.00000,0.00000,-17.62000,17.48000
0.00000,0.00000,0.00000,0.00000,0.00000,-0.00000,0.00000,-17.62000,17.48000
0.00000,0.00000,0.00000,0.00000,0.00000,-0.00000,0.00000,-17.65000,17.50000
0.00000,0.00000,0.00000,0.00000,0.00000,-0.00000,0.00000,-17.65000,17.50000
0.00000,0.00000,0.00000,0.00000,0.00000,-0.00000,0.00000,-17.68000,17.53000
0.00000,0.00000,0.00000,0.00000,0.00000,-0.00000,0.00000,-17.68000,17.53000
0.00000,0.00000,0.00000,0.00000,0.00000,-0.00000,0.00000,-17.70000,17.55000
0.00000,0.00000,0.00000,0.00000,0.00000,-0.00000,0.00000,-17.70000,17.55000
0.00000,0.00000,0.00000,0.00000,0.00000,-0.00000,0.00000,-17.73000,17.58000
0.00000,0.00000,0.00000,0.00000,0.00000,-0.00000,0.00000,-17.73000,17.58000
0.00000,0.00000,0.00000,0.00000,0.00000,-0.00000,0.00000,-17.75000,17.61000
0.00000,0.00000,0.00000,0.00000,0.00000,-0.00000,0.00000,-17.75000,17.61000
0.00000,0.00000,0.00000,0.00000,0.00000,-0.00000,0.00000,-17.78000,17.63000
0.00000,0.00000,0.00000,0.00000,0.00000,-0.00000,0.00000,-17.78000,17.63000
0.00000,0.00000,0.00000,0.00000,0.00000,-0.00000,0.00000,-17.81000,17.66000
0.00000,0.00000,0.00000,0.00000,0.00000,-0.00000,0.00000,-17.81000,17.66000
0.00000,0.00000,0.00000,0.00000,0.00000,-0.00000,0.00000,-17.83000,17.68000
0.00000,0.00000,0.00000,0.00000,0.00000,-0.00000,0.00000,-17.83000,17.68000
0.00000,0.00000,0.00000,0.00000,0.00000,-0.00000,0.00000,-17.86000,17.71000
0.00000,0.00000,0.00000,0.00000,0.00000,-0.00000,0.00000,-17.86000,17.71000
0.00000,0.00000,0.00000,0.00000,0.00000,-0.00000,0.00000,-17.88000,17.73000
0.00000,0.00000,0.00000,0.00000,0.00000,-0.00000,0.00000,-17.88000,17.73000
0.00000,0.00000,0.00000,0.00000,0.00000,-0.00000,0.00000,-17.91000,17.76000
0.00000,0.00000,0.00000,0.00000,0.00000,-0.00000,0.00000,-17.91000,17.76000
0.00000,0.00000,0.00000,0.00000,0.00000,-0.00000,0.00000,-17.94000,17.78000
0.00000,0.00000,0.00000,0.00000,0.00000,-0.00000,0.00000,-17.94000,17.78000
0.00000,0.00000,0.00000,0.00000,0.00000,-0.00000,0.00000,-17.96000,17.81000
0.00000,0.00000,0.00000,0.00000,0.00000,-0.00000,0.00000,-17.96000,17.81000
0.00000,0.00000,0.00000,0.00000,0.00000,-0.00000,0.00000,-17.99000,17.84000
0.00000,0.00000,0.00000,0.00000,0.00000,-0.00000,0.00000,-17.99000,17.84000
0.00000,0.00000,0.00000,0.00000,0.00000,-0.00000,0.00000,-18.01000,17.86000
0.00000,0.00000,0.00000,0.00000,0.00000,-0.00000,0.00000,-18.01000,17.86000
0.00000,0.00000,0.00000,0.00000,0.00000,-0.00000,0.00000,-18.04000,17.89000
0.00000,0.00000,0.00000,0.00000,0.00000,-0.00000,0.00000,-18.04000,17.89000
0.00000,0.00000,0.00000,0.00000,0.00000,-0.00000,0.00000,-18.07000,17.91000
0.00000,0.00000,0.00000,0.00000,0.00000,-0.00000,0.00000,-18.07000,17.91000
0.00000,0.00000,0.00000,0.00000,0.00000,-0.00000,0.00000,-18.09000,17.94000
0.00000,0.00000,0.00000,0.00000,0.00000,-0.00000,0.00000,-18.09000,17.94000
0.00000,0.00000,0.00000,0.00000,0.00000,-0.00000,0.00000,-18.12000,17.96000
0.00000,0.00000,0.00000,0.00000,0.00000,-0.00000,0.00000,-18.12000,17.96000
0.00000,0.00000,0.00000,0.00000,0.00000,-0.00000,0.00000,-18.14000,17.99000
0.00000,0.00000,0.00000,0.00000,0.00000,-0.00000,0.00000,-18.14000,17.99000
0.00000,0.00000,0.00000,0.00000,0.00000,-0.00000,0.00000,-18.17000,18.02000
0.00000,0.00000,0.00000,0.00000,0.00000,-0.00000,0.00000,-18.17000,18.02000
0.00000,0.00000,0.00000,0.00000,0.00000,-0.00000,0.00000,-18.19000,18.04000
0.00000,0.00000,0.00000,0.00000,0.00000,-0.00000,0.00000,-18.19000,18.04000
0.00000,0.00000,0.00000,0.00000,0.00000,-0.00000,0.00000,-18.22000,18.07000
0.00000,0.00000,0.00000,0.00000,0.00000,-0.00000,0.00000,-18.22000,18.07000
0.00000,0.00000,0.00000,0.00000,0.00000,-0.00000,0.00000,-18.25000,18.09000
0.00000,0.00000,0.00000,0.00000,0.00000,-0.00000,0.00000,-18.25000,18.09000
0.00000,0.00000,0.00000,0.00000,0.00000,-0.00000,0.00000,-18.27000,18.12000
0.00000,0.00000,0.00000,0.00000,0.00000,-0.00000,0.00000,-18.27000,18.12000
0.00000,0.00000,0.00000,0.00000,0.00000,-0.00000,0.00000,-18.30000,18.14000
0.00000,0.00000,0.00000,0.00000,0.00000,-0.00000,0.00000,-18.30000,18.14000
0.00000,0.00000,0.00000,0.00000,0.00000,-0.00000,0.00000,-18.32000,18.17000
0.00000,0.00000,0.00000,0.00000,0.00000,-0.00000,0.00000,-18.32000,18.17000
0.00000,0.00000,0.00000,0.00000,0.00000,-0.00000,0.00000,-18.35000,18.20000
0.00000,0.00000,0.00000,0.00000,0.00000,-0.00000,0.00000,-18.35000,18.20000
0.00000,0.00000,0.00000,0.00000,0.00000,-0.00000,0.00000,-18.38000,18.22000
0.00000,0.00000,0.00000,0.00000,0.00000,-0.00000,0.00000,-18.38000,18.22000
0.00000,0.00000,0.00000,0.00000,0.00000,-0.00000,0.00000,-18.40000,18.25000
0.00000,0.00000,0.00000,0.00000,0.00000,-0.00000,0.00000,-18.40000,18.25000
0.00000,0.00000,0.00000,0.00000,0.00000,-0.00000,0.00000,-18.43000,18.27000
0.00000,0.00000,0.00000,0.00000,0.00000,-0.00000,0.00000,-18.43000,18.27000
0.00000,0.00000,0.00000,0.00000,0.00000,-0.00000,0.00000,-18.45000,18.30000
0.00000,0.00000,0.00000,0.00000,0.00000,-0.00000,0.00000,-18.45000,18.30000
0.00000,0.00000,0.00000,0.00000,0.00000,-0.00000,0.00000,-18.48000,18.32000
0.00000,0.00000,0.00000,0.00000,0.00000,-0.00000,0.00000,-18.48000,18.32000
0.00000,0.00000,0.00000,0.00000,0.00000,-0.00000,0.00000,-18.51000,18.35000
0.00000,0.00000,0.00000,0.00000,0.00000,-0.00000,0.00000,-18.51000,18.35000
0.00000,0.00000,0.00000,0.00000,0.00000,-0.00000,0.00000,-18.53000,18.38000
0.00000,0.00000,0.00000,0.00000,0.00000,-0.00000,0.00000,-18.53000,18.38000
0.00000,0.00000,0.00000,0.00000,0.00000,-0.00000,0.00000,-18.56000,18.40000
0.00000,0.00000,0.00000,0.00000,0.00000,-0.00000,0.00000,-18.56000,18.40000
0.00000,0.00000,0.00000,0.00000,0.00000,-0.00000,0.00000,-18.58000,18.43000
0.00000,0.00000,0.00000,0.00000,0.00000,-0.00000,0.00000,-18.58000,18.43000
0.00000,0.00000,0.00000,0.00000,0.00000,-0.00000,0.00000,-18.61000,18.45000
0.00000,0.00000,0.00000,0.00000,0.00000,-0.00000,0.00000,-18.61000,18.45000
0.00000,0.00000,0.00000,0.00000,0.00000,-0.00000,0.00000,-18.63000,18.48000
0.00000,0.00000,0.00000,0.00000,0.00000,-0.00000,0.00000,-18.63000,18.48000
0.00000,0.00000,0.00000,0.00000,0.00000,-0.00000,0.00000,-18.66000,18.50000
0.00000,0.00000,0.00000,0.00000,0.00000,-0.00000,0.00000,-18.66000,18.50000
0.00000,0.00000,0.00000,0.00000,0.00000,-0.00000,0.00000,-18.69000,18.53000
0.00000,0.00000,0.00000,0.00000,0.00000,-0.00000,0.00000,-18.69000,18.53000
0.00000,0.00000,0.00000,0.00000,0.00000,-0.00000,0.00000,-18.71000,18.56000
0.00000,0.00000,0.00000,0.00000,0.00000,-0.00000,0.00000,-18.71000,18.56000
0.00000,0.00000,0.00000,0.00000,0.00000,-0.00000,0.00000,-18.74000,18.58000
0.00000,0.00000,0.00000,0.00000,0.00000,-0.00000,0.00000,-18.74000,18.58000
0.00000,0.00000,0.00000,0.00000,0.00000,-0.00000,0.00000,-18.76000,18.61000
0.00000,0.00000,0.00000,0.00000,0.00000,-0.00000,0.00000,-18.76000,18.61000
0.00000,0.00000,0.00000,0.00000,0.00000,-0.00000,0.00000,-18.79000,18.63000
0.00000,0.00000,0.00000,0.00000,0.00000,-0.00000,0.00000,-18.79000,18.63000
0.00000,0.00000,0.00000,0.00000,0.00000,-0.00000,0.00000,-18.82000,18.66000
0.00000,0.00000,0.00000,0.00000,0.00000,-0.00000,0.00000,-18.82000,18.66000
0.00000,0.00000,0.00000,0.00000,0.00000,-0.00000,0.00000,-18.84000,18.68000
0.00000,0.00000,0.00000,0.00000,0.00000,-0.00000,0.00000,-18.84000,18.68000
0.00000,0.00000,0.00000,0.00000,0.00000,-0.00000,0.00000,-18.87000,18.71000
0.00000,0.00000,0.00000,0.00000,0.00000,-0.00000,0.00000,-18.87000,18.71000
0.00000,0.00000,0.00000,0.00000,0.00000,-0.00000,0.00000,-18.89000,18.74000
0.00000,0.00000,0.00000,0.00000,0.00000,-0.00000,0.00000,-18.89000,18.74000
0.00000,0.00000,0.00000,0.00000,0.00000,-0.00000,0.00000,-18.92000,18.76000
0.00000,0.00000,0.00000,0.00000,0.00000,-0.00000,0.00000,-18.92000,18.76000
0.00000,0.00000,0.00000,0.00000,0.00000,-0.00000,0.00000,-18.95000,18.79000
0.00000,0.00000,0.00000,0.00000,0.00000,-0.00000,0.00000,-18.95000,18.79000
0.00000,0.00000,0.00000,0.00000,0.00000,-0.00000,0.00000,-18.97000,18.81000
0.00000,0.00000,0.00000,0.00000,0.00000,-0.00000,0.00000,-18.97000,18.81000
0.00000,0.00000,0.00000,0.00000,0.00000,-0.00000,0.00000,-19.00000,18.84000
0.00000,0.00000,0.00000,0.00000,0.00000,-0.00000,0.00000,-19.00000,18.84000
0.00000,0.00000,0.00000,0.00000,0.00000,-0.00000,0.00000,-19.02000,18.86000
0.00000,0.00000,0.00000,0.00000,0.00000,-0.00000,0.00000,-19.02000,18.86000
0.00000,0.00000,0.00000,0.00000,0.00000,-0.00000,0.00000,-19.05000,18.89000
0.00000,0.00000,0.00000,0.00000,0.00000,-0.00000,0.00000,-19.05000,18.89000
0.00000,0.00000,0.00000,0.00000,0.00000,-0.00000,0.00000,-19.08000,18.91000
0.00000,0.00000,0.00000,0.00000,0.00000,-0.00000,0.00000,-19.08000,18.91000
0.00000,0.00000,0.00000,0.00000,0.00000,-0.00000,0.00000,-19.10000,18.94000
0.00000,0.00000,0.00000,0.00000,0.00000,-0.00000,0.00000,-19.10000,18.94000
0.00000,0.00000,0.00000,0.00000,0.00000,-0.00000,0.00000,-19.13000,18.97000
0.00000,0.00000,0.00000,0.00000,0.00000,-0.00000,0.00000,-19.13000,18.97000
0.00000,0.00000,0.00000,0.00000,0.00000,-0.00000,0.00000,-19.15000,18.99000
0.00000,0.00000,0.00000,0.00000,0.00000,-0.00000,0.00000,-19.15000,18.99000
0.00000,0.00000,0.00000,0.00000,0.00000,-0.00000,0.00000,-19.18000,19.02000
0.00000,0.00000,0.00000,0.00000,0.00000,-0.00000,0.00000,-19.18000,19.02000
0.00000,0.00000,0.00000,0.00000,0.00000,-0.00000,0.00000,-19.20000,19.04000
0.00000,0.00000,0.00000,0.00000,0.00000,-0.00000,0.00000,-19.20000,19.04000
0.00000,0.00000,0.00000,0.00000,0.00000,-0.00000,0.00000,-19.23000,19.07000
0.00000,0.00000,0.00000,0.00000,0.00000,-0.00000,0.00000,-19.23000,19.07000
0.00000,0.00000,0.00000,0.00000,0.00000,-0.00000,0.00000,-19.26000,19.09000
0.00000,0.00000,0.00000,0.00000,0.00000,-0.00000,0.00000,-19.26000,19.09000
0.00000,0.00000,0.00000,0.00000,0.00000,-0.00000,0.00000,-19.28000,19.12000
0.00000,0.00000,0.00000,0.00000,0.00000,-0.00000,0.00000,-19.28000,19.12000
0.00000,0.00000,0.00000,0.00000,0.00000,-0.00000,0.00000,-19.31000,19.15000
0.00000,0.00000,0.00000,0.00000,0.00000,-0.00000,0.00000,-19.31000,19.15000
0.00000,0.00000,0.00000,0.00000,0.00000,-0.00000,0.00000,-19.33000,19.17000
0.00000,0.00000,0.00000,0.00000,0.00000,-0.00000,0.00000,-19.33000,19.17000
0.00000,0.00000,0.00000,0.00000,0.00000,-0.00000,0.00000,-19.36000,19.20000
0.00000,0.00000,0.00000,0.00000,0.00000,-0.00000,0.00000,-19.36000,19.20000
0.00000,0.00000,0.00000,0.00000,0.00000,-0.00000,0.00000,-19.39000,19.22000
0.00000,0.00000,0.00000,0.00000,0.00000,-0.00000,0.00000,-19.39000,19.22000
0.00000,0.00000,0.00000,0.00000,0.00000,-0.00000,0.00000,-19.41000,19.25000
0.00000,0.00000,0.00000,0.00000,0.00000,-0.00000,0.00000,-19.41000,19.25000
0.00000,0.00000,0.00000,0.00000,0.00000,-0.00000,0.00000,-19.44000,19.27000
0.00000,0.00000,0.00000,0.00000,0.00000,-0.00000,0.00000,-19.44000,19.27000
0.00000,0.00000,0.00000,0.00000,0.00000,-0.00000,0.00000,-19.46000,19.30000
0.00000,0.00000,0.00000,0.00000,0.00000,-0.00000,0.00000,-19.46000,19.30000
0.00000,0.00000,0.00000,0.00000,0.00000,-0.00000,0.00000,-19.49000,19.33000
0.00000,0.00000,0.00000,0.00000,0.00000,-0.00000,0.00000,-19.49000,19.33000
0.00000,0.00000,0.00000,0.00000,0.00000,-0.00000,0.00000,-19.52000,19.35000
0.00000,0.00000,0.00000,0.00000,0.00000,-0.00000,0.00000,-19.52000,19.35000
0.00000,0.00000,0.00000,0.00000,0.00000,-0.00000,0.00000,-19.54000,19.38000
0.00000,0.00000,0.00000,0.00000,0.00000,-0.00000,0.00000,-19.54000,19.38000
0.00000,0.00000,0.00000,0.00000,0.00000,-0.00000,0.00000,-19.57000,19.40000
0.00000,0.00000,0.00000,0.00000,0.00000,-0.00000,0.00000,-19.57000,19.40000
0.00000,0.00000,0.00000,0.00000,0.00000,-0.00000,0.00000,-19.59000,19.43000
0.00000,0.00000,0.00000,0.00000,0.00000,-0.00000,0.00000,-19.59000,19.43000
0.00000,0.00000,0.00000,0.00000,0.00000,-0.00000,0.00000,-19.62000,19.45000
0.00000,0.00000,0.00000,0.00000,0.00000,-0.00000,0.00000,-19.62000,19.45000
0.00000,0.00000,0.00000,0.00000,0.00000,-0.00000,0.00000,-19.65000,19.48000
0.00000,0.00000,0.00000,0.00000,0.00000,-0.00000,0.00000,-19.65000,19.48000
0.00000,0.00000,0.00000,0.00000,0.00000,-0.00000,0.00000,-19.67000,19.51000
0.00000,0.00000,0.00000,0.00000,0.00000,-0.00000,0.00000,-19.67000,19.51000
0.00000,0.00000,0.00000,0.00000,0.00000,-0.00000,0.00000,-19.70000,19.53000
0.00000,0.00000,0.00000,0.00000,0.00000,-0.00000,0.00000,-19.70000,19.53000
0.00000,0.00000,0.00000,0.00000,0.00000,-0.00000,0.00000,-19.72000,19.56000
0.00000,0.00000,0.00000,0.00000,0.00000,-0.00000,0.00000,-19.72000,19.56000
0.00000,0.00000,0.00000,0.00000,0.00000,-0.00000,0.00000,-19.75000,19.58000
0.00000,0.00000,0.00000,0.00000,0.00000,-0.00000,0.00000,-19.75000,19.58000
0.00000,0.00000,0.00000,0.00000,0.00000,-0.00000,0.00000,-19.77000,19.61000
0.00000,0.00000,0.00000,0.00000,0.00000,-0.00000,0.00000,-19.77000,19.61000
0.00000,0.00000,0.00000,0.00000,0.00000,-0.00000,0.00000,-19.80000,19.63000
0.00000,0.00000,0.00000,0.00000,0.00000,-0.00000,0.00000,-19.80000,19.63000
0.00000,0.00000,0.00000,0.00000,0.00000,-0.00000,0.00000,-19.83000,19.66000
0.00000,0.00000,0.00000,0.00000,0.00000,-0.00000,0.00000,-19.83000,19.66000
0.00000,0.00000,0.00000,0.00000,0.00000,-0.00000,0.00000,-19.85000,19.69000
0.00000,0.00000,0.00000,0.00000,0.00000,-0.00000,0.00000,-19.85000,19.69000
0.00000,0.00000,0.00000,0.00000,0.00000,-0.00000,0.00000,-19.88000,19.71000
0.00000,0.00000,0.00000,0.00000,0.00000,-0.00000,0.00000,-19.88000,19.71000
0.00000,0.00000,0.00000,0.00000,0.00000,-0.00000,0.00000,-19.90000,19.74000
0.00000,0.00000,0.00000,0.00000,0.00000,-0.00000,0.00000,-19.90000,19.74000
0.00000,0.00000,0.00000,0.00000,0.00000,-0.00000,0.00000,-19.93000,19.76000
0.00000,0.00000,0.00000,0.00000,0.00000,-0.00000,0.00000,-19.93000,19.76000
0.00000,0.00000,0.00000,0.00000,0.00000,-0.00000,0.00000,-19.96000,19.79000
0.00000,0.00000,0.00000,0.00000,0.00000,-0.00000,0.00000,-19.96000,19.79000
0.00000,0.00000,0.00000,0.00000,0.00000,-0.00000,0.00000,-19.98000,19.81000
0.00000,0.00000,0.00000,0.00000,0.00000,-0.00000,0.00000,-19.98000,19.81000
0.00000,0.00000,0.00000,0.00000,0.00000,-0.00000,0.00000,-20.01000,19.84000
0.00000,0.00000,0.00000,0.00000,0.00000,-0.00000,0.00000,-20.01000,19.84000
0.00000,0.00000,0.00000,0.00000,0.00000,-0.00000,0.00000,-20.03000,19.87000
0.00000,0.00000,0.00000,0.00000,0.00000,-0.00000,0.00000,-20.03000,19.87000
0.00000,0.00000,0.00000,0.00000,0.00000,-0.00000,0.00000,-20.06000,19.89000
0.00000,0.00000,0.00000,0.00000,0.00000,-0.00000,0.00000,-20.06000,19.89000
0.00000,0.00000,0.00000,0.00000,0.00000,-0.00000,0.00000,-20.09000,19.92000
0.00000,0.00000,0.00000,0.00000,0.00000,-0.00000,0.00000,-20.09000,19.92000
0.00000,0.00000,0.00000,0.00000,0.00000,-0.00000,0.00000,-20.11000,19.94000
0.00000,0.00000,0.00000,0.00000,0.00000,-0.00000,0.00000,-20.11000,19.94000
0.00000,0.00000,0.00000,0.00000,0.00000,-0.00000,0.00000,-20.14000,19.97000
0.00000,0.00000,0.00000,0.00000,0.00000,-0.00000,0.00000,-20.14000,19.97000
0.00000,0.00000,0.00000,0.00000,0.00000,-0.00000,0.00000,-20.16000,19.99000
0.00000,0.00000,0.00000,0.00000,0.00000,-0.00000,0.00000,-20.16000,19.99000
0.00000,0.00000,0.00000,0.00000,0.00000,-0.00000,0.00000,-20.19000,20.02000
0.00000,0.00000,0.00000,0.00000,0.00000,-0.00000,0.00000,-20.19000,20.02000
0.00000,0.00000,0.00000,0.00000,0.00000,-0.00000,0.00000,-20.21000,20.05000
0.00000,0.00000,0.00000,0.00000,0.00000,-0.00000,0.00000,-20.21000,20.05000
0.00000,0.00000,0.00000,0.00000,0.00000,-0.00000,0.00000,-20.24000,20.07000
0.00000,0.00000,0.00000,0.00000,0.00000,-0.00000,0.00000,-20.24000,20.07000
0.00000,0.00000,0.00000,0.00000,0.00000,-0.00000,0.00000,-20.27000,20.10000
0.00000,0.00000,0.00000,0.00000,0.00000,-0.00000,0.00000,-20.27000,20.10000
0.00000,0.00000,0.00000,0.00000,0.00000,-0.00000,0.00000,-20.29000,20.12000
0.00000,0.00000,0.00000,0.00000,0.00000,-0.00000,0.00000,-20.29000,20.12000
0.00000,0.00000,0.00000,0.00000,0.00000,-0.00000,0.00000,-20.32000,20.15000
0.00000,0.00000,0.00000,0.00000,0.00000,-0.00000,0.00000,-20.32000,20.15000
0.00000,0.00000,0.00000,0.00000,0.00000,-0.00000,0.00000,-20.34000,20.17000
0.00000,0.00000,0.00000,0.00000,0.00000,-0.00000,0.00000,-20.34000,20.17000
0.00000,0.00000,0.00000,0.00000,0.00000,-0.00000,0.00000,-20.37000,20.20000
0.00000,0.00000,0.00000,0.00000,0.00000,-0.00000,0.00000,-20.37000,20.20000
0.00000,0.00000,0.00000,0.00000,0.00000,-0.00000,0.00000,-20.40000,20.22000
0.00000,0.00000,0.00000,0.00000,0.00000,-0.00000,0.00000,-20.40000,20.22000
0.00000,0.00000,0.00000,0.00000,0.00000,-0.00000,0.00000,-20.42000,20.25000
0.00000,0.00000,0.00000,0.00000,0.00000,-0.00000,0.00000,-20.42000,20.25000
0.00000,0.00000,0.00000,0.00000,0.00000,-0.00000,0.00000,-20.45000,20.28000
0.00000,0.00000,0.00000,0.00000,0.00000,-0.00000,0.00000,-20.45000,20.28000
0.00000,0.00000,0.00000,0.00000,0.00000,-0.00000,0.00000,-20.47000,20.30000
0.00000,0.00000,0.00000,0.00000,0.00000,-0.00000,0.00000,-20.47000,20.30000
0.00000,0.00000,0.00000,0.00000,0.00000,-0.00000,0.00000,-20.50000,20.33000
0.00000,0.00000,0.00000,0.00000,0.00000,-0.00000,0.00000,-20.50000,20.33000
0.00000,0.00000,0.00000,0.00000,0.00000,-0.00000,0.00000,-20.53000,20.35000
0.00000,0.00000,0.00000,0.00000,0.00000,-0.00000,0.00000,-20.53000,20.35000
0.00000,0.00000,0.00000,0.00000,0.00000,-0.00000,0.00000,-20.55000,20.38000
0.00000,0.00000,0.00000,0.00000,0.00000,-0.00000,0.00000,-20.55000,20.38000
0.00000,0.00000,0.00000,0.00000,0.00000,-0.00000,0.00000,-20.58000,20.40000
0.00000,0.00000,0.00000,0.00000,0.00000,-0.00000,0.00000,-20.58000,20.40000
0.00000,0.00000,0.00000,0.00000,0.00000,-0.00000,0.00000,-20.60000,20.43000
0.00000,0.00000,0.00000,0.00000,0.00000,-0.00000,0.00000,-20.60000,20.43000
0.00000,0.00000,0.00000,0.00000,0.00000,-0.00000,0.00000,-20.63000,20.46000
0.00000,0.00000,0.00000,0.00000,0.00000,-0.00000,0.00000,-20.63000,20.46000
0.00000,0.00000,0.00000,0.00000,0.00000,-0.00000,0.00000,-20.66000,20.48000
0.00000,0.00000,0.00000,0.00000,0.00000,-0.00000,0.00000,-20.66000,20.48000
0.00000,0.00000,0.00000,0.00000,0.00000,-0.00000,0.00000,-20.68000,20.51000
0.00000,0.00000,0.00000,0.00000,0.00000,-0.00000,0.00000,-20.68000,20.51000
0.00000,0.00000,0.00000,0.00000,0.00000,-0.00000,0.00000,-20.71000,20.53000
0.00000,0.00000,0.00000,0.00000,0.00000,-0.00000,0.00000,-20.71000,20.53000
0.00000,0.00000,0.00000,0.00000,0.00000,-0.00000,0.00000,-20.73000,20.56000
0.00000,0.00000,0.00000,0.00000,0.00000,-0.00000,0.00000,-20.73000,20.56000
0.00000,0.00000,0.00000,0.00000,0.00000,-0.00000,0.00000,-20.76000,20.58000
0.00000,0.00000,0.00000,0.00000,0.00000,-0.00000,0.00000,-20.76000,20.58000
0.00000,0.00000,0.00000,0.00000,0.00000,-0.00000,0.00000,-20.78000,20.61000
0.00000,0.00000,0.00000,0.00000,0.00000,-0.00000,0.00000,-20.78000,20.61000
0.00000,0.00000,0.00000,0.00000,0.00000,-0.00000,0.00000,-20.81000,20.64000
0.00000,0.00000,0.00000,0.00000,0.00000,-0.00000,0.00000,-20.81000,20.64000
0.00000,0.00000,0.00000,0.00000,0.00000,-0.00000,0.00000,-20.84000,20.66000
0.00000,0.00000,0.00000,0.00000,0.00000,-0.00000,0.00000,-20.84000,20.66000
0.00000,0.00000,0.00000,0.00000,0.00000,-0.00000,0.00000,-20.86000,20.69000
0.00000,0.00000,0.00000,0.00000,0.00000,-0.00000,0.00000,-20.86000,20.69000
0.00000,0.00000,0.00000,0.00000,0.00000,-0.00000,0.00000,-20.89000,20.71000
0.00000,0.00000,0.00000,0.00000,0.00000,-0.00000,0.00000,-20.89000,20.71000
0.00000,0.00000,0.00000,0.00000,0.00000,-0.00000,0.00000,-20.91000,20.74000
0.00000,0.00000,0.00000,0.00000,0.00000,-0.00000,0.00000,-20.91000,20.74000
0.00000,0.00000,0.00000,0.00000,0.00000,-0.00000,0.00000,-20.94000,20.76000
0.00000,0.00000,0.00000,0.00000,0.00000,-0.00000,0.00000,-20.94000,20.76000
0.00000,0.00000,0.00000,0.00000,0.00000,-0.00000,0.00000,-20.97000,20.79000
0.00000,0.00000,0.00000,0.00000,0.00000,-0.00000,0.00000,-20.97000,20.79000
0.00000,0.00000,0.00000,0.00000,0.00000,-0.00000,0.00000,-20.99000,20.82000
0.00000,0.00000,0.00000,0.00000,0.00000,-0.00000,0.00000,-20.99000,20.82000
0.00000,0.00000,0.00000,0.00000,0.00000,-0.00000,0.00000,-21.02000,20.84000
0.00000,0.00000,0.00000,0.00000,0.00000,-0.00000,0.00000,-21.02000,20.84000
0.00000,0.00000,0.00000,0.00000,0.00000,-0.00000,0.00000,-21.04000,20.87000
0.00000,0.00000,0.00000,0.00000,0.00000,-0.00000,0.00000,-21.04000,20.87000
0.00000,0.00000,0.00000,0.00000,0.00000,-0.00000,0.00000,-21.07000,20.89000
0.00000,0.00000,0.00000,0.00000,0.00000,-0.00000,0.00000,-21.07000,20.89000
0.00000,0.00000,0.00000,0.00000,0.00000,-0.00000,0.00000,-21.10000,20.92000
0.00000,0.00000,0.00000,0.00000,0.00000,-0.00000,0.00000,-21.10000,20.92000
0.00000,0.00000,0.00000,0.00000,0.00000,-0.00000,0.00000,-21.12000,20.94000
0.00000,0.00000,0.00000,0.00000,0.00000,-0.00000,0.00000,-21.12000,20.94000
0.00000,0.00000,0.00000,0.00000,0.00000,-0.00000,0.00000,-21.15000,20.97000
0.00000,0.00000,0.00000,0.00000,0.00000,-0.00000,0.00000,-21.15000,20.97000
0.00000,0.00000,0.00000,0.00000,0.00000,-0.00000,0.00000,-21.17000,21.00000
0.00000,0.00000,0.00000,0.00000,0.00000,-0.00000,0.00000,-21.17000,21.00000
0.00000,0.00000,0.00000,0.00000,0.00000,-0.00000,0.00000,-21.20000,21.02000
0.00000,0.00000,0.00000,0.00000,0.00000,-0.00000,0.00000,-21.20000,21.02000
0.00000,0.00000,0.00000,0.00000,0.00000,-0.00000,0.00000,-21.22000,21.05000
0.00000,0.00000,0.00000,0.00000,0.00000,-0.00000,0.00000,-21.22000,21.05000
0.00000,0.00000,0.00000,0.00000,0.00000,-0.00000,0.00000,-21.25000,21.07000
0.00000,0.00000,0.00000,0.00000,0.00000,-0.00000,0.00000,-21.25000,21.07000
0.00000,0.00000,0.00000,0.00000,0.00000,-0.00000,0.00000,-21.28000,21.10000
0.00000,0.00000,0.00000,0.00000,0.00000,-0.00000,0.00000,-21.28000,21.10000
0.00000,0.00000,0.00000,0.00000,0.00000,-0.00000,0.00000,-21.30000,21.12000
0.00000,0.00000,0.00000,0.00000,0.00000,-0.00000,0.00000,-21.30000,21.12000
0.00000,0.00000,0.00000,0.00000,0.00000,-0.00000,0.00000,-21.33000,21.15000
0.00000,0.00000,0.00000,0.00000,0.00000,-0.00000,0.00000,-21.33000,21.15000
0.00000,0.00000,0.00000,0.00000,0.00000,-0.00000,0.00000,-21.35000,21.18000
0.00000,0.00000,0.00000,0.00000,0.00000,-0.00000,0.00000,-21.35000,21.18000
0.00000,0.00000,0.00000,0.00000,0.00000,-0.00000,0.00000,-21.38000,21.20000
0.00000,0.00000,0.00000,0.00000,0.00000,-0.00000,0.00000,-21.38000,21.20000
0.00000,0.00000,0.00000,0.00000,0.00000,-0.00000,0.00000,-21.41000,21.23000
0.00000,0.00000,0.00000,0.00000,0.00000,-0.00000,0.00000,-21.41000,21.23000
0.00000,0.00000,0.00000,0.00000,0.00000,-0.00000,0.00000,-21.43000,21.25000
0.00000,0.00000,0.00000,0.00000,0.00000,-0.00000,0.00000,-21.43000,21.25000
0.00000,0.00000,0.00000,0.00000,0.00000,-0.00000,0.00000,-21.46000,21.28000
0.00000,0.00000,0.00000,0.00000,0.00000,-0.00000,0.00000,-21.46000,21.28000
0.00000,0.00000,0.00000,0.00000,0.00000,-0.00000,0.00000,-21.48000,21.30000
0.00000,0.00000,0.00000,0.00000,0.00000,-0.00000,0.00000,-21.48000,21.30000
0.00000,0.00000,0.00000,0.00000,0.00000,-0.00000,0.00000,-21.51000,21.33000
0.00000,0.00000,0.00000,0.00000,0.00000,-0.00000,0.00000,-21.51000,21.33000
0.00000,0.00000,0.00000,0.00000,0.00000,-0.00000,0.00000,-21.54000,21.35000
0.00000,0.00000,0.00000,0.00000,0.00000,-0.00000,0.00000,-21.54000,21.35000
0.00000,0.00000,0.00000,0.00000,0.00000,-0.00000,0.00000,-21.56000,21.38000
0.00000,0.00000,0.00000,0.00000,0.00000,-0.00000,0.00000,-21.56000,21.38000
0.00000,0.00000,0.00000,0.00000,0.00000,-0.00000,0.00000,-21.59000,21.41000
0.00000,0.00000,0.00000,0.00000,0.00000,-0.00000,0.00000,-21.59000,21.41000
0.00000,0.00000,0.00000,0.00000,0.00000,-0.00000,0.00000,-21.61000,21.43000
0.00000,0.00000,0.00000,0.00000,0.00000,-0.00000,0.00000,-21.61000,21.43000
0.00000,0.00000,0.00000,0.00000,0.00000,-0.00000,0.00000,-21.64000,21.46000
0.00000,0.00000,0.00000,0.00000,0.00000,-0.00000,0.00000,-21.64000,21.46000
0.00000,0.00000,0.00000,0.00000,0.00000,-0.00000,0.00000,-21.67000,21.48000
0.00000,0.00000,0.00000,0.00000,0.00000,-0.00000,0.00000,-21.67000,21.48000
0.00000,0.00000,0.00000,0.00000,0.00000,-0.00000,0.00000,-21.69000,21.51000
0.00000,0.00000,0.00000,0.00000,0.00000,-0.00000,0.00000,-21.69000,21.51000
0.00000,0.00000,0.00000,0.00000,0.00000,-0.00000,0.00000,-21.72000,21.53000
0.00000,0.00000,0.00000,0.00000,0.00000,-0.00000,0.00000,-21.72000,21.53000
0.00000,0.00000,0.00000,0.00000,0.00000,-0.00000,0.00000,-21.74000,21.56000
0.00000,0.00000,0.00000,0.00000,0.00000,-0.00000,0.00000,-21.74000,21.56000
0.00000,0.00000,0.00000,0.00000,0.00000,-0.00000,0.00000,-21.77000,21.59000
0.00000,0.00000,0.00000,0.00000,0.00000,-0.00000,0.00000,-21.77000,21.59000
0.00000,0.00000,0.00000,0.00000,0.00000,-0.00000,0.00000,-21.79000,21.61000
0.00000,0.00000,0.00000,0.00000,0.00000,-0.00000,0.00000,-21.79000,21.61000
0.00000,0.00000,0.00000,0.00000,0.00000,-0.00000,0.00000,-21.82000,21.64000
0.00000,0.00000,0.00000,0.00000,0.00000,-0.00000,0.00000,-21.82000,21.64000
0.00000,0.00000,0.00000,0.00000,0.00000,-0.00000,0.00000,-21.85000,21.66000
0.00000,0.00000,0.00000,0.00000,0.00000,-0.00000,0.00000,-21.85000,21.66000
0.00000,0.00000,0.00000,0.00000,0.00000,-0.00000,0.00000,-21.87000,21.69000
0.00000,0.00000,0.00000,0.00000,0.00000,-0.00000,0.00000,-21.87000,21.69000
0.00000,0.00000,0.00000,0.00000,0.00000,-0.00000,0.00000,-21.90000,21.71000
0.00000,0.00000,0.00000,0.00000,0.00000,-0.00000,0.00000,-21.90000,21.71000
0.00000,0.00000,0.00000,0.00000,0.00000,-0.00000,0.00000,-21.92000,21.74000
0.00000,0.00000,0.00000,0.00000,0.00000,-0.00000,0.00000,-21.92000,21.74000
0.00000,0.00000,0.00000,0.00000,0.00000,-0.00000,0.00000,-21.95000,21.77000
0.00000,0.00000,0.00000,0.00000,0.00000,-0.00000,0.00000,-21.95000,21.77000
0.00000,0.00000,0.00000,0.00000,0.00000,-0.00000,0.00000,-21.98000,21.79000
0.00000,0.00000,0.00000,0.00000,0.00000,-0.00000,0.00000,-21.98000,21.79000
0.00000,0.00000,0.00000,0.00000,0.00000,-0.00000,0.00000,-22.00000,21.82000
0.00000,0.00000,0.00000,0.00000,0.00000,-0.00000,0.00000,-22.00000,21.82000
0.00000,0.00000,0.00000,0.00000,0.00000,-0.00000,0.00000,-22.03000,21.84000
0.00000,0.00000,0.00000,0.00000,0.00000,-0.00000,0.00000,-22.03000,21.84000
0.00000,0.00000,0.00000,0.00000,0.00000,-0.00000,0.00000,-22.05000,21.87000
0.00000,0.00000,0.00000,0.00000,0.00000,-0.00000,0.00000,-22.05000,21.87000
0.00000,0.00000,0.00000,0.00000,0.00000,-0.00000,0.00000,-22.08000,21.89000
0.00000,0.00000,0.00000,0.00000,0.00000,-0.00000,0.00000,-22.08000,21.89000
0.00000,0.00000,0.00000,0.00000,0.00000,-0.00000,0.00000,-22.11000,21.92000
0.00000,0.00000,0.00000,0.00000,0.00000,-0.00000,0.00000,-22.11000,21.92000
0.00000,0.00000,0.00000,0.00000,0.00000,-0.00000,0.00000,-22.13000,21.95000
0.00000,0.00000,0.00000,0.00000,0.00000,-0.00000,0.00000,-22.13000,21.95000
0.00000,0.00000,0.00000,0.00000,0.00000,-0.00000,0.00000,-22.16000,21.97000
0.00000,0.00000,0.00000,0.00000,0.00000,-0.00000,0.00000,-22.16000,21.97000
0.00000,0.00000,0.00000,0.00000,0.00000,-0.00000,0.00000,-22.18000,22.00000
0.00000,0.00000,0.00000,0.00000,0.00000,-0.00000,0.00000,-22.18000,22.00000
0.00000,0.00000,0.00000,0.00000,0.00000,-0.00000,0.00000,-22.21000,22.02000
0.00000,0.00000,0.00000,0.00000,0.00000,-0.00000,0.00000,-22.21000,22.02000
0.00000,0.00000,0.00000,0.00000,0.00000,-0.00000,0.00000,-22.24000,22.05000
0.00000,0.00000,0.00000,0.00000,0.00000,-0.00000,0.00000,-22.24000,22.05000
0.00000,0.00000,0.00000,0.00000,0.00000,-0.00000,0.00000,-22.26000,22.07000
0.00000,0.00000,0.00000,0.00000,0.00000,-0.00000,0.00000,-22.26000,22.07000
0.00000,0.00000,0.00000,0.00000,0.00000,-0.00000,0.00000,-22.29000,22.10000
0.00000,0.00000,0.00000,0.00000,0.00000,-0.00000,0.00000,-22.29000,22.10000
0.00000,0.00000,0.00000,0.00000,0.00000,-0.00000,0.00000,-22.31000,22.13000
0.00000,0.00000,0.00000,0.00000,0.00000,-0.00000,0.00000,-22.31000,22.13000
0.00000,0.00000,0.00000,0.00000,0.00000,-0.00000,0.00000,-22.34000,22.15000
0.00000,0.00000,0.00000,0.00000,0.00000,-0.00000,0.00000,-22.34000,22.15000
0.00000,0.00000,0.00000,0.00000,0.00000,-0.00000,0.00000,-22.36000,22.18000
0.00000,0.00000,0.00000,0.00000,0.00000,-0.00000,0.00000,-22.36000,22.18000
0.00000,0.00000,0.00000,0.00000,0.00000,-0.00000,0.00000,-22.39000,22.20000
0.00000,0.00000,0.00000,0.00000,0.00000,-0.00000,0.00000,-22.39000,22.20000
0.00000,0.00000,0.00000,0.00000,0.00000,-0.00000,0.00000,-22.42000,22.23000
0.00000,0.00000,0.00000,0.00000,0.00000,-0.00000,0.00000,-22.42000,22.23000
0.00000,0.00000,0.00000,0.00000,0.00000,-0.00000,0.00000,-22.44000,22.25000
0.00000,0.00000,0.00000,0.00000,0.00000,-0.00000,0.00000,-22.44000,22.25000
0.00000,0.00000,0.00000,0.00000,0.00000,-0.00000,0.00000,-22.47000,22.28000
0.00000,0.00000,0.00000,0.00000,0.00000,-0.00000,0.00000,-22.47000,22.28000
0.00000,0.00000,0.00000,0.00000,0.00000,-0.00000,0.00000,-22.49000,22.31000
0.00000,0.00000,0.00000,0.00000,0.00000,-0.00000,0.00000,-22.49000,22.31000
0.00000,0.00000,0.00000,0.00000,0.00000,-0.00000,0.00000,-22.52000,22.33000
0.00000,0.00000,0.00000,0.00000,0.00000,-0.00000,0.00000,-22.52000,22.33000
0.00000,0.00000,0.00000,0.00000,0.00000,-0.00000,0.00000,-22.55000,22.36000
0.00000,0.00000,0.00000,0.00000,0.00000,-0.00000,0.00000,-22.55000,22.36000
0.00000,0.00000,0.00000,0.00000,0.00000,-0.00000,0.00000,-22.57000,22.38000
0.00000,0.00000,0.00000,0.00000,0.00000,-0.00000,0.00000,-22.57000,22.38000
0.00000,0.00000,0.00000,0.00000,0.00000,-0.00000,0.00000,-22.60000,22.41000
0.00000,0.00000,0.00000,0.00000,0.00000,-0.00000,0.00000,-22.60000,22.41000
0.00000,0.00000,0.00000,0.00000,0.00000,-0.00000,0.00000,-22.62000,22.43000
0.00000,0.00000,0.00000,0.00000,0.00000,-0.00000,0.00000,-22.62000,22.43000
0.00000,0.00000,0.00000,0.00000,0.00000,-0.00000,0.00000,-22.65000,22.46000
0.00000,0.00000,0.00000,0.00000,0.00000,-0.00000,0.00000,-22.65000,22.46000
0.00000,0.00000,0.00000,0.00000,0.00000,-0.00000,0.00000,-22.68000,22.48000
0.00000,0.00000,0.00000,0.00000,0.00000,-0.00000,0.00000,-22.68000,22.48000
0.00000,0.00000,0.00000,0.00000,0.00000,-0.00000,0.00000,-22.70000,22.51000
0.00000,0.00000,0.00000,0.00000,0.00000,-0.00000,0.00000,-22.70000,22.51000
0.00000,0.00000,0.00000,0.00000,0.00000,-0.00000,0.00000,-22.73000,22.54000
0.00000,0.00000,0.00000,0.00000,0.00000,-0.00000,0.00000,-22.73000,22.54000
0.00000,0.00000,0.00000,0.00000,0.00000,-0.00000,0.00000,-22.75000,22.56000
0.00000,0.00000,0.00000,0.00000,0.00000,-0.00000,0.00000,-22.75000,22.56000
0.00000,0.00000,0.00000,0.00000,0.00000,-0.00000,0.00000,-22.78000,22.59000
0.00000,0.00000,0.00000,0.00000,0.00000,-0.00000,0.00000,-22.78000,22.59000
0.00000,0.00000,0.00000,0.00000,0.00000,-0.00000,0.00000,-22.80000,22.61000
0.00000,0.00000,0.00000,0.00000,0.00000,-0.00000,0.00000,-22.80000,22.61000
0.00000,0.00000,0.00000,0.00000,0.00000,-0.00000,0.00000,-22.83000,22.64000
0.00000,0.00000,0.00000,0.00000,0.00000,-0.00000,0.00000,-22.83000,22.64000
0.00000,0.00000,0.00000,0.00000,0.00000,-0.00000,0.00000,-22.86000,22.66000
0.00000,0.00000,0.00000,0.00000,0.00000,-0.00000,0.00000,-22.86000,22.66000
0.00000,0.00000,0.00000,0.00000,0.00000,-0.00000,0.00000,-22.88000,22.69000
0.00000,0.00000,0.00000,0.00000,0.00000,-0.00000,0.00000,-22.88000,22.69000
0.00000,0.00000,0.00000,0.00000,0.00000,-0.00000,0.00000,-22.91000,22.72000
0.00000,0.00000,0.00000,0.00000,0.00000,-0.00000,0.00000,-22.91000,22.72000
0.00000,0.00000,0.00000,0.00000,0.00000,-0.00000,0.00000,-22.93000,22.74000
0.00000,0.00000,0.00000,0.00000,0.00000,-0.00000,0.00000,-22.93000,22.74000
0.00000,0.00000,0.00000,0.00000,0.00000,-0.00000,0.00000,-22.96000,22.77000
0.00000,0.00000,0.00000,0.00000,0.00000,-0.00000,0.00000,-22.96000,22.77000
0.00000,0.00000,0.00000,0.00000,0.00000,-0.00000,0.00000,-22.99000,22.79000
0.00000,0.00000,0.00000,0.00000,0.00000,-0.00000,0.00000,-22.99000,22.79000
0.00000,0.00000,0.00000,0.00000,0.00000,-0.00000,0.00000,-23.01000,22.82000
0.00000,0.00000,0.00000,0.00000,0.00000,-0.00000,0.00000,-23.01000,22.82000
0.00000,0.00000,0.00000,0.00000,0.00000,-0.00000,0.00000,-23.04000,22.84000
0.00000,0.00000,0.00000,0.00000,0.00000,-0.00000,0.00000,-23.04000,22.84000
0.00000,0.00000,0.00000,0.00000,0.00000,-0.00000,0.00000,-23.06000,22.87000
0.00000,0.00000,0.00000,0.00000,0.00000,-0.00000,0.00000,-23.06000,22.87000
0.00000,0.00000,0.00000,0.00000,0.00000,-0.00000,0.00000,-23.09000,22.90000
0.00000,0.00000,0.00000,0.00000,0.00000,-0.00000,0.00000,-23.09000,22.90000
0.00000,0.00000,0.00000,0.00000,0.00000,-0.00000,0.00000,-23.12000,22.92000
0.00000,0.00000,0.00000,0.00000,0.00000,-0.00000,0.00000,-23.12000,22.92000
0.00000,0.00000,0.00000,0.00000,0.00000,-0.00000,0.00000,-23.14000,22.95000
0.00000,0.00000,0.00000,0.00000,0.00000,-0.00000,0.00000,-23.14000,22.95000
0.00000,0.00000,0.00000,0.00000,0.00000,-0.00000,0.00000,-23.17000,22.97000
0.00000,0.00000,0.00000,0.00000,0.00000,-0.00000,0.00000,-23.17000,22.97000
0.00000,0.00000,0.00000,0.00000,0.00000,-0.00000,0.00000,-23.19000,23.00000
0.00000,0.00000,0.00000,0.00000,0.00000,-0.00000,0.00000,-23.19000,23.00000
0.00000,0.00000,0.00000,0.00000,0.00000,-0.00000,0.00000,-23.22000,23.02000
0.00000,0.00000,0.00000,0.00000,0.00000,-0.00000,0.00000,-23.22000,23.02000
0.00000,0.00000,0.00000,0.00000,0.00000,-0.00000,0.00000,-23.25000,23.05000
0.00000,0.00000,0.00000,0.00000,0.00000,-0.00000,0.00000,-23.25000,23.05000
0.00000,0.00000,0.00000,0.00000,0.00000,-0.00000,0.00000,-23.27000,23.08000
0.00000,0.00000,0.00000,0.00000,0.00000,-0.00000,0.00000,-23.27000,23.08000
0.00000,0.00000,0.00000,0.00000,0.00000,-0.00000,0.00000,-23.30000,23.10000
0.00000,0.00000,0.00000,0.00000,0.00000,-0.00000,0.00000,-23.30000,23.10000
0.00000,0.00000,0.00000,0.00000,0.00000,-0.00000,0.00000,-23.32000,23.13000
0.00000,0.00000,0.00000,0.00000,0.00000,-0.00000,0.00000,-23.32000,23.13000
0.00000,0.00000,0.00000,0.00000,0.00000,-0.00000,0.00000,-23.35000,23.15000
0.00000,0.00000,0.00000,0.00000,0.00000,-0.00000,0.00000,-23.35000,23.15000
0.00000,0.00000,0.00000,0.00000,0.00000,-0.00000,0.00000,-23.37000,23.18000
0.00000,0.00000,0.00000,0.00000,0.00000,-0.00000,0.00000,-23.37000,23.18000
0.00000,0.00000,0.00000,0.00000,0.00000,-0.00000,0.00000,-23.40000,23.20000
0.00000,0.00000,0.00000,0.00000,0.00000,-0.00000,0.00000,-23.40000,23.20000
0.00000,0.00000,0.00000,0.00000,0.00000,-0.00000,0.00000,-23.43000,23.23000
0.00000,0.00000,0.00000,0.00000,0.00000,-0.00000,0.00000,-23.43000,23.23000
0.00000,0.00000,0.00000,0.00000,0.00000,-0.00000,0.00000,-23.45000,23.26000
0.00000,0.00000,0.00000,0.00000,0.00000,-0.00000,0.00000,-23.45000,23.26000
0.00000,0.00000,0.00000,0.00000,0.00000,-0.00000,0.00000,-23.48000,23.28000
0.00000,0.00000,0.00000,0.00000,0.00000,-0.00000,0.00000,-23.48000,23.28000
0.00000,0.00000,0.00000,0.00000,0.00000,-0.00000,0.00000,-23.50000,23.31000
0.00000,0.00000,0.00000,0.00000,0.00000,-0.00000,0.00000,-23.50000,23.31000
0.00000,0.00000,0.00000,0.00000,0.00000,-0.00000,0.00000,-23.53000,23.33000
0.00000,0.00000,0.00000,0.00000,0.00000,-0.00000,0.00000,-23.53000,23.33000
0.00000,0.00000,0.00000,0.00000,0.00000,-0.00000,0.00000,-23.56000,23.36000
0.00000,0.00000,0.00000,0.00000,0.00000,-0.00000,0.00000,-23.56000,23.36000
0.00000,0.00000,0.00000,0.00000,0.00000,-0.00000,0.00000,-23.58000,23.38000
0.00000,0.00000,0.00000,0.00000,0.00000,-0.00000,0.00000,-23.58000,23.38000
0.00000,0.00000,0.00000,0.00000,0.00000,-0.00000,0.00000,-23.61000,23.41000
0.00000,0.00000,0.00000,0.00000,0.00000,-0.00000,0.00000,-23.61000,23.41000
0.00000,0.00000,0.00000,0.00000,0.00000,-0.00000,0.00000,-23.63000,23.44000
0.00000,0.00000,0.00000,0.00000,0.00000,-0.00000,0.00000,-23.63000,23.44000
0.00000,0.00000,0.00000,0.00000,0.00000,-0.00000,0.00000,-23.66000,23.46000
0.00000,0.00000,0.00000,0.00000,0.00000,-0.00000,0.00000,-23.66000,23.46000
0.00000,0.00000,0.00000,0.00000,0.00000,-0.00000,0.00000,-23.69000,23.49000
0.00000,0.00000,0.00000,0.00000,0.00000,-0.00000,0.00000,-23.69000,23.49000
0.00000,0.00000,0.00000,0.00000,0.00000,-0.00000,0.00000,-23.71000,23.51000
0.00000,0.00000,0.00000,0.00000,0.00000,-0.00000,0.00000,-23.71000,23.51000
0.00000,0.00000,0.00000,0.00000,0.00000,-0.00000,0.00000,-23.74000,23.54000
0.00000,0.00000,0.00000,0.00000,0.00000,-0.00000,0.00000,-23.74000,23.54000
0.00000,0.00000,0.00000,0.00000,0.00000,-0.00000,0.00000,-23.76000,23.56000
0.00000,0.00000,0.00000,0.00000,0.00000,-0.00000,0.00000,-23.76000,23.56000
0.00000,0.00000,0.00000,0.00000,0.00000,-0.00000,0.00000,-23.79000,23.59000
0.00000,0.00000,0.00000,0.00000,0.00000,-0.00000,0.00000,-23.79000,23.59000
0.00000,0.00000,0.00000,0.00000,0.00000,-0.00000,0.00000,-23.81000,23.61000
0.00000,0.00000,0.00000,0.00000,0.00000,-0.00000,0.00000,-23.81000,23.61000
0.00000,0.00000,0.00000,0.00000,0.00000,-0.00000,0.00000,-23.84000,23.64000
0.00000,0.00000,0.00000,0.00000,0.00000,-0.00000,0.00000,-23.84000,23.64000
0.00000,0.00000,0.00000,0.00000,0.00000,-0.00000,0.00000,-23.87000,23.67000
0.00000,0.00000,0.00000,0.00000,0.00000,-0.00000,0.00000,-23.87000,23.67000
0.00000,0.00000,0.00000,0.00000,0.00000,-0.00000,0.00000,-23.89000,23.69000
0.00000,0.00000,0.00000,0.00000,0.00000,-0.00000,0.00000,-23.89000,23.69000
0.00000,0.00000,0.00000,0.00000,0.00000,-0.00000,0.00000,-23.92000,23.72000
0.00000,0.00000,0.00000,0.00000,0.00000,-0.00000,0.00000,-23.92000,23.72000
0.00000,0.00000,0.00000,0.00000,0.00000,-0.00000,0.00000,-23.94000,23.74000
0.00000,0.00000,0.00000,0.00000,0.00000,-0.00000,0.00000,-23.94000,23.74000
0.00000,0.00000,0.00000,0.00000,0.00000,-0.00000,0.00000,-23.97000,23.77000
0.00000,0.00000,0.00000,0.00000,0.00000,-0.00000,0.00000,-23.97000,23.77000
0.00000,0.00000,0.00000,0.00000,0.00000,-0.00000,0.00000,-24.00000,23.79000
0.00000,0.00000,0.00000,0.00000,0.00000,-0.00000,0.00000,-24.00000,23.79000
0.00000,0.00000,0.00000,0.00000,0.00000,-0.00000,0.00000,-24.02000,23.82000
0.00000,0.00000,0.00000,0.00000,0.00000,-0.00000,0.00000,-24.02000,23.82000
0.00000,0.00000,0.00000,0.00000,0.00000,-0.00000,0.00000,-24.05000,23.85000
0.00000,0.00000,0.00000,0.00000,0.00000,-0.00000,0.00000,-24.05000,23.85000
0.00000,0.00000,0.00000,0.00000,0.00000,-0.00000,0.00000,-24.07000,23.87000
0.00000,0.00000,0.00000,0.00000,0.00000,-0.00000,0.00000,-24.07000,23.87000
0.00000,0.00000,0.00000,0.00000,0.00000,-0.00000,0.00000,-24.10000,23.90000
0.00000,0.00000,0.00000,0.00000,0.00000,-0.00000,0.00000,-24.10000,23.90000
0.00000,0.00000,0.00000,0.00000,0.00000,-0.00000,0.00000,-24.13000,23.92000
0.00000,0.00000,0.00000,0.00000,0.00000,-0.00000,0.00000,-24.13000,23.92000
0.00000,0.00000,0.00000,0.00000,0.00000,-0.00000,0.00000,-24.15000,23.95000
0.00000,0.00000,0.00000,0.00000,0.00000,-0.00000,0.00000,-24.15000,23.95000
0.00000,0.00000,0.00000,0.00000,0.00000,-0.00000,0.00000,-24.18000,23.97000
0.00000,0.00000,0.00000,0.00000,0.00000,-0.00000,0.00000,-24.18000,23.97000
0.00000,0.00000,0.00000,0.00000,0.00000,-0.00000,0.00000,-24.20000,24.00000
0.00000,0.00000,0.00000,0.00000,0.00000,-0.00000,0.00000,-24.20000,24.00000
0.00000,0.00000,0.00000,0.00000,0.00000,-0.00000,0.00000,-24.23000,24.03000
0.00000,0.00000,0.00000,0.00000,0.00000,-0.00000,0.00000,-24.23000,24.03000
0.00000,0.00000,0.00000,0.00000,0.00000,-0.00000,0.00000,-24.26000,24.05000
0.00000,0.00000,0.00000,0.00000,0.00000,-0.00000,0.00000,-24.26000,24.05000
0.00000,0.00000,0.00000,0.00000,0.00000,-0.00000,0.00000,-24.28000,24.08000
0.00000,0.00000,0.00000,0.00000,0.00000,-0.00000,0.00000,-24.28000,24.08000
0.00000,0.00000,0.00000,0.00000,0.00000,-0.00000,0.00000,-24.31000,24.10000
0.00000,0.00000,0.00000,0.00000,0.00000,-0.00000,0.00000,-24.31000,24.10000
0.00000,0.00000,0.00000,0.00000,0.00000,-0.00000,0.00000,-24.33000,24.13000
0.00000,0.00000,0.00000,0.00000,0.00000,-0.00000,0.00000,-24.33000,24.13000
0.00000,0.00000,0.00000,0.00000,0.00000,-0.00000,0.00000,-24.36000,24.15000
0.00000,0.00000,0.00000,0.00000,0.00000,-0.00000,0.00000,-24.36000,24.15000
0.00000,0.00000,0.00000,0.00000,0.00000,-0.00000,0.00000,-24.38000,24.18000
0.00000,0.00000,0.00000,0.00000,0.00000,-0.00000,0.00000,-24.38000,24.18000
0.00000,0.00000,0.00000,0.00000,0.00000,-0.00000,0.00000,-24.41000,24.21000
0.00000,0.00000,0.00000,0.00000,0.00000,-0.00000,0.00000,-24.41000,24.21000
0.00000,0.00000,0.00000,0.00000,0.00000,-0.00000,0.00000,-24.44000,24.23000
0.00000,0.00000,0.00000,0.00000,0.00000,-0.00000,0.00000,-24.44000,24.23000
0.00000,0.00000,0.00000,0.00000,0.00000,-0.00000,0.00000,-24.46000,24.26000
0.00000,0.00000,0.00000,0.00000,0.00000,-0.00000,0.00000,-24.46000,24.26000
0.00000,0.00000,0.00000,0.00000,0.00000,-0.00000,0.00000,-24.49000,24.28000
0.00000,0.00000,0.00000,0.00000,0.00000,-0.00000,0.00000,-24.49000,24.28000
0.00000,0.00000,0.00000,0.00000,0.00000,-0.00000,0.00000,-24.51000,24.31000
0.00000,0.00000,0.00000,0.00000,0.00000,-0.00000,0.00000,-24.51000,24.31000
0.00000,0.00000,0.00000,0.00000,0.00000,-0.00000,0.00000,-24.54000,24.33000
0.00000,0.00000,0.00000,0.00000,0.00000,-0.00000,0.00000,-24.54000,24.33000
0.00000,0.00000,0.00000,0.00000,0.00000,-0.00000,0.00000,-24.57000,24.36000
0.00000,0.00000,0.00000,0.00000,0.00000,-0.00000,0.00000,-24.57000,24.36000
0.00000,0.00000,0.00000,0.00000,0.00000,-0.00000,0.00000,-24.59000,24.39000
0.00000,0.00000,0.00000,0.00000,0.00000,-0.00000,0.00000,-24.59000,24.39000
0.00000,0.00000,0.00000,0.00000,0.00000,-0.00000,0.00000,-24.62000,24.41000
0.00000,0.00000,0.00000,0.00000,0.00000,-0.00000,0.00000,-24.62000,24.41000
0.00000,0.00000,0.00000,0.00000,0.00000,-0.00000,0.00000,-24.64000,24.44000
0.00000,0.00000,0.00000,0.00000,0.00000,-0.00000,0.00000,-24.64000,24.44000
0.00000,0.00000,0.00000,0.00000,0.00000,-0.00000,0.00000,-24.67000,24.46000
0.00000,0.00000,0.00000,0.00000,0.00000,-0.00000,0.00000,-24.67000,24.46000
0.00000,0.00000,0.00000,0.00000,0.00000,-0.00000,0.00000,-24.70000,24.49000
0.00000,0.00000,0.00000,0.00000,0.00000,-0.00000,0.00000,-24.70000,24.49000
0.00000,0.00000,0.00000,0.00000,0.00000,-0.00000,0.00000,-24.72000,24.51000
0.00000,0.00000,0.00000,0.00000,0.00000,-0.00000,0.00000,-24.72000,24.51000
0.00000,0.00000,0.00000,0.00000,0.00000,-0.00000,0.00000,-24.75000,24.54000
0.00000,0.00000,0.00000,0.00000,0.00000,-0.00000,0.00000,-24.75000,24.54000
0.00000,0.00000,0.00000,0.00000,0.00000,-0.00000,0.00000,-24.77000,24.57000
0.00000,0.00000,0.00000,0.00000,0.00000,-0.00000,0.00000,-24.77000,24.57000
0.00000,0.00000,0.00000,0.00000,0.00000,-0.00000,0.00000,-24.80000,24.59000
0.00000,0.00000,0.00000,0.00000,0.00000,-0.00000,0.00000,-24.80000,24.59000
0.00000,0.00000,0.00000,0.00000,0.00000,-0.00000,0.00000,-24.83000,24.62000
0.00000,0.00000,0.00000,0.00000,0.00000,-0.00000,0.00000,-24.83000,24.62000
0.00000,0.00000,0.00000,0.00000,0.00000,-0.00000,0.00000,-24.85000,24.64000
0.00000,0.00000,0.00000,0.00000,0.00000,-0.00000,0.00000,-24.85000,24.64000
0.00000,0.00000,0.00000,0.00000,0.00000,-0.00000,0.00000,-24.88000,24.67000
0.00000,0.00000,0.00000,0.00000,0.00000,-0.00000,0.00000,-24.88000,24.67000
0.00000,0.00000,0.00000,0.00000,0.00000,-0.00000,0.00000,-24.90000,24.69000
0.00000,0.00000,0.00000,0.00000,0.00000,-0.00000,0.00000,-24.90000,24.69000
0.00000,0.00000,0.00000,0.00000,0.00000,-0.00000,0.00000,-24.93000,24.72000
0.00000,0.00000,0.00000,0.00000,0.00000,-0.00000,0.00000,-24.93000,24.72000
0.00000,0.00000,0.00000,0.00000,0.00000,-0.00000,0.00000,-24.95000,24.74000
0.00000,0.00000,0.00000,0.00000,0.00000,-0.00000,0.00000,-24.95000,24.74000
0.00000,0.00000,0.00000,0.00000,0.00000,-0.00000,0.00000,-24.98000,24.77000
0.00000,0.00000,0.00000,0.00000,0.00000,-0.00000,0.00000,-24.98000,24.77000
0.00000,0.00000,0.00000,0.00000,0.00000,-0.00000,0.00000,-25.01000,24.80000
0.00000,0.00000,0.00000,0.00000,0.00000,-0.00000,0.00000,-25.01000,24.80000
0.00000,0.00000,0.00000,0.00000,0.00000,-0.00000,0.00000,-25.03000,24.82000
0.00000,0.00000,0.00000,0.00000,0.00000,-0.00000,0.00000,-25.03000,24.82000
0.00000,0.00000,0.00000,0.00000,0.00000,-0.00000,0.00000,-25.06000,24.85000
0.00000,0.00000,0.00000,0.00000,0.00000,-0.00000,0.00000,-25.06000,24.85000
0.00000,0.00000,0.00000,0.00000,0.00000,-0.00000,0.00000,-25.08000,24.87000
0.00000,0.00000,0.00000,0.00000,0.00000,-0.00000,0.00000,-25.08000,24.87000
0.00000,0.00000,0.00000,0.00000,0.00000,-0.00000,0.00000,-25.11000,24.90000
0.00000,0.00000,0.00000,0.00000,0.00000,-0.00000,0.00000,-25.11000,24.90000
0.00000,0.00000,0.00000,0.00000,0.00000,-0.00000,0.00000,-25.14000,24.92000
0.00000,0.00000,0.00000,0.00000,0.00000,-0.00000,0.00000,-25.14000,24.92000
0.00000,0.00000,0.00000,0.00000,0.00000,-0.00000,0.00000,-25.16000,24.95000
0.00000,0.00000,0.00000,0.00000,0.00000,-0.00000,0.00000,-25.16000,24.95000
0.00000,0.00000,0.00000,0.00000,0.00000,-0.00000,0.00000,-25.19000,24.98000
0.00000,0.00000,0.00000,0.00000,0.00000,-0.00000,0.00000,-25.19000,24.98000
0.00000,0.00000,0.00000,0.00000,0.00000,-0.00000,0.00000,-25.21000,25.00000
0.00000,0.00000,0.00000,0.00000,0.00000,-0.00000,0.00000,-25.21000,25.00000
0.00000,0.00000,0.00000,0.00000,0.00000,-0.00000,0.00000,-25.24000,25.03000
0.00000,0.00000,0.00000,0.00000,0.00000,-0.00000,0.00000,-25.24000,25.03000
0.00000,0.00000,0.00000,0.00000,0.00000,-0.00000,0.00000,-25.27000,25.05000
0.00000,0.00000,0.00000,0.00000,0.00000,-0.00000,0.00000,-25.27000,25.05000
0.00000,0.00000,0.00000,0.00000,0.00000,-0.00000,0.00000,-25.29000,25.08000
0.00000,0.00000,0.00000,0.00000,0.00000,-0.00000,0.00000,-25.29000,25.08000
0.00000,0.00000,0.00000,0.00000,0.00000,-0.00000,0.00000,-25.32000,25.10000
0.00000,0.00000,0.00000,0.00000,0.00000,-0.00000,0.00000,-25.32000,25.10000
0.00000,0.00000,0.00000,0.00000,0.00000,-0.00000,0.00000,-25.34000,25.13000
0.00000,0.00000,0.00000,0.00000,0.00000,-0.00000,0.00000,-25.34000,25.13000
0.00000,0.00000,0.00000,0.00000,0.00000,-0.00000,0.00000,-25.37000,25.16000
0.00000,0.00000,0.00000,0.00000,0.00000,-0.00000,0.00000,-25.37000,25.16000
0.00000,0.00000,0.00000,0.00000,0.00000,-0.00000,0.00000,-25.39000,25.18000
0.00000,0.00000,0.00000,0.00000,0.00000,-0.00000,0.00000,-25.39000,25.18000
0.00000,0.00000,0.00000,0.00000,0.00000,-0.00000,0.00000,-25.42000,25.21000
0.00000,0.00000,0.00000,0.00000,0.00000,-0.00000,0.00000,-25.42000,25.21000
0.00000,0.00000,0.00000,0.00000,0.00000,-0.00000,0.00000,-25.45000,25.23000
0.00000,0.00000,0.00000,0.00000,0.00000,-0.00000,0.00000,-25.45000,25.23000
0.00000,0.00000,0.00000,0.00000,0.00000,-0.00000,0.00000,-25.47000,25.26000
0.00000,0.00000,0.00000,0.00000,0.00000,-0.00000,0.00000,-25.47000,25.26000
0.00000,0.00000,0.00000,0.00000,0.00000,-0.00000,0.00000,-25.50000,25.28000
0.00000,0.00000,0.00000,0.00000,0.00000,-0.00000,0.00000,-25.50000,25.28000
0.00000,0.00000,0.00000,0.00000,0.00000,-0.00000,0.00000,-25.52000,25.31000
0.00000,0.00000,0.00000,0.00000,0.00000,-0.00000,0.00000,-25.52000,25.31000
0.00000,0.00000,0.00000,0.00000,0.00000,-0.00000,0.00000,-25.55000,25.34000
0.00000,0.00000,0.00000,0.00000,0.00000,-0.00000,0.00000,-25.55000,25.34000
0.00000,0.00000,0.00000,0.00000,0.00000,-0.00000,0.00000,-25.58000,25.36000
0.00000,0.00000,0.00000,0.00000,0.00000,-0.00000,0.00000,-25.58000,25.36000
0.00000,0.00000,0.00000,0.00000,0.00000,-0.00000,0.00000,-25.60000,25.39000
0.00000,0.00000,0.00000,0.00000,0.00000,-0.00000,0.00000,-25.60000,25.39000
0.00000,0.00000,0.00000,0.00000,0.00000,-0.00000,0.00000,-25.63000,25.41000
0.00000,0.00000,0.00000,0.00000,0.00000,-0.00000,0.00000,-25.63000,25.41000
0.00000,0.00000,0.00000,0.00000,0.00000,-0.00000,0.00000,-25.65000,25.44000
0.00000,0.00000,0.00000,0.00000,0.00000,-0.00000,0.00000,-25.65000,25.44000
0.00000,0.00000,0.00000,0.00000,0.00000,-0.00000,0.00000,-25.68000,25.46000
0.00000,0.00000,0.00000,0.00000,0.00000,-0.00000,0.00000,-25.68000,25.46000
0.00000,0.00000,0.00000,0.00000,0.00000,-0.00000,0.00000,-25.71000,25.49000
0.00000,0.00000,0.00000,0.00000,0.00000,-0.00000,0.00000,-25.71000,25.49000
0.00000,0.00000,0.00000,0.00000,0.00000,-0.00000,0.00000,-25.73000,25.52000
0.00000,0.00000,0.00000,0.00000,0.00000,-0.00000,0.00000,-25.73000,25.52000
0.00000,0.00000,0.00000,0.00000,0.00000,-0.00000,0.00000,-25.76000,25.54000
0.00000,0.00000,0.00000,0.00000,0.00000,-0.00000,0.00000,-25.76000,25.54000
0.00000,0.00000,0.00000,0.00000,0.00000,-0.00000,0.00000,-25.78000,25.57000
0.00000,0.00000,0.00000,0.00000,0.00000,-0.00000,0.00000,-25.78000,25.57000
0.00000,0.00000,0.00000,0.00000,0.00000,-0.00000,0.00000,-25.81000,25.59000
0.00000,0.00000,0.00000,0.00000,0.00000,-0.00000,0.00000,-25.81000,25.59000
0.00000,0.00000,0.00000,0.00000,0.00000,-0.00000,0.00000,-25.84000,25.62000
0.00000,0.00000,0.00000,0.00000,0.00000,-0.00000,0.00000,-25.84000,25.62000
0.00000,0.00000,0.00000,0.00000,0.00000,-0.00000,0.00000,-25.86000,25.64000
0.00000,0.00000,0.00000,0.00000,0.00000,-0.00000,0.00000,-25.86000,25.64000
0.00000,0.00000,0.00000,0.00000,0.00000,-0.00000,0.00000,-25.89000,25.67000
0.00000,0.00000,0.00000,0.00000,0.00000,-0.00000,0.00000,-25.89000,25.67000
0.00000,0.00000,0.00000,0.00000,0.00000,-0.00000,0.00000,-25.91000,25.70000
0.00000,0.00000,0.00000,0.00000,0.00000,-0.00000,0.00000,-25.91000,25.70000
0.00000,0.00000,0.00000,0.00000,0.00000,-0.00000,0.00000,-25.94000,25.72000
0.00000,0.00000,0.00000,0.00000,0.00000,-0.00000,0.00000,-25.94000,25.72000
0.00000,0.00000,0.00000,0.00000,0.00000,-0.00000,0.00000,-25.96000,25.75000
0.00000,0.00000,0.00000,0.00000,0.00000,-0.00000,0.00000,-25.96000,25.75000
0.00000,0.00000,0.00000,0.00000,0.00000,-0.00000,0.00000,-25.99000,25.77000
0.00000,0.00000,0.00000,0.00000,0.00000,-0.00000,0.00000,-25.99000,25.77000
0.00000,0.00000,0.00000,0.00000,0.00000,-0.00000,0.00000,-26.02000,25.80000
0.00000,0.00000,0.00000,0.00000,0.00000,-0.00000,0.00000,-26.02000,25.80000
0.00000,0.00000,0.00000,0.00000,0.00000,-0.00000,0.00000,-26.04000,25.82000
0.00000,0.00000,0.00000,0.00000,0.00000,-0.00000,0.00000,-26.04000,25.82000
0.00000,0.00000,0.00000,0.00000,0.00000,-0.00000,0.00000,-26.07000,25.85000
0.00000,0.00000,0.00000,0.00000,0.00000,-0.00000,0.00000,-26.07000,25.85000
0.00000,0.00000,0.00000,0.00000,0.00000,-0.00000,0.00000,-26.09000,25.87000
0.00000,0.00000,0.00000,0.00000,0.00000,-0.00000,0.00000,-26.09000,25.87000
0.00000,0.00000,0.00000,0.00000,0.00000,-0.00000,0.00000,-26.12000,25.90000
0.00000,0.00000,0.00000,0.00000,0.00000,-0.00000,0.00000,-26.12000,25.90000
0.00000,0.00000,0.00000,0.00000,0.00000,-0.00000,0.00000,-26.15000,25.93000
0.00000,0.00000,0.00000,0.00000,0.00000,-0.00000,0.00000,-26.15000,25.93000
0.00000,0.00000,0.00000,0.00000,0.00000,-0.00000,0.00000,-26.17000,25.95000
0.00000,0.00000,0.00000,0.00000,0.00000,-0.00000,0.00000,-26.17000,25.95000
0.00000,0.00000,0.00000,0.00000,0.00000,-0.00000,0.00000,-26.20000,25.98000
0.00000,0.00000,0.00000,0.00000,0.00000,-0.00000,0.00000,-26.20000,25.98000
0.00000,0.00000,0.00000,0.00000,0.00000,-0.00000,0.00000,-26.22000,26.00000
0.00000,0.00000,0.00000,0.00000,0.00000,-0.00000,0.00000,-26.22000,26.00000
0.00000,0.00000,0.00000,0.00000,0.00000,-0.00000,0.00000,-26.25000,26.03000
0.00000,0.00000,0.00000,0.00000,0.00000,-0.00000,0.00000,-26.25000,26.03000
0.00000,0.00000,0.00000,0.00000,0.00000,-0.00000,0.00000,-26.28000,26.05000
0.00000,0.00000,0.00000,0.00000,0.00000,-0.00000,0.00000,-26.28000,26.05000
0.00000,0.00000,0.00000,0.00000,0.00000,-0.00000,0.00000,-26.30000,26.08000
0.00000,0.00000,0.00000,0.00000,0.00000,-0.00000,0.00000,-26.30000,26.08000
0.00000,0.00000,0.00000,0.00000,0.00000,-0.00000,0.00000,-26.33000,26.11000
0.00000,0.00000,0.00000,0.00000,0.00000,-0.00000,0.00000,-26.33000,26.11000
0.00000,0.00000,0.00000,0.00000,0.00000,-0.00000,0.00000,-26.35000,26.13000
0.00000,0.00000,0.00000,0.00000,0.00000,-0.00000,0.00000,-26.35000,26.13000
0.00000,0.00000,0.00000,0.00000,0.00000,-0.00000,0.00000,-26.38000,26.16000
0.00000,0.00000,0.00000,0.00000,0.00000,-0.00000,0.00000,-26.38000,26.16000
0.00000,0.00000,0.00000,0.00000,0.00000,-0.00000,0.00000,-26.40000,26.18000
0.00000,0.00000,0.00000,0.00000,0.00000,-0.00000,0.00000,-26.40000,26.18000
0.00000,0.00000,0.00000,0.00000,0.00000,-0.00000,0.00000,-26.43000,26.21000
0.00000,0.00000,0.00000,0.00000,0.00000,-0.00000,0.00000,-26.43000,26.21000
0.00000,0.00000,0.00000,0.00000,0.00000,-0.00000,0.00000,-26.46000,26.23000
0.00000,0.00000,0.00000,0.00000,0.00000,-0.00000,0.00000,-26.46000,26.23000
0.00000,0.00000,0.00000,0.00000,0.00000,-0.00000,0.00000,-26.48000,26.26000
0.00000,0.00000,0.00000,0.00000,0.00000,-0.00000,0.00000,-26.48000,26.26000
0.00000,0.00000,0.00000,0.00000,0.00000,-0.00000,0.00000,-26.51000,26.29000
0.00000,0.00000,0.00000,0.00000,0.00000,-0.00000,0.00000,-26.51000,26.29000
0.00000,0.00000,0.00000,0.00000,0.00000,-0.00000,0.00000,-26.53000,26.31000
0.00000,0.00000,0.00000,0.00000,0.00000,-0.00000,0.00000,-26.53000,26.31000
0.00000,0.00000,0.00000,0.00000,0.00000,-0.00000,0.00000,-26.56000,26.34000
0.00000,0.00000,0.00000,0.00000,0.00000,-0.00000,0.00000,-26.56000,26.34000
0.00000,0.00000,0.00000,0.00000,0.00000,-0.00000,0.00000,-26.59000,26.36000
0.00000,0.00000,0.00000,0.00000,0.00000,-0.00000,0.00000,-26.59000,26.36000
0.00000,0.00000,0.00000,0.00000,0.00000,-0.00000,0.00000,-26.61000,26.39000
0.00000,0.00000,0.00000,0.00000,0.00000,-0.00000,0.00000,-26.61000,26.39000
0.00000,0.00000,0.00000,0.00000,0.00000,-0.00000,0.00000,-26.64000,26.41000
0.00000,0.00000,0.00000,0.00000,0.00000,-0.00000,0.00000,-26.64000,26.41000
0.00000,0.00000,0.00000,0.00000,0.00000,-0.00000,0.00000,-26.66000,26.44000
0.00000,0.00000,0.00000,0.00000,0.00000,-0.00000,0.00000,-26.66000,26.44000
0.00000,0.00000,0.00000,0.00000,0.00000,-0.00000,0.00000,-26.69000,26.47000
0.00000,0.00000,0.00000,0.00000,0.00000,-0.00000,0.00000,-26.69000,26.47000
0.00000,0.00000,0.00000,0.00000,0.00000,-0.00000,0.00000,-26.72000,26.49000
0.00000,0.00000,0.00000,0.00000,0.00000,-0.00000,0.00000,-26.72000,26.49000
0.00000,0.00000,0.00000,0.00000,0.00000,-0.00000,0.00000,-26.74000,26.52000
0.00000,0.00000,0.00000,0.00000,0.00000,-0.00000,0.00000,-26.74000,26.52000
0.00000,0.00000,0.00000,0.00000,0.00000,-0.00000,0.00000,-26.77000,26.54000
0.00000,0.00000,0.00000,0.00000,0.00000,-0.00000,0.00000,-26.77000,26.54000
0.00000,0.00000,0.00000,0.00000,0.00000,-0.00000,0.00000,-26.79000,26.57000
0.00000,0.00000,0.00000,0.00000,0.00000,-0.00000,0.00000,-26.79000,26.57000
0.00000,0.00000,0.00000,0.00000,0.00000,-0.00000,0.00000,-26.82000,26.59000
0.00000,0.00000,0.00000,0.00000,0.00000,-0.00000,0.00000,-26.82000,26.59000
0.00000,0.00000,0.00000,0.00000,0.00000,-0.00000,0.00000,-26.85000,26.62000
0.00000,0.00000,0.00000,0.00000,0.00000,-0.00000,0.00000,-26.85000,26.62000
0.00000,0.00000,0.00000,0.00000,0.00000,-0.00000,0.00000,-26.87000,26.65000
0.00000,0.00000,0.00000,0.00000,0.00000,-0.00000,0.00000,-26.87000,26.65000
0.00000,0.00000,0.00000,0.00000,0.00000,-0.00000,0.00000,-26.90000,26.67000
0.00000,0.00000,0.00000,0.00000,0.00000,-0.00000,0.00000,-26.90000,26.67000
0.00000,0.00000,0.00000,0.00000,0.00000,-0.00000,0.00000,-26.92000,26.70000
0.00000,0.00000,0.00000,0.00000,0.00000,-0.00000,0.00000,-26.92000,26.70000
0.00000,0.00000,0.00000,0.00000,0.00000,-0.00000,0.00000,-26.95000,26.72000
0.00000,0.00000,0.00000,0.00000,0.00000,-0.00000,0.00000,-26.95000,26.72000
0.00000,0.00000,0.00000,0.00000,0.00000,-0.00000,0.00000,-26.97000,26.75000
0.00000,0.00000,0.00000,0.00000,0.00000,-0.00000,0.00000,-26.97000,26.75000
0.00000,0.00000,0.00000,0.00000,0.00000,-0.00000,0.00000,-27.00000,26.77000
0.00000,0.00000,0.00000,0.00000,0.00000,-0.00000,0.00000,-27.00000,26.77000
0.00000,0.00000,0.00000,0.00000,0.00000,-0.00000,0.00000,-27.03000,26.80000
0.00000,0.00000,0.00000,0.00000,0.00000,-0.00000,0.00000,-27.03000,26.80000
0.00000,0.00000,0.00000,0.00000,0.00000,-0.00000,0.00000,-27.05000,26.83000
0.00000,0.00000,0.00000,0.00000,0.00000,-0.00000,0.00000,-27.05000,26.83000
0.00000,0.00000,0.00000,0.00000,0.00000,-0.00000,0.00000,-27.08000,26.85000
0.00000,0.00000,0.00000,0.00000,0.00000,-0.00000,0.00000,-27.08000,26.85000
0.00000,0.00000,0.00000,0.00000,0.00000,-0.00000,0.00000,-27.10000,26.88000
0.00000,0.00000,0.00000,0.00000,0.00000,-0.00000,0.00000,-27.10000,26.88000
0.00000,0.00000,0.00000,0.00000,0.00000,-0.00000,0.00000,-27.13000,26.90000
0.00000,0.00000,0.00000,0.00000,0.00000,-0.00000,0.00000,-27.13000,26.90000
0.00000,0.00000,0.00000,0.00000,0.00000,-0.00000,0.00000,-27.16000,26.93000
0.00000,0.00000,0.00000,0.00000,0.00000,-0.00000,0.00000,-27.16000,26.93000
0.00000,0.00000,0.00000,0.00000,0.00000,-0.00000,0.00000,-27.18000,26.95000
0.00000,0.00000,0.00000,0.00000,0.00000,-0.00000,0.00000,-27.18000,26.95000
0.00000,0.00000,0.00000,0.00000,0.00000,-0.00000,0.00000,-27.21000,26.98000
0.00000,0.00000,0.00000,0.00000,0.00000,-0.00000,0.00000,-27.21000,26.98000
0.00000,0.00000,0.00000,0.00000,0.00000,-0.00000,0.00000,-27.23000,27.00000
0.00000,0.00000,0.00000,0.00000,0.00000,-0.00000,0.00000,-27.23000,27.00000
0.00000,0.00000,0.00000,0.00000,0.00000,-0.00000,0.00000,-27.26000,27.03000
0.00000,0.00000,0.00000,0.00000,0.00000,-0.00000,0.00000,-27.26000,27.03000
0.00000,0.00000,0.00000,0.00000,0.00000,-0.00000,0.00000,-27.29000,27.06000
0.00000,0.00000,0.00000,0.00000,0.00000,-0.00000,0.00000,-27.29000,27.06000
0.00000,0.00000,0.00000,0.00000,0.00000,-0.00000,0.00000,-27.31000,27.08000
0.00000,0.00000,0.00000,0.00000,0.00000,-0.00000,0.00000,-27.31000,27.08000
0.00000,0.00000,0.00000,0.00000,0.00000,-0.00000,0.00000,-27.34000,27.11000
0.00000,0.00000,0.00000,0.00000,0.00000,-0.00000,0.00000,-27.34000,27.11000
0.00000,0.00000,0.00000,0.00000,0.00000,-0.00000,0.00000,-27.36000,27.13000
0.00000,0.00000,0.00000,0.00000,0.00000,-0.00000,0.00000,-27.36000,27.13000
0.00000,0.00000,0.00000,0.00000,0.00000,-0.00000,0.00000,-27.39000,27.16000
0.00000,0.00000,0.00000,0.00000,0.00000,-0.00000,0.00000,-27.39000,27.16000
0.00000,0.00000,0.00000,0.00000,0.00000,-0.00000,0.00000,-27.42000,27.18000
0.00000,0.00000,0.00000,0.00000,0.00000,-0.00000,0.00000,-27.42000,27.18000
0.00000,0.00000,0.00000,0.00000,0.00000,-0.00000,0.00000,-27.44000,27.21000
0.00000,0.00000,0.00000,0.00000,0.00000,-0.00000,0.00000,-27.44000,27.21000
0.00000,0.00000,0.00000,0.00000,0.00000,-0.00000,0.00000,-27.47000,27.24000
0.00000,0.00000,0.00000,0.00000,0.00000,-0.00000,0.00000,-27.47000,27.24000
0.00000,0.00000,0.00000,0.00000,0.00000,-0.00000,0.00000,-27.49000,27.26000
0.00000,0.00000,0.00000,0.00000,0.00000,-0.00000,0.00000,-27.49000,27.26000
0.00000,0.00000,0.00000,0.00000,0.00000,-0.00000,0.00000,-27.52000,27.29000
0.00000,0.00000,0.00000,0.00000,0.00000,-0.00000,0.00000,-27.52000,27.29000
0.00000,0.00000,0.00000,0.00000,0.00000,-0.00000,0.00000,-27.54000,27.31000
0.00000,0.00000,0.00000,0.00000,0.00000,-0.00000,0.00000,-27.54000,27.31000
0.00000,0.00000,0.00000,0.00000,0.00000,-0.00000,0.00000,-27.57000,27.34000
0.00000,0.00000,0.00000,0.00000,0.00000,-0.00000,0.00000,-27.57000,27.34000
0.00000,0.00000,0.00000,0.00000,0.00000,-0.00000,0.00000,-27.60000,27.36000
0.00000,0.00000,0.00000,0.00000,0.00000,-0.00000,0.00000,-27.60000,27.36000
0.00000,0.00000,0.00000,0.00000,0.00000,-0.00000,0.00000,-27.62000,27.39000
0.00000,0.00000,0.00000,0.00000,0.00000,-0.00000,0.00000,-27.62000,27.39000
0.00000,0.00000,0.00000,0.00000,0.00000,-0.00000,0.00000,-27.65000,27.42000
0.00000,0.00000,0.00000,0.00000,0.00000,-0.00000,0.00000,-27.65000,27.42000
0.00000,0.00000,0.00000,0.00000,0.00000,-0.00000,0.00000,-27.67000,27.44000
0.00000,0.00000,0.00000,0.00000,0.00000,-0.00000,0.00000,-27.67000,27.44000
0.00000,0.00000,0.00000,0.00000,0.00000,-0.00000,0.00000,-27.70000,27.47000
0.00000,0.00000,0.00000,0.00000,0.00000,-0.00000,0.00000,-27.70000,27.47000
0.00000,0.00000,0.00000,0.00000,0.00000,-0.00000,0.00000,-27.73000,27.49000
0.00000,0.00000,0.00000,0.00000,0.00000,-0.00000,0.00000,-27.73000,27.49000
0.00000,0.00000,0.00000,0.00000,0.00000,-0.00000,0.00000,-27.75000,27.52000
0.00000,0.00000,0.00000,0.00000,0.00000,-0.00000,0.00000,-27.75000,27.52000
0.00000,0.00000,0.00000,0.00000,0.00000,-0.00000,0.00000,-27.78000,27.54000
0.00000,0.00000,0.00000,0.00000,0.00000,-0.00000,0.00000,-27.78000,27.54000
0.00000,0.00000,0.00000,0.00000,0.00000,-0.00000,0.00000,-27.80000,27.57000
0.00000,0.00000,0.00000,0.00000,0.00000,-0.00000,0.00000,-27.80000,27.57000
0.00000,0.00000,0.00000,0.00000,0.00000,-0.00000,0.00000,-27.83000,27.60000
0.00000,0.00000,0.00000,0.00000,0.00000,-0.00000,0.00000,-27.83000,27.60000
0.00000,0.00000,0.00000,0.00000,0.00000,-0.00000,0.00000,-27.86000,27.62000
0.00000,0.00000,0.00000,0.00000,0.00000,-0.00000,0.00000,-27.86000,27.62000
0.00000,0.00000,0.00000,0.00000,0.00000,-0.00000,0.00000,-27.88000,27.65000
0.00000,0.00000,0.00000,0.00000,0.00000,-0.00000,0.00000,-27.88000,27.65000
0.00000,0.00000,0.00000,0.00000,0.00000,-0.00000,0.00000,-27.91000,27.67000
0.00000,0.00000,0.00000,0.00000,0.00000,-0.00000,0.00000,-27.91000,27.67000
0.00000,0.00000,0.00000,0.00000,0.00000,-0.00000,0.00000,-27.93000,27.70000
0.00000,0.00000,0.00000,0.00000,0.00000,-0.00000,0.00000,-27.93000,27.70000
0.00000,0.00000,0.00000,0.00000,0.00000,-0.00000,0.00000,-27.96000,27.72000
0.00000,0.00000,0.00000,0.00000,0.00000,-0.00000,0.00000,-27.96000,27.72000
0.00000,0.00000,0.00000,0.00000,0.00000,-0.00000,0.00000,-27.98000,27.75000
0.00000,0.00000,0.00000,0.00000,0.00000,-0.00000,0.00000,-27.98000,27.75000
0.00000,0.00000,0.00000,0.00000,0.00000,-0.00000,0.00000,-28.01000,27.78000
0.00000,0.00000,0.00000,0.00000,0.00000,-0.00000,0.00000,-28.01000,27.78000
0.00000,0.00000,0.00000,0.00000,0.00000,-0.00000,0.00000,-28.04000,27.80000
0.00000,0.00000,0.00000,0.00000,0.00000,-0.00000,0.00000,-28.04000,27.80000
0.00000,0.00000,0.00000,0.00000,0.00000,-0.00000,0.00000,-28.06000,27.83000
0.00000,0.00000,0.00000,0.00000,0.00000,-0.00000,0.00000,-28.06000,27.83000
0.00000,0.00000,0.00000,0.00000,0.00000,-0.00000,0.00000,-28.09000,27.85000
0.00000,0.00000,0.00000,0.00000,0.00000,-0.00000,0.00000,-28.09000,27.85000
0.00000,0.00000,0.00000,0.00000,0.00000,-0.00000,0.00000,-28.11000,27.88000
0.00000,0.00000,0.00000,0.00000,0.00000,-0.00000,0.00000,-28.11000,27.88000
0.00000,0.00000,0.00000,0.00000,0.00000,-0.00000,0.00000,-28.14000,27.90000
0.00000,0.00000,0.00000,0.00000,0.00000,-0.00000,0.00000,-28.14000,27.90000
0.00000,0.00000,0.00000,0.00000,0.00000,-0.00000,0.00000,-28.17000,27.93000
0.00000,0.00000,0.00000,0.00000,0.00000,-0.00000,0.00000,-28.17000,27.93000
0.00000,0.00000,0.00000,0.00000,0.00000,-0.00000,0.00000,-28.19000,27.96000
0.00000,0.00000,0.00000,0.00000,0.00000,-0.00000,0.00000,-28.19000,27.96000
0.00000,0.00000,0.00000,0.00000,0.00000,-0.00000,0.00000,-28.22000,27.98000
0.00000,0.00000,0.00000,0.00000,0.00000,-0.00000,0.00000,-28.22000,27.98000
0.00000,0.00000,0.00000,0.00000,0.00000,-0.00000,0.00000,-28.24000,28.01000
0.00000,0.00000,0.00000,0.00000,0.00000,-0.00000,0.00000,-28.24000,28.01000
0.00000,0.00000,0.00000,0.00000,0.00000,-0.00000,0.00000,-28.27000,28.03000
0.00000,0.00000,0.00000,0.00000,0.00000,-0.00000,0.00000,-28.27000,28.03000
0.00000,0.00000,0.00000,0.00000,0.00000,-0.00000,0.00000,-28.30000,28.06000
0.00000,0.00000,0.00000,0.00000,0.00000,-0.00000,0.00000,-28.30000,28.06000
0.00000,0.00000,0.00000,0.00000,0.00000,-0.00000,0.00000,-28.32000,28.08000
0.00000,0.00000,0.00000,0.00000,0.00000,-0.00000,0.00000,-28.32000,28.08000
0.00000,0.00000,0.00000,0.00000,0.00000,-0.00000,0.00000,-28.35000,28.11000
0.00000,0.00000,0.00000,0.00000,0.00000,-0.00000,0.00000,-28.35000,28.11000
0.00000,0.00000,0.00000,0.00000,0.00000,-0.00000,0.00000,-28.37000,28.13000
0.00000,0.00000,0.00000,0.00000,0.00000,-0.00000,0.00000,-28.37000,28.13000
0.00000,0.00000,0.00000,0.00000,0.00000,-0.00000,0.00000,-28.40000,28.16000
0.00000,0.00000,0.00000,0.00000,0.00000,-0.00000,0.00000,-28.40000,28.16000
0.00000,0.00000,0.00000,0.00000,0.00000,-0.00000,0.00000,-28.43000,28.19000
0.00000,0.00000,0.00000,0.00000,0.00000,-0.00000,0.00000,-28.43000,28.19000
0.00000,0.00000,0.00000,0.00000,0.00000,-0.00000,0.00000,-28.45000,28.21000
0.00000,0.00000,0.00000,0.00000,0.00000,-0.00000,0.00000,-28.45000,28.21000
0.00000,0.00000,0.00000,0.00000,0.00000,-0.00000,0.00000,-28.48000,28.24000
0.00000,0.00000,0.00000,0.00000,0.00000,-0.00000,0.00000,-28.48000,28.24000
0.00000,0.00000,0.00000,0.00000,0.00000,-0.00000,0.00000,-28.50000,28.26000
0.00000,0.00000,0.00000,0.00000,0.00000,-0.00000,0.00000,-28.50000,28.26000
0.00000,0.00000,0.00000,0.00000,0.00000,-0.00000,0.00000,-28.53000,28.29000
0.00000,0.00000,0.00000,0.00000,0.00000,-0.00000,0.00000,-28.53000,28.29000
0.00000,0.00000,0.00000,0.00000,0.00000,-0.00000,0.00000,-28.55000,28.31000
0.00000,0.00000,0.00000,0.00000,0.00000,-0.00000,0.00000,-28.55000,28.31000
0.00000,0.00000,0.00000,0.00000,0.00000,-0.00000,0.00000,-28.58000,28.34000
0.00000,0.00000,0.00000,0.00000,0.00000,-0.00000,0.00000,-28.58000,28.34000
0.00000,0.00000,0.00000,0.00000,0.00000,-0.00000,0.00000,-28.61000,28.37000
0.00000,0.00000,0.00000,0.00000,0.00000,-0.00000,0.00000,-28.61000,28.37000
0.00000,0.00000,0.00000,0.00000,0.00000,-0.00000,0.00000,-28.63000,28.39000
0.00000,0.00000,0.00000,0.00000,0.00000,-0.00000,0.00000,-28.63000,28.39000
0.00000,0.00000,0.00000,0.00000,0.00000,-0.00000,0.00000,-28.66000,28.42000
0.00000,0.00000,0.00000,0.00000,0.00000,-0.00000,0.00000,-28.66000,28.42000
0.00000,0.00000,0.00000,0.00000,0.00000,-0.00000,0.00000,-28.68000,28.44000
0.00000,0.00000,0.00000,0.00000,0.00000,-0.00000,0.00000,-28.68000,28.44000
0.00000,0.00000,0.00000,0.00000,0.00000,-0.00000,0.00000,-28.71000,28.47000
0.00000,0.00000,0.00000,0.00000,0.00000,-0.00000,0.00000,-28.71000,28.47000
0.00000,0.00000,0.00000,0.00000,0.00000,-0.00000,0.00000,-28.74000,28.49000
0.00000,0.00000,0.00000,0.00000,0.00000,-0.00000,0.00000,-28.74000,28.49000
0.00000,0.00000,0.00000,0.00000,0.00000,-0.00000,0.00000,-28.76000,28.52000
0.00000,0.00000,0.00000,0.00000,0.00000,-0.00000,0.00000,-28.76000,28.52000
0.00000,0.00000,0.00000,0.00000,0.00000,-0.00000,0.00000,-28.79000,28.55000
0.00000,0.00000,0.00000,0.00000,0.00000,-0.00000,0.00000,-28.79000,28.55000
0.00000,0.00000,0.00000,0.00000,0.00000,-0.00000,0.00000,-28.81000,28.57000
0.00000,0.00000,0.00000,0.00000,0.00000,-0.00000,0.00000,-28.81000,28.57000
0.00000,0.00000,0.00000,0.00000,0.00000,-0.00000,0.00000,-28.84000,28.60000
0.00000,0.00000,0.00000,0.00000,0.00000,-0.00000,0.00000,-28.84000,28.60000
0.00000,0.00000,0.00000,0.00000,0.00000,-0.00000,0.00000,-28.87000,28.62000
0.00000,0.00000,0.00000,0.00000,0.00000,-0.00000,0.00000,-28.87000,28.62000
0.00000,0.00000,0.00000,0.00000,0.00000,-0.00000,0.00000,-28.89000,28.65000
0.00000,0.00000,0.00000,0.00000,0.00000,-0.00000,0.00000,-28.89000,28.65000
0.00000,0.00000,0.00000,0.00000,0.00000,-0.00000,0.00000,-28.92000,28.67000
0.00000,0.00000,0.00000,0.00000,0.00000,-0.00000,0.00000,-28.92000,28.67000
0.00000,0.00000,0.00000,0.00000,0.00000,-0.00000,0.00000,-28.94000,28.70000
0.00000,0.00000,0.00000,0.00000,0.00000,-0.00000,0.00000,-28.94000,28.70000
0.00000,0.00000,0.00000,0.00000,0.00000,-0.00000,0.00000,-28.97000,28.73000
0.00000,0.00000,0.00000,0.00000,0.00000,-0.00000,0.00000,-28.97000,28.73000
0.00000,0.00000,0.00000,0.00000,0.00000,-0.00000,0.00000,-28.99000,28.75000
0.00000,0.00000,0.00000,0.00000,0.00000,-0.00000,0.00000,-28.99000,28.75000
0.00000,0.00000,0.00000,0.00000,0.00000,-0.00000,0.00000,-29.02000,28.78000
0.00000,0.00000,0.00000,0.00000,0.00000,-0.00000,0.00000,-29.02000,28.78000
0.00000,0.00000,0.00000,0.00000,0.00000,-0.00000,0.00000,-29.05000,28.80000
0.00000,0.00000,0.00000,0.00000,0.00000,-0.00000,0.00000,-29.05000,28.80000
0.00000,0.00000,0.00000,0.00000,0.00000,-0.00000,0.00000,-29.07000,28.83000
0.00000,0.00000,0.00000,0.00000,0.00000,-0.00000,0.00000,-29.07000,28.83000
0.00000,0.00000,0.00000,0.00000,0.00000,-0.00000,0.00000,-29.10000,28.85000
0.00000,0.00000,0.00000,0.00000,0.00000,-0.00000,0.00000,-29.10000,28.85000
0.00000,0.00000,0.00000,0.00000,0.00000,-0.00000,0.00000,-29.12000,28.88000
0.00000,0.00000,0.00000,0.00000,0.00000,-0.00000,0.00000,-29.12000,28.88000
0.00000,0.00000,0.00000,0.00000,0.00000,-0.00000,0.00000,-29.15000,28.91000
0.00000,0.00000,0.00000,0.00000,0.00000,-0.00000,0.00000,-29.15000,28.91000
0.00000,0.00000,0.00000,0.00000,0.00000,-0.00000,0.00000,-29.18000,28.93000
0.00000,0.00000,0.00000,0.00000,0.00000,-0.00000,0.00000,-29.18000,28.93000
0.00000,0.00000,0.00000,0.00000,0.00000,-0.00000,0.00000,-29.20000,28.96000
0.00000,0.00000,0.00000,0.00000,0.00000,-0.00000,0.00000,-29.20000,28.96000
0.00000,0.00000,0.00000,0.00000,0.00000,-0.00000,0.00000,-29.23000,28.98000
0.00000,0.00000,0.00000,0.00000,0.00000,-0.00000,0.00000,-29.23000,28.98000
0.00000,0.00000,0.00000,0.00000,0.00000,-0.00000,0.00000,-29.25000,29.01000
0.00000,0.00000,0.00000,0.00000,0.00000,-0.00000,0.00000,-29.25000,29.01000
0.00000,0.00000,0.00000,0.00000,0.00000,-0.00000,0.00000,-29.28000,29.03000
0.00000,0.00000,0.00000,0.00000,0.00000,-0.00000,0.00000,-29.28000,29.03000
0.00000,0.00000,0.00000,0.00000,0.00000,-0.00000,0.00000,-29.31000,29.06000
0.00000,0.00000,0.00000,0.00000,0.00000,-0.00000,0.00000,-29.31000,29.06000
0.00000,0.00000,0.00000,0.00000,0.00000,-0.00000,0.00000,-29.33000,29.09000
0.00000,0.00000,0.00000,0.00000,0.00000,-0.00000,0.00000,-29.33000,29.09000
0.00000,0.00000,0.00000,0.00000,0.00000,-0.00000,0.00000,-29.36000,29.11000
0.00000,0.00000,0.00000,0.00000,0.00000,-0.00000,0.00000,-29.36000,29.11000
0.00000,0.00000,0.00000,0.00000,0.00000,-0.00000,0.00000,-29.38000,29.14000
0.00000,0.00000,0.00000,0.00000,0.00000,-0.00000,0.00000,-29.38000,29.14000
0.00000,0.00000,0.00000,0.00000,0.00000,-0.00000,0.00000,-29.41000,29.16000
0.00000,0.00000,0.00000,0.00000,0.00000,-0.00000,0.00000,-29.41000,29.16000
0.00000,0.00000,0.00000,0.00000,0.00000,-0.00000,0.00000,-29.44000,29.19000
0.00000,0.00000,0.00000,0.00000,0.00000,-0.00000,0.00000,-29.44000,29.19000
0.00000,0.00000,0.00000,0.00000,0.00000,-0.00000,0.00000,-29.46000,29.21000
0.00000,0.00000,0.00000,0.00000,0.00000,-0.00000,0.00000,-29.46000,29.21000
0.00000,0.00000,0.00000,0.00000,0.00000,-0.00000,0.00000,-29.49000,29.24000
0.00000,0.00000,0.00000,0.00000,0.00000,-0.00000,0.00000,-29.49000,29.24000
0.00000,0.00000,0.00000,0.00000,0.00000,-0.00000,0.00000,-29.51000,29.27000
0.00000,0.00000,0.00000,0.00000,0.00000,-0.00000,0.00000,-29.51000,29.27000
0.00000,0.00000,0.00000,0.00000,0.00000,-0.00000,0.00000,-29.54000,29.29000
0.00000,0.00000,0.00000,0.00000,0.00000,-0.00000,0.00000,-29.54000,29.29000
0.00000,0.00000,0.00000,0.00000,0.00000,-0.00000,0.00000,-29.56000,29.32000
0.00000,0.00000,0.00000,0.00000,0.00000,-0.00000,0.00000,-29.56000,29.32000
0.00000,0.00000,0.00000,0.00000,0.00000,-0.00000,0.00000,-29.59000,29.34000
0.00000,0.00000,0.00000,0.00000,0.00000,-0.00000,0.00000,-29.59000,29.34000
0.00000,0.00000,0.00000,0.00000,0.00000,-0.00000,0.00000,-29.62000,29.37000
0.00000,0.00000,0.00000,0.00000,0.00000,-0.00000,0.00000,-29.62000,29.37000
0.00000,0.00000,0.00000,0.00000,0.00000,-0.00000,0.00000,-29.64000,29.39000
0.00000,0.00000,0.00000,0.00000,0.00000,-0.00000,0.00000,-29.64000,29.39000
0.00000,0.00000,0.00000,0.00000,0.00000,-0.00000,0.00000,-29.67000,29.42000
0.00000,0.00000,0.00000,0.00000,0.00000,-0.00000,0.00000,-29.67000,29.42000
0.00000,0.00000,0.00000,0.00000,0.00000,-0.00000,0.00000,-29.69000,29.44000
0.00000,0.00000,0.00000,0.00000,0.00000,-0.00000,0.00000,-29.69000,29.44000
0.00000,0.00000,0.00000,0.00000,0.00000,-0.00000,0.00000,-29.72000,29.47000
0.00000,0.00000,0.00000,0.00000,0.00000,-0.00000,0.00000,-29.72000,29.47000
0.00000,0.00000,0.00000,0.00000,0.00000,-0.00000,0.00000,-29.75000,29.50000
0.00000,0.00000,0.00000,0.00000,0.00000,-0.00000,0.00000,-29.75000,29.50000
0.00000,0.00000,0.00000,0.00000,0.00000,-0.00000,0.00000,-29.77000,29.52000
0.00000,0.00000,0.00000,0.00000,0.00000,-0.00000,0.00000,-29.77000,29.52000
0.00000,0.00000,0.00000,0.00000,0.00000,-0.00000,0.00000,-29.80000,29.55000
0.00000,0.00000,0.00000,0.00000,0.00000,-0.00000,0.00000,-29.80000,29.55000
0.00000,0.00000,0.00000,0.00000,0.00000,-0.00000,0.00000,-29.82000,29.57000
0.00000,0.00000,0.00000,0.00000,0.00000,-0.00000,0.00000,-29.82000,29.57000
0.00000,0.00000,0.00000,0.00000,0.00000,-0.00000,0.00000,-29.85000,29.60000
0.00000,0.00000,0.00000,0.00000,0.00000,-0.00000,0.00000,-29.85000,29.60000
0.00000,0.00000,0.00000,0.00000,0.00000,-0.00000,0.00000,-29.88000,29.62000
0.00000,0.00000,0.00000,0.00000,0.00000,-0.00000,0.00000,-29.88000,29.62000
0.00000,0.00000,0.00000,0.00000,0.00000,-0.00000,0.00000,-29.90000,29.65000
0.00000,0.00000,0.00000,0.00000,0.00000,-0.00000,0.00000,-29.90000,29.65000
0.00000,0.00000,0.00000,0.00000,0.00000,-0.00000,0.00000,-29.93000,29.68000
0.00000,0.00000,0.00000,0.00000,0.00000,-0.00000,0.00000,-29.93000,29.68000
0.00000,0.00000,0.00000,0.00000,0.00000,-0.00000,0.00000,-29.95000,29.70000
0.00000,0.00000,0.00000,0.00000,0.00000,-0.00000,0.00000,-29.95000,29.70000
0.00000,0.00000,0.00000,0.00000,0.00000,-0.00000,0.00000,-29.98000,29.73000
0.00000,0.00000,0.00000,0.00000,0.00000,-0.00000,0.00000,-29.98000,29.73000
0.00000,0.00000,0.00000,0.00000,0.00000,-0.00000,0.00000,-30.01000,29.75000
0.00000,0.00000,0.00000,0.00000,0.00000,-0.00000,0.00000,-30.01000,29.75000
0.00000,0.00000,0.00000,0.00000,0.00000,-0.00000,0.00000,-30.03000,29.78000
0.00000,0.00000,0.00000,0.00000,0.00000,-0.00000,0.00000,-30.03000,29.78000
0.00000,0.00000,0.00000,0.00000,0.00000,-0.00000,0.00000,-30.06000,29.80000
0.00000,0.00000,0.00000,0.00000,0.00000,-0.00000,0.00000,-30.06000,29.80000
0.00000,0.00000,0.00000,0.00000,0.00000,-0.00000,0.00000,-30.08000,29.83000
0.00000,0.00000,0.00000,0.00000,0.00000,-0.00000,0.00000,-30.08000,29.83000
0.00000,0.00000,0.00000,0.00000,0.00000,-0.00000,0.00000,-30.11000,29.86000
0.00000,0.00000,0.00000,0.00000,0.00000,-0.00000,0.00000,-30.11000,29.86000
0.00000,0.00000,0.00000,0.00000,0.00000,-0.00000,0.00000,-30.13000,29.88000
0.00000,0.00000,0.00000,0.00000,0.00000,-0.00000,0.00000,-30.13000,29.88000
0.00000,0.00000,0.00000,0.00000,0.00000,-0.00000,0.00000,-30.16000,29.91000
0.00000,0.00000,0.00000,0.00000,0.00000,-0.00000,0.00000,-30.16000,29.91000
0.00000,0.00000,0.00000,0.00000,0.00000,-0.00000,0.00000,-30.19000,29.93000
0.00000,0.00000,0.00000,0.00000,0.00000,-0.00000,0.00000,-30.19000,29.93000
0.00000,0.00000,0.00000,0.00000,0.00000,-0.00000,0.00000,-30.21000,29.96000
0.00000,0.00000,0.00000,0.00000,0.00000,-0.00000,0.00000,-30.21000,29.96000
0.00000,0.00000,0.00000,0.00000,0.00000,-0.00000,0.00000,-30.24000,29.98000
0.00000,0.00000,0.00000,0.00000,0.00000,-0.00000,0.00000,-30.24000,29.98000
0.00000,0.00000,0.00000,0.00000,0.00000,-0.00000,0.00000,-30.26000,30.01000
0.00000,0.00000,0.00000,0.00000,0.00000,-0.00000,0.00000,-30.26000,30.01000
0.00000,0.00000,0.00000,0.00000,0.00000,-0.00000,0.00000,-30.29000,30.04000
0.00000,0.00000,0.00000,0.00000,0.00000,-0.00000,0.00000,-30.29000,30.04000
0.00000,0.00000,0.00000,0.00000,0.00000,-0.00000,0.00000,-30.32000,30.06000
0.00000,0.00000,0.00000,0.00000,0.00000,-0.00000,0.00000,-30.32000,30.06000
0.00000,0.00000,0.00000,0.00000,0.00000,-0.00000,0.00000,-30.34000,30.09000
0.00000,0.00000,0.00000,0.00000,0.00000,-0.00000,0.00000,-30.34000,30.09000
0.00000,0.00000,0.00000,0.00000,0.00000,-0.00000,0.00000,-30.37000,30.11000
0.00000,0.00000,0.00000,0.00000,0.00000,-0.00000,0.00000,-30.37000,30.11000
0.00000,0.00000,0.00000,0.00000,0.00000,-0.00000,0.00000,-30.39000,30.14000
0.00000,0.00000,0.00000,0.00000,0.00000,-0.00000,0.00000,-30.39000,30.14000
0.00000,0.00000,0.00000,0.00000,0.00000,-0.00000,0.00000,-30.42000,30.16000
0.00000,0.00000,0.00000,0.00000,0.00000,-0.00000,0.00000,-30.42000,30.16000
0.00000,0.00000,0.00000,0.00000,0.00000,-0.00000,0.00000,-30.45000,30.19000
0.00000,0.00000,0.00000,0.00000,0.00000,-0.00000,0.00000,-30.45000,30.19000
0.00000,0.00000,0.00000,0.00000,0.00000,-0.00000,0.00000,-30.47000,30.22000
0.00000,0.00000,0.00000,0.00000,0.00000,-0.00000,0.00000,-30.47000,30.22000
0.00000,0.00000,0.00000,0.00000,0.00000,-0.00000,0.00000,-30.50000,30.24000
0.00000,0.00000,0.00000,0.00000,0.00000,-0.00000,0.00000,-30.50000,30.24000
0.00000,0.00000,0.00000,0.00000,0.00000,-0.00000,0.00000,-30.52000,30.27000
0.00000,0.00000,0.00000,0.00000,0.00000,-0.00000,0.00000,-30.52000,30.27000
0.00000,0.00000,0.00000,0.00000,0.00000,-0.00000,0.00000,-30.55000,30.29000
0.00000,0.00000,0.00000,0.00000,0.00000,-0.00000,0.00000,-30.55000,30.29000
0.00000,0.00000,0.00000,0.00000,0.00000,-0.00000,0.00000,-30.57000,30.32000
0.00000,0.00000,0.00000,0.00000,0.00000,-0.00000,0.00000,-30.57000,30.32000
0.00000,0.00000,0.00000,0.00000,0.00000,-0.00000,0.00000,-30.60000,30.34000
0.00000,0.00000,0.00000,0.00000,0.00000,-0.00000,0.00000,-30.60000,30.34000
0.00000,0.00000,0.00000,0.00000,0.00000,-0.00000,0.00000,-30.63000,30.37000
0.00000,0.00000,0.00000,0.00000,0.00000,-0.00000,0.00000,-30.63000,30.37000
0.00000,0.00000,0.00000,0.00000,0.00000,-0.00000,0.00000,-30.65000,30.40000
0.00000,0.00000,0.00000,0.00000,0.00000,-0.00000,0.00000,-30.65000,30.40000
0.00000,0.00000,0.00000,0.00000,0.00000,-0.00000,0.00000,-30.68000,30.42000
0.00000,0.00000,0.00000,0.00000,0.00000,-0.00000,0.00000,-30.68000,30.42000
0.00000,0.00000,0.00000,0.00000,0.00000,-0.00000,0.00000,-30.70000,30.45000
0.00000,0.00000,0.00000,0.00000,0.00000,-0.00000,0.00000,-30.70000,30.45000
0.00000,0.00000,0.00000,0.00000,0.00000,-0.00000,0.00000,-30.73000,30.47000
0.00000,0.00000,0.00000,0.00000,0.00000,-0.00000,0.00000,-30.73000,30.47000
0.00000,0.00000,0.00000,0.00000,0.00000,-0.00000,0.00000,-30.76000,30.50000
0.00000,0.00000,0.00000,0.00000,0.00000,-0.00000,0.00000,-30.76000,30.50000
0.00000,0.00000,0.00000,0.00000,0.00000,-0.00000,0.00000,-30.78000,30.52000
0.00000,0.00000,0.00000,0.00000,0.00000,-0.00000,0.00000,-30.78000,30.52000
0.00000,0.00000,0.00000,0.00000,0.00000,-0.00000,0.00000,-30.81000,30.55000
0.00000,0.00000,0.00000,0.00000,0.00000,-0.00000,0.00000,-30.81000,30.55000
0.00000,0.00000,0.00000,0.00000,0.00000,-0.00000,0.00000,-30.83000,30.57000
0.00000,0.00000,0.00000,0.00000,0.00000,-0.00000,0.00000,-30.83000,30.57000
0.00000,0.00000,0.00000,0.00000,0.00000,-0.00000,0.00000,-30.86000,30.60000
0.00000,0.00000,0.00000,0.00000,0.00000,-0.00000,0.00000,-30.86000,30.60000
0.00000,0.00000,0.00000,0.00000,0.00000,-0.00000,0.00000,-30.89000,30.63000
0.00000,0.00000,0.00000,0.00000,0.00000,-0.00000,0.00000,-30.89000,30.63000
0.00000,0.00000,0.00000,0.00000,0.00000,-0.00000,0.00000,-30.91000,30.65000
0.00000,0.00000,0.00000,0.00000,0.00000,-0.00000,0.00000,-30.91000,30.65000
0.00000,0.00000,0.00000,0.00000,0.00000,-0.00000,0.00000,-30.94000,30.68000
0.00000,0.00000,0.00000,0.00000,0.00000,-0.00000,0.00000,-30.94000,30.68000
0.00000,0.00000,0.00000,0.00000,0.00000,-0.00000,0.00000,-30.96000,30.70000
0.00000,0.00000,0.00000,0.00000,0.00000,-0.00000,0.00000,-30.96000,30.70000
0.00000,0.00000,0.00000,0.00000,0.00000,-0.00000,0.00000,-30.99000,30.73000
0.00000,0.00000,0.00000,0.00000,0.00000,-0.00000,0.00000,-30.99000,30.73000
0.00000,0.00000,0.00000,0.00000,0.00000,-0.00000,0.00000,-31.02000,30.75000
0.00000,0.00000,0.00000,0.00000,0.00000,-0.00000,0.00000,-31.02000,30.75000
0.00000,0.00000,0.00000,0.00000,0.00000,-0.00000,0.00000,-31.04000,30.78000
0.00000,0.00000,0.00000,0.00000,0.00000,-0.00000,0.00000,-31.04000,30.78000
0.00000,0.00000,0.00000,0.00000,0.00000,-0.00000,0.00000,-31.07000,30.81000
0.00000,0.00000,0.00000,0.00000,0.00000,-0.00000,0.00000,-31.07000,30.81000
0.00000,0.00000,0.00000,0.00000,0.00000,-0.00000,0.00000,-31.09000,30.83000
0.00000,0.00000,0.00000,0.00000,0.00000,-0.00000,0.00000,-31.09000,30.83000
0.00000,0.00000,0.00000,0.00000,0.00000,-0.00000,0.00000,-31.12000,30.86000
0.00000,0.00000,0.00000,0.00000,0.00000,-0.00000,0.00000,-31.12000,30.86000
0.00000,0.00000,0.00000,0.00000,0.00000,-0.00000,0.00000,-31.14000,30.88000
0.00000,0.00000,0.00000,0.00000,0.00000,-0.00000,0.00000,-31.14000,30.88000
0.00000,0.00000,0.00000,0.00000,0.00000,-0.00000,0.00000,-31.17000,30.91000
0.00000,0.00000,0.00000,0.00000,0.00000,-0.00000,0.00000,-31.17000,30.91000
0.00000,0.00000,0.00000,0.00000,0.00000,-0.00000,0.00000,-31.20000,30.93000
0.00000,0.00000,0.00000,0.00000,0.00000,-0.00000,0.00000,-31.20000,30.93000
0.00000,0.00000,0.00000,0.00000,0.00000,-0.00000,0.00000,-31.22000,30.96000
0.00000,0.00000,0.00000,0.00000,0.00000,-0.00000,0.00000,-31.22000,30.96000
0.00000,0.00000,0.00000,0.00000,0.00000,-0.00000,0.00000,-31.25000,30.99000
0.00000,0.00000,0.00000,0.00000,0.00000,-0.00000,0.00000,-31.25000,30.99000
0.00000,0.00000,0.00000,0.00000,0.00000,-0.00000,0.00000,-31.27000,31.01000
0.00000,0.00000,0.00000,0.00000,0.00000,-0.00000,0.00000,-31.27000,31.01000
0.00000,0.00000,0.00000,0.00000,0.00000,-0.00000,0.00000,-31.30000,31.04000
0.00000,0.00000,0.00000,0.00000,0.00000,-0.00000,0.00000,-31.30000,31.04000
0.00000,0.00000,0.00000,0.00000,0.00000,-0.00000,0.00000,-31.33000,31.06000
0.00000,0.00000,0.00000,0.00000,0.00000,-0.00000,0.00000,-31.33000,31.06000
0.00000,0.00000,0.00000,0.00000,0.00000,-0.00000,0.00000,-31.35000,31.09000
0.00000,0.00000,0.00000,0.00000,0.00000,-0.00000,0.00000,-31.35000,31.09000
0.00000,0.00000,0.00000,0.00000,0.00000,-0.00000,0.00000,-31.38000,31.11000
0.00000,0.00000,0.00000,0.00000,0.00000,-0.00000,0.00000,-31.38000,31.11000
0.00000,0.00000,0.00000,0.00000,0.00000,-0.00000,0.00000,-31.40000,31.14000
0.00000,0.00000,0.00000,0.00000,0.00000,-0.00000,0.00000,-31.40000,31.14000
0.00000,0.00000,0.00000,0.00000,0.00000,-0.00000,0.00000,-31.43000,31.17000
0.00000,0.00000,0.00000,0.00000,0.00000,-0.00000,0.00000,-31.43000,31.17000
0.00000,0.00000,0.00000,0.00000,0.00000,-0.00000,0.00000,-31.46000,31.19000
0.00000,0.00000,0.00000,0.00000,0.00000,-0.00000,0.00000,-31.46000,31.19000
0.00000,0.00000,0.00000,0.00000,0.00000,-0.00000,0.00000,-31.48000,31.22000
0.00000,0.00000,0.00000,0.00000,0.00000,-0.00000,0.00000,-31.48000,31.22000
0.00000,0.00000,0.00000,0.00000,0.00000,-0.00000,0.00000,-31.51000,31.24000
0.00000,0.00000,0.00000,0.00000,0.00000,-0.00000,0.00000,-31.51000,31.24000
0.00000,0.00000,0.00000,0.00000,0.00000,-0.00000,0.00000,-31.53000,31.27000
0.00000,0.00000,0.00000,0.00000,0.00000,-0.00000,0.00000,-31.53000,31.27000
0.00000,0.00000,0.00000,0.00000,0.00000,-0.00000,0.00000,-31.56000,31.29000
0.00000,0.00000,0.00000,0.00000,0.00000,-0.00000,0.00000,-31.56000,31.29000
0.00000,0.00000,0.00000,0.00000,0.00000,-0.00000,0.00000,-31.58000,31.32000
0.00000,0.00000,0.00000,0.00000,0.00000,-0.00000,0.00000,-31.58000,31.32000
0.00000,0.00000,0.00000,0.00000,0.00000,-0.00000,0.00000,-31.61000,31.35000
0.00000,0.00000,0.00000,0.00000,0.00000,-0.00000,0.00000,-31.61000,31.35000
0.00000,0.00000,0.00000,0.00000,0.00000,-0.00000,0.00000,-31.64000,31.37000
0.00000,0.00000,0.00000,0.00000,0.00000,-0.00000,0.00000,-31.64000,31.37000
0.00000,0.00000,0.00000,0.00000,0.00000,-0.00000,0.00000,-31.66000,31.40000
0.00000,0.00000,0.00000,0.00000,0.00000,-0.00000,0.00000,-31.66000,31.40000
0.00000,0.00000,0.00000,0.00000,0.00000,-0.00000,0.00000,-31.69000,31.42000
0.00000,0.00000,0.00000,0.00000,0.00000,-0.00000,0.00000,-31.69000,31.42000
0.00000,0.00000,0.00000,0.00000,0.00000,-0.00000,0.00000,-31.71000,31.45000
0.00000,0.00000,0.00000,0.00000,0.00000,-0.00000,0.00000,-31.71000,31.45000
0.00000,0.00000,0.00000,0.00000,0.00000,-0.00000,0.00000,-31.74000,31.47000
0.00000,0.00000,0.00000,0.00000,0.00000,-0.00000,0.00000,-31.74000,31.47000
0.00000,0.00000,0.00000,0.00000,0.00000,-0.00000,0.00000,-31.77000,31.50000
0.00000,0.00000,0.00000,0.00000,0.00000,-0.00000,0.00000,-31.77000,31.50000
0.00000,0.00000,0.00000,0.00000,0.00000,-0.00000,0.00000,-31.79000,31.53000
0.00000,0.00000,0.00000,0.00000,0.00000,-0.00000,0.00000,-31.79000,31.53000
0.00000,0.00000,0.00000,0.00000,0.00000,-0.00000,0.00000,-31.82000,31.55000
0.00000,0.00000,0.00000,0.00000,0.00000,-0.00000,0.00000,-31.82000,31.55000
0.00000,0.00000,0.00000,0.00000,0.00000,-0.00000,0.00000,-31.84000,31.58000
0.00000,0.00000,0.00000,0.00000,0.00000,-0.00000,0.00000,-31.84000,31.58000
0.00000,0.00000,0.00000,0.00000,0.00000,-0.00000,0.00000,-31.87000,31.60000
0.00000,0.00000,0.00000,0.00000,0.00000,-0.00000,0.00000,-31.87000,31.60000
0.00000,0.00000,0.00000,0.00000,0.00000,-0.00000,0.00000,-31.90000,31.63000
0.00000,0.00000,0.00000,0.00000,0.00000,-0.00000,0.00000,-31.90000,31.63000
0.00000,0.00000,0.00000,0.00000,0.00000,-0.00000,0.00000,-31.92000,31.65000
0.00000,0.00000,0.00000,0.00000,0.00000,-0.00000,0.00000,-31.92000,31.65000
0.00000,0.00000,0.00000,0.00000,0.00000,-0.00000,0.00000,-31.95000,31.68000
0.00000,0.00000,0.00000,0.00000,0.00000,-0.00000,0.00000,-31.95000,31.68000
0.00000,0.00000,0.00000,0.00000,0.00000,-0.00000,0.00000,-31.97000,31.70000
0.00000,0.00000,0.00000,0.00000,0.00000,-0.00000,0.00000,-31.97000,31.70000
0.00000,0.00000,0.00000,0.00000,0.00000,-0.00000,0.00000,-32.00000,31.73000
0.00000,0.00000,0.00000,0.00000,0.00000,-0.00000,0.00000,-32.00000,31.73000
0.00000,0.00000,0.00000,0.00000,0.00000,-0.00000,0.00000,-32.03000,31.76000
0.00000,0.00000,0.00000,0.00000,0.00000,-0.00000,0.00000,-32.03000,31.76000
0.00000,0.00000,0.00000,0.00000,0.00000,-0.00000,0.00000,-32.05000,31.78000
0.00000,0.00000,0.00000,0.00000,0.00000,-0.00000,0.00000,-32.05000,31.78000
0.00000,0.00000,0.00000,0.00000,0.00000,-0.00000,0.00000,-32.08000,31.81000
0.00000,0.00000,0.00000,0.00000,0.00000,-0.00000,0.00000,-32.08000,31.81000
0.00000,0.00000,0.00000,0.00000,0.00000,-0.00000,0.00000,-32.10000,31.83000
0.00000,0.00000,0.00000,0.00000,0.00000,-0.00000,0.00000,-32.10000,31.83000
0.00000,0.00000,0.00000,0.00000,0.00000,-0.00000,0.00000,-32.13000,31.86000
0.00000,0.00000,0.00000,0.00000,0.00000,-0.00000,0.00000,-32.13000,31.86000
0.00000,0.00000,0.00000,0.00000,0.00000,-0.00000,0.00000,-32.15000,31.88000
0.00000,0.00000,0.00000,0.00000,0.00000,-0.00000,0.00000,-32.15000,31.88000
0.00000,0.00000,0.00000,0.00000,0.00000,-0.00000,0.00000,-32.18000,31.91000
0.00000,0.00000,0.00000,0.00000,0.00000,-0.00000,0.00000,-32.18000,31.91000
0.00000,0.00000,0.00000,0.00000,0.00000,-0.00000,0.00000,-32.21000,31.94000
0.00000,0.00000,0.00000,0.00000,0.00000,-0.00000,0.00000,-32.21000,31.94000
0.00000,0.00000,0.00000,0.00000,0.00000,-0.00000,0.00000,-32.23000,31.96000
0.00000,0.00000,0.00000,0.00000,0.00000,-0.00000,0.00000,-32.23000,31.96000
0.00000,0.00000,0.00000,0.00000,0.00000,-0.00000,0.00000,-32.26000,31.99000
0.00000,0.00000,0.00000,0.00000,0.00000,-0.00000,0.00000,-32.26000,31.99000
0.00000,0.00000,0.00000,0.00000,0.00000,-0.00000,0.00000,-32.28000,32.01000
0.00000,0.00000,0.00000,0.00000,0.00000,-0.00000,0.00000,-32.28000,32.01000
0.00000,0.00000,0.00000,0.00000,0.00000,-0.00000,0.00000,-32.31000,32.04000
0.00000,0.00000,0.00000,0.00000,0.00000,-0.00000,0.00000,-32.31000,32.04000
0.00000,0.00000,0.00000,0.00000,0.00000,-0.00000,0.00000,-32.34000,32.06000
0.00000,0.00000,0.00000,0.00000,0.00000,-0.00000,0.00000,-32.34000,32.06000
0.00000,0.00000,0.00000,0.00000,0.00000,-0.00000,0.00000,-32.36000,32.09000
0.00000,0.00000,0.00000,0.00000,0.00000,-0.00000,0.00000,-32.36000,32.09000
0.00000,0.00000,0.00000,0.00000,0.00000,-0.00000,0.00000,-32.39000,32.12000
0.00000,0.00000,0.00000,0.00000,0.00000,-0.00000,0.00000,-32.39000,32.12000
0.00000,0.00000,0.00000,0.00000,0.00000,-0.00000,0.00000,-32.41000,32.14000
0.00000,0.00000,0.00000,0.00000,0.00000,-0.00000,0.00000,-32.41000,32.14000
0.00000,0.00000,0.00000,0.00000,0.00000,-0.00000,0.00000,-32.44000,32.17000
0.00000,0.00000,0.00000,0.00000,0.00000,-0.00000,0.00000,-32.44000,32.17000
0.00000,0.00000,0.00000,0.00000,0.00000,-0.00000,0.00000,-32.47000,32.19000
0.00000,0.00000,0.00000,0.00000,0.00000,-0.00000,0.00000,-32.47000,32.19000
0.00000,0.00000,0.00000,0.00000,0.00000,-0.00000,0.00000,-32.49000,32.22000
0.00000,0.00000,0.00000,0.00000,0.00000,-0.00000,0.00000,-32.49000,32.22000
0.00000,0.00000,0.00000,0.00000,0.00000,-0.00000,0.00000,-32.52000,32.24000
0.00000,0.00000,0.00000,0.00000,0.00000,-0.00000,0.00000,-32.52000,32.24000
0.00000,0.00000,0.00000,0.00000,0.00000,-0.00000,0.00000,-32.54000,32.27000
0.00000,0.00000,0.00000,0.00000,0.00000,-0.00000,0.00000,-32.54000,32.27000
0.00000,0.00000,0.00000,0.00000,0.00000,-0.00000,0.00000,-32.57000,32.30000
0.00000,0.00000,0.00000,0.00000,0.00000,-0.00000,0.00000,-32.57000,32.30000
0.00000,0.00000,0.00000,0.00000,0.00000,-0.00000,0.00000,-32.59000,32.32000
0.00000,0.00000,0.00000,0.00000,0.00000,-0.00000,0.00000,-32.59000,32.32000
0.00000,0.00000,0.00000,0.00000,0.00000,-0.00000,0.00000,-32.62000,32.35000
0.00000,0.00000,0.00000,0.00000,0.00000,-0.00000,0.00000,-32.62000,32.35000
0.00000,0.00000,0.00000,0.00000,0.00000,-0.00000,0.00000,-32.65000,32.37000
0.00000,0.00000,0.00000,0.00000,0.00000,-0.00000,0.00000,-32.65000,32.37000
0.00000,0.00000,0.00000,0.00000,0.00000,-0.00000,0.00000,-32.67000,32.40000
0.00000,0.00000,0.00000,0.00000,0.00000,-0.00000,0.00000,-32.67000,32.40000
0.00000,0.00000,0.00000,0.00000,0.00000,-0.00000,0.00000,-32.70000,32.42000
0.00000,0.00000,0.00000,0.00000,0.00000,-0.00000,0.00000,-32.70000,32.42000
0.00000,0.00000,0.00000,0.00000,0.00000,-0.00000,0.00000,-32.72000,32.45000
0.00000,0.00000,0.00000,0.00000,0.00000,-0.00000,0.00000,-32.72000,32.45000
0.00000,0.00000,0.00000,0.00000,0.00000,-0.00000,0.00000,-32.75000,32.48000
0.00000,0.00000,0.00000,0.00000,0.00000,-0.00000,0.00000,-32.75000,32.48000
0.00000,0.00000,0.00000,0.00000,0.00000,-0.00000,0.00000,-32.78000,32.50000
0.00000,0.00000,0.00000,0.00000,0.00000,-0.00000,0.00000,-32.78000,32.50000
0.00000,0.00000,0.00000,0.00000,0.00000,-0.00000,0.00000,-32.80000,32.53000
0.00000,0.00000,0.00000,0.00000,0.00000,-0.00000,0.00000,-32.80000,32.53000
0.00000,0.00000,0.00000,0.00000,0.00000,-0.00000,0.00000,-32.83000,32.55000
0.00000,0.00000,0.00000,0.00000,0.00000,-0.00000,0.00000,-32.83000,32.55000
0.00000,0.00000,0.00000,0.00000,0.00000,-0.00000,0.00000,-32.85000,32.58000
0.00000,0.00000,0.00000,0.00000,0.00000,-0.00000,0.00000,-32.85000,32.58000
0.00000,0.00000,0.00000,0.00000,0.00000,-0.00000,0.00000,-32.88000,32.60000
0.00000,0.00000,0.00000,0.00000,0.00000,-0.00000,0.00000,-32.88000,32.60000
0.00000,0.00000,0.00000,0.00000,0.00000,-0.00000,0.00000,-32.91000,32.63000
0.00000,0.00000,0.00000,0.00000,0.00000,-0.00000,0.00000,-32.91000,32.63000
0.00000,0.00000,0.00000,0.00000,0.00000,-0.00000,0.00000,-32.93000,32.66000
0.00000,0.00000,0.00000,0.00000,0.00000,-0.00000,0.00000,-32.93000,32.66000
0.00000,0.00000,0.00000,0.00000,0.00000,-0.00000,0.00000,-32.96000,32.68000
0.00000,0.00000,0.00000,0.00000,0.00000,-0.00000,0.00000,-32.96000,32.68000
0.00000,0.00000,0.00000,0.00000,0.00000,-0.00000,0.00000,-32.98000,32.71000
0.00000,0.00000,0.00000,0.00000,0.00000,-0.00000,0.00000,-32.98000,32.71000
0.00000,0.00000,0.00000,0.00000,0.00000,-0.00000,0.00000,-33.01000,32.73000
0.00000,0.00000,0.00000,0.00000,0.00000,-0.00000,0.00000,-33.01000,32.73000
0.00000,0.00000,0.00000,0.00000,0.00000,-0.00000,0.00000,-33.04000,32.76000
0.00000,0.00000,0.00000,0.00000,0.00000,-0.00000,0.00000,-33.04000,32.76000
0.00000,0.00000,0.00000,0.00000,0.00000,-0.00000,0.00000,-33.06000,32.78000
0.00000,0.00000,0.00000,0.00000,0.00000,-0.00000,0.00000,-33.06000,32.78000
0.00000,0.00000,0.00000,0.00000,0.00000,-0.00000,0.00000,-33.09000,32.81000
0.00000,0.00000,0.00000,0.00000,0.00000,-0.00000,0.00000,-33.09000,32.81000
0.00000,0.00000,0.00000,0.00000,0.00000,-0.00000,0.00000,-33.11000,32.83000
0.00000,0.00000,0.00000,0.00000,0.00000,-0.00000,0.00000,-33.11000,32.83000
0.00000,0.00000,0.00000,0.00000,0.00000,-0.00000,0.00000,-33.14000,32.86000
0.00000,0.00000,0.00000,0.00000,0.00000,-0.00000,0.00000,-33.14000,32.86000
0.00000,0.00000,0.00000,0.00000,0.00000,-0.00000,0.00000,-33.16000,32.89000
0.00000,0.00000,0.00000,0.00000,0.00000,-0.00000,0.00000,-33.16000,32.89000
0.00000,0.00000,0.00000,0.00000,0.00000,-0.00000,0.00000,-33.19000,32.91000
0.00000,0.00000,0.00000,0.00000,0.00000,-0.00000,0.00000,-33.19000,32.91000
0.00000,0.00000,0.00000,0.00000,0.00000,-0.00000,0.00000,-33.22000,32.94000
0.00000,0.00000,0.00000,0.00000,0.00000,-0.00000,0.00000,-33.22000,32.94000
0.00000,0.00000,0.00000,0.00000,0.00000,-0.00000,0.00000,-33.24000,32.96000
0.00000,0.00000,0.00000,0.00000,0.00000,-0.00000,0.00000,-33.24000,32.96000
0.00000,0.00000,0.00000,0.00000,0.00000,-0.00000,0.00000,-33.27000,32.99000
0.00000,0.00000,0.00000,0.00000,0.00000,-0.00000,0.00000,-33.27000,32.99000
0.00000,0.00000,0.00000,0.00000,0.00000,-0.00000,0.00000,-33.29000,33.01000
0.00000,0.00000,0.00000,0.00000,0.00000,-0.00000,0.00000,-33.29000,33.01000
0.00000,0.00000,0.00000,0.00000,0.00000,-0.00000,0.00000,-33.32000,33.04000
0.00000,0.00000,0.00000,0.00000,0.00000,-0.00000,0.00000,-33.32000,33.04000
0.00000,0.00000,0.00000,0.00000,0.00000,-0.00000,0.00000,-33.35000,33.07000
0.00000,0.00000,0.00000,0.00000,0.00000,-0.00000,0.00000,-33.35000,33.07000
0.00000,0.00000,0.00000,0.00000,0.00000,-0.00000,0.00000,-33.37000,33.09000
0.00000,0.00000,0.00000,0.00000,0.00000,-0.00000,0.00000,-33.37000,33.09000
0.00000,0.00000,0.00000,0.00000,0.00000,-0.00000,0.00000,-33.40000,33.12000
0.00000,0.00000,0.00000,0.00000,0.00000,-0.00000,0.00000,-33.40000,33.12000
0.00000,0.00000,0.00000,0.00000,0.00000,-0.00000,0.00000,-33.42000,33.14000
0.00000,0.00000,0.00000,0.00000,0.00000,-0.00000,0.00000,-33.42000,33.14000
0.00000,0.00000,0.00000,0.00000,0.00000,-0.00000,0.00000,-33.45000,33.17000
0.00000,0.00000,0.00000,0.00000,0.00000,-0.00000,0.00000,-33.45000,33.17000
0.00000,0.00000,0.00000,0.00000,0.00000,-0.00000,0.00000,-33.48000,33.19000
0.00000,0.00000,0.00000,0.00000,0.00000,-0.00000,0.00000,-33.48000,33.19000
0.00000,0.00000,0.00000,0.00000,0.00000,-0.00000,0.00000,-33.50000,33.22000
0.00000,0.00000,0.00000,0.00000,0.00000,-0.00000,0.00000,-33.50000,33.22000
0.00000,0.00000,0.00000,0.00000,0.00000,-0.00000,0.00000,-33.53000,33.25000
0.00000,0.00000,0.00000,0.00000,0.00000,-0.00000,0.00000,-33.53000,33.25000
0.00000,0.00000,0.00000,0.00000,0.00000,-0.00000,0.00000,-33.55000,33.27000
0.00000,0.00000,0.00000,0.00000,0.00000,-0.00000,0.00000,-33.55000,33.27000
0.00000,0.00000,0.00000,0.00000,0.00000,-0.00000,0.00000,-33.58000,33.30000
0.00000,0.00000,0.00000,0.00000,0.00000,-0.00000,0.00000,-33.58000,33.30000
0.00000,0.00000,0.00000,0.00000,0.00000,-0.00000,0.00000,-33.60000,33.32000
0.00000,0.00000,0.00000,0.00000,0.00000,-0.00000,0.00000,-33.60000,33.32000
0.00000,0.00000,0.00000,0.00000,0.00000,-0.00000,0.00000,-33.63000,33.35000
0.00000,0.00000,0.00000,0.00000,0.00000,-0.00000,0.00000,-33.63000,33.35000
0.00000,0.00000,0.00000,0.00000,0.00000,-0.00000,0.00000,-33.66000,33.37000
0.00000,0.00000,0.00000,0.00000,0.00000,-0.00000,0.00000,-33.66000,33.37000
0.00000,0.00000,0.00000,0.00000,0.00000,-0.00000,0.00000,-33.68000,33.40000
0.00000,0.00000,0.00000,0.00000,0.00000,-0.00000,0.00000,-33.68000,33.40000
0.00000,0.00000,0.00000,0.00000,0.00000,-0.00000,0.00000,-33.71000,33.43000
0.00000,0.00000,0.00000,0.00000,0.00000,-0.00000,0.00000,-33.71000,33.43000
0.00000,0.00000,0.00000,0.00000,0.00000,-0.00000,0.00000,-33.73000,33.45000
0.00000,0.00000,0.00000,0.00000,0.00000,-0.00000,0.00000,-33.73000,33.45000
0.00000,0.00000,0.00000,0.00000,0.00000,-0.00000,0.00000,-33.76000,33.48000
0.00000,0.00000,0.00000,0.00000,0.00000,-0.00000,0.00000,-33.76000,33.48000
0.00000,0.00000,0.00000,0.00000,0.00000,-0.00000,0.00000,-33.79000,33.50000
0.00000,0.00000,0.00000,0.00000,0.00000,-0.00000,0.00000,-33.79000,33.50000
0.00000,0.00000,0.00000,0.00000,0.00000,-0.00000,0.00000,-33.81000,33.53000
0.00000,0.00000,0.00000,0.00000,0.00000,-0.00000,0.00000,-33.81000,33.53000
0.00000,0.00000,0.00000,0.00000,0.00000,-0.00000,0.00000,-33.84000,33.55000
0.00000,0.00000,0.00000,0.00000,0.00000,-0.00000,0.00000,-33.84000,33.55000
0.00000,0.00000,0.00000,0.00000,0.00000,-0.00000,0.00000,-33.86000,33.58000
0.00000,0.00000,0.00000,0.00000,0.00000,-0.00000,0.00000,-33.86000,33.58000
0.00000,0.00000,0.00000,0.00000,0.00000,-0.00000,0.00000,-33.89000,33.61000
0.00000,0.00000,0.00000,0.00000,0.00000,-0.00000,0.00000,-33.89000,33.61000
0.00000,0.00000,0.00000,0.00000,0.00000,-0.00000,0.00000,-33.92000,33.63000
0.00000,0.00000,0.00000,0.00000,0.00000,-0.00000,0.00000,-33.92000,33.63000
0.00000,0.00000,0.00000,0.00000,0.00000,-0.00000,0.00000,-33.94000,33.66000
0.00000,0.00000,0.00000,0.00000,0.00000,-0.00000,0.00000,-33.94000,33.66000
0.00000,0.00000,0.00000,0.00000,0.00000,-0.00000,0.00000,-33.97000,33.68000
0.00000,0.00000,0.00000,0.00000,0.00000,-0.00000,0.00000,-33.97000,33.68000
0.00000,0.00000,0.00000,0.00000,0.00000,-0.00000,0.00000,-33.99000,33.71000
0.00000,0.00000,0.00000,0.00000,0.00000,-0.00000,0.00000,-33.99000,33.71000
0.00000,0.00000,0.00000,0.00000,0.00000,-0.00000,0.00000,-34.02000,33.73000
0.00000,0.00000,0.00000,0.00000,0.00000,-0.00000,0.00000,-34.02000,33.73000
0.00000,0.00000,0.00000,0.00000,0.00000,-0.00000,0.00000,-34.05000,33.76000
0.00000,0.00000,0.00000,0.00000,0.00000,-0.00000,0.00000,-34.05000,33.76000
0.00000,0.00000,0.00000,0.00000,0.00000,-0.00000,0.00000,-34.07000,33.78000
0.00000,0.00000,0.00000,0.00000,0.00000,-0.00000,0.00000,-34.07000,33.78000
0.00000,0.00000,0.00000,0.00000,0.00000,-0.00000,0.00000,-34.10000,33.81000
0.00000,0.00000,0.00000,0.00000,0.00000,-0.00000,0.00000,-34.10000,33.81000
0.00000,0.00000,0.00000,0.00000,0.00000,-0.00000,0.00000,-34.12000,33.84000
0.00000,0.00000,0.00000,0.00000,0.00000,-0.00000,0.00000,-34.12000,33.84000
0.00000,0.00000,0.00000,0.00000,0.00000,-0.00000,0.00000,-34.15000,33.86000
0.00000,0.00000,0.00000,0.00000,0.00000,-0.00000,0.00000,-34.15000,33.86000
0.00000,0.00000,0.00000,0.00000,0.00000,-0.00000,0.00000,-34.17000,33.89000
0.00000,0.00000,0.00000,0.00000,0.00000,-0.00000,0.00000,-34.17000,33.89000
0.00000,0.00000,0.00000,0.00000,0.00000,-0.00000,0.00000,-34.20000,33.91000
0.00000,0.00000,0.00000,0.00000,0.00000,-0.00000,0.00000,-34.20000,33.91000
0.00000,0.00000,0.00000,0.00000,0.00000,-0.00000,0.00000,-34.23000,33.94000
0.00000,0.00000,0.00000,0.00000,0.00000,-0.00000,0.00000,-34.23000,33.94000
0.00000,0.00000,0.00000,0.00000,0.00000,-0.00000,0.00000,-34.25000,33.96000
0.00000,0.00000,0.00000,0.00000,0.00000,-0.00000,0.00000,-34.25000,33.96000
0.00000,0.00000,0.00000,0.00000,0.00000,-0.00000,0.00000,-34.28000,33.99000
0.00000,0.00000,0.00000,0.00000,0.00000,-0.00000,0.00000,-34.28000,33.99000
0.00000,0.00000,0.00000,0.00000,0.00000,-0.00000,0.00000,-34.30000,34.02000
0.00000,0.00000,0.00000,0.00000,0.00000,-0.00000,0.00000,-34.30000,34.02000
0.00000,0.00000,0.00000,0.00000,0.00000,-0.00000,0.00000,-34.33000,34.04000
0.00000,0.00000,0.00000,0.00000,0.00000,-0.00000,0.00000,-34.33000,34.04000
0.00000,0.00000,0.00000,0.00000,0.00000,-0.00000,0.00000,-34.36000,34.07000
0.00000,0.00000,0.00000,0.00000,0.00000,-0.00000,0.00000,-34.36000,34.07000
0.00000,0.00000,0.00000,0.00000,0.00000,-0.00000,0.00000,-34.38000,34.09000
0.00000,0.00000,0.00000,0.00000,0.00000,-0.00000,0.00000,-34.38000,34.09000
0.00000,0.00000,0.00000,0.00000,0.00000,-0.00000,0.00000,-34.41000,34.12000
0.00000,0.00000,0.00000,0.00000,0.00000,-0.00000,0.00000,-34.41000,34.12000
0.00000,0.00000,0.00000,0.00000,0.00000,-0.00000,0.00000,-34.43000,34.14000
0.00000,0.00000,0.00000,0.00000,0.00000,-0.00000,0.00000,-34.43000,34.14000
0.00000,0.00000,0.00000,0.00000,0.00000,-0.00000,0.00000,-34.46000,34.17000
0.00000,0.00000,0.00000,0.00000,0.00000,-0.00000,0.00000,-34.46000,34.17000
0.00000,0.00000,0.00000,0.00000,0.00000,-0.00000,0.00000,-34.49000,34.20000
0.00000,0.00000,0.00000,0.00000,0.00000,-0.00000,0.00000,-34.49000,34.20000
0.00000,0.00000,0.00000,0.00000,0.00000,-0.00000,0.00000,-34.51000,34.22000
0.00000,0.00000,0.00000,0.00000,0.00000,-0.00000,0.00000,-34.51000,34.22000
0.00000,0.00000,0.00000,0.00000,0.00000,-0.00000,0.00000,-34.54000,34.25000
0.00000,0.00000,0.00000,0.00000,0.00000,-0.00000,0.00000,-34.54000,34.25000
0.00000,0.00000,0.00000,0.00000,0.00000,-0.00000,0.00000,-34.56000,34.27000
0.00000,0.00000,0.00000,0.00000,0.00000,-0.00000,0.00000,-34.56000,34.27000
0.00000,0.00000,0.00000,0.00000,0.00000,-0.00000,0.00000,-34.59000,34.30000
0.00000,0.00000,0.00000,0.00000,0.00000,-0.00000,0.00000,-34.59000,34.30000
0.00000,0.00000,0.00000,0.00000,0.00000,-0.00000,0.00000,-34.61000,34.32000
0.00000,0.00000,0.00000,0.00000,0.00000,-0.00000,0.00000,-34.61000,34.32000
0.00000,0.00000,0.00000,0.00000,0.00000,-0.00000,0.00000,-34.64000,34.35000
0.00000,0.00000,0.00000,0.00000,0.00000,-0.00000,0.00000,-34.64000,34.35000
0.00000,0.00000,0.00000,0.00000,0.00000,-0.00000,0.00000,-34.67000,34.38000
0.00000,0.00000,0.00000,0.00000,0.00000,-0.00000,0.00000,-34.67000,34.38000
0.00000,0.00000,0.00000,0.00000,0.00000,-0.00000,0.00000,-34.69000,34.40000
0.00000,0.00000,0.00000,0.00000,0.00000,-0.00000,0.00000,-34.69000,34.40000
0.00000,0.00000,0.00000,0.00000,0.00000,-0.00000,0.00000,-34.72000,34.43000
0.00000,0.00000,0.00000,0.00000,0.00000,-0.00000,0.00000,-34.72000,34.43000
0.00000,0.00000,0.00000,0.00000,0.00000,-0.00000,0.00000,-34.74000,34.45000
0.00000,0.00000,0.00000,0.00000,0.00000,-0.00000,0.00000,-34.74000,34.45000
0.00000,0.00000,0.00000,0.00000,0.00000,-0.00000,0.00000,-34.77000,34.48000
0.00000,0.00000,0.00000,0.00000,0.00000,-0.00000,0.00000,-34.77000,34.48000
0.00000,0.00000,0.00000,0.00000,0.00000,-0.00000,0.00000,-34.80000,34.50000
0.00000,0.00000,0.00000,0.00000,0.00000,-0.00000,0.00000,-34.80000,34.50000
0.00000,0.00000,0.00000,0.00000,0.00000,-0.00000,0.00000,-34.82000,34.53000
0.00000,0.00000,0.00000,0.00000,0.00000,-0.00000,0.00000,-34.82000,34.53000
0.00000,0.00000,0.00000,0.00000,0.00000,-0.00000,0.00000,-34.85000,34.56000
0.00000,0.00000,0.00000,0.00000,0.00000,-0.00000,0.00000,-34.85000,34.56000
0.00000,0.00000,0.00000,0.00000,0.00000,-0.00000,0.00000,-34.87000,34.58000
0.00000,0.00000,0.00000,0.00000,0.00000,-0.00000,0.00000,-34.87000,34.58000
0.00000,0.00000,0.00000,0.00000,0.00000,-0.00000,0.00000,-34.90000,34.61000
0.00000,0.00000,0.00000,0.00000,0.00000,-0.00000,0.00000,-34.90000,34.61000
0.00000,0.00000,0.00000,0.00000,0.00000,-0.00000,0.00000,-34.93000,34.63000
0.00000,0.00000,0.00000,0.00000,0.00000,-0.00000,0.00000,-34.93000,34.63000
0.00000,0.00000,0.00000,0.00000,0.00000,-0.00000,0.00000,-34.95000,34.66000
0.00000,0.00000,0.00000,0.00000,0.00000,-0.00000,0.00000,-34.95000,34.66000
0.00000,0.00000,0.00000,0.00000,0.00000,-0.00000,0.00000,-34.98000,34.68000
0.00000,0.00000,0.00000,0.00000,0.00000,-0.00000,0.00000,-34.98000,34.68000
0.00000,0.00000,0.00000,0.00000,0.00000,-0.00000,0.00000,-35.00000,34.71000
0.00000,0.00000,0.00000,0.00000,0.00000,-0.00000,0.00000,-35.00000,34.71000
0.00000,0.00000,0.00000,0.00000,0.00000,-0.00000,0.00000,-35.03000,34.74000
0.00000,0.00000,0.00000,0.00000,0.00000,-0.00000,0.00000,-35.03000,34.74000
0.00000,0.00000,0.00000,0.00000,0.00000,-0.00000,0.00000,-35.06000,34.76000
0.00000,0.00000,0.00000,0.00000,0.00000,-0.00000,0.00000,-35.06000,34.76000
0.00000,0.00000,0.00000,0.00000,0.00000,-0.00000,0.00000,-35.08000,34.79000
0.00000,0.00000,0.00000,0.00000,0.00000,-0.00000,0.00000,-35.08000,34.79000
0.00000,0.00000,0.00000,0.00000,0.00000,-0.00000,0.00000,-35.11000,34.81000
0.00000,0.00000,0.00000,0.00000,0.00000,-0.00000,0.00000,-35.11000,34.81000
0.00000,0.00000,0.00000,0.00000,0.00000,-0.00000,0.00000,-35.13000,34.84000
0.00000,0.00000,0.00000,0.00000,0.00000,-0.00000,0.00000,-35.13000,34.84000
0.00000,0.00000,0.00000,0.00000,0.00000,-0.00000,0.00000,-35.16000,34.86000
0.00000,0.00000,0.00000,0.00000,0.00000,-0.00000,0.00000,-35.16000,34.86000
0.00000,0.00000,0.00000,0.00000,0.00000,-0.00000,0.00000,-35.18000,34.89000
0.00000,0.00000,0.00000,0.00000,0.00000,-0.00000,0.00000,-35.18000,34.89000
0.00000,0.00000,0.00000,0.00000,0.00000,-0.00000,0.00000,-35.21000,34.91000
0.00000,0.00000,0.00000,0.00000,0.00000,-0.00000,0.00000,-35.21000,34.91000
0.00000,0.00000,0.00000,0.00000,0.00000,-0.00000,0.00000,-35.24000,34.94000
0.00000,0.00000,0.00000,0.00000,0.00000,-0.00000,0.00000,-35.24000,34.94000
0.00000,0.00000,0.00000,0.00000,0.00000,-0.00000,0.00000,-35.26000,34.97000
0.00000,0.00000,0.00000,0.00000,0.00000,-0.00000,0.00000,-35.26000,34.97000
0.00000,0.00000,0.00000,0.00000,0.00000,-0.00000,0.00000,-35.29000,34.99000
0.00000,0.00000,0.00000,0.00000,0.00000,-0.00000,0.00000,-35.29000,34.99000
0.00000,0.00000,0.00000,0.00000,0.00000,-0.00000,0.00000,-35.31000,35.02000
0.00000,0.00000,0.00000,0.00000,0.00000,-0.00000,0.00000,-35.31000,35.02000
0.00000,0.00000,0.00000,0.00000,0.00000,-0.00000,0.00000,-35.34000,35.04000
0.00000,0.00000,0.00000,0.00000,0.00000,-0.00000,0.00000,-35.34000,35.04000
0.00000,0.00000,0.00000,0.00000,0.00000,-0.00000,0.00000,-35.37000,35.07000
0.00000,0.00000,0.00000,0.00000,0.00000,-0.00000,0.00000,-35.37000,35.07000
0.00000,0.00000,0.00000,0.00000,0.00000,-0.00000,0.00000,-35.39000,35.09000
0.00000,0.00000,0.00000,0.00000,0.00000,-0.00000,0.00000,-35.39000,35.09000
0.00000,0.00000,0.00000,0.00000,0.00000,-0.00000,0.00000,-35.42000,35.12000
0.00000,0.00000,0.00000,0.00000,0.00000,-0.00000,0.00000,-35.42000,35.12000
0.00000,0.00000,0.00000,0.00000,0.00000,-0.00000,0.00000,-35.44000,35.15000
0.00000,0.00000,0.00000,0.00000,0.00000,-0.00000,0.00000,-35.44000,35.15000
0.00000,0.00000,0.00000,0.00000,0.00000,-0.00000,0.00000,-35.47000,35.17000
0.00000,0.00000,0.00000,0.00000,0.00000,-0.00000,0.00000,-35.47000,35.17000
0.00000,0.00000,0.00000,0.00000,0.00000,-0.00000,0.00000,-35.50000,35.20000
0.00000,0.00000,0.00000,0.00000,0.00000,-0.00000,0.00000,-35.50000,35.20000
0.00000,0.00000,0.00000,0.00000,0.00000,-0.00000,0.00000,-35.52000,35.22000
0.00000,0.00000,0.00000,0.00000,0.00000,-0.00000,0.00000,-35.52000,35.22000
0.00000,0.00000,0.00000,0.00000,0.00000,-0.00000,0.00000,-35.55000,35.25000
0.00000,0.00000,0.00000,0.00000,0.00000,-0.00000,0.00000,-35.55000,35.25000
0.00000,0.00000,0.00000,0.00000,0.00000,-0.00000,0.00000,-35.57000,35.27000
0.00000,0.00000,0.00000,0.00000,0.00000,-0.00000,0.00000,-35.57000,35.27000
0.00000,0.00000,0.00000,0.00000,0.00000,-0.00000,0.00000,-35.60000,35.30000
0.00000,0.00000,0.00000,0.00000,0.00000,-0.00000,0.00000,-35.60000,35.30000
0.00000,0.00000,0.00000,0.00000,0.00000,-0.00000,0.00000,-35.63000,35.33000
0.00000,0.00000,0.00000,0.00000,0.00000,-0.00000,0.00000,-35.63000,35.33000
0.00000,0.00000,0.00000,0.00000,0.00000,-0.00000,0.00000,-35.65000,35.35000
0.00000,0.00000,0.00000,0.00000,0.00000,-0.00000,0.00000,-35.65000,35.35000
0.00000,0.00000,0.00000,0.00000,0.00000,-0.00000,0.00000,-35.68000,35.38000
0.00000,0.00000,0.00000,0.00000,0.00000,-0.00000,0.00000,-35.68000,35.38000
0.00000,0.00000,0.00000,0.00000,0.00000,-0.00000,0.00000,-35.70000,35.40000
0.00000,0.00000,0.00000,0.00000,0.00000,-0.00000,0.00000,-35.70000,35.40000
0.00000,0.00000,0.00000,0.00000,0.00000,-0.00000,0.00000,-35.73000,35.43000
0.00000,0.00000,0.00000,0.00000,0.00000,-0.00000,0.00000,-35.73000,35.43000
0.00000,0.00000,0.00000,0.00000,0.00000,-0.00000,0.00000,-35.75000,35.45000
0.00000,0.00000,0.00000,0.00000,0.00000,-0.00000,0.00000,-35.75000,35.45000
0.00000,0.00000,0.00000,0.00000,0.00000,-0.00000,0.00000,-35.78000,35.48000
0.00000,0.00000,0.00000,0.00000,0.00000,-0.00000,0.00000,-35.78000,35.48000
0.00000,0.00000,0.00000,0.00000,0.00000,-0.00000,0.00000,-35.81000,35.51000
0.00000,0.00000,0.00000,0.00000,0.00000,-0.00000,0.00000,-35.81000,35.51000
0.00000,0.00000,0.00000,0.00000,0.00000,-0.00000,0.00000,-35.83000,35.53000
0.00000,0.00000,0.00000,0.00000,0.00000,-0.00000,0.00000,-35.83000,35.53000
0.00000,0.00000,0.00000,0.00000,0.00000,-0.00000,0.00000,-35.86000,35.56000
0.00000,0.00000,0.00000,0.00000,0.00000,-0.00000,0.00000,-35.86000,35.56000
0.00000,0.00000,0.00000,0.00000,0.00000,-0.00000,0.00000,-35.88000,35.58000
0.00000,0.00000,0.00000,0.00000,0.00000,-0.00000,0.00000,-35.88000,35.58000
0.00000,0.00000,0.00000,0.00000,0.00000,-0.00000,0.00000,-35.91000,35.61000
0.00000,0.00000,0.00000,0.00000,0.00000,-0.00000,0.00000,-35.91000,35.61000
0.00000,0.00000,0.00000,0.00000,0.00000,-0.00000,0.00000,-35.94000,35.63000
0.00000,0.00000,0.00000,0.00000,0.00000,-0.00000,0.00000,-35.94000,35.63000
0.00000,0.00000,0.00000,0.00000,0.00000,-0.00000,0.00000,-35.96000,35.66000
0.00000,0.00000,0.00000,0.00000,0.00000,-0.00000,0.00000,-35.96000,35.66000
0.00000,0.00000,0.00000,0.00000,0.00000,-0.00000,0.00000,-35.99000,35.69000
0.00000,0.00000,0.00000,0.00000,0.00000,-0.00000,0.00000,-35.99000,35.69000
0.00000,0.00000,0.00000,0.00000,0.00000,-0.00000,0.00000,-36.01000,35.71000
0.00000,0.00000,0.00000,0.00000,0.00000,-0.00000,0.00000,-36.01000,35.71000
0.00000,0.00000,0.00000,0.00000,0.00000,-0.00000,0.00000,-36.04000,35.74000
0.00000,0.00000,0.00000,0.00000,0.00000,-0.00000,0.00000,-36.04000,35.74000
0.00000,0.00000,0.00000,0.00000,0.00000,-0.00000,0.00000,-36.07000,35.76000
0.00000,0.00000,0.00000,0.00000,0.00000,-0.00000,0.00000,-36.07000,35.76000
0.00000,0.00000,0.00000,0.00000,0.00000,-0.00000,0.00000,-36.09000,35.79000
0.00000,0.00000,0.00000,0.00000,0.00000,-0.00000,0.00000,-36.09000,35.79000
0.00000,0.00000,0.00000,0.00000,0.00000,-0.00000,0.00000,-36.12000,35.81000
0.00000,0.00000,0.00000,0.00000,0.00000,-0.00000,0.00000,-36.12000,35.81000
0.00000,0.00000,0.00000,0.00000,0.00000,-0.00000,0.00000,-36.14000,35.84000
0.00000,0.00000,0.00000,0.00000,0.00000,-0.00000,0.00000,-36.14000,35.84000
0.00000,0.00000,0.00000,0.00000,0.00000,-0.00000,0.00000,-36.17000,35.87000
0.00000,0.00000,0.00000,0.00000,0.00000,-0.00000,0.00000,-36.17000,35.87000
0.00000,0.00000,0.00000,0.00000,0.00000,-0.00000,0.00000,-36.19000,35.89000
0.00000,0.00000,0.00000,0.00000,0.00000,-0.00000,0.00000,-36.19000,35.89000
0.00000,0.00000,0.00000,0.00000,0.00000,-0.00000,0.00000,-36.22000,35.92000
0.00000,0.00000,0.00000,0.00000,0.00000,-0.00000,0.00000,-36.22000,35.92000
0.00000,0.00000,0.00000,0.00000,0.00000,-0.00000,0.00000,-36.25000,35.94000
0.00000,0.00000,0.00000,0.00000,0.00000,-0.00000,0.00000,-36.25000,35.94000
0.00000,0.00000,0.00000,0.00000,0.00000,-0.00000,0.00000,-36.27000,35.97000
0.00000,0.00000,0.00000,0.00000,0.00000,-0.00000,0.00000,-36.27000,35.97000
0.00000,0.00000,0.00000,0.00000,0.00000,-0.00000,0.00000,-36.30000,35.99000
0.00000,0.00000,0.00000,0.00000,0.00000,-0.00000,0.00000,-36.30000,35.99000
0.00000,0.00000,0.00000,0.00000,0.00000,-0.00000,0.00000,-36.32000,36.02000
0.00000,0.00000,0.00000,0.00000,0.00000,-0.00000,0.00000,-36.32000,36.02000
0.00000,0.00000,0.00000,0.00000,0.00000,-0.00000,0.00000,-36.35000,36.04000
0.00000,0.00000,0.00000,0.00000,0.00000,-0.00000,0.00000,-36.35000,36.04000
0.00000,0.00000,0.00000,0.00000,0.00000,-0.00000,0.00000,-36.38000,36.07000
0.00000,0.00000,0.00000,0.00000,0.00000,-0.00000,0.00000,-36.38000,36.07000
0.00000,0.00000,0.00000,0.00000,0.00000,-0.00000,0.00000,-36.40000,36.10000
0.00000,0.00000,0.00000,0.00000,0.00000,-0.00000,0.00000,-36.40000,36.10000
0.00000,0.00000,0.00000,0.00000,0.00000,-0.00000,0.00000,-36.43000,36.12000
0.00000,0.00000,0.00000,0.00000,0.00000,-0.00000,0.00000,-36.43000,36.12000
0.00000,0.00000,0.00000,0.00000,0.00000,-0.00000,0.00000,-36.45000,36.15000
0.00000,0.00000,0.00000,0.00000,0.00000,-0.00000,0.00000,-36.45000,36.15000
0.00000,0.00000,0.00000,0.00000,0.00000,-0.00000,0.00000,-36.48000,36.17000
0.00000,0.00000,0.00000,0.00000,0.00000,-0.00000,0.00000,-36.48000,36.17000
0.00000,0.00000,0.00000,0.00000,0.00000,-0.00000,0.00000,-36.51000,36.20000
0.00000,0.00000,0.00000,0.00000,0.00000,-0.00000,0.00000,-36.51000,36.20000
0.00000,0.00000,0.00000,0.00000,0.00000,-0.00000,0.00000,-36.53000,36.22000
0.00000,0.00000,0.00000,0.00000,0.00000,-0.00000,0.00000,-36.53000,36.22000
0.00000,0.00000,0.00000,0.00000,0.00000,-0.00000,0.00000,-36.56000,36.25000
0.00000,0.00000,0.00000,0.00000,0.00000,-0.00000,0.00000,-36.56000,36.25000
0.00000,0.00000,0.00000,0.00000,0.00000,-0.00000,0.00000,-36.58000,36.28000
0.00000,0.00000,0.00000,0.00000,0.00000,-0.00000,0.00000,-36.58000,36.28000
0.00000,0.00000,0.00000,0.00000,0.00000,-0.00000,0.00000,-36.61000,36.30000
0.00000,0.00000,0.00000,0.00000,0.00000,-0.00000,0.00000,-36.61000,36.30000
0.00000,0.00000,0.00000,0.00000,0.00000,-0.00000,0.00000,-36.64000,36.33000
0.00000,0.00000,0.00000,0.00000,0.00000,-0.00000,0.00000,-36.64000,36.33000
0.00000,0.00000,0.00000,0.00000,0.00000,-0.00000,0.00000,-36.66000,36.35000
0.00000,0.00000,0.00000,0.00000,0.00000,-0.00000,0.00000,-36.66000,36.35000
0.00000,0.00000,0.00000,0.00000,0.00000,-0.00000,0.00000,-36.69000,36.38000
0.00000,0.00000,0.00000,0.00000,0.00000,-0.00000,0.00000,-36.69000,36.38000
0.00000,0.00000,0.00000,0.00000,0.00000,-0.00000,0.00000,-36.71000,36.40000
0.00000,0.00000,0.00000,0.00000,0.00000,-0.00000,0.00000,-36.71000,36.40000
0.00000,0.00000,0.00000,0.00000,0.00000,-0.00000,0.00000,-36.74000,36.43000
0.00000,0.00000,0.00000,0.00000,0.00000,-0.00000,0.00000,-36.74000,36.43000
0.00000,0.00000,0.00000,0.00000,0.00000,-0.00000,0.00000,-36.76000,36.46000
0.00000,0.00000,0.00000,0.00000,0.00000,-0.00000,0.00000,-36.76000,36.46000
0.00000,0.00000,0.00000,0.00000,0.00000,-0.00000,0.00000,-36.79000,36.48000
0.00000,0.00000,0.00000,0.00000,0.00000,-0.00000,0.00000,-36.79000,36.48000
0.00000,0.00000,0.00000,0.00000,0.00000,-0.00000,0.00000,-36.82000,36.51000
0.00000,0.00000,0.00000,0.00000,0.00000,-0.00000,0.00000,-36.82000,36.51000
0.00000,0.00000,0.00000,0.00000,0.00000,-0.00000,0.00000,-36.84000,36.53000
0.00000,0.00000,0.00000,0.00000,0.00000,-0.00000,0.00000,-36.84000,36.53000
0.00000,0.00000,0.00000,0.00000,0.00000,-0.00000,0.00000,-36.87000,36.56000
0.00000,0.00000,0.00000,0.00000,0.00000,-0.00000,0.00000,-36.87000,36.56000
0.00000,0.00000,0.00000,0.00000,0.00000,-0.00000,0.00000,-36.89000,36.58000
0.00000,0.00000,0.00000,0.00000,0.00000,-0.00000,0.00000,-36.89000,36.58000
0.00000,0.00000,0.00000,0.00000,0.00000,-0.00000,0.00000,-36.92000,36.61000
0.00000,0.00000,0.00000,0.00000,0.00000,-0.00000,0.00000,-36.92000,36.61000
0.00000,0.00000,0.00000,0.00000,0.00000,-0.00000,0.00000,-36.95000,36.64000
0.00000,0.00000,0.00000,0.00000,0.00000,-0.00000,0.00000,-36.95000,36.64000
0.00000,0.00000,0.00000,0.00000,0.00000,-0.00000,0.00000,-36.97000,36.66000
0.00000,0.00000,0.00000,0.00000,0.00000,-0.00000,0.00000,-36.97000,36.66000
0.00000,0.00000,0.00000,0.00000,0.00000,-0.00000,0.00000,-37.00000,36.69000
0.00000,0.00000,0.00000,0.00000,0.00000,-0.00000,0.00000,-37.00000,36.69000
0.00000,0.00000,0.00000,0.00000,0.00000,-0.00000,0.00000,-37.02000,36.71000
0.00000,0.00000,0.00000,0.00000,0.00000,-0.00000,0.00000,-37.02000,36.71000
0.00000,0.00000,0.00000,0.00000,0.00000,-0.00000,0.00000,-37.05000,36.74000
0.00000,0.00000,0.00000,0.00000,0.00000,-0.00000,0.00000,-37.05000,36.74000
0.00000,0.00000,0.00000,0.00000,0.00000,-0.00000,0.00000,-37.08000,36.76000
0.00000,0.00000,0.00000,0.00000,0.00000,-0.00000,0.00000,-37.08000,36.76000
0.00000,0.00000,0.00000,0.00000,0.00000,-0.00000,0.00000,-37.10000,36.79000
0.00000,0.00000,0.00000,0.00000,0.00000,-0.00000,0.00000,-37.10000,36.79000
0.00000,0.00000,0.00000,0.00000,0.00000,-0.00000,0.00000,-37.13000,36.82000
0.00000,0.00000,0.00000,0.00000,0.00000,-0.00000,0.00000,-37.13000,36.82000
0.00000,0.00000,0.00000,0.00000,0.00000,-0.00000,0.00000,-37.15000,36.84000
0.00000,0.00000,0.00000,0.00000,0.00000,-0.00000,0.00000,-37.15000,36.84000
0.00000,0.00000,0.00000,0.00000,0.00000,-0.00000,0.00000,-37.18000,36.87000
0.00000,0.00000,0.00000,0.00000,0.00000,-0.00000,0.00000,-37.18000,36.87000
0.00000,0.00000,0.00000,0.00000,0.00000,-0.00000,0.00000,-37.20000,36.89000
0.00000,0.00000,0.00000,0.00000,0.00000,-0.00000,0.00000,-37.20000,36.89000
0.00000,0.00000,0.00000,0.00000,0.00000,-0.00000,0.00000,-37.23000,36.92000
0.00000,0.00000,0.00000,0.00000,0.00000,-0.00000,0.00000,-37.23000,36.92000
0.00000,0.00000,0.00000,0.00000,0.00000,-0.00000,0.00000,-37.26000,36.94000
0.00000,0.00000,0.00000,0.00000,0.00000,-0.00000,0.00000,-37.26000,36.94000
0.00000,0.00000,0.00000,0.00000,0.00000,-0.00000,0.00000,-37.28000,36.97000
0.00000,0.00000,0.00000,0.00000,0.00000,-0.00000,0.00000,-37.28000,36.97000
0.00000,0.00000,0.00000,0.00000,0.00000,-0.00000,0.00000,-37.31000,37.00000
0.00000,0.00000,0.00000,0.00000,0.00000,-0.00000,0.00000,-37.31000,37.00000
0.00000,0.00000,0.00000,0.00000,0.00000,-0.00000,0.00000,-37.33000,37.02000
0.00000,0.00000,0.00000,0.00000,0.00000,-0.00000,0.00000,-37.33000,37.02000
0.00000,0.00000,0.00000,0.00000,0.00000,-0.00000,0.00000,-37.36000,37.05000
0.00000,0.00000,0.00000,0.00000,0.00000,-0.00000,0.00000,-37.36000,37.05000
0.00000,0.00000,0.00000,0.00000,0.00000,-0.00000,0.00000,-37.39000,37.07000
0.00000,0.00000,0.00000,0.00000,0.00000,-0.00000,0.00000,-37.39000,37.07000
0.00000,0.00000,0.00000,0.00000,0.00000,-0.00000,0.00000,-37.41000,37.10000
0.00000,0.00000,0.00000,0.00000,0.00000,-0.00000,0.00000,-37.41000,37.10000
0.00000,0.00000,0.00000,0.00000,0.00000,-0.00000,0.00000,-37.44000,37.12000
0.00000,0.00000,0.00000,0.00000,0.00000,-0.00000,0.00000,-37.44000,37.12000
0.00000,0.00000,0.00000,0.00000,0.00000,-0.00000,0.00000,-37.46000,37.15000
0.00000,0.00000,0.00000,0.00000,0.00000,-0.00000,0.00000,-37.46000,37.15000
0.00000,0.00000,0.00000,0.00000,0.00000,-0.00000,0.00000,-37.49000,37.17000
0.00000,0.00000,0.00000,0.00000,0.00000,-0.00000,0.00000,-37.49000,37.17000
0.00000,0.00000,0.00000,0.00000,0.00000,-0.00000,0.00000,-37.52000,37.20000
0.00000,0.00000,0.00000,0.00000,0.00000,-0.00000,0.00000,-37.52000,37.20000
0.00000,0.00000,0.00000,0.00000,0.00000,-0.00000,0.00000,-37.54000,37.23000
0.00000,0.00000,0.00000,0.00000,0.00000,-0.00000,0.00000,-37.54000,37.23000
0.00000,0.00000,0.00000,0.00000,0.00000,-0.00000,0.00000,-37.57000,37.25000
0.00000,0.00000,0.00000,0.00000,0.00000,-0.00000,0.00000,-37.57000,37.25000
0.00000,0.00000,0.00000,0.00000,0.00000,-0.00000,0.00000,-37.59000,37.28000
0.00000,0.00000,0.00000,0.00000,0.00000,-0.00000,0.00000,-37.59000,37.28000
0.00000,0.00000,0.00000,0.00000,0.00000,-0.00000,0.00000,-37.62000,37.30000
0.00000,0.00000,0.00000,0.00000,0.00000,-0.00000,0.00000,-37.62000,37.30000
0.00000,0.00000,0.00000,0.00000,0.00000,-0.00000,0.00000,-37.65000,37.33000
0.00000,0.00000,0.00000,0.00000,0.00000,-0.00000,0.00000,-37.65000,37.33000
0.00000,0.00000,0.00000,0.00000,0.00000,-0.00000,0.00000,-37.67000,37.35000
0.00000,0.00000,0.00000,0.00000,0.00000,-0.00000,0.00000,-37.67000,37.35000
0.00000,0.00000,0.00000,0.00000,0.00000,-0.00000,0.00000,-37.70000,37.38000
0.00000,0.00000,0.00000,0.00000,0.00000,-0.00000,0.00000,-37.70000,37.38000
0.00000,0.00000,0.00000,0.00000,0.00000,-0.00000,0.00000,-37.72000,37.41000
0.00000,0.00000,0.00000,0.00000,0.00000,-0.00000,0.00000,-37.72000,37.41000
0.00000,0.00000,0.00000,0.00000,0.00000,-0.00000,0.00000,-37.75000,37.43000
0.00000,0.00000,0.00000,0.00000,0.00000,-0.00000,0.00000,-37.75000,37.43000
0.00000,0.00000,0.00000,0.00000,0.00000,-0.00000,0.00000,-37.77000,37.46000
0.00000,0.00000,0.00000,0.00000,0.00000,-0.00000,0.00000,-37.77000,37.46000
0.00000,0.00000,0.00000,0.00000,0.00000,-0.00000,0.00000,-37.80000,37.48000
0.00000,0.00000,0.00000,0.00000,0.00000,-0.00000,0.00000,-37.80000,37.48000
0.00000,0.00000,0.00000,0.00000,0.00000,-0.00000,0.00000,-37.83000,37.51000
0.00000,0.00000,0.00000,0.00000,0.00000,-0.00000,0.00000,-37.83000,37.51000
0.00000,0.00000,0.00000,0.00000,0.00000,-0.00000,0.00000,-37.85000,37.53000
0.00000,0.00000,0.00000,0.00000,0.00000,-0.00000,0.00000,-37.85000,37.53000
0.00000,0.00000,0.00000,0.00000,0.00000,-0.00000,0.00000,-37.88000,37.56000
0.00000,0.00000,0.00000,0.00000,0.00000,-0.00000,0.00000,-37.88000,37.56000
0.00000,0.00000,0.00000,0.00000,0.00000,-0.00000,0.00000,-37.90000,37.59000
0.00000,0.00000,0.00000,0.00000,0.00000,-0.00000,0.00000,-37.90000,37.59000
0.00000,0.00000,0.00000,0.00000,0.00000,-0.00000,0.00000,-37.93000,37.61000
0.00000,0.00000,0.00000,0.00000,0.00000,-0.00000,0.00000,-37.93000,37.61000
0.00000,0.00000,0.00000,0.00000,0.00000,-0.00000,0.00000,-37.96000,37.64000
0.00000,0.00000,0.00000,0.00000,0.00000,-0.00000,0.00000,-37.96000,37.64000
0.00000,0.00000,0.00000,0.00000,0.00000,-0.00000,0.00000,-37.98000,37.66000
0.00000,0.00000,0.00000,0.00000,0.00000,-0.00000,0.00000,-37.98000,37.66000
0.00000,0.00000,0.00000,0.00000,0.00000,-0.00000,0.00000,-38.01000,37.69000
0.00000,0.00000,0.00000,0.00000,0.00000,-0.00000,0.00000,-38.01000,37.69000
0.00000,0.00000,0.00000,0.00000,0.00000,-0.00000,0.00000,-38.03000,37.71000
0.00000,0.00000,0.00000,0.00000,0.00000,-0.00000,0.00000,-38.03000,37.71000
0.00000,0.00000,0.00000,0.00000,0.00000,-0.00000,0.00000,-38.06000,37.74000
0.00000,0.00000,0.00000,0.00000,0.00000,-0.00000,0.00000,-38.06000,37.74000
0.00000,0.00000,0.00000,0.00000,0.00000,-0.00000,0.00000,-38.09000,37.77000
0.00000,0.00000,0.00000,0.00000,0.00000,-0.00000,0.00000,-38.09000,37.77000
0.00000,0.00000,0.00000,0.00000,0.00000,-0.00000,0.00000,-38.11000,37.79000
0.00000,0.00000,0.00000,0.00000,0.00000,-0.00000,0.00000,-38.11000,37.79000
0.00000,0.00000,0.00000,0.00000,0.00000,-0.00000,0.00000,-38.14000,37.82000
0.00000,0.00000,0.00000,0.00000,0.00000,-0.00000,0.00000,-38.14000,37.82000
0.00000,0.00000,0.00000,0.00000,0.00000,-0.00000,0.00000,-38.16000,37.84000
0.00000,0.00000,0.00000,0.00000,0.00000,-0.00000,0.00000,-38.16000,37.84000
0.00000,0.00000,0.00000,0.00000,0.00000,-0.00000,0.00000,-38.19000,37.87000
0.00000,0.00000,0.00000,0.00000,0.00000,-0.00000,0.00000,-38.19000,37.87000
0.00000,0.00000,0.00000,0.00000,0.00000,-0.00000,0.00000,-38.21000,37.89000
0.00000,0.00000,0.00000,0.00000,0.00000,-0.00000,0.00000,-38.21000,37.89000
0.00000,0.00000,0.00000,0.00000,0.00000,-0.00000,0.00000,-38.24000,37.92000
0.00000,0.00000,0.00000,0.00000,0.00000,-0.00000,0.00000,-38.24000,37.92000
0.00000,0.00000,0.00000,0.00000,0.00000,-0.00000,0.00000,-38.27000,37.95000
0.00000,0.00000,0.00000,0.00000,0.00000,-0.00000,0.00000,-38.27000,37.95000
0.00000,0.00000,0.00000,0.00000,0.00000,-0.00000,0.00000,-38.29000,37.97000
0.00000,0.00000,0.00000,0.00000,0.00000,-0.00000,0.00000,-38.29000,37.97000
0.00000,0.00000,0.00000,0.00000,0.00000,-0.00000,0.00000,-38.32000,38.00000
0.00000,0.00000,0.00000,0.00000,0.00000,-0.00000,0.00000,-38.32000,38.00000
0.00000,0.00000,0.00000,0.00000,0.00000,-0.00000,0.00000,-38.34000,38.02000
0.00000,0.00000,0.00000,0.00000,0.00000,-0.00000,0.00000,-38.34000,38.02000
0.00000,0.00000,0.00000,0.00000,0.00000,-0.00000,0.00000,-38.37000,38.05000
0.00000,0.00000,0.00000,0.00000,0.00000,-0.00000,0.00000,-38.37000,38.05000
0.00000,0.00000,0.00000,0.00000,0.00000,-0.00000,0.00000,-38.40000,38.07000
0.00000,0.00000,0.00000,0.00000,0.00000,-0.00000,0.00000,-38.40000,38.07000
0.00000,0.00000,0.00000,0.00000,0.00000,-0.00000,0.00000,-38.42000,38.10000
0.00000,0.00000,0.00000,0.00000,0.00000,-0.00000,0.00000,-38.42000,38.10000
0.00000,0.00000,0.00000,0.00000,0.00000,-0.00000,0.00000,-38.45000,38.12000
0.00000,0.00000,0.00000,0.00000,0.00000,-0.00000,0.00000,-38.45000,38.12000
0.00000,0.00000,0.00000,0.00000,0.00000,-0.00000,0.00000,-38.47000,38.15000
0.00000,0.00000,0.00000,0.00000,0.00000,-0.00000,0.00000,-38.47000,38.15000
0.00000,0.00000,0.00000,0.00000,0.00000,-0.00000,0.00000,-38.50000,38.18000
0.00000,0.00000,0.00000,0.00000,0.00000,-0.00000,0.00000,-38.50000,38.18000
0.00000,0.00000,0.00000,0.00000,0.00000,-0.00000,0.00000,-38.53000,38.20000
0.00000,0.00000,0.00000,0.00000,0.00000,-0.00000,0.00000,-38.53000,38.20000
0.00000,0.00000,0.00000,0.00000,0.00000,-0.00000,0.00000,-38.55000,38.23000
0.00000,0.00000,0.00000,0.00000,0.00000,-0.00000,0.00000,-38.55000,38.23000
0.00000,0.00000,0.00000,0.00000,0.00000,-0.00000,0.00000,-38.58000,38.25000
0.00000,0.00000,0.00000,0.00000,0.00000,-0.00000,0.00000,-38.58000,38.25000
0.00000,0.00000,0.00000,0.00000,0.00000,-0.00000,0.00000,-38.60000,38.28000
0.00000,0.00000,0.00000,0.00000,0.00000,-0.00000,0.00000,-38.60000,38.28000
0.00000,0.00000,0.00000,0.00000,0.00000,-0.00000,0.00000,-38.63000,38.30000
0.00000,0.00000,0.00000,0.00000,0.00000,-0.00000,0.00000,-38.63000,38.30000
0.00000,0.00000,0.00000,0.00000,0.00000,-0.00000,0.00000,-38.66000,38.33000
0.00000,0.00000,0.00000,0.00000,0.00000,-0.00000,0.00000,-38.66000,38.33000
0.00000,0.00000,0.00000,0.00000,0.00000,-0.00000,0.00000,-38.68000,38.36000
0.00000,0.00000,0.00000,0.00000,0.00000,-0.00000,0.00000,-38.68000,38.36000
0.00000,0.00000,0.00000,0.00000,0.00000,-0.00000,0.00000,-38.71000,38.38000
0.00000,0.00000,0.00000,0.00000,0.00000,-0.00000,0.00000,-38.71000,38.38000
0.00000,0.00000,0.00000,0.00000,0.00000,-0.00000,0.00000,-38.73000,38.41000
0.00000,0.00000,0.00000,0.00000,0.00000,-0.00000,0.00000,-38.73000,38.41000
0.00000,0.00000,0.00000,0.00000,0.00000,-0.00000,0.00000,-38.76000,38.43000
0.00000,0.00000,0.00000,0.00000,0.00000,-0.00000,0.00000,-38.76000,38.43000
0.00000,0.00000,0.00000,0.00000,0.00000,-0.00000,0.00000,-38.78000,38.46000
0.00000,0.00000,0.00000,0.00000,0.00000,-0.00000,0.00000,-38.78000,38.46000
0.00000,0.00000,0.00000,0.00000,0.00000,-0.00000,0.00000,-38.81000,38.48000
0.00000,0.00000,0.00000,0.00000,0.00000,-0.00000,0.00000,-38.81000,38.48000
0.00000,0.00000,0.00000,0.00000,0.00000,-0.00000,0.00000,-38.84000,38.51000
0.00000,0.00000,0.00000,0.00000,0.00000,-0.00000,0.00000,-38.84000,38.51000
0.00000,0.00000,0.00000,0.00000,0.00000,-0.00000,0.00000,-38.86000,38.54000
0.00000,0.00000,0.00000,0.00000,0.00000,-0.00000,0.00000,-38.86000,38.54000
0.00000,0.00000,0.00000,0.00000,0.00000,-0.00000,0.00000,-38.89000,38.56000
0.00000,0.00000,0.00000,0.00000,0.00000,-0.00000,0.00000,-38.89000,38.56000
0.00000,0.00000,0.00000,0.00000,0.00000,-0.00000,0.00000,-38.91000,38.59000
0.00000,0.00000,0.00000,0.00000,0.00000,-0.00000,0.00000,-38.91000,38.59000
0.00000,0.00000,0.00000,0.00000,0.00000,-0.00000,0.00000,-38.94000,38.61000
0.00000,0.00000,0.00000,0.00000,0.00000,-0.00000,0.00000,-38.94000,38.61000
0.00000,0.00000,0.00000,0.00000,0.00000,-0.00000,0.00000,-38.97000,38.64000
0.00000,0.00000,0.00000,0.00000,0.00000,-0.00000,0.00000,-38.97000,38.64000
0.00000,0.00000,0.00000,0.00000,0.00000,-0.00000,0.00000,-38.99000,38.66000
0.00000,0.00000,0.00000,0.00000,0.00000,-0.00000,0.00000,-38.99000,38.66000
0.00000,0.00000,0.00000,0.00000,0.00000,-0.00000,0.00000,-39.02000,38.69000
0.00000,0.00000,0.00000,0.00000,0.00000,-0.00000,0.00000,-39.02000,38.69000
0.00000,0.00000,0.00000,0.00000,0.00000,-0.00000,0.00000,-39.04000,38.72000
0.00000,0.00000,0.00000,0.00000,0.00000,-0.00000,0.00000,-39.04000,38.72000
0.00000,0.00000,0.00000,0.00000,0.00000,-0.00000,0.00000,-39.07000,38.74000
0.00000,0.00000,0.00000,0.00000,0.00000,-0.00000,0.00000,-39.07000,38.74000
0.00000,0.00000,0.00000,0.00000,0.00000,-0.00000,0.00000,-39.10000,38.77000
0.00000,0.00000,0.00000,0.00000,0.00000,-0.00000,0.00000,-39.10000,38.77000
0.00000,0.00000,0.00000,0.00000,0.00000,-0.00000,0.00000,-39.12000,38.79000
0.00000,0.00000,0.00000,0.00000,0.00000,-0.00000,0.00000,-39.12000,38.79000
0.00000,0.00000,0.00000,0.00000,0.00000,-0.00000,0.00000,-39.15000,38.82000
0.00000,0.00000,0.00000,0.00000,0.00000,-0.00000,0.00000,-39.15000,38.82000
0.00000,0.00000,0.00000,0.00000,0.00000,-0.00000,0.00000,-39.17000,38.84000
0.00000,0.00000,0.00000,0.00000,0.00000,-0.00000,0.00000,-39.17000,38.84000
0.00000,0.00000,0.00000,0.00000,0.00000,-0.00000,0.00000,-39.20000,38.87000
0.00000,0.00000,0.00000,0.00000,0.00000,-0.00000,0.00000,-39.20000,38.87000
0.00000,0.00000,0.00000,0.00000,0.00000,-0.00000,0.00000,-39.22000,38.90000
0.00000,0.00000,0.00000,0.00000,0.00000,-0.00000,0.00000,-39.22000,38.90000
0.00000,0.00000,0.00000,0.00000,0.00000,-0.00000,0.00000,-39.25000,38.92000
0.00000,0.00000,0.00000,0.00000,0.00000,-0.00000,0.00000,-39.25000,38.92000
0.00000,0.00000,0.00000,0.00000,0.00000,-0.00000,0.00000,-39.28000,38.95000
0.00000,0.00000,0.00000,0.00000,0.00000,-0.00000,0.00000,-39.28000,38.95000
0.00000,0.00000,0.00000,0.00000,0.00000,-0.00000,0.00000,-39.30000,38.97000
0.00000,0.00000,0.00000,0.00000,0.00000,-0.00000,0.00000,-39.30000,38.97000
0.00000,0.00000,0.00000,0.00000,0.00000,-0.00000,0.00000,-39.33000,39.00000
0.00000,0.00000,0.00000,0.00000,0.00000,-0.00000,0.00000,-39.33000,39.00000
0.00000,0.00000,0.00000,0.00000,0.00000,-0.00000,0.00000,-39.35000,39.02000
0.00000,0.00000,0.00000,0.00000,0.00000,-0.00000,0.00000,-39.35000,39.02000
0.00000,0.00000,0.00000,0.00000,0.00000,-0.00000,0.00000,-39.38000,39.05000
0.00000,0.00000,0.00000,0.00000,0.00000,-0.00000,0.00000,-39.38000,39.05000
0.00000,0.00000,0.00000,0.00000,0.00000,-0.00000,0.00000,-39.41000,39.08000
0.00000,0.00000,0.00000,0.00000,0.00000,-0.00000,0.00000,-39.41000,39.08000
0.00000,0.00000,0.00000,0.00000,0.00000,-0.00000,0.00000,-39.43000,39.10000
0.00000,0.00000,0.00000,0.00000,0.00000,-0.00000,0.00000,-39.43000,39.10000
0.00000,0.00000,0.00000,0.00000,0.00000,-0.00000,0.00000,-39.46000,39.13000
0.00000,0.00000,0.00000,0.00000,0.00000,-0.00000,0.00000,-39.46000,39.13000
0.00000,0.00000,0.00000,0.00000,0.00000,-0.00000,0.00000,-39.48000,39.15000
0.00000,0.00000,0.00000,0.00000,0.00000,-0.00000,0.00000,-39.48000,39.15000
0.00000,0.00000,0.00000,0.00000,0.00000,-0.00000,0.00000,-39.51000,39.18000
0.00000,0.00000,0.00000,0.00000,0.00000,-0.00000,0.00000,-39.51000,39.18000
0.00000,0.00000,0.00000,0.00000,0.00000,-0.00000,0.00000,-39.54000,39.20000
0.00000,0.00000,0.00000,0.00000,0.00000,-0.00000,0.00000,-39.54000,39.20000
0.00000,0.00000,0.00000,0.00000,0.00000,-0.00000,0.00000,-39.56000,39.23000
0.00000,0.00000,0.00000,0.00000,0.00000,-0.00000,0.00000,-39.56000,39.23000
0.00000,0.00000,0.00000,0.00000,0.00000,-0.00000,0.00000,-39.59000,39.25000
0.00000,0.00000,0.00000,0.00000,0.00000,-0.00000,0.00000,-39.59000,39.25000
0.00000,0.00000,0.00000,0.00000,0.00000,-0.00000,0.00000,-39.61000,39.28000
0.00000,0.00000,0.00000,0.00000,0.00000,-0.00000,0.00000,-39.61000,39.28000
0.00000,0.00000,0.00000,0.00000,0.00000,-0.00000,0.00000,-39.64000,39.31000
0.00000,0.00000,0.00000,0.00000,0.00000,-0.00000,0.00000,-39.64000,39.31000
0.00000,0.00000,0.00000,0.00000,0.00000,-0.00000,0.00000,-39.67000,39.33000
0.00000,0.00000,0.00000,0.00000,0.00000,-0.00000,0.00000,-39.67000,39.33000
0.00000,0.00000,0.00000,0.00000,0.00000,-0.00000,0.00000,-39.69000,39.36000
0.00000,0.00000,0.00000,0.00000,0.00000,-0.00000,0.00000,-39.69000,39.36000
0.00000,0.00000,0.00000,0.00000,0.00000,-0.00000,0.00000,-39.72000,39.38000
0.00000,0.00000,0.00000,0.00000,0.00000,-0.00000,0.00000,-39.72000,39.38000
0.00000,0.00000,0.00000,0.00000,0.00000,-0.00000,0.00000,-39.74000,39.41000
0.00000,0.00000,0.00000,0.00000,0.00000,-0.00000,0.00000,-39.74000,39.41000
0.00000,0.00000,0.00000,0.00000,0.00000,-0.00000,0.00000,-39.77000,39.43000
0.00000,0.00000,0.00000,0.00000,0.00000,-0.00000,0.00000,-39.77000,39.43000
0.00000,0.00000,0.00000,0.00000,0.00000,-0.00000,0.00000,-39.79000,39.46000
0.00000,0.00000,0.00000,0.00000,0.00000,-0.00000,0.00000,-39.79000,39.46000
0.00000,0.00000,0.00000,0.00000,0.00000,-0.00000,0.00000,-39.82000,39.49000
0.00000,0.00000,0.00000,0.00000,0.00000,-0.00000,0.00000,-39.82000,39.49000
0.00000,0.00000,0.00000,0.00000,0.00000,-0.00000,0.00000,-39.85000,39.51000
0.00000,0.00000,0.00000,0.00000,0.00000,-0.00000,0.00000,-39.85000,39.51000
0.00000,0.00000,0.00000,0.00000,0.00000,-0.00000,0.00000,-39.87000,39.54000
0.00000,0.00000,0.00000,0.00000,0.00000,-0.00000,0.00000,-39.87000,39.54000
0.00000,0.00000,0.00000,0.00000,0.00000,-0.00000,0.00000,-39.90000,39.56000
0.00000,0.00000,0.00000,0.00000,0.00000,-0.00000,0.00000,-39.90000,39.56000
0.00000,0.00000,0.00000,0.00000,0.00000,-0.00000,0.00000,-39.92000,39.59000
0.00000,0.00000,0.00000,0.00000,0.00000,-0.00000,0.00000,-39.92000,39.59000
0.00000,0.00000,0.00000,0.00000,0.00000,-0.00000,0.00000,-39.95000,39.61000
0.00000,0.00000,0.00000,0.00000,0.00000,-0.00000,0.00000,-39.95000,39.61000
0.00000,0.00000,0.00000,0.00000,0.00000,-0.00000,0.00000,-39.98000,39.64000
0.00000,0.00000,0.00000,0.00000,0.00000,-0.00000,0.00000,-39.98000,39.64000
0.00000,0.00000,0.00000,0.00000,0.00000,-0.00000,0.00000,-40.00000,39.67000
0.00000,0.00000,0.00000,0.00000,0.00000,-0.00000,0.00000,-40.00000,39.67000
0.00000,0.00000,0.00000,0.00000,0.00000,-0.00000,0.00000,-40.03000,39.69000
0.00000,0.00000,0.00000,0.00000,0.00000,-0.00000,0.00000,-40.03000,39.69000
0.00000,0.00000,0.00000,0.00000,0.00000,-0.00000,0.00000,-40.05000,39.72000
0.00000,0.00000,0.00000,0.00000,0.00000,-0.00000,0.00000,-40.05000,39.72000
0.00000,0.00000,0.00000,0.00000,0.00000,-0.00000,0.00000,-40.08000,39.74000
0.00000,0.00000,0.00000,0.00000,0.00000,-0.00000,0.00000,-40.08000,39.74000
-0.00000,0.00000,-0.00000,-0.02000,0.00000,-0.00000,0.00000,-40.11000,39.77000
-0.00000,0.00000,-0.00000,0.00000,0.00000,-0.00000,0.00000,-40.11000,39.77000
-0.00000,0.00000,-0.00000,0.00000,0.00000,-0.00000,0.00000,-40.14000,39.80000
-0.00000,0.00000,-0.00000,0.00000,0.00000,-0.00000,0.00000,-40.14000,39.80000
-0.00000,0.00000,-0.00000,0.00000,0.00000,-0.00000,0.00000,-40.16000,39.83000
-0.00000,0.00000,-0.00000,0.00000,0.00000,-0.00000,0.00000,-40.16000,39.83000
-0.00000,0.00000,-0.00000,0.00000,0.00000,-0.00000,0.00000,-40.19000,39.86000
-0.00000,0.00000,-0.00000,0.00000,0.00000,-0.00000,0.00000,-40.19000,39.86000
-0.00000,0.00000,-0.00000,0.00000,0.00000,-0.00000,0.00000,-40.22000,39.88000
-0.00000,0.00000,-0.00000,0.00000,0.00000,-0.00000,0.00000,-40.22000,39.88000
-0.00000,0.00000,-0.00000,0.00000,0.00000,-0.00000,0.00000,-40.25000,39.91000
-0.00000,0.00000,-0.00000,0.00000,0.00000,-0.00000,0.00000,-40.25000,39.91000
-0.00000,0.00000,-0.00000,0.00000,0.00000,-0.00000,0.00000,-40.28000,39.94000
-0.00000,0.00000,-0.00000,0.00000,0.00000,-0.00000,0.00000,-40.28000,39.94000
-0.00000,0.00000,-0.00000,0.00000,0.00000,-0.00000,0.00000,-40.31000,39.97000
-0.00000,0.00000,-0.00000,0.00000,0.00000,-0.00000,0.00000,-40.31000,39.97000
-0.00000,0.00000,-0.00000,0.00000,0.00000,-0.00000,0.00000,-40.33000,39.99000
-0.00000,0.00000,-0.00000,0.00000,0.00000,-0.00000,0.00000,-40.33000,39.99000
-0.00000,0.00000,-0.00000,0.00000,0.00000,-0.00000,0.00000,-40.36000,40.02000
-0.00000,0.00000,-0.00000,0.00000,0.00000,-0.00000,0.00000,-40.36000,40.02000
-0.00000,0.00000,-0.00000,0.00000,0.00000,-0.00000,0.00000,-40.39000,40.05000
-0.00000,0.00000,-0.00000,0.00000,0.00000,-0.00000,0.00000,-40.39000,40.05000
-0.00000,0.00000,-0.00000,0.00000,0.00000,-0.00000,0.00000,-40.42000,40.08000
-0.00000,0.00000,-0.00000,0.00000,0.00000,-0.00000,0.00000,-40.42000,40.08000
-0.00000,0.00000,-0.00000,0.00000,0.00000,-0.00000,0.00000,-40.45000,40.11000
-0.00000,0.00000,-0.00000,0.00000,0.00000,-0.00000,0.00000,-40.45000,40.11000
-0.00000,0.00000,-0.00000,0.00000,0.00000,-0.00000,0.00000,-40.47000,40.13000
-0.00000,0.00000,-0.00000,0.00000,0.00000,-0.00000,0.00000,-40.47000,40.13000
-0.00000,0.00000,-0.00000,0.00000,0.00000,-0.00000,0.00000,-40.50000,40.16000
-0.00000,0.00000,-0.00000,0.00000,0.00000,-0.00000,0.00000,-40.50000,40.16000
-0.00000,0.00000,-0.00000,0.00000,0.00000,-0.00000,0.00000,-40.53000,40.19000
-0.00000,0.00000,-0.00000,0.00000,0.00000,-0.00000,0.00000,-40.53000,40.19000
-0.00000,0.00000,-0.00000,0.00000,0.00000,-0.00000,0.00000,-40.56000,40.22000
-0.00000,0.00000,-0.00000,0.00000,0.00000,-0.00000,0.00000,-40.56000,40.22000
-0.00000,0.00000,-0.00000,0.00000,0.00000,-0.00000,0.00000,-40.59000,40.25000
-0.00000,0.00000,-0.00000,0.00000,0.00000,-0.00000,0.00000,-40.59000,40.25000
-0.00000,0.00000,-0.00000,0.00000,0.00000,-0.00000,0.00000,-40.61000,40.27000
-0.00000,0.00000,-0.00000,0.00000,0.00000,-0.00000,0.00000,-40.61000,40.27000
-0.00000,0.00000,-0.00000,0.00000,0.00000,-0.00000,0.00000,-40.64000,40.30000
-0.00000,0.00000,-0.00000,0.00000,0.00000,-0.00000,0.00000,-40.64000,40.30000
-0.00000,0.00000,-0.00000,0.00000,0.00000,-0.00000,0.00000,-40.67000,40.33000
-0.00000,0.00000,-0.00000,0.00000,0.00000,-0.00000,0.00000,-40.67000,40.33000
-0.00000,0.00000,-0.00000,0.00000,0.00000,-0.00000,0.00000,-40.70000,40.36000
-0.00000,0.00000,-0.00000,0.00000,0.00000,-0.00000,0.00000,-40.70000,40.36000
-0.00000,0.00000,-0.00000,0.00000,0.00000,-0.00000,0.00000,-40.73000,40.38000
-0.00000,0.00000,-0.00000,0.00000,0.00000,-0.00000,0.00000,-40.73000,40.38000
-0.00000,0.00000,-0.00000,0.00000,0.00000,-0.00000,0.00000,-40.76000,40.41000
-0.00000,0.00000,-0.00000,0.00000,0.00000,-0.00000,0.00000,-40.76000,40.41000
-0.00000,0.00000,-0.00000,0.00000,0.00000,-0.00000,0.00000,-40.78000,40.44000
-0.00000,0.00000,-0.00000,0.00000,0.00000,-0.00000,0.00000,-40.78000,40.44000
-0.00000,0.00000,-0.00000,0.00000,0.00000,-0.00000,0.00000,-40.81000,40.47000
-0.00000,0.00000,-0.00000,0.00000,0.00000,-0.00000,0.00000,-40.81000,40.47000
-0.00000,0.00000,-0.00000,0.00000,0.00000,-0.00000,0.00000,-40.84000,40.50000
-0.00000,0.00000,-0.00000,0.00000,0.00000,-0.00000,0.00000,-40.84000,40.50000
-0.00000,0.00000,-0.00000,0.00000,0.00000,-0.00000,0.00000,-40.87000,40.52000
-0.00000,0.00000,-0.00000,0.00000,0.00000,-0.00000,0.00000,-40.87000,40.52000
-0.00000,0.00000,-0.00000,0.00000,0.00000,-0.00000,0.00000,-40.90000,40.55000
-0.00000,0.00000,-0.00000,0.00000,0.00000,-0.00000,0.00000,-40.90000,40.55000
-0.00000,0.00000,-0.00000,0.00000,0.00000,-0.00000,0.00000,-40.92000,40.58000
-0.00000,0.00000,-0.00000,0.00000,0.00000,-0.00000,0.00000,-40.92000,40.58000
-0.00000,0.00000,-0.00000,0.00000,0.00000,-0.00000,0.00000,-40.95000,40.61000
-0.00000,0.00000,-0.00000,0.00000,0.00000,-0.00000,0.00000,-40.95000,40.61000
-0.00000,0.00000,-0.00000,0.00000,0.00000,-0.00000,0.00000,-40.98000,40.64000
-0.00000,0.00000,-0.00000,0.00000,0.00000,-0.00000,0.00000,-40.98000,40.64000
-0.00000,0.00000,-0.00000,0.00000,0.00000,-0.00000,0.00000,-41.01000,40.66000
-0.00000,0.00000,-0.00000,0.00000,0.00000,-0.00000,0.00000,-41.01000,40.66000
-0.00000,0.00000,-0.00000,0.00000,0.00000,-0.00000,0.00000,-41.04000,40.69000
-0.00000,0.00000,-0.00000,0.00000,0.00000,-0.00000,0.00000,-41.04000,40.69000
-0.00000,0.00000,-0.00000,0.00000,0.00000,-0.00000,0.00000,-41.06000,40.72000
-0.00000,0.00000,-0.00000,0.00000,0.00000,-0.00000,0.00000,-41.06000,40.72000
-0.00000,0.00000,-0.00000,0.00000,0.00000,-0.00000,0.00000,-41.09000,40.75000
-0.00000,0.00000,-0.00000,0.00000,0.00000,-0.00000,0.00000,-41.09000,40.75000
-0.00000,0.00000,-0.00000,0.00000,0.00000,-0.00000,0.00000,-41.12000,40.78000
-0.00000,0.00000,-0.00000,0.00000,0.00000,-0.00000,0.00000,-41.12000,40.78000
-0.00000,0.00000,-0.00000,0.00000,0.00000,-0.00000,0.00000,-41.15000,40.80000
-0.00000,0.00000,-0.00000,0.00000,0.00000,-0.00000,0.00000,-41.15000,40.80000
-0.00000,0.00000,-0.00000,0.00000,0.00000,-0.00000,0.00000,-41.18000,40.83000
-0.00000,0.00000,-0.00000,0.00000,0.00000,-0.00000,0.00000,-41.18000,40.83000
-0.00000,0.00000,-0.00000,0.00000,0.00000,-0.00000,0.00000,-41.20000,40.86000
-0.00000,0.00000,-0.00000,0.00000,0.00000,-0.00000,0.00000,-41.20000,40.86000
-0.00000,0.00000,-0.00000,0.00000,0.00000,-0.00000,0.00000,-41.23000,40.89000
-0.00000,0.00000,-0.00000,0.00000,0.00000,-0.00000,0.00000,-41.23000,40.89000
-0.00000,0.00000,-0.00000,0.00000,0.00000,-0.00000,0.00000,-41.26000,40.91000
-0.00000,0.00000,-0.00000,0.00000,0.00000,-0.00000,0.00000,-41.26000,40.91000
-0.00000,0.00000,-0.00000,0.00000,0.00000,-0.00000,0.00000,-41.29000,40.94000
-0.00000,0.00000,-0.00000,0.00000,0.00000,-0.00000,0.00000,-41.29000,40.94000
-0.00000,0.00000,-0.00000,0.00000,0.00000,-0.00000,0.00000,-41.32000,40.97000
-0.00000,0.00000,-0.00000,0.00000,0.00000,-0.00000,0.00000,-41.32000,40.97000
-0.00000,0.00000,-0.00000,0.00000,0.00000,-0.00000,0.00000,-41.35000,41.00000
-0.00000,0.00000,-0.00000,0.00000,0.00000,-0.00000,0.00000,-41.35000,41.00000
-0.00000,0.00000,-0.00000,0.00000,0.00000,-0.00000,0.00000,-41.37000,41.03000
-0.00000,0.00000,-0.00000,0.00000,0.00000,-0.00000,0.00000,-41.37000,41.03000
-0.00000,0.00000,-0.00000,0.00000,0.00000,-0.00000,0.00000,-41.40000,41.05000
-0.00000,0.00000,-0.00000,0.00000,0.00000,-0.00000,0.00000,-41.40000,41.05000
-0.00000,0.00000,-0.00000,0.00000,0.00000,-0.00000,0.00000,-41.43000,41.08000
-0.00000,0.00000,-0.00000,0.00000,0.00000,-0.00000,0.00000,-41.43000,41.08000
-0.00000,0.00000,-0.00000,0.00000,0.00000,-0.00000,0.00000,-41.46000,41.11000
-0.00000,0.00000,-0.00000,0.00000,0.00000,-0.00000,0.00000,-41.46000,41.11000
-0.00000,0.00000,-0.00000,0.00000,0.00000,-0.00000,0.00000,-41.49000,41.14000
-0.00000,0.00000,-0.00000,0.00000,0.00000,-0.00000,0.00000,-41.49000,41.14000
-0.00000,0.00000,-0.00000,0.00000,0.00000,-0.00000,0.00000,-41.51000,41.17000
-0.00000,0.00000,-0.00000,0.00000,0.00000,-0.00000,0.00000,-41.51000,41.17000
-0.00000,0.00000,-0.00000,0.00000,0.00000,-0.00000,0.00000,-41.54000,41.19000
-0.00000,0.00000,-0.00000,0.00000,0.00000,-0.00000,0.00000,-41.54000,41.19000
-0.00000,0.00000,-0.00000,0.00000,0.00000,-0.00000,0.00000,-41.57000,41.22000
-0.00000,0.00000,-0.00000,0.00000,0.00000,-0.00000,0.00000,-41.57000,41.22000
-0.00000,0.00000,-0.00000,0.00000,0.00000,-0.00000,0.00000,-41.60000,41.25000
-0.00000,0.00000,-0.00000,0.00000,0.00000,-0.00000,0.00000,-41.60000,41.25000
-0.00000,0.00000,-0.00000,0.00000,0.00000,-0.00000,0.00000,-41.63000,41.28000
-0.00000,0.00000,-0.00000,0.00000,0.00000,-0.00000,0.00000,-41.63000,41.28000
-0.00000,0.00000,-0.00000,0.00000,0.00000,-0.00000,0.00000,-41.65000,41.30000
-0.00000,0.00000,-0.00000,0.00000,0.00000,-0.00000,0.00000,-41.65000,41.30000
-0.00000,0.00000,-0.00000,0.00000,0.00000,-0.00000,0.00000,-41.68000,41.33000
-0.00000,0.00000,-0.00000,0.00000,0.00000,-0.00000,0.00000,-41.68000,41.33000
-0.00000,0.00000,-0.00000,0.00000,0.00000,-0.00000,0.00000,-41.71000,41.36000
-0.00000,0.00000,-0.00000,0.00000,0.00000,-0.00000,0.00000,-41.71000,41.36000
-0.00000,0.00000,-0.00000,0.00000,0.00000,-0.00000,0.00000,-41.74000,41.39000
-0.00000,0.00000,-0.00000,0.00000,0.00000,-0.00000,0.00000,-41.74000,41.39000
-0.00000,0.00000,-0.00000,0.00000,0.00000,-0.00000,0.00000,-41.77000,41.42000
-0.00000,0.00000,-0.00000,0.00000,0.00000,-0.00000,0.00000,-41.77000,41.42000
-0.00000,0.00000,-0.00000,0.00000,0.00000,-0.00000,0.00000,-41.80000,41.44000
-0.00000,0.00000,-0.00000,0.00000,0.00000,-0.00000,0.00000,-41.80000,41.44000
-0.00000,0.00000,-0.00000,0.00000,0.00000,-0.00000,0.00000,-41.82000,41.47000
-0.00000,0.00000,-0.00000,0.00000,0.00000,-0.00000,0.00000,-41.82000,41.47000
-0.00000,0.00000,-0.00000,0.00000,0.00000,-0.00000,0.00000,-41.85000,41.50000
-0.00000,0.00000,-0.00000,0.00000,0.00000,-0.00000,0.00000,-41.85000,41.50000
-0.00000,0.00000,-0.00000,0.00000,0.00000,-0.00000,0.00000,-41.88000,41.53000
-0.00000,0.00000,-0.00000,0.00000,0.00000,-0.00000,0.00000,-41.88000,41.53000
-0.00000,0.00000,-0.00000,0.00000,0.00000,-0.00000,0.00000,-41.91000,41.56000
-0.00000,0.00000,-0.00000,0.00000,0.00000,-0.00000,0.00000,-41.91000,41.56000
-0.00000,0.00000,-0.00000,0.00000,0.00000,-0.00000,0.00000,-41.94000,41.58000
-0.00000,0.00000,-0.00000,0.00000,0.00000,-0.00000,0.00000,-41.94000,41.58000
-0.00000,0.00000,-0.00000,0.00000,0.00000,-0.00000,0.00000,-41.96000,41.61000
-0.00000,0.00000,-0.00000,0.00000,0.00000,-0.00000,0.00000,-41.96000,41.61000
-0.00000,0.00000,-0.00000,0.00000,0.00000,-0.00000,0.00000,-41.99000,41.64000
-0.00000,0.00000,-0.00000,0.00000,0.00000,-0.00000,0.00000,-41.99000,41.64000
-0.00000,0.00000,-0.00000,0.00000,0.00000,-0.00000,0.00000,-42.02000,41.67000
-0.00000,0.00000,-0.00000,0.00000,0.00000,-0.00000,0.00000,-42.02000,41.67000
-0.00000,0.00000,-0.00000,0.00000,0.00000,-0.00000,0.00000,-42.05000,41.69000
-0.00000,0.00000,-0.00000,0.00000,0.00000,-0.00000,0.00000,-42.05000,41.69000
-0.00000,0.00000,-0.00000,0.00000,0.00000,-0.00000,0.00000,-42.08000,41.72000
-0.00000,0.00000,-0.00000,0.00000,0.00000,-0.00000,0.00000,-42.08000,41.72000
-0.00000,0.00000,-0.00000,0.00000,0.00000,-0.00000,0.00000,-42.10000,41.75000
-0.00000,0.00000,-0.00000,0.00000,0.00000,-0.00000,0.00000,-42.10000,41.75000
-0.00000,0.00000,-0.00000,0.00000,0.00000,-0.00000,0.00000,-42.13000,41.78000
-0.00000,0.00000,-0.00000,0.00000,0.00000,-0.00000,0.00000,-42.13000,41.78000
-0.00000,0.00000,-0.00000,0.00000,0.00000,-0.00000,0.00000,-42.16000,41.81000
-0.00000,0.00000,-0.00000,0.00000,0.00000,-0.00000,0.00000,-42.16000,41.81000
-0.00000,0.00000,-0.00000,0.00000,0.00000,-0.00000,0.00000,-42.19000,41.83000
-0.00000,0.00000,-0.00000,0.00000,0.00000,-0.00000,0.00000,-42.19000,41.83000
-0.00000,0.00000,-0.00000,0.00000,0.00000,-0.00000,0.00000,-42.22000,41.86000
-0.00000,0.00000,-0.00000,0.00000,0.00000,-0.00000,0.00000,-42.22000,41.86000
-0.00000,0.00000,-0.00000,0.00000,0.00000,-0.00000,0.00000,-42.24000,41.89000
-0.00000,0.00000,-0.00000,0.00000,0.00000,-0.00000,0.00000,-42.24000,41.89000
-0.00000,0.00000,-0.00000,0.00000,0.00000,-0.00000,0.00000,-42.27000,41.92000
-0.00000,0.00000,-0.00000,0.00000,0.00000,-0.00000,0.00000,-42.27000,41.92000
-0.00000,0.00000,-0.00000,0.00000,0.00000,-0.00000,0.00000,-42.30000,41.95000
-0.00000,0.00000,-0.00000,-0.02000,0.00000,-0.00000,0.00000,-42.30000,41.95000
-0.00000,0.00000,-0.00000,0.00000,0.00000,-0.01000,0.01000,-42.02000,41.98000
-0.00000,0.00000,-0.00000,0.00000,0.00000,-0.01000,0.01000,-42.02000,41.98000
-0.00000,0.00000,-0.00000,0.00000,0.00000,-0.01000,0.01000,-42.24000,42.01000
-0.00000,0.00000,-0.00000,0.00000,0.00000,-0.01000,0.01000,-42.24000,42.01000
-0.00000,0.00000,-0.00000,0.00000,0.00000,-0.01000,0.01000,-42.27000,42.04000
-0.00000,0.00000,-0.00000,0.00000,0.00000,-0.01000,0.01000,-42.27000,42.04000
-0.00000,0.00000,-0.00000,-0.04000,0.00000,-0.01000,0.01000,-42.30000,42.07000
-0.00000,0.00000,-0.00000,0.00000,0.00000,-0.01000,0.01000,-42.30000,42.07000
-0.00000,0.00000,-0.00000,-0.04000,0.00000,-0.01000,0.01000,-42.34000,42.11000
-0.00000,0.00000,-0.00000,-0.06000,0.00000,-0.01000,0.01000,-42.34000,42.11000
-0.00000,0.00000,-0.00000,0.00000,0.00000,-0.01000,0.01000,-41.47000,42.17000
-0.00000,0.00000,-0.00000,0.00000,0.00000,-0.01000,0.01000,-41.47000,42.17000
-0.00000,0.00000,-0.00000,0.00000,0.00000,-0.01000,0.01000,-42.08000,42.22000
-0.00000,0.00000,-0.00000,0.00000,0.00000,-0.01000,0.01000,-42.08000,42.22000
-0.00000,0.00000,-0.00000,0.00000,0.00000,-0.01000,0.01000,-42.12000,42.26000
-0.00000,0.00000,-0.00000,0.00000,0.00000,-0.01000,0.01000,-42.12000,42.26000
-0.00000,0.00000,-0.00000,0.00000,0.00000,-0.01000,0.01000,-42.17000,42.31000
-0.00000,0.00000,-0.00000,0.00000,0.00000,-0.01000,0.01000,-42.17000,42.31000
-0.00000,0.00000,-0.00000,0.00000,0.00000,-0.01000,0.01000,-42.21000,42.35000
-0.00000,0.00000,-0.00000,0.00000,0.00000,-0.01000,0.01000,-42.21000,42.35000
-0.00000,0.00000,-0.00000,0.00000,0.00000,-0.01000,0.01000,-42.26000,42.40000
-0.00000,0.00000,-0.00000,0.00000,0.00000,-0.01000,0.01000,-42.26000,42.40000
-0.00000,0.00000,-0.00000,0.00000,0.00000,-0.01000,0.01000,-42.30000,42.44000
-0.00000,0.00000,-0.00000,0.00000,0.00000,-0.01000,0.01000,-42.30000,42.44000
-0.00000,0.00000,-0.00000,0.00000,0.00000,-0.01000,0.01000,-42.35000,42.49000
-0.00000,0.00000,-0.00000,0.00000,0.00000,-0.01000,0.01000,-42.35000,42.49000
-0.00000,0.00000,-0.00000,0.00000,0.00000,-0.01000,0.01000,-42.40000,42.53000
-0.00000,0.00000,-0.00000,0.00000,0.00000,-0.01000,0.01000,-42.40000,42.53000
-0.00000,0.00000,-0.00000,0.00000,0.00000,-0.01000,0.01000,-42.44000,42.58000
-0.00000,0.00000,-0.00000,0.00000,0.00000,-0.01000,0.01000,-42.44000,42.58000
-0.00000,0.00000,-0.00000,0.00000,0.00000,-0.01000,0.01000,-42.49000,42.62000
-0.00000,0.00000,-0.00000,0.00000,0.00000,-0.01000,0.01000,-42.49000,42.62000
-0.00000,0.00000,-0.00000,0.00000,0.00000,-0.01000,0.01000,-42.53000,42.67000
-0.00000,0.00000,-0.00000,0.00000,0.00000,-0.01000,0.01000,-42.53000,42.67000
-0.00000,0.00000,-0.00000,0.00000,0.00000,-0.01000,0.01000,-42.58000,42.71000
-0.00000,0.00000,-0.00000,0.00000,0.00000,-0.01000,0.01000,-42.58000,42.71000
-0.00000,0.00000,-0.00000,0.00000,0.00000,-0.01000,0.01000,-42.62000,42.76000
-0.00000,0.00000,-0.00000,0.00000,0.00000,-0.01000,0.01000,-42.62000,42.76000
-0.00000,0.00000,-0.00000,0.00000,0.00000,-0.01000,0.01000,-42.67000,42.80000
-0.00000,0.00000,-0.00000,0.00000,0.00000,-0.01000,0.01000,-42.67000,42.80000
-0.00000,0.00000,-0.00000,0.00000,0.00000,-0.01000,0.01000,-42.71000,42.85000
-0.00000,0.00000,-0.00000,0.00000,0.00000,-0.01000,0.01000,-42.71000,42.85000
-0.00000,0.00000,-0.00000,0.00000,0.00000,-0.01000,0.01000,-42.76000,42.90000
-0.00000,0.00000,-0.00000,0.00000,0.00000,-0.01000,0.01000,-42.76000,42.90000
-0.00000,0.00000,-0.00000,0.00000,0.00000,-0.01000,0.01000,-42.81000,42.94000
-0.00000,0.00000,-0.00000,0.00000,0.00000,-0.01000,0.01000,-42.81000,42.94000
-0.00000,0.00000,-0.00000,0.00000,0.00000,-0.01000,0.01000,-42.85000,42.99000
-0.00000,0.00000,-0.00000,0.00000,0.00000,-0.01000,0.01000,-42.85000,42.99000
-0.00000,0.00000,-0.00000,0.00000,0.00000,-0.01000,0.01000,-42.90000,43.03000
-0.00000,0.00000,-0.00000,0.00000,0.00000,-0.01000,0.01000,-42.90000,43.03000
-0.00000,0.00000,-0.00000,0.00000,0.00000,-0.01000,0.01000,-42.94000,43.08000
-0.00000,0.00000,-0.00000,0.00000,0.00000,-0.01000,0.01000,-42.94000,43.08000
-0.00000,0.00000,-0.00000,0.00000,0.00000,-0.01000,0.01000,-42.99000,43.12000
-0.00000,0.00000,-0.00000,0.00000,0.00000,-0.01000,0.01000,-42.99000,43.12000
-0.00000,0.00000,-0.00000,0.00000,0.00000,-0.01000,0.01000,-43.03000,43.17000
-0.00000,0.00000,-0.00000,0.00000,0.00000,-0.01000,0.01000,-43.03000,43.17000
-0.00000,0.00000,-0.00000,0.00000,0.00000,-0.01000,0.01000,-43.08000,43.21000
-0.00000,0.00000,-0.00000,0.00000,0.00000,-0.01000,0.01000,-43.08000,43.21000
-0.00000,0.00000,-0.00000,0.00000,0.00000,-0.01000,0.01000,-43.13000,43.26000
-0.00000,0.00000,-0.00000,0.00000,0.00000,-0.01000,0.01000,-43.13000,43.26000
-0.00000,0.00000,-0.00000,0.00000,0.00000,-0.01000,0.01000,-43.17000,43.30000
-0.00000,0.00000,-0.00000,0.00000,0.00000,-0.01000,0.01000,-43.17000,43.30000
-0.00000,0.00000,-0.00000,0.00000,0.00000,-0.01000,0.01000,-43.22000,43.35000
-0.00000,0.00000,-0.00000,0.00000,0.00000,-0.01000,0.01000,-43.22000,43.35000
-0.00000,0.00000,-0.00000,0.00000,0.00000,-0.01000,0.01000,-43.26000,43.39000
-0.00000,0.00000,-0.00000,0.00000,0.00000,-0.01000,0.01000,-43.26000,43.39000
-0.00000,0.00000,-0.00000,0.00000,0.00000,-0.01000,0.01000,-43.31000,43.44000
-0.00000,0.00000,-0.00000,0.00000,0.00000,-0.01000,0.01000,-43.31000,43.44000
-0.00000,0.00000,-0.00000,0.00000,0.00000,-0.01000,0.01000,-43.35000,43.48000
-0.00000,0.00000,-0.00000,0.00000,0.00000,-0.01000,0.01000,-43.35000,43.48000
-0.00000,0.00000,-0.00000,0.00000,0.00000,-0.01000,0.01000,-43.40000,43.53000
-0.00000,0.00000,-0.00000,0.00000,0.00000,-0.01000,0.01000,-43.40000,43.53000
-0.00000,0.00000,-0.00000,0.00000,0.00000,-0.01000,0.01000,-43.44000,43.57000
-0.00000,0.00000,-0.00000,0.00000,0.00000,-0.01000,0.01000,-43.44000,43.57000
-0.00000,0.00000,-0.00000,0.00000,0.00000,-0.01000,0.01000,-43.49000,43.62000
-0.00000,0.00000,-0.00000,0.00000,0.00000,-0.01000,0.01000,-43.49000,43.62000
-0.00000,0.00000,-0.00000,0.00000,0.00000,-0.01000,0.01000,-43.54000,43.66000
-0.00000,0.00000,-0.00000,0.00000,0.00000,-0.01000,0.01000,-43.54000,43.66000
-0.00000,0.00000,-0.00000,0.00000,0.00000,-0.01000,0.01000,-43.58000,43.71000
-0.00000,0.00000,-0.00000,0.00000,0.00000,-0.01000,0.01000,-43.58000,43.71000
-0.00000,0.00000,-0.00000,0.00000,0.00000,-0.01000,0.01000,-43.63000,43.75000
-0.00000,0.00000,-0.00000,0.00000,0.00000,-0.01000,0.01000,-43.63000,43.75000
-0.00000,0.00000,-0.00000,0.00000,0.00000,-0.01000,0.01000,-43.67000,43.80000
-0.00000,0.00000,-0.00000,0.00000,0.00000,-0.01000,0.01000,-43.67000,43.80000
-0.00000,0.00000,-0.00000,0.00000,0.00000,-0.01000,0.01000,-43.72000,43.85000
-0.00000,0.00000,-0.00000,0.00000,0.00000,-0.01000,0.01000,-43.72000,43.85000
-0.00000,0.00000,-0.00000,0.00000,0.00000,-0.01000,0.01000,-43.76000,43.89000
-0.00000,0.00000,-0.00000,0.00000,0.00000,-0.01000,0.01000,-43.76000,43.89000
-0.00000,0.00000,-0.00000,0.00000,0.00000,-0.01000,0.01000,-43.81000,43.94000
-0.00000,0.00000,-0.00000,0.00000,0.00000,-0.01000,0.01000,-43.81000,43.94000
-0.00000,0.00000,-0.00000,0.00000,0.00000,-0.01000,0.01000,-43.85000,43.98000
-0.00000,0.00000,-0.00000,0.00000,0.00000,-0.01000,0.01000,-43.85000,43.98000
-0.00000,0.00000,-0.00000,0.00000,0.00000,-0.01000,0.01000,-43.90000,44.03000
-0.00000,0.00000,-0.00000,0.00000,0.00000,-0.01000,0.01000,-43.90000,44.03000
-0.00000,0.00000,-0.00000,0.00000,0.00000,-0.01000,0.01000,-43.95000,44.07000
-0.00000,0.00000,-0.00000,0.00000,0.00000,-0.01000,0.01000,-43.95000,44.07000
-0.00000,0.00000,-0.00000,0.00000,0.00000,-0.01000,0.01000,-43.99000,44.12000
-0.00000,0.00000,-0.00000,0.00000,0.00000,-0.01000,0.01000,-43.99000,44.12000
-0.00000,0.00000,-0.00000,0.00000,0.00000,-0.01000,0.01000,-44.04000,44.16000
-0.00000,0.00000,-0.00000,0.00000,0.00000,-0.01000,0.01000,-44.04000,44.16000
-0.00000,0.00000,-0.00000,0.00000,0.00000,-0.01000,0.01000,-44.08000,44.21000
-0.00000,0.00000,-0.00000,0.00000,0.00000,-0.01000,0.01000,-44.08000,44.21000
-0.00000,0.00000,-0.00000,0.00000,0.00000,-0.01000,0.01000,-44.13000,44.25000
-0.00000,0.00000,-0.00000,0.00000,0.00000,-0.01000,0.01000,-44.13000,44.25000
-0.00000,0.00000,-0.00000,0.00000,0.00000,-0.01000,0.01000,-44.17000,44.30000
-0.00000,0.00000,-0.00000,0.00000,0.00000,-0.01000,0.01000,-44.17000,44.30000
-0.00000,0.00000,-0.00000,0.00000,0.00000,-0.01000,0.01000,-44.22000,44.34000
-0.00000,0.00000,-0.00000,0.00000,0.00000,-0.01000,0.01000,-44.22000,44.34000
-0.00000,0.00000,-0.00000,0.00000,0.00000,-0.01000,0.01000,-44.27000,44.39000
-0.00000,0.00000,-0.00000,0.00000,0.00000,-0.01000,0.01000,-44.27000,44.39000
-0.00000,0.00000,-0.00000,0.00000,0.00000,-0.01000,0.01000,-44.31000,44.43000
-0.00000,0.00000,-0.00000,0.00000,0.00000,-0.01000,0.01000,-44.31000,44.43000
-0.00000,0.00000,-0.00000,0.00000,0.00000,-0.01000,0.01000,-44.36000,44.48000
-0.00000,0.00000,-0.00000,0.00000,0.00000,-0.01000,0.01000,-44.36000,44.48000
-0.00000,0.00000,-0.00000,0.00000,0.00000,-0.01000,0.01000,-44.40000,44.52000
-0.00000,0.00000,-0.00000,0.00000,0.00000,-0.01000,0.01000,-44.40000,44.52000
-0.00000,0.00000,-0.00000,0.00000,0.00000,-0.01000,0.01000,-44.45000,44.57000
-0.00000,0.00000,-0.00000,0.00000,0.00000,-0.01000,0.01000,-44.45000,44.57000
-0.00000,0.00000,-0.00000,0.00000,0.00000,-0.01000,0.01000,-44.49000,44.61000
-0.00000,0.00000,-0.00000,0.00000,0.00000,-0.01000,0.01000,-44.49000,44.61000
-0.00000,0.00000,-0.00000,0.00000,0.00000,-0.01000,0.01000,-44.54000,44.66000
-0.00000,0.00000,-0.00000,0.00000,0.00000,-0.01000,0.01000,-44.54000,44.66000
-0.00000,0.00000,-0.00000,0.00000,0.00000,-0.01000,0.01000,-44.58000,44.70000
-0.00000,0.00000,-0.00000,0.00000,0.00000,-0.01000,0.01000,-44.58000,44.70000
-0.00000,0.00000,-0.00000,0.00000,0.00000,-0.01000,0.01000,-44.63000,44.75000
-0.00000,0.00000,-0.00000,0.00000,0.00000,-0.01000,0.01000,-44.63000,44.75000
-0.00000,0.00000,-0.00000,0.00000,0.00000,-0.01000,0.01000,-44.68000,44.80000
-0.00000,0.00000,-0.00000,0.00000,0.00000,-0.01000,0.01000,-44.68000,44.80000
-0.00000,0.00000,-0.00000,0.00000,0.00000,-0.01000,0.01000,-44.72000,44.84000
-0.00000,0.00000,-0.00000,0.00000,0.00000,-0.01000,0.01000,-44.72000,44.84000
-0.00000,0.00000,-0.00000,0.00000,0.00000,-0.01000,0.01000,-44.77000,44.89000
-0.00000,0.00000,-0.00000,0.00000,0.00000,-0.01000,0.01000,-44.77000,44.89000
-0.00000,0.00000,-0.00000,0.00000,0.00000,-0.01000,0.01000,-44.81000,44.93000
-0.00000,0.00000,-0.00000,0.00000,0.00000,-0.01000,0.01000,-44.81000,44.93000
-0.00000,0.00000,-0.00000,0.00000,0.00000,-0.01000,0.01000,-44.86000,44.98000
-0.00000,0.00000,-0.00000,0.00000,0.00000,-0.01000,0.01000,-44.86000,44.98000
-0.00000,0.00000,-0.00000,0.00000,0.00000,-0.01000,0.01000,-44.90000,45.02000
-0.00000,0.00000,-0.00000,0.00000,0.00000,-0.01000,0.01000,-44.90000,45.02000
-0.00000,0.00000,-0.00000,0.00000,0.00000,-0.01000,0.01000,-44.95000,45.07000
-0.00000,0.00000,-0.00000,0.00000,0.00000,-0.01000,0.01000,-44.95000,45.07000
-0.00000,0.00000,-0.00000,0.00000,0.00000,-0.01000,0.01000,-45.00000,45.11000
-0.00000,0.00000,-0.00000,0.00000,0.00000,-0.01000,0.01000,-45.00000,45.11000
-0.00000,0.00000,-0.00000,0.00000,0.00000,-0.01000,0.01000,-45.04000,45.16000
-0.00000,0.00000,-0.00000,0.00000,0.00000,-0.01000,0.01000,-45.04000,45.16000
-0.00000,0.00000,-0.00000,0.00000,0.00000,-0.01000,0.01000,-45.09000,45.20000
-0.00000,0.00000,-0.00000,0.00000,0.00000,-0.01000,0.01000,-45.09000,45.20000
-0.00000,0.00000,-0.00000,0.00000,0.00000,-0.01000,0.01000,-45.13000,45.25000
-0.00000,0.00000,-0.00000,0.00000,0.00000,-0.01000,0.01000,-45.13000,45.25000
-0.00000,0.00000,-0.00000,0.00000,0.00000,-0.01000,0.01000,-45.18000,45.29000
-0.00000,0.00000,-0.00000,0.00000,0.00000,-0.01000,0.01000,-45.18000,45.29000
-0.00000,0.00000,-0.00000,0.00000,0.00000,-0.01000,0.01000,-45.22000,45.34000
-0.00000,0.00000,-0.00000,0.00000,0.00000,-0.01000,0.01000,-45.22000,45.34000
-0.00000,0.00000,-0.00000,0.00000,0.00000,-0.01000,0.01000,-45.27000,45.38000
-0.00000,0.00000,-0.00000,0.00000,0.00000,-0.01000,0.01000,-45.27000,45.38000
-0.00000,0.00000,-0.00000,0.00000,0.00000,-0.01000,0.01000,-45.31000,45.43000
-0.00000,0.00000,-0.00000,0.00000,0.00000,-0.01000,0.01000,-45.31000,45.43000
-0.00000,0.00000,-0.00000,0.00000,0.00000,-0.01000,0.01000,-45.36000,45.47000
-0.00000,0.00000,-0.00000,0.00000,0.00000,-0.01000,0.01000,-45.36000,45.47000
-0.00000,0.00000,-0.00000,0.00000,0.00000,-0.01000,0.01000,-45.41000,45.52000
-0.00000,0.00000,-0.00000,0.00000,0.00000,-0.01000,0.01000,-45.41000,45.52000
-0.00000,0.00000,-0.00000,0.00000,0.00000,-0.01000,0.01000,-45.45000,45.56000
-0.00000,0.00000,-0.00000,0.00000,0.00000,-0.01000,0.01000,-45.45000,45.56000
-0.00000,0.00000,-0.00000,0.00000,0.00000,-0.01000,0.01000,-45.50000,45.61000
-0.00000,0.00000,-0.00000,0.00000,0.00000,-0.01000,0.01000,-45.50000,45.61000
-0.00000,0.00000,-0.00000,0.00000,0.00000,-0.01000,0.01000,-45.54000,45.65000
-0.00000,0.00000,-0.00000,0.00000,0.00000,-0.01000,0.01000,-45.54000,45.65000
-0.00000,0.00000,-0.00000,0.00000,0.00000,-0.01000,0.01000,-45.59000,45.70000
-0.00000,0.00000,-0.00000,0.00000,0.00000,-0.01000,0.01000,-45.59000,45.70000
-0.00000,0.00000,-0.00000,0.00000,0.00000,-0.01000,0.01000,-45.63000,45.74000
-0.00000,0.00000,-0.00000,0.00000,0.00000,-0.01000,0.01000,-45.63000,45.74000
-0.00000,0.00000,-0.00000,0.00000,0.00000,-0.01000,0.01000,-45.68000,45.79000
-0.00000,0.00000,-0.00000,0.00000,0.00000,-0.01000,0.01000,-45.68000,45.79000
-0.00000,0.00000,-0.00000,0.00000,0.00000,-0.01000,0.01000,-45.73000,45.84000
-0.00000,0.00000,-0.00000,0.00000,0.00000,-0.01000,0.01000,-45.73000,45.84000
-0.00000,0.00000,-0.00000,0.00000,0.00000,-0.01000,0.01000,-45.77000,45.88000
-0.00000,0.00000,-0.00000,0.00000,0.00000,-0.01000,0.01000,-45.77000,45.88000
-0.00000,0.00000,-0.00000,0.00000,0.00000,-0.01000,0.01000,-45.82000,45.93000
-0.00000,0.00000,-0.00000,0.00000,0.00000,-0.01000,0.01000,-45.82000,45.93000
-0.00000,0.00000,-0.00000,0.00000,0.00000,-0.01000,0.01000,-45.86000,45.97000
-0.00000,0.00000,-0.00000,0.00000,0.00000,-0.01000,0.01000,-45.86000,45.97000
-0.00000,0.00000,-0.00000,0.00000,0.00000,-0.01000,0.01000,-45.91000,46.02000
-0.00000,0.00000,-0.00000,0.00000,0.00000,-0.01000,0.01000,-45.91000,46.02000
-0.00000,0.00000,-0.00000,0.00000,0.00000,-0.01000,0.01000,-45.95000,46.06000
-0.00000,0.00000,-0.00000,0.00000,0.00000,-0.01000,0.01000,-45.95000,46.06000
-0.00000,0.00000,-0.00000,0.00000,0.00000,-0.01000,0.01000,-46.00000,46.11000
-0.00000,0.00000,-0.00000,0.00000,0.00000,-0.01000,0.01000,-46.00000,46.11000
-0.00000,0.00000,-0.00000,0.00000,0.00000,-0.01000,0.01000,-46.04000,46.15000
-0.00000,0.00000,-0.00000,0.00000,0.00000,-0.01000,0.01000,-46.04000,46.15000
-0.00000,0.00000,-0.00000,0.00000,0.00000,-0.01000,0.01000,-46.09000,46.20000
-0.00000,0.00000,-0.00000,0.00000,0.00000,-0.01000,0.01000,-46.09000,46.20000
-0.00000,0.00000,-0.00000,0.00000,0.00000,-0.01000,0.01000,-46.14000,46.24000
-0.00000,0.00000,-0.00000,0.00000,0.00000,-0.01000,0.01000,-46.14000,46.24000
-0.00000,0.00000,-0.00000,0.00000,0.00000,-0.01000,0.01000,-46.18000,46.29000
-0.00000,0.00000,-0.00000,0.00000,0.00000,-0.01000,0.01000,-46.18000,46.29000
-0.00000,0.00000,-0.00000,-0.02000,0.00000,-0.01000,0.01000,-46.23000,46.33000
-0.00000,0.00000,-0.00000,0.00000,0.00000,-0.01000,0.01000,-46.23000,46.33000
-0.00000,0.00000,-0.00000,0.00000,0.00000,-0.01000,0.01000,-46.28000,46.38000
-0.00000,0.00000,-0.00000,0.00000,0.00000,-0.01000,0.01000,-46.28000,46.38000
-0.00000,0.00000,-0.00000,0.00000,0.00000,-0.01000,0.01000,-46.33000,46.43000
-0.00000,0.00000,-0.00000,0.00000,0.00000,-0.01000,0.01000,-46.33000,46.43000
-0.00000,0.00000,-0.00000,-0.02000,0.00000,-0.01000,0.01000,-46.37000,46.48000
-0.00000,0.00000,-0.00000,-0.02000,0.00000,-0.01000,0.01000,-46.37000,46.48000
-0.00000,0.00000,-0.01000,-0.08000,0.00000,-0.01000,0.01000,-46.12000,46.54000
-0.00000,0.00000,-0.01000,0.00000,0.00000,-0.01000,0.01000,-46.12000,46.54000
-0.00000,0.00000,-0.01000,0.00000,0.00000,-0.01000,0.01000,-46.38000,46.61000
-0.00000,0.00000,-0.01000,0.00000,0.00000,-0.01000,0.01000,-46.38000,46.61000
-0.00000,0.00000,-0.01000,0.00000,0.00000,-0.01000,0.01000,-46.44000,46.67000
-0.00000,0.00000,-0.01000,0.00000,0.00000,-0.01000,0.01000,-46.44000,46.67000
-0.00000,0.00000,-0.01000,0.00000,0.00000,-0.01000,0.01000,-46.50000,46.73000
-0.00000,0.00000,-0.01000,0.00000,0.00000,-0.01000,0.01000,-46.50000,46.73000
-0.00000,0.00000,-0.01000,0.00000,0.00000,-0.01000,0.01000,-46.56000,46.79000
-0.00000,0.00000,-0.01000,0.00000,0.00000,-0.01000,0.01000,-46.56000,46.79000
-0.00000,0.00000,-0.01000,0.00000,0.00000,-0.01000,0.01000,-46.62000,46.85000
-0.00000,0.00000,-0.01000,0.00000,0.00000,-0.01000,0.01000,-46.62000,46.85000
-0.00000,0.00000,-0.01000,0.00000,0.00000,-0.01000,0.01000,-46.68000,46.91000
-0.00000,0.00000,-0.01000,0.00000,0.00000,-0.01000,0.01000,-46.68000,46.91000
-0.00000,0.00000,-0.01000,0.00000,0.00000,-0.01000,0.01000,-46.74000,46.97000
-0.00000,0.00000,-0.01000,0.00000,0.00000,-0.01000,0.01000,-46.74000,46.97000
-0.00000,0.00000,-0.01000,0.00000,0.00000,-0.01000,0.01000,-46.80000,47.03000
-0.00000,0.00000,-0.01000,0.00000,0.00000,-0.01000,0.01000,-46.80000,47.03000
-0.00000,0.00000,-0.01000,0.00000,0.00000,-0.01000,0.01000,-46.86000,47.09000
-0.00000,0.00000,-0.01000,0.00000,0.00000,-0.01000,0.01000,-46.86000,47.09000
-0.00000,0.00000,-0.01000,0.00000,0.00000,-0.01000,0.01000,-46.93000,47.15000
-0.00000,0.00000,-0.01000,0.00000,0.00000,-0.01000,0.01000,-46.93000,47.15000
-0.00000,0.00000,-0.01000,0.00000,0.00000,-0.01000,0.01000,-46.99000,47.21000
-0.00000,0.00000,-0.01000,0.00000,0.00000,-0.01000,0.01000,-46.99000,47.21000
-0.00000,0.00000,-0.01000,-0.02000,0.00000,-0.01000,0.01000,-47.05000,47.27000
-0.00000,0.00000,-0.01000,0.00000,0.00000,-0.01000,0.01000,-47.05000,47.27000
-0.00000,0.00000,-0.01000,0.00000,0.00000,-0.01000,0.01000,-47.11000,47.33000
-0.00000,0.00000,-0.01000,0.00000,0.00000,-0.01000,0.01000,-47.11000,47.33000
-0.00000,0.00000,-0.01000,0.00000,0.00000,-0.01000,0.01000,-47.17000,47.40000
-0.00000,0.00000,-0.01000,0.00000,0.00000,-0.01000,0.01000,-47.17000,47.40000
-0.00000,0.00000,-0.01000,0.00000,0.00000,-0.01000,0.01000,-47.24000,47.46000
-0.00000,0.00000,-0.01000,0.00000,0.00000,-0.01000,0.01000,-47.24000,47.46000
-0.00000,0.00000,-0.01000,0.00000,0.00000,-0.01000,0.01000,-47.30000,47.52000
-0.00000,0.00000,-0.01000,0.00000,0.00000,-0.01000,0.01000,-47.30000,47.52000
-0.00000,0.00000,-0.01000,0.00000,0.00000,-0.01000,0.01000,-47.36000,47.58000
-0.00000,0.00000,-0.01000,0.00000,0.00000,-0.01000,0.01000,-47.36000,47.58000
-0.00000,0.00000,-0.01000,0.00000,0.00000,-0.01000,0.01000,-47.43000,47.65000
-0.00000,0.00000,-0.01000,0.00000,0.00000,-0.01000,0.01000,-47.43000,47.65000
-0.00000,0.00000,-0.01000,0.00000,0.00000,-0.01000,0.01000,-47.49000,47.71000
-0.00000,0.00000,-0.01000,0.00000,0.00000,-0.01000,0.01000,-47.49000,47.71000
-0.00000,0.00000,-0.01000,0.00000,0.00000,-0.01000,0.01000,-47.55000,47.77000
-0.00000,0.00000,-0.01000,0.00000,0.00000,-0.01000,0.01000,-47.55000,47.77000
-0.00000,0.00000,-0.01000,0.00000,0.00000,-0.01000,0.01000,-47.61000,47.83000
-0.00000,0.00000,-0.01000,0.00000,0.00000,-0.01000,0.01000,-47.61000,47.83000
-0.00000,0.00000,-0.01000,0.00000,0.00000,-0.01000,0.01000,-47.68000,47.89000
-0.00000,0.00000,-0.01000,0.00000,0.00000,-0.01000,0.01000,-47.68000,47.89000
-0.00000,0.00000,-0.01000,0.00000,0.00000,-0.01000,0.01000,-47.74000,47.96000
-0.00000,0.00000,-0.01000,0.00000,0.00000,-0.01000,0.01000,-47.74000,47.96000
-0.00000,0.00000,-0.01000,0.00000,0.00000,-0.01000,0.01000,-47.80000,48.02000
-0.00000,0.00000,-0.01000,0.00000,0.00000,-0.01000,0.01000,-47.80000,48.02000
-0.00000,0.00000,-0.01000,0.00000,0.00000,-0.01000,0.01000,-47.86000,48.08000
-0.00000,0.00000,-0.01000,0.00000,0.00000,-0.01000,0.01000,-47.86000,48.08000
-0.00000,0.00000,-0.01000,0.00000,0.00000,-0.01000,0.01000,-47.93000,48.14000
-0.00000,0.00000,-0.01000,0.00000,0.00000,-0.01000,0.01000,-47.93000,48.14000
-0.00000,0.00000,-0.01000,0.00000,0.00000,-0.01000,0.01000,-47.99000,48.20000
-0.00000,0.00000,-0.01000,0.00000,0.00000,-0.01000,0.01000,-47.99000,48.20000
-0.00000,0.00000,-0.01000,0.00000,0.00000,-0.01000,0.01000,-48.05000,48.27000
-0.00000,0.00000,-0.01000,0.00000,0.00000,-0.01000,0.01000,-48.05000,48.27000
-0.00000,0.00000,-0.01000,0.00000,0.00000,-0.01000,0.01000,-48.11000,48.33000
-0.00000,0.00000,-0.01000,0.00000,0.00000,-0.01000,0.01000,-48.11000,48.33000
-0.00000,0.00000,-0.01000,0.00000,0.00000,-0.01000,0.01000,-48.18000,48.39000
-0.00000,0.00000,-0.01000,0.00000,0.00000,-0.01000,0.01000,-48.18000,48.39000
-0.00000,0.00000,-0.01000,0.00000,0.00000,-0.01000,0.01000,-48.24000,48.45000
-0.00000,0.00000,-0.01000,0.00000,0.00000,-0.01000,0.01000,-48.24000,48.45000
-0.00000,0.00000,-0.01000,0.00000,0.00000,-0.01000,0.01000,-48.30000,48.52000
-0.00000,0.00000,-0.01000,0.00000,0.00000,-0.01000,0.01000,-48.30000,48.52000
-0.00000,0.00000,-0.01000,0.00000,0.00000,-0.01000,0.01000,-48.37000,48.58000
-0.00000,0.00000,-0.01000,0.00000,0.00000,-0.01000,0.01000,-48.37000,48.58000
-0.00000,0.00000,-0.01000,0.00000,0.00000,-0.01000,0.01000,-48.43000,48.64000
-0.00000,0.00000,-0.01000,0.00000,0.00000,-0.01000,0.01000,-48.43000,48.64000
-0.00000,0.00000,-0.01000,0.00000,0.00000,-0.01000,0.01000,-48.49000,48.70000
-0.00000,0.00000,-0.01000,0.00000,0.00000,-0.01000,0.01000,-48.49000,48.70000
-0.00000,0.00000,-0.01000,0.00000,0.00000,-0.01000,0.01000,-48.55000,48.76000
-0.00000,0.00000,-0.01000,0.00000,0.00000,-0.01000,0.01000,-48.55000,48.76000
-0.00000,0.00000,-0.01000,0.00000,0.00000,-0.01000,0.01000,-48.62000,48.83000
-0.00000,0.00000,-0.01000,0.00000,0.00000,-0.01000,0.01000,-48.62000,48.83000
-0.00000,0.00000,-0.01000,0.00000,0.00000,-0.01000,0.01000,-48.68000,48.89000
-0.00000,0.00000,-0.01000,0.00000,0.00000,-0.01000,0.01000,-48.68000,48.89000
-0.00000,0.00000,-0.01000,0.00000,0.00000,-0.01000,0.01000,-48.74000,48.95000
-0.00000,0.00000,-0.01000,0.00000,0.00000,-0.01000,0.01000,-48.74000,48.95000
-0.00000,0.00000,-0.01000,0.00000,0.00000,-0.01000,0.01000,-48.80000,49.01000
-0.00000,0.00000,-0.01000,0.00000,0.00000,-0.01000,0.01000,-48.80000,49.01000
-0.00000,0.00000,-0.01000,0.00000,0.00000,-0.01000,0.01000,-48.87000,49.07000
-0.00000,0.00000,-0.01000,0.00000,0.00000,-0.01000,0.01000,-48.87000,49.07000
-0.00000,0.00000,-0.01000,0.00000,0.00000,-0.01000,0.01000,-48.93000,49.14000
-0.00000,0.00000,-0.01000,0.00000,0.00000,-0.01000,0.01000,-48.93000,49.14000
-0.00000,0.00000,-0.01000,0.00000,0.00000,-0.01000,0.01000,-48.99000,49.20000
-0.00000,0.00000,-0.01000,0.00000,0.00000,-0.01000,0.01000,-48.99000,49.20000
-0.00000,0.00000,-0.01000,0.00000,0.00000,-0.01000,0.01000,-49.05000,49.26000
-0.00000,0.00000,-0.01000,0.00000,0.00000,-0.01000,0.01000,-49.05000,49.26000
-0.00000,0.00000,-0.01000,0.00000,0.00000,-0.01000,0.01000,-49.12000,49.32000
-0.00000,0.00000,-0.01000,0.00000,0.00000,-0.01000,0.01000,-49.12000,49.32000
-0.00000,0.00000,-0.01000,0.00000,0.00000,-0.01000,0.01000,-49.18000,49.39000
-0.00000,0.00000,-0.01000,0.00000,0.00000,-0.01000,0.01000,-49.18000,49.39000
-0.00000,0.00000,-0.01000,0.00000,0.00000,-0.01000,0.01000,-49.24000,49.45000
-0.00000,0.00000,-0.01000,0.00000,0.00000,-0.01000,0.01000,-49.24000,49.45000
-0.00000,0.00000,-0.01000,0.00000,0.00000,-0.01000,0.01000,-49.31000,49.51000
-0.00000,0.00000,-0.01000,0.00000,0.00000,-0.01000,0.01000,-49.31000,49.51000
-0.00000,0.00000,-0.01000,0.00000,0.00000,-0.01000,0.01000,-49.37000,49.57000
-0.00000,0.00000,-0.01000,0.00000,0.00000,-0.01000,0.01000,-49.37000,49.57000
-0.00000,0.00000,-0.01000,0.00000,0.00000,-0.01000,0.01000,-49.43000,49.63000
-0.00000,0.00000,-0.01000,0.00000,0.00000,-0.01000,0.01000,-49.43000,49.63000
-0.00000,0.00000,-0.01000,0.00000,0.00000,-0.01000,0.01000,-49.49000,49.70000
-0.00000,0.00000,-0.01000,0.00000,0.00000,-0.01000,0.01000,-49.49000,49.70000
-0.00000,0.00000,-0.01000,0.00000,0.00000,-0.01000,0.01000,-49.56000,49.76000
-0.00000,0.00000,-0.01000,0.00000,0.00000,-0.01000,0.01000,-49.56000,49.76000
-0.00000,0.00000,-0.01000,0.00000,0.00000,-0.01000,0.01000,-49.62000,49.82000
-0.00000,0.00000,-0.01000,0.00000,0.00000,-0.01000,0.01000,-49.62000,49.82000
-0.00000,0.00000,-0.01000,-0.02000,0.00000,-0.01000,0.01000,-49.68000,49.88000
-0.00000,0.00000,-0.01000,0.00000,0.00000,-0.01000,0.01000,-49.68000,49.88000
-0.00000,0.00000,-0.01000,0.00000,0.00000,-0.01000,0.01000,-49.75000,49.95000
-0.00000,0.00000,-0.01000,0.00000,0.00000,-0.01000,0.01000,-49.75000,49.95000
-0.00000,0.00000,-0.01000,0.00000,0.00000,-0.01000,0.01000,-49.81000,50.01000
-0.00000,0.00000,-0.01000,0.00000,0.00000,-0.01000,0.01000,-49.81000,50.01000
-0.00000,0.00000,-0.01000,-0.02000,0.00000,-0.01000,0.01000,-49.88000,50.08000
-0.00000,0.00000,-0.01000,-0.02000,0.00000,-0.01000,0.01000,-49.88000,50.08000
-0.00000,0.00000,-0.01000,-0.02000,0.00000,-0.01000,0.01000,-49.64000,50.15000
-0.00000,0.00000,-0.01000,-0.02000,0.00000,-0.01000,0.01000,-49.64000,50.15000
-0.00000,0.00000,-0.01000,0.00000,0.00000,-0.01000,0.01000,-49.60000,50.23000
-0.00000,0.00000,-0.01000,-0.02000,0.00000,-0.01000,0.01000,-49.60000,50.23000
-0.00000,0.00000,-0.01000,-0.02000,0.00000,-0.01000,0.01000,-49.55000,50.31000
-0.00000,0.00000,-0.01000,0.00000,0.00000,-0.01000,0.01000,-49.55000,50.31000
-0.00000,0.00000,-0.01000,0.00000,0.00000,-0.01000,0.01000,-49.82000,50.39000
-0.00000,0.00000,-0.01000,0.00000,0.00000,-0.01000,0.01000,-49.82000,50.39000
-0.00000,0.00000,-0.01000,0.00000,0.00000,-0.01000,0.01000,-49.90000,50.47000
-0.00000,0.00000,-0.01000,0.00000,0.00000,-0.01000,0.01000,-49.90000,50.47000
-0.00000,0.00000,-0.01000,0.00000,0.00000,-0.01000,0.01000,-49.98000,50.55000
-0.00000,0.00000,-0.01000,0.00000,0.00000,-0.01000,0.01000,-49.98000,50.55000
-0.00000,0.00000,-0.01000,0.00000,0.00000,-0.01000,0.01000,-50.06000,50.62000
-0.00000,0.00000,-0.01000,0.00000,0.00000,-0.01000,0.01000,-50.06000,50.62000
-0.00000,0.00000,-0.01000,0.00000,0.00000,-0.01000,0.01000,-50.13000,50.70000
-0.00000,0.00000,-0.01000,0.00000,0.00000,-0.01000,0.01000,-50.13000,50.70000
-0.00000,0.00000,-0.01000,0.00000,0.00000,-0.01000,0.01000,-50.21000,50.78000
-0.00000,0.00000,-0.01000,0.00000,0.00000,-0.01000,0.01000,-50.21000,50.78000
-0.00000,0.00000,-0.01000,0.00000,0.00000,-0.01000,0.01000,-50.29000,50.86000
-0.00000,0.00000,-0.01000,0.00000,0.00000,-0.01000,0.01000,-50.29000,50.86000
-0.00000,0.00000,-0.01000,0.00000,0.00000,-0.01000,0.01000,-50.37000,50.93000
-0.00000,0.00000,-0.01000,0.00000,0.00000,-0.01000,0.01000,-50.37000,50.93000
-0.00000,0.00000,-0.01000,0.00000,0.00000,-0.01000,0.01000,-50.45000,51.01000
-0.00000,0.00000,-0.01000,0.00000,0.00000,-0.01000,0.01000,-50.45000,51.01000
-0.00000,0.00000,-0.01000,0.00000,0.00000,-0.01000,0.01000,-50.52000,51.09000
-0.00000,0.00000,-0.01000,0.00000,0.00000,-0.01000,0.01000,-50.52000,51.09000
-0.00000,0.00000,-0.01000,0.00000,0.00000,-0.01000,0.01000,-50.60000,51.17000
-0.00000,0.00000,-0.01000,0.00000,0.00000,-0.01000,0.01000,-50.60000,51.17000
-0.00000,0.00000,-0.01000,0.00000,0.00000,-0.01000,0.01000,-50.68000,51.24000
-0.00000,0.00000,-0.01000,0.00000,0.00000,-0.01000,0.01000,-50.68000,51.24000
-0.00000,0.00000,-0.01000,0.00000,0.00000,-0.01000,0.01000,-50.76000,51.32000
-0.00000,0.00000,-0.01000,0.00000,0.00000,-0.01000,0.01000,-50.76000,51.32000
-0.00000,0.00000,-0.01000,0.00000,0.00000,-0.01000,0.01000,-50.84000,51.40000
-0.00000,0.00000,-0.01000,0.00000,0.00000,-0.01000,0.01000,-50.84000,51.40000
-0.00000,0.00000,-0.01000,0.00000,0.00000,-0.01000,0.01000,-50.92000,51.48000
-0.00000,0.00000,-0.01000,0.00000,0.00000,-0.01000,0.01000,-50.92000,51.48000
-0.00000,0.00000,-0.01000,0.00000,0.00000,-0.01000,0.01000,-50.99000,51.55000
-0.00000,0.00000,-0.01000,0.00000,0.00000,-0.01000,0.01000,-50.99000,51.55000
-0.00000,0.00000,-0.01000,0.00000,0.00000,-0.01000,0.01000,-51.07000,51.63000
-0.00000,0.00000,-0.01000,0.00000,0.00000,-0.01000,0.01000,-51.07000,51.63000
-0.00000,0.00000,-0.01000,0.00000,0.00000,-0.01000,0.01000,-51.15000,51.71000
-0.00000,0.00000,-0.01000,0.00000,0.00000,-0.01000,0.01000,-51.15000,51.71000
-0.00000,0.00000,-0.01000,0.00000,0.00000,-0.01000,0.01000,-51.23000,51.79000
-0.00000,0.00000,-0.01000,0.00000,0.00000,-0.01000,0.01000,-51.23000,51.79000
-0.00000,0.00000,-0.01000,0.00000,0.00000,-0.01000,0.01000,-51.31000,51.86000
-0.00000,0.00000,-0.01000,0.00000,0.00000,-0.01000,0.01000,-51.31000,51.86000
-0.00000,0.00000,-0.01000,0.00000,0.00000,-0.01000,0.01000,-51.38000,51.94000
-0.00000,0.00000,-0.01000,0.00000,0.00000,-0.01000,0.01000,-51.38000,51.94000
-0.00000,0.00000,-0.01000,0.00000,0.00000,-0.01000,0.01000,-51.46000,52.02000
-0.00000,0.00000,-0.01000,0.00000,0.00000,-0.01000,0.01000,-51.46000,52.02000
-0.00000,0.00000,-0.01000,0.00000,0.00000,-0.01000,0.01000,-51.54000,52.10000
-0.00000,0.00000,-0.01000,0.00000,0.00000,-0.01000,0.01000,-51.54000,52.10000
-0.00000,0.00000,-0.01000,0.00000,0.00000,-0.01000,0.01000,-51.62000,52.17000
-0.00000,0.00000,-0.01000,0.00000,0.00000,-0.01000,0.01000,-51.62000,52.17000
-0.00000,0.00000,-0.01000,0.00000,0.00000,-0.01000,0.01000,-51.70000,52.25000
-0.00000,0.00000,-0.01000,0.00000,0.00000,-0.01000,0.01000,-51.70000,52.25000
-0.00000,0.00000,-0.01000,0.00000,0.00000,-0.01000,0.01000,-51.77000,52.33000
-0.00000,0.00000,-0.01000,0.00000,0.00000,-0.01000,0.01000,-51.77000,52.33000
-0.00000,0.00000,-0.01000,0.00000,0.00000,-0.01000,0.01000,-51.85000,52.41000
-0.00000,0.00000,-0.01000,0.00000,0.00000,-0.01000,0.01000,-51.85000,52.41000
-0.00000,0.00000,-0.01000,0.00000,0.00000,-0.01000,0.01000,-51.93000,52.48000
-0.00000,0.00000,-0.01000,0.00000,0.00000,-0.01000,0.01000,-51.93000,52.48000
-0.00000,0.00000,-0.01000,0.00000,0.00000,-0.01000,0.01000,-52.01000,52.56000
-0.00000,0.00000,-0.01000,0.00000,0.00000,-0.01000,0.01000,-52.01000,52.56000
-0.00000,0.00000,-0.01000,0.00000,0.00000,-0.01000,0.01000,-52.09000,52.64000
-0.00000,0.00000,-0.01000,0.00000,0.00000,-0.01000,0.01000,-52.09000,52.64000
-0.00000,0.00000,-0.01000,0.00000,0.00000,-0.01000,0.01000,-52.16000,52.72000
-0.00000,0.00000,-0.01000,0.00000,0.00000,-0.01000,0.01000,-52.16000,52.72000
-0.00000,0.00000,-0.01000,0.00000,0.00000,-0.01000,0.01000,-52.24000,52.79000
-0.00000,0.00000,-0.01000,0.00000,0.00000,-0.01000,0.01000,-52.24000,52.79000
-0.00000,0.00000,-0.01000,0.00000,0.00000,-0.01000,0.01000,-52.32000,52.87000
-0.00000,0.00000,-0.01000,0.00000,0.00000,-0.01000,0.01000,-52.32000,52.87000
-0.00000,0.00000,-0.01000,0.00000,0.00000,-0.01000,0.01000,-52.40000,52.95000
-0.00000,0.00000,-0.01000,0.00000,0.00000,-0.01000,0.01000,-52.40000,52.95000
-0.00000,0.00000,-0.01000,0.00000,0.00000,-0.01000,0.01000,-52.48000,53.02000
-0.00000,0.00000,-0.01000,0.00000,0.00000,-0.01000,0.01000,-52.48000,53.02000
-0.00000,0.00000,-0.01000,0.00000,0.00000,-0.01000,0.01000,-52.55000,53.10000
-0.00000,0.00000,-0.01000,0.00000,0.00000,-0.01000,0.01000,-52.55000,53.10000
-0.00000,0.00000,-0.01000,0.00000,0.00000,-0.01000,0.01000,-52.63000,53.18000
-0.00000,0.00000,-0.01000,0.00000,0.00000,-0.01000,0.01000,-52.63000,53.18000
-0.00000,0.00000,-0.01000,0.00000,0.00000,-0.01000,0.01000,-52.71000,53.26000
-0.00000,0.00000,-0.01000,0.00000,0.00000,-0.01000,0.01000,-52.71000,53.26000
-0.00000,0.00000,-0.01000,0.00000,0.00000,-0.01000,0.01000,-52.79000,53.33000
-0.00000,0.00000,-0.01000,0.00000,0.00000,-0.01000,0.01000,-52.79000,53.33000
-0.00000,0.00000,-0.01000,0.00000,0.00000,-0.01000,0.01000,-52.87000,53.41000
-0.00000,0.00000,-0.01000,0.00000,0.00000,-0.01000,0.01000,-52.87000,53.41000
-0.00000,0.00000,-0.01000,0.00000,0.00000,-0.01000,0.01000,-52.95000,53.49000
-0.00000,0.00000,-0.01000,0.00000,0.00000,-0.01000,0.01000,-52.95000,53.49000
-0.00000,0.00000,-0.01000,0.00000,0.00000,-0.01000,0.01000,-53.02000,53.57000
-0.00000,0.00000,-0.01000,0.00000,0.00000,-0.01000,0.01000,-53.02000,53.57000
-0.00000,0.00000,-0.01000,0.00000,0.00000,-0.01000,0.01000,-53.10000,53.64000
-0.00000,0.00000,-0.01000,0.00000,0.00000,-0.01000,0.01000,-53.10000,53.64000
-0.00000,0.00000,-0.01000,0.00000,0.00000,-0.01000,0.01000,-53.18000,53.72000
-0.00000,0.00000,-0.01000,0.00000,0.00000,-0.01000,0.01000,-53.18000,53.72000
-0.00000,0.00000,-0.01000,0.00000,0.00000,-0.01000,0.01000,-53.26000,53.80000
-0.00000,0.00000,-0.01000,0.00000,0.00000,-0.01000,0.01000,-53.26000,53.80000
-0.00000,0.00000,-0.01000,0.00000,0.00000,-0.01000,0.01000,-53.34000,53.88000
-0.00000,0.00000,-0.01000,0.00000,0.00000,-0.01000,0.01000,-53.34000,53.88000
-0.00000,0.00000,-0.01000,0.00000,0.00000,-0.01000,0.01000,-53.41000,53.95000
-0.00000,0.00000,-0.01000,0.00000,0.00000,-0.01000,0.01000,-53.41000,53.95000
-0.00000,0.00000,-0.01000,0.00000,0.00000,-0.01000,0.01000,-53.49000,54.03000
-0.00000,0.00000,-0.01000,0.00000,0.00000,-0.01000,0.01000,-53.49000,54.03000
-0.00000,0.00000,-0.01000,0.00000,0.00000,-0.01000,0.01000,-53.57000,54.11000
-0.00000,0.00000,-0.01000,0.00000,0.00000,-0.01000,0.01000,-53.57000,54.11000
-0.00000,0.00000,-0.01000,0.00000,0.00000,-0.01000,0.01000,-53.65000,54.19000
-0.00000,0.00000,-0.01000,0.00000,0.00000,-0.01000,0.01000,-53.65000,54.19000
-0.00000,0.00000,-0.01000,0.00000,0.00000,-0.01000,0.01000,-53.73000,54.26000
-0.00000,0.00000,-0.01000,0.00000,0.00000,-0.01000,0.01000,-53.73000,54.26000
-0.00000,0.00000,-0.01000,0.00000,0.00000,-0.01000,0.01000,-53.80000,54.34000
-0.00000,0.00000,-0.01000,0.00000,0.00000,-0.01000,0.01000,-53.80000,54.34000
-0.00000,0.00000,-0.01000,0.00000,0.00000,-0.01000,0.01000,-53.88000,54.42000
-0.00000,0.00000,-0.01000,0.00000,0.00000,-0.01000,0.01000,-53.88000,54.42000
-0.00000,0.00000,-0.01000,0.00000,0.00000,-0.01000,0.01000,-53.96000,54.50000
-0.00000,0.00000,-0.01000,0.00000,0.00000,-0.01000,0.01000,-53.96000,54.50000
-0.00000,0.00000,-0.01000,0.00000,0.00000,-0.01000,0.01000,-54.04000,54.57000
-0.00000,0.00000,-0.01000,0.00000,0.00000,-0.01000,0.01000,-54.04000,54.57000
-0.00000,0.00000,-0.01000,0.00000,0.00000,-0.01000,0.01000,-54.12000,54.65000
-0.00000,0.00000,-0.01000,0.00000,0.00000,-0.01000,0.01000,-54.12000,54.65000
-0.00000,0.00000,-0.01000,0.00000,0.00000,-0.01000,0.01000,-54.19000,54.73000
-0.00000,0.00000,-0.01000,0.00000,0.00000,-0.01000,0.01000,-54.19000,54.73000
-0.00000,0.00000,-0.01000,0.00000,0.00000,-0.01000,0.01000,-54.27000,54.81000
-0.00000,0.00000,-0.01000,0.00000,0.00000,-0.01000,0.01000,-54.27000,54.81000
-0.00000,0.00000,-0.01000,0.00000,0.00000,-0.01000,0.01000,-54.35000,54.88000
-0.00000,0.00000,-0.01000,0.00000,0.00000,-0.01000,0.01000,-54.35000,54.88000
-0.00000,0.00000,-0.01000,0.00000,0.00000,-0.01000,0.01000,-54.43000,54.96000
-0.00000,0.00000,-0.01000,0.00000,0.00000,-0.01000,0.01000,-54.43000,54.96000
-0.00000,0.00000,-0.01000,0.00000,0.00000,-0.01000,0.01000,-54.51000,55.04000
-0.00000,0.00000,-0.01000,0.00000,0.00000,-0.01000,0.01000,-54.51000,55.04000
-0.00000,0.00000,-0.01000,0.00000,0.00000,-0.01000,0.01000,-54.58000,55.12000
-0.00000,0.00000,-0.01000,0.00000,0.00000,-0.01000,0.01000,-54.58000,55.12000
-0.00000,0.00000,-0.01000,0.00000,0.00000,-0.01000,0.01000,-54.66000,55.19000
-0.00000,0.00000,-0.01000,0.00000,0.00000,-0.01000,0.01000,-54.66000,55.19000
-0.00000,0.00000,-0.01000,0.00000,0.00000,-0.01000,0.01000,-54.74000,55.27000
-0.00000,0.00000,-0.01000,0.00000,0.00000,-0.01000,0.01000,-54.74000,55.27000
-0.00000,0.00000,-0.01000,0.00000,0.00000,-0.01000,0.01000,-54.82000,55.35000
-0.00000,0.00000,-0.01000,0.00000,0.00000,-0.01000,0.01000,-54.82000,55.35000
-0.00000,0.00000,-0.01000,0.00000,0.00000,-0.01000,0.01000,-54.90000,55.43000
-0.00000,0.00000,-0.01000,0.00000,0.00000,-0.01000,0.01000,-54.90000,55.43000
-0.00000,0.00000,-0.01000,0.00000,0.00000,-0.01000,0.01000,-54.98000,55.50000
-0.00000,0.00000,-0.01000,0.00000,0.00000,-0.01000,0.01000,-54.98000,55.50000
-0.00000,0.00000,-0.01000,0.00000,0.00000,-0.01000,0.01000,-55.05000,55.58000
-0.00000,0.00000,-0.01000,0.00000,0.00000,-0.01000,0.01000,-55.05000,55.58000
-0.00000,0.00000,-0.01000,0.00000,0.00000,-0.01000,0.01000,-55.13000,55.66000
-0.00000,0.00000,-0.01000,0.00000,0.00000,-0.01000,0.01000,-55.13000,55.66000
-0.00000,0.00000,-0.01000,0.00000,0.00000,-0.01000,0.01000,-55.21000,55.73000
-0.00000,0.00000,-0.01000,0.00000,0.00000,-0.01000,0.01000,-55.21000,55.73000
-0.00000,0.00000,-0.01000,0.00000,0.00000,-0.01000,0.01000,-55.29000,55.81000
-0.00000,0.00000,-0.01000,0.00000,0.00000,-0.01000,0.01000,-55.29000,55.81000
-0.00000,0.00000,-0.01000,0.00000,0.00000,-0.01000,0.01000,-55.37000,55.89000
-0.00000,0.00000,-0.01000,0.00000,0.00000,-0.01000,0.01000,-55.37000,55.89000
-0.00000,0.00000,-0.01000,0.00000,0.00000,-0.01000,0.01000,-55.44000,55.97000
-0.00000,0.00000,-0.01000,0.00000,0.00000,-0.01000,0.01000,-55.44000,55.97000
-0.00000,0.00000,-0.01000,0.00000,0.00000,-0.01000,0.01000,-55.52000,56.04000
-0.00000,0.00000,-0.01000,0.00000,0.00000,-0.01000,0.01000,-55.52000,56.04000
-0.00000,0.00000,-0.01000,0.00000,0.00000,-0.01000,0.01000,-55.60000,56.12000
-0.00000,0.00000,-0.01000,0.00000,0.00000,-0.01000,0.01000,-55.60000,56.12000
-0.00000,0.00000,-0.01000,0.00000,0.00000,-0.01000,0.01000,-55.68000,56.20000
-0.00000,0.00000,-0.01000,0.00000,0.00000,-0.01000,0.01000,-55.68000,56.20000
-0.00000,0.00000,-0.01000,0.00000,0.00000,-0.01000,0.01000,-55.76000,56.28000
-0.00000,0.00000,-0.01000,0.00000,0.00000,-0.01000,0.01000,-55.76000,56.28000
-0.00000,0.00000,-0.01000,0.00000,0.00000,-0.01000,0.01000,-55.83000,56.35000
-0.00000,0.00000,-0.01000,0.00000,0.00000,-0.01000,0.01000,-55.83000,56.35000
-0.00000,0.00000,-0.01000,0.00000,0.00000,-0.01000,0.01000,-55.91000,56.43000
-0.00000,0.00000,-0.01000,0.00000,0.00000,-0.01000,0.01000,-55.91000,56.43000
-0.00000,0.00000,-0.01000,0.00000,0.00000,-0.01000,0.01000,-55.99000,56.51000
-0.00000,0.00000,-0.01000,0.00000,0.00000,-0.01000,0.01000,-55.99000,56.51000
-0.00000,0.00000,-0.01000,0.00000,0.00000,-0.01000,0.01000,-56.07000,56.59000
-0.00000,0.00000,-0.01000,0.00000,0.00000,-0.01000,0.01000,-56.07000,56.59000
-0.00000,0.00000,-0.01000,0.00000,0.00000,-0.01000,0.01000,-56.15000,56.66000
-0.00000,0.00000,-0.01000,0.00000,0.00000,-0.01000,0.01000,-56.15000,56.66000
-0.00000,0.00000,-0.01000,0.00000,0.00000,-0.01000,0.01000,-56.22000,56.74000
-0.00000,0.00000,-0.01000,0.00000,0.00000,-0.01000,0.01000,-56.22000,56.74000
-0.00000,0.00000,-0.01000,0.00000,0.00000,-0.01000,0.01000,-56.30000,56.82000
-0.00000,0.00000,-0.01000,0.00000,0.00000,-0.01000,0.01000,-56.30000,56.82000
-0.00000,0.00000,-0.01000,0.00000,0.00000,-0.01000,0.01000,-56.38000,56.90000
-0.00000,0.00000,-0.01000,0.00000,0.00000,-0.01000,0.01000,-56.38000,56.90000
-0.00000,0.00000,-0.01000,0.00000,0.00000,-0.01000,0.01000,-56.46000,56.97000
-0.00000,0.00000,-0.01000,0.00000,0.00000,-0.01000,0.01000,-56.46000,56.97000
-0.00000,0.00000,-0.01000,0.00000,0.00000,-0.01000,0.01000,-56.54000,57.05000
-0.00000,0.00000,-0.01000,0.00000,0.00000,-0.01000,0.01000,-56.54000,57.05000
-0.00000,0.00000,-0.01000,0.00000,0.00000,-0.01000,0.01000,-56.61000,57.13000
-0.00000,0.00000,-0.01000,0.00000,0.00000,-0.01000,0.01000,-56.61000,57.13000
-0.00000,0.00000,-0.01000,0.00000,0.00000,-0.01000,0.01000,-56.69000,57.21000
-0.00000,0.00000,-0.01000,0.00000,0.00000,-0.01000,0.01000,-56.69000,57.21000
-0.00000,0.00000,-0.01000,0.00000,0.00000,-0.01000,0.01000,-56.77000,57.28000
-0.00000,0.00000,-0.01000,0.00000,0.00000,-0.01000,0.01000,-56.77000,57.28000
-0.00000,0.00000,-0.01000,0.00000,0.00000,-0.01000,0.01000,-56.85000,57.36000
-0.00000,0.00000,-0.01000,0.00000,0.00000,-0.01000,0.01000,-56.85000,57.36000
-0.00000,0.00000,-0.01000,0.00000,0.00000,-0.01000,0.01000,-56.93000,57.44000
-0.00000,0.00000,-0.01000,0.00000,0.00000,-0.01000,0.01000,-56.93000,57.44000
-0.00000,0.00000,-0.01000,0.00000,0.00000,-0.01000,0.01000,-57.01000,57.52000
-0.00000,0.00000,-0.01000,0.00000,0.00000,-0.01000,0.01000,-57.01000,57.52000
-0.00000,0.00000,-0.01000,0.00000,0.00000,-0.01000,0.01000,-57.08000,57.59000
-0.00000,0.00000,-0.01000,0.00000,0.00000,-0.01000,0.01000,-57.08000,57.59000
-0.00000,0.00000,-0.01000,0.00000,0.00000,-0.01000,0.01000,-57.16000,57.67000
-0.00000,0.00000,-0.01000,0.00000,0.00000,-0.01000,0.01000,-57.16000,57.67000
-0.00000,0.00000,-0.01000,0.00000,0.00000,-0.01000,0.01000,-57.24000,57.75000
-0.00000,0.00000,-0.01000,0.00000,0.00000,-0.01000,0.01000,-57.24000,57.75000
-0.00000,0.00000,-0.01000,0.00000,0.00000,-0.01000,0.01000,-57.32000,57.83000
-0.00000,0.00000,-0.01000,0.00000,0.00000,-0.01000,0.01000,-57.32000,57.83000
-0.00000,0.00000,-0.01000,0.00000,0.00000,-0.01000,0.01000,-57.40000,57.90000
-0.00000,0.00000,-0.01000,0.00000,0.00000,-0.01000,0.01000,-57.40000,57.90000
-0.00000,0.00000,-0.01000,0.00000,0.00000,-0.01000,0.01000,-57.47000,57.98000
-0.00000,0.00000,-0.01000,0.00000,0.00000,-0.01000,0.01000,-57.47000,57.98000
-0.00000,0.00000,-0.01000,0.00000,0.00000,-0.01000,0.01000,-57.55000,58.06000
-0.00000,0.00000,-0.01000,0.00000,0.00000,-0.01000,0.01000,-57.55000,58.06000
-0.00000,0.00000,-0.01000,0.00000,0.00000,-0.01000,0.01000,-57.63000,58.13000
-0.00000,0.00000,-0.01000,0.00000,0.00000,-0.01000,0.01000,-57.63000,58.13000
-0.00000,0.00000,-0.01000,0.00000,0.00000,-0.01000,0.01000,-57.71000,58.21000
-0.00000,0.00000,-0.01000,0.00000,0.00000,-0.01000,0.01000,-57.71000,58.21000
-0.00000,0.00000,-0.01000,0.00000,0.00000,-0.01000,0.01000,-57.79000,58.29000
-0.00000,0.00000,-0.01000,0.00000,0.00000,-0.01000,0.01000,-57.79000,58.29000
-0.00000,0.00000,-0.01000,0.00000,0.00000,-0.01000,0.01000,-57.86000,58.37000
-0.00000,0.00000,-0.01000,0.00000,0.00000,-0.01000,0.01000,-57.86000,58.37000
-0.00000,0.00000,-0.01000,0.00000,0.00000,-0.01000,0.01000,-57.94000,58.44000
-0.00000,0.00000,-0.01000,0.00000,0.00000,-0.01000,0.01000,-57.94000,58.44000
-0.00000,0.00000,-0.01000,0.00000,0.00000,-0.01000,0.01000,-58.02000,58.52000
-0.00000,0.00000,-0.01000,0.00000,0.00000,-0.01000,0.01000,-58.02000,58.52000
-0.00000,0.00000,-0.01000,0.00000,0.00000,-0.01000,0.01000,-58.10000,58.60000
-0.00000,0.00000,-0.01000,0.00000,0.00000,-0.01000,0.01000,-58.10000,58.60000
-0.00000,0.00000,-0.01000,0.00000,0.00000,-0.01000,0.01000,-58.18000,58.68000
-0.00000,0.00000,-0.01000,0.00000,0.00000,-0.01000,0.01000,-58.18000,58.68000
-0.00000,0.00000,-0.01000,0.00000,0.00000,-0.01000,0.01000,-58.25000,58.75000
-0.00000,0.00000,-0.01000,0.00000,0.00000,-0.01000,0.01000,-58.25000,58.75000
-0.00000,0.00000,-0.01000,0.00000,0.00000,-0.01000,0.01000,-58.33000,58.83000
-0.00000,0.00000,-0.01000,-0.02000,0.00000,-0.01000,0.01000,-58.33000,58.83000
-0.00000,0.00000,-0.01000,0.00000,0.00000,-0.01000,0.01000,-58.10000,58.91000
-0.00000,0.00000,-0.01000,0.00000,0.00000,-0.01000,0.01000,-58.10000,58.91000
-0.00000,0.00000,-0.01000,0.00000,0.00000,-0.01000,0.01000,-58.37000,58.99000
-0.00000,0.00000,-0.01000,0.00000,0.00000,-0.01000,0.01000,-58.37000,58.99000
-0.00000,0.00000,-0.01000,0.00000,0.00000,-0.01000,0.01000,-58.45000,59.07000
-0.00000,0.00000,-0.01000,0.00000,0.00000,-0.01000,0.01000,-58.45000,59.07000
-0.00000,0.00000,-0.01000,0.00000,0.00000,-0.01000,0.01000,-58.53000,59.15000
-0.00000,0.00000,-0.01000,0.00000,0.00000,-0.01000,0.01000,-58.53000,59.15000
-0.00000,0.00000,-0.01000,0.00000,0.00000,-0.01000,0.01000,-58.61000,59.23000
-0.00000,0.00000,-0.01000,0.00000,0.00000,-0.01000,0.01000,-58.61000,59.23000
-0.00000,0.00000,-0.01000,0.00000,0.00000,-0.01000,0.01000,-58.69000,59.31000
-0.00000,0.00000,-0.01000,0.00000,0.00000,-0.01000,0.01000,-58.69000,59.31000
-0.00000,0.00000,-0.01000,0.00000,0.00000,-0.01000,0.01000,-58.77000,59.39000
-0.00000,0.00000,-0.01000,0.00000,0.00000,-0.01000,0.01000,-58.77000,59.39000
-0.00000,0.00000,-0.01000,0.00000,0.00000,-0.01000,0.01000,-58.85000,59.47000
-0.00000,0.00000,-0.01000,0.00000,0.00000,-0.01000,0.01000,-58.85000,59.47000
-0.00000,0.00000,-0.01000,0.00000,0.00000,-0.01000,0.01000,-58.93000,59.55000
-0.00000,0.00000,-0.01000,0.00000,0.00000,-0.01000,0.01000,-58.93000,59.55000
-0.00000,0.00000,-0.01000,0.00000,0.00000,-0.01000,0.01000,-59.01000,59.63000
-0.00000,0.00000,-0.01000,0.00000,0.00000,-0.01000,0.01000,-59.01000,59.63000
-0.00000,0.00000,-0.01000,0.00000,0.00000,-0.01000,0.01000,-59.09000,59.71000
-0.00000,0.00000,-0.01000,0.00000,0.00000,-0.01000,0.01000,-59.09000,59.71000
-0.00000,0.00000,-0.01000,0.00000,0.00000,-0.01000,0.01000,-59.17000,59.79000
-0.00000,0.00000,-0.01000,0.00000,0.00000,-0.01000,0.01000,-59.17000,59.79000
-0.00000,0.00000,-0.01000,0.00000,0.00000,-0.01000,0.01000,-59.26000,59.87000
-0.00000,0.00000,-0.01000,0.00000,0.00000,-0.01000,0.01000,-59.26000,59.87000
-0.00000,0.00000,-0.01000,0.00000,0.00000,-0.01000,0.01000,-59.34000,59.95000
-0.00000,0.00000,-0.01000,0.00000,0.00000,-0.01000,0.01000,-59.34000,59.95000
-0.00000,0.00000,-0.01000,0.00000,0.00000,-0.01000,0.01000,-59.42000,60.03000
-0.00000,0.00000,-0.01000,0.00000,0.00000,-0.01000,0.01000,-59.42000,60.03000
-0.00000,0.00000,-0.01000,0.00000,0.00000,-0.01000,0.01000,-59.50000,60.11000
-0.00000,0.00000,-0.01000,0.00000,0.00000,-0.01000,0.01000,-59.50000,60.11000
-0.00000,0.00000,-0.01000,0.00000,0.00000,-0.01000,0.01000,-59.58000,60.19000
-0.00000,0.00000,-0.01000,0.00000,0.00000,-0.01000,0.01000,-59.58000,60.19000
-0.00000,0.00000,-0.01000,0.00000,0.00000,-0.01000,0.01000,-59.66000,60.27000
-0.00000,0.00000,-0.01000,0.00000,0.00000,-0.01000,0.01000,-59.66000,60.27000
-0.00000,0.00000,-0.01000,0.00000,0.00000,-0.01000,0.01000,-59.74000,60.35000
-0.00000,0.00000,-0.01000,0.00000,0.00000,-0.01000,0.01000,-59.74000,60.35000
-0.00000,0.00000,-0.01000,0.00000,0.00000,-0.01000,0.01000,-59.82000,60.43000
-0.00000,0.00000,-0.01000,0.00000,0.00000,-0.01000,0.01000,-59.82000,60.43000
-0.00000,0.00000,-0.01000,-0.02000,0.00000,-0.01000,0.01000,-59.90000,60.51000
-0.00000,0.00000,-0.01000,0.00000,0.00000,-0.01000,0.01000,-59.90000,60.51000
-0.00000,0.00000,-0.01000,0.00000,0.00000,-0.01000,0.01000,-59.98000,60.59000
-0.00000,0.00000,-0.01000,-0.02000,0.00000,-0.01000,0.01000,-59.98000,60.59000
-0.00000,0.00000,-0.01000,-0.02000,0.00000,-0.01000,0.01000,-59.76000,60.68000
-0.00000,0.00000,-0.01000,-0.02000,0.00000,-0.01000,0.01000,-59.76000,60.68000
-0.00000,0.00000,-0.01000,-0.02000,0.00000,-0.01000,0.01000,-59.73000,60.77000
-0.00000,0.00000,-0.01000,0.00000,0.00000,-0.02000,0.02000,-59.73000,60.77000
-0.00000,0.00000,-0.01000,-0.02000,0.00000,-0.02000,0.02000,-60.01000,60.87000
-0.00000,0.00000,-0.01000,-0.02000,0.00000,-0.02000,0.02000,-60.01000,60.87000
-0.00000,0.00000,-0.01000,0.00000,0.00000,-0.02000,0.02000,-59.80000,60.97000
-0.00000,0.00000,-0.01000,0.00000,0.00000,-0.02000,0.02000,-59.80000,60.97000
-0.00000,0.00000,-0.01000,0.00000,0.00000,-0.02000,0.02000,-60.09000,61.06000
-0.00000,0.00000,-0.01000,0.00000,0.00000,-0.02000,0.02000,-60.09000,61.06000
-0.00000,0.00000,-0.01000,0.00000,0.00000,-0.02000,0.02000,-60.18000,61.16000
-0.00000,0.00000,-0.01000,0.00000,0.00000,-0.02000,0.02000,-60.18000,61.16000
-0.00000,0.00000,-0.01000,0.00000,0.00000,-0.02000,0.02000,-60.28000,61.25000
-0.00000,0.00000,-0.01000,0.00000,0.00000,-0.02000,0.02000,-60.28000,61.25000
-0.00000,0.00000,-0.01000,0.00000,0.00000,-0.02000,0.02000,-60.37000,61.35000
-0.00000,0.00000,-0.01000,0.00000,0.00000,-0.02000,0.02000,-60.37000,61.35000
-0.00000,0.00000,-0.01000,0.00000,0.00000,-0.02000,0.02000,-60.47000,61.44000
-0.00000,0.00000,-0.01000,0.00000,0.00000,-0.02000,0.02000,-60.47000,61.44000
-0.00000,0.00000,-0.01000,0.00000,0.00000,-0.02000,0.02000,-60.56000,61.54000
-0.00000,0.00000,-0.01000,0.00000,0.00000,-0.02000,0.02000,-60.56000,61.54000
-0.00000,0.00000,-0.01000,0.00000,0.00000,-0.02000,0.02000,-60.66000,61.63000
-0.00000,0.00000,-0.01000,0.00000,0.00000,-0.02000,0.02000,-60.66000,61.63000
-0.00000,0.00000,-0.01000,0.00000,0.00000,-0.02000,0.02000,-60.76000,61.73000
-0.00000,0.00000,-0.01000,0.00000,0.00000,-0.02000,0.02000,-60.76000,61.73000
-0.00000,0.00000,-0.01000,0.00000,0.00000,-0.02000,0.02000,-60.85000,61.82000
-0.00000,0.00000,-0.01000,0.00000,0.00000,-0.02000,0.02000,-60.85000,61.82000
-0.00000,0.00000,-0.01000,0.00000,0.00000,-0.02000,0.02000,-60.95000,61.92000
-0.00000,0.00000,-0.01000,0.00000,0.00000,-0.02000,0.02000,-60.95000,61.92000
-0.00000,0.00000,-0.01000,0.00000,0.00000,-0.02000,0.02000,-61.04000,62.01000
-0.00000,0.00000,-0.01000,0.00000,0.00000,-0.02000,0.02000,-61.04000,62.01000
-0.00000,0.00000,-0.01000,0.00000,0.00000,-0.02000,0.02000,-61.14000,62.11000
-0.00000,0.00000,-0.01000,0.00000,0.00000,-0.02000,0.02000,-61.14000,62.11000
-0.00000,0.00000,-0.01000,0.00000,0.00000,-0.02000,0.02000,-61.24000,62.20000
-0.00000,0.00000,-0.01000,0.00000,0.00000,-0.02000,0.02000,-61.24000,62.20000
-0.00000,0.00000,-0.01000,0.00000,0.00000,-0.02000,0.02000,-61.33000,62.30000
-0.00000,0.00000,-0.01000,0.00000,0.00000,-0.02000,0.02000,-61.33000,62.30000
-0.00000,0.00000,-0.01000,0.00000,0.00000,-0.02000,0.02000,-61.43000,62.39000
-0.00000,0.00000,-0.01000,0.00000,0.00000,-0.02000,0.02000,-61.43000,62.39000
-0.00000,0.00000,-0.01000,0.00000,0.00000,-0.02000,0.02000,-61.52000,62.49000
-0.00000,0.00000,-0.01000,0.00000,0.00000,-0.02000,0.02000,-61.52000,62.49000
-0.00000,0.00000,-0.01000,0.00000,0.00000,-0.02000,0.02000,-61.62000,62.58000
-0.00000,0.00000,-0.01000,0.00000,0.00000,-0.02000,0.02000,-61.62000,62.58000
-0.00000,0.00000,-0.01000,0.00000,0.00000,-0.02000,0.02000,-61.71000,62.68000
-0.00000,0.00000,-0.01000,0.00000,0.00000,-0.02000,0.02000,-61.71000,62.68000
-0.00000,0.00000,-0.01000,0.00000,0.00000,-0.02000,0.02000,-61.81000,62.77000
-0.00000,0.00000,-0.01000,0.00000,0.00000,-0.02000,0.02000,-61.81000,62.77000
-0.00000,0.00000,-0.01000,0.00000,0.00000,-0.02000,0.02000,-61.91000,62.87000
-0.00000,0.00000,-0.01000,0.00000,0.00000,-0.02000,0.02000,-61.91000,62.87000
-0.00000,0.00000,-0.01000,0.00000,0.00000,-0.02000,0.02000,-62.00000,62.96000
-0.00000,0.00000,-0.01000,0.00000,0.00000,-0.02000,0.02000,-62.00000,62.96000
-0.00000,0.00000,-0.01000,0.00000,0.00000,-0.02000,0.02000,-62.10000,63.06000
-0.00000,0.00000,-0.01000,0.00000,0.00000,-0.02000,0.02000,-62.10000,63.06000
-0.00000,0.00000,-0.01000,0.00000,0.00000,-0.02000,0.02000,-62.19000,63.15000
-0.00000,0.00000,-0.01000,0.00000,0.00000,-0.02000,0.02000,-62.19000,63.15000
-0.00000,0.00000,-0.01000,0.00000,0.00000,-0.02000,0.02000,-62.29000,63.25000
-0.00000,0.00000,-0.01000,0.00000,0.00000,-0.02000,0.02000,-62.29000,63.25000
-0.00000,0.00000,-0.01000,0.00000,0.00000,-0.02000,0.02000,-62.38000,63.34000
-0.00000,0.00000,-0.01000,0.00000,0.00000,-0.02000,0.02000,-62.38000,63.34000
-0.00000,0.00000,-0.01000,0.00000,0.00000,-0.02000,0.02000,-62.48000,63.44000
-0.00000,0.00000,-0.01000,0.00000,0.00000,-0.02000,0.02000,-62.48000,63.44000
-0.00000,0.00000,-0.01000,0.00000,0.00000,-0.02000,0.02000,-62.58000,63.53000
-0.00000,0.00000,-0.01000,0.00000,0.00000,-0.02000,0.02000,-62.58000,63.53000
-0.00000,0.00000,-0.01000,0.00000,0.00000,-0.02000,0.02000,-62.67000,63.63000
-0.00000,0.00000,-0.01000,0.00000,0.00000,-0.02000,0.02000,-62.67000,63.63000
-0.00000,0.00000,-0.01000,0.00000,0.00000,-0.02000,0.02000,-62.77000,63.72000
-0.00000,0.00000,-0.01000,0.00000,0.00000,-0.02000,0.02000,-62.77000,63.72000
-0.00000,0.00000,-0.01000,0.00000,0.00000,-0.02000,0.02000,-62.86000,63.82000
-0.00000,0.00000,-0.01000,0.00000,0.00000,-0.02000,0.02000,-62.86000,63.82000
-0.00000,0.00000,-0.01000,0.00000,0.00000,-0.02000,0.02000,-62.96000,63.91000
-0.00000,0.00000,-0.01000,0.00000,0.00000,-0.02000,0.02000,-62.96000,63.91000
-0.00000,0.00000,-0.01000,0.00000,0.00000,-0.02000,0.02000,-63.05000,64.01000
-0.00000,0.00000,-0.01000,0.00000,0.00000,-0.02000,0.02000,-63.05000,64.01000
-0.00000,0.00000,-0.01000,0.00000,0.00000,-0.02000,0.02000,-63.15000,64.10000
-0.00000,0.00000,-0.01000,0.00000,0.00000,-0.02000,0.02000,-63.15000,64.10000
-0.00000,0.00000,-0.01000,0.00000,0.00000,-0.02000,0.02000,-63.25000,64.20000
-0.00000,0.00000,-0.01000,0.00000,0.00000,-0.02000,0.02000,-63.25000,64.20000
-0.00000,0.00000,-0.01000,0.00000,0.00000,-0.02000,0.02000,-63.34000,64.29000
-0.00000,0.00000,-0.01000,0.00000,0.00000,-0.02000,0.02000,-63.34000,64.29000
-0.00000,0.00000,-0.01000,0.00000,0.00000,-0.02000,0.02000,-63.44000,64.39000
-0.00000,0.00000,-0.01000,0.00000,0.00000,-0.02000,0.02000,-63.44000,64.39000
-0.00000,0.00000,-0.01000,0.00000,0.00000,-0.02000,0.02000,-63.53000,64.48000
-0.00000,0.00000,-0.01000,0.00000,0.00000,-0.02000,0.02000,-63.53000,64.48000
-0.00000,0.00000,-0.01000,0.00000,0.00000,-0.02000,0.02000,-63.63000,64.58000
-0.00000,0.00000,-0.01000,0.00000,0.00000,-0.02000,0.02000,-63.63000,64.58000
-0.00000,0.00000,-0.01000,0.00000,0.00000,-0.02000,0.02000,-63.72000,64.67000
-0.00000,0.00000,-0.01000,0.00000,0.00000,-0.02000,0.02000,-63.72000,64.67000
-0.00000,0.00000,-0.01000,0.00000,0.00000,-0.02000,0.02000,-63.82000,64.77000
-0.00000,0.00000,-0.01000,0.00000,0.00000,-0.02000,0.02000,-63.82000,64.77000
-0.00000,0.00000,-0.01000,0.00000,0.00000,-0.02000,0.02000,-63.92000,64.86000
-0.00000,0.00000,-0.01000,0.00000,0.00000,-0.02000,0.02000,-63.92000,64.86000
-0.00000,0.00000,-0.01000,0.00000,0.00000,-0.02000,0.02000,-64.01000,64.96000
-0.00000,0.00000,-0.01000,0.00000,0.00000,-0.02000,0.02000,-64.01000,64.96000
-0.00000,0.00000,-0.01000,0.00000,0.00000,-0.02000,0.02000,-64.11000,65.05000
-0.00000,0.00000,-0.01000,0.00000,0.00000,-0.02000,0.02000,-64.11000,65.05000
-0.00000,0.00000,-0.01000,0.00000,0.00000,-0.02000,0.02000,-64.20000,65.15000
-0.00000,0.00000,-0.01000,0.00000,0.00000,-0.02000,0.02000,-64.20000,65.15000
-0.00000,0.00000,-0.01000,0.00000,0.00000,-0.02000,0.02000,-64.30000,65.24000
-0.00000,0.00000,-0.01000,0.00000,0.00000,-0.02000,0.02000,-64.30000,65.24000
-0.00000,0.00000,-0.01000,0.00000,0.00000,-0.02000,0.02000,-64.40000,65.34000
-0.00000,0.00000,-0.01000,0.00000,0.00000,-0.02000,0.02000,-64.40000,65.34000
-0.00000,0.00000,-0.01000,0.00000,0.00000,-0.02000,0.02000,-64.49000,65.43000
-0.00000,0.00000,-0.01000,0.00000,0.00000,-0.02000,0.02000,-64.49000,65.43000
-0.00000,0.00000,-0.01000,0.00000,0.00000,-0.02000,0.02000,-64.59000,65.53000
-0.00000,0.00000,-0.01000,0.00000,0.00000,-0.02000,0.02000,-64.59000,65.53000
-0.00000,0.00000,-0.01000,0.00000,0.00000,-0.02000,0.02000,-64.68000,65.62000
-0.00000,0.00000,-0.01000,0.00000,0.00000,-0.02000,0.02000,-64.68000,65.62000
-0.00000,0.00000,-0.01000,0.00000,0.00000,-0.02000,0.02000,-64.78000,65.72000
-0.00000,0.00000,-0.01000,0.00000,0.00000,-0.02000,0.02000,-64.78000,65.72000
-0.00000,0.00000,-0.01000,0.00000,0.00000,-0.02000,0.02000,-64.87000,65.81000
-0.00000,0.00000,-0.01000,0.00000,0.00000,-0.02000,0.02000,-64.87000,65.81000
-0.00000,0.00000,-0.01000,0.00000,0.00000,-0.02000,0.02000,-64.97000,65.91000
-0.00000,0.00000,-0.01000,0.00000,0.00000,-0.02000,0.02000,-64.97000,65.91000
-0.00000,0.00000,-0.01000,0.00000,0.00000,-0.02000,0.02000,-65.07000,66.00000
-0.00000,0.00000,-0.01000,0.00000,0.00000,-0.02000,0.02000,-65.07000,66.00000
-0.00000,0.00000,-0.01000,0.00000,0.00000,-0.02000,0.02000,-65.16000,66.10000
-0.00000,0.00000,-0.01000,0.00000,0.00000,-0.02000,0.02000,-65.16000,66.10000
-0.00000,0.00000,-0.01000,0.00000,0.00000,-0.02000,0.02000,-65.26000,66.19000
-0.00000,0.00000,-0.01000,0.00000,0.00000,-0.02000,0.02000,-65.26000,66.19000
-0.00000,0.00000,-0.01000,0.00000,0.00000,-0.02000,0.02000,-65.35000,66.29000
-0.00000,0.00000,-0.01000,0.00000,0.00000,-0.02000,0.02000,-65.35000,66.29000
-0.00000,0.00000,-0.01000,0.00000,0.00000,-0.02000,0.02000,-65.45000,66.38000
-0.00000,0.00000,-0.01000,0.00000,0.00000,-0.02000,0.02000,-65.45000,66.38000
-0.00000,0.00000,-0.01000,0.00000,0.00000,-0.02000,0.02000,-65.54000,66.48000
-0.00000,0.00000,-0.01000,0.00000,0.00000,-0.02000,0.02000,-65.54000,66.48000
-0.00000,0.00000,-0.01000,0.00000,0.00000,-0.02000,0.02000,-65.64000,66.57000
-0.00000,0.00000,-0.01000,0.00000,0.00000,-0.02000,0.02000,-65.64000,66.57000
-0.00000,0.00000,-0.01000,0.00000,0.00000,-0.02000,0.02000,-65.74000,66.67000
-0.00000,0.00000,-0.01000,0.00000,0.00000,-0.02000,0.02000,-65.74000,66.67000
-0.00000,0.00000,-0.01000,0.00000,0.00000,-0.02000,0.02000,-65.83000,66.76000
-0.00000,0.00000,-0.01000,0.00000,0.00000,-0.02000,0.02000,-65.83000,66.76000
-0.00000,0.00000,-0.01000,0.00000,0.00000,-0.02000,0.02000,-65.93000,66.86000
-0.00000,0.00000,-0.01000,0.00000,0.00000,-0.02000,0.02000,-65.93000,66.86000
-0.00000,0.00000,-0.01000,0.00000,0.00000,-0.02000,0.02000,-66.02000,66.95000
-0.00000,0.00000,-0.01000,0.00000,0.00000,-0.02000,0.02000,-66.02000,66.95000
-0.00000,0.00000,-0.01000,0.00000,0.00000,-0.02000,0.02000,-66.12000,67.05000
-0.00000,0.00000,-0.01000,0.00000,0.00000,-0.02000,0.02000,-66.12000,67.05000
-0.00000,0.00000,-0.01000,0.00000,0.00000,-0.02000,0.02000,-66.21000,67.14000
-0.00000,0.00000,-0.01000,0.00000,0.00000,-0.02000,0.02000,-66.21000,67.14000
-0.00000,0.00000,-0.01000,0.00000,0.00000,-0.02000,0.02000,-66.31000,67.24000
-0.00000,0.00000,-0.01000,0.00000,0.00000,-0.02000,0.02000,-66.31000,67.24000
-0.00000,0.00000,-0.01000,0.00000,0.00000,-0.02000,0.02000,-66.41000,67.33000
-0.00000,0.00000,-0.01000,0.00000,0.00000,-0.02000,0.02000,-66.41000,67.33000
-0.00000,0.00000,-0.01000,0.00000,0.00000,-0.02000,0.02000,-66.50000,67.43000
-0.00000,0.00000,-0.01000,0.00000,0.00000,-0.02000,0.02000,-66.50000,67.43000
-0.00000,0.00000,-0.01000,0.00000,0.00000,-0.02000,0.02000,-66.60000,67.52000
-0.00000,0.00000,-0.01000,0.00000,0.00000,-0.02000,0.02000,-66.60000,67.52000
-0.00000,0.00000,-0.01000,0.00000,0.00000,-0.02000,0.02000,-66.69000,67.62000
-0.00000,0.00000,-0.01000,0.00000,0.00000,-0.02000,0.02000,-66.69000,67.62000
-0.00000,0.00000,-0.01000,0.00000,0.00000,-0.02000,0.02000,-66.79000,67.71000
-0.00000,0.00000,-0.01000,0.00000,0.00000,-0.02000,0.02000,-66.79000,67.71000
-0.00000,0.00000,-0.01000,0.00000,0.00000,-0.02000,0.02000,-66.88000,67.81000
-0.00000,0.00000,-0.01000,0.00000,0.00000,-0.02000,0.02000,-66.88000,67.81000
-0.00000,0.00000,-0.01000,0.00000,0.00000,-0.02000,0.02000,-66.98000,67.90000
-0.00000,0.00000,-0.01000,0.00000,0.00000,-0.02000,0.02000,-66.98000,67.90000
-0.00000,0.00000,-0.01000,0.00000,0.00000,-0.02000,0.02000,-67.08000,68.00000
-0.00000,0.00000,-0.01000,0.00000,0.00000,-0.02000,0.02000,-67.08000,68.00000
-0.00000,0.00000,-0.01000,0.00000,0.00000,-0.02000,0.02000,-67.17000,68.09000
-0.00000,0.00000,-0.01000,0.00000,0.00000,-0.02000,0.02000,-67.17000,68.09000
-0.00000,0.00000,-0.01000,0.00000,0.00000,-0.02000,0.02000,-67.27000,68.19000
-0.00000,0.00000,-0.01000,0.00000,0.00000,-0.02000,0.02000,-67.27000,68.19000
-0.00000,0.00000,-0.01000,0.00000,0.00000,-0.02000,0.02000,-67.36000,68.28000
-0.00000,0.00000,-0.01000,0.00000,0.00000,-0.02000,0.02000,-67.36000,68.28000
-0.00000,0.00000,-0.01000,0.00000,0.00000,-0.02000,0.02000,-67.46000,68.38000
-0.00000,0.00000,-0.01000,0.00000,0.00000,-0.02000,0.02000,-67.46000,68.38000
-0.00000,0.00000,-0.01000,0.00000,0.00000,-0.02000,0.02000,-67.56000,68.47000
-0.00000,0.00000,-0.01000,0.00000,0.00000,-0.02000,0.02000,-67.56000,68.47000
-0.00000,0.00000,-0.01000,0.00000,0.00000,-0.02000,0.02000,-67.65000,68.57000
-0.00000,0.00000,-0.01000,0.00000,0.00000,-0.02000,0.02000,-67.65000,68.57000
-0.00000,0.00000,-0.01000,0.00000,0.00000,-0.02000,0.02000,-67.75000,68.66000
-0.00000,0.00000,-0.01000,0.00000,0.00000,-0.02000,0.02000,-67.75000,68.66000
-0.00000,0.00000,-0.01000,0.00000,0.00000,-0.02000,0.02000,-67.84000,68.76000
-0.00000,0.00000,-0.01000,0.00000,0.00000,-0.02000,0.02000,-67.84000,68.76000
-0.00000,0.00000,-0.01000,0.00000,0.00000,-0.02000,0.02000,-67.94000,68.85000
-0.00000,0.00000,-0.01000,0.00000,0.00000,-0.02000,0.02000,-67.94000,68.85000
-0.00000,0.00000,-0.01000,0.00000,0.00000,-0.02000,0.02000,-68.03000,68.95000
-0.00000,0.00000,-0.01000,0.00000,0.00000,-0.02000,0.02000,-68.03000,68.95000
-0.00000,0.00000,-0.01000,0.00000,0.00000,-0.02000,0.02000,-68.13000,69.04000
-0.00000,0.00000,-0.01000,0.00000,0.00000,-0.02000,0.02000,-68.13000,69.04000
-0.00000,0.00000,-0.01000,0.00000,0.00000,-0.02000,0.02000,-68.23000,69.14000
-0.00000,0.00000,-0.01000,0.00000,0.00000,-0.02000,0.02000,-68.23000,69.14000
-0.00000,0.00000,-0.01000,0.00000,0.00000,-0.02000,0.02000,-68.32000,69.23000
-0.00000,0.00000,-0.01000,0.00000,0.00000,-0.02000,0.02000,-68.32000,69.23000
-0.00000,0.00000,-0.01000,0.00000,0.00000,-0.02000,0.02000,-68.42000,69.33000
-0.00000,0.00000,-0.01000,0.00000,0.00000,-0.02000,0.02000,-68.42000,69.33000
-0.00000,0.00000,-0.01000,0.00000,0.00000,-0.02000,0.02000,-68.51000,69.42000
-0.00000,0.00000,-0.01000,0.00000,0.00000,-0.02000,0.02000,-68.51000,69.42000
-0.00000,0.00000,-0.01000,0.00000,0.00000,-0.02000,0.02000,-68.61000,69.52000
-0.00000,0.00000,-0.01000,0.00000,0.00000,-0.02000,0.02000,-68.61000,69.52000
-0.00000,0.00000,-0.01000,0.00000,0.00000,-0.02000,0.02000,-68.70000,69.61000
-0.00000,0.00000,-0.01000,0.00000,0.00000,-0.02000,0.02000,-68.70000,69.61000
-0.00000,0.00000,-0.01000,0.00000,0.00000,-0.02000,0.02000,-68.80000,69.71000
-0.00000,0.00000,-0.01000,0.00000,0.00000,-0.02000,0.02000,-68.80000,69.71000
-0.00000,0.00000,-0.01000,0.00000,0.00000,-0.02000,0.02000,-68.90000,69.80000
-0.00000,0.00000,-0.01000,0.00000,0.00000,-0.02000,0.02000,-68.90000,69.80000
-0.00000,0.00000,-0.01000,0.00000,0.00000,-0.02000,0.02000,-68.99000,69.90000
-0.00000,0.00000,-0.01000,0.00000,0.00000,-0.02000,0.02000,-68.99000,69.90000
-0.00000,0.00000,-0.01000,0.00000,0.00000,-0.02000,0.02000,-69.09000,69.99000
-0.00000,0.00000,-0.01000,0.00000,0.00000,-0.02000,0.02000,-69.09000,69.99000
-0.00000,0.00000,-0.01000,0.00000,0.00000,-0.02000,0.02000,-69.18000,70.09000
-0.00000,0.00000,-0.01000,0.00000,0.00000,-0.02000,0.02000,-69.18000,70.09000
-0.00000,0.00000,-0.01000,0.00000,0.00000,-0.02000,0.02000,-69.28000,70.18000
-0.00000,0.00000,-0.01000,0.00000,0.00000,-0.02000,0.02000,-69.28000,70.18000
-0.00000,0.00000,-0.01000,0.00000,0.00000,-0.02000,0.02000,-69.37000,70.28000
-0.00000,0.00000,-0.01000,0.00000,0.00000,-0.02000,0.02000,-69.37000,70.28000
-0.00000,0.00000,-0.01000,0.00000,0.00000,-0.02000,0.02000,-69.47000,70.37000
-0.00000,0.00000,-0.01000,0.00000,0.00000,-0.02000,0.02000,-69.47000,70.37000
-0.00000,0.00000,-0.01000,0.00000,0.00000,-0.02000,0.02000,-69.57000,70.47000
-0.00000,0.00000,-0.01000,0.00000,0.00000,-0.02000,0.02000,-69.57000,70.47000
-0.00000,0.00000,-0.01000,0.00000,0.00000,-0.02000,0.02000,-69.66000,70.56000
-0.00000,0.00000,-0.01000,0.00000,0.00000,-0.02000,0.02000,-69.66000,70.56000
-0.00000,0.00000,-0.01000,0.00000,0.00000,-0.02000,0.02000,-69.76000,70.66000
-0.00000,0.00000,-0.01000,0.00000,0.00000,-0.02000,0.02000,-69.76000,70.66000
-0.00000,0.00000,-0.01000,0.00000,0.00000,-0.02000,0.02000,-69.85000,70.75000
-0.00000,0.00000,-0.01000,0.00000,0.00000,-0.02000,0.02000,-69.85000,70.75000
-0.00000,0.00000,-0.01000,0.00000,0.00000,-0.02000,0.02000,-69.95000,70.85000
-0.00000,0.00000,-0.01000,0.00000,0.00000,-0.02000,0.02000,-69.95000,70.85000
-0.00000,0.00000,-0.01000,0.00000,0.00000,-0.02000,0.02000,-70.04000,70.94000
-0.00000,0.00000,-0.01000,0.00000,0.00000,-0.02000,0.02000,-70.04000,70.94000
-0.00000,0.00000,-0.01000,0.00000,0.00000,-0.02000,0.02000,-70.14000,71.04000
-0.00000,0.00000,-0.01000,0.00000,0.00000,-0.02000,0.02000,-70.14000,71.04000
-0.00000,0.00000,-0.01000,0.00000,0.00000,-0.02000,0.02000,-70.24000,71.13000
-0.00000,0.00000,-0.01000,0.00000,0.00000,-0.02000,0.02000,-70.24000,71.13000
-0.00000,0.00000,-0.01000,0.00000,0.00000,-0.02000,0.02000,-70.33000,71.23000
-0.00000,0.00000,-0.01000,0.00000,0.00000,-0.02000,0.02000,-70.33000,71.23000
-0.00000,0.00000,-0.01000,0.00000,0.00000,-0.02000,0.02000,-70.43000,71.32000
-0.00000,0.00000,-0.01000,0.00000,0.00000,-0.02000,0.02000,-70.43000,71.32000
-0.00000,0.00000,-0.01000,0.00000,0.00000,-0.02000,0.02000,-70.52000,71.42000
-0.00000,0.00000,-0.01000,0.00000,0.00000,-0.02000,0.02000,-70.52000,71.42000
-0.00000,0.00000,-0.01000,0.00000,0.00000,-0.02000,0.02000,-70.62000,71.51000
-0.00000,0.00000,-0.01000,0.00000,0.00000,-0.02000,0.02000,-70.62000,71.51000
-0.00000,0.00000,-0.01000,0.00000,0.00000,-0.02000,0.02000,-70.72000,71.61000
-0.00000,0.00000,-0.01000,0.00000,0.00000,-0.02000,0.02000,-70.72000,71.61000
-0.00000,0.00000,-0.01000,0.00000,0.00000,-0.02000,0.02000,-70.81000,71.70000
-0.00000,0.00000,-0.01000,0.00000,0.00000,-0.02000,0.02000,-70.81000,71.70000
-0.00000,0.00000,-0.01000,0.00000,0.00000,-0.02000,0.02000,-70.91000,71.80000
-0.00000,0.00000,-0.01000,0.00000,0.00000,-0.02000,0.02000,-70.91000,71.80000
-0.00000,0.00000,-0.01000,0.00000,0.00000,-0.02000,0.02000,-71.00000,71.89000
-0.00000,0.00000,-0.01000,0.00000,0.00000,-0.02000,0.02000,-71.00000,71.89000
-0.00000,0.00000,-0.01000,0.00000,0.00000,-0.02000,0.02000,-71.10000,71.99000
-0.00000,0.00000,-0.01000,0.00000,0.00000,-0.02000,0.02000,-71.10000,71.99000
-0.00000,0.00000,-0.01000,0.00000,0.00000,-0.02000,0.02000,-71.19000,72.08000
-0.00000,0.00000,-0.01000,0.00000,0.00000,-0.02000,0.02000,-71.19000,72.08000
-0.00000,0.00000,-0.01000,0.00000,0.00000,-0.02000,0.02000,-71.29000,72.18000
-0.00000,0.00000,-0.01000,0.00000,0.00000,-0.02000,0.02000,-71.29000,72.18000
-0.00000,0.00000,-0.01000,0.00000,0.00000,-0.02000,0.02000,-71.39000,72.27000
-0.00000,0.00000,-0.01000,0.00000,0.00000,-0.02000,0.02000,-71.39000,72.27000
-0.00000,0.00000,-0.01000,0.00000,0.00000,-0.02000,0.02000,-71.48000,72.37000
-0.00000,0.00000,-0.01000,0.00000,0.00000,-0.02000,0.02000,-71.48000,72.37000
-0.00000,0.00000,-0.01000,0.00000,0.00000,-0.02000,0.02000,-71.58000,72.46000
-0.00000,0.00000,-0.01000,0.00000,0.00000,-0.02000,0.02000,-71.58000,72.46000
-0.00000,0.00000,-0.01000,0.00000,0.00000,-0.02000,0.02000,-71.67000,72.56000
-0.00000,0.00000,-0.01000,0.00000,0.00000,-0.02000,0.02000,-71.67000,72.56000
-0.00000,0.00000,-0.01000,0.00000,0.00000,-0.02000,0.02000,-71.77000,72.65000
-0.00000,0.00000,-0.01000,0.00000,0.00000,-0.02000,0.02000,-71.77000,72.65000
-0.00000,0.00000,-0.01000,0.00000,0.00000,-0.02000,0.02000,-71.86000,72.75000
-0.00000,0.00000,-0.01000,0.00000,0.00000,-0.02000,0.02000,-71.86000,72.75000
-0.00000,0.00000,-0.01000,0.00000,0.00000,-0.02000,0.02000,-71.96000,72.84000
-0.00000,0.00000,-0.01000,0.00000,0.00000,-0.02000,0.02000,-71.96000,72.84000
-0.00000,0.00000,-0.01000,0.00000,0.00000,-0.02000,0.02000,-72.06000,72.94000
-0.00000,0.00000,-0.01000,0.00000,0.00000,-0.02000,0.02000,-72.06000,72.94000
-0.00000,0.00000,-0.01000,0.00000,0.00000,-0.02000,0.02000,-72.15000,73.03000
-0.00000,0.00000,-0.01000,0.00000,0.00000,-0.02000,0.02000,-72.15000,73.03000
-0.00000,0.00000,-0.01000,0.00000,0.00000,-0.02000,0.02000,-72.25000,73.13000
-0.00000,0.00000,-0.01000,0.00000,0.00000,-0.02000,0.02000,-72.25000,73.13000
-0.00000,0.00000,-0.01000,0.00000,0.00000,-0.02000,0.02000,-72.34000,73.22000
-0.00000,0.00000,-0.01000,0.00000,0.00000,-0.02000,0.02000,-72.34000,73.22000
-0.00000,0.00000,-0.01000,0.00000,0.00000,-0.02000,0.02000,-72.44000,73.32000
-0.00000,0.00000,-0.01000,0.00000,0.00000,-0.02000,0.02000,-72.44000,73.32000
-0.00000,0.00000,-0.01000,0.00000,0.00000,-0.02000,0.02000,-72.53000,73.41000
-0.00000,0.00000,-0.01000,0.00000,0.00000,-0.02000,0.02000,-72.53000,73.41000
-0.00000,0.00000,-0.01000,0.00000,0.00000,-0.02000,0.02000,-72.63000,73.51000
-0.00000,0.00000,-0.01000,0.00000,0.00000,-0.02000,0.02000,-72.63000,73.51000
-0.00000,0.00000,-0.01000,-0.02000,0.00000,-0.02000,0.02000,-72.73000,73.60000
-0.00000,0.00000,-0.01000,0.00000,0.00000,-0.02000,0.02000,-72.73000,73.60000
-0.00000,0.00000,-0.01000,0.00000,0.00000,-0.02000,0.02000,-72.83000,73.70000
-0.00000,0.00000,-0.01000,0.00000,0.00000,-0.02000,0.02000,-72.83000,73.70000
-0.00000,0.00000,-0.01000,0.00000,0.00000,-0.02000,0.02000,-72.93000,73.80000
-0.00000,0.00000,-0.01000,0.00000,0.00000,-0.02000,0.02000,-72.93000,73.80000
-0.00000,0.00000,-0.01000,0.00000,0.00000,-0.02000,0.02000,-73.02000,73.89000
-0.00000,0.00000,-0.01000,0.00000,0.00000,-0.02000,0.02000,-73.02000,73.89000
-0.00000,0.00000,-0.01000,0.00000,0.00000,-0.02000,0.02000,-73.12000,73.99000
-0.00000,0.00000,-0.01000,0.00000,0.00000,-0.02000,0.02000,-73.12000,73.99000
-0.00000,0.00000,-0.01000,0.00000,0.00000,-0.02000,0.02000,-73.22000,74.09000
-0.00000,0.00000,-0.01000,0.00000,0.00000,-0.02000,0.02000,-73.22000,74.09000
-0.00000,0.00000,-0.01000,0.00000,0.00000,-0.02000,0.02000,-73.32000,74.19000
-0.00000,0.00000,-0.01000,0.00000,0.00000,-0.02000,0.02000,-73.32000,74.19000
-0.00000,0.00000,-0.01000,0.00000,0.00000,-0.02000,0.02000,-73.41000,74.28000
-0.00000,0.00000,-0.01000,0.00000,0.00000,-0.02000,0.02000,-73.41000,74.28000
-0.00000,0.00000,-0.01000,0.00000,0.00000,-0.02000,0.02000,-73.51000,74.38000
-0.00000,0.00000,-0.01000,0.00000,0.00000,-0.02000,0.02000,-73.51000,74.38000
-0.00000,0.00000,-0.01000,0.00000,0.00000,-0.02000,0.02000,-73.61000,74.48000
-0.00000,0.00000,-0.01000,0.00000,0.00000,-0.02000,0.02000,-73.61000,74.48000
-0.00000,0.00000,-0.01000,0.00000,0.00000,-0.02000,0.02000,-73.71000,74.57000
-0.00000,0.00000,-0.01000,0.00000,0.00000,-0.02000,0.02000,-73.71000,74.57000
-0.00000,0.00000,-0.01000,0.00000,0.00000,-0.02000,0.02000,-73.81000,74.67000
-0.00000,0.00000,-0.01000,0.00000,0.00000,-0.02000,0.02000,-73.81000,74.67000
-0.00000,0.00000,-0.01000,0.00000,0.00000,-0.02000,0.02000,-73.90000,74.77000
-0.00000,0.00000,-0.01000,0.00000,0.00000,-0.02000,0.02000,-73.90000,74.77000
-0.00000,0.00000,-0.01000,0.00000,0.00000,-0.02000,0.02000,-74.00000,74.87000
-0.00000,0.00000,-0.01000,0.00000,0.00000,-0.02000,0.02000,-74.00000,74.87000
-0.00000,0.00000,-0.01000,0.00000,0.00000,-0.02000,0.02000,-74.10000,74.96000
-0.00000,0.00000,-0.01000,0.00000,0.00000,-0.02000,0.02000,-74.10000,74.96000
-0.00000,0.00000,-0.01000,-0.02000,0.00000,-0.02000,0.02000,-74.20000,75.06000
-0.00000,0.00000,-0.01000,0.00000,0.00000,-0.02000,0.02000,-74.20000,75.06000
-0.00000,0.00000,-0.01000,0.00000,0.00000,-0.02000,0.02000,-74.30000,75.16000
-0.00000,0.00000,-0.01000,0.00000,0.00000,-0.02000,0.02000,-74.30000,75.16000
-0.00000,0.00000,-0.01000,0.00000,0.00000,-0.02000,0.02000,-74.40000,75.26000
-0.00000,0.00000,-0.01000,-0.02000,0.00000,-0.02000,0.02000,-74.40000,75.26000
-0.00000,0.00000,-0.01000,-0.02000,0.00000,-0.02000,0.02000,-74.20000,75.37000
-0.00000,0.00000,-0.01000,-0.04000,0.00000,-0.02000,0.02000,-74.20000,75.37000
-0.00000,0.00000,-0.02000,-0.04000,0.00000,-0.02000,0.02000,-73.88000,75.48000
-0.00000,0.00000,-0.02000,0.00000,0.00000,-0.02000,0.02000,-73.88000,75.48000
-0.00000,0.00000,-0.02000,-0.02000,0.00000,-0.02000,0.02000,-74.37000,75.60000
-0.00000,0.00000,-0.02000,0.00000,0.00000,-0.02000,0.02000,-74.37000,75.60000
-0.00000,0.00000,-0.02000,-0.02000,0.00000,-0.02000,0.02000,-74.49000,75.72000
-0.00000,0.00000,-0.02000,0.00000,0.00000,-0.02000,0.02000,-74.49000,75.72000
-0.00000,0.00000,-0.02000,-0.04000,0.00000,-0.02000,0.02000,-74.61000,75.84000
-0.00000,0.00000,-0.02000,-0.02000,0.00000,-0.02000,0.02000,-74.61000,75.84000
-0.00000,0.00000,-0.02000,-0.04000,0.00000,-0.02000,0.02000,-74.43000,75.97000
-0.00000,0.00000,-0.02000,-0.02000,0.00000,-0.02000,0.02000,-74.43000,75.97000
-0.00000,0.00000,-0.02000,0.00000,0.00000,-0.02000,0.02000,-74.45000,76.11000
-0.00000,0.00000,-0.02000,0.00000,0.00000,-0.02000,0.02000,-74.45000,76.11000
-0.00000,0.00000,-0.02000,0.00000,0.00000,-0.02000,0.02000,-74.76000,76.24000
-0.00000,0.00000,-0.02000,0.00000,0.00000,-0.02000,0.02000,-74.76000,76.24000
-0.00000,0.00000,-0.02000,0.00000,0.00000,-0.02000,0.02000,-74.89000,76.37000
-0.00000,0.00000,-0.02000,-0.02000,0.00000,-0.02000,0.02000,-74.89000,76.37000
-0.00000,0.00000,-0.02000,0.00000,0.00000,-0.02000,0.02000,-74.72000,76.50000
-0.00000,0.00000,-0.02000,0.00000,0.00000,-0.02000,0.02000,-74.72000,76.50000
-0.00000,0.00000,-0.02000,0.00000,0.00000,-0.02000,0.02000,-75.04000,76.64000
-0.00000,0.00000,-0.02000,-0.02000,0.00000,-0.02000,0.02000,-75.04000,76.64000
-0.00000,0.00000,-0.02000,0.00000,0.00000,-0.02000,0.02000,-74.87000,76.77000
-0.00000,0.00000,-0.02000,0.00000,0.00000,-0.02000,0.02000,-74.87000,76.77000
-0.00000,0.00000,-0.02000,-0.04000,0.00000,-0.02000,0.02000,-75.19000,76.91000
-0.00000,0.00000,-0.02000,-0.04000,0.00000,-0.02000,0.02000,-75.19000,76.91000
-0.00000,0.00000,-0.02000,-0.02000,0.00000,-0.02000,0.02000,-74.72000,77.06000
-0.00000,0.00000,-0.02000,-0.02000,0.00000,-0.02000,0.02000,-74.72000,77.06000
-0.00000,0.00000,-0.02000,0.00000,0.00000,-0.02000,0.02000,-74.94000,77.22000
-0.00000,0.00000,-0.02000,0.00000,0.00000,-0.02000,0.02000,-74.94000,77.22000
-0.00000,0.00000,-0.02000,0.00000,0.00000,-0.02000,0.02000,-75.27000,77.36000
-0.00000,0.00000,-0.02000,-0.02000,0.00000,-0.02000,0.02000,-75.27000,77.36000
-0.00000,0.00000,-0.02000,0.00000,0.00000,-0.03000,0.02000,-75.12000,77.52000
-0.00000,0.00000,-0.02000,0.00000,0.00000,-0.03000,0.02000,-75.12000,77.52000
-0.00000,0.00000,-0.02000,0.00000,0.00000,-0.03000,0.02000,-75.45000,77.66000
-0.00000,0.00000,-0.02000,0.00000,0.00000,-0.03000,0.02000,-75.45000,77.66000
-0.00000,0.00000,-0.02000,0.00000,0.00000,-0.03000,0.02000,-75.60000,77.81000
-0.00000,0.00000,-0.02000,0.00000,0.00000,-0.03000,0.02000,-75.60000,77.81000
-0.00000,0.00000,-0.02000,0.00000,0.00000,-0.03000,0.02000,-75.75000,77.96000
-0.00000,0.00000,-0.02000,0.00000,0.00000,-0.03000,0.02000,-75.75000,77.96000
-0.00000,0.00000,-0.02000,0.00000,0.00000,-0.03000,0.02000,-75.90000,78.11000
-0.00000,0.00000,-0.02000,0.00000,0.00000,-0.03000,0.02000,-75.90000,78.11000
-0.00000,0.00000,-0.02000,-0.02000,0.00000,-0.03000,0.02000,-76.06000,78.26000
-0.00000,0.00000,-0.02000,0.00000,0.00000,-0.03000,0.03000,-76.06000,78.26000
-0.00000,0.00000,-0.02000,0.00000,0.00000,-0.03000,0.03000,-76.21000,78.42000
-0.00000,0.00000,-0.02000,-0.02000,0.00000,-0.03000,0.03000,-76.21000,78.42000
-0.00000,0.00000,-0.02000,-0.02000,0.00000,-0.03000,0.03000,-76.06000,78.57000
-0.00000,0.00000,-0.02000,-0.02000,0.00000,-0.03000,0.03000,-76.06000,78.57000
-0.00000,0.00000,-0.02000,-0.02000,0.00000,-0.03000,0.03000,-76.10000,78.74000
-0.00000,0.00000,-0.02000,0.00000,0.00000,-0.03000,0.03000,-76.10000,78.74000
-0.00000,0.00000,-0.02000,0.00000,0.00000,-0.03000,0.03000,-76.45000,78.90000
-0.00000,0.00000,-0.02000,-0.04000,0.00000,-0.03000,0.03000,-76.45000,78.90000
-0.00000,0.00000,-0.02000,0.00000,0.00000,-0.03000,0.03000,-76.00000,79.07000
-0.00000,0.00000,-0.02000,0.00000,0.00000,-0.03000,0.03000,-76.00000,79.07000
-0.00000,0.00000,-0.02000,0.00000,0.00000,-0.03000,0.03000,-76.54000,79.23000
-0.00000,0.00000,-0.02000,0.00000,0.00000,-0.03000,0.03000,-76.54000,79.23000
-0.00000,0.00000,-0.02000,0.00000,0.00000,-0.03000,0.03000,-76.70000,79.40000
-0.00000,0.00000,-0.02000,0.00000,0.00000,-0.03000,0.03000,-76.70000,79.40000
-0.00000,0.00000,-0.02000,0.00000,0.00000,-0.03000,0.03000,-76.87000,79.56000
-0.00000,0.00000,-0.02000,0.00000,0.00000,-0.03000,0.03000,-76.87000,79.56000
-0.00000,0.00000,-0.02000,0.00000,0.00000,-0.03000,0.03000,-77.03000,79.73000
-0.00000,0.00000,-0.02000,0.00000,0.00000,-0.03000,0.03000,-77.03000,79.73000
-0.00000,0.00000,-0.02000,0.00000,0.00000,-0.03000,0.03000,-77.20000,79.89000
-0.00000,0.00000,-0.02000,-0.02000,0.00000,-0.03000,0.03000,-77.20000,79.89000
-0.00000,0.00000,-0.02000,0.00000,0.00000,-0.03000,0.03000,-77.06000,80.06000
-0.00000,0.00000,-0.02000,0.00000,0.00000,-0.03000,0.03000,-77.06000,80.06000
-0.00000,0.00000,-0.02000,0.00000,0.00000,-0.03000,0.03000,-77.41000,80.23000
-0.00000,0.00000,-0.02000,0.00000,0.00000,-0.03000,0.03000,-77.41000,80.23000
-0.00000,0.00000,-0.02000,0.00000,0.00000,-0.03000,0.03000,-77.58000,80.39000
-0.00000,0.00000,-0.02000,0.00000,0.00000,-0.03000,0.03000,-77.58000,80.39000
-0.00000,0.00000,-0.02000,0.00000,0.00000,-0.03000,0.03000,-77.75000,80.56000
-0.00000,0.00000,-0.02000,0.00000,0.00000,-0.03000,0.03000,-77.75000,80.56000
-0.00000,0.00000,-0.02000,0.00000,0.00000,-0.03000,0.03000,-77.92000,80.73000
-0.00000,0.00000,-0.02000,0.00000,0.00000,-0.03000,0.03000,-77.92000,80.73000
-0.00000,0.00000,-0.02000,0.00000,0.00000,-0.03000,0.03000,-78.09000,80.89000
-0.00000,0.00000,-0.02000,-0.02000,0.00000,-0.03000,0.03000,-78.09000,80.89000
-0.00000,0.00000,-0.02000,0.00000,0.00000,-0.03000,0.03000,-77.95000,81.06000
-0.00000,0.00000,-0.03000,-0.02000,0.00000,-0.03000,0.03000,-77.95000,81.06000
-0.00000,0.00000,-0.03000,-0.10000,0.00000,-0.03000,0.03000,-78.00000,81.24000
-0.00000,0.00000,-0.03000,0.00000,0.00000,-0.03000,0.03000,-78.00000,81.24000
-0.00000,0.00000,-0.03000,-0.02000,0.00000,-0.03000,0.03000,-78.38000,81.44000
-0.00000,0.00000,-0.03000,0.00000,0.00000,-0.03000,0.03000,-78.38000,81.44000
-0.00000,0.00000,-0.03000,-0.02000,0.00000,-0.03000,0.03000,-78.57000,81.62000
-0.00000,0.00000,-0.03000,0.00000,0.00000,-0.03000,0.03000,-78.57000,81.62000
-0.00000,0.00000,-0.03000,-0.04000,0.00000,-0.03000,0.03000,-78.76000,81.81000
-0.00000,0.00000,-0.03000,-0.04000,0.00000,-0.03000,0.03000,-78.76000,81.81000
-0.00000,0.00000,-0.03000,-0.02000,0.00000,-0.03000,0.03000,-78.35000,82.02000
-0.00000,0.00000,-0.03000,-0.02000,0.00000,-0.03000,0.03000,-78.35000,82.02000
-0.00000,0.00000,-0.03000,0.00000,0.00000,-0.03000,0.03000,-78.62000,82.23000
-0.00000,0.00000,-0.03000,0.00000,0.00000,-0.03000,0.03000,-78.62000,82.23000
-0.00000,0.00000,-0.03000,0.00000,0.00000,-0.03000,0.03000,-79.01000,82.43000
-0.00000,0.00000,-0.03000,0.00000,0.00000,-0.03000,0.03000,-79.01000,82.43000
-0.00000,0.00000,-0.03000,0.00000,0.00000,-0.03000,0.03000,-79.21000,82.63000
-0.00000,0.00000,-0.03000,0.00000,0.00000,-0.03000,0.03000,-79.21000,82.63000
-0.00000,0.00000,-0.03000,0.00000,0.00000,-0.03000,0.03000,-79.41000,82.83000
-0.00000,0.00000,-0.03000,-0.02000,0.00000,-0.03000,0.03000,-79.41000,82.83000
-0.00000,0.00000,-0.03000,0.00000,0.00000,-0.03000,0.03000,-79.31000,83.03000
-0.00000,0.00000,-0.03000,0.00000,0.00000,-0.03000,0.03000,-79.31000,83.03000
-0.00000,0.00000,-0.03000,0.00000,0.00000,-0.03000,0.03000,-79.70000,83.23000
-0.00000,0.00000,-0.03000,0.00000,0.00000,-0.03000,0.03000,-79.70000,83.23000
-0.00000,0.00000,-0.03000,0.00000,0.00000,-0.03000,0.03000,-79.90000,83.43000
-0.00000,0.00000,-0.03000,0.00000,0.00000,-0.03000,0.03000,-79.90000,83.43000
-0.00000,0.00000,-0.03000,0.00000,0.00000,-0.03000,0.03000,-80.10000,83.64000
-0.00000,0.00000,-0.03000,0.00000,0.00000,-0.03000,0.03000,-80.10000,83.64000
-0.00000,0.00000,-0.03000,0.00000,0.00000,-0.03000,0.03000,-80.31000,83.84000
-0.00000,0.00000,-0.03000,-0.02000,0.00000,-0.03000,0.03000,-80.31000,83.84000
-0.00000,0.00000,-0.03000,0.00000,0.00000,-0.03000,0.03000,-80.20000,84.04000
-0.00000,0.00000,-0.03000,0.00000,0.00000,-0.03000,0.03000,-80.20000,84.04000
-0.00000,0.00000,-0.03000,0.00000,0.00000,-0.03000,0.03000,-80.60000,84.25000
-0.00000,0.00000,-0.03000,-0.04000,0.00000,-0.03000,0.03000,-80.60000,84.25000
-0.00000,0.00000,-0.03000,-0.04000,0.00000,-0.03000,0.03000,-80.19000,84.46000
-0.00000,0.00000,-0.03000,-0.04000,0.00000,-0.04000,0.04000,-80.19000,84.46000
-0.00000,0.00000,-0.03000,-0.02000,0.00000,-0.04000,0.04000,-80.17000,84.69000
-0.00000,0.00000,-0.03000,-0.02000,0.00000,-0.04000,0.04000,-80.17000,84.69000
-0.00000,0.00000,-0.03000,0.00000,0.00000,-0.04000,0.04000,-80.47000,84.92000
-0.00000,0.00000,-0.03000,-0.02000,0.00000,-0.04000,0.04000,-80.47000,84.92000
-0.00000,0.00000,-0.03000,-0.04000,0.00000,-0.04000,0.04000,-80.57000,85.15000
-0.00000,0.00000,-0.04000,-0.06000,0.00000,-0.04000,0.04000,-80.57000,85.15000
-0.00000,0.00000,-0.04000,0.00000,0.00000,-0.04000,0.04000,-80.08000,85.40000
-0.00000,0.00000,-0.04000,0.00000,0.00000,-0.04000,0.04000,-80.08000,85.40000
-0.00000,0.00000,-0.04000,0.00000,0.00000,-0.04000,0.04000,-80.87000,85.63000
-0.00000,0.00000,-0.04000,0.00000,0.00000,-0.04000,0.04000,-80.87000,85.63000
-0.00000,0.00000,-0.04000,-0.02000,0.00000,-0.04000,0.04000,-81.11000,85.87000
-0.00000,0.00000,-0.04000,0.00000,0.00000,-0.04000,0.04000,-81.11000,85.87000
-0.00000,0.00000,-0.04000,0.00000,0.00000,-0.04000,0.04000,-81.35000,86.11000
-0.00000,0.00000,-0.04000,-0.02000,0.00000,-0.04000,0.04000,-81.35000,86.11000
-0.00000,0.00000,-0.04000,0.00000,0.00000,-0.04000,0.04000,-81.28000,86.35000
-0.00000,0.00000,-0.04000,-0.08000,0.00000,-0.04000,0.04000,-81.28000,86.35000
-0.00000,0.00000,-0.04000,-0.04000,0.00000,-0.04000,0.04000,-80.49000,86.61000
-0.00000,0.00000,-0.04000,-0.02000,0.00000,-0.04000,0.04000,-80.49000,86.61000
-0.00000,0.00000,-0.04000,0.00000,0.00000,-0.04000,0.04000,-81.19000,86.88000
-0.00000,0.00000,-0.04000,-0.02000,0.00000,-0.04000,0.04000,-81.19000,86.88000
-0.00000,0.00000,-0.04000,-0.04000,0.00000,-0.04000,0.04000,-81.33000,87.14000
-0.00000,0.00000,-0.04000,-0.08000,0.00000,-0.04000,0.04000,-81.33000,87.14000
-0.00000,0.00000,-0.04000,-0.02000,0.00000,-0.05000,0.05000,-80.56000,87.43000
-0.00000,0.00000,-0.04000,-0.02000,0.00000,-0.05000,0.05000,-80.56000,87.43000
-0.00000,0.00000,-0.04000,-0.02000,0.00000,-0.05000,0.05000,-81.28000,87.71000
-0.00000,0.00000,-0.05000,-0.29000,0.00000,-0.05000,0.05000,-81.28000,87.71000
-0.00000,0.00000,-0.05000,-0.29000,0.00000,-0.05000,0.05000,-77.47000,88.07000
-0.00000,0.00000,-0.06000,-0.29000,0.00000,-0.06000,0.06000,-77.47000,88.07000
-0.00000,0.00000,-0.06000,-0.31000,0.00000,-0.06000,0.06000,-76.20000,88.53000
-0.00000,0.00000,-0.07000,-0.33000,0.00000,-0.07000,0.07000,-76.20000,88.53000
-0.00000,0.00000,-0.08000,-0.46000,0.00000,-0.07000,0.07000,-74.39000,89.09000
-0.01000,0.00000,-0.09000,-0.46000,0.00000,-0.08000,0.08000,-74.39000,89.09000
-0.01000,0.00000,-0.09000,-0.15000,0.00000,-0.09000,0.09000,-71.25000,89.80000
-0.01000,0.00000,-0.09000,-0.02000,0.00000,-0.10000,0.09000,-71.25000,89.80000
-0.01000,0.00000,-0.09000,0.00000,0.00000,-0.10000,0.10000,-75.65000,90.40000
-0.01000,0.00000,-0.09000,0.00000,0.00000,-0.10000,0.10000,-75.65000,90.40000
-0.01000,0.00000,-0.09000,0.00000,0.00000,-0.10000,0.10000,-76.41000,90.97000
-0.01000,0.00000,-0.09000,-0.02000,0.00000,-0.10000,0.10000,-76.41000,90.97000
-0.01000,0.00000,-0.09000,0.00000,0.00000,-0.10000,0.10000,-76.69000,91.54000
-0.01000,0.00000,-0.09000,-0.02000,0.00000,-0.10000,0.10000,-76.69000,91.54000
-0.01000,0.00000,-0.09000,0.00000,0.00000,-0.10000,0.10000,-77.15000,92.12000
-0.01000,0.00000,-0.09000,-0.04000,0.00000,-0.10000,0.10000,-77.15000,92.12000
-0.01000,0.00000,-0.09000,-0.08000,0.00000,-0.10000,0.10000,-77.30000,92.71000
-0.01000,0.00000,-0.09000,0.00000,0.00000,-0.10000,0.10000,-77.30000,92.71000
-0.01000,0.00000,-0.09000,-0.02000,0.00000,-0.10000,0.10000,-78.29000,93.32000
-0.01000,0.00000,-0.09000,0.00000,0.08000,-0.10000,0.10000,-78.29000,93.32000
-0.00000,0.00000,-0.11000,0.00000,0.81000,-0.10000,0.10000,-78.92000,92.70000
-0.00000,0.00000,-0.12000,-0.02000,0.39000,-0.12000,0.12000,-78.92000,92.70000
-0.00000,0.00000,-0.12000,0.00000,0.35000,-0.13000,0.13000,-79.66000,88.56000
-0.00000,0.00000,-0.13000,-0.04000,0.33000,-0.14000,0.14000,-79.66000,88.56000
-0.00000,0.00000,-0.13000,-0.04000,0.21000,-0.15000,0.15000,-80.29000,88.18000
-0.00000,-0.00000,-0.14000,-0.04000,0.21000,-0.16000,0.15000,-80.29000,88.18000
-0.00000,-0.00000,-0.15000,-0.02000,0.52000,-0.16000,0.16000,-81.13000,89.13000
-0.00000,-0.00000,-0.16000,0.00000,0.69000,-0.18000,0.17000,-81.13000,89.13000
-0.00000,-0.00000,-0.17000,-0.02000,0.60000,-0.20000,0.19000,-82.99000,82.17000
-0.00000,-0.00000,-0.18000,-0.17000,0.35000,-0.21000,0.21000,-82.99000,82.17000
-0.00000,-0.00000,-0.19000,-0.15000,0.12000,-0.23000,0.23000,-82.17000,84.68000
-0.00000,-0.00000,-0.19000,-0.02000,0.00000,-0.24000,0.23000,-82.17000,84.68000
-0.00000,-0.00000,-0.19000,-0.21000,0.15000,-0.24000,0.23000,-84.85000,89.33000
-0.00000,-0.00000,-0.20000,-0.46000,0.00000,-0.25000,0.24000,-84.85000,89.33000
-0.00000,-0.00000,-0.22000,-0.95000,0.00000,-0.26000,0.25000,-79.95000,91.05000
-0.00000,0.00000,-0.25000,-1.52000,0.00000,-0.29000,0.28000,-79.95000,91.05000
-0.01000,0.00000,-0.27000,-1.56000,0.00000,-0.33000,0.32000,-63.93000,93.54000
-0.01000,0.00000,-0.30000,-1.31000,0.00000,-0.37000,0.36000,-63.93000,93.54000
-0.01000,0.00000,-0.32000,-1.08000,0.00000,-0.41000,0.39000,-61.09000,96.45000
-0.01000,0.00000,-0.33000,-0.81000,0.02000,-0.43000,0.41000,-61.09000,96.45000
-0.01000,0.00000,-0.35000,-0.75000,0.02000,-0.45000,0.42000,-63.87000,98.96000
-0.01000,0.00000,-0.37000,-0.89000,0.42000,-0.47000,0.43000,-63.87000,98.96000
-0.01000,0.00000,-0.41000,-1.10000,0.87000,-0.50000,0.44000,-61.20000,95.79000
-0.01000,0.00000,-0.45000,-0.95000,1.29000,-0.54000,0.45000,-61.20000,95.79000
-0.01000,0.00000,-0.50000,-1.08000,1.62000,-0.59000,0.43000,-59.32000,82.69000
-0.01000,0.00000,-0.54000,-1.22000,1.45000,-0.68000,0.36000,-59.32000,82.69000
-0.01000,0.00000,-0.59000,-1.06000,1.37000,-0.81000,0.23000,-56.33000,72.00000
-0.01000,0.00000,-0.62000,-0.75000,0.85000,-0.99000,0.03000,-56.33000,72.00000
-0.01000,0.00000,-0.64000,-0.73000,0.39000,-1.16000,-0.14000,-66.21000,68.17000
-0.01000,0.00000,-0.66000,-1.10000,0.00000,-1.28000,-0.27000,-66.21000,68.17000
-0.01000,0.00000,-0.68000,-1.49000,0.00000,-1.41000,-0.38000,-67.24000,71.41000
-0.01000,0.00000,-0.71000,-1.60000,0.00000,-1.58000,-0.52000,-67.24000,71.41000
-0.01000,0.01000,-0.74000,-1.60000,0.00000,-1.73000,-0.63000,-66.37000,65.30000
-0.02000,0.01000,-0.77000,-1.64000,0.00000,-1.85000,-0.73000,-66.37000,65.30000
-0.02000,0.01000,-0.80000,-1.64000,0.00000,-1.94000,-0.80000,-69.77000,59.06000
-0.02000,0.01000,-0.83000,-1.62000,0.00000,-2.02000,-0.84000,-69.77000,59.06000
-0.02000,0.01000,-0.86000,-1.83000,0.00000,-2.07000,-0.87000,-73.82000,53.14000
-0.02000,0.01000,-0.90000,-1.81000,0.00000,-2.12000,-0.89000,-73.82000,53.14000
-0.02000,0.01000,-0.93000,-2.14000,0.00000,-2.15000,-0.90000,-74.90000,47.50000
-0.02000,0.02000,-0.97000,-2.18000,0.00000,-2.18000,-0.90000,-74.90000,47.50000
-0.03000,0.02000,-1.02000,-2.30000,0.00000,-2.19000,-0.90000,-72.03000,42.02000
-0.03000,0.02000,-1.06000,-2.32000,0.00000,-2.21000,-0.91000,-72.03000,42.02000
-0.03000,0.02000,-1.10000,-2.20000,0.00000,-2.21000,-0.91000,-70.19000,36.56000
-0.03000,0.03000,-1.13000,-1.97000,0.00000,-2.21000,-0.91000,-70.19000,36.56000
-0.03000,0.03000,-1.17000,-1.89000,0.00000,-2.21000,-0.91000,-74.84000,31.09000
-0.03000,0.03000,-1.20000,-1.91000,0.00000,-2.21000,-0.91000,-74.84000,31.09000
-0.03000,0.03000,-1.24000,-2.12000,0.00000,-2.21000,-0.91000,-77.22000,25.60000
-0.03000,0.03000,-1.28000,-2.22000,0.00000,-2.21000,-0.91000,-77.22000,25.60000
-0.03000,0.04000,-1.32000,-2.16000,0.00000,-2.21000,-0.92000,-74.25000,20.01000
-0.03000,0.04000,-1.35000,-1.93000,0.00000,-2.20000,-0.93000,-74.25000,20.01000
-0.03000,0.04000,-1.38000,-1.45000,0.00000,-2.19000,-0.94000,-78.21000,14.18000
-0.03000,0.04000,-1.41000,-1.41000,0.00000,-2.17000,-0.95000,-78.21000,14.18000
-0.04000,0.04000,-1.42000,-0.96000,0.00000,-2.16000,-0.96000,-87.22000,8.24000
-0.04000,0.04000,-1.44000,-1.08000,0.00000,-2.16000,-0.97000,-87.22000,8.24000
-0.04000,0.05000,-1.47000,-1.60000,0.00000,-2.15000,-0.98000,-96.47000,2.25000
-0.04000,0.05000,-1.51000,-1.99000,0.00000,-2.14000,-0.99000,-96.47000,2.25000
-0.04000,0.05000,-1.55000,-2.43000,0.00000,-2.12000,-1.00000,-88.80000,-4.04000
-0.04000,0.05000,-1.60000,-2.70000,0.00000,-2.11000,-1.02000,-88.80000,-4.04000
-0.04000,0.06000,-1.66000,-3.07000,0.00000,-3.28000,-3.25000,-96.31000,-43.74000
-0.04000,0.06000,-1.72000,-3.49000,-0.02000,-1.02000,-2.11000,-96.31000,-43.74000
-0.03000,0.06000,-1.79000,-3.86000,0.00000,-1.00000,-2.13000,-53.74000,-46.11000
-0.03000,0.07000,-1.84000,-3.05000,0.00000,-0.97000,-2.16000,-53.74000,-46.11000
-0.03000,0.07000,-1.88000,-2.14000,0.00000,-0.94000,-2.18000,-44.55000,-59.88000
-0.03000,0.07000,-1.90000,-1.12000,0.00000,-0.93000,-2.20000,-44.55000,-59.88000
-0.03000,0.07000,-1.91000,-0.25000,0.00000,-0.92000,-2.20000,-60.56000,-73.26000
-0.03000,0.07000,-1.91000,-0.04000,-0.02000,-0.92000,-2.20000,-60.56000,-73.26000
-0.03000,0.07000,-1.91000,-0.04000,0.00000,-0.92000,-2.20000,-75.56000,-86.17000
-0.03000,0.07000,-1.92000,-0.44000,0.00000,-0.92000,-2.20000,-75.56000,-86.17000
-0.03000,0.07000,-1.94000,-1.12000,0.00000,-0.92000,-2.20000,-74.90000,-99.60000
-0.03000,0.08000,-1.96000,-1.47000,-0.15000,-0.92000,-2.21000,-74.90000,-99.60000
-0.03000,0.08000,-1.97000,-1.41000,-1.06000,-0.91000,-2.21000,-62.14000,-110.75000
-0.03000,0.08000,-1.96000,-1.25000,-1.47000,-0.91000,-2.21000,-62.14000,-110.75000
-0.03000,0.08000,-1.95000,-1.04000,-1.60000,-0.91000,-2.21000,-62.20000,-103.23000
-0.03000,0.09000,-1.93000,-0.62000,-1.66000,-0.91000,-2.21000,-62.20000,-103.23000
-0.03000,0.09000,-1.91000,-0.46000,-1.74000,-0.92000,-2.21000,-69.59000,-104.80000
-0.03000,0.09000,-1.89000,-0.77000,-1.95000,-0.92000,-2.20000,-69.59000,-104.80000
-0.02000,0.09000,-1.87000,-1.29000,-2.08000,-0.93000,-2.20000,-69.32000,-103.62000
-0.02000,0.10000,-1.86000,-1.47000,-2.14000,-0.93000,-2.20000,-69.32000,-103.62000
-0.02000,0.10000,-1.86000,-1.60000,-1.78000,-0.93000,-2.19000,-59.78000,-102.20000
-0.02000,0.11000,-1.86000,-1.64000,-1.85000,-0.93000,-2.19000,-59.78000,-102.20000
-0.02000,0.11000,-1.85000,-1.31000,-1.74000,-0.93000,-2.19000,-54.06000,-106.87000
-0.02000,0.11000,-1.84000,-1.10000,-1.58000,-0.94000,-2.19000,-54.06000,-106.87000
-0.02000,0.11000,-1.83000,-0.79000,-1.37000,-0.94000,-2.19000,-58.00000,-112.91000
-0.02000,0.12000,-1.81000,-0.42000,-1.35000,-0.94000,-2.18000,-58.00000,-112.91000
-0.02000,0.12000,-1.78000,-0.15000,-1.68000,-0.95000,-2.18000,-67.44000,-119.83000
-0.02000,0.12000,-1.76000,-0.25000,-1.72000,-0.96000,-2.17000,-67.44000,-119.83000
-0.02000,0.12000,-1.73000,-0.66000,-2.05000,-0.97000,-2.15000,-73.47000,-118.86000
-0.02000,0.13000,-1.71000,-1.10000,-2.32000,-0.98000,-2.14000,-73.47000,-118.86000
-0.02000,0.13000,-1.69000,-1.62000,-2.70000,-0.99000,-2.13000,-65.34000,-112.12000
-0.01000,0.14000,-1.67000,-1.70000,-2.74000,-1.00000,-2.13000,-65.34000,-112.12000
-0.01000,0.14000,-1.65000,-1.62000,-2.80000,-1.01000,-2.12000,-55.92000,-104.55000
-0.01000,0.15000,-1.62000,-1.10000,-2.57000,-1.01000,-2.11000,-55.92000,-104.55000
-0.01000,0.15000,-1.60000,-0.75000,-2.26000,-1.08000,-2.11000,-61.81000,-103.20000
-0.01000,0.15000,-1.58000,-0.79000,-1.87000,-3.00000,-3.04000,-61.81000,-103.20000
-0.01000,0.16000,-1.56000,-0.85000,-1.83000,-3.26000,-3.24000,-99.15000,-127.89000
-0.01000,0.16000,-1.55000,-1.54000,-1.91000,-2.61000,-2.52000,-99.15000,-127.89000
-0.01000,0.16000,-1.56000,-2.49000,-2.22000,-2.28000,-1.74000,-88.02000,-113.08000
-0.01000,0.17000,-1.56000,-2.70000,-2.43000,-2.49000,-2.29000,-88.02000,-113.08000
-0.01000,0.18000,-1.57000,-2.66000,-2.47000,-2.78000,-2.71000,-82.57000,-118.87000
-0.01000,0.18000,-1.57000,-2.55000,-2.37000,-2.95000,-2.90000,-82.57000,-118.87000
-0.01000,0.19000,-1.57000,-2.49000,-2.66000,-3.08000,-3.04000,-89.69000,-126.41000
-0.01000,0.19000,-1.56000,-2.45000,-2.90000,-2.96000,-2.91000,-89.69000,-126.41000
-0.01000,0.20000,-1.54000,-2.66000,-3.38000,-2.47000,-2.26000,-85.34000,-110.66000
-0.01000,0.21000,-1.54000,-2.66000,-3.17000,-2.12000,-1.15000,-85.34000,-110.66000
-0.01000,0.21000,-1.54000,-2.59000,-2.59000,-2.11000,-1.03000,-76.86000,-84.31000
-0.01000,0.22000,-1.54000,-2.30000,-1.78000,-2.11000,-1.03000,-76.86000,-84.31000
-0.01000,0.22000,-1.55000,-1.68000,-1.29000,-2.12000,-1.12000,-79.07000,-93.70000
-0.01000,0.22000,-1.56000,-1.33000,-1.06000,-2.20000,-1.47000,-79.07000,-93.70000
-0.01000,0.22000,-1.55000,-0.73000,-0.89000,-2.35000,-1.95000,-96.04000,-113.03000
-0.01000,0.23000,-1.54000,-0.52000,-1.10000,-2.24000,-1.62000,-96.04000,-113.03000
-0.01000,0.23000,-1.53000,-0.71000,-1.43000,-2.11000,-1.09000,-110.76000,-104.78000
-0.01000,0.23000,-1.53000,-1.54000,-1.54000,-2.11000,-1.02000,-110.76000,-104.78000
-0.01000,0.24000,-1.54000,-2.03000,-1.58000,-2.11000,-1.02000,-104.97000,-97.18000
-0.02000,0.24000,-1.55000,-2.24000,-1.56000,-2.11000,-1.04000,-104.97000,-97.18000
-0.02000,0.24000,-1.57000,-2.20000,-1.27000,-2.16000,-1.31000,-98.59000,-98.12000
-0.02000,0.25000,-1.58000,-2.01000,-1.18000,-2.89000,-2.84000,-98.59000,-98.12000
-0.02000,0.25000,-1.60000,-1.99000,-1.20000,-3.28000,-3.26000,-118.38000,-131.45000
-0.02000,0.26000,-1.62000,-2.68000,-1.66000,-3.11000,-3.14000,-118.38000,-131.45000
-0.01000,0.26000,-1.64000,-3.49000,-2.32000,-1.71000,-2.27000,-92.46000,-121.91000
-0.01000,0.27000,-1.65000,-3.69000,-2.97000,-1.02000,-2.11000,-92.46000,-121.91000
-0.01000,0.28000,-1.65000,-3.20000,-3.20000,-1.01000,-2.11000,-60.99000,-103.56000
-0.01000,0.28000,-1.63000,-2.34000,-3.13000,-1.01000,-2.11000,-60.99000,-103.56000
-0.01000,0.29000,-1.61000,-1.31000,-2.76000,-1.02000,-2.11000,-65.27000,-95.86000
-0.01000,0.29000,-1.57000,-0.33000,-2.35000,-2.18000,-2.44000,-65.27000,-95.86000
-0.01000,0.29000,-1.54000,0.00000,-1.83000,-3.16000,-3.13000,-119.58000,-116.87000
-0.01000,0.30000,-1.52000,-0.75000,-1.83000,-2.11000,-1.05000,-119.58000,-116.87000
-0.01000,0.30000,-1.52000,-2.28000,-2.07000,-2.11000,-1.02000,-114.54000,-97.66000
-0.01000,0.31000,-1.54000,-3.15000,-1.97000,-2.11000,-1.02000,-114.54000,-97.66000
-0.01000,0.31000,-1.59000,-3.40000,-1.14000,-2.12000,-1.13000,-86.79000,-92.28000
-0.01000,0.32000,-1.63000,-2.99000,-0.79000,-3.27000,-3.29000,-86.79000,-92.28000
-0.01000,0.32000,-1.66000,-2.72000,-0.89000,-1.08000,-2.11000,-67.55000,-119.75000
-0.01000,0.32000,-1.67000,-2.34000,-1.51000,-1.01000,-2.11000,-67.55000,-119.75000
-0.01000,0.33000,-1.67000,-1.76000,-2.14000,-1.01000,-2.12000,-64.62000,-116.92000
-0.01000,0.33000,-1.64000,-1.35000,-2.61000,-1.01000,-2.12000,-64.62000,-116.92000
-0.01000,0.34000,-1.62000,-1.35000,-2.68000,-1.02000,-2.11000,-71.66000,-103.86000
-0.01000,0.34000,-1.60000,-1.51000,-2.37000,-1.16000,-2.13000,-71.66000,-103.86000
-0.01000,0.35000,-1.60000,-1.78000,-2.30000,-2.51000,-2.60000,-89.55000,-111.95000
-0.01000,0.35000,-1.59000,-1.99000,-2.30000,-3.04000,-3.08000,-89.55000,-111.95000
-0.01000,0.36000,-1.59000,-2.49000,-2.45000,-3.19000,-3.22000,-98.58000,-123.56000
-0.01000,0.36000,-1.59000,-2.78000,-2.88000,-3.17000,-3.20000,-98.58000,-123.56000
-0.01000,0.37000,-1.58000,-3.07000,-3.28000,-3.21000,-3.23000,-94.21000,-120.59000
-0.01000,0.38000,-1.58000,-3.26000,-3.57000,-3.25000,-3.28000,-94.21000,-120.59000
-0.01000,0.39000,-1.58000,-3.38000,-3.53000,-3.29000,-3.26000,-90.82000,-112.83000
-0.01000,0.39000,-1.57000,-3.40000,-3.59000,-3.26000,-3.24000,-90.82000,-112.83000
-0.01000,0.40000,-1.57000,-3.24000,-3.51000,-3.21000,-3.18000,-87.67000,-109.48000
-0.01000,0.41000,-1.57000,-3.22000,-3.32000,-3.08000,-3.05000,-87.67000,-109.48000
-0.01000,0.41000,-1.57000,-2.97000,-2.61000,-3.01000,-2.97000,-86.27000,-107.84000
-0.01000,0.42000,-1.58000,-2.68000,-2.20000,-3.19000,-3.16000,-86.27000,-107.84000
-0.01000,0.43000,-1.58000,-2.10000,-2.10000,-3.29000,-3.27000,-97.42000,-127.08000
-0.01000,0.43000,-1.57000,-1.78000,-2.43000,-3.29000,-3.27000,-97.42000,-127.08000
-0.01000,0.43000,-1.55000,-1.68000,-2.66000,-3.12000,-3.08000,-111.82000,-127.25000
-0.01000,0.44000,-1.53000,-1.80000,-3.05000,-2.26000,-1.68000,-111.82000,-127.25000
-0.01000,0.45000,-1.51000,-2.37000,-3.24000,-2.11000,-1.02000,-104.35000,-90.95000
-0.01000,0.45000,-1.51000,-2.49000,-2.70000,-2.11000,-1.01000,-104.35000,-90.95000
-0.01000,0.46000,-1.52000,-2.57000,-2.05000,-2.11000,-1.01000,-95.97000,-83.92000
-0.01000,0.46000,-1.54000,-2.59000,-1.27000,-2.11000,-1.01000,-95.97000,-83.92000
-0.01000,0.47000,-1.58000,-2.76000,-0.85000,-2.11000,-1.08000,-92.15000,-96.32000
-0.01000,0.47000,-1.60000,-2.57000,-1.18000,-3.23000,-3.20000,-92.15000,-96.32000
-0.01000,0.47000,-1.62000,-2.37000,-1.43000,-2.85000,-2.90000,-100.58000,-123.71000
-0.01000,0.48000,-1.63000,-2.28000,-1.91000,-1.30000,-2.15000,-100.58000,-123.71000
-0.01000,0.48000,-1.63000,-2.66000,-2.70000,-1.07000,-2.11000,-80.01000,-111.31000
-0.01000,0.49000,-1.62000,-2.49000,-3.03000,-1.08000,-2.11000,-80.01000,-111.31000
-0.01000,0.50000,-1.60000,-1.91000,-2.99000,-1.46000,-2.19000,-75.44000,-96.97000
-0.01000,0.50000,-1.58000,-1.58000,-2.49000,-3.05000,-3.08000,-75.44000,-96.97000
-0.01000,0.50000,-1.57000,-1.25000,-1.85000,-3.28000,-3.26000,-110.26000,-115.96000
-0.01000,0.51000,-1.56000,-1.53000,-1.87000,-3.06000,-3.02000,-110.26000,-115.96000
-0.01000,0.51000,-1.57000,-2.45000,-1.95000,-2.77000,-2.70000,-113.48000,-121.64000
-0.01000,0.52000,-1.59000,-2.82000,-1.85000,-3.14000,-3.11000,-113.48000,-121.64000
-0.01000,0.52000,-1.62000,-3.40000,-1.99000,-3.22000,-3.25000,-108.33000,-135.12000
-0.01000,0.53000,-1.64000,-3.90000,-2.70000,-1.51000,-2.21000,-108.33000,-135.12000
-0.01000,0.54000,-1.65000,-4.27000,-3.32000,-1.02000,-2.11000,-61.54000,-113.63000
-0.01000,0.55000,-1.66000,-3.59000,-3.49000,-1.01000,-2.11000,-61.54000,-113.63000
-0.01000,0.55000,-1.64000,-2.30000,-3.44000,-1.01000,-2.11000,-48.79000,-98.36000
-0.01000,0.56000,-1.61000,-1.33000,-2.99000,-1.02000,-2.11000,-48.79000,-98.36000
-0.01000,0.56000,-1.57000,-0.68000,-2.93000,-2.08000,-2.40000,-83.24000,-101.88000
-0.01000,0.57000,-1.53000,-1.06000,-2.91000,-3.07000,-3.03000,-83.24000,-101.88000
-0.01000,0.57000,-1.52000,-1.78000,-2.66000,-2.11000,-1.03000,-92.20000,-79.10000
-0.01000,0.58000,-1.52000,-2.34000,-2.10000,-2.11000,-1.02000,-92.20000,-79.10000
-0.01000,0.58000,-1.54000,-2.72000,-1.51000,-2.11000,-1.02000,-79.21000,-79.77000
-0.01000,0.59000,-1.57000,-2.51000,-1.25000,-2.12000,-1.14000,-79.21000,-79.77000
-0.01000,0.59000,-1.59000,-2.10000,-0.98000,-2.97000,-2.92000,-88.21000,-114.65000
-0.01000,0.59000,-1.59000,-2.16000,-1.66000,-3.25000,-3.28000,-88.21000,-114.65000
-0.01000,0.60000,-1.59000,-2.37000,-2.51000,-3.06000,-3.10000,-97.66000,-121.11000
-0.01000,0.61000,-1.59000,-2.78000,-3.09000,-3.13000,-3.17000,-97.66000,-121.11000
-0.01000,0.61000,-1.59000,-3.11000,-3.17000,-3.24000,-3.26000,-96.37000,-110.76000
-0.01000,0.62000,-1.60000,-3.17000,-2.59000,-3.25000,-3.27000,-96.37000,-110.76000
-0.01000,0.63000,-1.61000,-2.88000,-2.08000,-3.00000,-3.04000,-89.67000,-115.92000
-0.01000,0.63000,-1.61000,-2.28000,-2.24000,-1.75000,-2.28000,-89.67000,-115.92000
-0.01000,0.64000,-1.60000,-1.83000,-2.28000,-1.63000,-2.24000,-81.46000,-111.94000
-0.01000,0.64000,-1.58000,-1.00000,-2.20000,-2.52000,-2.61000,-81.46000,-111.94000
-0.01000,0.64000,-1.55000,-0.25000,-2.20000,-3.27000,-3.29000,-121.40000,-128.32000
-0.01000,0.65000,-1.52000,-0.83000,-2.49000,-2.16000,-1.34000,-121.40000,-128.32000
-0.01000,0.65000,-1.50000,-2.14000,-2.84000,-2.11000,-1.01000,-120.12000,-96.35000
-0.01000,0.66000,-1.51000,-2.70000,-2.47000,-2.11000,-1.01000,-120.12000,-96.35000
-0.01000,0.66000,-1.53000,-3.28000,-2.05000,-2.11000,-1.01000,-99.85000,-87.76000
-0.01000,0.67000,-1.57000,-3.51000,-1.39000,-2.11000,-1.02000,-99.85000,-87.76000
-0.01000,0.67000,-1.60000,-3.44000,-1.41000,-2.92000,-2.87000,-96.32000,-123.07000
-0.01000,0.68000,-1.63000,-3.15000,-1.99000,-2.77000,-2.83000,-96.32000,-123.07000
-0.01000,0.69000,-1.63000,-2.86000,-2.57000,-1.10000,-2.12000,-70.77000,-111.61000
-0.01000,0.69000,-1.62000,-2.32000,-2.97000,-1.04000,-2.11000,-70.77000,-111.61000
-0.01000,0.70000,-1.59000,-1.47000,-3.05000,-1.25000,-2.14000,-73.14000,-98.17000
-0.01000,0.70000,-1.55000,-0.77000,-2.80000,-3.19000,-3.22000,-73.14000,-98.17000
-0.01000,0.70000,-1.51000,-0.21000,-2.35000,-2.30000,-1.81000,-105.79000,-90.64000
-0.01000,0.71000,-1.49000,-0.39000,-1.74000,-2.11000,-1.01000,-105.79000,-90.64000
-0.01000,0.71000,-1.50000,-1.64000,-1.27000,-2.12000,-1.01000,-117.90000,-88.54000
-0.01000,0.71000,-1.54000,-2.57000,-0.44000,-2.12000,-1.01000,-117.90000,-88.54000
-0.01000,0.72000,-1.59000,-3.13000,-0.02000,-2.11000,-1.03000,-95.34000,-104.05000
-0.01000,0.72000,-1.65000,-3.13000,0.00000,-3.22000,-3.25000,-95.34000,-104.05000
-0.01000,0.72000,-1.70000,-3.36000,-0.35000,-1.02000,-2.11000,-67.79000,-130.34000
-0.01000,0.73000,-1.73000,-2.99000,-1.49000,-0.99000,-2.13000,-67.79000,-130.34000
-0.01000,0.73000,-1.72000,-2.01000,-2.57000,-0.98000,-2.14000,-56.77000,-121.12000
-0.01000,0.74000,-1.69000,-1.51000,-3.05000,-0.99000,-2.14000,-56.77000,-121.12000
-0.01000,0.74000,-1.66000,-1.12000,-3.11000,-0.99000,-2.13000,-67.03000,-101.46000
-0.00000,0.75000,-1.62000,-1.08000,-2.88000,-1.01000,-2.12000,-67.03000,-101.46000
-0.00000,0.75000,-1.60000,-1.22000,-2.51000,-1.03000,-2.11000,-70.90000,-98.06000
-0.00000,0.76000,-1.58000,-1.31000,-2.18000,-1.92000,-2.34000,-70.90000,-98.06000
-0.00000,0.76000,-1.57000,-1.43000,-1.97000,-3.07000,-3.11000,-97.88000,-119.02000
-0.00000,0.77000,-1.57000,-2.14000,-2.49000,-3.26000,-3.28000,-97.88000,-119.02000
-0.00000,0.77000,-1.56000,-2.68000,-2.93000,-3.28000,-3.25000,-99.12000,-122.11000
-0.00000,0.78000,-1.56000,-3.05000,-3.32000,-3.22000,-3.19000,-99.12000,-122.11000
-0.00000,0.79000,-1.56000,-3.36000,-3.47000,-3.09000,-3.05000,-89.44000,-111.25000
-0.00000,0.79000,-1.56000,-3.28000,-3.34000,-3.00000,-2.96000,-89.44000,-111.25000
-0.00000,0.80000,-1.55000,-3.11000,-3.34000,-2.93000,-2.88000,-83.87000,-106.77000
-0.00000,0.81000,-1.55000,-3.03000,-3.26000,-2.66000,-2.58000,-83.87000,-106.77000
-0.01000,0.81000,-1.54000,-2.74000,-2.91000,-2.38000,-2.04000,-77.29000,-92.59000
-0.01000,0.82000,-1.55000,-2.37000,-1.97000,-2.24000,-1.61000,-77.29000,-92.59000
-0.01000,0.82000,-1.57000,-1.99000,-0.89000,-2.50000,-2.32000,-85.16000,-108.86000
-0.01000,0.82000,-1.59000,-1.68000,-0.46000,-3.26000,-3.24000,-85.16000,-108.86000
-0.01000,0.83000,-1.61000,-1.39000,-0.58000,-2.89000,-2.93000,-101.99000,-142.85000
-0.01000,0.83000,-1.61000,-1.37000,-1.51000,-1.50000,-2.21000,-101.99000,-142.85000
-0.00000,0.83000,-1.59000,-1.43000,-2.51000,-1.69000,-2.26000,-95.96000,-131.76000
-0.00000,0.84000,-1.56000,-1.49000,-2.88000,-3.11000,-3.15000,-95.96000,-131.76000
-0.00000,0.84000,-1.53000,-1.39000,-3.30000,-3.07000,-3.04000,-116.77000,-127.32000
-0.01000,0.85000,-1.49000,-1.70000,-3.47000,-2.11000,-1.03000,-116.77000,-127.32000
-0.01000,0.86000,-1.48000,-2.45000,-3.42000,-2.12000,-1.01000,-108.78000,-89.11000
-0.01000,0.86000,-1.47000,-2.53000,-2.78000,-2.12000,-1.00000,-108.78000,-89.11000
-0.01000,0.87000,-1.48000,-2.76000,-2.26000,-2.13000,-1.00000,-99.00000,-84.46000
-0.01000,0.87000,-1.50000,-3.01000,-1.80000,-2.13000,-1.00000,-99.00000,-84.46000
-0.01000,0.88000,-1.53000,-2.99000,-1.41000,-2.12000,-1.01000,-89.31000,-88.53000
-0.01000,0.88000,-1.56000,-2.82000,-1.51000,-2.11000,-1.01000,-89.31000,-88.53000
-0.01000,0.89000,-1.57000,-2.37000,-1.43000,-2.11000,-1.04000,-86.56000,-88.59000
-0.01000,0.89000,-1.59000,-2.22000,-1.41000,-2.24000,-1.61000,-86.56000,-88.59000
-0.01000,0.90000,-1.60000,-2.01000,-1.20000,-2.92000,-2.88000,-103.57000,-114.83000
-0.01000,0.90000,-1.61000,-2.05000,-1.60000,-3.28000,-3.25000,-103.57000,-114.83000
-0.01000,0.90000,-1.61000,-2.28000,-2.18000,-3.24000,-3.26000,-114.99000,-126.66000
-0.01000,0.91000,-1.61000,-2.68000,-2.76000,-3.21000,-3.23000,-114.99000,-126.66000
-0.01000,0.92000,-1.61000,-2.99000,-3.13000,-3.22000,-3.25000,-112.53000,-119.01000
-0.01000,0.93000,-1.62000,-3.38000,-2.93000,-3.25000,-3.27000,-112.53000,-119.01000
-0.01000,0.93000,-1.64000,-3.88000,-2.76000,-3.07000,-3.11000,-102.99000,-117.34000
-0.01000,0.94000,-1.66000,-3.98000,-2.70000,-1.34000,-2.16000,-102.99000,-117.34000
-0.01000,0.95000,-1.68000,-3.90000,-2.68000,-1.02000,-2.11000,-61.26000,-106.85000
-0.00000,0.95000,-1.69000,-3.09000,-2.78000,-1.01000,-2.12000,-61.26000,-106.85000
-0.00000,0.96000,-1.67000,-1.99000,-2.74000,-1.00000,-2.13000,-56.53000,-102.35000
-0.00000,0.96000,-1.65000,-1.29000,-2.59000,-1.00000,-2.13000,-56.53000,-102.35000
-0.00000,0.97000,-1.62000,-0.77000,-2.47000,-1.00000,-2.12000,-71.11000,-101.19000
-0.00000,0.97000,-1.59000,-0.85000,-2.41000,-1.01000,-2.12000,-71.11000,-101.19000
-0.00000,0.97000,-1.57000,-1.27000,-2.22000,-1.01000,-2.11000,-76.15000,-100.94000
-0.00000,0.98000,-1.56000,-1.45000,-2.16000,2.21000,0.91000,-76.15000,-100.94000
-0.00000,0.98000,-1.55000,-1.78000,-2.18000,2.21000,0.91000,-19.69000,-57.60000
-0.00000,0.99000,-1.54000,-0.75000,-1.39000,2.21000,0.91000,-19.69000,-57.60000
-0.00000,0.99000,-1.54000,0.00000,-0.21000,2.21000,0.91000,-8.30000,-50.66000
-0.00000,0.99000,-1.54000,0.00000,0.00000,2.21000,0.91000,-8.30000,-50.66000
-0.00000,0.99000,-1.54000,0.00000,0.00000,2.21000,0.91000,-1.76000,-57.70000
-0.00000,0.99000,-1.54000,0.00000,0.00000,2.21000,0.91000,-1.76000,-57.70000
-0.00000,0.99000,-1.54000,0.00000,0.00000,2.21000,0.91000,11.50000,-52.22000
-0.00000,0.99000,-1.54000,0.00000,0.00000,2.21000,0.91000,11.50000,-52.22000
-0.00000,0.99000,-1.54000,0.00000,0.00000,2.21000,0.91000,24.77000,-46.74000
-0.00000,0.99000,-1.54000,0.00000,0.00000,2.21000,0.91000,24.77000,-46.74000
-0.00000,0.99000,-1.54000,0.00000,0.00000,2.21000,0.91000,38.03000,-41.26000
-0.00000,0.99000,-1.54000,0.00000,0.00000,2.21000,0.91000,38.03000,-41.26000
-0.00000,0.99000,-1.54000,0.00000,0.00000,2.21000,0.91000,51.30000,-35.78000
-0.00000,0.99000,-1.54000,0.02000,0.00000,2.21000,0.91000,51.30000,-35.78000
-0.00000,0.99000,-1.54000,0.00000,0.00000,2.21000,0.91000,64.25000,-30.31000
-0.00000,0.99000,-1.54000,0.02000,0.00000,2.21000,0.91000,64.25000,-30.31000
-0.00000,0.99000,-1.54000,0.00000,0.00000,2.21000,0.91000,77.39000,-24.83000
-0.00000,0.99000,-1.53000,0.58000,0.00000,2.21000,0.91000,77.39000,-24.83000
-0.00000,0.98000,-1.51000,0.83000,0.00000,2.21000,0.91000,82.12000,-19.34000
-0.00000,0.98000,-1.50000,0.93000,0.00000,2.21000,0.91000,82.12000,-19.34000
-0.00000,0.98000,-1.47000,1.22000,0.00000,2.21000,0.92000,86.57000,-13.81000
-0.00000,0.98000,-1.44000,1.78000,0.00000,2.21000,0.92000,86.57000,-13.81000
-0.00000,0.98000,-1.40000,2.10000,0.00000,2.20000,0.92000,81.32000,-8.20000
-0.00000,0.97000,-1.36000,2.43000,0.00000,2.19000,0.93000,81.32000,-8.20000
-0.00000,0.97000,-1.31000,2.62000,0.00000,2.17000,0.95000,73.76000,-2.25000
-0.00000,0.97000,-1.27000,2.55000,0.00000,2.15000,0.98000,73.76000,-2.25000
0.00000,0.97000,-1.22000,2.62000,0.00000,2.11000,1.02000,69.36000,4.47000
0.00000,0.96000,-1.17000,2.45000,0.00000,2.05000,1.08000,69.36000,4.47000
0.00000,0.96000,-1.14000,2.10000,0.00000,1.97000,1.15000,66.17000,12.61000
0.00000,0.96000,-1.10000,1.83000,0.00000,1.88000,1.25000,66.17000,12.61000
0.00000,0.96000,-1.08000,1.10000,0.00000,1.78000,1.35000,69.74000,22.47000
0.00000,0.96000,-1.07000,0.87000,0.00000,1.84000,1.56000,69.74000,22.47000
0.00000,0.96000,-1.05000,0.77000,0.00000,2.74000,2.71000,98.19000,50.95000
0.01000,0.96000,-1.03000,1.29000,0.00000,3.23000,3.22000,98.19000,50.95000
0.01000,0.95000,-1.00000,1.64000,0.00000,2.93000,2.95000,106.07000,70.81000
0.01000,0.95000,-0.96000,2.28000,0.12000,1.39000,1.75000,106.07000,70.81000
0.01000,0.95000,-0.92000,2.55000,0.23000,1.24000,1.88000,75.66000,70.66000
0.01000,0.95000,-0.88000,2.30000,0.08000,1.13000,2.00000,75.66000,70.66000
0.01000,0.95000,-0.85000,1.60000,0.00000,1.05000,2.08000,66.17000,84.76000
0.01000,0.94000,-0.85000,0.62000,0.44000,1.00000,2.12000,66.17000,84.76000
0.01000,0.94000,-0.86000,0.04000,0.71000,1.00000,2.13000,83.08000,92.16000
0.01000,0.94000,-0.88000,0.06000,0.98000,1.01000,2.12000,83.08000,92.16000
0.02000,0.94000,-0.89000,0.02000,0.98000,1.02000,2.10000,94.10000,93.87000
0.02000,0.94000,-0.91000,0.08000,0.87000,1.04000,2.09000,94.10000,93.87000
0.02000,0.94000,-0.91000,0.87000,1.08000,1.05000,2.07000,100.04000,101.69000
0.02000,0.94000,-0.91000,1.83000,1.70000,1.05000,2.07000,100.04000,101.69000
0.02000,0.93000,-0.90000,2.20000,1.97000,1.03000,2.10000,79.36000,96.83000
0.03000,0.93000,-0.90000,2.01000,1.91000,1.00000,2.12000,79.36000,96.83000
0.03000,0.93000,-0.91000,1.47000,1.93000,0.98000,2.14000,71.07000,96.80000
0.03000,0.92000,-0.93000,1.22000,1.99000,0.97000,2.15000,71.07000,96.80000
0.03000,0.92000,-0.94000,1.00000,1.83000,0.96000,2.16000,76.43000,97.22000
0.03000,0.92000,-0.96000,0.79000,2.05000,0.96000,2.17000,76.43000,97.22000
0.04000,0.92000,-0.99000,0.71000,1.97000,0.95000,2.17000,81.26000,97.41000
0.04000,0.91000,-1.00000,0.91000,1.85000,0.95000,2.17000,81.26000,97.41000
0.04000,0.91000,-1.01000,1.35000,1.89000,1.10000,2.03000,82.58000,99.07000
0.04000,0.91000,-1.03000,1.20000,2.12000,1.11000,2.01000,82.58000,99.07000
0.04000,0.90000,-1.05000,1.12000,2.24000,1.14000,1.99000,79.91000,95.51000
0.04000,0.90000,-1.07000,1.10000,2.14000,1.18000,1.95000,79.91000,95.51000
0.05000,0.90000,-1.09000,0.89000,2.05000,1.22000,1.91000,82.31000,93.21000
0.05000,0.90000,-1.12000,0.37000,1.83000,1.28000,1.85000,82.31000,93.21000
0.05000,0.89000,-1.15000,0.17000,1.93000,1.36000,1.77000,96.04000,94.39000
0.05000,0.89000,-1.17000,0.27000,1.74000,2.69000,2.72000,96.04000,94.39000
0.05000,0.89000,-1.20000,0.60000,1.76000,3.24000,3.24000,131.77000,117.38000
0.05000,0.89000,-1.20000,2.05000,2.12000,2.33000,2.12000,131.77000,117.38000
0.05000,0.88000,-1.19000,3.01000,2.57000,2.16000,1.93000,106.62000,101.18000
0.06000,0.87000,-1.18000,3.26000,2.61000,2.58000,2.54000,106.62000,101.18000
0.06000,0.87000,-1.16000,3.38000,2.64000,3.10000,3.09000,103.25000,109.91000
0.06000,0.86000,-1.14000,4.03000,2.93000,3.28000,3.28000,103.25000,109.91000
0.07000,0.85000,-1.12000,4.28000,3.03000,2.73000,2.75000,85.20000,103.09000
0.07000,0.85000,-1.10000,4.11000,3.05000,1.40000,1.75000,85.20000,103.09000
0.07000,0.84000,-1.09000,3.96000,3.24000,1.30000,1.82000,54.74000,86.21000
0.08000,0.83000,-1.08000,3.22000,2.99000,1.23000,1.89000,54.74000,86.21000
0.08000,0.83000,-1.09000,2.28000,2.72000,1.19000,1.93000,49.66000,81.43000
0.08000,0.82000,-1.11000,1.45000,2.41000,1.18000,1.94000,49.66000,81.43000
0.08000,0.82000,-1.13000,0.85000,1.99000,1.20000,1.92000,64.15000,83.66000
0.08000,0.82000,-1.15000,0.56000,1.70000,1.24000,1.89000,64.15000,83.66000
0.08000,0.82000,-1.17000,0.71000,1.68000,1.29000,1.84000,77.30000,90.01000
0.09000,0.81000,-1.18000,1.20000,1.81000,1.33000,1.79000,77.30000,90.01000
0.09000,0.81000,-1.18000,1.91000,1.83000,1.35000,1.77000,72.97000,88.35000
0.09000,0.80000,-1.17000,2.03000,1.78000,1.32000,1.80000,72.97000,88.35000
0.09000,0.80000,-1.17000,2.18000,1.99000,1.27000,1.85000,60.25000,89.62000
0.09000,0.80000,-1.17000,1.81000,2.05000,1.81000,1.31000,60.25000,89.62000
0.09000,0.79000,-1.19000,1.39000,2.14000,1.83000,1.29000,67.50000,77.55000
0.10000,0.79000,-1.20000,1.37000,1.99000,1.88000,1.24000,67.50000,77.55000
0.10000,0.79000,-1.20000,1.58000,1.70000,1.92000,1.20000,75.54000,72.61000
0.10000,0.78000,-1.20000,1.64000,1.31000,1.93000,1.19000,75.54000,72.61000
0.10000,0.78000,-1.18000,1.91000,1.27000,1.93000,1.20000,74.87000,78.07000
0.10000,0.78000,-1.17000,2.03000,1.04000,1.90000,1.22000,74.87000,78.07000
0.10000,0.77000,-1.15000,1.99000,1.04000,1.86000,1.27000,69.63000,82.52000
0.10000,0.77000,-1.14000,1.66000,1.39000,1.81000,1.32000,69.63000,82.52000
0.10000,0.77000,-1.15000,1.14000,1.35000,1.80000,1.33000,73.27000,79.50000
0.11000,0.76000,-1.15000,1.10000,1.31000,1.81000,1.31000,73.27000,79.50000
0.11000,0.76000,-1.16000,0.83000,1.22000,1.83000,1.29000,83.01000,79.82000
0.11000,0.76000,-1.16000,1.00000,0.95000,1.86000,1.27000,83.01000,79.82000
0.11000,0.76000,-1.15000,1.33000,0.93000,1.86000,1.26000,89.43000,84.58000
0.11000,0.76000,-1.14000,1.60000,1.12000,1.85000,1.28000,89.43000,84.58000
0.11000,0.75000,-1.13000,1.91000,1.29000,1.82000,1.30000,85.03000,84.47000
0.11000,0.75000,-1.12000,1.87000,1.22000,1.80000,1.33000,85.03000,84.47000
0.11000,0.75000,-1.11000,1.85000,1.58000,1.76000,1.36000,81.45000,84.97000
0.12000,0.74000,-1.11000,1.83000,1.43000,1.76000,1.38000,81.45000,84.97000
0.12000,0.74000,-1.10000,1.66000,1.47000,1.76000,1.41000,81.31000,83.41000
0.12000,0.74000,-1.10000,1.66000,1.72000,1.76000,1.43000,81.31000,83.41000
0.12000,0.73000,-1.11000,1.41000,1.56000,1.75000,1.40000,83.35000,78.74000
0.12000,0.73000,-1.11000,1.60000,1.54000,1.76000,1.37000,83.35000,78.74000
0.12000,0.73000,-1.10000,1.64000,1.29000,1.76000,1.37000,85.00000,79.10000
0.13000,0.72000,-1.09000,1.74000,1.25000,1.76000,1.39000,85.00000,79.10000
0.13000,0.72000,-1.08000,1.87000,1.20000,1.77000,1.45000,83.90000,83.70000
0.13000,0.72000,-1.07000,1.72000,1.06000,2.07000,1.82000,83.90000,83.70000
0.13000,0.72000,-1.06000,1.56000,1.18000,2.76000,2.74000,99.28000,107.01000
0.13000,0.71000,-1.06000,1.43000,1.66000,3.04000,3.02000,99.28000,107.01000
0.13000,0.71000,-1.07000,1.85000,2.12000,2.80000,2.77000,110.41000,108.61000
0.14000,0.70000,-1.08000,1.95000,2.61000,2.38000,2.18000,110.41000,108.61000
0.14000,0.70000,-1.09000,2.41000,2.80000,1.76000,1.44000,95.30000,80.92000
0.14000,0.69000,-1.09000,2.59000,2.43000,1.78000,1.35000,95.30000,80.92000
0.14000,0.69000,-1.07000,2.78000,2.05000,1.80000,1.32000,85.06000,74.97000
0.15000,0.68000,-1.05000,2.97000,1.51000,1.80000,1.33000,85.06000,74.97000
0.15000,0.68000,-1.02000,3.03000,1.37000,2.55000,2.50000,85.89000,99.67000
0.15000,0.68000,-0.99000,3.19000,1.51000,3.23000,3.24000,85.89000,99.67000
0.15000,0.67000,-0.96000,3.09000,1.93000,1.52000,1.82000,64.63000,95.36000
0.16000,0.67000,-0.96000,2.66000,2.20000,1.33000,1.79000,64.63000,95.36000
0.16000,0.66000,-0.96000,2.22000,2.35000,1.29000,1.83000,59.24000,87.04000
0.16000,0.66000,-0.97000,1.56000,2.14000,1.29000,1.83000,59.24000,87.04000
0.17000,0.66000,-0.99000,1.25000,2.16000,1.32000,1.80000,67.96000,85.37000
0.17000,0.65000,-1.00000,1.37000,1.91000,1.38000,1.76000,67.96000,85.37000
0.17000,0.65000,-1.00000,1.35000,1.87000,1.45000,1.77000,71.36000,86.33000
0.17000,0.65000,-1.01000,1.60000,1.66000,1.73000,1.99000,71.36000,86.33000
0.17000,0.64000,-1.01000,1.60000,1.78000,1.73000,1.99000,72.63000,92.48000
0.18000,0.64000,-1.01000,1.76000,1.72000,1.88000,2.11000,72.63000,92.48000
0.18000,0.64000,-1.01000,1.85000,1.89000,1.75000,2.00000,71.19000,93.71000
0.18000,0.63000,-1.01000,1.93000,2.05000,1.71000,1.97000,71.19000,93.71000
0.18000,0.63000,-1.01000,1.95000,2.16000,1.75000,2.00000,68.61000,90.39000
0.18000,0.63000,-1.02000,1.81000,2.03000,1.89000,2.12000,68.61000,90.39000
0.19000,0.62000,-1.03000,1.66000,2.14000,2.09000,2.30000,74.57000,94.94000
0.19000,0.62000,-1.03000,1.87000,2.16000,2.74000,2.77000,74.57000,94.94000
0.19000,0.61000,-1.04000,1.99000,2.16000,2.96000,2.98000,88.35000,104.77000
0.19000,0.61000,-1.04000,2.30000,2.49000,3.04000,3.05000,88.35000,104.77000
0.20000,0.60000,-1.04000,2.72000,2.74000,3.11000,3.12000,90.61000,106.84000
0.20000,0.60000,-1.04000,2.86000,2.97000,3.08000,3.09000,90.61000,106.84000
0.20000,0.59000,-1.05000,2.78000,3.03000,3.09000,3.10000,86.70000,103.12000
0.21000,0.59000,-1.06000,2.70000,3.26000,3.16000,3.17000,86.70000,103.12000
0.21000,0.58000,-1.07000,2.47000,3.11000,3.28000,3.28000,93.40000,102.28000
0.21000,0.58000,-1.08000,2.55000,3.01000,3.17000,3.16000,93.40000,102.28000
0.22000,0.57000,-1.08000,2.66000,2.86000,1.89000,1.24000,78.18000,75.57000
0.22000,0.57000,-1.09000,2.32000,2.61000,1.91000,1.22000,78.18000,75.57000
0.22000,0.56000,-1.08000,1.91000,1.89000,1.93000,1.19000,78.27000,70.18000
0.22000,0.56000,-1.08000,1.87000,1.62000,1.94000,1.19000,78.27000,70.18000
0.22000,0.56000,-1.07000,1.97000,1.18000,1.93000,1.19000,82.80000,76.55000
0.23000,0.55000,-1.05000,2.05000,1.08000,1.90000,1.22000,82.80000,76.55000
0.23000,0.55000,-1.02000,2.24000,0.81000,1.86000,1.27000,79.26000,83.23000
0.23000,0.55000,-1.00000,2.12000,0.83000,1.78000,1.35000,79.26000,83.23000
0.23000,0.54000,-0.98000,1.87000,1.08000,1.92000,1.65000,78.06000,93.87000
0.23000,0.54000,-0.99000,1.12000,1.43000,2.76000,2.73000,78.06000,93.87000
0.23000,0.54000,-1.00000,0.98000,1.56000,2.37000,2.17000,98.62000,97.56000
0.24000,0.54000,-1.01000,1.20000,1.78000,1.81000,1.51000,98.62000,97.56000
0.24000,0.53000,-1.02000,1.35000,1.97000,1.76000,1.37000,95.68000,84.75000
0.24000,0.53000,-1.03000,1.56000,1.78000,1.80000,1.32000,95.68000,84.75000
0.24000,0.53000,-1.02000,1.83000,1.56000,1.82000,1.30000,94.65000,81.19000
0.24000,0.52000,-1.01000,2.30000,1.56000,1.81000,1.31000,94.65000,81.19000
0.25000,0.52000,-0.99000,2.49000,1.39000,1.78000,1.35000,84.40000,82.40000
0.25000,0.52000,-0.96000,2.93000,1.22000,1.79000,1.49000,84.40000,82.40000
0.25000,0.51000,-0.93000,2.88000,1.27000,3.18000,3.17000,92.92000,113.50000
0.26000,0.51000,-0.91000,3.07000,2.16000,2.77000,2.80000,92.92000,113.50000
0.26000,0.50000,-0.90000,3.32000,2.68000,1.51000,1.80000,67.15000,90.65000
0.26000,0.50000,-0.89000,3.07000,2.49000,1.36000,1.77000,67.15000,90.65000
0.27000,0.49000,-0.89000,2.49000,2.30000,1.30000,1.82000,54.68000,83.82000
0.27000,0.49000,-0.89000,2.14000,2.26000,1.27000,1.85000,54.68000,83.82000
0.27000,0.49000,-0.90000,1.43000,1.85000,1.26000,1.87000,57.38000,83.96000
0.27000,0.48000,-0.91000,1.04000,1.66000,1.26000,1.87000,57.38000,83.96000
0.28000,0.48000,-0.92000,1.00000,1.62000,1.28000,1.85000,68.92000,90.28000
0.28000,0.48000,-0.93000,1.12000,1.54000,1.30000,1.83000,68.92000,90.28000
0.28000,0.48000,-0.94000,1.29000,1.85000,1.30000,1.82000,69.52000,92.83000
0.28000,0.47000,-0.94000,1.54000,1.76000,1.32000,1.81000,69.52000,92.83000
0.28000,0.47000,-0.95000,1.58000,2.01000,1.31000,1.81000,64.45000,91.06000
0.29000,0.47000,-0.96000,1.41000,1.85000,1.30000,1.82000,64.45000,91.06000
0.29000,0.46000,-0.96000,1.41000,1.83000,2.94000,2.92000,89.40000,106.70000
0.29000,0.46000,-0.97000,2.10000,2.39000,2.47000,2.34000,89.40000,106.70000
0.30000,0.45000,-0.97000,2.64000,2.72000,2.05000,1.81000,75.03000,88.40000
0.30000,0.45000,-0.97000,2.86000,2.57000,1.92000,1.65000,75.03000,88.40000
0.30000,0.44000,-0.96000,2.70000,2.34000,2.12000,1.89000,64.31000,83.33000
0.30000,0.44000,-0.96000,2.32000,2.16000,2.48000,2.37000,64.31000,83.33000
0.31000,0.44000,-0.96000,2.01000,1.97000,2.62000,2.58000,75.33000,95.74000
0.31000,0.43000,-0.96000,1.74000,2.08000,2.61000,2.57000,75.33000,95.74000
0.31000,0.43000,-0.97000,1.64000,2.22000,2.16000,1.93000,78.89000,89.75000
0.31000,0.43000,-0.98000,1.68000,2.32000,1.77000,1.44000,78.89000,89.75000
0.32000,0.42000,-0.99000,1.64000,2.20000,1.77000,1.35000,76.57000,76.53000
0.32000,0.42000,-1.00000,1.74000,1.91000,1.81000,1.31000,76.57000,76.53000
0.32000,0.42000,-1.00000,1.62000,1.70000,1.83000,1.29000,77.07000,75.98000
0.32000,0.41000,-0.99000,1.68000,1.22000,1.85000,1.28000,77.07000,75.98000
0.32000,0.41000,-0.98000,1.33000,1.02000,1.83000,1.30000,78.45000,82.62000
0.33000,0.41000,-0.98000,1.49000,1.16000,1.81000,1.31000,78.45000,82.62000
0.33000,0.41000,-0.97000,1.52000,1.06000,1.80000,1.32000,81.74000,84.39000
0.33000,0.40000,-0.96000,1.39000,1.08000,1.78000,1.35000,81.74000,84.39000
0.33000,0.40000,-0.96000,1.49000,1.29000,1.77000,1.36000,84.63000,87.18000
0.33000,0.40000,-0.96000,1.43000,1.29000,1.76000,1.37000,84.63000,87.18000
0.34000,0.40000,-0.95000,1.83000,1.49000,1.76000,1.37000,86.15000,85.94000
0.34000,0.39000,-0.94000,2.12000,1.70000,1.75000,1.39000,86.15000,85.94000
0.34000,0.39000,-0.93000,2.30000,1.72000,1.77000,1.45000,77.98000,81.32000
0.34000,0.39000,-0.93000,2.01000,1.78000,1.95000,1.69000,77.98000,81.32000
0.34000,0.38000,-0.93000,1.66000,1.56000,2.06000,1.82000,81.82000,84.11000
0.35000,0.38000,-0.93000,1.27000,1.62000,2.07000,1.83000,81.82000,84.11000
0.35000,0.38000,-0.95000,0.93000,1.58000,1.79000,1.48000,89.24000,81.78000
0.35000,0.38000,-0.95000,1.12000,1.29000,1.77000,1.36000,89.24000,81.78000
0.35000,0.37000,-0.95000,1.39000,1.33000,1.79000,1.34000,94.51000,83.79000
0.35000,0.37000,-0.95000,1.33000,1.20000,1.79000,1.33000,94.51000,83.79000
0.36000,0.37000,-0.94000,1.66000,1.27000,1.80000,1.33000,95.57000,85.15000
0.36000,0.37000,-0.93000,1.85000,1.35000,1.79000,1.34000,95.57000,85.15000
0.36000,0.36000,-0.91000,2.45000,1.35000,1.78000,1.35000,90.27000,84.08000
0.36000,0.36000,-0.88000,2.80000,1.39000,1.77000,1.44000,90.27000,84.08000
0.37000,0.35000,-0.86000,3.09000,1.49000,2.69000,2.66000,89.25000,103.06000
0.37000,0.35000,-0.83000,3.38000,1.76000,3.26000,3.26000,89.25000,103.06000
0.37000,0.34000,-0.81000,3.40000,2.41000,1.42000,1.76000,60.81000,91.56000
0.38000,0.34000,-0.80000,2.93000,2.49000,1.32000,1.80000,60.81000,91.56000
0.38000,0.34000,-0.80000,2.20000,2.45000,1.29000,1.84000,53.88000,81.82000
0.39000,0.33000,-0.81000,1.54000,2.03000,1.29000,1.83000,53.88000,81.82000
0.39000,0.33000,-0.83000,1.08000,1.91000,1.32000,1.81000,65.35000,84.29000
0.39000,0.33000,-0.84000,1.12000,1.87000,1.37000,1.76000,65.35000,84.29000
0.39000,0.33000,-0.85000,1.29000,1.54000,1.49000,1.80000,72.93000,85.27000
0.39000,0.32000,-0.85000,1.43000,1.60000,1.61000,1.88000,72.93000,85.27000
0.40000,0.32000,-0.85000,1.78000,1.56000,1.72000,1.97000,73.81000,91.51000
0.40000,0.32000,-0.84000,1.93000,1.66000,1.51000,1.81000,73.81000,91.51000
0.40000,0.31000,-0.84000,2.08000,1.89000,1.41000,1.76000,63.50000,89.58000
0.41000,0.31000,-0.84000,1.89000,1.89000,1.38000,1.76000,63.50000,89.58000
0.41000,0.31000,-0.84000,1.85000,2.14000,1.37000,1.76000,60.36000,86.82000
0.41000,0.31000,-0.85000,1.58000,1.99000,1.39000,1.75000,60.36000,86.82000
0.41000,0.30000,-0.86000,1.37000,1.93000,1.44000,1.76000,62.95000,84.54000
0.42000,0.30000,-0.87000,1.14000,1.85000,1.70000,1.96000,62.95000,84.54000
0.42000,0.30000,-0.88000,1.12000,1.78000,2.69000,2.72000,87.41000,99.68000
0.42000,0.29000,-0.89000,1.83000,2.01000,3.17000,3.18000,87.41000,99.68000
0.42000,0.29000,-0.89000,2.32000,2.26000,3.23000,3.23000,94.52000,110.13000
0.43000,0.29000,-0.88000,2.90000,2.66000,3.20000,3.21000,94.52000,110.13000
0.43000,0.28000,-0.88000,3.34000,2.95000,3.07000,3.08000,84.36000,105.50000
0.44000,0.27000,-0.88000,3.15000,3.20000,2.64000,2.67000,84.36000,105.50000
0.44000,0.27000,-0.89000,2.64000,3.20000,2.52000,2.56000,73.32000,92.17000
0.44000,0.26000,-0.90000,2.39000,3.01000,2.98000,3.00000,73.32000,92.17000
0.45000,0.26000,-0.91000,2.12000,2.88000,3.24000,3.24000,91.83000,101.38000
0.45000,0.26000,-0.93000,2.03000,2.86000,3.22000,3.21000,91.83000,101.38000
0.45000,0.25000,-0.93000,2.45000,2.86000,2.53000,2.47000,91.60000,93.32000
0.46000,0.25000,-0.94000,2.51000,2.66000,1.87000,1.59000,91.60000,93.32000
0.46000,0.24000,-0.93000,2.64000,2.55000,1.75000,1.41000,75.79000,78.17000
0.46000,0.24000,-0.93000,2.37000,2.05000,1.77000,1.36000,75.79000,78.17000
0.47000,0.23000,-0.93000,1.95000,1.83000,1.94000,1.18000,76.23000,76.34000
0.47000,0.23000,-0.92000,1.97000,1.43000,1.94000,1.18000,76.23000,76.34000
0.47000,0.23000,-0.91000,1.58000,1.27000,1.92000,1.20000,79.34000,80.72000
0.47000,0.23000,-0.90000,1.56000,1.14000,1.91000,1.21000,79.34000,80.72000
0.47000,0.22000,-0.90000,1.33000,1.00000,1.90000,1.23000,84.90000,84.10000
0.48000,0.22000,-0.90000,1.12000,1.27000,1.89000,1.24000,84.90000,84.10000
0.48000,0.22000,-0.91000,1.12000,1.43000,1.90000,1.23000,93.48000,82.77000
0.48000,0.22000,-0.91000,1.20000,1.29000,1.92000,1.21000,93.48000,82.77000
0.48000,0.22000,-0.90000,1.39000,1.16000,1.93000,1.20000,97.33000,81.77000
0.48000,0.21000,-0.89000,1.72000,1.18000,1.92000,1.20000,97.33000,81.77000
0.49000,0.21000,-0.88000,1.99000,1.04000,1.90000,1.23000,93.50000,83.21000
0.49000,0.21000,-0.85000,2.45000,0.91000,1.86000,1.27000,93.50000,83.21000
0.49000,0.20000,-0.82000,2.86000,1.25000,1.77000,1.36000,81.71000,89.49000
0.49000,0.20000,-0.79000,3.01000,1.29000,2.42000,2.25000,81.71000,89.49000
0.50000,0.20000,-0.76000,3.09000,1.62000,3.25000,3.25000,91.43000,114.98000
0.50000,0.19000,-0.74000,3.24000,2.16000,1.74000,1.99000,91.43000,114.98000
0.51000,0.19000,-0.73000,3.36000,2.86000,1.36000,1.77000,61.07000,91.48000
0.51000,0.18000,-0.73000,2.91000,2.89000,1.31000,1.81000,61.07000,91.48000
0.52000,0.18000,-0.74000,2.24000,2.74000,1.30000,1.83000,53.82000,79.09000
0.52000,0.18000,-0.75000,1.68000,2.30000,1.31000,1.81000,53.82000,79.09000
0.52000,0.17000,-0.77000,0.93000,1.87000,1.34000,1.78000,63.22000,80.82000
0.52000,0.17000,-0.79000,0.89000,1.74000,1.42000,1.76000,63.22000,80.82000
0.53000,0.17000,-0.79000,1.10000,1.33000,1.99000,2.21000,82.76000,92.54000
0.53000,0.17000,-0.79000,1.58000,1.56000,2.29000,2.44000,82.76000,92.54000
0.53000,0.17000,-0.78000,2.07000,1.68000,2.14000,2.34000,81.28000,100.11000
0.54000,0.16000,-0.77000,2.57000,1.95000,1.58000,1.86000,81.28000,100.11000
0.54000,0.16000,-0.76000,2.72000,2.32000,1.37000,1.76000,58.25000,90.15000
0.54000,0.15000,-0.76000,2.34000,2.30000,1.33000,1.80000,58.25000,90.15000
0.55000,0.15000,-0.77000,1.68000,2.22000,1.31000,1.82000,53.47000,84.57000
0.55000,0.15000,-0.79000,1.35000,2.12000,1.32000,1.80000,53.47000,84.57000
0.55000,0.15000,-0.80000,1.10000,1.74000,1.36000,1.77000,62.92000,83.76000
0.55000,0.14000,-0.81000,0.71000,1.60000,1.40000,1.75000,62.92000,83.76000
0.56000,0.14000,-0.82000,0.81000,1.31000,1.75000,2.00000,78.56000,92.96000
0.56000,0.14000,-0.83000,1.37000,1.56000,2.38000,2.48000,78.56000,92.96000
0.56000,0.14000,-0.83000,1.83000,1.83000,2.52000,2.56000,86.38000,104.42000
0.56000,0.13000,-0.82000,2.28000,2.18000,2.22000,2.41000,86.38000,104.42000
0.57000,0.13000,-0.82000,2.49000,2.43000,1.73000,1.99000,67.81000,92.49000
0.57000,0.13000,-0.83000,2.12000,2.57000,1.76000,1.36000,67.81000,92.49000
0.57000,0.12000,-0.85000,1.43000,2.41000,1.80000,1.33000,67.94000,75.51000
0.58000,0.12000,-0.86000,1.29000,2.10000,1.86000,1.26000,67.94000,75.51000
0.58000,0.12000,-0.87000,1.06000,1.64000,1.91000,1.22000,80.16000,73.54000
0.58000,0.12000,-0.88000,1.20000,1.31000,1.94000,1.18000,80.16000,73.54000
0.58000,0.11000,-0.87000,1.58000,0.98000,1.95000,1.17000,85.75000,79.44000
0.58000,0.11000,-0.85000,1.70000,1.00000,1.93000,1.20000,85.75000,79.44000
0.59000,0.11000,-0.84000,1.85000,1.22000,1.90000,1.23000,82.00000,84.13000
0.59000,0.11000,-0.83000,1.85000,1.31000,1.87000,1.25000,82.00000,84.13000
0.59000,0.10000,-0.83000,1.78000,1.43000,1.85000,1.28000,80.20000,81.60000
0.59000,0.10000,-0.82000,1.74000,1.47000,1.83000,1.29000,80.20000,81.60000
0.60000,0.10000,-0.81000,1.74000,1.29000,1.82000,1.30000,81.36000,79.30000
0.60000,0.10000,-0.80000,1.83000,1.37000,1.80000,1.33000,81.36000,79.30000
0.60000,0.09000,-0.79000,1.74000,1.18000,1.78000,1.35000,79.91000,80.55000
0.60000,0.09000,-0.78000,1.83000,0.91000,1.75000,1.39000,79.91000,80.55000
0.60000,0.09000,-0.77000,1.76000,1.14000,2.08000,1.84000,84.18000,94.64000
0.61000,0.09000,-0.77000,1.76000,1.83000,2.78000,2.76000,84.18000,94.64000
0.61000,0.08000,-0.78000,1.58000,2.18000,2.67000,2.64000,95.53000,98.47000
0.61000,0.08000,-0.79000,1.66000,2.45000,1.93000,1.67000,95.53000,98.47000
0.62000,0.08000,-0.80000,1.89000,2.51000,1.76000,1.38000,88.82000,75.07000
0.62000,0.07000,-0.81000,1.83000,2.05000,1.80000,1.32000,88.82000,75.07000
0.62000,0.07000,-0.81000,1.72000,1.74000,1.82000,1.30000,87.88000,73.40000
0.63000,0.07000,-0.80000,1.78000,1.16000,1.83000,1.29000,87.88000,73.40000
0.63000,0.06000,-0.77000,2.24000,0.91000,1.80000,1.32000,88.19000,82.57000
0.63000,0.06000,-0.75000,2.53000,1.02000,1.76000,1.44000,88.19000,82.57000
0.63000,0.06000,-0.71000,2.91000,1.18000,3.00000,2.98000,95.04000,110.66000
0.64000,0.06000,-0.68000,3.28000,1.64000,2.99000,3.00000,95.04000,110.66000
0.64000,0.05000,-0.66000,3.53000,2.28000,1.39000,1.75000,62.55000,94.68000
0.65000,0.05000,-0.65000,3.15000,2.55000,1.29000,1.83000,62.55000,94.68000
0.65000,0.04000,-0.65000,2.45000,2.61000,1.24000,1.89000,50.75000,83.72000
0.66000,0.04000,-0.67000,1.70000,2.41000,1.22000,1.90000,50.75000,83.72000
0.66000,0.04000,-0.69000,0.98000,1.99000,1.24000,1.89000,61.06000,81.90000
0.66000,0.04000,-0.70000,0.89000,1.91000,1.28000,1.85000,61.06000,81.90000
0.66000,0.04000,-0.72000,0.75000,1.62000,1.32000,1.80000,71.69000,84.94000
0.67000,0.03000,-0.73000,0.91000,1.58000,1.37000,1.76000,71.69000,84.94000
0.67000,0.03000,-0.74000,1.20000,1.39000,1.45000,1.77000,75.83000,88.78000
0.67000,0.03000,-0.74000,1.54000,1.60000,1.46000,1.78000,75.83000,88.78000
0.67000,0.03000,-0.74000,1.49000,1.47000,1.43000,1.76000,69.41000,89.50000
0.68000,0.02000,-0.73000,1.74000,1.64000,1.39000,1.75000,69.41000,89.50000
0.68000,0.02000,-0.74000,1.49000,1.74000,1.36000,1.77000,64.60000,90.00000
0.68000,0.02000,-0.75000,1.49000,1.87000,1.35000,1.78000,64.60000,90.00000
0.68000,0.02000,-0.75000,1.47000,1.93000,1.35000,1.78000,65.86000,87.47000
0.69000,0.01000,-0.76000,1.33000,1.83000,-1.87000,-0.75000,65.86000,87.47000
0.69000,0.01000,-0.78000,1.27000,2.05000,-1.91000,-0.77000,18.58000,49.27000
0.69000,0.01000,-0.79000,0.29000,1.20000,-1.96000,-0.81000,18.58000,49.27000
0.69000,0.01000,-0.80000,0.00000,0.44000,-2.01000,-0.84000,13.26000,42.06000
0.69000,0.01000,-0.80000,0.00000,0.06000,-2.03000,-0.85000,13.26000,42.06000
0.69000,0.01000,-0.80000,0.00000,0.00000,-2.03000,-0.85000,3.52000,46.75000
0.69000,0.01000,-0.80000,0.00000,0.00000,-2.03000,-0.85000,3.52000,46.75000
0.69000,0.01000,-0.80000,0.00000,0.00000,-2.03000,-0.85000,-8.65000,42.21000
0.69000,0.01000,-0.80000,0.00000,0.00000,-2.03000,-0.85000,-8.65000,42.21000
0.69000,0.01000,-0.80000,0.00000,0.00000,-2.03000,-0.85000,-20.82000,37.12000
0.69000,0.01000,-0.80000,0.00000,0.00000,-2.03000,-0.85000,-20.82000,37.12000
0.69000,0.01000,-0.80000,0.00000,0.00000,-2.03000,-0.85000,-32.99000,32.02000
0.69000,0.01000,-0.80000,0.00000,0.00000,-2.03000,-0.85000,-32.99000,32.02000
0.69000,0.01000,-0.80000,-0.02000,0.00000,-2.03000,-0.85000,-45.17000,26.92000
0.69000,0.01000,-0.80000,-0.10000,0.00000,-2.03000,-0.85000,-45.17000,26.92000
0.69000,0.01000,-0.81000,-0.04000,0.00000,-2.03000,-0.85000,-55.85000,21.78000
0.69000,0.01000,-0.81000,-0.17000,0.00000,-2.03000,-0.85000,-55.85000,21.78000
0.69000,0.01000,-0.81000,-0.25000,0.00000,-2.04000,-0.86000,-66.61000,16.60000
0.69000,0.01000,-0.82000,-0.46000,0.00000,-2.05000,-0.86000,-66.61000,16.60000
0.69000,0.01000,-0.83000,-0.66000,0.00000,-2.06000,-0.87000,-73.86000,11.27000
0.69000,0.01000,-0.85000,-0.91000,0.00000,-2.08000,-0.88000,-73.86000,11.27000
0.69000,0.01000,-0.87000,-1.31000,0.00000,-2.10000,-0.89000,-77.26000,5.81000
0.69000,0.02000,-0.91000,-1.76000,0.00000,-2.13000,-0.90000,-77.26000,5.81000
0.69000,0.02000,-0.94000,-1.97000,0.00000,-2.16000,-0.90000,-72.47000,0.26000
0.68000,0.02000,-0.98000,-2.14000,0.00000,-2.18000,-0.91000,-72.47000,0.26000
0.68000,0.02000,-1.02000,-2.08000,0.00000,-2.20000,-0.90000,-69.80000,-5.20000
0.68000,0.02000,-1.05000,-1.93000,0.00000,-2.21000,-0.91000,-69.80000,-5.20000
0.68000,0.02000,-1.09000,-1.91000,0.00000,-2.21000,-0.91000,-73.46000,-10.66000
0.68000,0.03000,-1.12000,-1.87000,0.00000,-2.21000,-0.91000,-73.46000,-10.66000
0.68000,0.03000,-1.16000,-1.97000,0.00000,-2.21000,-0.91000,-76.13000,-16.13000
0.68000,0.03000,-1.19000,-1.95000,0.00000,-2.21000,-0.91000,-76.13000,-16.13000
0.68000,0.03000,-1.23000,-2.20000,0.00000,-2.21000,-0.91000,-76.96000,-21.61000
0.68000,0.03000,-1.27000,-2.08000,0.00000,-2.21000,-0.91000,-76.96000,-21.61000
0.68000,0.04000,-1.30000,-1.99000,0.00000,-2.21000,-0.92000,-76.56000,-27.19000
0.67000,0.04000,-1.34000,-1.91000,0.00000,-2.20000,-0.93000,-76.56000,-27.19000
0.67000,0.04000,-1.38000,-2.28000,0.00000,-2.19000,-0.94000,-79.57000,-32.97000
0.67000,0.04000,-1.43000,-2.47000,0.00000,-2.17000,-0.95000,-79.57000,-32.97000
0.67000,0.05000,-1.47000,-2.43000,0.00000,-2.15000,-0.97000,-72.32000,-39.09000
0.67000,0.05000,-1.51000,-2.16000,0.00000,-2.14000,-0.99000,-72.32000,-39.09000
0.67000,0.05000,-1.54000,-1.49000,0.00000,-2.12000,-1.01000,-74.59000,-45.46000
0.67000,0.05000,-1.56000,-1.12000,0.00000,-2.11000,-1.01000,-74.59000,-45.46000
0.67000,0.05000,-1.57000,-0.73000,0.00000,-2.11000,-1.05000,-89.72000,-52.16000
0.67000,0.05000,-1.57000,-0.31000,0.00000,-2.23000,-1.58000,-89.72000,-52.16000
0.67000,0.05000,-1.57000,0.00000,0.00000,-2.45000,-2.20000,-112.91000,-75.74000
0.67000,0.05000,-1.58000,-0.56000,-0.02000,-2.45000,-2.20000,-112.91000,-75.74000
0.67000,0.06000,-1.61000,-1.56000,0.00000,-2.99000,-2.95000,-130.17000,-99.87000
0.67000,0.06000,-1.66000,-2.74000,-0.02000,-3.08000,-3.11000,-130.17000,-99.87000
0.67000,0.06000,-1.73000,-3.61000,0.00000,-1.02000,-2.11000,-82.43000,-104.80000
0.67000,0.07000,-1.79000,-3.59000,0.00000,-0.99000,-2.13000,-82.43000,-104.80000
0.67000,0.07000,-1.84000,-3.01000,-0.39000,-0.96000,-2.16000,-58.53000,-118.47000
0.68000,0.07000,-1.85000,-1.95000,-1.49000,-0.94000,-2.18000,-58.53000,-118.47000
0.68000,0.08000,-1.82000,-0.95000,-2.34000,-0.94000,-2.19000,-67.01000,-109.38000
0.68000,0.08000,-1.78000,-0.46000,-2.59000,-0.95000,-2.18000,-67.01000,-109.38000
0.68000,0.08000,-1.73000,0.00000,-2.72000,-0.96000,-2.16000,-83.73000,-96.68000
0.68000,0.09000,-1.69000,-0.15000,-2.70000,-0.99000,-2.14000,-83.73000,-96.68000
0.68000,0.09000,-1.65000,-0.52000,-2.53000,-1.01000,-2.12000,-92.06000,-91.92000
0.68000,0.09000,-1.63000,-1.06000,-2.24000,-1.02000,-2.11000,-92.06000,-91.92000
0.68000,0.10000,-1.62000,-1.64000,-2.10000,-1.21000,-2.14000,-86.63000,-95.54000
0.68000,0.10000,-1.62000,-1.89000,-2.14000,-1.84000,-2.31000,-86.63000,-95.54000
0.68000,0.11000,-1.61000,-1.97000,-2.14000,-2.36000,-2.52000,-92.35000,-102.20000
0.68000,0.11000,-1.60000,-1.62000,-2.18000,-2.63000,-2.70000,-92.35000,-102.20000
0.68000,0.12000,-1.59000,-1.54000,-2.41000,-3.11000,-3.15000,-110.51000,-113.27000
0.68000,0.12000,-1.58000,-2.07000,-2.63000,-3.27000,-3.24000,-110.51000,-113.27000
0.68000,0.13000,-1.58000,-2.70000,-2.82000,-3.04000,-3.00000,-111.47000,-109.98000
0.68000,0.13000,-1.58000,-3.20000,-2.95000,-2.94000,-2.89000,-111.47000,-109.98000
0.68000,0.14000,-1.60000,-3.61000,-2.51000,-3.10000,-3.07000,-101.45000,-108.57000
0.68000,0.15000,-1.63000,-3.94000,-2.07000,-3.20000,-3.23000,-101.45000,-108.57000
0.68000,0.16000,-1.67000,-4.01000,-2.10000,-1.09000,-2.11000,-59.49000,-108.06000
0.68000,0.16000,-1.68000,-3.15000,-2.37000,-1.01000,-2.11000,-59.49000,-108.06000
0.68000,0.17000,-1.67000,-1.97000,-2.74000,-1.01000,-2.12000,-52.96000,-104.04000
0.68000,0.17000,-1.64000,-1.10000,-2.68000,-1.01000,-2.11000,-52.96000,-104.04000
0.68000,0.17000,-1.60000,-0.56000,-2.72000,-1.03000,-2.11000,-71.19000,-97.65000
0.68000,0.18000,-1.57000,-0.68000,-2.59000,-3.13000,-3.17000,-71.19000,-97.65000
0.68000,0.18000,-1.54000,-1.02000,-2.45000,-2.52000,-2.37000,-99.40000,-99.42000
0.68000,0.19000,-1.53000,-1.62000,-2.18000,-2.11000,-1.03000,-99.40000,-99.42000
0.68000,0.19000,-1.54000,-2.47000,-2.22000,-2.11000,-1.02000,-90.19000,-84.02000
0.68000,0.20000,-1.55000,-2.41000,-1.78000,-2.11000,-1.02000,-90.19000,-84.02000
0.68000,0.20000,-1.56000,-2.53000,-1.70000,-2.11000,-1.04000,-81.29000,-83.35000
0.68000,0.21000,-1.57000,-2.22000,-1.66000,-2.24000,-1.61000,-81.29000,-83.35000
0.68000,0.21000,-1.58000,-1.99000,-1.60000,-2.74000,-2.66000,-91.74000,-105.10000
0.68000,0.21000,-1.58000,-2.14000,-2.01000,-3.07000,-3.03000,-91.74000,-105.10000
0.68000,0.22000,-1.58000,-2.43000,-2.45000,-3.14000,-3.10000,-102.09000,-112.42000
0.68000,0.23000,-1.58000,-2.93000,-2.95000,-3.12000,-3.09000,-102.09000,-112.42000
0.68000,0.23000,-1.58000,-3.38000,-3.26000,-3.11000,-3.07000,-95.85000,-104.53000
0.68000,0.24000,-1.59000,-3.49000,-3.28000,-3.17000,-3.14000,-95.85000,-104.53000
0.68000,0.25000,-1.58000,-3.15000,-3.49000,-3.24000,-3.21000,-90.51000,-102.39000
0.68000,0.26000,-1.57000,-2.55000,-3.34000,-3.10000,-3.07000,-90.51000,-102.39000
0.68000,0.26000,-1.54000,-1.93000,-3.13000,-2.37000,-2.00000,-89.97000,-82.89000
0.68000,0.27000,-1.53000,-1.54000,-2.57000,-2.11000,-1.03000,-89.97000,-82.89000
0.68000,0.27000,-1.51000,-1.33000,-2.14000,-2.11000,-1.01000,-100.22000,-71.54000
0.68000,0.27000,-1.51000,-1.25000,-1.45000,-2.12000,-1.01000,-100.22000,-71.54000
0.68000,0.27000,-1.52000,-1.58000,-0.91000,-2.12000,-1.01000,-108.17000,-78.92000
0.68000,0.28000,-1.54000,-1.81000,-0.79000,-2.11000,-1.01000,-108.17000,-78.92000
0.68000,0.28000,-1.57000,-2.35000,-0.58000,-2.11000,-1.02000,-104.82000,-86.36000
0.68000,0.28000,-1.61000,-2.82000,-0.35000,-2.43000,-2.15000,-104.82000,-86.36000
0.68000,0.29000,-1.67000,-3.07000,-0.23000,-2.80000,-2.86000,-101.77000,-121.84000
0.68000,0.29000,-1.70000,-2.99000,-1.16000,-1.01000,-2.11000,-101.77000,-121.84000
0.68000,0.30000,-1.71000,-2.90000,-2.20000,-1.00000,-2.12000,-72.18000,-113.76000
0.68000,0.30000,-1.70000,-2.45000,-2.82000,-0.99000,-2.13000,-72.18000,-113.76000
0.69000,0.31000,-1.68000,-1.49000,-3.07000,-1.00000,-2.13000,-68.28000,-94.67000
0.69000,0.31000,-1.64000,-0.83000,-3.07000,-1.01000,-2.12000,-68.28000,-94.67000
0.69000,0.32000,-1.59000,-0.08000,-2.47000,-1.05000,-2.11000,-84.70000,-86.47000
0.69000,0.32000,-1.56000,-0.19000,-1.95000,-3.27000,-3.29000,-84.70000,-86.47000
0.69000,0.32000,-1.54000,-0.66000,-1.74000,-2.23000,-1.58000,-113.30000,-89.53000
0.69000,0.33000,-1.55000,-1.68000,-1.35000,-2.11000,-1.02000,-113.30000,-89.53000
0.69000,0.33000,-1.57000,-2.55000,-1.18000,-2.11000,-1.04000,-101.33000,-88.34000
0.69000,0.33000,-1.60000,-2.93000,-1.29000,-2.75000,-2.68000,-101.33000,-88.34000
0.69000,0.34000,-1.64000,-3.03000,-0.85000,-3.17000,-3.20000,-101.11000,-119.73000
0.69000,0.34000,-1.68000,-3.34000,-1.29000,-1.03000,-2.11000,-101.11000,-119.73000
0.69000,0.35000,-1.71000,-3.63000,-1.97000,-1.01000,-2.12000,-63.97000,-115.02000
0.69000,0.36000,-1.72000,-3.07000,-2.34000,-0.99000,-2.13000,-63.97000,-115.02000
0.69000,0.36000,-1.71000,-2.34000,-2.76000,-0.99000,-2.14000,-53.73000,-104.41000
0.69000,0.37000,-1.69000,-1.58000,-2.70000,-0.99000,-2.13000,-53.73000,-104.41000
0.69000,0.37000,-1.66000,-0.83000,-2.59000,-1.00000,-2.13000,-63.80000,-97.69000
0.69000,0.37000,-1.63000,-0.60000,-2.37000,-1.01000,-2.11000,-63.80000,-97.69000
0.69000,0.38000,-1.60000,-0.71000,-2.16000,-1.06000,-2.11000,-75.95000,-99.01000
0.69000,0.38000,-1.59000,-1.20000,-2.12000,-2.91000,-2.95000,-75.95000,-99.01000
0.69000,0.38000,-1.57000,-1.37000,-2.28000,-3.27000,-3.30000,-102.79000,-119.00000
0.69000,0.39000,-1.56000,-2.01000,-2.49000,-2.97000,-2.92000,-102.79000,-119.00000
0.69000,0.40000,-1.56000,-2.76000,-2.97000,-2.47000,-2.25000,-91.05000,-104.84000
0.69000,0.40000,-1.56000,-2.84000,-2.93000,-2.29000,-1.78000,-91.05000,-104.84000
0.69000,0.41000,-1.56000,-2.93000,-2.99000,-2.23000,-1.60000,-77.78000,-87.01000
0.69000,0.42000,-1.56000,-2.61000,-2.63000,-2.20000,-1.47000,-77.78000,-87.01000
0.69000,0.42000,-1.55000,-2.24000,-2.30000,-2.18000,-1.41000,-76.81000,-80.66000
0.69000,0.42000,-1.55000,-2.01000,-2.07000,-2.16000,-1.32000,-76.81000,-80.66000
0.69000,0.43000,-1.55000,-1.85000,-1.85000,-2.14000,-1.24000,-82.65000,-79.20000
0.69000,0.43000,-1.56000,-1.93000,-1.68000,-2.14000,-1.23000,-82.65000,-79.20000
0.69000,0.44000,-1.57000,-1.87000,-1.37000,-2.21000,-1.50000,-85.63000,-84.03000
0.69000,0.44000,-1.58000,-1.99000,-1.41000,-2.58000,-2.48000,-85.63000,-84.03000
0.69000,0.44000,-1.59000,-1.85000,-1.18000,-3.10000,-3.07000,-99.77000,-110.44000
0.69000,0.45000,-1.60000,-1.91000,-1.51000,-3.29000,-3.27000,-99.77000,-110.44000
0.69000,0.45000,-1.59000,-1.83000,-2.26000,-3.22000,-3.25000,-109.42000,-121.51000
0.69000,0.46000,-1.58000,-2.16000,-2.66000,-3.29000,-3.27000,-109.42000,-121.51000
0.69000,0.46000,-1.57000,-2.24000,-2.97000,-3.16000,-3.13000,-112.72000,-113.07000
0.69000,0.47000,-1.56000,-2.41000,-2.88000,-2.54000,-2.40000,-112.72000,-113.07000
0.69000,0.47000,-1.55000,-2.30000,-2.68000,-2.19000,-1.44000,-100.43000,-87.15000
0.69000,0.48000,-1.55000,-2.34000,-2.20000,-2.12000,-1.11000,-100.43000,-87.15000
0.69000,0.48000,-1.57000,-2.53000,-1.66000,-2.13000,-1.18000,-99.14000,-84.77000
0.69000,0.49000,-1.60000,-2.61000,-0.91000,-2.65000,-2.56000,-99.14000,-84.77000
0.69000,0.49000,-1.64000,-2.66000,-0.68000,-3.18000,-3.21000,-109.55000,-128.41000
0.69000,0.50000,-1.66000,-2.78000,-1.45000,-1.05000,-2.11000,-109.55000,-128.41000
0.69000,0.50000,-1.67000,-2.95000,-2.41000,-1.01000,-2.11000,-77.97000,-117.62000
0.69000,0.51000,-1.66000,-2.53000,-2.82000,-1.01000,-2.11000,-77.97000,-117.62000
0.69000,0.51000,-1.64000,-1.93000,-3.05000,-1.01000,-2.11000,-71.07000,-101.06000
0.69000,0.52000,-1.62000,-1.27000,-2.78000,-1.02000,-2.11000,-71.07000,-101.06000
0.69000,0.52000,-1.59000,-0.79000,-2.39000,-1.82000,-2.31000,-93.12000,-100.31000
0.69000,0.53000,-1.57000,-1.08000,-2.07000,-3.30000,-3.27000,-93.12000,-100.31000
0.69000,0.53000,-1.57000,-1.52000,-1.68000,-2.89000,-2.83000,-115.23000,-115.98000
0.69000,0.53000,-1.57000,-2.16000,-1.83000,-2.71000,-2.63000,-115.23000,-115.98000
0.69000,0.54000,-1.59000,-2.80000,-1.74000,-3.01000,-2.97000,-111.70000,-126.25000
0.69000,0.55000,-1.62000,-3.24000,-1.89000,-3.25000,-3.28000,-111.70000,-126.25000
0.69000,0.55000,-1.65000,-3.86000,-2.22000,-1.90000,-2.33000,-83.94000,-122.62000
0.69000,0.56000,-1.67000,-3.65000,-2.49000,-1.02000,-2.11000,-83.94000,-122.62000
0.69000,0.57000,-1.67000,-3.36000,-2.99000,-1.01000,-2.12000,-56.39000,-113.03000
0.69000,0.57000,-1.66000,-2.53000,-3.11000,-1.01000,-2.12000,-56.39000,-113.03000
0.69000,0.58000,-1.63000,-1.47000,-3.26000,-1.01000,-2.11000,-57.34000,-101.43000
0.70000,0.58000,-1.60000,-1.02000,-2.93000,-1.03000,-2.11000,-57.34000,-101.43000
0.70000,0.59000,-1.56000,-0.60000,-2.82000,-3.04000,-3.07000,-101.33000,-112.62000
0.70000,0.59000,-1.53000,-1.06000,-2.68000,-2.40000,-2.08000,-101.33000,-112.62000
0.69000,0.60000,-1.51000,-2.07000,-2.84000,-2.11000,-1.02000,-98.87000,-86.44000
0.69000,0.60000,-1.51000,-2.66000,-2.57000,-2.11000,-1.01000,-98.87000,-86.44000
0.69000,0.61000,-1.54000,-3.05000,-1.76000,-2.11000,-1.01000,-81.24000,-77.94000
0.69000,0.61000,-1.57000,-2.76000,-0.91000,-2.11000,-1.03000,-81.24000,-77.94000
0.69000,0.61000,-1.60000,-2.30000,-0.62000,-3.02000,-2.98000,-90.10000,-123.02000
0.69000,0.62000,-1.62000,-2.20000,-1.39000,-2.97000,-3.01000,-90.10000,-123.02000
0.69000,0.62000,-1.61000,-2.34000,-2.55000,-1.67000,-2.26000,-79.83000,-117.39000
0.69000,0.63000,-1.60000,-2.20000,-3.11000,-2.04000,-2.38000,-79.83000,-117.39000
0.69000,0.64000,-1.57000,-1.95000,-3.42000,-3.13000,-3.16000,-98.49000,-110.29000
0.69000,0.64000,-1.55000,-2.26000,-3.40000,-2.99000,-2.95000,-98.49000,-110.29000
0.69000,0.65000,-1.54000,-2.61000,-2.84000,-2.14000,-1.21000,-88.25000,-76.95000
0.69000,0.65000,-1.55000,-2.30000,-2.10000,-2.11000,-1.08000,-88.25000,-76.95000
0.69000,0.66000,-1.56000,-1.85000,-1.25000,-2.12000,-1.15000,-86.70000,-82.52000
0.69000,0.66000,-1.58000,-1.58000,-0.66000,-2.34000,-1.92000,-86.70000,-82.52000
0.69000,0.66000,-1.59000,-0.85000,-0.17000,-3.14000,-3.10000,-111.70000,-127.63000
0.69000,0.66000,-1.58000,-0.35000,-0.79000,-3.27000,-3.29000,-111.70000,-127.63000
0.69000,0.66000,-1.56000,-0.68000,-1.58000,-3.23000,-3.21000,-140.89000,-141.94000
0.69000,0.67000,-1.56000,-1.87000,-2.12000,-2.57000,-2.47000,-140.89000,-141.94000
0.69000,0.68000,-1.56000,-3.13000,-2.86000,-2.33000,-1.90000,-121.91000,-116.89000
0.69000,0.68000,-1.58000,-3.61000,-2.99000,-2.54000,-2.41000,-121.91000,-116.89000
0.69000,0.69000,-1.60000,-3.96000,-2.78000,-3.09000,-3.06000,-109.96000,-119.89000
0.69000,0.70000,-1.62000,-3.98000,-2.59000,-3.19000,-3.22000,-109.96000,-119.89000
0.70000,0.70000,-1.64000,-3.73000,-2.88000,-1.39000,-2.18000,-75.71000,-113.03000
0.70000,0.71000,-1.64000,-3.01000,-2.88000,-1.03000,-2.11000,-75.71000,-113.03000
0.70000,0.72000,-1.63000,-2.22000,-2.88000,-1.02000,-2.11000,-69.26000,-105.10000
0.70000,0.72000,-1.60000,-1.22000,-2.70000,-1.07000,-2.11000,-69.26000,-105.10000
0.70000,0.73000,-1.56000,-0.50000,-2.57000,-2.93000,-2.98000,-112.78000,-116.32000
0.70000,0.73000,-1.54000,-1.22000,-2.45000,-2.70000,-2.63000,-112.78000,-116.32000
0.70000,0.73000,-1.54000,-2.20000,-2.47000,-2.11000,-1.05000,-110.66000,-92.88000
0.70000,0.74000,-1.55000,-2.68000,-1.66000,-2.11000,-1.03000,-110.66000,-92.88000
0.70000,0.74000,-1.59000,-2.99000,-1.04000,-2.20000,-1.50000,-95.62000,-102.98000
0.70000,0.75000,-1.63000,-3.20000,-1.02000,-3.26000,-3.28000,-95.62000,-102.98000
0.70000,0.75000,-1.67000,-3.42000,-1.10000,-1.07000,-2.11000,-68.01000,-120.86000
0.70000,0.76000,-1.70000,-3.09000,-1.45000,-1.01000,-2.12000,-68.01000,-120.86000
0.70000,0.76000,-1.71000,-2.51000,-2.12000,-0.99000,-2.13000,-55.67000,-121.17000
0.70000,0.77000,-1.69000,-1.87000,-2.74000,-0.99000,-2.13000,-55.67000,-121.17000
0.70000,0.77000,-1.65000,-1.04000,-3.15000,-1.00000,-2.13000,-61.47000,-105.91000
0.70000,0.78000,-1.61000,-0.50000,-2.95000,-1.01000,-2.11000,-61.47000,-105.91000
0.70000,0.78000,-1.57000,-0.42000,-2.70000,-1.32000,-2.16000,-81.69000,-99.62000
0.70000,0.78000,-1.54000,-0.83000,-2.55000,-3.25000,-3.22000,-81.69000,-99.62000
0.70000,0.79000,-1.52000,-1.45000,-2.47000,-2.13000,-1.17000,-93.75000,-86.02000
0.70000,0.79000,-1.52000,-1.97000,-2.18000,-2.11000,-1.02000,-93.75000,-86.02000
0.70000,0.80000,-1.53000,-2.39000,-1.66000,-2.11000,-1.02000,-84.11000,-80.99000
0.70000,0.80000,-1.54000,-2.32000,-1.49000,-2.11000,-1.03000,-84.11000,-80.99000
0.70000,0.81000,-1.57000,-2.24000,-0.95000,-2.14000,-1.23000,-80.14000,-87.52000
0.70000,0.81000,-1.59000,-2.07000,-0.89000,-3.08000,-3.04000,-80.14000,-87.52000
0.70000,0.81000,-1.60000,-1.87000,-1.16000,-3.20000,-3.22000,-98.60000,-124.86000
0.70000,0.82000,-1.60000,-2.12000,-2.01000,-2.68000,-2.75000,-98.60000,-124.86000
0.70000,0.82000,-1.60000,-2.57000,-2.74000,-2.49000,-2.59000,-94.17000,-112.51000
0.70000,0.83000,-1.60000,-2.84000,-2.97000,-2.67000,-2.74000,-94.17000,-112.51000
0.70000,0.84000,-1.60000,-3.07000,-3.20000,-2.76000,-2.82000,-89.61000,-105.20000
0.70000,0.84000,-1.60000,-2.99000,-2.88000,-2.85000,-2.90000,-89.61000,-105.20000
0.70000,0.85000,-1.61000,-2.88000,-2.12000,-2.68000,-2.75000,-85.76000,-104.53000
0.70000,0.85000,-1.62000,-2.37000,-1.97000,-1.28000,-2.15000,-85.76000,-104.53000
0.70000,0.86000,-1.61000,-1.68000,-1.97000,-1.06000,-2.11000,-68.86000,-107.75000
0.70000,0.86000,-1.60000,-1.06000,-1.93000,-1.12000,-2.12000,-68.86000,-107.75000
0.70000,0.86000,-1.57000,-0.19000,-1.78000,-2.31000,-2.50000,-99.40000,-115.00000
0.70000,0.87000,-1.54000,-0.02000,-1.83000,-3.27000,-3.25000,-99.40000,-115.00000
0.70000,0.87000,-1.50000,-0.12000,-1.83000,-2.14000,-1.21000,-119.87000,-100.65000
0.70000,0.87000,-1.49000,-0.75000,-1.70000,-2.11000,-1.01000,-119.87000,-100.65000
0.70000,0.87000,-1.49000,-1.56000,-1.37000,-2.12000,-1.01000,-121.41000,-95.81000
0.70000,0.88000,-1.51000,-2.30000,-1.16000,-2.12000,-1.01000,-121.41000,-95.81000
0.70000,0.88000,-1.55000,-2.61000,-0.71000,-2.11000,-1.01000,-106.16000,-99.82000
0.70000,0.89000,-1.58000,-2.62000,-0.73000,-2.15000,-1.27000,-106.16000,-99.82000
0.70000,0.89000,-1.62000,-2.76000,-0.81000,-3.29000,-3.26000,-117.98000,-139.18000
0.70000,0.89000,-1.64000,-3.22000,-1.78000,-1.42000,-2.19000,-117.98000,-139.18000
0.70000,0.90000,-1.66000,-3.46000,-2.55000,-1.02000,-2.11000,-78.96000,-121.22000
0.70000,0.91000,-1.65000,-2.84000,-3.03000,-1.01000,-2.12000,-78.96000,-121.22000
0.70000,0.91000,-1.63000,-1.99000,-3.07000,-1.01000,-2.12000,-71.25000,-104.63000
0.70000,0.92000,-1.62000,-1.49000,-2.53000,-1.01000,-2.11000,-71.25000,-104.63000
0.70000,0.92000,-1.60000,-1.10000,-2.14000,-1.02000,-2.11000,-80.64000,-106.45000
0.70000,0.93000,-1.57000,-0.62000,-2.10000,-1.14000,-2.12000,-80.64000,-106.45000
0.70000,0.93000,-1.54000,-0.42000,-1.93000,-3.04000,-3.08000,-121.18000,-125.01000
0.70000,0.93000,-1.53000,-1.27000,-2.28000,-3.08000,-3.04000,-121.18000,-125.01000
0.70000,0.94000,-1.53000,-2.53000,-2.49000,-2.19000,-1.44000,-113.30000,-103.61000
0.70000,0.94000,-1.54000,-2.95000,-1.91000,-2.16000,-1.30000,-113.30000,-103.61000
0.70000,0.95000,-1.58000,-3.07000,-1.31000,-2.82000,-2.76000,-103.04000,-123.87000
0.70000,0.95000,-1.61000,-3.15000,-1.54000,-3.13000,-3.16000,-103.04000,-123.87000
0.70000,0.96000,-1.63000,-3.28000,-2.10000,-1.09000,-2.11000,-73.17000,-124.90000
0.70000,0.96000,-1.63000,-2.86000,-2.51000,-1.01000,-2.11000,-73.17000,-124.90000
0.70000,0.97000,-1.62000,-2.28000,-2.84000,-1.01000,-2.12000,-63.98000,-113.84000
0.70000,0.98000,-1.60000,-1.87000,-3.05000,-1.01000,-2.12000,-63.98000,-113.84000
0.70000,0.98000,-1.58000,-1.41000,-2.86000,0.46000,1.52000,-45.69000,-48.83000
0.70000,0.98000,-1.55000,-0.58000,-1.79000,0.46000,1.51000,-45.69000,-48.83000
0.70000,0.98000,-1.55000,0.00000,-0.27000,0.42000,1.46000,-51.73000,-41.29000
0.70000,0.98000,-1.55000,-0.02000,0.00000,0.40000,1.44000,-51.73000,-41.29000
0.70000,0.98000,-1.55000,-0.02000,0.00000,0.40000,1.44000,-54.40000,-48.90000
0.70000,0.98000,-1.55000,-0.02000,0.00000,0.40000,1.44000,-54.40000,-48.90000
0.70000,0.98000,-1.55000,-0.04000,0.00000,0.40000,1.45000,-51.79000,-40.16000
0.70000,0.98000,-1.55000,-0.02000,0.00000,0.41000,1.45000,-51.79000,-40.16000
0.70000,0.98000,-1.55000,0.00000,0.00000,0.41000,1.46000,-49.11000,-31.33000
0.70000,0.98000,-1.55000,0.00000,0.00000,0.41000,1.46000,-49.11000,-31.33000
0.70000,0.98000,-1.55000,0.00000,0.00000,0.41000,1.46000,-46.82000,-22.59000
0.70000,0.98000,-1.55000,0.00000,0.00000,0.41000,1.46000,-46.82000,-22.59000
0.70000,0.98000,-1.55000,0.00000,0.00000,0.41000,1.46000,-44.34000,-13.86000
0.70000,0.98000,-1.55000,0.00000,0.00000,0.41000,1.46000,-44.34000,-13.86000
0.70000,0.98000,-1.55000,0.00000,0.00000,0.41000,1.46000,-41.86000,-5.12000
0.70000,0.98000,-1.55000,0.00000,0.00000,0.41000,1.46000,-41.86000,-5.12000
0.70000,0.98000,-1.55000,0.00000,0.00000,0.41000,1.46000,-39.38000,3.62000
0.70000,0.98000,-1.55000,0.00000,0.00000,0.41000,1.46000,-39.38000,3.62000
0.70000,0.98000,-1.55000,0.00000,0.00000,0.41000,1.46000,-36.90000,12.36000
0.70000,0.98000,-1.55000,0.00000,0.00000,0.41000,1.46000,-36.90000,12.36000
0.70000,0.98000,-1.55000,0.00000,0.00000,0.41000,1.46000,-34.42000,21.09000
0.70000,0.98000,-1.55000,0.00000,0.00000,0.41000,1.46000,-34.42000,21.09000
0.70000,0.98000,-1.55000,0.00000,0.00000,0.41000,1.46000,-31.94000,29.83000
0.70000,0.98000,-1.55000,0.00000,0.00000,0.41000,1.46000,-31.94000,29.83000
0.70000,0.98000,-1.55000,0.00000,0.00000,0.41000,1.46000,-29.46000,38.57000
0.70000,0.98000,-1.55000,0.00000,0.00000,0.41000,1.46000,-29.46000,38.57000
0.70000,0.98000,-1.55000,0.00000,0.00000,0.41000,1.46000,-26.98000,47.30000
0.70000,0.98000,-1.55000,0.00000,0.02000,0.41000,1.46000,-26.98000,47.30000
0.70000,0.98000,-1.55000,0.00000,0.00000,0.41000,1.46000,-24.48000,55.76000
0.70000,0.98000,-1.55000,0.00000,0.02000,0.41000,1.46000,-24.48000,55.76000
0.70000,0.98000,-1.55000,0.00000,0.00000,0.42000,1.46000,-21.97000,64.41000
0.70000,0.98000,-1.55000,0.00000,0.00000,0.42000,1.46000,-21.97000,64.41000
0.70000,0.98000,-1.55000,0.00000,0.00000,0.42000,1.46000,-19.47000,73.35000
0.70000,0.98000,-1.55000,0.00000,0.02000,0.42000,1.46000,-19.47000,73.35000
0.70000,0.98000,-1.55000,0.00000,0.00000,0.42000,1.46000,-16.95000,81.82000
0.70000,0.98000,-1.55000,0.00000,0.00000,0.42000,1.46000,-16.95000,81.82000
0.70000,0.98000,-1.55000,0.00000,0.00000,0.42000,1.46000,-14.45000,90.78000
0.70000,0.98000,-1.55000,0.00000,0.00000,0.42000,1.46000,-14.45000,90.78000
0.70000,0.98000,-1.55000,0.00000,0.00000,0.42000,1.46000,-11.94000,99.55000
0.70000,0.98000,-1.56000,0.00000,0.39000,0.42000,1.46000,-11.94000,99.55000
0.70000,0.98000,-1.58000,0.00000,1.18000,0.44000,1.49000,-9.04000,102.89000
0.70000,0.98000,-1.60000,0.00000,1.29000,0.52000,1.58000,-9.04000,102.89000
0.70000,0.98000,-1.63000,0.00000,1.33000,0.59000,1.67000,-4.24000,98.73000
0.70000,0.98000,-1.66000,0.00000,1.60000,0.65000,1.75000,-4.24000,98.73000
0.70000,0.98000,-1.69000,0.00000,1.62000,0.72000,1.84000,1.28000,98.88000
0.70000,0.97000,-1.72000,0.00000,1.60000,0.77000,1.91000,1.28000,98.88000
0.70000,0.97000,-1.75000,0.00000,1.81000,0.81000,1.97000,7.00000,102.28000
0.70000,0.97000,-1.78000,0.00000,1.89000,0.85000,2.02000,7.00000,102.28000
0.70000,0.97000,-1.82000,0.00000,2.20000,0.87000,2.07000,12.76000,101.67000
0.70000,0.96000,-1.86000,0.00000,2.24000,0.89000,2.11000,12.76000,101.67000
0.70000,0.96000,-1.90000,0.00000,2.20000,0.90000,2.14000,18.39000,98.55000
0.70000,0.96000,-1.94000,0.00000,2.22000,0.90000,2.16000,18.39000,98.55000
0.70000,0.96000,-1.98000,0.00000,2.18000,0.91000,2.18000,23.88000,98.88000
0.70000,0.96000,-2.02000,0.00000,2.32000,0.90000,2.19000,23.88000,98.88000
0.69000,0.95000,-2.07000,0.00000,2.32000,0.91000,2.20000,29.32000,97.40000
0.69000,0.95000,-2.11000,0.00000,2.22000,0.91000,2.21000,29.32000,97.40000
0.69000,0.95000,-2.15000,0.00000,2.30000,0.91000,2.21000,34.79000,98.34000
0.69000,0.95000,-2.19000,0.00000,2.32000,0.91000,2.21000,34.79000,98.34000
0.69000,0.94000,-2.23000,0.00000,2.41000,0.91000,2.21000,40.27000,96.75000
0.69000,0.94000,-2.28000,0.02000,2.39000,0.91000,2.21000,40.27000,96.75000
0.69000,0.94000,-2.32000,0.00000,2.35000,0.92000,2.21000,45.50000,95.10000
0.68000,0.94000,-2.36000,0.00000,2.32000,0.92000,2.20000,45.50000,95.10000
0.68000,0.94000,-2.40000,0.00000,2.18000,0.93000,2.19000,51.39000,94.76000
0.68000,0.94000,-2.44000,0.00000,2.22000,0.94000,2.18000,51.39000,94.76000
0.68000,0.93000,-2.48000,0.00000,2.20000,0.96000,2.16000,57.46000,95.04000
0.68000,0.93000,-2.52000,0.02000,2.05000,0.99000,2.13000,57.46000,95.04000
0.67000,0.93000,-2.56000,0.00000,2.14000,1.03000,2.10000,63.87000,96.25000
0.67000,0.93000,-2.59000,0.00000,2.08000,1.07000,2.05000,63.87000,96.25000
0.67000,0.93000,-2.63000,0.00000,2.20000,1.14000,1.98000,71.92000,94.48000
0.67000,0.93000,-2.66000,0.54000,1.91000,1.23000,1.89000,71.92000,94.48000
0.67000,0.93000,-2.68000,0.87000,1.99000,1.30000,1.82000,73.09000,93.99000
0.66000,0.92000,-2.69000,1.00000,1.87000,1.37000,1.76000,73.09000,93.99000
0.66000,0.92000,-2.71000,1.14000,1.85000,1.53000,1.82000,74.26000,94.09000
0.66000,0.92000,-2.72000,1.31000,1.91000,2.27000,2.43000,74.26000,94.09000
0.65000,0.92000,-2.73000,1.41000,2.10000,2.98000,2.99000,94.50000,110.75000
0.65000,0.92000,-2.74000,2.01000,2.43000,3.26000,3.26000,94.50000,110.75000
0.64000,0.91000,-2.74000,2.53000,2.76000,3.27000,3.26000,98.29000,113.56000
0.64000,0.91000,-2.74000,2.88000,3.03000,3.21000,3.20000,98.29000,113.56000
0.63000,0.91000,-2.75000,3.15000,3.38000,3.13000,3.12000,90.68000,107.40000
0.62000,0.91000,-2.76000,2.82000,3.42000,2.92000,2.90000,90.68000,107.40000
0.62000,0.90000,-2.77000,2.55000,3.28000,2.05000,1.80000,76.86000,82.27000
0.61000,0.90000,-2.79000,2.18000,3.11000,1.76000,1.37000,76.86000,82.27000
0.61000,0.90000,-2.80000,1.74000,2.32000,1.84000,1.28000,78.81000,69.34000
0.60000,0.90000,-2.80000,1.58000,1.85000,1.91000,1.21000,78.81000,69.34000
0.60000,0.90000,-2.81000,1.18000,1.45000,2.21000,0.91000,91.34000,71.83000
0.60000,0.90000,-2.80000,1.62000,1.18000,2.21000,0.91000,91.34000,71.83000
0.60000,0.90000,-2.79000,1.81000,1.04000,2.21000,0.91000,94.53000,76.18000
0.59000,0.90000,-2.76000,2.03000,0.75000,2.21000,0.91000,94.53000,76.18000
0.59000,0.89000,-2.73000,2.43000,0.50000,2.21000,0.91000,91.85000,81.10000
0.59000,0.89000,-2.69000,2.57000,0.58000,2.21000,0.92000,91.85000,81.10000
0.58000,0.89000,-2.66000,2.30000,0.66000,2.21000,0.92000,84.74000,84.69000
0.58000,0.89000,-2.64000,2.18000,0.95000,2.20000,0.92000,84.74000,84.69000
0.58000,0.89000,-2.63000,1.81000,1.00000,2.20000,0.93000,88.31000,81.24000
0.57000,0.89000,-2.61000,1.54000,0.87000,2.19000,0.93000,88.31000,81.24000
0.57000,0.89000,-2.61000,1.08000,0.79000,2.19000,0.93000,98.00000,82.40000
0.57000,0.88000,-2.60000,1.37000,1.02000,2.19000,0.93000,98.00000,82.40000
0.57000,0.88000,-2.59000,1.45000,0.85000,2.19000,0.93000,104.42000,80.60000
0.57000,0.88000,-2.58000,1.62000,0.73000,2.19000,0.94000,104.42000,80.60000
0.56000,0.88000,-2.55000,2.01000,0.68000,2.19000,0.94000,105.53000,84.57000
0.56000,0.88000,-2.53000,2.26000,0.85000,2.18000,0.95000,105.53000,84.57000
0.56000,0.88000,-2.49000,2.95000,1.02000,2.16000,0.96000,98.98000,84.27000
0.55000,0.87000,-2.44000,3.46000,0.81000,2.15000,0.98000,98.98000,84.27000
0.55000,0.87000,-2.39000,3.69000,0.81000,2.11000,1.02000,79.47000,86.43000
0.55000,0.87000,-2.35000,3.63000,1.16000,2.04000,1.08000,79.47000,86.43000
0.54000,0.86000,-2.31000,3.26000,1.35000,1.97000,1.15000,66.75000,84.44000
0.54000,0.86000,-2.28000,2.84000,1.27000,1.90000,1.23000,66.75000,84.44000
0.54000,0.86000,-2.27000,2.20000,1.43000,1.82000,1.31000,66.34000,85.11000
0.53000,0.85000,-2.26000,1.89000,1.41000,1.78000,1.35000,66.34000,85.11000
0.53000,0.85000,-2.26000,1.64000,1.31000,1.76000,1.37000,73.64000,84.16000
0.53000,0.85000,-2.25000,1.74000,1.49000,1.75000,1.40000,73.64000,84.16000
0.53000,0.84000,-2.24000,1.74000,1.33000,1.76000,1.42000,75.00000,83.39000
0.53000,0.84000,-2.23000,1.85000,1.10000,1.82000,1.52000,75.00000,83.39000
0.52000,0.84000,-2.22000,1.97000,1.22000,2.45000,2.31000,83.97000,102.25000
0.52000,0.84000,-2.20000,2.53000,1.66000,3.10000,3.09000,83.97000,102.25000
0.52000,0.83000,-2.19000,2.57000,2.03000,3.27000,3.27000,89.63000,115.55000
0.51000,0.83000,-2.18000,2.82000,2.49000,3.09000,3.10000,89.63000,115.55000
0.51000,0.82000,-2.18000,2.99000,2.95000,2.75000,2.78000,81.95000,105.39000
0.51000,0.82000,-2.18000,3.18000,3.16000,2.52000,2.57000,81.95000,105.39000
0.50000,0.81000,-2.18000,3.05000,2.95000,2.11000,2.32000,66.60000,90.24000
0.50000,0.80000,-2.19000,2.43000,2.82000,1.66000,1.93000,66.60000,90.24000
0.50000,0.80000,-2.20000,1.70000,2.53000,1.73000,1.99000,65.75000,85.23000
0.49000,0.80000,-2.22000,0.93000,2.05000,2.59000,2.63000,65.75000,85.23000
0.49000,0.80000,-2.24000,0.62000,1.76000,1.43000,1.76000,79.47000,88.35000
0.49000,0.79000,-2.26000,0.79000,1.58000,2.63000,2.66000,79.47000,88.35000
0.49000,0.79000,-2.27000,1.00000,1.66000,3.21000,3.21000,111.27000,115.52000
0.49000,0.79000,-2.27000,1.72000,1.89000,3.26000,3.26000,111.27000,115.52000
0.48000,0.78000,-2.27000,2.66000,2.51000,3.22000,3.21000,111.95000,120.68000
0.48000,0.78000,-2.27000,3.05000,2.95000,3.25000,3.25000,111.95000,120.68000
0.47000,0.77000,-2.27000,3.24000,3.28000,3.27000,3.27000,101.75000,113.54000
0.47000,0.77000,-2.27000,3.42000,3.53000,3.26000,3.26000,101.75000,113.54000
0.46000,0.76000,-2.28000,3.30000,3.65000,3.23000,3.23000,96.92000,106.18000
0.46000,0.76000,-2.29000,3.11000,3.55000,3.07000,3.06000,96.92000,106.18000
0.45000,0.75000,-2.29000,2.91000,3.36000,2.64000,2.60000,91.48000,94.61000
0.45000,0.75000,-2.30000,2.47000,2.99000,2.00000,1.75000,91.48000,94.61000
0.45000,0.74000,-2.32000,1.93000,2.62000,1.76000,1.42000,85.07000,79.58000
0.44000,0.74000,-2.33000,1.58000,2.07000,1.79000,1.34000,85.07000,79.58000
0.44000,0.74000,-2.33000,1.39000,1.76000,1.82000,1.30000,95.20000,82.08000
0.44000,0.73000,-2.33000,1.47000,1.43000,1.86000,1.27000,95.20000,82.08000
0.44000,0.73000,-2.32000,2.16000,1.37000,1.86000,1.26000,98.82000,86.53000
0.43000,0.73000,-2.29000,2.82000,1.22000,1.83000,1.29000,98.82000,86.53000
0.43000,0.72000,-2.25000,3.22000,1.25000,1.75000,1.39000,79.30000,90.61000
0.43000,0.72000,-2.22000,3.13000,1.41000,3.08000,3.07000,79.30000,90.61000
0.42000,0.72000,-2.19000,2.99000,1.43000,2.89000,2.91000,85.23000,111.52000
0.42000,0.71000,-2.18000,3.07000,2.20000,1.39000,1.76000,85.23000,111.52000
0.42000,0.71000,-2.17000,3.01000,2.64000,1.30000,1.82000,60.92000,92.34000
0.41000,0.70000,-2.17000,2.57000,2.66000,1.26000,1.87000,60.92000,92.34000
0.41000,0.70000,-2.18000,2.10000,2.53000,1.23000,1.90000,56.68000,84.37000
0.41000,0.69000,-2.19000,1.37000,2.12000,1.22000,1.91000,56.68000,84.37000
0.41000,0.69000,-2.21000,1.08000,2.05000,1.23000,1.90000,66.64000,87.94000
0.40000,0.69000,-2.22000,1.12000,1.68000,1.25000,1.88000,66.64000,87.94000
0.40000,0.69000,-2.23000,1.06000,1.76000,1.25000,1.87000,69.91000,92.78000
0.40000,0.68000,-2.24000,1.22000,1.72000,3.28000,3.28000,69.91000,92.78000
0.40000,0.68000,-2.25000,1.45000,1.95000,3.18000,3.17000,97.99000,112.76000
0.39000,0.68000,-2.25000,2.07000,2.14000,2.84000,2.81000,97.99000,112.76000
0.39000,0.67000,-2.25000,2.93000,2.64000,2.74000,2.71000,90.37000,108.29000
0.39000,0.67000,-2.24000,3.15000,2.80000,2.97000,2.95000,90.37000,108.29000
0.38000,0.66000,-2.23000,3.30000,2.91000,3.15000,3.15000,84.41000,108.34000
0.38000,0.66000,-2.23000,3.22000,2.93000,3.26000,3.26000,84.41000,108.34000
0.37000,0.65000,-2.23000,3.03000,3.03000,3.28000,3.28000,85.36000,110.55000
0.37000,0.65000,-2.23000,2.90000,3.17000,3.28000,3.28000,85.36000,110.55000
0.37000,0.64000,-2.24000,2.84000,3.34000,3.27000,3.26000,90.22000,108.71000
0.36000,0.63000,-2.25000,2.66000,3.24000,3.09000,3.08000,90.22000,108.71000
0.36000,0.63000,-2.27000,2.57000,3.22000,2.49000,2.40000,84.54000,95.31000
0.35000,0.62000,-2.27000,2.37000,2.90000,1.80000,1.51000,84.54000,95.31000
0.35000,0.62000,-2.28000,2.30000,2.68000,1.76000,1.37000,76.93000,79.85000
0.35000,0.62000,-2.29000,1.85000,2.18000,1.79000,1.33000,76.93000,79.85000
0.34000,0.61000,-2.29000,1.56000,1.70000,1.82000,1.30000,82.04000,80.44000
0.34000,0.61000,-2.29000,1.43000,1.35000,1.85000,1.28000,82.04000,80.44000
0.34000,0.61000,-2.29000,1.45000,1.37000,1.85000,1.27000,88.53000,87.24000
0.34000,0.61000,-2.28000,1.62000,1.22000,1.86000,1.27000,88.53000,87.24000
0.34000,0.60000,-2.27000,1.78000,1.43000,1.85000,1.28000,88.19000,88.69000
0.33000,0.60000,-2.26000,2.03000,1.54000,1.84000,1.28000,88.19000,88.69000
0.33000,0.60000,-2.26000,1.87000,1.49000,1.83000,1.29000,83.05000,84.59000
0.33000,0.60000,-2.26000,1.76000,1.62000,1.82000,1.30000,83.05000,84.59000
0.33000,0.59000,-2.25000,1.39000,1.33000,1.83000,1.29000,85.92000,81.85000
0.33000,0.59000,-2.25000,1.08000,0.85000,1.84000,1.28000,85.92000,81.85000
0.32000,0.59000,-2.24000,1.06000,0.73000,1.84000,1.28000,96.75000,91.24000
0.32000,0.59000,-2.25000,1.10000,1.27000,1.83000,1.29000,96.75000,91.24000
0.32000,0.59000,-2.24000,1.37000,1.18000,1.86000,1.26000,101.30000,87.35000
0.32000,0.58000,-2.23000,1.78000,1.14000,1.87000,1.26000,101.30000,87.35000
0.32000,0.58000,-2.22000,2.20000,1.33000,1.86000,1.27000,95.57000,89.24000
0.31000,0.58000,-2.19000,2.78000,1.31000,1.84000,1.28000,95.57000,89.24000
0.31000,0.57000,-2.16000,3.07000,1.35000,2.07000,1.83000,84.27000,95.97000
0.31000,0.57000,-2.13000,3.19000,1.72000,3.28000,3.28000,84.27000,95.97000
0.30000,0.56000,-2.11000,3.22000,1.97000,2.13000,2.34000,74.72000,100.50000
0.30000,0.56000,-2.09000,3.03000,2.18000,1.37000,1.76000,74.72000,100.50000
0.30000,0.55000,-2.09000,2.80000,2.41000,1.30000,1.82000,58.38000,89.57000
0.30000,0.55000,-2.09000,2.32000,2.32000,1.27000,1.85000,58.38000,89.57000
0.29000,0.54000,-2.09000,1.74000,2.14000,1.26000,1.86000,57.97000,85.90000
0.29000,0.54000,-2.10000,1.45000,1.85000,1.27000,1.85000,57.97000,85.90000
0.29000,0.54000,-2.11000,1.20000,1.74000,1.29000,1.83000,65.07000,89.85000
0.29000,0.54000,-2.12000,1.00000,1.62000,1.31000,1.81000,65.07000,89.85000
0.29000,0.53000,-2.13000,1.18000,1.72000,1.35000,1.78000,71.84000,92.33000
0.28000,0.53000,-2.13000,1.54000,1.70000,1.39000,1.75000,71.84000,92.33000
0.28000,0.53000,-2.14000,1.60000,1.95000,1.39000,1.75000,66.56000,91.69000
0.28000,0.52000,-2.14000,1.78000,1.74000,1.44000,1.77000,66.56000,91.69000
0.28000,0.52000,-2.14000,1.58000,1.72000,1.41000,1.76000,62.24000,91.41000
0.28000,0.52000,-2.15000,1.43000,1.93000,1.42000,1.76000,62.24000,91.41000
0.27000,0.51000,-2.17000,1.08000,2.10000,1.58000,1.86000,67.77000,90.22000
0.27000,0.51000,-2.19000,1.10000,1.93000,2.84000,2.87000,67.77000,90.22000
0.27000,0.51000,-2.20000,1.20000,1.81000,3.26000,3.26000,98.86000,110.85000
0.27000,0.50000,-2.20000,1.89000,2.20000,3.23000,3.22000,98.86000,110.85000
0.26000,0.50000,-2.20000,2.88000,2.66000,3.08000,3.07000,97.38000,111.98000
0.26000,0.49000,-2.19000,3.28000,2.88000,3.17000,3.16000,97.38000,111.98000
0.26000,0.49000,-2.18000,3.53000,3.11000,3.26000,3.26000,86.38000,109.75000
0.25000,0.48000,-2.18000,3.24000,3.26000,3.27000,3.27000,86.38000,109.75000
0.25000,0.48000,-2.19000,2.80000,3.24000,3.27000,3.27000,86.96000,106.53000
0.24000,0.47000,-2.20000,2.47000,3.20000,3.26000,3.26000,86.96000,106.53000
0.24000,0.47000,-2.22000,2.14000,3.11000,2.87000,2.85000,92.68000,101.20000
0.24000,0.46000,-2.24000,2.18000,3.03000,1.77000,1.46000,92.68000,101.20000
0.23000,0.46000,-2.24000,2.32000,2.57000,1.96000,1.17000,85.76000,76.38000
0.23000,0.45000,-2.24000,2.12000,2.20000,1.98000,1.15000,85.76000,76.38000
0.23000,0.45000,-2.24000,2.12000,1.83000,1.99000,1.13000,85.88000,77.17000
0.23000,0.45000,-2.23000,1.89000,1.64000,1.99000,1.14000,85.88000,77.17000
0.22000,0.44000,-2.22000,2.08000,1.29000,1.99000,1.14000,88.50000,79.23000
0.22000,0.44000,-2.20000,1.93000,1.10000,1.96000,1.16000,88.50000,79.23000
0.22000,0.44000,-2.19000,2.16000,1.10000,1.93000,1.19000,87.67000,85.12000
0.22000,0.44000,-2.16000,2.12000,0.98000,1.89000,1.24000,87.67000,85.12000
0.22000,0.43000,-2.15000,1.89000,1.18000,1.83000,1.29000,83.37000,89.01000
0.21000,0.43000,-2.16000,1.33000,1.58000,1.80000,1.33000,83.37000,89.01000
0.21000,0.43000,-2.16000,1.10000,1.54000,1.82000,1.30000,93.28000,82.08000
0.21000,0.43000,-2.17000,1.10000,1.45000,1.85000,1.27000,93.28000,82.08000
0.21000,0.42000,-2.18000,1.10000,1.39000,1.88000,1.25000,100.55000,81.48000
0.21000,0.42000,-2.17000,1.54000,1.10000,1.90000,1.23000,100.55000,81.48000
0.21000,0.42000,-2.15000,1.99000,0.89000,1.89000,1.24000,98.80000,85.44000
0.20000,0.42000,-2.12000,2.37000,1.02000,1.83000,1.29000,98.80000,85.44000
0.20000,0.41000,-2.09000,2.82000,1.02000,1.76000,1.37000,86.57000,89.48000
0.20000,0.41000,-2.06000,3.11000,1.12000,2.81000,2.78000,86.57000,89.48000
0.20000,0.40000,-2.02000,3.22000,1.51000,2.96000,2.98000,89.79000,114.18000
0.19000,0.40000,-2.00000,3.17000,1.97000,1.38000,1.76000,89.79000,114.18000
0.19000,0.39000,-2.00000,3.20000,2.78000,1.29000,1.84000,62.78000,95.44000
0.19000,0.39000,-2.00000,2.74000,2.76000,1.24000,1.89000,62.78000,95.44000
0.19000,0.38000,-2.00000,2.16000,2.66000,1.22000,1.91000,56.94000,83.89000
0.18000,0.38000,-2.02000,1.66000,2.57000,1.21000,1.91000,56.94000,83.89000
0.18000,0.37000,-2.04000,1.16000,2.01000,1.24000,1.89000,64.30000,81.31000
0.18000,0.37000,-2.05000,1.04000,1.76000,1.26000,1.86000,64.30000,81.31000
0.18000,0.37000,-2.06000,1.04000,1.52000,1.28000,1.84000,71.79000,88.58000
0.18000,0.37000,-2.06000,1.31000,1.41000,1.29000,1.83000,71.79000,88.58000
0.18000,0.36000,-2.06000,1.43000,1.39000,1.28000,1.84000,69.21000,94.35000
0.17000,0.36000,-2.06000,1.64000,1.83000,1.26000,1.87000,69.21000,94.35000
0.17000,0.36000,-2.07000,1.52000,1.93000,1.24000,1.89000,63.44000,91.40000
0.17000,0.35000,-2.08000,1.49000,2.05000,1.22000,1.90000,63.44000,91.40000
0.17000,0.35000,-2.09000,1.51000,1.91000,3.26000,3.27000,93.57000,109.02000
0.17000,0.34000,-2.10000,1.89000,2.37000,3.27000,3.26000,93.57000,109.02000
0.16000,0.34000,-2.09000,2.82000,2.70000,3.10000,3.09000,95.90000,109.06000
0.16000,0.33000,-2.09000,3.30000,2.90000,3.15000,3.14000,95.90000,109.06000
0.16000,0.33000,-2.08000,3.38000,3.01000,3.26000,3.26000,84.40000,107.82000
0.15000,0.32000,-2.08000,3.28000,3.20000,3.27000,3.27000,84.40000,107.82000
0.15000,0.31000,-2.08000,2.99000,3.13000,3.26000,3.26000,84.40000,105.58000
0.15000,0.31000,-2.09000,2.57000,3.01000,3.28000,3.28000,84.40000,105.58000
0.14000,0.30000,-2.10000,2.45000,3.18000,3.24000,3.24000,94.62000,108.43000
0.14000,0.30000,-2.12000,2.32000,3.13000,2.80000,2.77000,94.62000,108.43000
0.14000,0.29000,-2.13000,2.57000,3.13000,1.85000,1.57000,81.48000,82.87000
0.13000,0.29000,-2.13000,2.51000,2.76000,1.76000,1.38000,81.48000,82.87000
0.13000,0.28000,-2.13000,2.08000,2.16000,1.78000,1.34000,74.82000,75.69000
0.13000,0.28000,-2.13000,1.87000,1.70000,1.80000,1.32000,74.82000,75.69000
0.13000,0.28000,-2.13000,1.43000,1.16000,1.80000,1.32000,80.41000,82.73000
0.13000,0.28000,-2.12000,1.37000,1.20000,1.80000,1.33000,80.41000,82.73000
0.12000,0.27000,-2.12000,1.33000,1.02000,1.80000,1.33000,87.39000,88.03000
0.12000,0.27000,-2.11000,1.64000,1.06000,1.79000,1.34000,87.39000,88.03000
0.12000,0.27000,-2.09000,1.99000,1.29000,1.76000,1.37000,85.41000,91.55000
0.12000,0.26000,-2.09000,1.85000,1.72000,1.76000,1.43000,85.41000,91.55000
0.12000,0.26000,-2.09000,1.72000,1.68000,1.76000,1.42000,82.95000,84.23000
0.12000,0.26000,-2.10000,1.39000,1.74000,1.75000,1.39000,82.95000,84.23000
0.11000,0.26000,-2.10000,1.10000,1.49000,1.78000,1.35000,89.60000,80.98000
0.11000,0.25000,-2.11000,1.18000,1.58000,1.82000,1.30000,89.60000,80.98000
0.11000,0.25000,-2.12000,1.04000,1.37000,1.86000,1.26000,96.29000,79.84000
0.11000,0.25000,-2.11000,1.29000,1.10000,1.90000,1.22000,96.29000,79.84000
0.11000,0.25000,-2.10000,1.58000,1.08000,1.92000,1.21000,99.63000,84.32000
0.11000,0.24000,-2.09000,2.03000,1.24000,1.88000,1.25000,99.63000,84.32000
0.10000,0.24000,-2.06000,2.57000,1.04000,1.84000,1.28000,91.03000,83.93000
0.10000,0.23000,-2.03000,2.93000,1.12000,1.76000,1.38000,91.03000,83.93000
0.10000,0.23000,-2.00000,3.11000,1.27000,2.95000,2.93000,93.08000,110.68000
0.10000,0.23000,-1.96000,3.42000,1.66000,2.94000,2.96000,93.08000,110.68000
0.10000,0.22000,-1.94000,3.47000,2.28000,1.37000,1.76000,62.17000,95.91000
0.09000,0.21000,-1.94000,3.01000,2.57000,1.29000,1.84000,62.17000,95.91000
0.09000,0.21000,-1.94000,2.35000,2.74000,1.25000,1.88000,54.23000,84.55000
0.09000,0.20000,-1.96000,1.66000,2.45000,1.26000,1.87000,54.23000,84.55000
0.09000,0.20000,-1.97000,1.22000,2.20000,1.29000,1.83000,64.51000,81.59000
0.09000,0.20000,-1.99000,1.00000,1.89000,1.34000,1.78000,64.51000,81.59000
0.09000,0.19000,-2.00000,0.98000,1.64000,1.42000,1.76000,74.20000,85.16000
0.08000,0.19000,-2.01000,1.31000,1.52000,1.73000,1.99000,74.20000,85.16000
0.08000,0.19000,-2.00000,1.70000,1.47000,1.91000,2.14000,79.48000,95.79000
0.08000,0.18000,-2.00000,1.85000,1.70000,1.60000,1.88000,79.48000,95.79000
0.08000,0.18000,-1.99000,2.22000,1.78000,1.48000,1.78000,68.44000,91.36000
0.08000,0.18000,-1.99000,2.12000,1.99000,1.37000,1.76000,68.44000,91.36000
0.08000,0.17000,-1.99000,1.97000,2.05000,1.35000,1.77000,60.32000,87.36000
0.07000,0.17000,-2.00000,1.47000,1.93000,1.34000,1.78000,60.32000,87.36000
0.07000,0.17000,-2.01000,1.29000,1.95000,1.36000,1.77000,65.55000,86.84000
0.07000,0.16000,-2.03000,1.12000,1.99000,1.42000,1.76000,65.55000,86.84000
0.07000,0.16000,-2.04000,1.20000,1.74000,1.92000,2.15000,78.54000,90.70000
0.07000,0.16000,-2.04000,1.56000,1.76000,2.66000,2.70000,78.54000,90.70000
0.07000,0.15000,-2.04000,1.85000,1.83000,2.81000,2.83000,90.08000,105.26000
0.06000,0.15000,-2.04000,2.30000,2.14000,2.68000,2.71000,90.08000,105.26000
0.06000,0.14000,-2.03000,2.68000,2.43000,2.15000,2.35000,76.53000,98.90000
0.06000,0.14000,-2.03000,2.59000,2.59000,1.58000,1.86000,76.53000,98.90000
0.06000,0.13000,-2.04000,2.18000,2.66000,1.43000,1.76000,60.45000,84.46000
0.05000,0.13000,-2.06000,1.45000,2.39000,1.42000,1.76000,60.45000,84.46000
0.05000,0.13000,-2.08000,0.83000,2.14000,1.80000,1.32000,76.16000,75.99000
0.05000,0.12000,-2.10000,0.58000,1.70000,1.88000,1.24000,76.16000,75.99000
0.05000,0.12000,-2.12000,0.71000,1.47000,1.94000,1.18000,93.44000,77.77000
0.05000,0.12000,-2.11000,1.29000,1.02000,1.98000,1.14000,93.44000,77.77000
0.05000,0.12000,-2.09000,2.06000,0.83000,1.97000,1.15000,91.51000,84.43000
0.05000,0.11000,-2.07000,2.07000,1.00000,1.93000,1.20000,91.51000,84.43000
0.04000,0.11000,-2.05000,2.30000,1.04000,1.88000,1.24000,82.45000,86.97000
0.04000,0.11000,-2.03000,2.18000,1.04000,1.82000,1.31000,82.45000,86.97000
0.04000,0.10000,-2.01000,1.93000,1.29000,1.76000,1.38000,77.85000,89.83000
0.04000,0.10000,-2.01000,1.49000,1.54000,1.79000,1.49000,77.85000,89.83000
0.04000,0.10000,-2.02000,1.49000,1.51000,1.77000,1.45000,85.79000,85.51000
0.04000,0.09000,-2.02000,1.58000,1.62000,1.76000,1.43000,85.79000,85.51000
0.03000,0.09000,-2.01000,1.83000,1.56000,1.75000,1.41000,85.96000,83.08000
0.03000,0.09000,-2.01000,1.74000,1.47000,1.77000,1.44000,85.96000,83.08000
0.03000,0.08000,-2.00000,1.91000,1.47000,1.80000,1.51000,85.27000,85.48000
0.03000,0.08000,-1.99000,1.70000,1.29000,2.03000,1.78000,85.27000,85.48000
0.03000,0.08000,-1.99000,1.43000,1.52000,2.46000,2.32000,96.05000,100.66000
0.03000,0.08000,-2.00000,1.43000,1.78000,2.29000,2.07000,96.05000,100.66000
0.03000,0.07000,-2.01000,1.47000,2.03000,1.87000,1.59000,95.78000,88.44000
0.02000,0.07000,-2.02000,1.74000,2.18000,1.75000,1.39000,95.78000,88.44000
0.02000,0.06000,-2.02000,1.89000,2.03000,1.79000,1.34000,92.50000,77.61000
0.02000,0.06000,-2.01000,2.32000,1.78000,1.81000,1.32000,92.50000,77.61000
0.02000,0.06000,-1.99000,2.61000,1.49000,1.79000,1.34000,84.09000,78.43000
0.02000,0.05000,-1.96000,2.72000,1.25000,1.76000,1.42000,84.09000,78.43000
0.01000,0.05000,-1.93000,2.91000,1.08000,2.79000,2.76000,89.96000,105.23000
0.01000,0.04000,-1.90000,3.03000,1.49000,3.11000,3.12000,89.96000,105.23000
0.01000,0.04000,-1.88000,3.09000,2.08000,1.44000,1.77000,65.50000,95.64000
0.01000,0.03000,-1.88000,2.72000,2.37000,1.31000,1.81000,65.50000,95.64000
0.01000,0.03000,-1.88000,2.28000,2.28000,1.26000,1.87000,57.87000,85.74000
0.01000,0.02000,-1.89000,1.56000,2.26000,1.21000,1.91000,57.87000,85.74000
