0.00000,0.00000,0.00000,0.00000,0.00000,3.28000,3.28000,49.25000,49.25000
0.00000,0.00000,0.00000,0.02000,0.00000,3.28000,3.28000,49.25000,49.25000
0.00000,0.00000,0.00000,0.23000,0.00000,3.28000,3.28000,68.62000,68.94000
0.00000,0.00000,0.01000,0.62000,0.21000,3.25000,3.26000,68.62000,68.94000
0.00000,0.00000,0.02000,0.91000,0.35000,3.10000,3.11000,76.43000,82.94000
0.00000,0.00000,0.03000,1.31000,0.64000,2.58000,2.62000,76.43000,82.94000
0.01000,0.00000,0.05000,1.76000,0.81000,1.61000,1.88000,58.68000,75.43000
0.01000,0.00000,0.07000,1.62000,0.52000,1.36000,1.77000,58.68000,75.43000
0.01000,0.00000,0.09000,1.49000,0.64000,1.29000,1.83000,51.01000,83.97000
0.01000,0.00000,0.09000,1.08000,1.02000,1.24000,1.88000,51.01000,83.97000
0.02000,0.00000,0.08000,0.75000,1.14000,1.24000,1.89000,56.38000,85.21000
0.02000,0.00000,0.08000,0.75000,0.81000,1.26000,1.87000,56.38000,85.21000
0.02000,0.00000,0.08000,0.91000,0.93000,1.26000,1.86000,62.65000,93.18000
0.02000,0.00000,0.07000,1.10000,1.51000,1.26000,1.86000,62.65000,93.18000
0.03000,0.00000,0.06000,1.14000,1.66000,1.28000,1.84000,60.78000,88.56000
0.03000,0.00000,0.05000,1.27000,1.76000,1.31000,1.81000,60.78000,88.56000
0.03000,0.00000,0.04000,1.31000,1.87000,1.34000,1.78000,60.31000,85.89000
0.04000,0.00000,0.03000,1.00000,1.62000,1.39000,1.75000,60.31000,85.89000
0.04000,0.00000,0.02000,1.04000,1.81000,1.58000,1.86000,68.38000,89.38000
0.04000,0.00000,0.01000,1.35000,1.66000,2.65000,2.68000,68.38000,89.38000
0.05000,0.00000,0.01000,1.51000,1.83000,2.96000,2.98000,87.34000,106.99000
0.05000,0.00000,0.01000,2.20000,2.22000,3.15000,3.16000,87.34000,106.99000
0.06000,0.00000,0.01000,2.78000,2.70000,3.16000,3.17000,87.21000,109.32000
0.06000,0.00000,0.01000,3.11000,2.99000,3.12000,3.13000,87.21000,109.32000
0.07000,0.00000,0.01000,3.20000,3.18000,3.04000,3.05000,77.48000,101.77000
0.08000,0.00000,0.01000,3.07000,3.15000,3.02000,3.03000,77.48000,101.77000
0.09000,0.00000,-0.01000,2.53000,3.38000,3.07000,3.08000,78.09000,100.06000
0.09000,0.00000,-0.03000,1.95000,3.22000,3.28000,3.27000,78.09000,100.06000
0.10000,0.00000,-0.06000,1.62000,3.13000,2.43000,2.27000,85.36000,86.54000
0.10000,0.00000,-0.08000,1.37000,2.88000,1.77000,1.36000,85.36000,86.54000
0.11000,0.00000,-0.10000,1.33000,2.45000,1.86000,1.26000,88.41000,70.73000
0.11000,0.00000,-0.11000,1.54000,2.01000,1.92000,1.20000,88.41000,70.73000
0.11000,0.00000,-0.11000,1.62000,1.37000,1.95000,1.18000,90.13000,72.80000
0.12000,0.00000,-0.10000,1.83000,1.27000,1.94000,1.19000,90.13000,72.80000
0.12000,0.00000,-0.09000,1.72000,1.00000,1.91000,1.21000,87.72000,79.54000
0.12000,0.00000,-0.07000,1.91000,0.87000,1.88000,1.25000,87.72000,79.54000
0.13000,-0.00000,-0.05000,1.85000,1.12000,1.81000,1.31000,85.53000,86.55000
0.13000,-0.00000,-0.05000,1.74000,1.37000,1.77000,1.35000,85.53000,86.55000
0.13000,-0.00000,-0.04000,1.58000,1.31000,1.76000,1.38000,86.56000,82.84000
0.14000,-0.00000,-0.04000,1.66000,1.35000,1.76000,1.42000,86.56000,82.84000
0.14000,-0.00000,-0.03000,1.87000,1.33000,1.81000,1.52000,88.74000,85.24000
0.14000,-0.00000,-0.01000,1.95000,1.29000,2.27000,2.05000,88.74000,85.24000
0.15000,-0.00000,-0.00000,1.99000,1.45000,2.98000,2.97000,102.87000,108.96000
0.15000,-0.00000,-0.00000,1.95000,1.85000,3.24000,3.23000,102.87000,108.96000
0.16000,-0.00000,-0.01000,2.03000,2.49000,3.26000,3.26000,113.23000,114.99000
0.16000,-0.00000,-0.02000,2.66000,2.88000,3.10000,3.09000,113.23000,114.99000
0.17000,-0.00000,-0.02000,2.91000,3.07000,2.94000,2.92000,105.66000,102.83000
0.18000,-0.00000,-0.02000,3.07000,3.11000,2.77000,2.74000,105.66000,102.83000
0.18000,-0.00000,-0.01000,3.40000,3.13000,2.71000,2.67000,97.66000,95.93000
0.19000,-0.00000,0.00000,3.82000,2.88000,2.96000,2.94000,97.66000,95.93000
0.20000,-0.00000,0.03000,4.17000,2.70000,3.28000,3.28000,92.91000,105.85000
0.21000,-0.00000,0.06000,4.30000,2.82000,2.09000,2.30000,92.91000,105.85000
0.22000,-0.00000,0.08000,4.24000,3.09000,1.35000,1.77000,53.56000,86.54000
0.22000,-0.00000,0.09000,3.51000,2.80000,1.28000,1.85000,53.56000,86.54000
0.23000,0.00000,0.09000,2.47000,2.57000,1.24000,1.89000,45.99000,82.29000
0.23000,0.00000,0.07000,1.70000,2.53000,1.24000,1.89000,45.99000,82.29000
0.24000,0.00000,0.05000,0.87000,2.18000,1.28000,1.84000,60.13000,80.15000
0.24000,0.00000,0.03000,0.62000,1.81000,1.36000,1.77000,60.13000,80.15000
0.24000,0.00000,0.01000,0.75000,1.74000,1.84000,2.08000,82.21000,90.51000
0.24000,0.00000,0.01000,1.45000,1.66000,3.09000,3.10000,82.21000,90.51000
0.25000,0.00000,0.01000,2.18000,1.78000,3.19000,3.19000,97.26000,111.03000
0.26000,0.00000,0.03000,2.90000,2.20000,2.96000,2.98000,97.26000,111.03000
0.26000,0.00000,0.04000,3.55000,2.80000,1.94000,2.17000,67.22000,96.79000
0.27000,0.00000,0.05000,3.40000,2.82000,1.42000,1.76000,67.22000,96.79000
0.28000,0.00000,0.05000,2.76000,2.74000,1.35000,1.77000,45.12000,81.33000
0.28000,0.00000,0.04000,1.85000,2.53000,1.35000,1.78000,45.12000,81.33000
0.28000,0.00000,0.01000,0.62000,2.26000,1.41000,1.76000,57.06000,79.11000
0.29000,0.00000,-0.02000,0.08000,1.79000,3.04000,3.05000,57.06000,79.11000
0.29000,0.00000,-0.05000,0.00000,1.49000,2.93000,2.91000,103.65000,102.99000
0.29000,0.00000,-0.07000,0.75000,1.70000,1.75000,1.41000,103.65000,102.99000
0.29000,0.00000,-0.06000,2.12000,1.93000,1.80000,1.32000,93.82000,87.20000
0.30000,0.00000,-0.06000,2.22000,1.99000,1.79000,1.33000,93.82000,87.20000
0.30000,0.00000,-0.06000,2.10000,1.87000,1.78000,1.35000,77.72000,80.92000
0.31000,0.00000,-0.06000,1.41000,1.72000,1.77000,1.36000,77.72000,80.92000
0.31000,0.00000,-0.06000,1.12000,1.33000,1.79000,1.34000,87.33000,80.95000
0.31000,0.00000,-0.07000,1.25000,1.49000,1.80000,1.32000,87.33000,80.95000
0.32000,0.00000,-0.07000,1.60000,1.56000,1.82000,1.31000,92.53000,81.59000
0.32000,0.00000,-0.06000,1.68000,1.41000,1.82000,1.31000,92.53000,81.59000
0.32000,0.00000,-0.05000,1.99000,1.47000,1.80000,1.32000,89.20000,81.94000
0.33000,-0.00000,-0.04000,2.03000,1.35000,1.77000,1.35000,89.20000,81.94000
0.33000,-0.00000,-0.03000,2.08000,1.45000,1.76000,1.43000,84.01000,83.96000
0.34000,-0.00000,-0.02000,2.08000,1.22000,2.04000,1.79000,84.01000,83.96000
0.34000,-0.00000,-0.00000,2.03000,1.29000,2.98000,2.96000,100.03000,109.33000
0.34000,-0.00000,0.00000,2.28000,2.03000,3.27000,3.27000,100.03000,109.33000
0.35000,-0.00000,0.01000,2.78000,2.47000,3.27000,3.28000,106.78000,112.31000
0.36000,-0.00000,0.00000,2.57000,2.88000,3.20000,3.21000,106.78000,112.31000
0.36000,-0.00000,-0.01000,2.45000,3.15000,3.27000,3.28000,108.36000,106.99000
0.37000,-0.00000,-0.02000,2.64000,3.28000,3.15000,3.15000,108.36000,106.99000
0.38000,-0.00000,-0.03000,2.59000,3.24000,2.61000,2.57000,101.68000,92.85000
0.38000,-0.00000,-0.04000,2.57000,2.99000,1.88000,1.61000,101.68000,92.85000
0.39000,-0.00000,-0.03000,2.86000,2.55000,1.76000,1.42000,89.67000,75.71000
0.39000,-0.00000,-0.02000,3.11000,2.08000,1.80000,1.50000,89.67000,75.71000
0.40000,-0.00000,0.02000,3.36000,1.33000,2.80000,2.77000,92.25000,100.24000
0.40000,-0.00000,0.06000,3.61000,1.47000,2.90000,2.92000,92.25000,100.24000
0.41000,-0.00000,0.09000,3.86000,1.99000,1.34000,1.78000,61.13000,98.60000
0.42000,-0.00000,0.11000,3.53000,2.53000,1.23000,1.89000,61.13000,98.60000
0.42000,0.00000,0.11000,2.66000,2.49000,1.18000,1.95000,46.24000,87.05000
0.43000,0.00000,0.10000,1.74000,2.39000,1.16000,1.96000,46.24000,87.05000
0.43000,0.00000,0.08000,1.06000,2.39000,1.19000,1.93000,59.10000,85.54000
0.44000,0.00000,0.06000,1.10000,2.28000,1.25000,1.87000,59.10000,85.54000
0.44000,0.00000,0.04000,1.16000,2.01000,1.32000,1.80000,67.37000,82.44000
0.44000,0.00000,0.03000,1.29000,1.93000,1.38000,1.76000,67.37000,82.44000
0.45000,0.00000,0.03000,1.52000,1.66000,1.50000,1.80000,68.66000,84.84000
0.45000,0.00000,0.03000,1.76000,1.62000,1.57000,1.85000,68.66000,84.84000
0.45000,0.00000,0.03000,1.83000,1.78000,1.48000,1.79000,62.49000,88.53000
0.46000,0.00000,0.03000,1.83000,1.78000,1.46000,1.77000,62.49000,88.53000
0.46000,0.00000,0.03000,1.66000,1.95000,1.44000,1.76000,59.19000,86.69000
0.47000,0.00000,0.02000,1.60000,1.83000,1.53000,1.82000,59.19000,86.69000
0.47000,0.00000,0.01000,1.18000,1.91000,1.68000,1.94000,63.90000,88.59000
0.47000,0.00000,-0.00000,1.31000,1.95000,2.73000,2.76000,63.90000,88.59000
0.48000,0.00000,-0.01000,1.33000,1.93000,3.19000,3.19000,91.34000,106.17000
0.48000,0.00000,-0.02000,1.95000,2.30000,3.28000,3.28000,91.34000,106.17000
0.49000,0.00000,-0.02000,2.68000,2.72000,3.20000,3.19000,93.15000,108.34000
0.49000,0.00000,-0.02000,2.99000,2.99000,3.18000,3.17000,93.15000,108.34000
0.50000,0.00000,-0.03000,2.74000,3.24000,3.17000,3.16000,84.67000,102.98000
0.51000,0.00000,-0.05000,2.14000,3.13000,2.82000,2.80000,84.67000,102.98000
0.51000,0.00000,-0.07000,1.97000,3.32000,1.80000,1.50000,78.01000,76.95000
0.52000,0.00000,-0.09000,1.70000,2.86000,1.80000,1.32000,78.01000,76.95000
0.52000,0.00000,-0.11000,1.62000,2.32000,1.88000,1.25000,83.67000,67.40000
0.53000,0.00000,-0.11000,1.35000,1.66000,1.92000,1.21000,83.67000,67.40000
0.53000,0.00000,-0.11000,1.43000,1.12000,1.94000,1.19000,90.91000,74.83000
0.53000,0.00000,-0.09000,1.74000,1.00000,1.93000,1.20000,90.91000,74.83000
0.53000,-0.00000,-0.07000,1.85000,0.79000,1.90000,1.23000,87.89000,82.62000
0.54000,-0.00000,-0.05000,2.05000,0.89000,1.84000,1.28000,87.89000,82.62000
0.54000,-0.00000,-0.04000,2.03000,1.14000,1.77000,1.35000,82.29000,87.42000
0.55000,-0.00000,-0.02000,2.10000,1.18000,1.79000,1.48000,82.29000,87.42000
0.55000,-0.00000,-0.01000,1.87000,1.31000,2.58000,2.54000,92.10000,103.59000
0.55000,-0.00000,-0.01000,1.97000,1.83000,3.08000,3.07000,92.10000,103.59000
0.56000,-0.00000,-0.02000,1.66000,2.18000,3.15000,3.14000,105.37000,111.09000
0.56000,-0.00000,-0.03000,1.68000,2.66000,2.74000,2.71000,105.37000,111.09000
0.57000,-0.00000,-0.05000,2.30000,3.01000,1.79000,1.48000,96.38000,81.63000
0.57000,-0.00000,-0.05000,2.43000,2.78000,1.77000,1.36000,96.38000,81.63000
0.58000,-0.00000,-0.05000,2.37000,2.28000,1.80000,1.33000,85.97000,70.39000
0.58000,-0.00000,-0.04000,2.18000,1.72000,1.80000,1.32000,85.97000,70.39000
0.59000,-0.00000,-0.02000,2.28000,1.18000,1.78000,1.35000,85.63000,77.87000
0.59000,-0.00000,0.01000,2.43000,0.81000,1.82000,1.52000,85.63000,77.87000
0.59000,-0.00000,0.04000,2.76000,0.77000,3.20000,3.19000,100.79000,116.98000
0.60000,-0.00000,0.07000,3.28000,1.58000,2.06000,2.27000,100.79000,116.98000
0.61000,-0.00000,0.10000,3.90000,2.41000,1.33000,1.79000,64.68000,98.76000
0.61000,-0.00000,0.11000,3.55000,2.78000,1.24000,1.89000,64.68000,98.76000
0.62000,0.00000,0.11000,2.88000,2.95000,1.18000,1.94000,46.68000,84.24000
0.63000,0.00000,0.10000,2.22000,2.78000,1.17000,1.95000,46.68000,84.24000
0.63000,0.00000,0.08000,1.37000,2.43000,1.18000,1.94000,52.36000,79.25000
0.63000,0.00000,0.06000,0.98000,2.12000,1.22000,1.91000,52.36000,79.25000
0.64000,0.00000,0.05000,0.71000,1.58000,1.27000,1.86000,66.15000,82.85000
0.64000,0.00000,0.04000,1.04000,1.51000,1.31000,1.81000,66.15000,82.85000
0.64000,0.00000,0.04000,1.41000,1.29000,1.34000,1.79000,67.99000,89.29000
0.65000,0.00000,0.04000,1.41000,1.31000,1.32000,1.80000,67.99000,89.29000
0.65000,0.00000,0.04000,1.62000,1.64000,1.31000,1.82000,63.74000,94.45000
0.65000,0.00000,0.04000,1.58000,1.81000,1.30000,1.82000,63.74000,94.45000
0.66000,0.00000,0.02000,1.37000,2.10000,1.30000,1.82000,60.54000,90.11000
0.66000,0.00000,0.01000,1.41000,2.10000,1.34000,1.79000,60.54000,90.11000
0.66000,0.00000,-0.00000,1.25000,2.08000,1.37000,1.76000,62.44000,84.93000
0.67000,0.00000,-0.02000,1.18000,1.99000,1.52000,1.81000,62.44000,84.93000
0.67000,0.00000,-0.03000,1.22000,1.76000,2.37000,2.48000,80.63000,95.31000
0.68000,0.00000,-0.03000,1.58000,1.68000,2.96000,2.97000,80.63000,95.31000
0.68000,0.00000,-0.03000,2.12000,2.05000,2.99000,3.01000,91.20000,110.82000
0.69000,0.00000,-0.03000,2.41000,2.32000,2.88000,2.90000,91.20000,110.82000
0.69000,0.00000,-0.03000,2.80000,2.78000,2.67000,2.70000,82.40000,104.56000
0.70000,0.00000,-0.04000,2.47000,2.99000,2.35000,2.47000,82.40000,104.56000
0.70000,0.00000,-0.06000,1.78000,3.09000,2.77000,2.80000,84.52000,98.25000
0.71000,0.00000,-0.09000,1.41000,3.01000,3.28000,3.28000,84.52000,98.25000
0.71000,0.00000,-0.12000,1.02000,2.82000,-0.39000,0.37000,54.88000,60.37000
0.72000,0.00000,-0.16000,0.23000,2.22000,-0.45000,0.41000,54.88000,60.37000
0.72000,0.00000,-0.18000,0.02000,1.23000,-0.50000,0.44000,60.12000,57.46000
0.72000,0.00000,-0.19000,0.02000,0.56000,-0.53000,0.45000,60.12000,57.46000
0.72000,0.00000,-0.19000,0.04000,0.19000,-0.54000,0.45000,58.24000,71.79000
0.72000,0.00000,-0.19000,0.00000,0.10000,-0.55000,0.45000,58.24000,71.79000
0.72000,0.00000,-0.19000,0.02000,0.00000,-0.55000,0.45000,55.08000,77.96000
0.72000,0.00000,-0.19000,0.00000,0.00000,-0.55000,0.45000,55.08000,77.96000
0.72000,0.00000,-0.20000,0.00000,0.19000,-0.55000,0.45000,51.80000,81.59000
0.72000,0.00000,-0.20000,0.00000,0.50000,-0.55000,0.45000,51.80000,81.59000
0.72000,0.00000,-0.21000,0.00000,0.56000,-0.56000,0.44000,48.27000,76.75000
0.72000,-0.00000,-0.22000,0.00000,0.52000,-0.58000,0.44000,48.27000,76.75000
0.72000,-0.00000,-0.24000,0.00000,0.64000,-0.59000,0.43000,44.46000,75.92000
0.72000,-0.00000,-0.25000,0.00000,0.83000,-0.61000,0.42000,44.46000,75.92000
0.72000,-0.00000,-0.27000,0.00000,0.98000,-0.64000,0.40000,40.23000,70.21000
0.72000,-0.00000,-0.28000,0.00000,0.75000,-0.67000,0.37000,40.23000,70.21000
0.72000,-0.00000,-0.29000,0.00000,0.37000,-0.71000,0.33000,35.38000,67.90000
0.72000,-0.00000,-0.29000,0.00000,0.06000,-0.72000,0.31000,35.38000,67.90000
0.72000,-0.00000,-0.29000,0.00000,0.06000,-0.73000,0.31000,30.82000,75.36000
0.72000,-0.00000,-0.29000,0.00000,0.00000,-0.73000,0.31000,30.82000,75.36000
0.72000,-0.00000,-0.29000,-0.02000,0.00000,-0.73000,0.31000,26.41000,77.73000
0.72000,-0.00000,-0.29000,0.00000,0.00000,-0.73000,0.31000,26.41000,77.73000
0.72000,-0.00000,-0.29000,0.00000,0.00000,-0.73000,0.31000,22.01000,79.56000
0.72000,-0.00000,-0.29000,0.00000,0.00000,-0.73000,0.31000,22.01000,79.56000
0.72000,-0.00000,-0.29000,0.00000,0.00000,-0.73000,0.31000,17.63000,81.41000
0.72000,-0.00000,-0.29000,0.00000,0.00000,-0.73000,0.31000,17.63000,81.41000
0.72000,-0.00000,-0.29000,0.00000,0.00000,-0.73000,0.31000,13.24000,83.25000
0.72000,-0.00000,-0.29000,0.00000,0.00000,-0.73000,0.31000,13.24000,83.25000
0.72000,-0.00000,-0.29000,0.00000,0.00000,-0.73000,0.31000,8.85000,85.09000
0.72000,-0.00000,-0.29000,0.00000,0.00000,-0.73000,0.31000,8.85000,85.09000
0.72000,-0.00000,-0.29000,0.00000,0.00000,-0.73000,0.31000,4.46000,86.93000
0.72000,-0.00000,-0.29000,0.00000,0.00000,-0.73000,0.31000,4.46000,86.93000
0.72000,-0.00000,-0.29000,0.00000,0.00000,-0.73000,0.31000,0.07000,88.77000
0.72000,-0.00000,-0.29000,0.00000,0.00000,-0.73000,0.31000,0.07000,88.77000
0.72000,-0.00000,-0.29000,0.00000,0.00000,-0.73000,0.31000,-4.32000,90.61000
0.72000,-0.00000,-0.29000,0.00000,0.00000,-0.73000,0.31000,-4.32000,90.61000
0.72000,-0.00000,-0.29000,0.00000,0.00000,-0.73000,0.31000,-8.71000,92.45000
0.72000,-0.00000,-0.29000,0.00000,0.00000,-0.73000,0.31000,-8.71000,92.45000
0.72000,-0.00000,-0.29000,0.00000,0.00000,-0.73000,0.31000,-13.09000,94.29000
0.72000,-0.00000,-0.29000,0.00000,0.00000,-0.73000,0.31000,-13.09000,94.29000
0.72000,-0.00000,-0.29000,0.00000,0.06000,-0.73000,0.31000,-17.48000,96.13000
0.72000,-0.00000,-0.31000,0.00000,0.77000,-0.73000,0.30000,-17.48000,96.13000
0.73000,-0.00000,-0.33000,0.00000,1.45000,-0.78000,0.26000,-22.59000,85.70000
0.73000,-0.00000,-0.36000,0.00000,1.60000,-0.88000,0.15000,-22.59000,85.70000
0.73000,-0.00000,-0.39000,0.00000,1.68000,-1.03000,-0.01000,-31.07000,66.17000
0.73000,-0.00000,-0.42000,0.00000,1.33000,-1.23000,-0.22000,-31.07000,66.17000
0.73000,-0.00000,-0.43000,0.00000,0.62000,-1.41000,-0.38000,-42.94000,55.08000
0.73000,-0.00000,-0.43000,0.00000,0.06000,-1.50000,-0.45000,-42.94000,55.08000
0.73000,-0.00000,-0.43000,0.00000,0.04000,-1.50000,-0.45000,-52.80000,62.71000
0.73000,-0.00000,-0.43000,-0.02000,0.00000,-1.51000,-0.46000,-52.80000,62.71000
0.73000,-0.00000,-0.43000,-0.02000,0.00000,-1.51000,-0.46000,-61.62000,60.46000
0.73000,-0.00000,-0.43000,-0.15000,0.00000,-1.51000,-0.46000,-61.62000,60.46000
0.73000,-0.00000,-0.44000,-0.27000,0.00000,-1.53000,-0.47000,-68.94000,57.51000
0.73000,-0.00000,-0.44000,-0.04000,0.00000,-1.56000,-0.49000,-68.94000,57.51000
0.73000,-0.00000,-0.44000,0.00000,0.00000,-1.56000,-0.50000,-79.26000,54.29000
0.73000,-0.00000,-0.44000,0.00000,0.00000,-1.56000,-0.50000,-79.26000,54.29000
0.73000,-0.00000,-0.44000,0.00000,0.00000,-1.56000,-0.50000,-88.99000,51.31000
0.73000,-0.00000,-0.44000,-0.04000,0.00000,-1.56000,-0.50000,-88.99000,51.31000
0.73000,-0.00000,-0.44000,0.00000,0.00000,-1.56000,-0.50000,-97.79000,48.27000
0.73000,-0.00000,-0.45000,-0.39000,0.00000,-1.56000,-0.50000,-97.79000,48.27000
0.73000,-0.00000,-0.47000,-1.20000,0.00000,-1.60000,-0.53000,-102.19000,44.81000
0.73000,-0.00000,-0.50000,-1.72000,0.00000,-1.71000,-0.62000,-102.19000,44.81000
0.73000,-0.00000,-0.54000,-2.24000,0.00000,-1.84000,-0.72000,-93.02000,38.82000
0.72000,0.00000,-0.59000,-2.78000,0.00000,-1.96000,-0.81000,-93.02000,38.82000
0.72000,0.00000,-0.65000,-3.36000,0.00000,-2.06000,-0.87000,-81.25000,32.25000
0.72000,0.01000,-0.72000,-3.65000,0.00000,-2.14000,-0.90000,-81.25000,32.25000
0.71000,0.01000,-0.78000,-3.74000,0.00000,-2.18000,-0.91000,-65.67000,26.49000
0.71000,0.01000,-0.85000,-3.49000,0.00000,-2.20000,-0.91000,-65.67000,26.49000
0.71000,0.01000,-0.90000,-3.03000,0.00000,-2.21000,-0.91000,-59.77000,21.03000
0.71000,0.02000,-0.95000,-2.55000,0.00000,-2.21000,-0.91000,-59.77000,21.03000
0.71000,0.02000,-0.98000,-2.03000,0.00000,-2.21000,-0.91000,-66.16000,15.55000
0.70000,0.02000,-1.02000,-1.91000,0.00000,-2.21000,-0.91000,-66.16000,15.55000
0.70000,0.02000,-1.05000,-1.85000,0.00000,-2.21000,-0.91000,-73.73000,10.03000
0.70000,0.02000,-1.09000,-1.99000,0.00000,-2.21000,-0.92000,-73.73000,10.03000
0.70000,0.03000,-1.13000,-2.16000,0.00000,-2.20000,-0.93000,-74.13000,4.36000
0.70000,0.03000,-1.17000,-2.28000,0.00000,-2.19000,-0.94000,-74.13000,4.36000
0.70000,0.03000,-1.21000,-2.45000,0.00000,-2.17000,-0.95000,-70.60000,-1.58000
0.70000,0.03000,-1.26000,-2.32000,0.00000,-2.15000,-0.97000,-70.60000,-1.58000
0.70000,0.03000,-1.30000,-2.41000,0.00000,-2.14000,-0.99000,-68.78000,-7.85000
0.70000,0.04000,-1.34000,-2.24000,0.00000,-2.12000,-1.01000,-68.78000,-7.85000
0.70000,0.04000,-1.38000,-2.08000,0.00000,-2.11000,-1.03000,-68.43000,-14.37000
0.69000,0.04000,-1.41000,-1.95000,0.00000,-3.13000,-3.10000,-68.43000,-14.37000
0.69000,0.04000,-1.44000,-1.45000,0.00000,-2.43000,-2.55000,-76.82000,-43.37000
0.69000,0.04000,-1.46000,-1.20000,0.00000,-1.03000,-2.11000,-76.82000,-43.37000
0.69000,0.05000,-1.48000,-1.18000,0.00000,-1.01000,-2.11000,-69.64000,-52.08000
0.69000,0.05000,-1.49000,-0.58000,0.00000,-1.01000,-2.12000,-69.64000,-52.08000
0.69000,0.05000,-1.49000,-0.02000,0.00000,-1.00000,-2.12000,-77.65000,-64.95000
0.69000,0.05000,-1.49000,0.00000,0.00000,-1.00000,-2.12000,-77.65000,-64.95000
0.69000,0.05000,-1.49000,-0.04000,0.00000,-1.00000,-2.12000,-88.88000,-77.70000
0.69000,0.05000,-1.50000,-0.25000,-0.02000,-1.00000,-2.12000,-88.88000,-77.70000
0.69000,0.05000,-1.51000,-0.46000,0.00000,-1.00000,-2.13000,-91.11000,-90.16000
0.69000,0.05000,-1.52000,-0.87000,0.00000,-0.99000,-2.13000,-91.11000,-90.16000
0.69000,0.05000,-1.55000,-1.41000,0.00000,-0.99000,-2.14000,-86.12000,-103.28000
0.69000,0.05000,-1.57000,-1.45000,-0.06000,-0.98000,-2.15000,-86.12000,-103.28000
0.69000,0.05000,-1.57000,-0.83000,-1.06000,-0.97000,-2.16000,-77.77000,-115.52000
0.69000,0.06000,-1.54000,-0.17000,-1.70000,-0.97000,-2.16000,-77.77000,-115.52000
0.69000,0.06000,-1.50000,0.00000,-2.18000,-0.98000,-2.15000,-94.33000,-103.30000
0.69000,0.06000,-1.46000,-0.27000,-2.53000,-0.99000,-2.13000,-94.33000,-103.30000
0.69000,0.06000,-1.43000,-0.64000,-2.43000,-1.01000,-2.11000,-98.14000,-93.03000
0.69000,0.07000,-1.42000,-1.37000,-2.03000,-1.05000,-2.11000,-98.14000,-93.03000
0.69000,0.07000,-1.42000,-2.05000,-1.83000,-1.39000,-2.18000,-91.84000,-98.97000
0.69000,0.08000,-1.43000,-2.59000,-2.12000,-1.17000,-2.13000,-91.84000,-98.97000
0.69000,0.08000,-1.44000,-2.88000,-2.24000,-1.03000,-2.11000,-68.24000,-97.50000
0.69000,0.09000,-1.44000,-2.49000,-2.26000,-1.02000,-2.11000,-68.24000,-97.50000
0.69000,0.09000,-1.43000,-1.76000,-2.34000,-1.02000,-2.11000,-60.15000,-95.30000
0.69000,0.10000,-1.40000,-0.64000,-2.24000,-1.02000,-2.11000,-60.15000,-95.30000
0.69000,0.10000,-1.37000,-0.04000,-2.08000,-2.17000,-2.43000,-96.29000,-99.57000
0.69000,0.10000,-1.33000,-0.02000,-2.03000,-3.15000,-3.12000,-96.29000,-99.57000
0.69000,0.10000,-1.30000,-0.50000,-2.12000,-2.11000,-1.03000,-113.84000,-82.83000
0.69000,0.11000,-1.30000,-1.58000,-1.74000,-2.11000,-1.01000,-113.84000,-82.83000
0.69000,0.11000,-1.32000,-2.43000,-1.24000,-2.12000,-1.01000,-103.15000,-80.83000
0.68000,0.12000,-1.35000,-2.68000,-1.00000,-2.11000,-1.02000,-103.15000,-80.83000
0.68000,0.12000,-1.38000,-2.66000,-1.08000,-2.25000,-1.65000,-91.87000,-97.17000
0.68000,0.12000,-1.40000,-2.24000,-0.95000,-3.29000,-3.26000,-91.87000,-97.17000
0.68000,0.13000,-1.42000,-1.85000,-1.18000,-2.64000,-2.71000,-101.70000,-117.72000
0.68000,0.13000,-1.41000,-1.70000,-1.76000,-1.40000,-2.18000,-101.70000,-117.72000
0.68000,0.14000,-1.42000,-2.10000,-1.95000,-1.45000,-2.19000,-94.42000,-108.33000
0.68000,0.14000,-1.42000,-2.49000,-2.09000,-1.26000,-2.15000,-94.42000,-108.33000
0.68000,0.15000,-1.44000,-2.82000,-1.97000,-1.06000,-2.11000,-75.20000,-104.68000
0.68000,0.15000,-1.46000,-2.80000,-1.81000,-1.02000,-2.11000,-75.20000,-104.68000
0.68000,0.16000,-1.47000,-2.43000,-1.64000,-1.01000,-2.11000,-61.20000,-109.18000
0.68000,0.16000,-1.47000,-1.87000,-1.74000,-1.01000,-2.12000,-61.20000,-109.18000
0.68000,0.16000,-1.47000,-1.37000,-1.56000,-1.00000,-2.12000,-64.37000,-112.09000
0.68000,0.17000,-1.46000,-1.08000,-1.83000,-1.01000,-2.12000,-64.37000,-112.09000
0.68000,0.17000,-1.43000,-0.91000,-2.12000,-1.01000,-2.12000,-71.10000,-113.03000
0.68000,0.17000,-1.41000,-1.04000,-2.16000,-1.02000,-2.11000,-71.10000,-113.03000
0.68000,0.18000,-1.40000,-1.35000,-2.28000,-1.09000,-2.11000,-72.49000,-109.76000
0.67000,0.18000,-1.38000,-1.41000,-2.14000,-2.30000,-2.49000,-72.49000,-109.76000
0.67000,0.18000,-1.38000,-1.51000,-1.95000,-3.10000,-3.13000,-97.31000,-125.04000
0.67000,0.19000,-1.37000,-2.05000,-2.32000,-3.25000,-3.27000,-97.31000,-125.04000
0.67000,0.20000,-1.37000,-2.63000,-2.61000,-3.29000,-3.27000,-100.74000,-130.29000
0.67000,0.20000,-1.38000,-2.99000,-2.78000,-3.29000,-3.27000,-100.74000,-130.29000
0.67000,0.21000,-1.38000,-3.36000,-2.95000,-3.25000,-3.28000,-93.58000,-129.28000
0.67000,0.22000,-1.39000,-3.44000,-2.86000,-3.12000,-3.15000,-93.58000,-129.28000
0.67000,0.22000,-1.40000,-3.32000,-2.95000,-2.59000,-2.68000,-78.45000,-121.97000
0.67000,0.23000,-1.40000,-2.95000,-2.90000,-1.79000,-2.29000,-78.45000,-121.97000
0.66000,0.23000,-1.39000,-2.32000,-3.07000,-1.64000,-2.25000,-66.52000,-113.79000
0.66000,0.24000,-1.36000,-1.56000,-3.01000,-2.86000,-2.91000,-66.52000,-113.79000
0.66000,0.24000,-1.32000,-0.73000,-2.97000,-3.21000,-3.18000,-103.07000,-122.29000
0.66000,0.25000,-1.28000,-0.93000,-3.07000,-2.11000,-1.03000,-103.07000,-122.29000
0.66000,0.25000,-1.26000,-1.76000,-3.22000,-2.12000,-1.01000,-105.98000,-89.81000
0.66000,0.26000,-1.24000,-1.89000,-2.78000,-2.13000,-0.99000,-105.98000,-89.81000
0.66000,0.26000,-1.24000,-2.22000,-2.26000,-2.14000,-0.99000,-99.08000,-81.50000
0.66000,0.27000,-1.25000,-2.07000,-1.58000,-2.14000,-0.99000,-99.08000,-81.50000
0.65000,0.27000,-1.26000,-1.91000,-1.20000,-2.14000,-0.99000,-97.75000,-88.81000
0.65000,0.27000,-1.27000,-1.12000,-0.75000,-2.13000,-0.99000,-97.75000,-88.81000
0.65000,0.27000,-1.27000,-0.87000,-0.87000,-2.13000,-0.99000,-112.30000,-97.80000
0.65000,0.28000,-1.27000,-1.47000,-1.35000,-2.13000,-0.99000,-112.30000,-97.80000
0.65000,0.28000,-1.29000,-2.41000,-1.35000,-2.13000,-0.99000,-113.07000,-90.27000
0.65000,0.29000,-1.32000,-3.30000,-1.45000,-2.12000,-1.00000,-113.07000,-90.27000
0.65000,0.29000,-1.36000,-3.65000,-1.54000,-2.11000,-1.01000,-89.32000,-86.87000
0.65000,0.30000,-1.39000,-3.20000,-1.45000,-2.21000,-1.52000,-89.32000,-86.87000
0.65000,0.30000,-1.41000,-2.49000,-1.39000,-3.29000,-3.27000,-101.50000,-118.06000
0.65000,0.31000,-1.42000,-2.24000,-2.01000,-2.79000,-2.85000,-101.50000,-118.06000
0.64000,0.31000,-1.41000,-2.12000,-2.45000,-2.44000,-2.56000,-103.62000,-109.87000
0.64000,0.32000,-1.40000,-1.95000,-2.28000,-2.83000,-2.89000,-103.62000,-109.87000
0.64000,0.32000,-1.40000,-1.99000,-2.20000,-3.07000,-3.11000,-118.66000,-117.36000
0.64000,0.33000,-1.40000,-1.99000,-2.10000,-3.17000,-3.20000,-118.66000,-117.36000
0.64000,0.33000,-1.41000,-2.41000,-1.95000,-3.20000,-3.23000,-126.68000,-126.92000
0.64000,0.34000,-1.43000,-2.90000,-1.85000,-2.94000,-2.99000,-126.68000,-126.92000
0.64000,0.34000,-1.45000,-3.73000,-2.28000,-1.26000,-2.15000,-91.16000,-121.24000
0.64000,0.35000,-1.48000,-4.03000,-2.59000,-1.02000,-2.11000,-91.16000,-121.24000
0.64000,0.36000,-1.50000,-3.71000,-2.76000,-1.01000,-2.12000,-60.66000,-111.44000
0.64000,0.36000,-1.50000,-2.86000,-2.82000,-1.00000,-2.13000,-60.66000,-111.44000
0.64000,0.37000,-1.48000,-1.89000,-2.99000,-0.99000,-2.13000,-59.77000,-105.32000
0.64000,0.37000,-1.45000,-1.39000,-2.88000,-1.00000,-2.12000,-59.77000,-105.32000
0.64000,0.38000,-1.42000,-0.98000,-2.59000,-1.01000,-2.12000,-70.91000,-100.02000
0.64000,0.38000,-1.40000,-0.87000,-2.26000,-1.02000,-2.11000,-70.91000,-100.02000
0.64000,0.38000,-1.38000,-1.12000,-1.93000,-1.57000,-2.22000,-84.74000,-106.38000
0.63000,0.39000,-1.37000,-1.56000,-1.99000,-2.87000,-2.92000,-84.74000,-106.38000
0.63000,0.39000,-1.37000,-1.80000,-1.68000,-3.14000,-3.17000,-102.26000,-124.41000
0.63000,0.40000,-1.38000,-2.45000,-2.07000,-3.07000,-3.10000,-102.26000,-124.41000
0.63000,0.40000,-1.39000,-2.90000,-2.47000,-2.71000,-2.77000,-91.89000,-124.28000
0.63000,0.41000,-1.40000,-2.97000,-2.24000,-1.77000,-2.29000,-91.89000,-124.28000
0.63000,0.41000,-1.41000,-2.80000,-2.24000,-1.05000,-2.11000,-60.82000,-115.99000
0.63000,0.42000,-1.41000,-2.05000,-2.28000,-1.02000,-2.11000,-60.82000,-115.99000
0.63000,0.42000,-1.39000,-1.16000,-2.35000,-1.02000,-2.11000,-62.54000,-114.54000
0.63000,0.43000,-1.36000,-0.81000,-2.28000,-1.18000,-2.13000,-62.54000,-114.54000
0.63000,0.43000,-1.33000,-0.64000,-2.45000,-3.08000,-3.11000,-105.84000,-128.54000
0.63000,0.43000,-1.30000,-1.27000,-2.55000,-2.80000,-2.74000,-105.84000,-128.54000
0.62000,0.44000,-1.30000,-2.26000,-2.43000,-2.11000,-1.05000,-98.08000,-98.58000
0.62000,0.44000,-1.31000,-2.59000,-2.20000,-2.11000,-1.02000,-98.08000,-98.58000
0.62000,0.45000,-1.32000,-2.45000,-1.99000,-2.11000,-1.03000,-83.17000,-94.55000
0.62000,0.45000,-1.32000,-1.83000,-1.74000,-2.11000,-1.05000,-83.17000,-94.55000
0.62000,0.46000,-1.31000,-1.16000,-1.56000,-2.11000,-1.04000,-91.76000,-94.49000
0.62000,0.46000,-1.29000,-0.33000,-1.49000,-2.11000,-1.02000,-91.76000,-94.49000
0.62000,0.46000,-1.26000,-0.04000,-1.47000,-2.12000,-1.01000,-115.99000,-93.57000
0.62000,0.46000,-1.25000,-0.44000,-1.45000,-2.13000,-1.00000,-115.99000,-93.57000
0.62000,0.46000,-1.24000,-1.16000,-1.31000,-2.14000,-0.99000,-125.47000,-90.98000
0.62000,0.47000,-1.26000,-2.05000,-1.31000,-2.14000,-0.98000,-125.47000,-90.98000
0.61000,0.47000,-1.28000,-2.47000,-1.22000,-2.14000,-0.98000,-111.50000,-90.29000
0.61000,0.47000,-1.31000,-2.51000,-0.97000,-2.14000,-0.98000,-111.50000,-90.29000
0.61000,0.48000,-1.34000,-3.07000,-1.27000,-2.14000,-0.99000,-105.14000,-93.40000
0.61000,0.49000,-1.38000,-3.61000,-1.58000,-1.05000,-2.11000,-105.14000,-93.40000
0.61000,0.49000,-1.41000,-3.67000,-1.60000,-1.01000,-2.12000,-69.46000,-101.37000
0.61000,0.50000,-1.43000,-2.84000,-1.97000,-0.99000,-2.13000,-69.46000,-101.37000
0.61000,0.50000,-1.42000,-1.87000,-2.28000,-0.99000,-2.14000,-65.04000,-99.05000
0.61000,0.50000,-1.40000,-0.87000,-2.24000,-0.99000,-2.14000,-65.04000,-99.05000
0.61000,0.51000,-1.37000,-0.50000,-2.01000,-1.00000,-2.13000,-83.64000,-95.80000
0.61000,0.51000,-1.35000,-0.48000,-1.54000,-1.01000,-2.12000,-83.64000,-95.80000
0.61000,0.51000,-1.34000,-0.48000,-1.14000,-1.02000,-2.11000,-90.58000,-105.41000
0.61000,0.51000,-1.33000,-0.52000,-1.04000,-1.03000,-2.11000,-90.58000,-105.41000
0.61000,0.51000,-1.32000,-0.54000,-1.04000,-1.09000,-2.11000,-94.23000,-116.40000
0.61000,0.52000,-1.31000,-0.44000,-1.14000,-1.47000,-2.20000,-94.23000,-116.40000
0.60000,0.52000,-1.30000,-0.58000,-1.20000,-2.73000,-2.80000,-123.57000,-131.53000
0.60000,0.52000,-1.30000,-1.45000,-1.41000,-3.18000,-3.21000,-123.57000,-131.53000
0.60000,0.53000,-1.31000,-2.37000,-1.74000,-3.16000,-3.19000,-128.51000,-143.32000
0.60000,0.53000,-1.32000,-2.90000,-2.47000,-2.66000,-2.74000,-128.51000,-143.32000
0.60000,0.54000,-1.32000,-3.20000,-2.80000,-1.79000,-2.30000,-96.49000,-124.72000
0.60000,0.54000,-1.33000,-3.32000,-2.93000,-1.21000,-2.14000,-96.49000,-124.72000
0.60000,0.55000,-1.34000,-3.36000,-2.95000,-1.05000,-2.11000,-72.43000,-114.01000
0.59000,0.56000,-1.34000,-2.99000,-3.07000,-1.02000,-2.11000,-72.43000,-114.01000
0.59000,0.56000,-1.33000,-2.53000,-2.93000,-1.02000,-2.11000,-63.39000,-106.89000
0.59000,0.57000,-1.32000,-2.03000,-2.70000,-1.04000,-2.11000,-63.39000,-106.89000
0.59000,0.57000,-1.30000,-1.58000,-2.39000,-1.32000,-2.16000,-70.33000,-107.51000
0.59000,0.58000,-1.29000,-1.35000,-2.03000,-2.69000,-2.76000,-70.33000,-107.51000
0.59000,0.58000,-1.28000,-1.43000,-1.89000,-3.19000,-3.22000,-104.34000,-130.08000
0.59000,0.59000,-1.27000,-1.91000,-2.34000,-3.30000,-3.27000,-104.34000,-130.08000
0.59000,0.59000,-1.28000,-2.78000,-2.76000,-3.22000,-3.19000,-107.46000,-132.14000
0.58000,0.60000,-1.29000,-3.24000,-2.53000,-3.22000,-3.19000,-107.46000,-132.14000
0.58000,0.60000,-1.31000,-3.42000,-2.47000,-3.24000,-3.26000,-95.69000,-135.52000
0.58000,0.61000,-1.32000,-3.42000,-2.74000,-2.55000,-2.63000,-95.69000,-135.52000
0.58000,0.62000,-1.32000,-3.36000,-2.95000,-1.28000,-2.15000,-63.54000,-120.11000
0.58000,0.62000,-1.32000,-2.57000,-2.97000,-1.06000,-2.11000,-63.54000,-120.11000
0.58000,0.63000,-1.29000,-1.81000,-3.17000,-1.19000,-2.13000,-62.05000,-112.86000
0.57000,0.63000,-1.26000,-1.10000,-3.03000,-3.05000,-3.09000,-62.05000,-112.86000
0.57000,0.64000,-1.21000,-0.58000,-3.03000,-2.68000,-2.60000,-98.21000,-113.93000
0.57000,0.64000,-1.18000,-1.00000,-3.05000,-2.11000,-1.01000,-98.21000,-113.93000
0.57000,0.65000,-1.15000,-1.78000,-3.01000,-2.12000,-1.00000,-100.93000,-87.06000
0.57000,0.65000,-1.14000,-2.07000,-2.63000,-2.14000,-0.99000,-100.93000,-87.06000
0.57000,0.66000,-1.15000,-2.16000,-1.99000,-2.14000,-0.99000,-91.77000,-80.78000
0.56000,0.66000,-1.15000,-1.62000,-1.35000,-2.14000,-0.99000,-91.77000,-80.78000
0.56000,0.66000,-1.16000,-1.20000,-0.91000,-2.14000,-0.99000,-98.98000,-90.19000
0.56000,0.66000,-1.15000,-0.54000,-0.75000,-2.14000,-0.99000,-98.98000,-90.19000
0.56000,0.66000,-1.14000,-0.23000,-0.91000,-2.14000,-0.99000,-118.30000,-97.04000
0.56000,0.66000,-1.12000,-0.27000,-1.20000,-2.14000,-0.98000,-118.30000,-97.04000
0.56000,0.67000,-1.12000,-1.29000,-1.35000,-2.15000,-0.97000,-132.12000,-91.40000
0.56000,0.67000,-1.14000,-2.36000,-1.31000,-2.15000,-0.97000,-132.12000,-91.40000
0.56000,0.68000,-1.17000,-2.72000,-1.37000,-2.15000,-0.98000,-111.92000,-88.56000
0.55000,0.68000,-1.20000,-3.11000,-1.20000,-2.14000,-0.99000,-111.92000,-88.56000
0.55000,0.68000,-1.25000,-3.57000,-1.14000,-2.12000,-1.00000,-99.06000,-88.49000
0.55000,0.69000,-1.29000,-3.53000,-1.08000,-2.11000,-1.02000,-99.06000,-88.49000
0.55000,0.69000,-1.33000,-3.01000,-0.77000,-2.94000,-2.89000,-99.18000,-117.55000
0.55000,0.70000,-1.36000,-2.49000,-1.06000,-2.45000,-2.56000,-99.18000,-117.55000
0.55000,0.70000,-1.37000,-2.30000,-1.35000,-1.03000,-2.11000,-82.49000,-116.91000
0.55000,0.70000,-1.38000,-1.70000,-1.22000,-1.01000,-2.11000,-82.49000,-116.91000
0.55000,0.71000,-1.37000,-0.64000,-1.27000,-1.01000,-2.11000,-85.30000,-120.82000
0.55000,0.71000,-1.35000,-0.04000,-1.45000,-1.01000,-2.11000,-85.30000,-120.82000
0.55000,0.71000,-1.32000,-0.02000,-1.45000,-1.07000,-2.11000,-107.02000,-122.69000
0.55000,0.71000,-1.29000,-0.10000,-1.54000,-2.92000,-2.97000,-107.02000,-122.69000
0.54000,0.71000,-1.27000,-0.54000,-1.66000,-3.19000,-3.16000,-143.98000,-141.10000
0.54000,0.72000,-1.28000,-2.03000,-1.87000,-2.27000,-1.70000,-143.98000,-141.10000
0.54000,0.72000,-1.29000,-3.30000,-2.57000,-2.36000,-1.97000,-121.06000,-127.99000
0.54000,0.73000,-1.30000,-3.55000,-2.70000,-3.01000,-2.97000,-121.06000,-127.99000
0.54000,0.74000,-1.33000,-3.71000,-2.53000,-3.30000,-3.27000,-114.37000,-135.69000
0.54000,0.75000,-1.35000,-4.23000,-2.93000,-2.64000,-2.72000,-114.37000,-135.69000
0.53000,0.75000,-1.37000,-4.40000,-3.28000,-1.04000,-2.11000,-68.76000,-118.24000
0.53000,0.76000,-1.37000,-3.76000,-3.51000,-1.01000,-2.11000,-68.76000,-118.24000
0.53000,0.77000,-1.36000,-2.82000,-3.42000,-1.01000,-2.11000,-56.31000,-104.71000
0.53000,0.77000,-1.34000,-1.87000,-3.09000,-1.01000,-2.11000,-56.31000,-104.71000
0.53000,0.78000,-1.31000,-1.10000,-2.66000,-1.03000,-2.11000,-68.43000,-102.45000
0.53000,0.78000,-1.29000,-1.06000,-2.39000,-2.55000,-2.64000,-68.43000,-102.45000
0.53000,0.79000,-1.27000,-1.02000,-1.95000,-3.29000,-3.27000,-109.50000,-124.55000
0.53000,0.79000,-1.27000,-1.85000,-1.72000,-2.88000,-2.83000,-109.50000,-124.55000
0.52000,0.79000,-1.29000,-2.74000,-1.62000,-2.97000,-2.92000,-106.17000,-134.58000
0.52000,0.80000,-1.32000,-3.19000,-1.87000,-3.25000,-3.28000,-106.17000,-134.58000
0.52000,0.81000,-1.34000,-3.55000,-2.39000,-1.97000,-2.36000,-77.68000,-131.14000
0.52000,0.81000,-1.35000,-3.26000,-2.84000,-1.03000,-2.11000,-77.68000,-131.14000
0.52000,0.82000,-1.34000,-2.61000,-3.05000,-1.02000,-2.11000,-55.12000,-115.71000
0.52000,0.82000,-1.32000,-1.83000,-3.15000,-1.02000,-2.11000,-55.12000,-115.71000
0.52000,0.83000,-1.27000,-0.87000,-3.34000,-1.26000,-2.15000,-66.85000,-107.22000
0.51000,0.83000,-1.23000,-0.62000,-3.11000,-3.23000,-3.20000,-66.85000,-107.22000
0.51000,0.84000,-1.19000,-0.83000,-2.80000,-2.11000,-1.02000,-94.16000,-84.94000
0.51000,0.84000,-1.17000,-1.27000,-2.39000,-2.12000,-1.01000,-94.16000,-84.94000
0.51000,0.84000,-1.17000,-1.68000,-1.91000,-2.13000,-0.99000,-93.76000,-82.88000
0.51000,0.85000,-1.17000,-1.91000,-1.47000,-2.13000,-0.99000,-93.76000,-82.88000
0.51000,0.85000,-1.18000,-1.60000,-1.18000,-2.13000,-0.99000,-89.35000,-88.18000
0.51000,0.85000,-1.19000,-1.29000,-1.06000,-2.13000,-0.99000,-89.35000,-88.18000
0.51000,0.86000,-1.18000,-1.06000,-1.12000,-2.13000,-0.99000,-100.01000,-91.51000
0.50000,0.86000,-1.18000,-0.87000,-1.04000,-2.13000,-0.99000,-100.01000,-91.51000
0.50000,0.86000,-1.18000,-1.04000,-1.16000,-2.14000,-0.99000,-111.42000,-91.37000
0.50000,0.86000,-1.18000,-1.47000,-1.35000,-2.14000,-0.98000,-111.42000,-91.37000
0.50000,0.87000,-1.18000,-1.47000,-1.29000,-2.14000,-0.98000,-110.07000,-86.31000
0.50000,0.87000,-1.19000,-1.41000,-1.24000,-2.15000,-0.98000,-110.07000,-86.31000
0.50000,0.87000,-1.20000,-2.05000,-1.24000,-2.15000,-0.98000,-115.09000,-85.58000
0.50000,0.88000,-1.24000,-3.03000,-1.18000,-2.15000,-0.98000,-115.09000,-85.58000
0.50000,0.88000,-1.28000,-3.80000,-1.18000,-2.14000,-0.99000,-95.14000,-85.06000
0.49000,0.89000,-1.33000,-3.82000,-1.29000,-2.13000,-1.00000,-95.14000,-85.06000
0.49000,0.89000,-1.37000,-3.36000,-1.00000,-2.12000,-1.01000,-77.66000,-82.67000
0.49000,0.90000,-1.41000,-2.78000,-0.87000,-2.11000,-1.02000,-77.66000,-82.67000
0.49000,0.90000,-1.43000,-1.87000,-0.79000,-0.98000,-2.15000,-65.86000,-104.31000
0.49000,0.90000,-1.42000,-0.89000,-1.16000,-0.97000,-2.16000,-65.86000,-104.31000
0.49000,0.90000,-1.40000,-0.10000,-1.22000,-0.97000,-2.16000,-83.25000,-107.73000
0.49000,0.90000,-1.38000,0.00000,-1.39000,-0.98000,-2.15000,-83.25000,-107.73000
0.49000,0.91000,-1.35000,-0.04000,-1.47000,-0.99000,-2.14000,-97.40000,-109.99000
0.49000,0.91000,-1.33000,-0.17000,-1.35000,-1.00000,-2.13000,-97.40000,-109.99000
0.49000,0.91000,-1.32000,-0.91000,-1.16000,-1.01000,-2.12000,-101.14000,-114.81000
0.49000,0.91000,-1.33000,-1.54000,-1.22000,-1.01000,-2.12000,-101.14000,-114.81000
0.49000,0.92000,-1.33000,-1.72000,-1.54000,-1.01000,-2.12000,-85.64000,-121.31000
0.49000,0.92000,-1.33000,-1.64000,-1.99000,-1.01000,-2.12000,-85.64000,-121.31000
0.49000,0.92000,-1.31000,-1.08000,-2.14000,-1.01000,-2.12000,-80.92000,-115.17000
0.48000,0.93000,-1.29000,-0.87000,-2.07000,-1.01000,-2.11000,-80.92000,-115.17000
0.48000,0.93000,-1.27000,-1.12000,-2.16000,-1.03000,-2.11000,-88.97000,-114.48000
0.48000,0.93000,-1.25000,-1.41000,-2.10000,-1.66000,-2.25000,-88.97000,-114.48000
0.48000,0.94000,-1.26000,-1.97000,-1.89000,-2.83000,-2.88000,-108.84000,-126.03000
0.48000,0.94000,-1.26000,-2.78000,-2.55000,-2.72000,-2.79000,-108.84000,-126.03000
0.48000,0.95000,-1.27000,-3.55000,-3.03000,-2.34000,-2.51000,-89.45000,-118.28000
0.47000,0.96000,-1.28000,-3.65000,-3.26000,-1.33000,-2.16000,-89.45000,-118.28000
0.47000,0.97000,-1.28000,-3.40000,-3.28000,-1.07000,-2.11000,-54.72000,-101.47000
0.47000,0.97000,-1.27000,-2.53000,-3.07000,-1.04000,-2.11000,-54.72000,-101.47000
0.47000,0.98000,-1.25000,-1.45000,-2.62000,-1.21000,-2.14000,-58.17000,-97.79000
0.47000,0.98000,-1.23000,-1.10000,-2.05000,-2.93000,-2.98000,-58.17000,-97.79000
0.47000,0.98000,-1.22000,-0.73000,-1.16000,-3.29000,-3.27000,-102.93000,-124.39000
0.47000,0.98000,-1.23000,-1.24000,-0.95000,-3.20000,-3.17000,-102.93000,-124.39000
0.47000,0.99000,-1.25000,-2.28000,-1.20000,-3.28000,-3.25000,-113.66000,-147.91000
0.46000,0.99000,-1.27000,-2.95000,-1.87000,-2.95000,-2.99000,-113.66000,-147.91000
0.46000,1.00000,-1.28000,-3.57000,-2.74000,-1.26000,-2.15000,-70.08000,-131.44000
0.46000,1.01000,-1.29000,-3.24000,-3.05000,-1.02000,-2.11000,-70.08000,-131.44000
0.46000,1.01000,-1.27000,-2.57000,-3.40000,-1.02000,-2.11000,-52.00000,-114.77000
0.46000,1.02000,-1.24000,-1.66000,-3.49000,-1.07000,-2.11000,-52.00000,-114.77000
0.45000,1.02000,-1.19000,-0.93000,-3.34000,-3.13000,-3.17000,-94.07000,-118.46000
0.45000,1.03000,-1.16000,-1.22000,-3.34000,-2.19000,-1.42000,-94.07000,-118.46000
0.45000,1.03000,-1.13000,-1.99000,-3.32000,-2.11000,-1.01000,-94.10000,-86.42000
0.45000,1.04000,-1.12000,-2.49000,-3.03000,-2.12000,-1.00000,-94.10000,-86.42000
0.45000,1.04000,-1.12000,-2.51000,-2.34000,-2.13000,-1.00000,-80.69000,-76.92000
0.44000,1.05000,-1.13000,-1.81000,-1.66000,-2.13000,-1.00000,-80.69000,-76.92000
0.44000,1.05000,-1.13000,-1.20000,-1.10000,-2.13000,-1.00000,-88.76000,-85.26000
0.44000,1.05000,-1.12000,-0.62000,-1.08000,-2.13000,-1.00000,-88.76000,-85.26000
0.44000,1.05000,-1.11000,-0.15000,-0.93000,-2.13000,-0.99000,-108.47000,-89.93000
0.44000,1.05000,-1.10000,-0.27000,-0.89000,-2.14000,-0.99000,-108.47000,-89.93000
0.44000,1.05000,-1.09000,-1.02000,-1.08000,-2.14000,-0.98000,-123.00000,-92.08000
0.44000,1.06000,-1.11000,-2.03000,-1.31000,-2.14000,-0.98000,-123.00000,-92.08000
0.44000,1.06000,-1.13000,-2.34000,-1.29000,-2.14000,-0.99000,-107.74000,-86.47000
0.43000,1.07000,-1.14000,-2.20000,-1.27000,-2.13000,-0.99000,-107.74000,-86.47000
0.43000,1.07000,-1.16000,-2.59000,-1.45000,-2.12000,-1.00000,-105.67000,-85.36000
0.43000,1.07000,-1.20000,-3.19000,-1.24000,-2.12000,-1.01000,-105.67000,-85.36000
0.43000,1.08000,-1.24000,-3.32000,-1.06000,-2.11000,-1.02000,-90.00000,-84.41000
0.43000,1.08000,-1.27000,-2.88000,-1.12000,-3.08000,-3.05000,-90.00000,-84.41000
0.43000,1.09000,-1.30000,-2.45000,-1.14000,-2.82000,-2.88000,-98.88000,-112.76000
0.42000,1.09000,-1.31000,-2.16000,-1.54000,-1.07000,-2.11000,-98.88000,-112.76000
0.42000,1.10000,-1.31000,-2.26000,-2.28000,-1.02000,-2.11000,-82.37000,-105.51000
0.42000,1.10000,-1.29000,-1.56000,-2.34000,-1.02000,-2.11000,-82.37000,-105.51000
0.42000,1.10000,-1.27000,-1.12000,-2.10000,-1.06000,-2.11000,-85.23000,-96.85000
0.42000,1.11000,-1.26000,-1.02000,-1.62000,-2.14000,-2.42000,-85.23000,-96.85000
0.42000,1.11000,-1.25000,-0.75000,-1.29000,-2.96000,-3.00000,-118.77000,-119.68000
0.42000,1.11000,-1.26000,-1.27000,-1.08000,-3.22000,-3.25000,-118.77000,-119.68000
0.42000,1.11000,-1.27000,-2.20000,-1.31000,-3.16000,-3.19000,-129.67000,-138.88000
0.42000,1.12000,-1.29000,-2.74000,-1.93000,-2.16000,-2.43000,-129.67000,-138.88000
0.41000,1.13000,-1.31000,-3.65000,-2.53000,-1.08000,-2.11000,-87.82000,-122.65000
0.41000,1.13000,-1.33000,-3.96000,-2.78000,-1.02000,-2.11000,-87.82000,-122.65000
0.41000,1.14000,-1.34000,-3.51000,-3.20000,-1.01000,-2.12000,-58.40000,-111.09000
0.41000,1.15000,-1.33000,-2.70000,-3.22000,-1.00000,-2.12000,-58.40000,-111.09000
0.41000,1.15000,-1.30000,-1.87000,-3.13000,-1.00000,-2.12000,-59.61000,-100.62000
0.41000,1.16000,-1.28000,-1.29000,-2.32000,-1.01000,-2.11000,-59.61000,-100.62000
0.41000,1.16000,-1.28000,-1.06000,-1.35000,-1.02000,-2.11000,-70.79000,-107.21000
0.40000,1.16000,-1.28000,-1.06000,-1.14000,-1.02000,-2.11000,-70.79000,-107.21000
0.40000,1.16000,-1.27000,-1.10000,-1.37000,-1.02000,-2.11000,-72.64000,-123.64000
0.40000,1.17000,-1.26000,-1.39000,-1.97000,-1.02000,-2.11000,-72.64000,-123.64000
0.40000,1.17000,-1.25000,-1.70000,-2.61000,-1.06000,-2.11000,-67.98000,-117.02000
0.40000,1.18000,-1.23000,-1.66000,-2.61000,-1.77000,-2.29000,-67.98000,-117.02000
0.40000,1.18000,-1.21000,-1.66000,-2.45000,-3.05000,-3.08000,-91.79000,-122.82000
0.40000,1.19000,-1.20000,-1.89000,-2.47000,-3.30000,-3.27000,-91.79000,-122.82000
0.39000,1.19000,-1.20000,-2.51000,-2.57000,-3.16000,-3.12000,-98.32000,-128.41000
0.39000,1.20000,-1.20000,-2.99000,-2.86000,-3.10000,-3.07000,-98.32000,-128.41000
0.39000,1.20000,-1.21000,-3.24000,-2.93000,-3.14000,-3.10000,-89.13000,-126.11000
0.39000,1.21000,-1.21000,-3.11000,-3.11000,-3.23000,-3.21000,-89.13000,-126.11000
0.38000,1.22000,-1.20000,-2.99000,-3.40000,-3.22000,-3.19000,-89.40000,-125.14000
0.38000,1.22000,-1.19000,-2.84000,-3.69000,-2.96000,-2.92000,-89.40000,-125.14000
0.38000,1.23000,-1.16000,-2.41000,-3.96000,-2.16000,-1.32000,-78.22000,-88.86000
0.38000,1.24000,-1.13000,-1.76000,-3.61000,-2.11000,-1.01000,-78.22000,-88.86000
0.38000,1.24000,-1.09000,-1.04000,-2.86000,-2.13000,-1.00000,-89.81000,-70.96000
0.37000,1.24000,-1.07000,-1.08000,-2.08000,-2.15000,-0.97000,-89.81000,-70.96000
0.37000,1.25000,-1.07000,-0.87000,-1.33000,-2.13000,-1.00000,-102.22000,-78.37000
0.37000,1.25000,-1.06000,-0.87000,-1.10000,-2.13000,-1.00000,-102.22000,-78.37000
0.37000,1.25000,-1.07000,-1.29000,-0.75000,-2.13000,-0.99000,-111.68000,-86.44000
0.37000,1.25000,-1.09000,-1.85000,-0.77000,-2.13000,-1.00000,-111.68000,-86.44000
0.37000,1.25000,-1.11000,-1.85000,-0.87000,-2.12000,-1.01000,-104.47000,-90.99000
0.37000,1.26000,-1.12000,-1.81000,-0.95000,-2.11000,-1.01000,-104.47000,-90.99000
0.36000,1.26000,-1.15000,-2.32000,-1.14000,-2.11000,-1.02000,-106.53000,-89.78000
0.36000,1.26000,-1.18000,-3.05000,-1.06000,-2.12000,-1.11000,-106.53000,-89.78000
0.36000,1.27000,-1.23000,-3.51000,-1.02000,-3.27000,-3.24000,-107.14000,-122.02000
0.36000,1.27000,-1.27000,-3.63000,-1.10000,-1.09000,-2.11000,-107.14000,-122.02000
0.36000,1.28000,-1.31000,-3.49000,-1.58000,-1.01000,-2.12000,-65.81000,-117.63000
0.36000,1.29000,-1.32000,-2.61000,-2.05000,-0.99000,-2.13000,-65.81000,-117.63000
0.35000,1.29000,-1.30000,-1.22000,-2.22000,-0.99000,-2.14000,-65.02000,-109.73000
0.35000,1.29000,-1.27000,-0.19000,-2.03000,-0.99000,-2.13000,-65.02000,-109.73000
0.35000,1.29000,-1.23000,0.00000,-1.95000,-1.01000,-2.12000,-91.98000,-110.24000
0.35000,1.30000,-1.20000,-0.33000,-1.99000,-1.02000,-2.11000,-91.98000,-110.24000
0.35000,1.30000,-1.19000,-1.00000,-1.87000,-2.49000,-2.58000,-116.92000,-118.35000
0.35000,1.30000,-1.18000,-1.87000,-1.91000,-3.20000,-3.23000,-116.92000,-118.35000
0.35000,1.31000,-1.19000,-2.49000,-2.07000,-3.21000,-3.24000,-117.66000,-132.96000
0.35000,1.31000,-1.20000,-2.84000,-2.39000,-3.00000,-3.04000,-117.66000,-132.96000
0.34000,1.32000,-1.21000,-3.09000,-2.55000,-2.48000,-2.58000,-100.16000,-123.88000
0.34000,1.33000,-1.22000,-3.59000,-3.26000,-1.39000,-2.18000,-100.16000,-123.88000
0.34000,1.33000,-1.23000,-3.98000,-3.26000,-1.10000,-2.12000,-66.05000,-105.01000
0.34000,1.34000,-1.24000,-3.40000,-2.90000,-1.02000,-2.11000,-66.05000,-105.01000
0.33000,1.35000,-1.24000,-2.55000,-2.70000,-1.01000,-2.11000,-52.64000,-103.35000
0.33000,1.35000,-1.22000,-1.66000,-2.55000,-1.01000,-2.11000,-52.64000,-103.35000
0.33000,1.35000,-1.19000,-0.91000,-2.47000,-1.03000,-2.11000,-64.63000,-103.82000
0.33000,1.36000,-1.17000,-0.66000,-1.91000,-2.53000,-2.62000,-64.63000,-103.82000
0.33000,1.36000,-1.15000,-0.66000,-1.62000,-3.27000,-3.30000,-109.42000,-128.63000
0.33000,1.36000,-1.15000,-1.47000,-1.68000,-2.94000,-2.89000,-109.42000,-128.63000
0.33000,1.37000,-1.16000,-2.80000,-1.93000,-2.72000,-2.65000,-104.67000,-130.63000
0.32000,1.37000,-1.18000,-3.40000,-2.41000,-3.25000,-3.23000,-104.67000,-130.63000
0.32000,1.38000,-1.20000,-3.51000,-2.72000,-3.09000,-3.12000,-88.72000,-132.66000
0.32000,1.39000,-1.20000,-3.34000,-3.13000,-2.05000,-2.39000,-88.72000,-132.66000
0.32000,1.39000,-1.17000,-1.33000,-3.24000,-1.53000,-2.22000,-64.46000,-112.46000
0.31000,1.39000,-1.11000,-0.29000,-3.30000,-3.29000,-3.26000,-64.46000,-112.46000
0.31000,1.40000,-1.05000,0.00000,-3.26000,-2.11000,-1.02000,-107.95000,-86.52000
0.31000,1.40000,-1.01000,-0.10000,-2.57000,-2.13000,-0.99000,-107.95000,-86.52000
0.31000,1.40000,-0.98000,0.00000,-1.72000,-2.15000,-0.97000,-122.30000,-83.05000
0.31000,1.40000,-0.96000,0.00000,-1.14000,-2.16000,-0.96000,-122.30000,-83.05000
0.31000,1.40000,-0.94000,0.00000,-0.71000,-2.17000,-0.95000,-136.48000,-94.57000
0.31000,1.40000,-0.94000,0.00000,-0.17000,-2.18000,-0.95000,-136.48000,-94.57000
0.31000,1.40000,-0.94000,0.00000,0.00000,-2.18000,-0.95000,-149.64000,-107.98000
0.31000,1.40000,-0.94000,-0.02000,0.00000,-2.18000,-0.95000,-149.64000,-107.98000
0.31000,1.40000,-0.94000,0.00000,-0.02000,-2.18000,-0.95000,-162.41000,-115.15000
0.31000,1.40000,-0.94000,0.00000,0.00000,-2.18000,-0.95000,-162.41000,-115.15000
0.31000,1.40000,-0.94000,-0.15000,0.00000,-2.18000,-0.95000,-175.69000,-120.82000
0.31000,1.41000,-0.96000,-1.31000,-0.44000,-2.18000,-0.95000,-175.69000,-120.82000
0.31000,1.41000,-0.97000,-1.62000,-1.06000,-2.17000,-0.95000,-169.05000,-120.02000
0.30000,1.41000,-0.97000,-1.66000,-1.56000,-2.17000,-0.95000,-169.05000,-120.02000
0.30000,1.41000,-0.96000,-1.58000,-1.87000,-2.17000,-0.95000,-168.95000,-106.33000
0.30000,1.42000,-0.96000,-1.41000,-1.76000,-2.18000,-0.95000,-168.95000,-106.33000
0.30000,1.42000,-0.95000,-1.47000,-1.68000,-2.18000,-0.94000,-175.91000,-99.48000
0.30000,1.42000,-0.96000,-1.35000,-1.29000,-2.19000,-0.94000,-175.91000,-99.48000
0.29000,1.42000,-0.96000,-1.27000,-1.16000,-2.19000,-0.94000,-181.53000,-101.63000
0.29000,1.43000,-0.96000,-1.27000,-1.12000,-2.19000,-0.94000,-181.53000,-101.63000
0.29000,1.43000,-0.96000,-0.98000,-0.83000,-2.19000,-0.94000,-187.83000,-102.00000
0.29000,1.43000,-0.97000,-0.89000,-0.60000,-2.19000,-0.94000,-187.83000,-102.00000
0.29000,1.43000,-0.97000,-0.91000,-0.56000,-2.19000,-0.94000,-198.96000,-108.68000
0.29000,1.43000,-0.98000,-1.12000,-0.58000,-2.19000,-0.94000,-198.96000,-108.68000
0.29000,1.43000,-0.99000,-0.81000,-0.25000,-2.19000,-0.94000,-203.26000,-111.06000
0.29000,1.43000,-1.01000,-0.66000,-0.02000,-2.18000,-0.94000,-203.26000,-111.06000
0.29000,1.44000,-1.02000,-0.93000,0.00000,-2.18000,-0.95000,-216.39000,-121.72000
0.29000,1.44000,-1.04000,-1.16000,0.00000,-2.17000,-0.95000,-216.39000,-121.72000
0.28000,1.44000,-1.07000,-1.41000,-0.19000,-2.16000,-0.96000,-217.80000,-127.80000
0.28000,1.44000,-1.08000,-1.02000,-0.42000,-2.16000,-0.97000,-217.80000,-127.80000
0.28000,1.44000,-1.09000,-1.14000,-0.23000,-2.15000,-0.97000,-225.78000,-127.50000
0.28000,1.44000,-1.12000,-1.52000,0.00000,-2.15000,-0.98000,-225.78000,-127.50000
0.28000,1.44000,-1.16000,-1.93000,0.00000,-2.13000,-0.99000,-224.87000,-137.35000
0.28000,1.45000,-1.19000,-2.24000,-0.39000,-2.12000,-1.00000,-224.87000,-137.35000
0.28000,1.45000,-1.22000,-2.24000,-0.68000,-2.11000,-1.01000,-217.31000,-137.75000
0.28000,1.45000,-1.24000,-2.16000,-0.79000,-2.13000,-1.16000,-217.31000,-137.75000
0.28000,1.46000,-1.26000,-2.12000,-0.89000,-3.05000,-3.01000,-231.87000,-165.48000
0.28000,1.46000,-1.28000,-1.87000,-0.95000,-3.20000,-3.23000,-231.87000,-165.48000
0.28000,1.46000,-1.29000,-1.91000,-1.14000,-2.36000,-2.52000,-231.23000,-168.94000
0.27000,1.47000,-1.30000,-1.83000,-1.58000,-1.13000,-2.12000,-231.23000,-168.94000
0.27000,1.47000,-1.30000,-2.01000,-1.95000,-1.05000,-2.11000,-215.09000,-162.81000
0.27000,1.47000,-1.30000,-1.76000,-2.01000,-1.03000,-2.11000,-215.09000,-162.81000
0.27000,1.48000,-1.29000,-1.78000,-1.99000,-1.04000,-2.11000,-211.24000,-159.44000
0.27000,1.48000,-1.29000,-1.74000,-2.03000,-1.05000,-2.11000,-211.24000,-159.44000
0.27000,1.49000,-1.28000,-1.64000,-2.12000,-1.08000,-2.11000,-207.78000,-159.78000
0.27000,1.49000,-1.27000,-1.66000,-2.16000,-1.26000,-2.15000,-207.78000,-159.78000
0.27000,1.49000,-1.26000,-1.56000,-2.12000,-1.83000,-2.31000,-216.35000,-161.32000
0.26000,1.50000,-1.25000,-1.85000,-2.20000,-2.70000,-2.77000,-216.35000,-161.32000
0.26000,1.50000,-1.25000,-2.10000,-2.05000,-2.97000,-3.01000,-231.61000,-172.12000
0.26000,1.51000,-1.25000,-2.49000,-2.57000,-2.87000,-2.92000,-231.61000,-172.12000
0.26000,1.51000,-1.25000,-2.66000,-2.88000,-2.85000,-2.90000,-226.95000,-169.79000
0.26000,1.52000,-1.24000,-2.66000,-3.11000,-2.94000,-2.98000,-226.95000,-169.79000
0.26000,1.53000,-1.23000,-2.59000,-3.07000,-3.13000,-3.17000,-230.87000,-167.61000
0.25000,1.53000,-1.22000,-2.63000,-3.09000,-3.25000,-3.28000,-230.87000,-167.61000
0.25000,1.54000,-1.21000,-2.59000,-3.03000,-3.28000,-3.25000,-236.22000,-169.55000
0.25000,1.54000,-1.21000,-2.66000,-2.80000,-1.00000,-2.12000,-236.22000,-169.55000
0.25000,1.55000,-1.22000,-2.59000,-2.28000,-1.00000,-2.12000,-205.60000,-157.94000
0.24000,1.55000,-1.22000,-2.36000,-2.20000,-1.00000,-2.13000,-205.60000,-157.94000
0.24000,1.56000,-1.22000,-2.05000,-1.95000,-0.99000,-2.13000,-199.94000,-162.99000
0.24000,1.56000,-1.22000,-2.24000,-2.12000,-0.99000,-2.13000,-199.94000,-162.99000
0.24000,1.57000,-1.22000,-2.26000,-2.34000,-0.99000,-2.13000,-193.54000,-163.86000
0.24000,1.57000,-1.21000,-2.22000,-2.72000,-0.99000,-2.13000,-193.54000,-163.86000
0.24000,1.58000,-1.20000,-2.16000,-2.90000,-0.99000,-2.13000,-186.38000,-154.90000
0.23000,1.58000,-1.18000,-1.97000,-2.97000,-1.00000,-2.13000,-186.38000,-154.90000
0.23000,1.59000,-1.16000,-1.89000,-3.09000,-1.01000,-2.12000,-182.95000,-147.51000
0.23000,1.59000,-1.14000,-1.87000,-3.24000,-1.01000,-2.11000,-182.95000,-147.51000
0.23000,1.60000,-1.11000,-1.76000,-3.07000,-1.03000,-2.11000,-179.02000,-138.14000
0.23000,1.60000,-1.09000,-1.58000,-2.97000,-1.98000,-2.36000,-179.02000,-138.14000
0.22000,1.61000,-1.06000,-1.33000,-2.68000,-3.26000,-3.28000,-211.81000,-153.09000
0.22000,1.61000,-1.05000,-1.49000,-2.34000,-2.68000,-2.60000,-211.81000,-153.09000
0.22000,1.62000,-1.03000,-1.41000,-2.32000,-2.13000,-1.18000,-206.22000,-132.75000
0.22000,1.62000,-1.02000,-1.54000,-2.18000,-2.11000,-1.02000,-206.22000,-132.75000
0.21000,1.62000,-1.01000,-1.41000,-1.87000,-2.11000,-1.01000,-209.10000,-125.76000
0.21000,1.63000,-1.01000,-1.47000,-1.66000,-2.11000,-1.01000,-209.10000,-125.76000
0.21000,1.63000,-1.01000,-1.64000,-1.51000,-2.12000,-1.01000,-213.58000,-126.49000
0.21000,1.63000,-1.01000,-1.54000,-1.37000,-2.12000,-1.01000,-213.58000,-126.49000
0.21000,1.63000,-1.03000,-1.54000,-0.85000,-2.11000,-1.01000,-216.48000,-126.95000
0.21000,1.64000,-1.06000,-2.26000,-0.52000,-2.11000,-1.01000,-216.48000,-126.95000
0.20000,1.64000,-1.09000,-3.01000,-0.93000,-2.13000,-1.17000,-209.27000,-139.96000
0.20000,1.64000,-1.12000,-3.32000,-1.66000,-3.29000,-3.27000,-209.27000,-139.96000
0.20000,1.65000,-1.15000,-3.38000,-2.03000,-1.80000,-2.30000,-187.63000,-143.65000
0.20000,1.66000,-1.17000,-3.09000,-2.14000,-1.02000,-2.11000,-187.63000,-143.65000
0.19000,1.66000,-1.18000,-2.72000,-2.14000,-1.01000,-2.11000,-170.14000,-137.54000
0.19000,1.67000,-1.18000,-2.34000,-2.16000,-1.01000,-2.12000,-170.14000,-137.54000
0.19000,1.67000,-1.16000,-1.25000,-2.14000,-1.01000,-2.12000,-168.78000,-137.22000
0.19000,1.67000,-1.14000,-0.98000,-2.05000,-1.01000,-2.11000,-168.78000,-137.22000
0.19000,1.67000,-1.13000,-1.14000,-1.72000,-1.02000,-2.11000,-181.44000,-138.34000
0.19000,1.68000,-1.13000,-1.27000,-1.66000,-1.02000,-2.11000,-181.44000,-138.34000
0.19000,1.68000,-1.12000,-1.14000,-1.27000,-1.04000,-2.11000,-177.62000,-144.54000
0.18000,1.68000,-1.12000,-1.12000,-1.45000,-1.04000,-2.11000,-177.62000,-144.54000
0.18000,1.69000,-1.10000,-1.14000,-1.91000,-1.10000,-2.12000,-179.45000,-150.49000
0.18000,1.69000,-1.08000,-0.98000,-2.12000,-1.98000,-2.36000,-179.45000,-150.49000
0.18000,1.69000,-1.06000,-1.31000,-2.41000,-3.20000,-3.23000,-212.95000,-161.18000
0.18000,1.70000,-1.05000,-2.01000,-2.53000,-3.12000,-3.08000,-212.95000,-161.18000
0.17000,1.70000,-1.05000,-2.28000,-2.30000,-2.65000,-2.56000,-202.46000,-151.65000
0.17000,1.71000,-1.06000,-2.32000,-2.16000,-2.55000,-2.44000,-202.46000,-151.65000
0.17000,1.71000,-1.06000,-2.37000,-1.99000,-2.68000,-2.60000,-202.09000,-158.01000
0.17000,1.71000,-1.07000,-2.28000,-1.91000,-2.99000,-2.94000,-202.09000,-158.01000
0.17000,1.72000,-1.07000,-2.24000,-2.20000,-3.18000,-3.15000,-212.32000,-172.60000
0.16000,1.72000,-1.08000,-2.30000,-2.10000,-3.18000,-3.15000,-212.32000,-172.60000
0.16000,1.73000,-1.08000,-2.32000,-2.16000,-3.24000,-3.22000,-218.36000,-178.26000
0.16000,1.73000,-1.08000,-2.53000,-2.26000,-3.27000,-3.25000,-218.36000,-178.26000
0.16000,1.74000,-1.09000,-2.51000,-2.34000,-3.27000,-3.29000,-220.97000,-183.67000
0.15000,1.74000,-1.08000,-2.61000,-2.84000,-3.25000,-3.28000,-220.97000,-183.67000
0.15000,1.75000,-1.08000,-2.78000,-3.09000,-3.30000,-3.27000,-224.55000,-180.80000
0.15000,1.75000,-1.07000,-2.88000,-3.24000,-3.25000,-3.23000,-224.55000,-180.80000
0.14000,1.76000,-1.06000,-3.01000,-3.44000,-3.10000,-3.06000,-221.67000,-174.38000
0.14000,1.77000,-1.05000,-3.03000,-3.61000,-2.60000,-2.51000,-221.67000,-174.38000
0.14000,1.77000,-1.04000,-3.11000,-3.65000,-2.13000,-1.16000,-206.18000,-139.19000
0.13000,1.78000,-1.05000,-3.38000,-3.19000,-2.11000,-1.02000,-206.18000,-139.19000
0.13000,1.79000,-1.06000,-3.67000,-3.07000,-3.07000,-3.10000,-209.57000,-159.82000
0.12000,1.79000,-1.06000,-3.28000,-3.01000,-2.38000,-2.53000,-209.57000,-159.82000
0.12000,1.80000,-1.07000,-3.65000,-3.38000,-1.72000,-2.27000,-189.10000,-149.63000
0.12000,1.81000,-1.07000,-3.88000,-3.55000,-1.26000,-2.15000,-189.10000,-149.63000
0.11000,1.81000,-1.07000,-2.78000,-3.13000,-1.06000,-2.11000,-160.85000,-134.67000
0.11000,1.82000,-1.05000,-1.87000,-2.68000,-1.17000,-2.13000,-160.85000,-134.67000
0.11000,1.82000,-1.04000,-1.97000,-2.80000,-2.38000,-2.53000,-193.91000,-145.39000
0.11000,1.83000,-1.03000,-2.30000,-2.74000,-3.16000,-3.19000,-193.91000,-145.39000
0.10000,1.83000,-1.03000,-2.51000,-2.53000,-3.26000,-3.29000,-203.69000,-154.99000
0.10000,1.84000,-1.03000,-2.70000,-2.45000,-3.27000,-3.29000,-203.69000,-154.99000
0.10000,1.84000,-1.05000,-3.78000,-2.55000,-3.22000,-3.25000,-202.90000,-162.03000
0.09000,1.85000,-1.08000,-4.56000,-2.95000,-1.84000,-2.31000,-202.90000,-162.03000
0.09000,1.86000,-1.11000,-4.73000,-3.28000,-1.02000,-2.11000,-144.97000,-142.24000
0.08000,1.86000,-1.12000,-3.94000,-3.32000,-1.01000,-2.12000,-144.97000,-142.24000
0.08000,1.87000,-1.11000,-2.72000,-3.40000,-1.00000,-2.12000,-132.77000,-131.87000
0.08000,1.88000,-1.08000,-1.74000,-3.13000,-1.00000,-2.12000,-132.77000,-131.87000
0.08000,1.88000,-1.06000,-1.45000,-2.61000,-1.01000,-2.11000,-148.27000,-127.32000
0.07000,1.88000,-1.05000,-1.64000,-2.32000,-1.02000,-2.11000,-148.27000,-127.32000
0.07000,1.89000,-1.05000,-1.76000,-2.03000,-1.04000,-2.11000,-145.85000,-133.24000
0.07000,1.89000,-1.03000,-1.27000,-2.01000,-1.07000,-2.11000,-145.85000,-133.24000
0.07000,1.89000,-1.03000,-1.66000,-1.87000,-1.64000,-2.25000,-156.93000,-138.72000
0.07000,1.90000,-1.03000,-1.83000,-1.51000,-1.95000,-2.35000,-156.93000,-138.72000
0.06000,1.90000,-1.04000,-1.87000,-1.51000,-1.34000,-2.17000,-146.30000,-146.38000
0.06000,1.90000,-1.04000,-1.78000,-1.60000,-1.08000,-2.11000,-146.30000,-146.38000
0.06000,1.91000,-1.04000,-1.33000,-1.70000,-1.04000,-2.11000,-139.43000,-148.13000
0.06000,1.91000,-1.03000,-1.49000,-1.97000,-1.09000,-2.11000,-139.43000,-148.13000
0.06000,1.91000,-1.02000,-1.54000,-1.99000,-1.36000,-2.17000,-144.16000,-146.55000
0.05000,1.92000,-1.01000,-1.68000,-2.24000,-2.04000,-2.38000,-144.16000,-146.55000
0.05000,1.92000,-1.00000,-1.39000,-2.10000,-2.84000,-2.89000,-162.77000,-154.56000
0.05000,1.92000,-0.99000,-1.70000,-2.03000,-3.22000,-3.25000,-162.77000,-154.56000
0.05000,1.93000,-1.00000,-2.65000,-2.26000,-3.27000,-3.30000,-175.86000,-167.61000
0.04000,1.94000,-1.02000,-3.88000,-2.93000,-3.20000,-3.23000,-175.86000,-167.61000
0.04000,1.94000,-1.02000,-4.09000,-3.74000,-2.22000,-2.46000,-136.92000,-149.25000
0.03000,1.95000,-1.02000,-4.09000,-4.13000,-1.30000,-2.15000,-136.92000,-149.25000
0.03000,1.96000,-1.02000,-4.32000,-4.32000,-1.12000,-2.12000,-107.25000,-123.28000
0.02000,1.97000,-1.02000,-4.05000,-4.17000,-1.03000,-2.11000,-107.25000,-123.28000
0.02000,1.97000,-1.01000,-3.20000,-3.94000,-1.02000,-2.11000,-88.58000,-110.40000
0.02000,1.98000,-0.98000,-2.28000,-3.51000,-1.02000,-2.11000,-88.58000,-110.40000
0.01000,1.98000,-0.96000,-1.41000,-2.68000,-1.03000,-2.11000,-97.07000,-107.97000
0.01000,1.99000,-0.95000,-1.18000,-1.70000,1.02000,-0.01000,-97.07000,-107.97000
0.01000,1.99000,-0.95000,-1.04000,-1.29000,1.09000,0.07000,-74.24000,-94.01000
0.01000,1.99000,-0.93000,-0.19000,-0.95000,1.13000,0.12000,-74.24000,-94.01000
0.01000,1.99000,-0.93000,-0.02000,-0.37000,1.23000,0.21000,-73.51000,-92.45000
0.01000,1.99000,-0.93000,-0.02000,0.00000,1.27000,0.26000,-73.51000,-92.45000
0.01000,1.99000,-0.93000,0.00000,0.00000,1.27000,0.25000,-66.92000,-99.14000
0.01000,1.99000,-0.93000,0.00000,-0.04000,1.27000,0.25000,-66.92000,-99.14000
0.01000,1.99000,-0.93000,0.00000,0.00000,1.27000,0.26000,-59.43000,-96.91000
0.01000,1.99000,-0.92000,0.00000,-0.04000,1.27000,0.26000,-59.43000,-96.91000
0.01000,1.99000,-0.92000,0.00000,-0.02000,1.28000,0.27000,-51.73000,-95.02000
0.01000,1.99000,-0.92000,0.00000,0.00000,1.28000,0.27000,-51.73000,-95.02000
0.01000,1.99000,-0.92000,0.00000,0.00000,1.28000,0.27000,-44.03000,-93.76000
0.01000,1.99000,-0.92000,0.00000,0.00000,1.28000,0.27000,-44.03000,-93.76000
0.01000,1.99000,-0.92000,0.00000,0.00000,1.28000,0.27000,-36.36000,-92.16000
0.01000,1.99000,-0.92000,0.00000,-0.02000,1.28000,0.27000,-36.36000,-92.16000
0.01000,1.99000,-0.92000,0.00000,0.00000,1.28000,0.27000,-28.65000,-90.20000
0.01000,1.99000,-0.92000,0.00000,0.00000,1.28000,0.27000,-28.65000,-90.20000
0.01000,1.99000,-0.92000,0.00000,0.00000,1.28000,0.27000,-20.96000,-88.76000
0.01000,1.99000,-0.92000,0.00000,0.00000,1.28000,0.27000,-20.96000,-88.76000
0.01000,1.99000,-0.92000,0.00000,0.00000,1.28000,0.27000,-13.27000,-87.14000
0.01000,1.99000,-0.92000,0.00000,0.00000,1.28000,0.27000,-13.27000,-87.14000
0.01000,1.99000,-0.92000,0.00000,0.00000,1.28000,0.27000,-5.58000,-85.52000
0.01000,1.99000,-0.92000,0.00000,0.00000,1.28000,0.27000,-5.58000,-85.52000
0.01000,1.99000,-0.92000,0.00000,0.00000,1.28000,0.27000,2.11000,-83.89000
0.01000,1.99000,-0.92000,0.00000,0.00000,1.28000,0.27000,2.11000,-83.89000
0.01000,1.99000,-0.92000,0.00000,0.00000,1.28000,0.27000,9.80000,-82.27000
0.01000,1.99000,-0.92000,0.00000,0.00000,1.28000,0.27000,9.80000,-82.27000
0.01000,1.99000,-0.92000,0.00000,0.00000,1.28000,0.27000,17.48000,-80.65000
0.01000,1.99000,-0.92000,0.00000,0.00000,1.28000,0.27000,17.48000,-80.65000
0.01000,1.99000,-0.92000,0.00000,0.00000,1.28000,0.27000,25.17000,-79.02000
0.01000,1.99000,-0.92000,0.00000,0.00000,1.28000,0.27000,25.17000,-79.02000
0.01000,1.99000,-0.92000,0.00000,0.00000,1.28000,0.27000,32.86000,-77.40000
0.01000,1.99000,-0.92000,0.02000,0.00000,1.28000,0.27000,32.86000,-77.40000
0.01000,1.99000,-0.92000,0.00000,0.00000,1.28000,0.27000,40.27000,-75.74000
0.01000,1.99000,-0.92000,0.00000,0.00000,1.28000,0.27000,40.27000,-75.74000
0.01000,1.99000,-0.92000,0.00000,0.00000,1.28000,0.27000,48.16000,-74.11000
0.01000,1.99000,-0.92000,0.02000,0.00000,1.28000,0.27000,48.16000,-74.11000
0.01000,1.99000,-0.92000,0.00000,0.00000,1.29000,0.28000,55.58000,-72.44000
0.01000,1.99000,-0.92000,0.00000,0.00000,1.29000,0.28000,55.58000,-72.44000
0.01000,1.99000,-0.92000,0.19000,0.00000,1.29000,0.28000,63.49000,-70.79000
0.01000,1.99000,-0.91000,0.33000,0.00000,1.31000,0.29000,63.49000,-70.79000
0.01000,1.99000,-0.91000,0.04000,0.00000,1.35000,0.33000,67.16000,-68.38000
0.01000,1.99000,-0.91000,0.02000,0.00000,1.35000,0.33000,67.16000,-68.38000
0.01000,1.99000,-0.91000,0.04000,0.00000,1.36000,0.33000,78.04000,-66.34000
0.01000,1.99000,-0.91000,0.02000,0.00000,1.36000,0.34000,78.04000,-66.34000
0.01000,1.99000,-0.91000,0.00000,0.00000,1.36000,0.34000,86.17000,-64.26000
0.01000,1.99000,-0.91000,0.02000,0.00000,1.36000,0.34000,86.17000,-64.26000
0.01000,1.99000,-0.91000,0.00000,0.00000,1.37000,0.34000,94.27000,-62.20000
0.01000,1.99000,-0.91000,0.17000,0.00000,1.37000,0.34000,94.27000,-62.20000
0.01000,1.99000,-0.90000,0.42000,0.00000,1.39000,0.36000,100.47000,-59.91000
0.01000,1.99000,-0.89000,0.54000,0.00000,1.44000,0.40000,100.47000,-59.91000
0.01000,1.99000,-0.88000,0.58000,0.00000,1.50000,0.45000,103.86000,-56.40000
0.01000,1.99000,-0.86000,1.20000,0.00000,1.56000,0.50000,103.86000,-56.40000
0.01000,1.98000,-0.83000,1.41000,0.00000,1.67000,0.59000,102.25000,-51.60000
0.01000,1.98000,-0.81000,1.56000,0.00000,1.79000,0.68000,102.25000,-51.60000
0.01000,1.98000,-0.77000,1.70000,0.00000,1.89000,0.76000,103.05000,-45.51000
0.02000,1.98000,-0.74000,2.16000,0.00000,1.98000,0.82000,103.05000,-45.51000
0.02000,1.98000,-0.69000,2.37000,0.00000,2.06000,0.87000,98.56000,-39.34000
0.02000,1.98000,-0.64000,2.72000,0.00000,2.12000,0.89000,98.56000,-39.34000
0.02000,1.97000,-0.59000,2.97000,0.00000,2.16000,0.90000,91.11000,-33.62000
0.03000,1.97000,-0.53000,3.03000,0.00000,2.19000,0.91000,91.11000,-33.62000
0.03000,1.97000,-0.48000,2.86000,0.00000,2.21000,0.91000,83.75000,-28.14000
0.03000,1.97000,-0.44000,2.64000,0.00000,2.21000,0.91000,83.75000,-28.14000
0.03000,1.97000,-0.39000,2.35000,0.00000,2.21000,0.91000,84.81000,-22.65000
0.04000,1.97000,-0.35000,2.22000,0.00000,2.21000,0.91000,84.81000,-22.65000
0.04000,1.97000,-0.31000,2.22000,0.00000,2.21000,0.91000,88.46000,-17.11000
0.04000,1.97000,-0.27000,2.22000,0.00000,2.20000,0.92000,88.46000,-17.11000
0.04000,1.97000,-0.23000,2.32000,0.00000,2.19000,0.93000,88.16000,-11.38000
0.05000,1.96000,-0.19000,2.49000,0.00000,2.17000,0.95000,88.16000,-11.38000
0.05000,1.96000,-0.14000,2.61000,0.00000,2.14000,0.98000,83.21000,-5.03000
0.05000,1.96000,-0.09000,2.49000,0.00000,2.10000,1.03000,83.21000,-5.03000
0.05000,1.96000,-0.05000,2.24000,0.00000,2.03000,1.10000,79.34000,2.64000
0.06000,1.96000,-0.01000,2.22000,0.00000,1.94000,1.19000,79.34000,2.64000
0.06000,1.96000,0.02000,1.97000,0.00000,1.82000,1.31000,77.46000,12.34000
0.06000,1.96000,0.06000,1.85000,0.00000,2.03000,1.78000,77.46000,12.34000
0.06000,1.96000,0.08000,1.43000,0.00000,3.27000,3.28000,102.49000,49.71000
0.06000,1.96000,0.11000,1.41000,0.00000,1.99000,2.21000,102.49000,49.71000
0.07000,1.96000,0.14000,1.79000,0.00000,1.35000,1.77000,88.78000,46.83000
0.07000,1.96000,0.16000,1.29000,0.00000,1.25000,1.88000,88.78000,46.83000
0.07000,1.96000,0.18000,0.89000,0.00000,1.18000,1.94000,87.70000,60.03000
0.07000,1.96000,0.19000,0.60000,0.02000,1.14000,1.98000,87.70000,60.03000
0.07000,1.96000,0.20000,0.27000,0.00000,1.12000,2.01000,96.44000,72.32000
0.07000,1.96000,0.20000,0.04000,0.00000,1.11000,2.02000,96.44000,72.32000
0.07000,1.96000,0.20000,0.00000,0.00000,1.11000,2.02000,107.78000,84.71000
0.07000,1.96000,0.20000,0.00000,0.00000,1.11000,2.02000,107.78000,84.71000
0.07000,1.96000,0.20000,0.00000,0.00000,1.11000,2.02000,114.80000,96.82000
0.07000,1.96000,0.20000,0.00000,0.02000,1.11000,2.02000,114.80000,96.82000
0.07000,1.96000,0.20000,0.00000,0.00000,1.11000,2.02000,121.47000,108.61000
0.07000,1.96000,0.20000,0.00000,0.00000,1.11000,2.02000,121.47000,108.61000
0.07000,1.96000,0.20000,0.00000,0.00000,1.11000,2.02000,128.12000,120.90000
0.07000,1.96000,0.20000,0.00000,0.02000,1.11000,2.02000,128.12000,120.90000
0.07000,1.96000,0.18000,0.00000,0.64000,1.11000,2.02000,134.79000,132.68000
0.07000,1.96000,0.16000,0.00000,1.12000,1.13000,1.99000,134.79000,132.68000
0.07000,1.97000,0.14000,0.00000,1.37000,1.18000,1.94000,142.49000,127.07000
0.07000,1.97000,0.11000,0.00000,1.66000,1.25000,1.88000,142.49000,127.07000
0.08000,1.97000,0.08000,0.37000,1.95000,1.35000,1.78000,152.06000,121.45000
0.08000,1.97000,0.06000,1.04000,2.32000,2.05000,2.27000,152.06000,121.45000
0.08000,1.97000,0.03000,0.89000,2.20000,3.26000,3.26000,173.21000,134.39000
0.09000,1.97000,0.01000,1.25000,2.37000,2.80000,2.78000,173.21000,134.39000
0.09000,1.97000,-0.00000,1.78000,2.68000,1.77000,1.46000,161.19000,112.37000
0.10000,1.97000,0.01000,3.32000,2.53000,1.78000,1.34000,161.19000,112.37000
0.11000,1.97000,0.04000,4.11000,2.51000,1.76000,1.42000,132.98000,103.87000
0.11000,1.97000,0.06000,3.07000,2.16000,3.05000,3.03000,132.98000,103.87000
0.12000,1.97000,0.06000,1.89000,1.91000,3.27000,3.27000,150.06000,130.60000
0.12000,1.97000,0.04000,1.60000,2.32000,3.28000,3.28000,150.06000,130.60000
0.13000,1.97000,0.02000,1.29000,2.30000,3.14000,3.13000,171.32000,132.60000
0.13000,1.97000,0.01000,1.39000,2.26000,2.11000,1.88000,171.32000,132.60000
0.13000,1.97000,-0.00000,1.72000,2.24000,1.75000,1.39000,162.93000,112.35000
0.14000,1.97000,-0.01000,1.35000,2.01000,1.78000,1.35000,162.93000,112.35000
0.14000,1.97000,-0.02000,1.43000,1.93000,1.82000,1.30000,166.72000,109.52000
0.15000,1.97000,-0.03000,1.12000,1.56000,1.85000,1.27000,166.72000,109.52000
0.15000,1.97000,-0.03000,1.12000,1.27000,1.88000,1.25000,173.84000,111.29000
0.15000,1.97000,-0.03000,1.33000,1.16000,1.89000,1.24000,173.84000,111.29000
0.15000,1.97000,-0.02000,1.25000,0.71000,1.88000,1.25000,175.29000,115.35000
0.16000,1.97000,-0.01000,1.29000,0.75000,1.85000,1.28000,175.29000,115.35000
0.16000,1.97000,0.00000,1.60000,0.91000,1.82000,1.31000,178.29000,122.95000
0.16000,1.97000,0.01000,1.41000,1.22000,1.78000,1.35000,178.29000,122.95000
0.16000,1.97000,0.01000,1.47000,1.14000,1.77000,1.36000,178.85000,119.98000
0.17000,1.97000,0.03000,1.87000,1.02000,1.75000,1.39000,178.85000,119.98000
0.17000,1.97000,0.05000,2.82000,1.43000,2.04000,1.79000,178.18000,130.35000
0.18000,1.97000,0.11000,4.96000,2.03000,3.24000,3.23000,178.18000,130.35000
0.19000,1.97000,0.17000,6.21000,2.74000,1.39000,1.76000,123.07000,119.22000
0.20000,1.97000,0.23000,6.19000,2.91000,1.18000,1.95000,123.07000,119.22000
0.21000,1.97000,0.28000,5.67000,2.78000,1.06000,2.07000,78.28000,109.14000
0.22000,1.97000,0.32000,5.04000,2.97000,0.99000,2.13000,78.28000,109.14000
0.23000,1.98000,0.33000,4.05000,3.09000,0.96000,2.17000,63.15000,104.68000
0.23000,1.98000,0.33000,3.09000,3.09000,0.95000,2.18000,63.15000,104.68000
0.24000,1.98000,0.32000,2.20000,3.01000,0.94000,2.18000,67.71000,98.25000
0.24000,1.98000,0.30000,1.87000,3.07000,0.95000,2.18000,67.71000,98.25000
0.25000,1.98000,0.27000,1.58000,2.93000,0.96000,2.16000,73.44000,92.85000
0.25000,1.99000,0.25000,1.51000,2.55000,0.98000,2.15000,73.44000,92.85000
0.26000,1.99000,0.24000,1.39000,2.18000,0.99000,2.13000,73.75000,94.73000
0.26000,1.99000,0.23000,1.39000,2.24000,1.00000,2.12000,73.75000,94.73000
0.26000,1.99000,0.21000,1.02000,2.10000,1.02000,2.11000,72.89000,96.47000
0.27000,1.99000,0.18000,0.42000,2.03000,1.04000,2.08000,72.89000,96.47000
0.27000,1.99000,0.14000,0.15000,2.10000,1.09000,2.04000,86.30000,97.75000
0.27000,1.99000,0.10000,0.00000,2.05000,1.16000,1.97000,86.30000,97.75000
0.27000,1.99000,0.07000,0.00000,2.05000,1.26000,1.87000,99.11000,94.93000
0.27000,1.99000,0.03000,0.02000,1.81000,1.39000,1.75000,99.11000,94.93000
0.28000,1.99000,0.01000,0.00000,1.58000,3.04000,3.05000,133.07000,115.27000
0.28000,1.99000,-0.00000,1.22000,1.66000,3.02000,3.01000,133.07000,115.27000
0.29000,1.99000,0.01000,2.74000,2.20000,2.59000,2.55000,126.37000,117.36000
0.29000,1.99000,0.02000,3.36000,2.61000,3.08000,3.07000,126.37000,117.36000
0.30000,1.99000,0.03000,3.71000,2.99000,3.28000,3.28000,112.91000,119.42000
0.31000,1.99000,0.04000,3.40000,2.86000,3.06000,3.07000,112.91000,119.42000
0.31000,1.99000,0.05000,3.36000,3.13000,2.48000,2.54000,99.79000,108.49000
0.32000,1.99000,0.05000,3.28000,3.28000,2.02000,2.24000,99.79000,108.49000
0.33000,1.99000,0.05000,3.07000,3.20000,1.98000,2.20000,88.54000,95.24000
0.33000,1.99000,0.04000,2.74000,2.86000,2.13000,2.33000,88.54000,95.24000
0.34000,1.99000,0.04000,1.99000,2.47000,2.32000,2.45000,93.90000,98.82000
0.34000,1.99000,0.02000,1.58000,2.34000,2.93000,2.95000,93.90000,98.82000
0.35000,1.99000,0.01000,1.54000,2.30000,3.27000,3.27000,123.12000,116.41000
0.35000,1.99000,0.00000,2.32000,2.53000,3.14000,3.13000,123.12000,116.41000
0.36000,1.99000,0.00000,2.74000,2.82000,3.01000,2.99000,118.15000,115.02000
0.37000,1.99000,0.01000,3.20000,2.99000,2.93000,2.92000,118.15000,115.02000
0.37000,1.99000,0.02000,3.65000,3.07000,3.07000,3.06000,110.10000,111.90000
0.38000,1.99000,0.04000,4.15000,3.11000,3.27000,3.27000,110.10000,111.90000
0.39000,1.99000,0.06000,4.34000,3.11000,2.97000,2.99000,93.52000,109.35000
0.40000,1.99000,0.08000,4.26000,3.16000,1.49000,1.79000,93.52000,109.35000
0.41000,1.99000,0.09000,4.05000,3.22000,1.33000,1.79000,60.32000,90.03000
0.41000,2.00000,0.10000,3.38000,2.86000,1.28000,1.85000,60.32000,90.03000
0.42000,2.00000,0.10000,2.45000,2.51000,1.25000,1.88000,54.56000,87.58000
0.42000,2.00000,0.09000,1.68000,2.24000,1.24000,1.88000,54.56000,87.58000
0.43000,2.00000,0.07000,1.02000,2.08000,1.27000,1.85000,67.64000,90.61000
0.43000,2.00000,0.05000,1.25000,2.20000,1.33000,1.79000,67.64000,90.61000
0.44000,2.00000,0.04000,1.20000,2.03000,1.41000,1.76000,73.84000,87.43000
0.44000,2.00000,0.03000,1.33000,1.76000,1.94000,2.17000,73.84000,87.43000
0.44000,2.00000,0.03000,1.64000,1.83000,2.65000,2.68000,92.17000,105.23000
0.45000,2.00000,0.03000,2.01000,1.97000,2.85000,2.87000,92.17000,105.23000
0.45000,2.00000,0.03000,2.57000,2.39000,2.79000,2.81000,91.87000,109.54000
0.46000,2.00000,0.04000,2.95000,2.59000,2.52000,2.56000,91.87000,109.54000
0.47000,2.00000,0.04000,3.07000,2.86000,1.86000,2.10000,68.67000,94.59000
0.47000,2.00000,0.04000,2.74000,2.84000,1.61000,1.88000,68.67000,94.59000
0.48000,2.00000,0.03000,1.91000,2.59000,1.66000,1.92000,62.15000,85.20000
0.48000,2.00000,0.01000,1.16000,2.20000,2.63000,2.66000,62.15000,85.20000
0.48000,2.00000,-0.02000,0.23000,1.97000,3.27000,3.27000,103.49000,109.54000
0.49000,2.00000,-0.06000,0.02000,2.10000,2.20000,1.97000,103.49000,109.54000
0.49000,2.00000,-0.09000,0.83000,2.47000,1.81000,1.31000,111.45000,88.09000
0.49000,2.00000,-0.10000,1.68000,2.16000,1.91000,1.22000,111.45000,88.09000
0.50000,2.00000,-0.09000,2.34000,2.01000,1.94000,1.19000,99.16000,80.62000
0.50000,2.00000,-0.08000,2.49000,1.68000,1.93000,1.20000,99.16000,80.62000
0.51000,2.00000,-0.06000,2.62000,1.49000,1.89000,1.23000,87.92000,82.64000
0.51000,2.00000,-0.04000,2.49000,1.35000,1.84000,1.29000,87.92000,82.64000
0.52000,2.00000,-0.02000,2.20000,1.52000,1.77000,1.36000,82.50000,86.76000
0.52000,2.00000,-0.02000,1.78000,1.43000,1.76000,1.43000,82.50000,86.76000
0.52000,2.00000,-0.02000,1.56000,1.49000,1.83000,1.54000,89.61000,88.29000
0.53000,2.00000,-0.02000,1.39000,1.64000,1.84000,1.55000,89.61000,88.29000
0.53000,2.00000,-0.02000,1.56000,1.62000,1.77000,1.44000,94.84000,84.36000
0.53000,2.00000,-0.02000,1.89000,1.60000,1.76000,1.42000,94.84000,84.36000
0.54000,2.00000,-0.00000,1.97000,1.25000,1.79000,1.49000,90.00000,84.47000
0.54000,2.00000,0.01000,1.76000,1.12000,2.39000,2.20000,90.00000,84.47000
0.54000,2.00000,0.01000,1.33000,1.25000,3.02000,3.01000,109.77000,113.81000
0.55000,2.00000,0.01000,1.62000,1.72000,3.07000,3.06000,109.77000,113.81000
0.55000,2.00000,0.00000,2.12000,2.43000,2.99000,2.97000,119.00000,115.59000
0.56000,2.00000,0.00000,2.74000,2.70000,2.66000,2.63000,119.00000,115.59000
0.57000,2.00000,0.01000,3.20000,2.97000,2.66000,2.62000,105.49000,103.23000
0.57000,2.00000,0.02000,3.49000,2.97000,2.86000,2.83000,105.49000,103.23000
0.58000,2.00000,0.03000,3.86000,3.03000,3.17000,3.16000,101.45000,106.81000
0.59000,2.00000,0.05000,4.07000,2.84000,3.25000,3.25000,101.45000,106.81000
0.60000,2.00000,0.08000,4.32000,2.97000,2.08000,2.29000,74.47000,96.77000
0.60000,2.00000,0.10000,4.05000,2.89000,1.36000,1.77000,74.47000,96.77000
0.61000,2.00000,0.11000,3.38000,2.72000,1.27000,1.85000,50.73000,86.24000
0.62000,2.00000,0.11000,2.66000,2.51000,1.22000,1.90000,50.73000,86.24000
0.62000,2.00000,0.10000,1.70000,2.26000,1.20000,1.92000,53.92000,86.71000
0.62000,2.00000,0.09000,1.12000,2.05000,1.22000,1.91000,53.92000,86.71000
0.63000,2.00000,0.07000,0.95000,1.99000,1.26000,1.86000,69.10000,89.16000
0.63000,2.00000,0.05000,1.16000,2.03000,1.31000,1.81000,69.10000,89.16000
0.64000,2.00000,0.04000,1.56000,2.01000,1.36000,1.77000,70.84000,86.85000
0.64000,2.00000,0.04000,1.76000,1.74000,1.39000,1.75000,70.84000,86.85000
0.64000,2.00000,0.05000,1.89000,1.68000,1.38000,1.76000,63.29000,89.46000
0.65000,2.00000,0.05000,1.97000,1.85000,1.35000,1.77000,63.29000,89.46000
0.65000,2.00000,0.05000,1.70000,1.76000,1.34000,1.79000,57.19000,88.47000
0.65000,2.00000,0.04000,1.31000,1.68000,1.33000,1.79000,57.19000,88.47000
0.66000,2.00000,0.03000,1.18000,1.74000,1.34000,1.78000,63.48000,90.49000
0.66000,2.00000,0.02000,1.08000,1.95000,1.38000,1.76000,63.48000,90.49000
0.67000,2.00000,0.00000,1.29000,1.89000,1.58000,1.86000,70.70000,88.27000
0.67000,2.00000,-0.01000,1.33000,1.95000,2.19000,2.39000,70.70000,88.27000
0.67000,2.00000,-0.01000,1.41000,1.85000,2.95000,2.96000,90.42000,104.22000
0.68000,2.00000,-0.02000,1.87000,1.97000,3.17000,3.18000,90.42000,104.22000
0.68000,2.00000,-0.02000,2.28000,2.26000,3.20000,3.20000,95.83000,113.63000
0.69000,2.00000,-0.02000,2.45000,2.59000,3.17000,3.18000,95.83000,113.63000
0.69000,2.00000,-0.03000,2.37000,2.88000,3.20000,3.21000,95.19000,111.77000
0.70000,2.00000,-0.04000,2.24000,2.99000,3.28000,3.28000,95.19000,111.77000
0.71000,2.00000,-0.05000,2.39000,2.99000,3.05000,3.03000,100.48000,106.93000
0.71000,2.00000,-0.06000,2.64000,3.15000,2.23000,2.01000,100.48000,106.93000
0.72000,2.00000,-0.07000,2.80000,3.03000,0.45000,-0.55000,60.42000,50.94000
0.72000,2.00000,-0.06000,2.12000,2.03000,0.44000,-0.58000,60.42000,50.94000
0.72000,2.00000,-0.06000,0.98000,0.73000,0.42000,-0.61000,54.69000,44.69000
0.73000,2.00000,-0.05000,0.46000,0.00000,0.41000,-0.62000,54.69000,44.69000
0.73000,2.00000,-0.05000,0.17000,0.00000,0.39000,-0.64000,69.01000,58.83000
0.73000,2.00000,-0.05000,0.00000,0.00000,0.39000,-0.65000,69.01000,58.83000
0.73000,2.00000,-0.05000,0.02000,0.00000,0.39000,-0.65000,75.40000,54.89000
0.73000,2.00000,-0.05000,0.00000,0.00000,0.39000,-0.65000,75.40000,54.89000
0.73000,2.00000,-0.05000,0.02000,0.00000,0.39000,-0.65000,77.72000,50.99000
0.73000,2.00000,-0.05000,0.00000,0.00000,0.39000,-0.65000,77.72000,50.99000
0.73000,2.00000,-0.05000,0.00000,0.00000,0.39000,-0.65000,80.04000,47.09000
0.73000,2.00000,-0.05000,0.06000,0.00000,0.39000,-0.65000,80.04000,47.09000
0.73000,2.00000,-0.04000,0.44000,0.00000,0.39000,-0.65000,81.40000,43.16000
0.73000,2.00000,-0.02000,0.91000,0.00000,0.37000,-0.67000,81.40000,43.16000
0.73000,2.00000,0.00000,1.45000,0.00000,0.32000,-0.71000,69.66000,38.31000
0.73000,2.00000,0.03000,1.35000,0.00000,0.23000,-0.81000,69.66000,38.31000
0.73000,2.00000,0.05000,1.04000,0.00000,0.10000,-0.93000,56.25000,30.84000
0.73000,2.00000,0.06000,0.56000,0.00000,-0.02000,-1.04000,56.25000,30.84000
0.73000,2.00000,0.06000,0.04000,0.00000,-0.09000,-1.11000,57.69000,22.53000
0.73000,2.00000,0.06000,0.02000,0.00000,-0.10000,-1.12000,57.69000,22.53000
0.73000,2.00000,0.06000,0.02000,0.00000,-0.10000,-1.12000,61.75000,15.75000
0.73000,2.00000,0.06000,0.02000,0.00000,-0.10000,-1.12000,61.75000,15.75000
0.73000,2.00000,0.06000,0.02000,0.00000,-0.11000,-1.12000,60.94000,8.96000
0.73000,2.00000,0.06000,0.02000,0.00000,-0.11000,-1.13000,60.94000,8.96000
0.73000,2.00000,0.06000,0.00000,0.00000,-0.11000,-1.13000,60.10000,2.13000
0.73000,2.00000,0.06000,0.00000,0.00000,-0.11000,-1.13000,60.10000,2.13000
0.73000,2.00000,0.06000,0.00000,0.00000,-0.11000,-1.13000,59.62000,-4.64000
0.73000,2.00000,0.06000,0.00000,0.00000,-0.11000,-1.13000,59.62000,-4.64000
0.73000,2.00000,0.06000,0.00000,0.00000,-0.11000,-1.13000,58.95000,-11.42000
0.73000,2.00000,0.06000,0.00000,0.00000,-0.11000,-1.13000,58.95000,-11.42000
0.73000,2.00000,0.06000,0.00000,0.00000,-0.11000,-1.13000,58.28000,-18.19000
0.73000,2.00000,0.06000,0.00000,0.00000,-0.11000,-1.13000,58.28000,-18.19000
0.73000,2.00000,0.06000,0.00000,0.00000,-0.11000,-1.13000,57.61000,-24.97000
0.73000,2.00000,0.06000,0.00000,0.00000,-0.11000,-1.13000,57.61000,-24.97000
0.73000,2.00000,0.06000,0.00000,0.00000,-0.11000,-1.13000,56.94000,-31.74000
0.73000,2.00000,0.06000,0.00000,0.00000,-0.11000,-1.13000,56.94000,-31.74000
0.73000,2.00000,0.06000,0.00000,0.00000,-0.11000,-1.13000,56.28000,-38.52000
0.73000,2.00000,0.06000,0.00000,0.00000,-0.11000,-1.13000,56.28000,-38.52000
0.73000,2.00000,0.06000,0.00000,0.00000,-0.11000,-1.13000,55.61000,-45.29000
0.73000,2.00000,0.06000,0.00000,0.00000,-0.11000,-1.13000,55.61000,-45.29000
0.73000,2.00000,0.06000,0.00000,-0.02000,-0.11000,-1.13000,54.94000,-52.07000
0.73000,2.00000,0.06000,0.00000,0.00000,-0.11000,-1.13000,54.94000,-52.07000
0.73000,2.00000,0.06000,0.00000,0.00000,-0.11000,-1.13000,54.24000,-58.87000
0.73000,2.00000,0.06000,0.00000,-0.02000,-0.11000,-1.13000,54.24000,-58.87000
0.73000,2.00000,0.06000,0.00000,0.00000,-0.11000,-1.13000,53.54000,-65.37000
0.73000,2.00000,0.06000,0.00000,0.00000,-0.11000,-1.13000,53.54000,-65.37000
0.73000,2.00000,0.06000,0.00000,0.00000,-0.11000,-1.13000,52.85000,-72.35000
0.73000,2.00000,0.06000,0.00000,0.00000,-0.11000,-1.13000,52.85000,-72.35000
0.73000,2.00000,0.06000,0.00000,-0.02000,-0.11000,-1.13000,52.16000,-79.15000
0.73000,2.00000,0.06000,0.00000,0.00000,-0.12000,-1.13000,52.16000,-79.15000
0.73000,2.00000,0.06000,0.00000,0.00000,-0.12000,-1.13000,51.44000,-85.97000
0.73000,2.00000,0.06000,0.00000,0.00000,-0.12000,-1.13000,51.44000,-85.97000
0.73000,2.00000,0.06000,0.00000,0.00000,-0.12000,-1.13000,50.74000,-92.77000
0.73000,2.00000,0.06000,0.00000,0.00000,-0.12000,-1.13000,50.74000,-92.77000
0.73000,2.00000,0.06000,0.00000,0.00000,-0.12000,-1.13000,50.04000,-99.58000
0.73000,2.00000,0.06000,0.00000,0.00000,-0.12000,-1.13000,50.04000,-99.58000
0.73000,2.00000,0.06000,0.00000,-0.04000,-0.12000,-1.13000,49.34000,-106.38000
0.73000,2.00000,0.08000,0.00000,-0.79000,-0.12000,-1.14000,49.34000,-106.38000
0.73000,2.00000,0.11000,0.00000,-1.66000,-0.19000,-1.20000,47.55000,-102.40000
0.73000,2.00000,0.14000,0.00000,-2.08000,-0.34000,-1.36000,47.55000,-102.40000
0.72000,2.00000,0.19000,0.00000,-2.39000,-0.50000,-1.56000,41.79000,-90.93000
0.72000,2.00000,0.23000,0.00000,-2.30000,-0.65000,-1.74000,41.79000,-90.93000
0.72000,2.00000,0.27000,0.00000,-2.22000,-0.75000,-1.88000,35.00000,-89.22000
0.72000,2.00000,0.30000,0.00000,-1.99000,-0.82000,-1.98000,35.00000,-89.22000
0.72000,2.00000,0.34000,0.00000,-2.03000,-0.86000,-2.04000,28.89000,-93.80000
0.71000,2.00000,0.38000,0.00000,-1.89000,-0.88000,-2.09000,28.89000,-93.80000
0.71000,1.99000,0.41000,0.00000,-1.97000,-0.89000,-2.13000,23.19000,-96.95000
0.71000,1.99000,0.45000,0.00000,-2.16000,-0.90000,-2.16000,23.19000,-96.95000
0.71000,1.99000,0.49000,0.00000,-2.22000,-0.90000,-2.18000,17.67000,-95.10000
0.70000,1.99000,0.53000,0.00000,-2.32000,-0.90000,-2.19000,17.67000,-95.10000
0.70000,1.99000,0.58000,0.00000,-2.41000,-0.91000,-2.20000,12.23000,-93.11000
0.70000,1.99000,0.62000,0.00000,-2.45000,-0.91000,-2.21000,12.23000,-93.11000
0.70000,1.99000,0.67000,0.00000,-2.47000,-0.91000,-2.21000,6.76000,-90.65000
0.70000,1.99000,0.71000,0.00000,-2.39000,-0.91000,-2.21000,6.76000,-90.65000
0.69000,1.98000,0.75000,0.00000,-2.34000,-0.91000,-2.21000,1.29000,-90.19000
0.69000,1.98000,0.79000,0.00000,-2.30000,-0.91000,-2.21000,1.29000,-90.19000
0.69000,1.98000,0.83000,0.00000,-2.22000,-0.91000,-2.21000,-4.23000,-90.36000
0.69000,1.98000,0.87000,0.00000,-2.34000,-0.92000,-2.21000,-4.23000,-90.36000
0.69000,1.98000,0.91000,0.00000,-2.12000,-0.93000,-2.20000,-9.92000,-88.98000
0.68000,1.97000,0.95000,0.00000,-2.12000,-0.94000,-2.19000,-9.92000,-88.98000
0.68000,1.97000,0.99000,0.00000,-2.08000,-0.95000,-2.17000,-15.84000,-91.14000
0.68000,1.97000,1.03000,0.00000,-2.28000,-0.97000,-2.16000,-15.84000,-91.14000
0.68000,1.97000,1.07000,0.00000,-2.20000,-0.98000,-2.14000,-22.04000,-88.53000
0.68000,1.97000,1.11000,-0.02000,-2.14000,-1.00000,-2.13000,-22.04000,-88.53000
0.68000,1.96000,1.15000,0.00000,-2.14000,-1.01000,-2.11000,-28.06000,-89.38000
0.68000,1.96000,1.18000,0.00000,-1.91000,-1.58000,-2.23000,-28.06000,-89.38000
0.68000,1.96000,1.22000,0.00000,-2.03000,-3.28000,-3.26000,-68.35000,-109.81000
0.68000,1.96000,1.26000,-0.04000,-2.26000,-2.12000,-1.11000,-68.35000,-109.81000
0.68000,1.95000,1.30000,-0.12000,-2.64000,-2.12000,-1.01000,-69.93000,-78.92000
0.67000,1.95000,1.34000,-0.54000,-2.26000,-2.13000,-0.99000,-69.93000,-78.92000
0.67000,1.95000,1.35000,-0.64000,-1.49000,-2.15000,-0.98000,-75.40000,-70.89000
0.67000,1.95000,1.35000,-0.95000,-1.08000,-2.16000,-0.97000,-75.40000,-70.89000
0.67000,1.94000,1.35000,-1.12000,-0.73000,-2.16000,-0.97000,-79.00000,-80.78000
0.67000,1.94000,1.33000,-0.95000,-0.27000,-2.16000,-0.97000,-79.00000,-80.78000
0.67000,1.94000,1.31000,-1.04000,0.00000,-2.15000,-0.97000,-86.10000,-92.32000
0.67000,1.94000,1.29000,-1.22000,0.00000,-2.14000,-0.98000,-86.10000,-92.32000
0.67000,1.94000,1.27000,-1.20000,-0.08000,-2.14000,-0.99000,-89.00000,-100.85000
0.67000,1.94000,1.26000,-1.33000,-0.48000,-2.13000,-1.00000,-89.00000,-100.85000
0.67000,1.94000,1.25000,-1.54000,-1.08000,-2.12000,-1.00000,-92.71000,-99.84000
0.67000,1.93000,1.25000,-1.68000,-1.66000,-2.12000,-1.01000,-92.71000,-99.84000
0.67000,1.93000,1.24000,-2.05000,-1.83000,-2.12000,-1.01000,-92.17000,-85.31000
0.67000,1.92000,1.24000,-1.99000,-1.70000,-2.12000,-1.01000,-92.17000,-85.31000
0.66000,1.92000,1.23000,-2.05000,-1.54000,-2.12000,-1.01000,-90.13000,-80.79000
0.66000,1.92000,1.22000,-1.85000,-1.29000,-2.12000,-1.01000,-90.13000,-80.79000
0.66000,1.91000,1.21000,-1.81000,-1.18000,-2.11000,-1.01000,-92.96000,-82.90000
0.66000,1.91000,1.19000,-1.76000,-0.85000,-2.11000,-1.01000,-92.96000,-82.90000
0.66000,1.91000,1.17000,-1.83000,-0.75000,-2.11000,-1.03000,-95.68000,-88.00000
0.66000,1.90000,1.15000,-2.12000,-0.91000,-2.21000,-1.53000,-95.68000,-88.00000
0.66000,1.90000,1.13000,-2.53000,-1.22000,-3.16000,-3.13000,-108.23000,-119.62000
0.65000,1.90000,1.10000,-3.28000,-1.87000,-3.07000,-3.11000,-108.23000,-119.62000
0.65000,1.89000,1.08000,-3.82000,-2.63000,-1.14000,-2.12000,-66.78000,-103.53000
0.65000,1.88000,1.07000,-3.32000,-2.76000,-1.02000,-2.11000,-66.78000,-103.53000
0.65000,1.88000,1.08000,-2.47000,-2.84000,-1.01000,-2.11000,-51.39000,-91.55000
0.64000,1.87000,1.09000,-1.68000,-2.57000,-1.01000,-2.11000,-51.39000,-91.55000
0.64000,1.87000,1.12000,-0.79000,-2.14000,-1.01000,-2.11000,-62.19000,-90.39000
0.64000,1.87000,1.14000,-0.54000,-1.81000,-1.06000,-2.11000,-62.19000,-90.39000
0.64000,1.87000,1.16000,-0.58000,-1.66000,-2.60000,-2.68000,-99.15000,-107.75000
0.64000,1.86000,1.17000,-1.45000,-1.85000,-3.26000,-3.28000,-99.15000,-107.75000
0.64000,1.86000,1.16000,-2.28000,-2.01000,-3.27000,-3.25000,-107.86000,-120.83000
0.63000,1.85000,1.15000,-2.86000,-2.30000,-3.27000,-3.29000,-107.86000,-120.83000
0.63000,1.85000,1.13000,-3.26000,-2.16000,-3.13000,-3.16000,-95.51000,-121.14000
0.63000,1.84000,1.10000,-3.26000,-1.74000,-1.53000,-2.21000,-95.51000,-121.14000
0.63000,1.84000,1.08000,-3.15000,-1.97000,-1.02000,-2.11000,-59.46000,-118.87000
0.62000,1.83000,1.08000,-2.28000,-2.01000,-1.01000,-2.12000,-59.46000,-118.87000
0.62000,1.83000,1.09000,-1.25000,-1.91000,-1.00000,-2.13000,-60.36000,-117.30000
0.62000,1.83000,1.11000,-0.56000,-1.81000,-1.00000,-2.13000,-60.36000,-117.30000
0.62000,1.83000,1.14000,-0.06000,-1.85000,-1.00000,-2.12000,-78.58000,-121.02000
0.62000,1.82000,1.18000,-0.06000,-1.97000,-1.01000,-2.11000,-78.58000,-121.02000
0.62000,1.82000,1.21000,-0.44000,-2.08000,-2.11000,-1.01000,-105.29000,-103.81000
0.62000,1.82000,1.22000,-1.37000,-1.80000,-2.12000,-1.00000,-105.29000,-103.81000
0.62000,1.81000,1.20000,-2.28000,-1.49000,-2.12000,-1.00000,-98.21000,-100.35000
0.61000,1.81000,1.18000,-2.41000,-1.10000,-2.12000,-1.01000,-98.21000,-100.35000
0.61000,1.81000,1.15000,-2.14000,-0.54000,-2.11000,-1.01000,-86.95000,-106.29000
0.61000,1.81000,1.14000,-1.43000,-0.64000,-2.11000,-1.08000,-86.95000,-106.29000
0.61000,1.80000,1.14000,-0.95000,-1.22000,-2.33000,-1.90000,-103.12000,-125.95000
0.61000,1.80000,1.16000,-0.54000,-1.81000,-2.18000,-1.41000,-103.12000,-125.95000
0.61000,1.80000,1.19000,-0.58000,-2.24000,-2.11000,-1.02000,-118.52000,-102.83000
0.61000,1.79000,1.21000,-1.27000,-2.22000,-2.12000,-1.01000,-118.52000,-102.83000
0.61000,1.79000,1.20000,-2.10000,-1.74000,-2.13000,-1.00000,-117.32000,-91.61000
0.60000,1.79000,1.18000,-2.30000,-1.12000,-2.12000,-1.00000,-117.32000,-91.61000
0.60000,1.78000,1.14000,-2.59000,-0.41000,-2.12000,-1.01000,-106.76000,-100.93000
0.60000,1.78000,1.10000,-3.05000,-0.50000,-2.11000,-1.06000,-106.76000,-100.93000
0.60000,1.78000,1.05000,-3.46000,-0.95000,-3.26000,-3.28000,-111.58000,-143.71000
0.60000,1.77000,1.02000,-3.57000,-1.99000,-1.03000,-2.11000,-111.58000,-143.71000
0.59000,1.76000,1.02000,-3.40000,-3.01000,-1.01000,-2.11000,-71.35000,-120.48000
0.59000,1.76000,1.03000,-2.51000,-3.20000,-1.01000,-2.12000,-71.35000,-120.48000
0.59000,1.75000,1.05000,-1.56000,-2.95000,-1.01000,-2.11000,-71.86000,-103.15000
0.58000,1.75000,1.09000,-0.50000,-2.26000,-1.02000,-2.11000,-71.86000,-103.15000
0.58000,1.75000,1.12000,0.00000,-1.72000,-2.47000,-2.57000,-114.88000,-117.47000
0.58000,1.75000,1.13000,-0.71000,-1.64000,-3.22000,-3.19000,-114.88000,-117.47000
0.58000,1.74000,1.13000,-1.54000,-1.39000,-2.49000,-2.29000,-123.90000,-124.53000
0.58000,1.74000,1.12000,-2.36000,-1.56000,-2.62000,-2.53000,-123.90000,-124.53000
0.58000,1.74000,1.10000,-2.74000,-1.58000,-3.21000,-3.18000,-120.56000,-143.05000
0.57000,1.73000,1.08000,-3.05000,-2.09000,-3.07000,-3.11000,-120.56000,-143.05000
0.57000,1.72000,1.07000,-3.38000,-2.76000,-1.67000,-2.25000,-92.22000,-130.80000
0.57000,1.72000,1.06000,-3.51000,-3.09000,-1.07000,-2.11000,-92.22000,-130.80000
0.56000,1.71000,1.06000,-3.55000,-3.42000,-1.02000,-2.11000,-67.41000,-114.58000
0.56000,1.70000,1.06000,-3.07000,-3.40000,-1.02000,-2.11000,-67.41000,-114.58000
0.56000,1.70000,1.08000,-2.36000,-3.32000,-1.02000,-2.11000,-59.03000,-104.00000
0.55000,1.69000,1.11000,-1.72000,-3.20000,-1.17000,-2.13000,-59.03000,-104.00000
0.55000,1.69000,1.13000,-1.41000,-2.91000,-3.07000,-3.11000,-97.74000,-114.36000
0.55000,1.69000,1.15000,-1.70000,-2.82000,-3.05000,-3.02000,-97.74000,-114.36000
0.55000,1.68000,1.16000,-2.49000,-2.88000,-2.15000,-1.29000,-92.37000,-92.24000
0.55000,1.67000,1.16000,-2.70000,-2.41000,-2.11000,-1.06000,-92.37000,-92.24000
0.54000,1.67000,1.14000,-2.80000,-1.64000,-2.12000,-1.10000,-79.58000,-86.42000
0.54000,1.67000,1.10000,-2.57000,-0.75000,-2.73000,-2.66000,-79.58000,-86.42000
0.54000,1.66000,1.06000,-2.24000,-0.02000,-3.10000,-3.14000,-92.73000,-133.98000
0.54000,1.66000,1.03000,-2.32000,-0.60000,-1.02000,-2.11000,-92.73000,-133.98000
0.54000,1.66000,1.01000,-2.49000,-1.35000,-1.01000,-2.12000,-68.26000,-135.23000
0.53000,1.65000,1.01000,-2.16000,-2.03000,-1.00000,-2.13000,-68.26000,-135.23000
0.53000,1.65000,1.03000,-1.58000,-2.59000,-0.99000,-2.13000,-62.65000,-123.01000
0.53000,1.65000,1.06000,-0.83000,-2.45000,-1.00000,-2.12000,-62.65000,-123.01000
0.53000,1.64000,1.09000,-0.29000,-2.41000,-1.01000,-2.11000,-75.82000,-117.12000
0.53000,1.64000,1.14000,-0.04000,-2.41000,-1.09000,-2.11000,-75.82000,-117.12000
0.53000,1.64000,1.18000,-0.04000,-2.20000,-3.29000,-3.27000,-123.00000,-133.08000
0.52000,1.64000,1.19000,-1.45000,-2.22000,-2.12000,-1.12000,-123.00000,-133.08000
0.52000,1.63000,1.18000,-2.74000,-2.45000,-2.11000,-1.02000,-103.52000,-107.32000
0.52000,1.63000,1.17000,-2.86000,-2.08000,-2.11000,-1.02000,-103.52000,-107.32000
0.52000,1.62000,1.16000,-2.37000,-2.03000,-2.11000,-1.05000,-86.31000,-102.80000
0.52000,1.62000,1.17000,-1.49000,-1.83000,-2.11000,-1.09000,-86.31000,-102.80000
0.52000,1.61000,1.19000,-0.83000,-1.74000,-2.11000,-1.03000,-102.27000,-100.01000
0.52000,1.61000,1.20000,-0.81000,-1.43000,-2.11000,-1.01000,-102.27000,-100.01000
0.51000,1.61000,1.20000,-1.18000,-1.25000,-2.12000,-1.01000,-116.37000,-100.87000
0.51000,1.61000,1.19000,-1.39000,-1.12000,-2.12000,-1.01000,-116.37000,-100.87000
0.51000,1.61000,1.18000,-1.39000,-0.68000,-2.12000,-1.01000,-115.54000,-102.99000
0.51000,1.60000,1.15000,-1.95000,-0.31000,-2.11000,-1.01000,-115.54000,-102.99000
0.51000,1.60000,1.11000,-2.82000,-0.54000,-2.11000,-1.02000,-111.30000,-114.67000
0.51000,1.59000,1.07000,-3.55000,-1.06000,-3.03000,-2.99000,-111.30000,-114.67000
0.50000,1.59000,1.03000,-3.88000,-1.68000,-1.84000,-2.31000,-84.28000,-127.05000
0.50000,1.58000,1.01000,-3.15000,-2.16000,-1.01000,-2.11000,-84.28000,-127.05000
0.50000,1.58000,1.02000,-2.12000,-2.61000,-1.00000,-2.13000,-67.34000,-115.29000
0.50000,1.58000,1.04000,-1.56000,-2.78000,-0.98000,-2.15000,-67.34000,-115.29000
0.49000,1.57000,1.07000,-0.68000,-2.20000,-0.99000,-2.14000,-78.22000,-105.94000
0.49000,1.57000,1.09000,-0.08000,-1.60000,-1.00000,-2.13000,-78.22000,-105.94000
0.49000,1.57000,1.11000,0.00000,-1.04000,-1.01000,-2.12000,-97.23000,-119.48000
0.49000,1.57000,1.13000,-0.33000,-1.06000,-1.02000,-2.11000,-97.23000,-119.48000
0.49000,1.57000,1.14000,-0.66000,-1.49000,-1.03000,-2.11000,-99.32000,-130.53000
0.49000,1.56000,1.15000,-0.95000,-1.66000,-1.32000,-2.16000,-99.32000,-130.53000
0.49000,1.56000,1.16000,-1.39000,-2.03000,-2.57000,-2.65000,-117.23000,-135.97000
0.49000,1.56000,1.17000,-2.09000,-2.14000,-3.13000,-3.16000,-117.23000,-135.97000
0.48000,1.55000,1.16000,-2.49000,-2.22000,-3.14000,-3.17000,-118.45000,-142.61000
0.48000,1.55000,1.16000,-2.59000,-2.39000,-2.98000,-3.02000,-118.45000,-142.61000
0.48000,1.54000,1.15000,-2.90000,-2.70000,-2.77000,-2.83000,-111.64000,-139.91000
0.48000,1.53000,1.15000,-3.26000,-3.03000,-2.45000,-2.56000,-111.64000,-139.91000
0.47000,1.53000,1.14000,-3.57000,-3.32000,-1.90000,-2.33000,-89.65000,-125.44000
0.47000,1.52000,1.15000,-3.51000,-3.63000,-1.39000,-2.18000,-89.65000,-125.44000
0.47000,1.51000,1.15000,-3.32000,-3.69000,-1.49000,-2.20000,-71.69000,-110.33000
0.46000,1.51000,1.17000,-2.76000,-3.42000,-2.11000,-2.41000,-71.69000,-110.33000
0.46000,1.50000,1.19000,-2.20000,-3.36000,-2.98000,-3.02000,-93.18000,-117.19000
0.46000,1.49000,1.20000,-2.24000,-3.09000,-3.25000,-3.23000,-93.18000,-117.19000
0.46000,1.49000,1.20000,-2.61000,-2.55000,-2.70000,-2.63000,-98.11000,-113.82000
0.46000,1.48000,1.19000,-2.62000,-1.76000,-2.74000,-2.67000,-98.11000,-113.82000
0.45000,1.48000,1.16000,-2.82000,-1.33000,-3.25000,-3.23000,-103.53000,-139.94000
0.45000,1.48000,1.14000,-3.03000,-1.76000,-2.63000,-2.70000,-103.53000,-139.94000
0.45000,1.47000,1.12000,-3.17000,-2.37000,-1.05000,-2.11000,-68.06000,-131.93000
0.45000,1.46000,1.12000,-2.43000,-2.49000,-1.02000,-2.11000,-68.06000,-131.93000
0.44000,1.46000,1.14000,-1.83000,-2.61000,-1.02000,-2.11000,-64.73000,-123.10000
0.44000,1.46000,1.16000,-1.08000,-2.59000,-1.03000,-2.11000,-64.73000,-123.10000
0.44000,1.45000,1.20000,-0.58000,-2.51000,-2.59000,-2.67000,-100.06000,-127.68000
0.44000,1.45000,1.22000,-1.16000,-2.51000,-3.10000,-3.06000,-100.06000,-127.68000
0.44000,1.45000,1.23000,-1.95000,-2.30000,-2.13000,-1.18000,-101.00000,-107.03000
0.44000,1.44000,1.23000,-2.05000,-2.12000,-2.11000,-1.05000,-101.00000,-107.03000
0.44000,1.44000,1.23000,-1.91000,-2.12000,-2.11000,-1.03000,-93.06000,-102.79000
0.43000,1.43000,1.24000,-1.47000,-1.72000,-2.11000,-1.02000,-93.06000,-102.79000
0.43000,1.43000,1.24000,-1.33000,-1.43000,-2.11000,-1.02000,-102.09000,-101.96000
0.43000,1.43000,1.25000,-0.83000,-1.18000,-2.11000,-1.02000,-102.09000,-101.96000
0.43000,1.43000,1.25000,-0.95000,-1.08000,-2.11000,-1.01000,-115.58000,-105.75000
0.43000,1.42000,1.24000,-1.33000,-0.56000,-2.11000,-1.01000,-115.58000,-105.75000
0.43000,1.42000,1.21000,-1.62000,-0.39000,-2.11000,-1.02000,-115.74000,-114.15000
0.43000,1.42000,1.19000,-1.31000,-0.02000,-2.14000,-1.22000,-115.74000,-114.15000
0.43000,1.42000,1.16000,-1.68000,0.00000,-3.08000,-3.04000,-135.33000,-155.38000
0.43000,1.41000,1.13000,-2.59000,-0.85000,-2.90000,-2.94000,-135.33000,-155.38000
0.42000,1.41000,1.10000,-3.75000,-2.37000,-1.03000,-2.11000,-95.92000,-146.99000
0.42000,1.40000,1.09000,-3.65000,-3.20000,-1.01000,-2.11000,-95.92000,-146.99000
0.42000,1.40000,1.11000,-2.93000,-3.74000,-1.01000,-2.12000,-70.33000,-119.56000
0.41000,1.39000,1.13000,-1.93000,-3.24000,-1.01000,-2.11000,-70.33000,-119.56000
0.41000,1.39000,1.17000,-0.75000,-2.66000,-1.02000,-2.11000,-80.45000,-112.28000
0.41000,1.38000,1.20000,-0.17000,-2.20000,-2.18000,-2.44000,-80.45000,-112.28000
0.41000,1.38000,1.24000,-0.06000,-2.03000,-3.16000,-3.13000,-133.59000,-136.41000
0.41000,1.38000,1.26000,-1.10000,-2.03000,-2.11000,-1.04000,-133.59000,-136.41000
0.41000,1.37000,1.25000,-2.70000,-2.24000,-2.11000,-1.01000,-121.76000,-112.77000
0.41000,1.37000,1.23000,-3.07000,-1.93000,-2.11000,-1.02000,-121.76000,-112.77000
0.40000,1.36000,1.20000,-3.24000,-1.60000,-2.11000,-1.07000,-98.29000,-109.08000
0.40000,1.36000,1.18000,-2.88000,-1.72000,-3.04000,-3.00000,-98.29000,-109.08000
0.40000,1.35000,1.16000,-2.59000,-1.76000,-3.23000,-3.25000,-112.08000,-139.78000
0.40000,1.35000,1.15000,-2.86000,-2.28000,-2.65000,-2.72000,-112.08000,-139.78000
0.40000,1.34000,1.14000,-3.28000,-2.78000,-1.43000,-2.19000,-87.46000,-124.56000
0.39000,1.34000,1.14000,-3.22000,-3.28000,-1.05000,-2.11000,-87.46000,-124.56000
0.39000,1.33000,1.15000,-2.97000,-3.24000,-1.03000,-2.11000,-67.60000,-107.83000
0.39000,1.32000,1.16000,-2.49000,-3.03000,-1.03000,-2.11000,-67.60000,-107.83000
0.39000,1.32000,1.18000,-1.83000,-2.82000,-1.06000,-2.11000,-65.78000,-104.57000
0.38000,1.31000,1.20000,-1.33000,-2.55000,-1.73000,-2.27000,-65.78000,-104.57000
0.38000,1.31000,1.22000,-1.02000,-2.30000,-3.14000,-3.18000,-105.93000,-122.21000
0.38000,1.31000,1.23000,-1.64000,-2.14000,-3.11000,-3.07000,-105.93000,-122.21000
0.38000,1.30000,1.22000,-2.39000,-1.78000,-2.60000,-2.51000,-104.02000,-122.18000
0.38000,1.30000,1.19000,-2.74000,-1.22000,-3.03000,-2.99000,-104.02000,-122.18000
0.38000,1.29000,1.16000,-3.01000,-0.98000,-3.13000,-3.16000,-101.16000,-147.84000
0.37000,1.29000,1.13000,-2.97000,-1.62000,-1.03000,-2.11000,-101.16000,-147.84000
0.37000,1.28000,1.12000,-2.88000,-2.30000,-1.00000,-2.12000,-68.21000,-138.02000
0.37000,1.28000,1.12000,-2.39000,-2.55000,-1.00000,-2.13000,-68.21000,-138.02000
0.37000,1.28000,1.15000,-1.49000,-2.70000,-1.00000,-2.13000,-65.05000,-127.10000
0.37000,1.27000,1.18000,-1.06000,-2.84000,-1.01000,-2.12000,-65.05000,-127.10000
0.36000,1.27000,1.21000,-0.71000,-2.74000,-1.02000,-2.11000,-76.94000,-119.89000
0.36000,1.26000,1.25000,-0.52000,-2.41000,-2.38000,-2.53000,-76.94000,-119.89000
0.36000,1.26000,1.28000,-0.56000,-2.26000,-3.18000,-3.15000,-117.16000,-137.58000
0.36000,1.26000,1.30000,-1.37000,-2.26000,-2.11000,-1.09000,-117.16000,-137.58000
0.36000,1.25000,1.30000,-2.41000,-2.74000,-2.11000,-1.02000,-104.30000,-112.29000
0.36000,1.25000,1.31000,-2.41000,-2.59000,-2.11000,-1.01000,-104.30000,-112.29000
0.36000,1.24000,1.31000,-2.08000,-2.41000,-2.11000,-1.01000,-93.21000,-99.76000
0.36000,1.24000,1.31000,-1.62000,-1.49000,-2.11000,-1.01000,-93.21000,-99.76000
0.36000,1.24000,1.31000,-0.87000,-0.77000,-2.11000,-1.01000,-103.28000,-106.74000
0.35000,1.24000,1.31000,-0.50000,-0.66000,-2.11000,-1.01000,-103.28000,-106.74000
0.35000,1.23000,1.31000,-0.87000,-0.66000,-2.11000,-1.01000,-123.07000,-116.29000
0.35000,1.23000,1.29000,-1.47000,-0.56000,-2.11000,-1.01000,-123.07000,-116.29000
0.35000,1.23000,1.27000,-1.95000,-0.64000,-2.11000,-1.02000,-118.03000,-120.05000
0.35000,1.23000,1.25000,-2.14000,-1.06000,-2.17000,-1.37000,-118.03000,-120.05000
0.35000,1.22000,1.23000,-2.49000,-1.54000,-3.04000,-3.00000,-125.87000,-145.05000
0.35000,1.22000,1.21000,-3.26000,-2.26000,-3.26000,-3.29000,-125.87000,-145.05000
0.35000,1.21000,1.20000,-3.63000,-2.80000,-2.67000,-2.74000,-109.01000,-134.83000
0.34000,1.20000,1.18000,-3.38000,-2.70000,-1.23000,-2.14000,-109.01000,-134.83000
0.34000,1.20000,1.18000,-2.88000,-2.55000,-1.03000,-2.11000,-78.93000,-121.59000
0.34000,1.19000,1.19000,-2.24000,-2.66000,-1.02000,-2.11000,-78.93000,-121.59000
0.34000,1.19000,1.21000,-1.37000,-2.57000,-1.03000,-2.11000,-81.90000,-118.66000
0.34000,1.18000,1.24000,-0.54000,-2.41000,-1.80000,-2.30000,-81.90000,-118.66000
0.34000,1.18000,1.28000,-0.12000,-2.26000,-3.27000,-3.24000,-133.76000,-136.12000
0.33000,1.18000,1.32000,-0.25000,-2.30000,-2.11000,-1.06000,-133.76000,-136.12000
0.33000,1.17000,1.33000,-1.66000,-2.57000,-2.12000,-1.01000,-137.20000,-109.22000
0.33000,1.17000,1.33000,-3.01000,-2.57000,-2.12000,-1.00000,-137.20000,-109.22000
0.33000,1.16000,1.30000,-3.59000,-2.05000,-2.12000,-1.01000,-107.11000,-97.37000
0.33000,1.16000,1.27000,-3.73000,-2.10000,-2.11000,-1.01000,-107.11000,-97.37000
0.33000,1.15000,1.24000,-3.78000,-1.97000,-2.12000,-1.11000,-90.84000,-96.69000
0.32000,1.14000,1.20000,-3.73000,-1.93000,-3.21000,-3.18000,-90.84000,-96.69000
0.32000,1.14000,1.18000,-3.28000,-1.83000,-2.36000,-2.52000,-84.73000,-114.37000
0.32000,1.13000,1.16000,-3.01000,-2.30000,-1.02000,-2.11000,-84.73000,-114.37000
0.32000,1.13000,1.16000,-2.68000,-2.47000,-1.01000,-2.11000,-67.22000,-106.16000
0.32000,1.12000,1.17000,-2.28000,-2.74000,-1.01000,-2.11000,-67.22000,-106.16000
0.31000,1.12000,1.18000,-1.81000,-2.66000,-1.02000,-2.11000,-66.16000,-98.46000
0.31000,1.11000,1.19000,-1.39000,-1.95000,-1.03000,-2.11000,-66.16000,-98.46000
0.31000,1.11000,1.19000,-1.20000,-1.00000,-1.09000,-2.11000,-73.01000,-106.57000
0.31000,1.11000,1.18000,-0.85000,-0.29000,-1.04000,-2.11000,-73.01000,-106.57000
0.31000,1.11000,1.17000,-0.50000,0.00000,-1.02000,-2.11000,-78.26000,-132.33000
0.31000,1.11000,1.16000,-0.48000,-0.04000,-1.01000,-2.11000,-78.26000,-132.33000
0.31000,1.11000,1.17000,-0.58000,-0.77000,-1.01000,-2.11000,-84.76000,-147.04000
0.31000,1.11000,1.17000,-0.98000,-1.39000,-1.01000,-2.11000,-84.76000,-147.04000
0.31000,1.10000,1.18000,-1.51000,-1.83000,-1.02000,-2.11000,-80.55000,-139.18000
0.31000,1.10000,1.19000,-1.62000,-2.32000,-1.02000,-2.11000,-80.55000,-139.18000
0.30000,1.09000,1.21000,-1.74000,-2.64000,-1.03000,-2.11000,-71.39000,-129.44000
0.30000,1.09000,1.23000,-1.62000,-2.76000,-1.42000,-2.18000,-71.39000,-129.44000
0.30000,1.08000,1.25000,-1.47000,-2.80000,-3.05000,-3.08000,-98.13000,-136.30000
0.30000,1.08000,1.27000,-1.87000,-2.97000,-3.17000,-3.13000,-98.13000,-136.30000
0.30000,1.07000,1.29000,-2.28000,-2.97000,-2.24000,-1.62000,-90.84000,-113.14000
0.30000,1.07000,1.29000,-2.39000,-2.64000,-2.11000,-1.05000,-90.84000,-113.14000
0.29000,1.06000,1.29000,-2.16000,-2.22000,-2.11000,-1.03000,-83.27000,-101.13000
0.29000,1.06000,1.30000,-1.72000,-2.26000,-2.11000,-1.02000,-83.27000,-101.13000
0.29000,1.06000,1.31000,-1.35000,-2.03000,-2.11000,-1.01000,-91.59000,-96.92000
0.29000,1.05000,1.33000,-0.91000,-1.64000,-2.11000,-1.01000,-91.59000,-96.92000
0.29000,1.05000,1.34000,-0.50000,-1.10000,-2.12000,-1.01000,-106.24000,-98.63000
0.29000,1.05000,1.34000,-0.62000,-0.83000,-2.12000,-1.00000,-106.24000,-98.63000
0.29000,1.05000,1.34000,-0.81000,-0.50000,-2.13000,-1.00000,-117.93000,-106.84000
0.29000,1.05000,1.32000,-1.45000,-0.44000,-2.13000,-1.00000,-117.93000,-106.84000
0.29000,1.04000,1.30000,-1.70000,-0.66000,-2.12000,-1.01000,-114.40000,-113.91000
0.29000,1.04000,1.28000,-2.03000,-1.10000,-2.11000,-1.01000,-114.40000,-113.91000
0.29000,1.04000,1.27000,-2.05000,-1.29000,-2.11000,-1.02000,-109.48000,-107.55000
0.29000,1.03000,1.26000,-1.68000,-1.25000,-2.11000,-1.05000,-109.48000,-107.55000
0.28000,1.03000,1.25000,-2.05000,-1.51000,-2.12000,-1.15000,-115.49000,-106.88000
0.28000,1.03000,1.22000,-2.90000,-1.49000,-2.26000,-1.70000,-115.49000,-106.88000
0.28000,1.02000,1.19000,-3.49000,-1.54000,-3.26000,-3.23000,-116.76000,-133.74000
0.28000,1.01000,1.16000,-3.73000,-1.93000,-1.75000,-2.28000,-116.76000,-133.74000
0.28000,1.01000,1.13000,-3.49000,-2.28000,-1.02000,-2.11000,-72.82000,-120.81000
0.27000,1.00000,1.13000,-2.66000,-2.18000,-1.01000,-2.12000,-72.82000,-120.81000
0.27000,1.00000,1.14000,-1.51000,-2.30000,-1.00000,-2.12000,-72.45000,-118.39000
0.27000,1.00000,1.18000,-0.35000,-2.30000,-1.00000,-2.12000,-72.45000,-118.39000
0.27000,0.99000,1.22000,0.00000,-2.45000,-1.02000,-2.11000,-97.29000,-115.94000
0.27000,0.99000,1.26000,-0.02000,-2.10000,-2.62000,-2.70000,-97.29000,-115.94000
0.27000,0.99000,1.29000,-0.02000,-1.83000,-3.00000,-2.96000,-136.05000,-130.65000
0.27000,0.99000,1.30000,-1.00000,-1.76000,-2.11000,-1.03000,-136.05000,-130.65000
0.27000,0.98000,1.30000,-2.57000,-2.18000,-2.11000,-1.01000,-125.90000,-111.65000
0.26000,0.98000,1.28000,-3.07000,-2.30000,-2.11000,-1.02000,-125.90000,-111.65000
0.26000,0.97000,1.26000,-3.32000,-2.22000,-2.11000,-1.02000,-101.41000,-99.14000
0.26000,0.96000,1.24000,-3.49000,-2.32000,-2.11000,-1.08000,-101.41000,-99.14000
0.26000,0.96000,1.22000,-3.57000,-2.18000,-2.40000,-2.09000,-93.85000,-107.14000
0.26000,0.95000,1.19000,-3.67000,-2.41000,-3.26000,-3.23000,-93.85000,-107.14000
0.25000,0.95000,1.18000,-3.34000,-2.55000,-2.92000,-2.97000,-92.36000,-117.70000
0.25000,0.94000,1.17000,-3.28000,-2.68000,-1.31000,-2.16000,-92.36000,-117.70000
0.25000,0.93000,1.16000,-3.11000,-2.82000,-0.99000,-2.13000,-64.86000,-104.43000
0.25000,0.93000,1.17000,-2.53000,-2.84000,-0.99000,-2.13000,-64.86000,-104.43000
0.24000,0.92000,1.18000,-1.62000,-2.43000,-0.99000,-2.13000,-62.33000,-98.66000
0.24000,0.92000,1.19000,-1.12000,-1.35000,-1.00000,-2.12000,-62.33000,-98.66000
0.24000,0.92000,1.19000,-0.64000,-0.52000,-1.00000,-2.12000,-74.38000,-116.70000
0.24000,0.92000,1.19000,-0.31000,-0.56000,-1.00000,-2.12000,-74.38000,-116.70000
0.24000,0.92000,1.19000,-0.04000,-0.04000,-1.00000,-2.12000,-85.82000,-133.16000
0.24000,0.92000,1.19000,-0.39000,-0.46000,-1.00000,-2.12000,-85.82000,-133.16000
0.24000,0.92000,1.19000,-0.75000,-0.68000,-1.00000,-2.12000,-88.73000,-144.10000
0.24000,0.91000,1.19000,-1.18000,-1.08000,-1.00000,-2.12000,-88.73000,-144.10000
0.24000,0.91000,1.19000,-1.66000,-1.70000,-1.00000,-2.12000,-80.53000,-144.78000
0.24000,0.91000,1.20000,-1.68000,-2.47000,-1.00000,-2.12000,-80.53000,-144.78000
0.24000,0.90000,1.22000,-1.72000,-2.86000,-1.01000,-2.12000,-72.06000,-130.14000
0.23000,0.90000,1.25000,-1.62000,-2.80000,-1.01000,-2.11000,-72.06000,-130.14000
0.23000,0.89000,1.27000,-1.62000,-2.93000,-1.03000,-2.11000,-69.24000,-122.84000
0.23000,0.89000,1.29000,-1.24000,-2.68000,-2.02000,-2.37000,-69.24000,-122.84000
0.23000,0.88000,1.32000,-0.95000,-2.59000,-3.27000,-3.29000,-104.89000,-138.33000
0.23000,0.88000,1.34000,-1.54000,-2.53000,-2.32000,-1.87000,-104.89000,-138.33000
0.23000,0.87000,1.36000,-2.28000,-3.01000,-2.11000,-1.04000,-95.26000,-110.38000
0.23000,0.87000,1.36000,-2.51000,-2.88000,-2.11000,-1.02000,-95.26000,-110.38000
0.22000,0.86000,1.37000,-2.32000,-2.53000,-2.11000,-1.01000,-84.11000,-95.77000
0.22000,0.86000,1.37000,-1.76000,-1.95000,-2.11000,-1.01000,-84.11000,-95.77000
0.22000,0.86000,1.38000,-0.95000,-1.62000,-2.11000,-1.01000,-92.96000,-98.51000
0.22000,0.85000,1.39000,-0.60000,-1.33000,-2.12000,-1.01000,-92.96000,-98.51000
0.22000,0.85000,1.40000,-0.60000,-1.00000,-2.12000,-1.00000,-112.65000,-102.05000
0.22000,0.85000,1.40000,-1.04000,-1.06000,-2.13000,-1.00000,-112.65000,-102.05000
0.22000,0.85000,1.40000,-1.18000,-1.18000,-2.13000,-1.00000,-115.30000,-104.07000
0.22000,0.84000,1.39000,-1.66000,-1.04000,-2.13000,-1.00000,-115.30000,-104.07000
0.22000,0.84000,1.37000,-2.01000,-0.95000,-2.12000,-1.00000,-112.45000,-104.08000
0.22000,0.84000,1.36000,-1.66000,-0.95000,-2.12000,-1.01000,-112.45000,-104.08000
0.22000,0.83000,1.34000,-1.87000,-0.83000,-2.11000,-1.01000,-115.04000,-105.27000
0.22000,0.83000,1.31000,-2.49000,-0.66000,-2.11000,-1.02000,-115.04000,-105.27000
0.22000,0.83000,1.26000,-3.19000,-0.83000,-2.67000,-2.58000,-113.64000,-133.57000
0.22000,0.82000,1.23000,-3.49000,-1.49000,-2.67000,-2.74000,-113.64000,-133.57000
0.21000,0.82000,1.20000,-3.55000,-2.10000,-1.02000,-2.11000,-75.04000,-125.46000
0.21000,0.81000,1.20000,-2.63000,-2.30000,-1.01000,-2.12000,-75.04000,-125.46000
0.21000,0.81000,1.21000,-1.78000,-2.66000,-1.01000,-2.12000,-72.81000,-117.22000
0.21000,0.80000,1.24000,-1.37000,-2.84000,-1.01000,-2.11000,-72.81000,-117.22000
0.21000,0.80000,1.27000,-0.66000,-2.64000,-1.02000,-2.11000,-82.27000,-107.80000
0.21000,0.80000,1.31000,-0.15000,-2.10000,-2.88000,-2.93000,-82.27000,-107.80000
0.21000,0.79000,1.34000,-0.10000,-1.97000,-2.89000,-2.83000,-126.53000,-125.51000
0.21000,0.79000,1.37000,-0.62000,-1.93000,-2.11000,-1.02000,-126.53000,-125.51000
0.20000,0.79000,1.37000,-2.24000,-2.28000,-2.11000,-1.01000,-124.21000,-105.10000
0.20000,0.78000,1.36000,-2.97000,-2.30000,-2.11000,-1.01000,-124.21000,-105.10000
0.20000,0.77000,1.34000,-3.28000,-2.28000,-2.11000,-1.01000,-97.91000,-94.01000
0.20000,0.77000,1.32000,-3.15000,-2.16000,-2.11000,-1.02000,-97.91000,-94.01000
0.20000,0.76000,1.30000,-3.17000,-1.95000,-2.16000,-1.33000,-90.77000,-93.18000
0.20000,0.76000,1.27000,-3.20000,-1.83000,-3.10000,-3.06000,-90.77000,-93.18000
0.20000,0.75000,1.25000,-2.93000,-1.76000,-3.10000,-3.13000,-98.28000,-120.27000
0.19000,0.75000,1.24000,-2.97000,-2.22000,-1.43000,-2.19000,-98.28000,-120.27000
0.19000,0.74000,1.23000,-2.99000,-2.68000,-1.03000,-2.11000,-70.15000,-106.79000
0.19000,0.73000,1.24000,-2.59000,-2.78000,-1.02000,-2.11000,-70.15000,-106.79000
0.19000,0.73000,1.24000,-2.03000,-2.14000,-1.02000,-2.11000,-63.98000,-97.69000
0.19000,0.73000,1.24000,-1.43000,-1.33000,-1.02000,-2.11000,-63.98000,-97.69000
0.19000,0.73000,1.23000,-0.89000,-0.58000,-1.02000,-2.11000,-71.95000,-115.42000
0.19000,0.72000,1.22000,-0.81000,-0.29000,-1.02000,-2.11000,-71.95000,-115.42000
0.19000,0.72000,1.21000,-0.91000,-0.23000,-1.01000,-2.11000,-78.69000,-135.71000
0.19000,0.72000,1.20000,-0.73000,-0.23000,-1.01000,-2.12000,-78.69000,-135.71000
0.18000,0.72000,1.20000,-0.81000,-0.87000,-1.01000,-2.12000,-81.07000,-147.72000
0.18000,0.72000,1.21000,-1.29000,-1.66000,-1.01000,-2.12000,-81.07000,-147.72000
0.18000,0.71000,1.22000,-1.62000,-2.41000,-1.01000,-2.12000,-74.39000,-137.58000
0.18000,0.71000,1.24000,-1.53000,-2.78000,-1.01000,-2.11000,-74.39000,-137.58000
0.18000,0.70000,1.27000,-1.62000,-2.95000,-1.02000,-2.11000,-69.20000,-123.34000
0.18000,0.70000,1.29000,-1.58000,-3.03000,-1.72000,-2.27000,-69.20000,-123.34000
0.18000,0.69000,1.32000,-1.49000,-2.82000,-3.25000,-3.27000,-98.85000,-133.06000
0.17000,0.69000,1.34000,-1.83000,-2.84000,-2.79000,-2.72000,-98.85000,-133.06000
0.17000,0.68000,1.35000,-2.45000,-2.93000,-2.12000,-1.14000,-88.27000,-105.28000
0.17000,0.68000,1.35000,-2.61000,-2.86000,-2.11000,-1.03000,-88.27000,-105.28000
0.17000,0.67000,1.35000,-2.37000,-2.57000,-2.11000,-1.02000,-77.97000,-92.98000
0.17000,0.67000,1.36000,-1.70000,-1.97000,-2.11000,-1.02000,-77.97000,-92.98000
0.17000,0.66000,1.37000,-1.12000,-1.58000,-2.11000,-1.01000,-88.66000,-95.21000
0.17000,0.66000,1.38000,-0.58000,-1.27000,-2.11000,-1.01000,-88.66000,-95.21000
0.17000,0.66000,1.40000,-0.29000,-1.35000,-2.12000,-1.01000,-108.07000,-99.94000
0.17000,0.66000,1.41000,-0.33000,-1.08000,-2.13000,-1.00000,-108.07000,-99.94000
0.17000,0.66000,1.42000,-0.06000,-0.64000,-2.13000,-0.99000,-121.23000,-100.95000
0.17000,0.66000,1.43000,-0.02000,-0.60000,-2.14000,-0.99000,-121.23000,-100.95000
0.17000,0.66000,1.44000,0.00000,-0.66000,-2.14000,-0.98000,-136.86000,-107.45000
0.17000,0.66000,1.46000,0.00000,-0.75000,-2.15000,-0.98000,-136.86000,-107.45000
0.17000,0.66000,1.46000,0.00000,-0.35000,-2.15000,-0.97000,-150.07000,-107.37000
0.17000,0.66000,1.47000,0.00000,-0.12000,-2.16000,-0.97000,-150.07000,-107.37000
0.17000,0.66000,1.47000,0.00000,0.00000,-2.16000,-0.97000,-163.07000,-118.00000
0.17000,0.66000,1.46000,-0.33000,0.00000,-2.16000,-0.97000,-163.07000,-118.00000
0.17000,0.65000,1.42000,-2.30000,0.00000,-2.16000,-0.97000,-171.00000,-124.95000
0.17000,0.65000,1.35000,-3.67000,0.00000,-2.14000,-0.99000,-171.00000,-124.95000
0.17000,0.64000,1.27000,-4.50000,0.00000,-2.11000,-1.01000,-131.20000,-131.40000
0.16000,0.64000,1.19000,-4.79000,-0.08000,-3.25000,-3.28000,-131.20000,-131.40000
0.16000,0.63000,1.11000,-4.98000,-1.04000,-1.01000,-2.12000,-88.48000,-152.85000
0.16000,0.63000,1.08000,-4.15000,-2.28000,-0.97000,-2.15000,-88.48000,-152.85000
0.15000,0.62000,1.08000,-2.99000,-3.09000,-0.96000,-2.17000,-74.62000,-132.82000
0.15000,0.61000,1.10000,-1.87000,-3.05000,-0.95000,-2.17000,-74.62000,-132.82000
0.15000,0.61000,1.15000,-0.83000,-3.13000,-0.96000,-2.17000,-89.70000,-120.61000
0.15000,0.61000,1.19000,-0.33000,-2.95000,-0.97000,-2.15000,-89.70000,-120.61000
0.15000,0.60000,1.24000,-0.33000,-2.72000,-0.99000,-2.14000,-107.76000,-116.40000
0.15000,0.60000,1.26000,-0.93000,-2.28000,-1.01000,-2.12000,-107.76000,-116.40000
0.14000,0.60000,1.27000,-1.85000,-2.24000,-1.01000,-2.11000,-103.02000,-121.10000
0.14000,0.59000,1.27000,-2.01000,-2.14000,-1.01000,-2.11000,-103.02000,-121.10000
0.14000,0.59000,1.28000,-2.20000,-2.72000,-1.01000,-2.11000,-87.33000,-122.24000
0.14000,0.58000,1.30000,-1.97000,-3.03000,-1.02000,-2.11000,-87.33000,-122.24000
0.14000,0.58000,1.32000,-1.87000,-3.03000,-1.03000,-2.11000,-82.21000,-108.63000
0.14000,0.57000,1.33000,-1.95000,-2.68000,-1.63000,-2.24000,-82.21000,-108.63000
0.14000,0.57000,1.35000,-2.14000,-2.82000,-2.74000,-2.80000,-102.52000,-118.84000
0.13000,0.56000,1.34000,-2.82000,-2.72000,-3.17000,-3.20000,-102.52000,-118.84000
0.13000,0.55000,1.33000,-3.34000,-2.78000,-3.10000,-3.13000,-99.57000,-123.91000
0.13000,0.55000,1.33000,-3.44000,-3.07000,-2.45000,-2.56000,-99.57000,-123.91000
0.13000,0.54000,1.32000,-3.40000,-3.07000,-1.35000,-2.17000,-65.69000,-106.64000
0.13000,0.53000,1.31000,-2.74000,-2.37000,-1.04000,-2.11000,-65.69000,-106.64000
0.13000,0.53000,1.31000,-1.93000,-1.83000,-1.02000,-2.11000,-58.68000,-110.89000
0.13000,0.53000,1.32000,-1.29000,-1.70000,-1.01000,-2.11000,-58.68000,-110.89000
0.13000,0.52000,1.33000,-0.85000,-1.52000,-2.95000,-2.99000,-99.16000,-132.61000
0.12000,0.52000,1.34000,-1.24000,-1.78000,-3.25000,-3.28000,-99.16000,-132.61000
0.12000,0.52000,1.34000,-1.83000,-2.03000,-3.25000,-3.22000,-114.26000,-142.56000
0.12000,0.51000,1.34000,-2.76000,-2.61000,-3.18000,-3.15000,-114.26000,-142.56000
0.12000,0.50000,1.33000,-3.51000,-2.97000,-3.23000,-3.20000,-103.28000,-138.44000
0.12000,0.50000,1.32000,-3.65000,-3.07000,-3.26000,-3.29000,-103.28000,-138.44000
0.12000,0.49000,1.32000,-3.61000,-3.26000,-3.06000,-3.09000,-90.15000,-133.50000
0.12000,0.48000,1.32000,-3.34000,-3.47000,-2.75000,-2.81000,-90.15000,-133.50000
0.11000,0.47000,1.33000,-2.68000,-3.55000,-2.86000,-2.91000,-88.26000,-124.97000
0.11000,0.47000,1.36000,-1.99000,-3.38000,-3.26000,-3.29000,-88.26000,-124.97000
0.11000,0.46000,1.39000,-1.33000,-3.22000,-2.58000,-2.48000,-101.39000,-116.45000
0.11000,0.46000,1.42000,-1.33000,-2.93000,-2.11000,-1.02000,-101.39000,-116.45000
0.11000,0.45000,1.45000,-1.16000,-2.53000,-2.12000,-1.01000,-107.98000,-95.80000
0.11000,0.45000,1.46000,-1.35000,-1.87000,-2.13000,-1.00000,-107.98000,-95.80000
0.11000,0.45000,1.44000,-1.76000,-1.06000,-2.13000,-0.99000,-112.60000,-99.92000
0.11000,0.45000,1.42000,-1.66000,-0.60000,-2.13000,-1.00000,-112.60000,-99.92000
0.11000,0.44000,1.40000,-1.60000,-0.37000,-2.12000,-1.01000,-112.46000,-113.86000
0.11000,0.44000,1.38000,-2.10000,-0.62000,-2.11000,-1.01000,-112.46000,-113.86000
0.11000,0.44000,1.34000,-2.86000,-0.91000,-2.11000,-1.05000,-108.50000,-116.62000
0.11000,0.43000,1.30000,-3.24000,-1.16000,-3.19000,-3.16000,-108.50000,-116.62000
0.10000,0.43000,1.27000,-3.28000,-1.62000,-1.91000,-2.34000,-88.56000,-130.40000
0.10000,0.42000,1.26000,-2.88000,-2.24000,-1.02000,-2.11000,-88.56000,-130.40000
0.10000,0.42000,1.27000,-2.14000,-2.39000,-1.01000,-2.11000,-72.38000,-117.87000
0.10000,0.41000,1.29000,-1.66000,-2.82000,-1.01000,-2.11000,-72.38000,-117.87000
0.10000,0.41000,1.32000,-1.04000,-3.07000,-1.04000,-2.11000,-79.86000,-108.31000
0.10000,0.40000,1.37000,-0.37000,-2.93000,-3.13000,-3.16000,-79.86000,-108.31000
0.10000,0.40000,1.42000,-0.06000,-2.78000,-2.15000,-1.26000,-112.07000,-89.74000
0.10000,0.40000,1.46000,-0.15000,-2.36000,-2.12000,-1.01000,-112.07000,-89.74000
0.10000,0.39000,1.47000,-1.08000,-1.87000,-2.13000,-0.99000,-125.94000,-84.14000
0.10000,0.39000,1.46000,-2.16000,-1.33000,-2.14000,-0.99000,-125.94000,-84.14000
0.09000,0.39000,1.43000,-2.84000,-1.16000,-2.13000,-0.99000,-107.70000,-91.44000
0.09000,0.38000,1.39000,-2.90000,-0.79000,-2.12000,-1.00000,-107.70000,-91.44000
0.09000,0.38000,1.35000,-2.80000,-0.73000,-2.11000,-1.02000,-95.95000,-97.90000
0.09000,0.37000,1.32000,-2.88000,-0.98000,-2.51000,-2.34000,-95.95000,-97.90000
0.09000,0.37000,1.29000,-3.05000,-1.54000,-3.15000,-3.18000,-107.04000,-128.86000
0.09000,0.36000,1.27000,-3.26000,-2.03000,-1.18000,-2.13000,-107.04000,-128.86000
0.09000,0.36000,1.25000,-3.42000,-2.53000,-1.02000,-2.11000,-71.09000,-110.16000
0.09000,0.35000,1.25000,-2.99000,-2.76000,-1.01000,-2.11000,-71.09000,-110.16000
0.08000,0.34000,1.26000,-2.12000,-2.86000,-1.01000,-2.12000,-61.59000,-99.87000
0.08000,0.34000,1.28000,-1.39000,-2.22000,-1.01000,-2.11000,-61.59000,-99.87000
0.08000,0.34000,1.28000,-0.93000,-1.29000,-1.02000,-2.11000,-73.81000,-103.93000
0.08000,0.34000,1.28000,-0.79000,-0.69000,-1.02000,-2.11000,-73.81000,-103.93000
0.08000,0.34000,1.27000,-0.56000,-0.06000,-1.02000,-2.11000,-80.65000,-126.26000
0.08000,0.34000,1.26000,-0.52000,0.00000,-1.02000,-2.11000,-80.65000,-126.26000
0.08000,0.33000,1.25000,-0.66000,-0.02000,-1.01000,-2.11000,-85.95000,-145.13000
0.08000,0.33000,1.24000,-0.95000,-0.52000,-1.01000,-2.12000,-85.95000,-145.13000
0.08000,0.33000,1.24000,-1.37000,-1.41000,-1.01000,-2.12000,-82.29000,-150.17000
0.08000,0.33000,1.26000,-1.37000,-2.24000,-1.01000,-2.12000,-82.29000,-150.17000
0.08000,0.32000,1.29000,-1.58000,-3.07000,-1.01000,-2.11000,-76.45000,-133.85000
0.08000,0.32000,1.31000,-1.74000,-3.05000,-1.02000,-2.11000,-76.45000,-133.85000
0.07000,0.31000,1.33000,-1.87000,-3.11000,-1.87000,-2.32000,-81.64000,-124.08000
0.07000,0.31000,1.35000,-1.93000,-3.01000,-3.22000,-3.25000,-81.64000,-124.08000
0.07000,0.30000,1.37000,-2.01000,-2.95000,-3.09000,-3.05000,-97.81000,-131.25000
0.07000,0.29000,1.38000,-2.32000,-2.82000,-2.25000,-1.65000,-97.81000,-131.25000
0.07000,0.29000,1.38000,-2.51000,-2.86000,-2.12000,-1.11000,-84.31000,-105.20000
0.07000,0.28000,1.39000,-2.47000,-2.97000,-2.11000,-1.03000,-84.31000,-105.20000
0.07000,0.28000,1.40000,-2.34000,-2.66000,-2.11000,-1.02000,-80.73000,-91.38000
0.07000,0.27000,1.40000,-1.85000,-2.08000,-2.11000,-1.02000,-80.73000,-91.38000
0.07000,0.27000,1.41000,-1.20000,-1.60000,-2.11000,-1.01000,-87.93000,-92.98000
0.07000,0.27000,1.42000,-0.58000,-1.18000,-2.11000,-1.01000,-87.93000,-92.98000
0.06000,0.27000,1.43000,-0.17000,-0.83000,-2.12000,-1.01000,-108.64000,-99.91000
0.06000,0.27000,1.44000,-0.12000,-0.73000,-2.12000,-1.00000,-108.64000,-99.91000
0.06000,0.26000,1.45000,-0.50000,-0.83000,-2.13000,-1.00000,-124.83000,-105.53000
0.06000,0.26000,1.44000,-1.37000,-1.10000,-2.13000,-0.99000,-124.83000,-105.53000
0.06000,0.26000,1.43000,-2.10000,-1.10000,-2.13000,-0.99000,-118.19000,-101.54000
0.06000,0.25000,1.40000,-2.47000,-1.08000,-2.12000,-1.00000,-118.19000,-101.54000
0.06000,0.25000,1.37000,-2.53000,-1.00000,-2.11000,-1.01000,-106.01000,-101.46000
0.06000,0.25000,1.34000,-2.26000,-0.29000,-2.11000,-1.03000,-106.01000,-101.46000
0.06000,0.24000,1.29000,-2.55000,-0.02000,-3.09000,-3.06000,-121.66000,-143.55000
0.06000,0.24000,1.25000,-3.11000,-0.60000,-1.45000,-2.19000,-121.66000,-143.55000
0.06000,0.23000,1.22000,-3.51000,-1.76000,-1.01000,-2.11000,-82.68000,-141.35000
0.06000,0.23000,1.21000,-2.84000,-2.28000,-1.00000,-2.13000,-82.68000,-141.35000
0.05000,0.22000,1.22000,-2.01000,-3.01000,-0.99000,-2.13000,-73.83000,-125.51000
0.05000,0.22000,1.26000,-1.00000,-3.07000,-1.00000,-2.13000,-73.83000,-125.51000
0.05000,0.22000,1.31000,-0.44000,-3.11000,-1.01000,-2.11000,-90.72000,-112.47000
0.05000,0.21000,1.35000,-0.66000,-2.82000,-1.96000,-2.35000,-90.72000,-112.47000
0.05000,0.21000,1.37000,-1.14000,-2.32000,-3.15000,-3.12000,-127.86000,-125.53000
0.05000,0.20000,1.37000,-2.05000,-2.34000,-2.19000,-1.44000,-127.86000,-125.53000
0.05000,0.20000,1.37000,-2.90000,-2.55000,-2.12000,-1.14000,-106.53000,-104.81000
0.05000,0.19000,1.36000,-2.70000,-2.41000,-2.18000,-1.38000,-106.53000,-104.81000
0.05000,0.19000,1.36000,-2.49000,-2.37000,-2.29000,-1.77000,-99.75000,-106.07000
0.04000,0.18000,1.36000,-2.47000,-2.41000,-2.34000,-1.93000,-99.75000,-106.07000
0.04000,0.18000,1.36000,-2.51000,-2.26000,-2.36000,-1.97000,-101.74000,-105.19000
0.04000,0.17000,1.35000,-2.86000,-2.30000,-2.54000,-2.41000,-101.74000,-105.19000
0.04000,0.16000,1.33000,-3.11000,-2.30000,-3.04000,-3.01000,-105.49000,-119.71000
0.04000,0.16000,1.32000,-3.42000,-2.59000,-3.30000,-3.27000,-105.49000,-119.71000
0.04000,0.15000,1.30000,-3.51000,-2.90000,-2.99000,-3.03000,-97.38000,-119.97000
0.04000,0.14000,1.29000,-3.38000,-2.76000,-2.10000,-2.41000,-97.38000,-119.97000
0.03000,0.14000,1.27000,-3.30000,-2.26000,-1.14000,-2.12000,-67.59000,-106.45000
0.03000,0.13000,1.25000,-2.72000,-1.62000,-1.02000,-2.11000,-67.59000,-106.45000
0.03000,0.13000,1.25000,-1.72000,-1.39000,-1.01000,-2.12000,-62.17000,-119.65000
0.03000,0.13000,1.26000,-0.87000,-1.43000,-1.01000,-2.12000,-62.17000,-119.65000
0.03000,0.13000,1.27000,-0.66000,-1.35000,-1.01000,-2.12000,-79.62000,-125.43000
0.03000,0.12000,1.28000,-1.02000,-1.29000,-1.01000,-2.11000,-79.62000,-125.43000
0.03000,0.12000,1.28000,-1.18000,-1.62000,-1.01000,-2.11000,-78.33000,-131.61000
0.03000,0.12000,1.29000,-1.33000,-1.72000,-1.02000,-2.11000,-78.33000,-131.61000
0.03000,0.11000,1.30000,-1.62000,-2.20000,-1.02000,-2.11000,-73.74000,-129.96000
0.02000,0.11000,1.32000,-1.41000,-2.43000,-1.04000,-2.11000,-73.74000,-129.96000
0.02000,0.10000,1.34000,-1.54000,-2.88000,-1.69000,-2.26000,-80.75000,-124.04000
0.02000,0.10000,1.36000,-1.85000,-2.82000,-3.21000,-3.24000,-80.75000,-124.04000
0.02000,0.09000,1.38000,-1.93000,-2.72000,-3.17000,-3.13000,-97.99000,-130.21000
0.02000,0.09000,1.39000,-2.28000,-3.19000,-2.46000,-2.23000,-97.99000,-130.21000
0.02000,0.08000,1.41000,-2.49000,-3.38000,-2.11000,-1.06000,-83.52000,-95.33000
0.02000,0.08000,1.42000,-2.18000,-2.91000,-2.11000,-1.02000,-83.52000,-95.33000
0.02000,0.07000,1.43000,-1.70000,-2.41000,-2.12000,-1.01000,-84.13000,-86.14000
0.02000,0.07000,1.45000,-0.91000,-1.74000,-2.12000,-1.00000,-84.13000,-86.14000
0.02000,0.07000,1.47000,-0.19000,-1.27000,-2.13000,-0.99000,-102.94000,-91.95000
0.02000,0.07000,1.48000,-0.02000,-0.69000,-2.14000,-0.99000,-102.94000,-91.95000
0.02000,0.07000,1.49000,-0.04000,-0.42000,-2.15000,-0.98000,-123.87000,-103.10000
0.02000,0.06000,1.48000,-0.89000,-0.39000,-2.15000,-0.97000,-123.87000,-103.10000
0.02000,0.06000,1.46000,-1.81000,-0.64000,-2.15000,-0.98000,-123.56000,-109.21000
0.02000,0.06000,1.43000,-2.20000,-0.91000,-2.14000,-0.98000,-123.56000,-109.21000
0.01000,0.05000,1.41000,-2.55000,-0.91000,-2.13000,-0.99000,-111.30000,-105.13000
0.01000,0.05000,1.37000,-2.24000,-0.52000,-2.13000,-1.00000,-111.30000,-105.13000
0.01000,0.05000,1.35000,-2.35000,-0.77000,-2.12000,-1.01000,-110.01000,-111.79000
0.01000,0.04000,1.31000,-2.93000,-1.08000,-2.11000,-1.02000,-110.01000,-111.79000
0.01000,0.04000,1.28000,-3.28000,-1.41000,-2.22000,-1.57000,-100.62000,-114.70000
0.01000,0.03000,1.25000,-3.32000,-1.54000,-3.29000,-3.27000,-100.62000,-114.70000
0.01000,0.03000,1.22000,-2.95000,-1.76000,-1.64000,-2.24000,-81.66000,-120.95000
0.01000,0.02000,1.22000,-2.22000,-2.12000,-1.02000,-2.11000,-81.66000,-120.95000
0.00000,0.02000,1.24000,-1.68000,-2.55000,-0.41000,0.44000,-69.66000,-76.24000
0.00000,0.02000,1.26000,-0.79000,-1.81000,-0.40000,0.42000,-69.66000,-76.24000
0.00000,0.01000,1.28000,0.00000,-1.02000,-0.38000,0.40000,-79.85000,-66.10000
0.00000,0.01000,1.28000,-0.04000,-0.12000,-0.36000,0.38000,-79.85000,-66.10000
0.00000,0.01000,1.28000,0.00000,0.00000,-0.36000,0.37000,-88.27000,-78.49000
0.00000,0.01000,1.28000,0.00000,-0.02000,-0.36000,0.37000,-88.27000,-78.49000
0.00000,0.01000,1.28000,0.00000,0.00000,-0.36000,0.37000,-90.79000,-77.06000
0.00000,0.01000,1.28000,0.00000,0.00000,-0.36000,0.37000,-90.79000,-77.06000
0.00000,0.01000,1.28000,0.00000,0.00000,-0.36000,0.37000,-92.94000,-75.00000
0.00000,0.01000,1.28000,0.00000,-0.02000,-0.36000,0.37000,-92.94000,-75.00000
0.00000,0.01000,1.28000,0.00000,0.00000,-0.36000,0.37000,-95.08000,-72.46000
0.00000,0.01000,1.28000,-0.04000,0.00000,-0.36000,0.37000,-95.08000,-72.46000
0.00000,0.01000,1.28000,0.00000,0.00000,-0.36000,0.37000,-96.62000,-70.38000
0.00000,0.01000,1.28000,0.00000,0.00000,-0.36000,0.37000,-96.62000,-70.38000
0.00000,0.01000,1.28000,0.00000,0.00000,-0.36000,0.37000,-99.15000,-68.13000
0.00000,0.01000,1.28000,0.00000,0.00000,-0.36000,0.37000,-99.15000,-68.13000
0.00000,0.01000,1.28000,0.00000,0.00000,-0.36000,0.37000,-101.30000,-65.89000
0.00000,0.01000,1.28000,0.00000,0.00000,-0.36000,0.37000,-101.30000,-65.89000
0.00000,0.01000,1.27000,-0.15000,0.00000,-0.36000,0.37000,-103.45000,-63.64000
0.00000,0.01000,1.27000,-0.50000,0.00000,-0.36000,0.38000,-103.45000,-63.64000
0.00000,0.01000,1.25000,-0.89000,0.00000,-0.38000,0.39000,-98.38000,-61.09000
0.00000,0.01000,1.25000,-0.10000,0.00000,-0.40000,0.42000,-98.38000,-61.09000
0.00000,0.01000,1.25000,0.00000,0.00000,-0.40000,0.42000,-103.91000,-58.28000
0.00000,0.01000,1.25000,0.00000,0.00000,-0.40000,0.42000,-103.91000,-58.28000
0.00000,0.01000,1.25000,0.00000,0.00000,-0.40000,0.42000,-107.23000,-55.74000
0.00000,0.01000,1.25000,0.00000,0.00000,-0.40000,0.42000,-107.23000,-55.74000
0.00000,0.01000,1.24000,-0.52000,0.00000,-0.40000,0.42000,-109.62000,-53.20000
0.00000,0.01000,1.21000,-1.54000,0.00000,-0.41000,0.44000,-109.62000,-53.20000
0.00000,0.01000,1.17000,-1.99000,0.00000,-0.43000,0.48000,-89.50000,-49.82000
0.00000,0.01000,1.14000,-2.08000,0.00000,-0.45000,0.53000,-89.50000,-49.82000
-0.00000,0.00000,1.10000,-1.79000,0.00000,-0.44000,0.58000,-74.89000,-45.50000
-0.00000,0.00000,1.08000,-1.54000,0.00000,-0.41000,0.63000,-74.89000,-45.50000
-0.00000,0.00000,1.05000,-1.31000,0.00000,-0.36000,0.68000,-71.95000,-40.49000
-0.00000,0.00000,1.03000,-1.27000,0.00000,-0.30000,0.74000,-71.95000,-40.49000
-0.00000,-0.00000,1.00000,-1.45000,0.00000,-0.22000,0.82000,-66.80000,-34.34000
-0.00000,-0.00000,0.98000,-1.25000,0.00000,-0.10000,0.93000,-66.80000,-34.34000
-0.00000,-0.00000,0.96000,-1.14000,0.00000,0.03000,1.05000,-57.15000,-25.96000
-0.01000,-0.00000,0.94000,-1.02000,0.00000,0.16000,1.18000,-57.15000,-25.96000
-0.01000,-0.00000,0.93000,-0.50000,0.00000,0.29000,1.30000,-49.04000,-15.87000
-0.01000,-0.00000,0.93000,0.00000,0.00000,0.34000,1.37000,-49.04000,-15.87000
-0.01000,-0.00000,0.93000,0.00000,0.00000,0.34000,1.37000,-55.63000,-7.02000
-0.01000,-0.00000,0.93000,0.00000,0.00000,0.34000,1.37000,-55.63000,-7.02000
-0.01000,-0.00000,0.93000,-0.04000,0.00000,0.34000,1.37000,-53.56000,1.20000
-0.01000,-0.00000,0.93000,0.00000,0.00000,0.35000,1.38000,-53.56000,1.20000
-0.01000,-0.00000,0.93000,-0.04000,0.00000,0.35000,1.38000,-51.43000,9.52000
-0.01000,-0.00000,0.93000,0.00000,0.00000,0.35000,1.38000,-51.43000,9.52000
-0.01000,-0.00000,0.93000,-0.02000,0.00000,0.35000,1.38000,-49.27000,17.87000
-0.01000,-0.00000,0.93000,-0.02000,0.00000,0.36000,1.39000,-49.27000,17.87000
-0.01000,-0.00000,0.93000,0.00000,0.00000,0.36000,1.39000,-46.77000,26.25000
-0.01000,-0.00000,0.93000,0.00000,0.00000,0.36000,1.39000,-46.77000,26.25000
-0.01000,-0.00000,0.93000,0.00000,0.00000,0.36000,1.39000,-44.81000,34.59000
-0.01000,-0.00000,0.93000,0.00000,0.00000,0.36000,1.39000,-44.81000,34.59000
-0.01000,-0.00000,0.93000,0.00000,0.00000,0.36000,1.39000,-42.66000,42.92000
-0.01000,-0.00000,0.93000,0.00000,0.00000,0.36000,1.39000,-42.66000,42.92000
-0.01000,-0.00000,0.93000,0.00000,0.00000,0.36000,1.39000,-40.51000,51.25000
-0.01000,-0.00000,0.93000,0.00000,0.00000,0.36000,1.39000,-40.51000,51.25000
-0.01000,-0.00000,0.93000,0.00000,0.00000,0.36000,1.39000,-38.37000,59.58000
-0.01000,-0.00000,0.93000,0.00000,0.00000,0.36000,1.39000,-38.37000,59.58000
-0.01000,-0.00000,0.93000,0.00000,0.00000,0.36000,1.39000,-36.22000,67.92000
-0.01000,-0.00000,0.93000,0.00000,0.00000,0.36000,1.39000,-36.22000,67.92000
-0.01000,-0.00000,0.93000,0.00000,0.00000,0.36000,1.39000,-34.07000,76.25000
-0.01000,-0.00000,0.93000,0.00000,0.00000,0.36000,1.39000,-34.07000,76.25000
-0.01000,-0.00000,0.93000,0.00000,0.00000,0.36000,1.39000,-31.93000,84.58000
-0.01000,-0.00000,0.93000,0.00000,0.00000,0.36000,1.39000,-31.93000,84.58000
-0.01000,-0.00000,0.93000,0.00000,0.00000,0.36000,1.39000,-29.78000,92.91000
-0.01000,-0.00000,0.93000,0.00000,0.00000,0.36000,1.39000,-29.78000,92.91000
-0.01000,-0.00000,0.93000,0.00000,0.06000,0.36000,1.39000,-27.63000,101.25000
-0.01000,-0.00000,0.91000,0.00000,0.98000,0.36000,1.40000,-27.63000,101.25000
-0.00000,-0.00000,0.89000,0.00000,1.00000,0.46000,1.51000,-24.00000,96.75000
-0.00000,-0.00000,0.88000,0.00000,0.96000,0.54000,1.61000,-24.00000,96.75000
-0.00000,-0.00000,0.86000,0.00000,1.16000,0.61000,1.70000,-18.99000,103.06000
-0.00000,-0.00000,0.83000,0.00000,1.37000,0.68000,1.79000,-18.99000,103.06000
-0.00000,0.00000,0.81000,0.00000,1.31000,0.75000,1.88000,-13.18000,104.07000
0.00000,0.00000,0.78000,0.00000,1.54000,0.80000,1.95000,-13.18000,104.07000
0.00000,0.00000,0.75000,0.00000,1.68000,0.84000,2.02000,-7.30000,106.69000
0.00000,0.00000,0.72000,0.00000,1.78000,0.87000,2.07000,-7.30000,106.69000
0.00000,0.01000,0.68000,0.00000,2.05000,0.89000,2.12000,-1.54000,107.31000
0.01000,0.01000,0.64000,0.00000,2.26000,0.90000,2.15000,-1.54000,107.31000
0.01000,0.01000,0.59000,0.00000,2.51000,0.91000,2.18000,4.02000,103.10000
0.01000,0.01000,0.54000,0.00000,2.82000,0.90000,2.20000,4.02000,103.10000
0.01000,0.01000,0.49000,0.00000,2.80000,0.91000,2.21000,9.48000,94.63000
0.02000,0.01000,0.44000,0.00000,2.61000,0.91000,2.21000,9.48000,94.63000
0.02000,0.02000,0.40000,0.00000,2.66000,0.91000,2.21000,14.97000,94.12000
0.02000,0.02000,0.35000,0.00000,2.45000,0.91000,2.21000,14.97000,94.12000
0.02000,0.02000,0.31000,0.00000,2.32000,0.92000,2.21000,20.55000,94.12000
0.03000,0.02000,0.27000,0.00000,2.37000,0.93000,2.20000,20.55000,94.12000
0.03000,0.02000,0.23000,0.00000,2.18000,0.94000,2.18000,26.44000,93.54000
0.03000,0.02000,0.19000,0.00000,2.05000,0.97000,2.16000,26.44000,93.54000
0.03000,0.02000,0.15000,0.00000,2.20000,1.00000,2.13000,32.91000,96.26000
0.04000,0.02000,0.11000,0.00000,2.05000,1.05000,2.08000,32.91000,96.26000
0.04000,0.02000,0.07000,0.00000,2.22000,1.11000,2.02000,40.53000,95.09000
0.04000,0.02000,0.03000,0.00000,2.14000,1.20000,1.93000,40.53000,95.09000
0.04000,0.02000,-0.00000,0.00000,2.18000,1.31000,1.81000,50.24000,90.52000
0.05000,0.02000,-0.04000,0.02000,1.99000,2.17000,2.37000,50.24000,90.52000
0.05000,0.02000,-0.07000,0.00000,1.79000,3.18000,3.17000,85.77000,111.09000
0.05000,0.02000,-0.10000,0.31000,1.99000,1.76000,1.43000,85.77000,111.09000
0.05000,0.02000,-0.12000,1.12000,2.28000,1.84000,1.29000,80.23000,89.94000
0.06000,0.02000,-0.14000,1.20000,2.22000,1.90000,1.22000,80.23000,89.94000
0.06000,0.02000,-0.15000,1.41000,1.89000,1.95000,1.17000,77.73000,80.56000
0.07000,0.02000,-0.15000,1.49000,1.60000,1.97000,1.15000,77.73000,80.56000
0.07000,0.02000,-0.15000,1.14000,1.10000,1.98000,1.14000,78.27000,83.20000
0.07000,0.02000,-0.16000,0.91000,1.12000,1.98000,1.15000,78.27000,83.20000
0.07000,0.02000,-0.16000,0.81000,1.20000,1.99000,1.14000,90.03000,87.51000
0.07000,0.02000,-0.16000,0.91000,0.95000,2.01000,1.12000,90.03000,87.51000
0.08000,0.02000,-0.16000,0.83000,0.87000,2.01000,1.12000,96.78000,89.84000
0.08000,0.02000,-0.17000,0.87000,1.08000,2.01000,1.12000,96.78000,89.84000
0.08000,0.02000,-0.17000,1.08000,1.29000,2.02000,1.11000,104.12000,88.79000
0.08000,0.02000,-0.17000,1.31000,1.12000,2.03000,1.10000,104.12000,88.79000
0.09000,0.02000,-0.16000,1.56000,1.12000,2.02000,1.11000,104.51000,88.30000
0.09000,0.01000,-0.15000,1.91000,1.31000,2.01000,1.12000,104.51000,88.30000
0.09000,0.01000,-0.14000,1.87000,1.27000,1.98000,1.14000,99.22000,85.93000
0.10000,0.01000,-0.13000,1.87000,1.12000,1.96000,1.16000,99.22000,85.93000
0.10000,0.01000,-0.12000,1.68000,1.27000,1.93000,1.20000,99.45000,88.57000
0.10000,0.01000,-0.10000,1.89000,1.14000,1.91000,1.22000,99.45000,88.57000
0.11000,0.01000,-0.09000,1.83000,0.95000,1.87000,1.25000,98.66000,89.58000
0.11000,0.01000,-0.08000,1.66000,1.00000,1.82000,1.30000,98.66000,89.58000
0.11000,0.01000,-0.07000,1.54000,1.18000,1.78000,1.34000,100.64000,93.75000
0.12000,0.01000,-0.06000,1.66000,1.22000,1.76000,1.37000,100.64000,93.75000
0.12000,0.01000,-0.05000,2.12000,1.16000,1.76000,1.42000,100.98000,93.51000
0.12000,0.01000,-0.03000,2.12000,1.33000,2.39000,2.19000,100.98000,93.51000
0.13000,0.01000,-0.02000,2.08000,1.37000,3.12000,3.11000,115.12000,118.47000
0.13000,0.01000,-0.01000,2.03000,1.83000,3.28000,3.28000,115.12000,118.47000
0.14000,0.01000,-0.02000,1.95000,2.37000,3.25000,3.26000,124.40000,123.90000
0.14000,0.01000,-0.03000,2.57000,2.86000,3.27000,3.27000,124.40000,123.90000
0.15000,0.01000,-0.03000,3.03000,3.11000,3.20000,3.20000,122.91000,116.07000
0.16000,0.01000,-0.03000,3.32000,3.15000,3.17000,3.16000,122.91000,116.07000
0.16000,0.01000,-0.01000,3.90000,3.26000,3.23000,3.22000,115.81000,114.06000
0.17000,0.01000,0.01000,4.32000,3.15000,3.25000,3.25000,115.81000,114.06000
0.18000,0.01000,0.03000,4.69000,3.20000,2.20000,2.39000,84.86000,102.06000
0.19000,0.01000,0.06000,4.44000,3.11000,1.36000,1.77000,84.86000,102.06000
0.20000,0.01000,0.08000,3.96000,3.01000,1.27000,1.85000,56.36000,90.01000
0.20000,0.01000,0.08000,3.18000,2.70000,1.22000,1.91000,56.36000,90.01000
0.21000,0.01000,0.08000,2.30000,2.47000,1.19000,1.94000,55.11000,89.91000
0.21000,0.01000,0.07000,1.56000,2.16000,1.19000,1.93000,55.11000,89.91000
0.22000,0.01000,0.05000,0.95000,2.01000,1.22000,1.90000,67.98000,92.96000
0.22000,0.01000,0.03000,1.20000,2.10000,1.28000,1.85000,67.98000,92.96000
0.22000,0.01000,0.02000,1.37000,1.95000,1.33000,1.80000,72.86000,90.73000
0.23000,0.01000,0.01000,1.33000,2.03000,1.37000,1.76000,72.86000,90.73000
0.23000,0.01000,0.01000,1.68000,1.85000,1.50000,1.80000,74.26000,89.90000
0.24000,0.01000,0.01000,1.89000,1.81000,1.58000,1.86000,74.26000,89.90000
0.24000,0.01000,0.02000,1.99000,1.68000,1.52000,1.81000,67.21000,92.15000
0.24000,0.01000,0.02000,1.81000,1.72000,1.42000,1.76000,67.21000,92.15000
0.25000,0.01000,0.02000,1.76000,1.64000,1.40000,1.75000,64.45000,92.54000
0.25000,0.01000,0.01000,1.62000,1.97000,1.38000,1.76000,64.45000,92.54000
0.26000,0.01000,0.01000,1.45000,1.83000,1.43000,1.76000,65.33000,89.12000
0.26000,0.01000,0.00000,1.51000,1.66000,1.59000,1.86000,65.33000,89.12000
0.26000,0.01000,-0.01000,1.06000,1.70000,1.69000,1.95000,69.68000,95.41000
0.27000,0.01000,-0.02000,0.95000,1.68000,2.66000,2.69000,69.68000,95.41000
0.27000,0.01000,-0.04000,1.08000,1.87000,3.20000,3.20000,101.72000,115.62000
0.27000,0.01000,-0.06000,1.31000,2.47000,3.24000,3.23000,101.72000,115.62000
0.28000,0.01000,-0.09000,1.31000,2.93000,2.29000,2.07000,96.21000,95.97000
0.28000,0.01000,-0.12000,1.35000,3.05000,1.78000,1.34000,96.21000,95.97000
0.29000,0.01000,-0.14000,1.25000,2.68000,1.89000,1.24000,95.46000,72.38000
0.29000,0.01000,-0.15000,1.51000,1.74000,1.96000,1.17000,95.46000,72.38000
0.29000,0.01000,-0.13000,1.95000,1.16000,1.97000,1.15000,97.43000,79.85000
0.30000,0.01000,-0.11000,2.03000,1.08000,1.94000,1.19000,97.43000,79.85000
0.30000,0.01000,-0.09000,2.12000,1.00000,1.89000,1.23000,91.24000,87.47000
0.31000,0.01000,-0.07000,2.16000,0.98000,1.83000,1.29000,91.24000,87.47000
0.31000,0.01000,-0.06000,1.97000,1.10000,1.76000,1.37000,86.56000,91.99000
0.31000,0.01000,-0.05000,1.60000,1.41000,1.87000,1.60000,86.56000,91.99000
0.32000,0.01000,-0.05000,1.62000,1.33000,2.00000,1.75000,96.21000,93.56000
0.32000,0.01000,-0.05000,1.58000,1.58000,2.34000,2.14000,96.21000,93.56000
0.32000,0.01000,-0.04000,1.83000,1.49000,2.32000,2.12000,103.77000,98.58000
0.33000,0.01000,-0.03000,2.08000,1.54000,2.70000,2.67000,103.77000,98.58000
0.33000,0.01000,-0.02000,2.37000,1.70000,3.13000,3.12000,112.84000,117.48000
0.34000,0.01000,-0.02000,2.22000,2.16000,3.28000,3.28000,112.84000,117.48000
0.34000,0.01000,-0.03000,2.26000,2.68000,3.28000,3.28000,119.22000,120.04000
0.35000,0.01000,-0.03000,2.66000,2.64000,3.24000,3.24000,119.22000,120.04000
0.35000,0.01000,-0.03000,3.11000,3.03000,3.24000,3.24000,118.52000,119.02000
0.36000,0.01000,-0.02000,3.44000,3.32000,3.26000,3.26000,118.52000,119.02000
0.37000,0.01000,-0.01000,3.97000,3.36000,3.28000,3.28000,110.73000,112.92000
0.38000,0.01000,0.01000,4.30000,3.24000,3.18000,3.19000,110.73000,112.92000
0.39000,0.01000,0.03000,4.63000,3.34000,1.99000,2.21000,77.64000,97.93000
0.40000,0.01000,0.05000,4.34000,3.24000,1.36000,1.77000,77.64000,97.93000
0.40000,0.01000,0.07000,3.78000,2.89000,1.28000,1.84000,52.58000,86.17000
0.41000,0.01000,0.07000,2.91000,2.64000,1.23000,1.90000,52.58000,86.17000
0.41000,0.01000,0.06000,1.87000,2.26000,1.21000,1.91000,54.68000,87.94000
0.42000,0.01000,0.05000,1.35000,2.03000,1.23000,1.90000,54.68000,87.94000
0.42000,0.01000,0.03000,0.85000,1.85000,1.26000,1.86000,68.61000,91.87000
0.42000,0.01000,0.02000,1.16000,2.08000,1.32000,1.81000,68.61000,91.87000
0.43000,0.01000,0.01000,1.54000,1.99000,1.38000,1.76000,72.66000,88.63000
0.43000,0.01000,0.00000,1.62000,1.93000,1.45000,1.77000,72.66000,88.63000
0.44000,0.01000,0.01000,1.95000,1.70000,1.58000,1.86000,70.07000,90.41000
0.44000,0.01000,0.01000,1.89000,1.76000,1.45000,1.77000,70.07000,90.41000
0.44000,0.01000,0.02000,1.97000,1.60000,1.42000,1.76000,63.36000,90.95000
0.45000,0.01000,0.02000,1.74000,1.74000,1.37000,1.76000,63.36000,90.95000
0.45000,0.01000,0.01000,1.62000,1.76000,1.36000,1.76000,61.93000,91.34000
0.46000,0.01000,0.00000,1.41000,2.01000,1.37000,1.76000,61.93000,91.34000
0.46000,0.01000,-0.01000,1.35000,1.85000,1.47000,1.78000,66.28000,87.70000
0.46000,0.01000,-0.02000,1.22000,1.81000,1.83000,2.07000,66.28000,87.70000
0.47000,0.01000,-0.03000,1.06000,1.68000,2.72000,2.75000,88.16000,103.93000
0.47000,0.01000,-0.04000,1.43000,1.91000,3.18000,3.18000,88.16000,103.93000
0.47000,0.01000,-0.04000,1.78000,2.10000,3.28000,3.28000,102.44000,116.03000
0.48000,0.01000,-0.05000,1.99000,2.55000,3.25000,3.25000,102.44000,116.03000
0.49000,0.01000,-0.07000,2.24000,2.97000,3.00000,2.99000,100.94000,110.19000
0.49000,0.01000,-0.08000,2.41000,2.99000,2.18000,1.95000,100.94000,110.19000
0.50000,0.01000,-0.09000,2.45000,3.07000,1.77000,1.45000,82.32000,83.27000
0.50000,0.01000,-0.10000,2.12000,2.72000,1.77000,1.36000,82.32000,83.27000
0.51000,0.01000,-0.10000,1.79000,2.14000,1.81000,1.31000,83.42000,76.02000
0.51000,0.01000,-0.10000,1.87000,1.76000,1.83000,1.29000,83.42000,76.02000
0.52000,0.01000,-0.10000,1.72000,1.47000,1.83000,1.29000,85.65000,81.54000
0.52000,0.01000,-0.09000,1.60000,1.25000,1.82000,1.30000,85.65000,81.54000
0.52000,0.01000,-0.08000,1.49000,0.89000,1.80000,1.32000,89.05000,86.93000
0.52000,0.01000,-0.07000,1.68000,0.85000,1.77000,1.36000,89.05000,86.93000
0.53000,0.01000,-0.05000,1.72000,1.06000,1.79000,1.48000,88.83000,95.75000
0.53000,0.01000,-0.05000,1.64000,1.43000,2.31000,2.10000,88.83000,95.75000
0.53000,0.01000,-0.05000,1.76000,1.49000,2.52000,2.45000,101.07000,105.30000
0.54000,0.00000,-0.05000,1.58000,1.66000,2.81000,2.79000,101.07000,105.30000
0.54000,0.00000,-0.06000,1.47000,2.12000,2.70000,2.66000,109.94000,111.21000
0.55000,0.00000,-0.07000,1.74000,2.24000,1.93000,1.66000,109.94000,111.21000
0.55000,0.00000,-0.07000,2.30000,2.49000,1.76000,1.42000,100.06000,89.80000
0.56000,0.00000,-0.07000,2.41000,2.45000,1.76000,1.38000,100.06000,89.80000
0.56000,0.00000,-0.06000,2.53000,2.12000,1.76000,1.37000,90.25000,81.04000
0.57000,0.00000,-0.05000,2.57000,1.72000,1.75000,1.41000,90.25000,81.04000
0.57000,0.00000,-0.02000,2.78000,1.29000,2.11000,1.87000,89.11000,93.03000
0.58000,0.00000,0.00000,2.86000,1.41000,3.27000,3.26000,89.11000,93.03000
0.58000,0.00000,0.04000,3.20000,1.47000,2.54000,2.58000,88.42000,109.23000
0.59000,0.00000,0.06000,3.28000,2.01000,1.35000,1.78000,88.42000,109.23000
0.59000,0.00000,0.07000,3.28000,2.47000,1.27000,1.86000,61.13000,96.39000
0.60000,0.00000,0.08000,2.88000,2.53000,1.21000,1.91000,61.13000,96.39000
0.61000,0.00000,0.08000,2.34000,2.45000,1.18000,1.94000,53.72000,88.93000
0.61000,0.00000,0.07000,1.62000,2.32000,1.18000,1.95000,53.72000,88.93000
0.61000,0.00000,0.05000,1.20000,2.12000,1.20000,1.93000,62.74000,88.28000
0.62000,0.01000,0.03000,1.04000,1.93000,1.24000,1.89000,62.74000,88.28000
0.62000,0.01000,0.02000,1.00000,1.97000,1.28000,1.85000,70.10000,90.62000
0.62000,0.01000,0.01000,1.29000,1.81000,1.33000,1.80000,70.10000,90.62000
0.63000,0.01000,0.00000,1.37000,1.66000,1.36000,1.77000,68.99000,90.85000
0.63000,0.01000,-0.00000,1.49000,1.54000,1.37000,1.76000,68.99000,90.85000
0.63000,0.01000,0.00000,1.74000,1.70000,1.37000,1.76000,66.45000,94.57000
0.64000,0.01000,-0.00000,1.66000,1.87000,1.36000,1.77000,66.45000,94.57000
0.64000,0.01000,-0.01000,1.66000,1.76000,1.36000,1.77000,63.12000,91.01000
0.65000,0.01000,-0.01000,1.51000,1.87000,1.36000,1.77000,63.12000,91.01000
0.65000,0.01000,-0.03000,1.06000,1.83000,1.38000,1.76000,63.78000,90.26000
0.65000,0.01000,-0.04000,0.95000,1.81000,1.55000,1.84000,63.78000,90.26000
0.66000,0.00000,-0.05000,1.12000,1.68000,2.60000,2.64000,89.67000,103.73000
0.66000,0.00000,-0.06000,1.58000,1.97000,3.08000,3.09000,89.67000,103.73000
0.66000,0.00000,-0.06000,2.14000,2.07000,3.23000,3.24000,99.68000,115.21000
0.67000,0.00000,-0.06000,2.51000,2.43000,3.20000,3.21000,99.68000,115.21000
0.68000,0.00000,-0.05000,2.95000,2.80000,3.16000,3.17000,94.51000,114.90000
0.68000,0.00000,-0.06000,2.88000,3.05000,3.04000,3.06000,94.51000,114.90000
0.69000,0.00000,-0.07000,2.64000,3.18000,3.08000,3.10000,91.68000,108.93000
0.70000,0.00000,-0.08000,2.37000,3.13000,3.25000,3.26000,91.68000,108.93000
0.70000,0.00000,-0.10000,2.32000,3.20000,3.20000,3.19000,102.35000,109.39000
0.71000,0.00000,-0.11000,2.53000,3.30000,2.39000,2.19000,102.35000,109.39000
0.71000,0.00000,-0.12000,2.76000,3.32000,1.75000,1.39000,83.22000,80.18000
