0.00000,0.73000,0.00000,0.00000,0.00000,-0.00000,0.00000,-0.00000,0.00000
0.00000,0.73000,0.00000,0.00000,0.00000,3.28000,3.28000,-0.00000,0.00000
0.00000,0.73000,0.00000,0.00000,0.00000,-0.94000,-2.18000,-14.16000,-32.73000
0.00000,0.73000,0.00000,0.00000,0.00000,-0.94000,-2.18000,-14.16000,-32.73000
0.00000,0.73000,0.00000,0.00000,0.00000,-0.94000,-2.18000,-19.83000,-45.83000
0.00000,0.73000,0.00000,0.00000,0.00000,-0.94000,-2.18000,-19.83000,-45.83000
0.00000,0.73000,0.00000,0.00000,0.00000,-0.94000,-2.18000,-25.49000,-58.92000
-0.00000,0.73000,0.00000,0.00000,-0.06000,-0.94000,-2.18000,-25.49000,-58.92000
-0.00000,0.73000,0.00000,-0.02000,-0.02000,-0.94000,-2.18000,-31.16000,-71.07000
-0.00000,0.73000,0.00000,0.00000,0.00000,-0.94000,-2.18000,-31.16000,-71.07000
-0.00000,0.73000,0.00000,0.00000,0.00000,-0.94000,-2.18000,-36.83000,-84.72000
-0.00000,0.73000,0.00000,-0.02000,0.00000,-0.94000,-2.18000,-36.83000,-84.72000
-0.00000,0.73000,0.00000,0.00000,0.00000,-0.94000,-2.18000,-42.18000,-97.82000
-0.00000,0.73000,0.00000,0.00000,-0.23000,-0.94000,-2.18000,-42.18000,-97.82000
-0.00000,0.73000,0.02000,0.00000,-0.83000,-0.95000,-2.18000,-48.06000,-107.46000
-0.00000,0.73000,0.05000,0.00000,-1.43000,-0.95000,-2.17000,-48.06000,-107.46000
-0.01000,0.73000,0.08000,0.00000,-2.16000,-0.96000,-2.16000,-53.97000,-100.87000
-0.01000,0.73000,0.13000,0.00000,-2.37000,-0.98000,-2.15000,-53.97000,-100.87000
-0.01000,0.73000,0.17000,0.00000,-2.47000,-1.00000,-2.13000,-60.25000,-90.72000
-0.01000,0.73000,0.21000,-0.02000,-2.22000,-1.01000,-2.11000,-60.25000,-90.72000
-0.02000,0.73000,0.25000,-0.02000,-1.93000,-1.63000,-2.24000,-75.46000,-93.21000
-0.02000,0.73000,0.27000,-0.37000,-1.68000,-3.27000,-3.25000,-75.46000,-93.21000
-0.02000,0.73000,0.28000,-1.31000,-1.64000,-2.35000,-1.95000,-90.60000,-97.04000
-0.02000,0.73000,0.27000,-2.12000,-1.68000,-2.17000,-1.36000,-90.60000,-97.04000
-0.03000,0.73000,0.25000,-2.84000,-1.99000,-2.41000,-2.12000,-77.29000,-101.18000
-0.04000,0.73000,0.24000,-3.05000,-2.22000,-3.15000,-3.12000,-77.29000,-101.18000
-0.04000,0.72000,0.23000,-2.86000,-2.53000,-3.25000,-3.28000,-77.60000,-113.08000
-0.05000,0.72000,0.24000,-2.76000,-3.03000,-3.15000,-3.18000,-77.60000,-113.08000
-0.05000,0.72000,0.25000,-2.74000,-3.26000,-3.23000,-3.26000,-82.93000,-107.06000
-0.06000,0.72000,0.26000,-2.66000,-3.38000,-3.27000,-3.25000,-82.93000,-107.06000
-0.07000,0.72000,0.27000,-2.78000,-3.40000,-2.92000,-2.87000,-82.61000,-97.28000
-0.07000,0.72000,0.27000,-2.80000,-3.03000,-2.30000,-1.80000,-82.61000,-97.28000
-0.08000,0.71000,0.27000,-2.76000,-2.76000,-2.18000,-1.38000,-70.86000,-77.21000
-0.09000,0.71000,0.27000,-2.39000,-2.37000,-2.17000,-1.35000,-70.86000,-77.21000
-0.09000,0.71000,0.27000,-1.95000,-1.81000,-2.17000,-1.35000,-73.20000,-76.77000
-0.09000,0.71000,0.27000,-1.54000,-1.47000,-2.21000,-1.52000,-73.20000,-76.77000
-0.10000,0.71000,0.27000,-1.43000,-1.18000,-2.23000,-1.60000,-85.65000,-87.82000
-0.10000,0.71000,0.27000,-1.18000,-1.14000,-2.40000,-2.07000,-85.65000,-87.82000
-0.10000,0.71000,0.26000,-1.14000,-1.04000,-2.42000,-2.14000,-97.98000,-101.70000
-0.10000,0.71000,0.26000,-1.37000,-0.93000,-2.51000,-2.35000,-97.98000,-101.70000
-0.11000,0.71000,0.25000,-1.27000,-0.85000,-2.96000,-2.91000,-110.67000,-122.38000
-0.11000,0.71000,0.24000,-1.47000,-1.12000,-3.20000,-3.17000,-110.67000,-122.38000
-0.11000,0.71000,0.23000,-2.03000,-1.37000,-3.28000,-3.26000,-123.52000,-136.63000
-0.12000,0.70000,0.22000,-2.41000,-1.83000,-3.16000,-3.19000,-123.52000,-136.63000
-0.12000,0.70000,0.22000,-2.74000,-2.66000,-2.73000,-2.79000,-112.02000,-131.87000
-0.13000,0.70000,0.22000,-2.61000,-2.84000,-2.60000,-2.68000,-112.02000,-131.87000
-0.13000,0.70000,0.23000,-2.66000,-3.11000,-2.84000,-2.90000,-112.60000,-124.01000
-0.14000,0.70000,0.24000,-3.07000,-3.36000,-3.15000,-3.18000,-112.60000,-124.01000
-0.15000,0.70000,0.23000,-3.36000,-3.32000,-3.24000,-3.26000,-113.03000,-122.06000
-0.16000,0.70000,0.23000,-3.40000,-3.30000,-3.23000,-3.25000,-113.03000,-122.06000
-0.16000,0.69000,0.24000,-3.30000,-3.44000,-3.20000,-3.22000,-108.42000,-121.81000
-0.17000,0.69000,0.24000,-3.17000,-3.65000,-3.23000,-3.26000,-108.42000,-121.81000
-0.18000,0.69000,0.26000,-2.80000,-3.57000,-3.28000,-3.25000,-111.87000,-116.52000
-0.18000,0.69000,0.27000,-2.78000,-3.44000,-2.93000,-2.88000,-111.87000,-116.52000
-0.19000,0.69000,0.28000,-2.76000,-3.28000,-2.27000,-1.72000,-103.27000,-94.23000
-0.20000,0.68000,0.28000,-2.74000,-2.70000,-2.12000,-1.12000,-103.27000,-94.23000
-0.20000,0.68000,0.26000,-2.95000,-1.76000,-2.12000,-1.11000,-98.55000,-86.02000
-0.21000,0.68000,0.22000,-3.24000,-1.00000,-2.84000,-2.78000,-98.55000,-86.02000
-0.21000,0.68000,0.17000,-3.32000,-0.75000,-2.62000,-2.70000,-94.94000,-125.83000
-0.22000,0.68000,0.13000,-3.32000,-1.24000,-1.01000,-2.11000,-94.94000,-125.83000
-0.22000,0.68000,0.11000,-3.24000,-1.99000,-1.00000,-2.13000,-65.67000,-123.70000
-0.23000,0.68000,0.11000,-2.49000,-2.57000,-0.99000,-2.14000,-65.67000,-123.70000
-0.23000,0.68000,0.13000,-1.99000,-2.99000,-0.99000,-2.14000,-64.04000,-109.25000
-0.24000,0.68000,0.15000,-1.83000,-2.72000,-0.99000,-2.13000,-64.04000,-109.25000
-0.24000,0.68000,0.16000,-1.54000,-2.41000,-1.00000,-2.12000,-65.17000,-104.27000
-0.25000,0.68000,0.18000,-1.62000,-2.41000,-1.01000,-2.12000,-65.17000,-104.27000
-0.25000,0.68000,0.19000,-1.45000,-2.37000,-1.01000,-2.11000,-63.48000,-105.20000
-0.26000,0.67000,0.21000,-1.45000,-2.49000,-1.02000,-2.11000,-63.48000,-105.20000
-0.26000,0.67000,0.24000,-1.27000,-2.61000,-1.06000,-2.11000,-62.99000,-102.13000
-0.26000,0.67000,0.26000,-1.22000,-2.61000,-2.71000,-2.78000,-62.99000,-102.13000
-0.27000,0.67000,0.28000,-1.37000,-2.59000,-3.27000,-3.24000,-97.18000,-114.92000
-0.27000,0.67000,0.30000,-1.95000,-2.70000,-2.37000,-2.02000,-97.18000,-114.92000
-0.28000,0.67000,0.31000,-2.24000,-2.97000,-2.11000,-1.09000,-81.26000,-85.15000
-0.28000,0.67000,0.32000,-1.87000,-2.53000,-2.11000,-1.02000,-81.26000,-85.15000
-0.29000,0.67000,0.33000,-1.66000,-2.01000,-2.11000,-1.01000,-83.42000,-76.87000
-0.29000,0.66000,0.33000,-1.45000,-1.54000,-2.11000,-1.01000,-83.42000,-76.87000
-0.29000,0.66000,0.32000,-1.29000,-1.04000,-2.11000,-1.01000,-91.17000,-82.65000
-0.30000,0.66000,0.31000,-1.45000,-0.79000,-2.11000,-1.01000,-91.17000,-82.65000
-0.30000,0.66000,0.30000,-1.29000,-0.73000,-2.11000,-1.02000,-95.04000,-90.77000
-0.30000,0.66000,0.29000,-1.14000,-0.50000,-2.11000,-1.02000,-95.04000,-90.77000
-0.30000,0.66000,0.27000,-1.16000,-0.08000,-2.11000,-1.06000,-103.64000,-97.10000
-0.30000,0.66000,0.25000,-0.91000,0.00000,-2.51000,-2.34000,-103.64000,-97.10000
-0.30000,0.66000,0.24000,-0.75000,-0.02000,-3.22000,-3.19000,-129.51000,-139.93000
-0.30000,0.66000,0.23000,-1.10000,-0.73000,-3.23000,-3.26000,-129.51000,-139.93000
-0.31000,0.66000,0.23000,-1.95000,-1.70000,-3.09000,-3.12000,-138.63000,-147.19000
-0.31000,0.66000,0.22000,-2.74000,-2.24000,-2.90000,-2.95000,-138.63000,-147.19000
-0.32000,0.66000,0.22000,-3.30000,-3.01000,-2.11000,-2.41000,-111.34000,-128.19000
-0.33000,0.65000,0.21000,-3.26000,-3.15000,-1.46000,-2.19000,-111.34000,-128.19000
-0.34000,0.65000,0.21000,-3.36000,-3.26000,-1.26000,-2.15000,-86.95000,-111.52000
-0.34000,0.65000,0.21000,-3.11000,-3.15000,-1.13000,-2.12000,-86.95000,-111.52000
-0.35000,0.65000,0.22000,-2.49000,-2.82000,-1.11000,-2.12000,-74.91000,-105.04000
-0.35000,0.65000,0.24000,-1.74000,-2.72000,-1.27000,-2.15000,-74.91000,-105.04000
-0.36000,0.65000,0.27000,-0.85000,-2.43000,-2.78000,-2.84000,-108.53000,-116.21000
-0.36000,0.65000,0.29000,-1.33000,-2.68000,-3.19000,-3.16000,-108.53000,-116.21000
-0.37000,0.65000,0.30000,-2.01000,-2.84000,-2.17000,-1.36000,-111.81000,-95.37000
-0.37000,0.64000,0.30000,-2.74000,-2.61000,-2.11000,-1.03000,-111.81000,-95.37000
-0.38000,0.64000,0.29000,-2.91000,-2.26000,-2.11000,-1.03000,-94.72000,-83.38000
-0.38000,0.64000,0.28000,-2.53000,-1.97000,-2.11000,-1.09000,-94.72000,-83.38000
-0.39000,0.64000,0.27000,-2.05000,-1.31000,-2.20000,-1.47000,-95.43000,-90.23000
-0.39000,0.64000,0.26000,-1.51000,-1.22000,-2.79000,-2.73000,-95.43000,-90.23000
-0.39000,0.64000,0.26000,-1.56000,-1.29000,-3.02000,-2.98000,-121.03000,-121.05000
-0.40000,0.64000,0.25000,-2.18000,-1.62000,-3.16000,-3.13000,-121.03000,-121.05000
-0.40000,0.64000,0.22000,-3.40000,-1.99000,-3.29000,-3.27000,-124.20000,-130.00000
-0.41000,0.63000,0.19000,-4.07000,-2.20000,-2.30000,-2.49000,-124.20000,-130.00000
-0.42000,0.63000,0.16000,-4.32000,-2.51000,-1.02000,-2.11000,-68.43000,-113.77000
-0.42000,0.63000,0.14000,-3.67000,-2.80000,-1.00000,-2.12000,-68.43000,-113.77000
-0.43000,0.63000,0.14000,-2.72000,-2.86000,-0.99000,-2.13000,-55.66000,-104.55000
-0.43000,0.63000,0.16000,-1.62000,-2.72000,-0.99000,-2.14000,-55.66000,-104.55000
-0.44000,0.63000,0.19000,-0.89000,-2.61000,-0.99000,-2.13000,-70.40000,-101.75000
-0.44000,0.63000,0.22000,-1.14000,-2.51000,-1.00000,-2.12000,-70.40000,-101.75000
-0.45000,0.63000,0.23000,-1.70000,-2.43000,-1.01000,-2.11000,-74.09000,-101.10000
-0.45000,0.63000,0.24000,-1.91000,-2.61000,-1.01000,-2.11000,-74.09000,-101.10000
-0.46000,0.63000,0.25000,-2.16000,-2.59000,-1.02000,-2.11000,-61.86000,-97.07000
-0.46000,0.62000,0.26000,-1.95000,-2.59000,-1.02000,-2.11000,-61.86000,-97.07000
-0.47000,0.62000,0.28000,-1.66000,-2.61000,-1.02000,-2.11000,-55.92000,-94.33000
-0.47000,0.62000,0.30000,-1.20000,-2.43000,-1.03000,-2.11000,-55.92000,-94.33000
-0.47000,0.62000,0.33000,-0.87000,-2.20000,-1.51000,-2.21000,-68.92000,-95.42000
-0.48000,0.62000,0.35000,-1.04000,-2.28000,-3.11000,-3.14000,-68.92000,-95.42000
-0.48000,0.62000,0.37000,-1.25000,-2.18000,-3.19000,-3.16000,-98.39000,-110.51000
-0.48000,0.62000,0.37000,-1.91000,-2.30000,-2.11000,-1.01000,-98.39000,-110.51000
-0.49000,0.61000,0.37000,-2.70000,-2.63000,-2.12000,-1.01000,-82.20000,-83.23000
-0.50000,0.61000,0.36000,-2.53000,-2.12000,-2.12000,-1.01000,-82.20000,-83.23000
-0.50000,0.61000,0.35000,-1.95000,-1.02000,-2.12000,-1.01000,-74.08000,-78.28000
-0.50000,0.61000,0.33000,-1.25000,-0.12000,-2.11000,-1.01000,-74.08000,-78.28000
-0.50000,0.61000,0.32000,-0.58000,-0.06000,-2.11000,-1.05000,-90.74000,-102.10000
-0.50000,0.61000,0.32000,-0.08000,0.00000,-2.15000,-1.28000,-90.74000,-102.10000
-0.50000,0.61000,0.32000,-0.04000,0.00000,-2.17000,-1.37000,-114.33000,-114.37000
-0.50000,0.61000,0.32000,-0.04000,-0.02000,-2.19000,-1.43000,-114.33000,-114.37000
-0.50000,0.61000,0.31000,-0.56000,0.00000,-2.19000,-1.45000,-127.80000,-123.52000
-0.50000,0.61000,0.28000,-1.33000,0.00000,-2.62000,-2.54000,-127.80000,-123.52000
-0.51000,0.61000,0.24000,-2.26000,0.00000,-3.27000,-3.29000,-137.50000,-159.99000
-0.51000,0.61000,0.21000,-2.90000,-1.00000,-1.07000,-2.11000,-137.50000,-159.99000
-0.52000,0.61000,0.19000,-3.40000,-2.70000,-1.01000,-2.11000,-91.68000,-147.14000
-0.52000,0.60000,0.20000,-3.03000,-3.51000,-1.01000,-2.12000,-91.68000,-147.14000
-0.53000,0.60000,0.22000,-2.64000,-3.90000,-1.01000,-2.12000,-78.40000,-116.24000
-0.54000,0.60000,0.25000,-2.30000,-3.92000,-1.02000,-2.11000,-78.40000,-116.24000
-0.54000,0.60000,0.28000,-1.95000,-3.57000,-1.30000,-2.15000,-81.49000,-102.25000
-0.55000,0.60000,0.30000,-1.78000,-2.93000,-3.22000,-3.25000,-81.49000,-102.25000
-0.55000,0.60000,0.33000,-1.54000,-2.76000,-3.04000,-3.00000,-109.44000,-119.34000
-0.56000,0.60000,0.35000,-1.62000,-2.76000,-2.14000,-1.21000,-109.44000,-119.34000
-0.56000,0.59000,0.36000,-2.30000,-2.90000,-2.11000,-1.02000,-105.43000,-92.51000
-0.57000,0.59000,0.35000,-2.72000,-2.47000,-2.11000,-1.01000,-105.43000,-92.51000
-0.57000,0.59000,0.35000,-2.49000,-2.08000,-2.11000,-1.01000,-91.89000,-86.35000
-0.58000,0.59000,0.34000,-1.99000,-1.60000,-2.11000,-1.02000,-91.89000,-86.35000
-0.58000,0.59000,0.34000,-1.41000,-1.39000,-2.11000,-1.02000,-99.07000,-90.80000
-0.58000,0.59000,0.34000,-1.18000,-1.10000,-2.11000,-1.02000,-99.07000,-90.80000
-0.58000,0.59000,0.33000,-1.31000,-0.87000,-2.11000,-1.02000,-111.89000,-94.83000
-0.59000,0.59000,0.32000,-1.31000,-0.79000,-2.11000,-1.05000,-111.89000,-94.83000
-0.59000,0.58000,0.29000,-2.05000,-0.66000,-2.15000,-1.26000,-116.17000,-102.54000
-0.59000,0.58000,0.25000,-2.68000,-0.46000,-3.16000,-3.12000,-116.17000,-102.54000
-0.60000,0.58000,0.19000,-3.65000,-0.39000,-1.76000,-2.28000,-94.86000,-125.74000
-0.60000,0.58000,0.14000,-3.84000,-0.95000,-1.01000,-2.12000,-94.86000,-125.74000
-0.61000,0.58000,0.11000,-3.49000,-1.78000,-0.98000,-2.14000,-60.32000,-127.10000
-0.61000,0.58000,0.11000,-2.66000,-2.37000,-0.97000,-2.16000,-60.32000,-127.10000
-0.62000,0.58000,0.12000,-1.83000,-2.78000,-0.97000,-2.16000,-60.66000,-113.34000
-0.62000,0.58000,0.15000,-1.54000,-2.74000,-0.97000,-2.15000,-60.66000,-113.34000
-0.63000,0.58000,0.17000,-1.35000,-2.55000,-0.98000,-2.14000,-67.55000,-106.28000
-0.63000,0.58000,0.18000,-1.43000,-2.18000,-0.99000,-2.14000,-67.55000,-106.28000
-0.64000,0.58000,0.18000,-1.54000,-1.60000,-0.99000,-2.13000,-65.95000,-110.89000
-0.64000,0.58000,0.19000,-1.58000,-1.80000,-0.99000,-2.13000,-65.95000,-110.89000
-0.64000,0.58000,0.20000,-1.33000,-2.08000,-0.99000,-2.13000,-61.17000,-116.19000
-0.65000,0.57000,0.22000,-1.16000,-2.45000,-1.00000,-2.12000,-61.17000,-116.19000
-0.65000,0.57000,0.25000,-1.20000,-2.74000,-1.01000,-2.12000,-64.13000,-108.31000
-0.66000,0.57000,0.28000,-1.16000,-2.95000,-1.02000,-2.11000,-64.13000,-108.31000
-0.66000,0.57000,0.32000,-1.29000,-3.07000,-2.23000,-2.46000,-81.49000,-103.99000
-0.67000,0.57000,0.34000,-1.78000,-2.93000,-3.24000,-3.21000,-81.49000,-103.99000
-0.67000,0.57000,0.35000,-2.12000,-2.86000,-2.36000,-1.98000,-80.52000,-94.12000
-0.68000,0.57000,0.36000,-2.34000,-2.74000,-2.11000,-1.08000,-80.52000,-94.12000
-0.68000,0.56000,0.36000,-2.30000,-2.55000,-2.11000,-1.03000,-71.75000,-76.99000
-0.69000,0.56000,0.36000,-2.03000,-1.99000,-2.11000,-1.02000,-71.75000,-76.99000
-0.69000,0.56000,0.35000,-1.45000,-0.98000,-2.11000,-1.02000,-74.98000,-77.81000
-0.69000,0.56000,0.34000,-1.06000,-0.31000,-2.11000,-1.03000,-74.98000,-77.81000
-0.69000,0.56000,0.33000,-0.44000,0.00000,-2.16000,-1.34000,-90.93000,-101.98000
-0.69000,0.56000,0.33000,-0.21000,0.00000,-2.41000,-2.10000,-90.93000,-101.98000
-0.69000,0.56000,0.32000,-0.33000,0.00000,-2.61000,-2.52000,-117.04000,-130.54000
-0.69000,0.56000,0.30000,-1.02000,0.00000,-2.96000,-2.91000,-117.04000,-130.54000
-0.69000,0.56000,0.28000,-1.97000,-0.60000,-3.27000,-3.29000,-129.12000,-157.21000
-0.70000,0.56000,0.27000,-2.49000,-2.01000,-2.08000,-2.40000,-129.12000,-157.21000
-0.71000,0.56000,0.27000,-2.95000,-2.97000,-1.25000,-2.15000,-90.34000,-129.59000
-0.71000,0.55000,0.28000,-2.64000,-3.30000,-1.22000,-2.14000,-90.34000,-129.59000
-0.72000,0.55000,0.31000,-1.68000,-3.32000,-2.20000,-2.45000,-94.95000,-115.63000
-0.72000,0.55000,0.35000,-1.43000,-3.40000,-3.28000,-3.25000,-94.95000,-115.63000
-0.73000,0.55000,0.38000,-1.39000,-3.07000,-2.12000,-1.12000,-109.18000,-89.12000
-0.73000,0.55000,0.38000,-1.93000,-2.30000,-2.11000,-1.01000,-109.18000,-89.12000
-0.74000,0.55000,0.36000,-2.86000,-1.66000,-2.11000,-1.01000,-105.77000,-90.24000
-0.74000,0.54000,0.32000,-3.28000,-1.18000,-2.11000,-1.02000,-105.77000,-90.24000
-0.75000,0.54000,0.29000,-3.34000,-1.29000,-2.58000,-2.48000,-93.58000,-121.32000
-0.75000,0.54000,0.27000,-2.95000,-1.78000,-3.04000,-3.08000,-93.58000,-121.32000
-0.76000,0.54000,0.27000,-2.39000,-2.68000,-1.30000,-2.16000,-75.18000,-115.22000
-0.76000,0.54000,0.30000,-1.68000,-3.13000,-1.61000,-2.24000,-75.18000,-115.22000
-0.77000,0.54000,0.34000,-0.62000,-2.86000,-3.23000,-3.26000,-113.25000,-113.73000
-0.77000,0.54000,0.38000,-0.12000,-2.57000,-2.15000,-1.29000,-113.25000,-113.73000
-0.77000,0.53000,0.40000,-1.10000,-2.24000,-2.12000,-1.01000,-129.16000,-89.16000
-0.78000,0.53000,0.39000,-2.55000,-1.74000,-2.12000,-1.00000,-129.16000,-89.16000
-0.78000,0.53000,0.35000,-3.49000,-1.20000,-2.12000,-1.01000,-104.79000,-92.20000
-0.79000,0.53000,0.30000,-3.59000,-0.85000,-2.11000,-1.02000,-104.79000,-92.20000
-0.79000,0.53000,0.24000,-3.65000,-0.52000,-3.26000,-3.23000,-103.66000,-134.50000
-0.80000,0.53000,0.19000,-3.96000,-1.16000,-1.02000,-2.11000,-103.66000,-134.50000
-0.80000,0.52000,0.16000,-4.09000,-2.32000,-1.00000,-2.12000,-62.22000,-127.53000
-0.81000,0.52000,0.15000,-3.26000,-2.86000,-0.98000,-2.14000,-62.22000,-127.53000
-0.82000,0.52000,0.16000,-2.37000,-3.11000,-0.98000,-2.15000,-54.69000,-108.13000
-0.82000,0.52000,0.19000,-1.62000,-2.86000,-0.98000,-2.15000,-54.69000,-108.13000
-0.83000,0.52000,0.21000,-1.08000,-2.45000,-0.99000,-2.14000,-65.73000,-103.72000
-0.83000,0.52000,0.23000,-1.10000,-2.08000,-0.99000,-2.13000,-65.73000,-103.72000
-0.83000,0.52000,0.24000,-1.27000,-2.08000,-1.00000,-2.12000,-69.92000,-110.98000
-0.84000,0.52000,0.26000,-1.43000,-2.14000,-1.00000,-2.12000,-69.92000,-110.98000
-0.84000,0.52000,0.27000,-1.56000,-2.51000,-1.01000,-2.12000,-64.47000,-110.25000
-0.85000,0.52000,0.30000,-1.39000,-2.78000,-1.01000,-2.11000,-64.47000,-110.25000
-0.85000,0.51000,0.33000,-1.18000,-2.74000,-1.02000,-2.11000,-62.76000,-100.30000
-0.85000,0.51000,0.36000,-1.27000,-2.86000,-1.94000,-2.35000,-62.76000,-100.30000
-0.86000,0.51000,0.38000,-1.22000,-2.78000,-3.27000,-3.29000,-96.13000,-112.84000
-0.86000,0.51000,0.40000,-1.91000,-2.72000,-2.35000,-1.95000,-96.13000,-112.84000
-0.87000,0.51000,0.40000,-2.70000,-2.95000,-2.11000,-1.05000,-81.07000,-83.90000
-0.87000,0.50000,0.40000,-2.97000,-2.76000,-2.11000,-1.02000,-81.07000,-83.90000
-0.88000,0.50000,0.39000,-2.74000,-2.20000,-2.11000,-1.02000,-66.37000,-72.82000
-0.88000,0.50000,0.37000,-2.05000,-1.12000,-2.11000,-1.02000,-66.37000,-72.82000
-0.88000,0.50000,0.35000,-1.41000,-0.29000,-2.11000,-1.06000,-74.92000,-87.51000
-0.89000,0.50000,0.34000,-0.66000,0.00000,-2.44000,-2.19000,-74.92000,-87.51000
-0.89000,0.50000,0.33000,-0.33000,0.00000,-3.06000,-3.02000,-110.33000,-133.38000
-0.89000,0.50000,0.33000,-0.83000,-0.37000,-3.21000,-3.18000,-110.33000,-133.38000
-0.89000,0.50000,0.32000,-1.78000,-1.43000,-3.30000,-3.27000,-125.77000,-149.66000
-0.90000,0.50000,0.32000,-2.34000,-2.28000,-3.22000,-3.25000,-125.77000,-149.66000
-0.90000,0.49000,0.32000,-2.82000,-3.03000,-3.18000,-3.21000,-116.13000,-137.51000
-0.91000,0.49000,0.33000,-3.05000,-3.55000,-3.01000,-3.05000,-116.13000,-137.51000
-0.92000,0.49000,0.35000,-3.03000,-3.90000,-3.23000,-3.26000,-111.28000,-124.77000
-0.92000,0.49000,0.36000,-3.13000,-3.73000,-3.17000,-3.14000,-111.28000,-124.77000
-0.93000,0.48000,0.36000,-3.51000,-3.53000,-2.71000,-2.63000,-103.31000,-110.87000
-0.94000,0.48000,0.35000,-3.57000,-3.28000,-2.65000,-2.57000,-103.31000,-110.87000
-0.94000,0.48000,0.35000,-3.26000,-3.13000,-2.93000,-2.88000,-97.48000,-114.76000
-0.95000,0.48000,0.36000,-2.72000,-3.09000,-3.01000,-2.97000,-97.48000,-114.76000
-0.96000,0.47000,0.37000,-2.37000,-3.01000,-2.62000,-2.54000,-101.86000,-110.04000
-0.96000,0.47000,0.38000,-2.14000,-2.90000,-2.16000,-1.32000,-101.86000,-110.04000
-0.97000,0.47000,0.40000,-2.05000,-2.70000,-2.11000,-1.03000,-102.23000,-86.90000
-0.97000,0.47000,0.40000,-2.10000,-2.14000,-2.11000,-1.02000,-102.23000,-86.90000
-0.97000,0.47000,0.38000,-1.89000,-1.08000,-2.11000,-1.02000,-102.70000,-86.96000
-0.98000,0.47000,0.35000,-1.74000,-0.02000,-2.11000,-1.03000,-102.70000,-86.96000
-0.98000,0.47000,0.32000,-1.79000,0.00000,-2.88000,-2.82000,-119.57000,-139.06000
-0.98000,0.47000,0.29000,-2.28000,-0.68000,-3.03000,-3.06000,-119.57000,-139.06000
-0.99000,0.46000,0.26000,-3.24000,-1.66000,-1.06000,-2.11000,-91.08000,-135.23000
-0.99000,0.46000,0.24000,-3.61000,-2.26000,-1.01000,-2.11000,-91.08000,-135.23000
-1.00000,0.46000,0.23000,-3.46000,-2.86000,-1.00000,-2.12000,-62.96000,-120.32000
-1.01000,0.46000,0.23000,-2.80000,-3.09000,-1.00000,-2.13000,-62.96000,-120.32000
-1.01000,0.46000,0.25000,-1.99000,-3.09000,-1.00000,-2.13000,-59.37000,-107.09000
-1.02000,0.46000,0.27000,-1.58000,-2.55000,-1.01000,-2.12000,-59.37000,-107.09000
-1.02000,0.46000,0.29000,-1.22000,-2.34000,-1.01000,-2.11000,-67.12000,-109.19000
-1.02000,0.45000,0.31000,-1.31000,-2.43000,-1.02000,-2.11000,-67.12000,-109.19000
-1.03000,0.45000,0.33000,-1.62000,-2.53000,-1.20000,-2.13000,-70.63000,-108.76000
-1.03000,0.45000,0.34000,-1.66000,-2.61000,-2.65000,-2.72000,-70.63000,-108.76000
-1.04000,0.45000,0.36000,-1.78000,-2.84000,-3.25000,-3.27000,-95.37000,-121.27000
-1.04000,0.45000,0.38000,-2.20000,-3.07000,-3.03000,-2.98000,-95.37000,-121.27000
-1.05000,0.44000,0.38000,-2.99000,-3.21000,-2.23000,-1.58000,-81.53000,-92.97000
-1.06000,0.44000,0.38000,-2.90000,-2.97000,-2.14000,-1.23000,-81.53000,-92.97000
-1.06000,0.44000,0.38000,-2.72000,-2.68000,-2.12000,-1.15000,-69.57000,-79.15000
-1.07000,0.44000,0.38000,-2.34000,-2.12000,-2.12000,-1.14000,-69.57000,-79.15000
-1.07000,0.44000,0.37000,-1.89000,-1.66000,-2.15000,-1.27000,-73.65000,-82.79000
-1.07000,0.44000,0.37000,-1.43000,-1.27000,-2.21000,-1.50000,-73.65000,-82.79000
-1.07000,0.43000,0.36000,-1.00000,-0.69000,-2.28000,-1.75000,-88.13000,-97.63000
-1.08000,0.43000,0.35000,-1.10000,-0.27000,-2.53000,-2.38000,-88.13000,-97.63000
-1.08000,0.43000,0.34000,-1.27000,-0.52000,-3.19000,-3.16000,-111.90000,-136.71000
-1.08000,0.43000,0.33000,-1.58000,-1.20000,-3.24000,-3.27000,-111.90000,-136.71000
-1.08000,0.43000,0.32000,-2.16000,-1.81000,-3.12000,-3.15000,-116.17000,-139.85000
-1.09000,0.43000,0.33000,-2.20000,-2.37000,-2.85000,-2.90000,-116.17000,-139.85000
-1.10000,0.43000,0.33000,-2.41000,-2.82000,-2.97000,-3.02000,-113.93000,-132.10000
-1.10000,0.43000,0.35000,-2.45000,-3.13000,-3.19000,-3.21000,-113.93000,-132.10000
-1.11000,0.42000,0.36000,-2.47000,-3.36000,-3.27000,-3.25000,-119.35000,-127.98000
-1.11000,0.42000,0.38000,-2.72000,-3.44000,-2.77000,-2.70000,-119.35000,-127.98000
-1.12000,0.42000,0.38000,-3.15000,-3.40000,-2.16000,-1.33000,-103.59000,-95.27000
-1.13000,0.42000,0.37000,-3.36000,-2.74000,-2.12000,-1.10000,-103.59000,-95.27000
-1.13000,0.41000,0.35000,-3.22000,-2.32000,-2.23000,-1.59000,-91.65000,-97.06000
-1.14000,0.41000,0.34000,-2.55000,-2.12000,-2.98000,-2.93000,-91.65000,-97.06000
-1.14000,0.41000,0.34000,-2.07000,-1.95000,-3.20000,-3.17000,-111.53000,-123.21000
-1.15000,0.41000,0.34000,-2.20000,-2.16000,-3.24000,-3.21000,-111.53000,-123.21000
-1.15000,0.41000,0.34000,-2.28000,-2.37000,-3.24000,-3.22000,-121.38000,-129.60000
-1.16000,0.40000,0.35000,-2.30000,-2.51000,-3.21000,-3.19000,-121.38000,-129.60000
-1.16000,0.40000,0.35000,-2.57000,-2.51000,-3.11000,-3.08000,-124.14000,-128.61000
-1.17000,0.40000,0.34000,-2.80000,-2.45000,-3.13000,-3.09000,-124.14000,-128.61000
-1.17000,0.40000,0.33000,-2.99000,-2.24000,-3.25000,-3.22000,-123.55000,-135.08000
-1.18000,0.40000,0.31000,-3.59000,-2.47000,-3.21000,-3.23000,-123.55000,-135.08000
-1.19000,0.39000,0.28000,-4.38000,-2.88000,-1.92000,-2.34000,-94.45000,-126.16000
-1.20000,0.39000,0.26000,-4.32000,-3.26000,-1.02000,-2.11000,-94.45000,-126.16000
-1.20000,0.39000,0.25000,-4.03000,-3.74000,-1.01000,-2.12000,-59.91000,-110.24000
-1.21000,0.39000,0.26000,-3.24000,-3.57000,-1.00000,-2.12000,-59.91000,-110.24000
-1.22000,0.39000,0.28000,-2.49000,-3.71000,-1.00000,-2.12000,-56.09000,-98.83000
-1.22000,0.38000,0.31000,-1.70000,-3.44000,-1.00000,-2.12000,-56.09000,-98.83000
-1.23000,0.38000,0.35000,-1.12000,-2.88000,-1.01000,-2.11000,-65.87000,-91.87000
-1.23000,0.38000,0.37000,-0.98000,-2.59000,-1.02000,-2.11000,-65.87000,-91.87000
-1.23000,0.38000,0.40000,-0.98000,-2.20000,-1.87000,-2.32000,-85.44000,-99.73000
-1.24000,0.38000,0.41000,-1.60000,-2.18000,-3.17000,-3.20000,-85.44000,-99.73000
-1.24000,0.38000,0.41000,-2.22000,-2.22000,-3.29000,-3.27000,-102.89000,-118.58000
-1.25000,0.37000,0.40000,-2.80000,-2.61000,-3.29000,-3.27000,-102.89000,-118.58000
-1.26000,0.37000,0.40000,-3.26000,-3.15000,-3.26000,-3.23000,-94.53000,-118.06000
-1.26000,0.37000,0.40000,-3.28000,-3.36000,-3.28000,-3.25000,-94.53000,-118.06000
-1.27000,0.37000,0.40000,-3.36000,-3.09000,-3.26000,-3.24000,-90.16000,-110.61000
-1.27000,0.36000,0.39000,-3.05000,-2.80000,-3.30000,-3.27000,-90.16000,-110.61000
-1.28000,0.36000,0.40000,-2.16000,-2.61000,-3.24000,-3.27000,-93.20000,-118.77000
-1.28000,0.36000,0.42000,-1.31000,-2.45000,-3.28000,-3.25000,-93.20000,-118.77000
-1.29000,0.36000,0.45000,-1.41000,-2.61000,-2.50000,-2.32000,-109.32000,-112.56000
-1.29000,0.36000,0.46000,-1.66000,-2.72000,-2.11000,-1.04000,-109.32000,-112.56000
-1.30000,0.35000,0.47000,-2.07000,-2.66000,-2.11000,-1.01000,-105.34000,-88.19000
-1.30000,0.35000,0.47000,-2.28000,-2.12000,-2.11000,-1.01000,-105.34000,-88.19000
-1.31000,0.35000,0.46000,-2.37000,-1.72000,-2.11000,-1.01000,-98.76000,-86.94000
-1.31000,0.35000,0.44000,-2.16000,-0.95000,-2.11000,-1.01000,-98.76000,-86.94000
-1.31000,0.35000,0.41000,-2.41000,-0.75000,-2.11000,-1.04000,-99.50000,-98.20000
-1.32000,0.34000,0.38000,-2.74000,-1.20000,-2.98000,-2.94000,-99.50000,-98.20000
-1.32000,0.34000,0.36000,-2.74000,-1.49000,-3.11000,-3.14000,-105.48000,-126.44000
-1.33000,0.34000,0.35000,-2.59000,-2.10000,-1.34000,-2.16000,-105.48000,-126.44000
-1.33000,0.34000,0.35000,-2.59000,-2.72000,-1.05000,-2.11000,-79.06000,-109.21000
-1.34000,0.34000,0.36000,-2.20000,-2.88000,-1.06000,-2.11000,-79.06000,-109.21000
-1.34000,0.33000,0.39000,-1.51000,-2.72000,-1.55000,-2.22000,-83.23000,-99.15000
-1.34000,0.33000,0.41000,-0.85000,-2.39000,-3.14000,-3.17000,-83.23000,-99.15000
-1.35000,0.33000,0.44000,-0.50000,-1.95000,-2.92000,-2.87000,-120.06000,-112.35000
-1.35000,0.33000,0.45000,-1.14000,-1.60000,-2.11000,-1.05000,-120.06000,-112.35000
-1.35000,0.33000,0.43000,-2.41000,-1.54000,-2.11000,-1.02000,-115.92000,-99.38000
-1.36000,0.33000,0.40000,-2.74000,-1.04000,-2.13000,-1.16000,-115.92000,-99.38000
-1.36000,0.33000,0.37000,-2.97000,-1.04000,-3.22000,-3.19000,-114.43000,-136.84000
-1.37000,0.32000,0.34000,-3.38000,-1.74000,-2.05000,-2.39000,-114.43000,-136.84000
-1.37000,0.32000,0.31000,-3.98000,-2.74000,-1.02000,-2.11000,-74.68000,-122.93000
-1.38000,0.32000,0.30000,-3.76000,-3.15000,-1.01000,-2.12000,-74.68000,-122.93000
-1.39000,0.32000,0.31000,-2.97000,-3.49000,-1.00000,-2.12000,-54.67000,-104.18000
-1.39000,0.31000,0.33000,-2.10000,-3.07000,-1.01000,-2.12000,-54.67000,-104.18000
-1.40000,0.31000,0.36000,-1.37000,-2.84000,-1.01000,-2.11000,-63.16000,-99.09000
-1.40000,0.31000,0.38000,-1.22000,-2.63000,-1.02000,-2.11000,-63.16000,-99.09000
-1.41000,0.31000,0.41000,-1.18000,-2.68000,-2.04000,-2.38000,-85.14000,-103.94000
-1.41000,0.31000,0.43000,-1.62000,-2.66000,-3.27000,-3.29000,-85.14000,-103.94000
-1.42000,0.31000,0.44000,-2.22000,-2.59000,-2.88000,-2.82000,-96.70000,-108.71000
-1.42000,0.30000,0.44000,-2.72000,-2.74000,-2.44000,-2.18000,-96.70000,-108.71000
-1.43000,0.30000,0.43000,-3.07000,-2.91000,-2.37000,-2.01000,-80.18000,-96.27000
-1.43000,0.30000,0.43000,-2.99000,-2.74000,-2.45000,-2.22000,-80.18000,-96.27000
-1.44000,0.30000,0.43000,-2.68000,-2.57000,-2.65000,-2.57000,-78.25000,-100.26000
-1.44000,0.29000,0.43000,-2.43000,-2.61000,-2.71000,-2.63000,-78.25000,-100.26000
-1.45000,0.29000,0.43000,-2.20000,-2.49000,-2.45000,-2.20000,-81.58000,-95.58000
-1.45000,0.29000,0.43000,-2.01000,-1.66000,-2.21000,-1.51000,-81.58000,-95.58000
-1.45000,0.29000,0.41000,-1.89000,-1.02000,-2.39000,-2.06000,-87.10000,-105.37000
-1.46000,0.29000,0.39000,-1.95000,-0.66000,-3.13000,-3.10000,-87.10000,-105.37000
-1.46000,0.29000,0.37000,-1.70000,-0.73000,-3.11000,-3.14000,-101.06000,-138.91000
-1.46000,0.28000,0.37000,-1.78000,-1.58000,-1.76000,-2.28000,-101.06000,-138.91000
-1.47000,0.28000,0.38000,-1.62000,-2.55000,-1.34000,-2.17000,-84.01000,-125.44000
-1.47000,0.28000,0.41000,-1.24000,-2.80000,-2.79000,-2.85000,-84.01000,-125.44000
-1.48000,0.28000,0.45000,-1.10000,-2.95000,-3.21000,-3.18000,-117.46000,-125.83000
-1.48000,0.28000,0.48000,-1.18000,-3.15000,-2.11000,-1.07000,-117.46000,-125.83000
-1.49000,0.27000,0.50000,-2.03000,-3.05000,-2.12000,-1.01000,-113.76000,-90.26000
-1.49000,0.27000,0.50000,-2.53000,-2.63000,-2.12000,-1.00000,-113.76000,-90.26000
-1.50000,0.27000,0.49000,-2.65000,-2.09000,-2.13000,-1.00000,-99.34000,-84.97000
-1.50000,0.27000,0.48000,-2.51000,-1.74000,-2.13000,-1.00000,-99.34000,-84.97000
-1.50000,0.26000,0.45000,-2.66000,-1.35000,-2.13000,-1.00000,-97.19000,-88.55000
-1.51000,0.26000,0.43000,-2.72000,-1.24000,-2.12000,-1.01000,-97.19000,-88.55000
-1.51000,0.26000,0.40000,-2.74000,-1.14000,-2.11000,-1.01000,-91.56000,-91.75000
-1.51000,0.26000,0.38000,-2.28000,-1.14000,-2.11000,-1.02000,-91.56000,-91.75000
-1.52000,0.26000,0.36000,-1.99000,-1.25000,-2.15000,-1.25000,-94.95000,-95.53000
-1.52000,0.26000,0.35000,-1.87000,-1.24000,-2.46000,-2.23000,-94.95000,-95.53000
-1.52000,0.26000,0.34000,-1.83000,-1.29000,-2.97000,-2.92000,-112.72000,-119.71000
-1.53000,0.25000,0.35000,-1.70000,-1.89000,-3.21000,-3.19000,-112.72000,-119.71000
-1.53000,0.25000,0.35000,-2.07000,-2.22000,-3.10000,-3.07000,-123.85000,-122.32000
-1.54000,0.25000,0.35000,-2.45000,-2.63000,-2.91000,-2.86000,-123.85000,-122.32000
-1.54000,0.25000,0.35000,-2.86000,-2.63000,-1.00000,-2.12000,-89.50000,-104.04000
-1.55000,0.25000,0.34000,-2.61000,-1.95000,-1.00000,-2.13000,-89.50000,-104.04000
-1.55000,0.25000,0.33000,-2.12000,-1.56000,-0.99000,-2.13000,-78.18000,-111.37000
-1.56000,0.24000,0.32000,-2.12000,-1.54000,-0.99000,-2.14000,-78.18000,-111.37000
-1.56000,0.24000,0.31000,-2.03000,-1.76000,-0.98000,-2.14000,-75.76000,-118.86000
-1.57000,0.24000,0.31000,-2.03000,-2.03000,-0.98000,-2.15000,-75.76000,-118.86000
-1.57000,0.24000,0.32000,-1.99000,-2.20000,-0.98000,-2.15000,-70.11000,-115.10000
-1.57000,0.24000,0.32000,-1.83000,-2.32000,-0.98000,-2.15000,-70.11000,-115.10000
-1.58000,0.24000,0.33000,-1.78000,-2.22000,-0.98000,-2.15000,-66.93000,-111.40000
-1.58000,0.24000,0.34000,-1.66000,-2.14000,-0.98000,-2.14000,-66.93000,-111.40000
-1.59000,0.23000,0.35000,-1.62000,-2.39000,-0.98000,-2.14000,-64.43000,-113.07000
-1.59000,0.23000,0.37000,-1.49000,-2.59000,-0.99000,-2.14000,-64.43000,-113.07000
-1.60000,0.23000,0.40000,-1.41000,-2.84000,-1.00000,-2.13000,-63.03000,-106.05000
-1.60000,0.23000,0.43000,-1.51000,-2.97000,-1.01000,-2.12000,-63.03000,-106.05000
-1.60000,0.23000,0.46000,-1.35000,-3.13000,-1.01000,-2.11000,-60.01000,-97.36000
-1.61000,0.22000,0.49000,-1.29000,-2.91000,-1.30000,-2.16000,-60.01000,-97.36000
-1.61000,0.22000,0.51000,-1.39000,-2.61000,-3.22000,-3.25000,-93.50000,-110.20000
-1.62000,0.22000,0.53000,-1.76000,-2.74000,-2.99000,-2.95000,-93.50000,-110.20000
-1.62000,0.22000,0.53000,-2.57000,-2.95000,-2.17000,-1.36000,-82.21000,-86.49000
-1.63000,0.21000,0.53000,-2.72000,-2.43000,-2.11000,-1.08000,-82.21000,-86.49000
-1.63000,0.21000,0.51000,-2.59000,-1.49000,-2.13000,-1.17000,-69.71000,-80.08000
-1.63000,0.21000,0.49000,-2.12000,-0.79000,-2.86000,-2.80000,-69.71000,-80.08000
-1.64000,0.21000,0.46000,-1.62000,-0.21000,-3.23000,-3.26000,-91.78000,-128.44000
-1.64000,0.21000,0.44000,-1.83000,-0.77000,-1.61000,-2.24000,-91.78000,-128.44000
-1.64000,0.21000,0.43000,-2.07000,-1.54000,-1.03000,-2.11000,-69.71000,-126.25000
-1.65000,0.20000,0.44000,-1.74000,-2.32000,-1.02000,-2.11000,-69.71000,-126.25000
-1.65000,0.20000,0.47000,-0.95000,-2.61000,-1.02000,-2.11000,-66.11000,-110.94000
-1.65000,0.20000,0.51000,-0.25000,-2.61000,-2.43000,-2.55000,-66.11000,-110.94000
-1.66000,0.20000,0.56000,0.00000,-2.64000,-2.85000,-2.79000,-111.61000,-115.57000
-1.66000,0.20000,0.61000,-0.25000,-2.66000,-2.11000,-1.01000,-111.61000,-115.57000
-1.66000,0.20000,0.62000,-1.56000,-2.49000,-2.13000,-1.00000,-116.37000,-89.08000
-1.67000,0.19000,0.62000,-2.30000,-2.16000,-2.14000,-0.99000,-116.37000,-89.08000
-1.67000,0.19000,0.60000,-2.76000,-1.72000,-2.14000,-0.99000,-97.00000,-86.49000
-1.67000,0.19000,0.58000,-2.57000,-1.31000,-2.13000,-0.99000,-97.00000,-86.49000
-1.68000,0.18000,0.56000,-2.22000,-1.39000,-2.12000,-1.00000,-91.74000,-92.43000
-1.68000,0.18000,0.55000,-1.74000,-1.27000,-2.12000,-1.01000,-91.74000,-92.43000
-1.68000,0.18000,0.55000,-1.33000,-1.31000,-2.12000,-1.01000,-101.38000,-91.34000
-1.68000,0.18000,0.55000,-1.37000,-1.10000,-2.12000,-1.01000,-101.38000,-91.34000
-1.69000,0.18000,0.53000,-1.76000,-0.66000,-2.12000,-1.01000,-109.21000,-92.29000
-1.69000,0.18000,0.50000,-2.22000,-0.39000,-2.11000,-1.02000,-109.21000,-92.29000
-1.69000,0.18000,0.45000,-2.72000,-0.33000,-2.25000,-1.64000,-102.89000,-111.80000
-1.70000,0.17000,0.42000,-2.70000,-0.73000,-3.09000,-3.13000,-102.89000,-111.80000
-1.70000,0.17000,0.40000,-2.43000,-1.35000,-1.03000,-2.11000,-77.65000,-121.26000
-1.70000,0.17000,0.39000,-1.81000,-1.51000,-1.01000,-2.11000,-77.65000,-121.26000
-1.71000,0.17000,0.41000,-1.02000,-1.72000,-1.01000,-2.11000,-80.73000,-117.83000
-1.71000,0.17000,0.42000,-0.91000,-1.85000,-1.01000,-2.11000,-80.73000,-117.83000
-1.71000,0.17000,0.45000,-0.85000,-2.24000,-1.02000,-2.11000,-89.54000,-116.32000
-1.72000,0.17000,0.47000,-0.91000,-2.41000,-1.87000,-2.32000,-89.54000,-116.32000
-1.72000,0.16000,0.50000,-0.91000,-2.20000,-3.26000,-3.29000,-123.77000,-127.19000
-1.72000,0.16000,0.50000,-1.70000,-1.93000,-2.73000,-2.66000,-123.77000,-127.19000
-1.73000,0.16000,0.49000,-2.59000,-2.01000,-2.43000,-2.15000,-113.51000,-122.56000
-1.73000,0.16000,0.48000,-2.72000,-2.12000,-2.94000,-2.89000,-113.51000,-122.56000
-1.74000,0.15000,0.47000,-2.72000,-2.34000,-3.23000,-3.20000,-114.65000,-136.85000
-1.74000,0.15000,0.47000,-3.03000,-2.72000,-3.29000,-3.27000,-114.65000,-136.85000
-1.75000,0.15000,0.46000,-3.59000,-2.99000,-3.24000,-3.27000,-113.30000,-135.40000
-1.76000,0.14000,0.45000,-3.96000,-3.28000,-2.95000,-2.99000,-113.30000,-135.40000
-1.76000,0.14000,0.44000,-4.09000,-3.80000,-1.61000,-2.24000,-76.00000,-114.79000
-1.77000,0.14000,0.44000,-3.63000,-3.90000,-1.06000,-2.11000,-76.00000,-114.79000
-1.78000,0.13000,0.46000,-2.82000,-3.76000,-1.03000,-2.11000,-58.13000,-97.22000
-1.78000,0.13000,0.48000,-2.12000,-3.40000,-1.03000,-2.11000,-58.13000,-97.22000
-1.79000,0.13000,0.52000,-1.25000,-3.03000,-1.02000,-2.11000,-65.09000,-93.94000
-1.79000,0.13000,0.55000,-0.98000,-2.66000,-1.81000,-2.30000,-65.09000,-93.94000
-1.80000,0.12000,0.57000,-0.85000,-2.28000,-3.29000,-3.27000,-109.74000,-114.78000
-1.80000,0.12000,0.59000,-1.49000,-2.57000,-2.37000,-2.01000,-109.74000,-114.78000
-1.80000,0.12000,0.59000,-2.68000,-2.68000,-2.11000,-1.03000,-98.06000,-86.20000
-1.81000,0.12000,0.57000,-3.11000,-1.87000,-2.11000,-1.03000,-98.06000,-86.20000
-1.81000,0.11000,0.53000,-3.03000,-0.85000,-2.38000,-2.02000,-81.50000,-102.33000
-1.82000,0.11000,0.49000,-2.64000,-0.39000,-3.09000,-3.13000,-81.50000,-102.33000
-1.82000,0.11000,0.46000,-2.20000,-0.58000,-1.02000,-2.11000,-63.93000,-126.63000
-1.82000,0.11000,0.46000,-1.39000,-1.33000,-1.01000,-2.12000,-63.93000,-126.63000
-1.82000,0.11000,0.49000,-0.62000,-2.26000,-1.01000,-2.12000,-72.74000,-123.08000
-1.83000,0.11000,0.53000,-0.54000,-2.64000,-1.02000,-2.11000,-72.74000,-123.08000
-1.83000,0.10000,0.57000,-0.77000,-2.84000,-2.73000,-2.79000,-109.03000,-118.35000
-1.83000,0.10000,0.59000,-1.39000,-2.93000,-2.92000,-2.87000,-109.03000,-118.35000
-1.84000,0.10000,0.61000,-2.07000,-2.80000,-2.11000,-1.04000,-100.06000,-88.66000
-1.84000,0.10000,0.61000,-2.08000,-2.39000,-2.11000,-1.02000,-100.06000,-88.66000
-1.85000,0.09000,0.61000,-1.70000,-1.72000,-2.11000,-1.01000,-94.12000,-85.03000
-1.85000,0.09000,0.61000,-1.27000,-0.89000,-2.11000,-1.01000,-94.12000,-85.03000
-1.85000,0.09000,0.60000,-0.77000,-0.68000,-2.11000,-1.02000,-106.44000,-99.22000
-1.85000,0.09000,0.60000,-1.06000,-0.93000,-2.11000,-1.02000,-106.44000,-99.22000
-1.85000,0.09000,0.60000,-1.54000,-1.22000,-2.11000,-1.02000,-114.60000,-99.36000
-1.86000,0.09000,0.59000,-1.74000,-1.33000,-2.11000,-1.02000,-114.60000,-99.36000
-1.86000,0.08000,0.58000,-2.12000,-1.49000,-2.11000,-1.03000,-110.59000,-94.08000
-1.86000,0.08000,0.56000,-2.32000,-1.41000,-2.12000,-1.11000,-110.59000,-94.08000
-1.87000,0.08000,0.53000,-2.74000,-1.20000,-2.49000,-2.31000,-109.88000,-110.24000
-1.87000,0.08000,0.50000,-3.03000,-1.47000,-3.26000,-3.29000,-109.88000,-110.24000
-1.88000,0.07000,0.48000,-3.15000,-1.70000,-1.61000,-2.24000,-87.09000,-113.65000
-1.88000,0.07000,0.47000,-2.32000,-1.97000,-1.02000,-2.11000,-87.09000,-113.65000
-1.88000,0.07000,0.48000,-1.62000,-2.32000,-1.01000,-2.11000,-80.21000,-108.84000
-1.89000,0.07000,0.51000,-0.87000,-2.32000,-1.02000,-2.11000,-80.21000,-108.84000
-1.89000,0.07000,0.53000,-0.75000,-2.05000,-1.56000,-2.22000,-102.38000,-106.09000
-1.89000,0.06000,0.54000,-1.18000,-1.58000,-3.18000,-3.21000,-102.38000,-106.09000
-1.90000,0.06000,0.54000,-1.49000,-1.16000,-3.27000,-3.29000,-127.40000,-132.71000
-1.90000,0.06000,0.53000,-1.74000,-1.39000,-3.20000,-3.23000,-127.40000,-132.71000
-1.90000,0.06000,0.52000,-2.41000,-1.68000,-3.02000,-3.06000,-127.80000,-142.29000
-1.91000,0.06000,0.51000,-2.39000,-2.14000,-1.93000,-2.34000,-127.80000,-142.29000
-1.91000,0.05000,0.51000,-2.95000,-2.84000,-1.38000,-2.17000,-101.18000,-127.84000
-1.92000,0.05000,0.51000,-3.05000,-3.05000,-1.17000,-2.13000,-101.18000,-127.84000
-1.92000,0.05000,0.51000,-3.22000,-3.28000,-1.10000,-2.12000,-81.04000,-113.49000
-1.93000,0.04000,0.52000,-3.09000,-3.38000,-1.07000,-2.11000,-81.04000,-113.49000
-1.94000,0.04000,0.53000,-2.84000,-3.44000,-1.09000,-2.11000,-68.53000,-102.87000
-1.94000,0.04000,0.54000,-2.41000,-3.22000,-1.35000,-2.17000,-68.53000,-102.87000
-1.95000,0.03000,0.56000,-1.91000,-3.05000,-2.52000,-2.62000,-88.33000,-105.28000
-1.95000,0.03000,0.58000,-2.03000,-2.88000,-3.25000,-3.27000,-88.33000,-105.28000
-1.96000,0.03000,0.58000,-2.45000,-2.70000,-3.15000,-3.12000,-104.00000,-114.17000
-1.96000,0.02000,0.58000,-2.82000,-2.80000,-2.94000,-2.90000,-104.00000,-114.17000
-1.97000,0.02000,0.58000,-3.05000,-3.05000,-2.85000,-2.79000,-94.32000,-111.88000
-1.97000,0.02000,0.58000,-3.01000,-3.07000,-2.63000,-2.55000,-94.32000,-111.88000
-1.98000,0.01000,0.58000,-3.01000,-2.84000,-2.32000,-1.86000,-83.73000,-93.83000
-1.98000,0.01000,0.57000,-2.72000,-2.03000,-2.18000,-1.42000,-83.73000,-93.83000
-1.99000,0.01000,0.55000,-2.49000,-1.31000,0.84000,-0.20000,-36.64000,-77.20000
-1.99000,0.01000,0.54000,-1.25000,-0.66000,0.78000,-0.26000,-36.64000,-77.20000
-1.99000,0.01000,0.54000,-0.06000,-0.12000,0.76000,-0.28000,-38.61000,-87.98000
-1.99000,0.01000,0.54000,-0.02000,-0.08000,0.76000,-0.28000,-38.61000,-87.98000
-1.99000,0.01000,0.54000,0.00000,0.00000,0.76000,-0.27000,-44.86000,-94.29000
-1.99000,0.01000,0.54000,0.00000,0.00000,0.76000,-0.27000,-44.86000,-94.29000
-1.99000,0.01000,0.54000,0.00000,0.00000,0.76000,-0.27000,-40.47000,-96.68000
-1.99000,0.01000,0.54000,0.00000,0.00000,0.76000,-0.27000,-40.47000,-96.68000
-1.99000,0.01000,0.54000,0.00000,0.00000,0.76000,-0.27000,-35.89000,-98.33000
-1.99000,0.01000,0.54000,0.00000,-0.02000,0.76000,-0.27000,-35.89000,-98.33000
-1.99000,0.01000,0.54000,0.00000,-0.23000,0.76000,-0.27000,-31.30000,-99.64000
-1.99000,0.01000,0.55000,0.00000,-0.62000,0.78000,-0.26000,-31.30000,-99.64000
-1.99000,0.01000,0.57000,0.00000,-0.91000,0.82000,-0.22000,-25.91000,-91.28000
-1.99000,0.00000,0.58000,0.00000,-0.71000,0.89000,-0.15000,-25.91000,-91.28000
-1.99000,0.00000,0.59000,0.00000,-0.42000,0.94000,-0.08000,-19.10000,-85.59000
-1.99000,0.00000,0.59000,0.00000,-0.08000,0.98000,-0.04000,-19.10000,-85.59000
-1.99000,0.00000,0.59000,0.00000,0.00000,0.99000,-0.03000,-12.74000,-90.46000
-1.99000,0.00000,0.59000,0.00000,-0.02000,0.99000,-0.03000,-12.74000,-90.46000
-1.99000,0.00000,0.59000,0.00000,0.00000,0.99000,-0.03000,-6.76000,-91.07000
-1.99000,0.00000,0.59000,0.00000,0.00000,0.99000,-0.03000,-6.76000,-91.07000
-1.99000,0.00000,0.60000,0.00000,-0.15000,0.99000,-0.03000,-0.81000,-91.44000
-1.99000,0.00000,0.60000,0.00000,-0.33000,1.01000,-0.02000,-0.81000,-91.44000
-1.99000,0.00000,0.61000,0.00000,-0.37000,1.04000,0.02000,5.87000,-85.89000
-1.99000,0.00000,0.61000,0.00000,-0.21000,1.08000,0.06000,5.87000,-85.89000
-1.99000,0.00000,0.61000,0.00000,-0.08000,1.11000,0.09000,13.08000,-84.64000
-1.99000,0.00000,0.61000,0.00000,0.00000,1.11000,0.10000,13.08000,-84.64000
-1.99000,0.00000,0.61000,0.00000,0.00000,1.11000,0.10000,19.86000,-85.84000
-1.99000,0.00000,0.61000,0.00000,0.00000,1.11000,0.10000,19.86000,-85.84000
-1.99000,0.00000,0.61000,0.00000,0.00000,1.11000,0.10000,26.55000,-85.27000
-1.99000,0.00000,0.61000,0.00000,0.00000,1.11000,0.10000,26.55000,-85.27000
-1.99000,0.00000,0.61000,0.00000,0.00000,1.11000,0.10000,33.24000,-84.69000
-1.99000,0.00000,0.61000,0.00000,0.00000,1.11000,0.10000,33.24000,-84.69000
-1.99000,0.00000,0.61000,0.00000,0.00000,1.11000,0.10000,39.92000,-84.11000
-1.99000,0.00000,0.61000,0.02000,0.00000,1.11000,0.10000,39.92000,-84.11000
-1.99000,0.00000,0.61000,0.00000,0.00000,1.12000,0.10000,46.33000,-83.50000
-1.99000,0.00000,0.61000,0.00000,0.00000,1.12000,0.10000,46.33000,-83.50000
-1.99000,0.00000,0.61000,0.00000,0.00000,1.12000,0.10000,53.22000,-82.91000
-1.99000,0.00000,0.61000,0.00000,0.00000,1.12000,0.10000,53.22000,-82.91000
-1.99000,0.00000,0.61000,0.00000,0.00000,1.12000,0.10000,59.92000,-82.32000
-1.99000,0.00000,0.61000,0.02000,0.00000,1.12000,0.10000,59.92000,-82.32000
-1.99000,0.00000,0.61000,0.00000,0.00000,1.12000,0.10000,66.34000,-81.69000
-1.99000,0.00000,0.61000,0.00000,0.00000,1.12000,0.10000,66.34000,-81.69000
-1.99000,0.00000,0.62000,0.33000,0.00000,1.12000,0.10000,73.24000,-81.09000
-1.99000,0.00000,0.63000,0.50000,0.00000,1.15000,0.13000,73.24000,-81.09000
-1.99000,0.00000,0.64000,0.58000,0.00000,1.20000,0.19000,73.72000,-79.19000
-1.99000,0.00000,0.65000,0.54000,0.00000,1.26000,0.25000,73.72000,-79.19000
-1.99000,0.01000,0.66000,0.37000,0.00000,1.32000,0.31000,79.17000,-76.28000
-1.99000,0.01000,0.66000,0.48000,0.00000,1.37000,0.34000,79.17000,-76.28000
-1.99000,0.01000,0.68000,0.93000,0.00000,1.43000,0.39000,86.36000,-73.19000
-1.99000,0.01000,0.71000,1.49000,0.00000,1.53000,0.48000,86.36000,-73.19000
-1.99000,0.01000,0.74000,1.83000,0.00000,1.67000,0.59000,80.51000,-67.83000
-1.99000,0.01000,0.78000,2.03000,0.00000,1.82000,0.71000,80.51000,-67.83000
-1.98000,0.01000,0.82000,2.05000,0.00000,1.94000,0.80000,77.51000,-61.22000
-1.98000,0.01000,0.85000,2.10000,0.00000,2.03000,0.85000,77.51000,-61.22000
-1.98000,0.02000,0.89000,2.12000,0.00000,2.09000,0.88000,78.27000,-55.16000
-1.98000,0.02000,0.93000,2.35000,0.00000,2.14000,0.90000,78.27000,-55.16000
-1.98000,0.02000,0.98000,2.39000,0.00000,2.17000,0.90000,75.68000,-49.54000
-1.98000,0.02000,1.02000,2.43000,0.00000,2.19000,0.91000,75.68000,-49.54000
-1.97000,0.02000,1.07000,2.49000,0.00000,2.20000,0.91000,73.89000,-44.09000
-1.97000,0.03000,1.11000,2.39000,0.00000,2.21000,0.91000,73.89000,-44.09000
-1.97000,0.03000,1.15000,2.47000,0.00000,2.21000,0.91000,73.28000,-38.61000
-1.97000,0.03000,1.20000,2.39000,0.00000,2.21000,0.91000,73.28000,-38.61000
-1.97000,0.03000,1.24000,2.28000,0.00000,2.21000,0.91000,72.22000,-33.09000
-1.97000,0.04000,1.28000,2.03000,0.00000,2.21000,0.92000,72.22000,-33.09000
-1.97000,0.04000,1.31000,1.66000,0.00000,2.20000,0.92000,76.27000,-27.43000
-1.97000,0.04000,1.33000,1.29000,0.00000,2.19000,0.94000,76.27000,-27.43000
-1.97000,0.04000,1.34000,0.81000,0.00000,2.18000,0.95000,88.17000,-21.56000
-1.97000,0.04000,1.36000,0.69000,0.00000,2.17000,0.95000,88.17000,-21.56000
-1.97000,0.04000,1.37000,0.87000,0.00000,2.16000,0.96000,102.31000,-15.65000
-1.97000,0.04000,1.40000,1.45000,0.00000,2.15000,0.97000,102.31000,-15.65000
-1.97000,0.05000,1.43000,1.70000,0.00000,2.13000,1.00000,99.13000,-9.37000
-1.97000,0.05000,1.47000,2.12000,0.00000,2.09000,1.03000,99.13000,-9.37000
-1.97000,0.05000,1.51000,2.32000,0.00000,2.04000,1.09000,91.85000,-2.01000
-1.97000,0.05000,1.55000,2.24000,0.00000,1.95000,1.18000,91.85000,-2.01000
-1.97000,0.06000,1.59000,2.37000,0.00000,1.83000,1.29000,86.41000,7.57000
-1.97000,0.06000,1.63000,2.24000,0.00000,2.18000,1.96000,86.41000,7.57000
-1.97000,0.06000,1.67000,1.97000,0.00000,3.11000,3.12000,103.07000,42.67000
-1.97000,0.06000,1.71000,2.10000,0.00000,1.38000,1.76000,103.07000,42.67000
-1.97000,0.07000,1.76000,2.70000,0.00000,1.25000,1.88000,82.57000,42.82000
-1.97000,0.07000,1.80000,2.57000,0.00000,1.12000,2.00000,82.57000,42.82000
-1.97000,0.07000,1.84000,2.01000,0.00000,1.04000,2.08000,67.24000,57.16000
-1.97000,0.07000,1.86000,1.10000,0.00000,1.00000,2.13000,67.24000,57.16000
-1.97000,0.07000,1.87000,0.46000,0.00000,0.98000,2.15000,79.21000,70.61000
-1.97000,0.07000,1.87000,0.23000,0.02000,0.97000,2.15000,79.21000,70.61000
-1.97000,0.07000,1.87000,0.19000,0.00000,0.97000,2.16000,91.41000,83.32000
-1.97000,0.07000,1.88000,0.12000,0.02000,0.97000,2.16000,91.41000,83.32000
-1.97000,0.07000,1.88000,0.25000,0.00000,0.97000,2.16000,97.35000,96.18000
-1.97000,0.07000,1.88000,0.29000,0.00000,0.96000,2.16000,97.35000,96.18000
-1.97000,0.07000,1.89000,0.25000,0.00000,0.96000,2.17000,99.79000,109.43000
-1.97000,0.07000,1.90000,0.48000,0.02000,0.95000,2.17000,99.79000,109.43000
-1.97000,0.08000,1.90000,0.85000,0.64000,0.95000,2.17000,100.87000,122.23000
-1.97000,0.08000,1.90000,1.37000,1.66000,0.95000,2.18000,100.87000,122.23000
-1.97000,0.08000,1.88000,1.62000,2.53000,0.95000,2.17000,90.33000,110.58000
-1.97000,0.09000,1.85000,1.33000,2.80000,0.96000,2.17000,90.33000,110.58000
-1.97000,0.09000,1.82000,1.00000,3.01000,0.98000,2.15000,88.85000,96.15000
-1.98000,0.10000,1.78000,0.83000,2.99000,1.01000,2.11000,88.85000,96.15000
-1.98000,0.10000,1.75000,1.00000,2.70000,1.06000,2.06000,95.46000,88.15000
-1.98000,0.10000,1.73000,1.83000,2.61000,1.11000,2.01000,95.46000,88.15000
-1.98000,0.11000,1.73000,2.37000,2.26000,1.14000,1.98000,83.11000,87.00000
-1.98000,0.12000,1.75000,2.74000,2.12000,1.14000,1.99000,83.11000,87.00000
-1.98000,0.12000,1.77000,3.20000,2.05000,1.11000,2.02000,64.85000,91.19000
-1.98000,0.13000,1.78000,2.93000,2.03000,1.07000,2.05000,64.85000,91.19000
-1.98000,0.13000,1.78000,2.43000,2.32000,1.04000,2.08000,51.28000,92.83000
-1.98000,0.14000,1.78000,1.87000,2.20000,1.04000,2.09000,51.28000,92.83000
-1.98000,0.14000,1.76000,1.33000,2.35000,1.05000,2.08000,55.88000,90.60000
-1.99000,0.14000,1.74000,0.98000,2.28000,1.07000,2.05000,55.88000,90.60000
-1.99000,0.15000,1.71000,0.95000,2.26000,1.11000,2.01000,65.35000,87.64000
-1.99000,0.15000,1.69000,1.06000,2.18000,1.16000,1.96000,65.35000,87.64000
-1.99000,0.15000,1.68000,1.25000,1.85000,1.21000,1.91000,66.42000,86.08000
-1.99000,0.16000,1.67000,1.58000,1.95000,1.24000,1.89000,66.42000,86.08000
-1.99000,0.16000,1.67000,1.66000,2.10000,1.26000,1.87000,60.28000,87.19000
-1.99000,0.17000,1.66000,1.58000,1.81000,1.28000,1.84000,60.28000,87.19000
-1.99000,0.17000,1.66000,1.52000,1.79000,1.29000,1.83000,58.88000,88.31000
-1.99000,0.17000,1.65000,1.31000,1.95000,1.31000,1.81000,58.88000,88.31000
-1.99000,0.18000,1.64000,1.37000,1.83000,1.35000,1.78000,62.05000,85.49000
-1.99000,0.18000,1.63000,1.31000,1.97000,1.38000,1.76000,62.05000,85.49000
-1.99000,0.18000,1.62000,1.35000,1.87000,1.57000,1.85000,65.60000,85.25000
-1.99000,0.19000,1.61000,1.58000,1.78000,2.16000,2.37000,65.60000,85.25000
-1.99000,0.19000,1.61000,1.64000,1.76000,2.54000,2.59000,77.75000,98.37000
-1.99000,0.20000,1.61000,2.01000,2.24000,2.70000,2.73000,77.75000,98.37000
-1.99000,0.20000,1.60000,2.28000,2.41000,2.93000,2.94000,82.74000,101.68000
-1.99000,0.21000,1.60000,2.66000,2.74000,3.02000,3.03000,82.74000,101.68000
-1.99000,0.21000,1.60000,2.86000,2.88000,3.06000,3.08000,80.65000,100.41000
-1.99000,0.22000,1.60000,2.70000,3.07000,3.07000,3.08000,80.65000,100.41000
-1.99000,0.23000,1.58000,2.32000,3.03000,3.23000,3.23000,84.96000,99.82000
-1.99000,0.23000,1.56000,1.99000,2.99000,3.23000,3.23000,84.96000,99.82000
-1.99000,0.24000,1.54000,1.51000,2.95000,2.47000,2.35000,87.39000,88.84000
-1.99000,0.24000,1.51000,1.51000,2.84000,1.76000,1.37000,87.39000,88.84000
-1.99000,0.25000,1.50000,1.58000,2.41000,1.84000,1.28000,88.01000,71.11000
-1.99000,0.25000,1.50000,1.66000,1.91000,1.89000,1.23000,88.01000,71.11000
-1.99000,0.25000,1.50000,1.79000,1.43000,1.91000,1.22000,88.77000,74.81000
-1.99000,0.26000,1.51000,1.78000,1.25000,1.89000,1.23000,88.77000,74.81000
-1.99000,0.26000,1.53000,1.99000,0.81000,1.87000,1.26000,87.74000,81.26000
-1.99000,0.26000,1.55000,1.89000,0.83000,1.80000,1.33000,87.74000,81.26000
-1.99000,0.27000,1.56000,1.70000,1.08000,1.76000,1.43000,85.09000,90.11000
-1.99000,0.27000,1.57000,1.56000,1.41000,2.05000,1.80000,85.09000,90.11000
-1.99000,0.27000,1.57000,1.66000,1.54000,2.20000,1.98000,95.94000,93.24000
-1.99000,0.28000,1.57000,1.91000,1.89000,2.36000,2.15000,95.94000,93.24000
-1.99000,0.28000,1.58000,2.45000,2.01000,2.37000,2.17000,97.00000,92.29000
-1.99000,0.29000,1.58000,2.51000,2.07000,2.84000,2.82000,97.00000,92.29000
-1.99000,0.29000,1.59000,2.34000,2.20000,3.14000,3.13000,102.34000,105.67000
-1.99000,0.30000,1.58000,2.20000,2.51000,3.20000,3.19000,102.34000,105.67000
-1.99000,0.30000,1.57000,2.16000,2.76000,3.04000,3.03000,109.30000,103.92000
-1.99000,0.31000,1.56000,2.59000,2.91000,2.43000,2.27000,109.30000,103.92000
-1.99000,0.32000,1.56000,3.13000,3.15000,2.02000,1.77000,93.10000,82.24000
-1.99000,0.32000,1.57000,3.36000,2.80000,1.97000,1.72000,93.10000,82.24000
-1.99000,0.33000,1.60000,3.78000,2.26000,2.59000,2.55000,86.74000,88.70000
-1.99000,0.34000,1.63000,3.90000,2.28000,3.25000,3.26000,86.74000,88.70000
-1.99000,0.35000,1.66000,3.90000,2.18000,1.63000,1.90000,59.55000,85.18000
-1.99000,0.35000,1.69000,3.49000,2.16000,1.31000,1.81000,59.55000,85.18000
-1.99000,0.36000,1.70000,2.72000,2.16000,1.23000,1.89000,46.21000,84.67000
-1.99000,0.36000,1.69000,2.01000,2.14000,1.20000,1.92000,46.21000,84.67000
-1.99000,0.37000,1.68000,1.08000,2.08000,1.20000,1.92000,54.35000,83.83000
-1.99000,0.37000,1.65000,0.83000,2.03000,1.25000,1.87000,54.35000,83.83000
-1.99000,0.37000,1.64000,0.95000,1.81000,1.32000,1.80000,68.96000,82.33000
-1.99000,0.37000,1.62000,1.00000,1.83000,1.38000,1.76000,68.96000,82.33000
-1.99000,0.38000,1.62000,1.22000,1.60000,1.63000,1.90000,74.14000,85.56000
-1.99000,0.38000,1.62000,1.81000,1.68000,2.07000,2.28000,74.14000,85.56000
-1.99000,0.39000,1.63000,2.16000,1.72000,1.87000,2.10000,69.29000,91.17000
-1.99000,0.39000,1.64000,2.28000,1.83000,1.49000,1.79000,69.29000,91.17000
-1.99000,0.40000,1.64000,2.26000,2.01000,1.39000,1.76000,55.30000,86.32000
-1.99000,0.40000,1.64000,2.10000,2.12000,1.36000,1.77000,55.30000,86.32000
-1.99000,0.40000,1.63000,1.54000,2.20000,1.36000,1.77000,52.32000,81.74000
-1.99000,0.41000,1.61000,1.16000,2.08000,1.44000,1.76000,52.32000,81.74000
-2.00000,0.41000,1.59000,0.68000,1.93000,2.29000,2.44000,75.90000,90.40000
-2.00000,0.41000,1.57000,0.95000,2.16000,3.27000,3.27000,75.90000,90.40000
-2.00000,0.42000,1.56000,1.60000,2.08000,2.82000,2.79000,93.66000,96.59000
-2.00000,0.42000,1.56000,2.32000,2.30000,2.23000,2.01000,93.66000,96.59000
-1.99000,0.43000,1.57000,2.78000,2.22000,2.22000,2.00000,75.38000,86.36000
-1.99000,0.43000,1.57000,2.32000,2.32000,2.85000,2.83000,75.38000,86.36000
-1.99000,0.44000,1.56000,1.70000,2.20000,2.83000,2.81000,83.94000,96.38000
-1.99000,0.44000,1.55000,1.37000,2.05000,2.22000,2.00000,83.94000,96.38000
-1.99000,0.45000,1.53000,1.58000,2.37000,1.77000,1.44000,85.29000,82.80000
-1.99000,0.45000,1.52000,1.49000,1.97000,1.78000,1.35000,85.29000,82.80000
-1.99000,0.45000,1.53000,1.83000,1.62000,1.81000,1.31000,86.49000,78.43000
-1.99000,0.46000,1.54000,1.81000,1.29000,1.80000,1.32000,86.49000,78.43000
-1.99000,0.46000,1.55000,2.10000,1.29000,1.77000,1.35000,83.15000,85.37000
-1.99000,0.47000,1.56000,1.83000,1.18000,1.77000,1.46000,83.15000,85.37000
-1.99000,0.47000,1.57000,1.74000,1.29000,2.18000,1.95000,88.75000,96.34000
-1.99000,0.47000,1.57000,1.54000,1.76000,2.72000,2.68000,88.75000,96.34000
-1.99000,0.48000,1.56000,1.78000,2.03000,2.43000,2.27000,99.03000,96.97000
-1.99000,0.48000,1.56000,2.20000,2.28000,2.08000,1.84000,99.03000,96.97000
-1.99000,0.49000,1.57000,2.70000,2.32000,1.97000,1.71000,87.48000,83.85000
-1.99000,0.49000,1.57000,2.41000,2.22000,2.37000,2.16000,87.48000,83.85000
-1.99000,0.50000,1.57000,2.03000,2.16000,2.53000,2.48000,91.46000,92.83000
-1.99000,0.50000,1.57000,1.91000,2.01000,2.37000,2.17000,91.46000,92.83000
-1.99000,0.51000,1.56000,1.70000,2.22000,2.19000,1.97000,94.56000,89.85000
-1.99000,0.51000,1.55000,1.66000,2.28000,1.79000,1.48000,94.56000,89.85000
-1.99000,0.52000,1.54000,1.95000,2.30000,1.76000,1.37000,93.57000,76.53000
-1.99000,0.52000,1.55000,2.20000,1.95000,1.79000,1.34000,93.57000,76.53000
-1.99000,0.52000,1.56000,2.55000,1.70000,1.78000,1.35000,86.29000,75.76000
-1.99000,0.53000,1.59000,3.03000,1.41000,1.77000,1.44000,86.29000,75.76000
-1.99000,0.53000,1.63000,3.34000,1.29000,3.10000,3.09000,91.20000,106.39000
-1.99000,0.54000,1.67000,3.69000,1.62000,2.34000,2.47000,91.20000,106.39000
-1.99000,0.55000,1.69000,3.92000,2.45000,1.32000,1.80000,54.94000,94.04000
-2.00000,0.55000,1.71000,3.42000,2.49000,1.23000,1.90000,54.94000,94.04000
-2.00000,0.56000,1.71000,2.47000,2.64000,1.17000,1.95000,42.54000,84.26000
-2.00000,0.57000,1.69000,1.81000,2.76000,1.17000,1.95000,42.54000,84.26000
-2.00000,0.57000,1.66000,0.75000,2.39000,1.21000,1.92000,53.84000,76.47000
-2.00000,0.57000,1.63000,0.60000,2.16000,1.29000,1.83000,53.84000,76.47000
-2.00000,0.57000,1.61000,0.71000,1.74000,1.40000,1.75000,71.16000,77.99000
-2.00000,0.58000,1.60000,1.12000,1.52000,2.10000,2.31000,71.16000,77.99000
-2.00000,0.58000,1.61000,1.51000,1.27000,2.71000,2.74000,87.89000,100.06000
-2.00000,0.59000,1.62000,2.28000,1.72000,2.26000,2.43000,87.89000,100.06000
-2.00000,0.59000,1.63000,2.86000,2.16000,1.54000,1.83000,62.45000,90.64000
-2.00000,0.60000,1.64000,2.76000,2.30000,1.37000,1.76000,62.45000,90.64000
-2.00000,0.60000,1.64000,2.20000,2.37000,1.33000,1.80000,47.62000,82.05000
-2.00000,0.61000,1.62000,1.39000,2.45000,1.33000,1.79000,47.62000,82.05000
-2.00000,0.61000,1.59000,0.62000,2.18000,1.42000,1.76000,60.89000,76.23000
-2.00000,0.61000,1.56000,0.48000,1.93000,2.96000,2.97000,60.89000,76.23000
-2.00000,0.61000,1.55000,0.66000,1.45000,3.16000,3.16000,100.95000,100.84000
-2.00000,0.62000,1.55000,1.51000,1.60000,2.47000,2.35000,100.95000,100.84000
-2.00000,0.62000,1.55000,2.47000,2.16000,2.32000,2.11000,88.88000,97.55000
-2.00000,0.63000,1.57000,3.05000,2.32000,2.60000,2.56000,88.88000,97.55000
-2.00000,0.64000,1.57000,3.11000,2.68000,3.15000,3.14000,83.13000,105.19000
-2.00000,0.64000,1.57000,2.68000,2.93000,3.27000,3.27000,83.13000,105.19000
-2.00000,0.65000,1.55000,2.20000,3.11000,3.20000,3.20000,90.13000,101.90000
-2.00000,0.65000,1.54000,2.26000,3.03000,2.43000,2.27000,90.13000,101.90000
-2.00000,0.66000,1.53000,2.37000,2.84000,1.76000,1.44000,77.92000,75.58000
-2.00000,0.66000,1.53000,2.18000,2.18000,1.77000,1.36000,77.92000,75.58000
-2.00000,0.67000,1.54000,1.91000,1.68000,1.78000,1.34000,76.45000,77.34000
-2.00000,0.67000,1.54000,1.64000,1.49000,1.78000,1.34000,76.45000,77.34000
-2.00000,0.67000,1.54000,1.29000,1.31000,1.78000,1.34000,82.17000,82.60000
-2.00000,0.68000,1.53000,1.20000,1.37000,1.79000,1.33000,82.17000,82.60000
-2.00000,0.68000,1.53000,1.25000,1.33000,1.81000,1.31000,90.04000,83.05000
-2.00000,0.68000,1.53000,1.41000,1.49000,1.83000,1.29000,90.04000,83.05000
-2.00000,0.69000,1.53000,1.87000,1.70000,1.85000,1.27000,91.17000,80.27000
-2.00000,0.69000,1.54000,2.20000,1.66000,1.87000,1.26000,91.17000,80.27000
-2.00000,0.70000,1.56000,2.32000,1.41000,1.86000,1.26000,82.13000,76.32000
-2.00000,0.70000,1.57000,1.99000,1.51000,1.84000,1.29000,82.13000,76.32000
-2.00000,0.70000,1.57000,1.58000,1.39000,1.84000,1.28000,82.87000,76.43000
-2.00000,0.71000,1.58000,1.49000,1.04000,1.86000,1.27000,82.87000,76.43000
-2.00000,0.71000,1.58000,1.12000,1.22000,0.41000,-0.63000,67.95000,53.55000
-2.00000,0.71000,1.58000,0.71000,0.91000,0.40000,-0.64000,67.95000,53.55000
-2.00000,0.71000,1.58000,0.23000,0.17000,0.39000,-0.65000,72.99000,45.13000
-2.00000,0.71000,1.58000,0.10000,0.00000,0.39000,-0.65000,72.99000,45.13000
-2.00000,0.71000,1.58000,0.08000,0.00000,0.38000,-0.66000,80.00000,49.33000
-2.00000,0.71000,1.59000,0.31000,0.00000,0.38000,-0.66000,80.00000,49.33000
-2.00000,0.71000,1.59000,0.52000,0.00000,0.37000,-0.67000,78.31000,45.15000
-2.00000,0.71000,1.61000,0.60000,0.00000,0.34000,-0.70000,78.31000,45.15000
-2.00000,0.71000,1.62000,0.62000,0.00000,0.31000,-0.73000,73.41000,40.24000
-2.00000,0.71000,1.63000,0.73000,0.02000,0.27000,-0.77000,73.41000,40.24000
-2.00000,0.72000,1.65000,0.93000,0.00000,0.21000,-0.82000,68.33000,34.16000
-2.00000,0.72000,1.67000,1.06000,0.00000,0.13000,-0.90000,68.33000,34.16000
-2.00000,0.72000,1.68000,0.87000,0.00000,0.01000,-1.01000,57.21000,26.53000
-2.00000,0.72000,1.69000,0.66000,0.00000,-0.11000,-1.12000,57.21000,26.53000
-2.00000,0.72000,1.70000,0.50000,0.00000,-0.20000,-1.21000,53.72000,17.48000
-2.00000,0.72000,1.71000,0.44000,0.00000,-0.27000,-1.28000,53.72000,17.48000
-2.00000,0.72000,1.72000,0.50000,0.00000,-0.33000,-1.35000,50.05000,8.14000
-2.00000,0.72000,1.73000,0.52000,0.00000,-0.39000,-1.43000,50.05000,8.14000
-2.00000,0.72000,1.73000,0.29000,0.00000,-0.45000,-1.51000,42.32000,-2.30000
-2.00000,0.72000,1.73000,0.02000,0.00000,-0.49000,-1.55000,42.32000,-2.30000
-2.00000,0.72000,1.73000,0.02000,0.00000,-0.49000,-1.55000,43.43000,-11.97000
-2.00000,0.72000,1.73000,0.00000,0.00000,-0.49000,-1.55000,43.43000,-11.97000
-2.00000,0.72000,1.74000,0.02000,0.00000,-0.49000,-1.55000,40.65000,-21.30000
-2.00000,0.72000,1.74000,0.00000,0.00000,-0.49000,-1.55000,40.65000,-21.30000
-2.00000,0.72000,1.74000,0.02000,0.00000,-0.49000,-1.55000,37.67000,-30.65000
-2.00000,0.72000,1.74000,0.00000,0.00000,-0.50000,-1.56000,37.67000,-30.65000
-2.00000,0.72000,1.74000,0.00000,0.00000,-0.50000,-1.56000,34.68000,-40.02000
-2.00000,0.72000,1.74000,0.00000,0.00000,-0.50000,-1.56000,34.68000,-40.02000
-2.00000,0.72000,1.74000,0.00000,0.00000,-0.50000,-1.56000,31.71000,-49.36000
-2.00000,0.72000,1.74000,0.02000,0.00000,-0.50000,-1.56000,31.71000,-49.36000
-2.00000,0.72000,1.74000,0.00000,0.00000,-0.50000,-1.56000,28.39000,-58.74000
-2.00000,0.72000,1.74000,0.02000,0.00000,-0.50000,-1.56000,28.39000,-58.74000
-2.00000,0.72000,1.74000,0.00000,0.00000,-0.50000,-1.56000,25.24000,-68.14000
-2.00000,0.72000,1.74000,0.00000,0.00000,-0.50000,-1.56000,25.24000,-68.14000
-2.00000,0.72000,1.74000,0.00000,0.00000,-0.50000,-1.56000,22.43000,-77.51000
-2.00000,0.72000,1.74000,0.00000,0.00000,-0.50000,-1.56000,22.43000,-77.51000
-2.00000,0.72000,1.74000,0.00000,0.00000,-0.50000,-1.56000,19.43000,-86.88000
-2.00000,0.72000,1.74000,0.00000,0.00000,-0.50000,-1.56000,19.43000,-86.88000
-2.00000,0.72000,1.74000,0.00000,-0.02000,-0.50000,-1.56000,16.43000,-96.25000
-2.00000,0.72000,1.75000,0.00000,-0.64000,-0.50000,-1.56000,16.43000,-96.25000
-2.00000,0.72000,1.77000,0.00000,-1.25000,-0.54000,-1.62000,12.77000,-96.79000
-2.00000,0.72000,1.80000,0.00000,-1.62000,-0.62000,-1.71000,12.77000,-96.79000
-2.00000,0.71000,1.84000,0.00000,-2.08000,-0.70000,-1.82000,7.09000,-91.02000
-2.00000,0.71000,1.88000,0.00000,-2.18000,-0.78000,-1.92000,7.09000,-91.02000
-2.00000,0.71000,1.92000,0.00000,-2.30000,-0.84000,-2.01000,0.87000,-86.69000
-1.99000,0.71000,1.96000,0.00000,-2.24000,-0.87000,-2.08000,0.87000,-86.69000
-1.99000,0.71000,2.00000,0.00000,-2.10000,-0.89000,-2.12000,-4.96000,-86.39000
-1.99000,0.70000,2.03000,0.00000,-2.05000,-0.90000,-2.15000,-4.96000,-86.39000
-1.99000,0.70000,2.07000,0.00000,-1.89000,-0.90000,-2.17000,-10.50000,-89.28000
-1.99000,0.70000,2.11000,0.00000,-2.08000,-0.91000,-2.19000,-10.50000,-89.28000
-1.99000,0.70000,2.14000,0.00000,-2.14000,-0.90000,-2.20000,-15.94000,-90.06000
-1.99000,0.70000,2.19000,0.00000,-2.41000,-0.91000,-2.21000,-15.94000,-90.06000
-1.99000,0.69000,2.23000,0.00000,-2.32000,-0.91000,-2.21000,-21.40000,-86.00000
-1.99000,0.69000,2.27000,0.00000,-2.28000,-0.91000,-2.21000,-21.40000,-86.00000
-1.98000,0.69000,2.31000,0.00000,-2.32000,-0.91000,-2.21000,-26.87000,-86.73000
-1.98000,0.69000,2.35000,0.00000,-2.16000,-0.91000,-2.21000,-26.87000,-86.73000
-1.98000,0.69000,2.39000,0.00000,-2.22000,-0.91000,-2.21000,-32.36000,-88.18000
-1.98000,0.68000,2.43000,0.00000,-2.26000,-0.91000,-2.21000,-32.36000,-88.18000
-1.98000,0.68000,2.48000,0.00000,-2.32000,-0.92000,-2.20000,-37.96000,-86.83000
-1.97000,0.68000,2.52000,0.00000,-2.37000,-0.93000,-2.20000,-37.96000,-86.83000
-1.97000,0.68000,2.56000,0.00000,-2.24000,-0.94000,-2.18000,-43.82000,-84.62000
-1.97000,0.68000,2.60000,0.00000,-2.18000,-0.96000,-2.17000,-43.82000,-84.62000
-1.97000,0.68000,2.63000,-0.02000,-2.01000,-0.97000,-2.15000,-49.91000,-85.83000
-1.97000,0.68000,2.67000,0.00000,-2.03000,-0.99000,-2.14000,-49.91000,-85.83000
-1.96000,0.67000,2.71000,0.00000,-1.93000,-1.00000,-2.12000,-56.20000,-87.42000
-1.96000,0.67000,2.75000,-0.02000,-2.20000,-1.01000,-2.11000,-56.20000,-87.42000
-1.96000,0.67000,2.78000,-0.25000,-2.14000,-2.03000,-2.38000,-77.34000,-89.33000
-1.96000,0.67000,2.80000,-0.68000,-1.93000,-3.24000,-3.21000,-77.34000,-89.33000
-1.95000,0.67000,2.82000,-1.16000,-2.03000,-2.28000,-1.73000,-83.11000,-84.77000
-1.95000,0.67000,2.82000,-1.68000,-1.83000,-2.11000,-1.04000,-83.11000,-84.77000
-1.95000,0.67000,2.82000,-1.87000,-1.76000,-2.11000,-1.03000,-75.16000,-74.54000
-1.94000,0.67000,2.82000,-1.66000,-1.51000,-2.11000,-1.03000,-75.16000,-74.54000
-1.94000,0.67000,2.82000,-1.31000,-1.29000,-2.11000,-1.03000,-78.02000,-74.50000
-1.94000,0.66000,2.82000,-1.06000,-1.18000,-2.11000,-1.03000,-78.02000,-74.50000
-1.94000,0.66000,2.81000,-1.16000,-0.98000,-2.11000,-1.02000,-89.71000,-76.45000
-1.93000,0.66000,2.81000,-1.16000,-0.98000,-2.11000,-1.03000,-89.71000,-76.45000
-1.93000,0.66000,2.81000,-1.20000,-0.95000,-2.11000,-1.04000,-94.44000,-78.83000
-1.93000,0.66000,2.80000,-1.37000,-0.79000,-2.11000,-1.07000,-94.44000,-78.83000
-1.93000,0.66000,2.78000,-1.70000,-0.87000,-2.19000,-1.45000,-98.29000,-88.18000
-1.92000,0.66000,2.77000,-2.03000,-1.18000,-2.88000,-2.82000,-98.29000,-88.18000
-1.92000,0.66000,2.74000,-2.70000,-1.54000,-3.28000,-3.25000,-109.58000,-113.29000
-1.91000,0.66000,2.72000,-3.32000,-2.20000,-2.86000,-2.91000,-109.58000,-113.29000
-1.91000,0.65000,2.71000,-3.65000,-2.76000,-1.14000,-2.12000,-65.65000,-93.50000
-1.90000,0.65000,2.71000,-2.84000,-2.74000,-1.02000,-2.11000,-65.65000,-93.50000
-1.90000,0.65000,2.72000,-1.68000,-2.49000,-1.02000,-2.11000,-57.87000,-84.72000
-1.89000,0.65000,2.74000,-0.91000,-2.16000,-1.02000,-2.11000,-57.87000,-84.72000
-1.89000,0.65000,2.77000,-0.42000,-1.93000,-1.69000,-2.26000,-86.03000,-91.97000
-1.89000,0.64000,2.80000,-0.04000,-1.68000,-3.25000,-3.28000,-86.03000,-91.97000
-1.89000,0.64000,2.83000,-0.17000,-1.58000,-2.41000,-2.10000,-114.49000,-97.34000
-1.88000,0.64000,2.83000,-1.33000,-1.74000,-2.11000,-1.02000,-114.49000,-97.34000
-1.88000,0.64000,2.82000,-2.28000,-1.70000,-2.11000,-1.02000,-104.89000,-82.66000
-1.87000,0.64000,2.81000,-2.57000,-1.60000,-2.11000,-1.02000,-104.89000,-82.66000
-1.87000,0.64000,2.79000,-2.45000,-1.31000,-2.12000,-1.11000,-91.03000,-81.81000
-1.87000,0.64000,2.77000,-2.24000,-1.20000,-2.68000,-2.60000,-91.03000,-81.81000
-1.86000,0.64000,2.75000,-2.16000,-1.14000,-3.27000,-3.25000,-110.62000,-116.89000
-1.86000,0.63000,2.73000,-2.55000,-1.53000,-3.02000,-3.05000,-110.62000,-116.89000
-1.85000,0.63000,2.71000,-3.30000,-2.07000,-1.38000,-2.17000,-83.76000,-108.10000
-1.85000,0.63000,2.68000,-3.36000,-1.97000,-1.02000,-2.11000,-83.76000,-108.10000
-1.84000,0.63000,2.67000,-3.01000,-2.16000,-1.01000,-2.12000,-58.99000,-104.59000
-1.84000,0.62000,2.67000,-2.32000,-2.24000,-0.99000,-2.13000,-58.99000,-104.59000
-1.84000,0.62000,2.67000,-1.43000,-1.95000,-0.99000,-2.14000,-60.15000,-101.70000
-1.83000,0.62000,2.68000,-1.14000,-1.41000,-0.99000,-2.14000,-60.15000,-101.70000
-1.83000,0.62000,2.69000,-1.06000,-1.45000,-0.98000,-2.14000,-69.81000,-113.59000
-1.83000,0.62000,2.70000,-1.02000,-1.89000,-0.98000,-2.14000,-69.81000,-113.59000
-1.82000,0.62000,2.71000,-1.29000,-1.97000,-0.98000,-2.14000,-70.69000,-110.85000
-1.82000,0.62000,2.72000,-1.43000,-1.89000,-2.52000,-2.36000,-70.69000,-110.85000
-1.82000,0.61000,2.73000,-1.45000,-1.78000,-2.19000,-1.44000,-82.36000,-101.77000
-1.81000,0.61000,2.72000,-1.83000,-1.56000,-2.12000,-1.13000,-82.36000,-101.77000
-1.81000,0.61000,2.71000,-1.85000,-1.27000,-2.16000,-1.30000,-80.49000,-102.00000
-1.81000,0.61000,2.71000,-1.95000,-1.83000,-2.49000,-2.29000,-80.49000,-102.00000
-1.80000,0.61000,2.71000,-1.93000,-1.97000,-2.59000,-2.50000,-87.20000,-114.43000
-1.80000,0.61000,2.71000,-2.12000,-2.26000,-2.53000,-2.38000,-87.20000,-114.43000
-1.79000,0.60000,2.72000,-2.26000,-2.32000,-2.37000,-2.01000,-85.26000,-104.65000
-1.79000,0.60000,2.72000,-2.30000,-2.28000,-2.30000,-1.82000,-85.26000,-104.65000
-1.78000,0.60000,2.71000,-2.28000,-2.05000,-2.30000,-1.80000,-82.85000,-99.64000
-1.78000,0.60000,2.70000,-2.26000,-1.89000,-2.46000,-2.22000,-82.85000,-99.64000
-1.78000,0.60000,2.70000,-2.14000,-1.76000,-2.84000,-2.78000,-91.52000,-117.31000
-1.77000,0.59000,2.70000,-1.87000,-2.05000,-3.10000,-3.07000,-91.52000,-117.31000
-1.77000,0.59000,2.71000,-1.74000,-2.03000,-2.97000,-2.93000,-102.93000,-122.41000
-1.77000,0.59000,2.71000,-1.49000,-1.64000,-2.67000,-2.59000,-102.93000,-122.41000
-1.76000,0.59000,2.71000,-1.29000,-1.58000,-2.49000,-2.29000,-107.87000,-124.32000
-1.76000,0.59000,2.72000,-1.64000,-1.70000,-2.25000,-1.65000,-107.87000,-124.32000
-1.75000,0.59000,2.72000,-1.89000,-2.07000,-2.20000,-1.50000,-107.42000,-115.41000
-1.75000,0.58000,2.72000,-2.12000,-2.24000,-2.14000,-1.24000,-107.42000,-115.41000
-1.75000,0.58000,2.72000,-1.99000,-2.20000,-2.12000,-1.13000,-102.39000,-100.56000
-1.74000,0.58000,2.72000,-2.12000,-1.97000,-2.11000,-1.05000,-102.39000,-100.56000
-1.74000,0.58000,2.72000,-2.01000,-1.70000,-2.11000,-1.07000,-102.28000,-97.10000
-1.73000,0.58000,2.70000,-2.43000,-1.45000,-2.13000,-1.18000,-102.28000,-97.10000
-1.73000,0.57000,2.67000,-2.66000,-1.27000,-2.75000,-2.68000,-107.21000,-123.65000
-1.73000,0.57000,2.66000,-2.76000,-1.80000,-3.24000,-3.27000,-107.21000,-123.65000
-1.72000,0.57000,2.65000,-2.74000,-2.32000,-2.60000,-2.68000,-101.90000,-125.70000
-1.72000,0.57000,2.65000,-2.51000,-2.80000,-1.70000,-2.27000,-101.90000,-125.70000
-1.71000,0.56000,2.67000,-2.45000,-3.11000,-2.19000,-2.44000,-98.58000,-112.49000
-1.70000,0.56000,2.68000,-2.28000,-3.22000,-3.00000,-3.04000,-98.58000,-112.49000
-1.70000,0.56000,2.70000,-2.16000,-3.09000,-3.29000,-3.26000,-116.54000,-116.42000
-1.69000,0.56000,2.71000,-2.41000,-3.05000,-2.85000,-2.79000,-116.54000,-116.42000
-1.69000,0.55000,2.71000,-2.88000,-3.05000,-2.22000,-1.56000,-104.72000,-93.67000
-1.68000,0.55000,2.71000,-2.95000,-2.72000,-2.15000,-1.25000,-104.72000,-93.67000
-1.68000,0.55000,2.70000,-3.17000,-2.43000,-2.18000,-1.40000,-94.89000,-87.34000
-1.67000,0.55000,2.67000,-3.40000,-1.76000,-2.70000,-2.63000,-94.89000,-87.34000
-1.67000,0.54000,2.63000,-3.44000,-1.12000,-3.20000,-3.23000,-98.73000,-121.13000
-1.66000,0.54000,2.58000,-3.49000,-1.24000,-1.03000,-2.11000,-98.73000,-121.13000
-1.66000,0.54000,2.56000,-3.44000,-1.93000,-1.01000,-2.12000,-63.37000,-121.10000
-1.65000,0.53000,2.55000,-2.90000,-2.43000,-0.99000,-2.13000,-63.37000,-121.10000
-1.65000,0.53000,2.56000,-2.10000,-2.59000,-0.99000,-2.14000,-56.90000,-108.92000
-1.64000,0.53000,2.58000,-1.31000,-2.32000,-0.99000,-2.14000,-56.90000,-108.92000
-1.64000,0.53000,2.60000,-0.98000,-2.22000,-0.99000,-2.13000,-69.42000,-108.64000
-1.64000,0.52000,2.62000,-1.08000,-1.99000,-1.00000,-2.13000,-69.42000,-108.64000
-1.63000,0.52000,2.63000,-1.06000,-1.95000,-1.00000,-2.12000,-71.14000,-112.31000
-1.63000,0.52000,2.65000,-1.06000,-1.87000,-1.01000,-2.12000,-71.14000,-112.31000
-1.63000,0.52000,2.66000,-1.39000,-1.97000,-1.01000,-2.11000,-71.12000,-114.81000
-1.63000,0.52000,2.67000,-1.31000,-1.80000,-1.01000,-2.11000,-71.12000,-114.81000
-1.62000,0.52000,2.68000,-1.39000,-2.26000,-1.02000,-2.11000,-67.18000,-117.14000
-1.62000,0.51000,2.70000,-1.41000,-2.53000,-1.03000,-2.11000,-67.18000,-117.14000
-1.61000,0.51000,2.73000,-1.27000,-2.70000,-1.52000,-2.21000,-71.39000,-109.61000
-1.61000,0.51000,2.75000,-1.43000,-2.70000,-3.19000,-3.21000,-71.39000,-109.61000
-1.61000,0.51000,2.77000,-1.51000,-2.47000,-3.06000,-3.02000,-94.82000,-117.32000
-1.60000,0.51000,2.78000,-1.87000,-2.30000,-2.19000,-1.45000,-94.82000,-117.32000
-1.60000,0.51000,2.78000,-2.43000,-2.57000,-2.11000,-1.06000,-83.81000,-95.71000
-1.59000,0.50000,2.78000,-2.20000,-2.18000,-2.11000,-1.02000,-83.81000,-95.71000
-1.59000,0.50000,2.77000,-1.91000,-1.27000,-2.11000,-1.02000,-80.24000,-89.53000
-1.59000,0.50000,2.75000,-1.25000,-0.29000,-2.11000,-1.02000,-80.24000,-89.53000
-1.59000,0.50000,2.73000,-0.83000,0.00000,-2.12000,-1.13000,-94.19000,-112.53000
-1.59000,0.50000,2.73000,-0.25000,0.00000,-2.46000,-2.22000,-94.19000,-112.53000
-1.59000,0.50000,2.73000,-0.04000,-0.02000,-2.72000,-2.64000,-123.33000,-144.62000
-1.58000,0.50000,2.73000,-0.62000,-0.77000,-2.74000,-2.66000,-123.33000,-144.62000
-1.58000,0.50000,2.74000,-1.35000,-1.66000,-2.50000,-2.32000,-129.28000,-144.12000
-1.58000,0.50000,2.73000,-2.26000,-2.10000,-3.26000,-3.28000,-129.28000,-144.12000
-1.57000,0.49000,2.73000,-2.82000,-2.70000,-3.23000,-3.25000,-126.86000,-147.52000
-1.56000,0.49000,2.73000,-3.11000,-3.17000,-3.19000,-3.22000,-126.86000,-147.52000
-1.56000,0.49000,2.74000,-3.22000,-3.49000,-3.20000,-3.23000,-119.57000,-137.98000
-1.55000,0.49000,2.74000,-3.61000,-3.55000,-3.26000,-3.29000,-119.57000,-137.98000
-1.54000,0.48000,2.73000,-3.96000,-3.71000,-3.25000,-3.28000,-113.34000,-133.39000
-1.53000,0.48000,2.73000,-3.86000,-3.59000,-3.18000,-3.21000,-113.34000,-133.39000
-1.53000,0.48000,2.73000,-3.67000,-3.76000,-3.04000,-3.08000,-104.34000,-128.19000
-1.52000,0.47000,2.74000,-3.55000,-3.94000,-3.08000,-3.11000,-104.34000,-128.19000
-1.51000,0.47000,2.75000,-2.99000,-3.90000,-3.23000,-3.26000,-106.90000,-122.48000
-1.50000,0.47000,2.78000,-2.57000,-3.90000,-3.16000,-3.12000,-106.90000,-122.48000
-1.50000,0.46000,2.80000,-2.49000,-3.80000,-2.15000,-1.28000,-103.45000,-89.36000
-1.49000,0.46000,2.81000,-2.53000,-2.80000,-2.11000,-1.02000,-103.45000,-89.36000
-1.49000,0.46000,2.78000,-2.74000,-1.60000,-2.11000,-1.01000,-100.91000,-86.13000
-1.48000,0.46000,2.74000,-3.22000,-0.79000,-2.11000,-1.04000,-100.91000,-86.13000
-1.48000,0.46000,2.69000,-3.51000,-0.44000,-3.28000,-3.25000,-105.59000,-139.13000
-1.47000,0.45000,2.65000,-3.65000,-1.49000,-1.02000,-2.11000,-105.59000,-139.13000
-1.47000,0.45000,2.63000,-3.71000,-2.74000,-1.01000,-2.12000,-65.40000,-126.39000
-1.46000,0.45000,2.62000,-3.13000,-2.82000,-1.00000,-2.13000,-65.40000,-126.39000
-1.46000,0.44000,2.64000,-2.49000,-3.20000,-0.99000,-2.13000,-57.08000,-110.38000
-1.45000,0.44000,2.66000,-1.74000,-2.91000,-1.00000,-2.13000,-57.08000,-110.38000
-1.45000,0.44000,2.68000,-1.20000,-2.51000,-1.00000,-2.12000,-65.28000,-104.85000
-1.45000,0.44000,2.70000,-0.85000,-2.03000,-1.01000,-2.11000,-65.28000,-104.85000
-1.44000,0.44000,2.71000,-0.81000,-1.47000,-1.02000,-2.11000,-74.48000,-112.97000
-1.44000,0.44000,2.73000,-1.08000,-1.83000,-1.08000,-2.11000,-74.48000,-112.97000
-1.44000,0.43000,2.74000,-1.49000,-2.12000,-1.79000,-2.29000,-83.55000,-119.33000
-1.43000,0.43000,2.75000,-1.74000,-2.32000,-2.81000,-2.87000,-83.55000,-119.33000
-1.43000,0.43000,2.76000,-2.16000,-2.68000,-3.18000,-3.21000,-98.77000,-128.44000
-1.42000,0.43000,2.76000,-2.61000,-2.84000,-3.29000,-3.27000,-98.77000,-128.44000
-1.42000,0.43000,2.76000,-3.15000,-3.05000,-3.26000,-3.24000,-95.57000,-126.37000
-1.41000,0.42000,2.76000,-3.20000,-3.24000,-3.28000,-3.25000,-95.57000,-126.37000
-1.40000,0.42000,2.76000,-3.15000,-3.18000,-3.27000,-3.25000,-90.87000,-122.95000
-1.40000,0.42000,2.76000,-2.66000,-2.66000,-3.27000,-3.24000,-90.87000,-122.95000
-1.39000,0.42000,2.78000,-1.83000,-2.70000,-3.26000,-3.24000,-99.29000,-131.58000
-1.39000,0.41000,2.81000,-1.60000,-3.15000,-2.73000,-2.65000,-99.29000,-131.58000
-1.38000,0.41000,2.84000,-1.47000,-3.24000,-2.11000,-1.03000,-101.44000,-94.45000
-1.38000,0.41000,2.86000,-1.74000,-2.74000,-2.12000,-1.01000,-101.44000,-94.45000
-1.37000,0.41000,2.86000,-1.93000,-2.10000,-2.13000,-1.00000,-102.61000,-87.51000
-1.37000,0.41000,2.86000,-1.85000,-1.74000,-2.13000,-1.00000,-102.61000,-87.51000
-1.37000,0.41000,2.84000,-2.01000,-1.22000,-2.13000,-0.99000,-103.39000,-91.94000
-1.36000,0.41000,2.82000,-2.10000,-0.87000,-2.12000,-1.00000,-103.39000,-91.94000
-1.36000,0.41000,2.80000,-2.49000,-1.12000,-2.12000,-1.01000,-101.20000,-100.73000
-1.35000,0.40000,2.77000,-2.74000,-1.24000,-2.11000,-1.01000,-101.20000,-100.73000
-1.35000,0.40000,2.74000,-2.74000,-1.37000,-2.11000,-1.09000,-91.63000,-97.25000
-1.35000,0.40000,2.73000,-2.32000,-1.66000,-2.89000,-2.84000,-91.63000,-97.25000
-1.34000,0.40000,2.73000,-1.93000,-1.74000,-3.24000,-3.21000,-110.94000,-121.83000
-1.34000,0.40000,2.73000,-2.01000,-2.32000,-3.27000,-3.25000,-110.94000,-121.83000
-1.33000,0.39000,2.74000,-2.53000,-2.72000,-3.18000,-3.15000,-120.26000,-120.30000
-1.33000,0.39000,2.74000,-2.68000,-2.99000,-3.06000,-3.02000,-120.26000,-120.30000
-1.32000,0.39000,2.75000,-2.95000,-3.09000,-2.72000,-2.65000,-110.44000,-107.78000
-1.31000,0.39000,2.75000,-2.95000,-2.97000,-2.42000,-2.13000,-110.44000,-107.78000
-1.31000,0.38000,2.74000,-2.97000,-2.82000,-2.26000,-1.70000,-99.79000,-91.79000
-1.30000,0.38000,2.73000,-3.11000,-2.26000,-2.21000,-1.53000,-99.79000,-91.79000
-1.30000,0.38000,2.69000,-3.34000,-1.41000,-2.71000,-2.63000,-99.84000,-108.74000
-1.29000,0.38000,2.65000,-3.42000,-0.95000,-3.14000,-3.17000,-99.84000,-108.74000
-1.29000,0.38000,2.61000,-3.42000,-1.29000,-1.02000,-2.11000,-67.43000,-122.70000
-1.28000,0.37000,2.59000,-2.88000,-1.99000,-0.96000,-2.16000,-67.43000,-122.70000
-1.28000,0.37000,2.60000,-2.24000,-2.45000,-0.96000,-2.17000,-60.13000,-114.99000
-1.28000,0.37000,2.61000,-1.66000,-2.28000,-0.96000,-2.17000,-60.13000,-114.99000
-1.27000,0.37000,2.63000,-1.33000,-2.32000,-0.96000,-2.17000,-66.99000,-111.65000
-1.27000,0.36000,2.65000,-1.12000,-2.30000,-0.97000,-2.16000,-66.99000,-111.65000
-1.27000,0.36000,2.67000,-1.12000,-2.08000,-0.97000,-2.15000,-71.10000,-110.39000
-1.26000,0.36000,2.68000,-1.20000,-1.91000,-0.98000,-2.14000,-71.10000,-110.39000
-1.26000,0.36000,2.69000,-1.02000,-1.91000,-0.99000,-2.14000,-69.18000,-115.23000
-1.26000,0.36000,2.71000,-1.02000,-1.68000,-0.99000,-2.13000,-69.18000,-115.23000
-1.25000,0.36000,2.72000,-1.20000,-1.95000,-1.00000,-2.13000,-70.83000,-119.85000
-1.25000,0.35000,2.74000,-1.20000,-2.45000,-1.00000,-2.12000,-70.83000,-119.85000
-1.25000,0.35000,2.77000,-1.16000,-2.70000,-1.01000,-2.11000,-68.12000,-110.82000
-1.24000,0.35000,2.79000,-1.33000,-2.66000,-1.03000,-2.11000,-68.12000,-110.82000
-1.24000,0.35000,2.82000,-1.33000,-2.51000,-2.10000,-2.41000,-81.40000,-110.09000
-1.23000,0.35000,2.83000,-1.47000,-2.41000,-3.23000,-3.26000,-81.40000,-110.09000
-1.23000,0.35000,2.84000,-1.89000,-2.32000,-3.14000,-3.10000,-99.41000,-122.77000
-1.22000,0.35000,2.84000,-2.36000,-2.39000,-2.80000,-2.74000,-99.41000,-122.77000
-1.22000,0.34000,2.83000,-2.74000,-2.32000,-2.76000,-2.69000,-90.42000,-121.15000
-1.21000,0.34000,2.83000,-2.45000,-2.08000,-3.09000,-3.05000,-90.42000,-121.15000
-1.21000,0.34000,2.83000,-1.56000,-1.91000,-3.24000,-3.21000,-98.72000,-135.44000
-1.21000,0.34000,2.85000,-1.39000,-2.16000,-3.09000,-3.05000,-98.72000,-135.44000
-1.20000,0.34000,2.87000,-1.08000,-2.61000,-2.37000,-2.00000,-106.27000,-122.84000
-1.20000,0.34000,2.91000,-0.64000,-2.47000,-2.11000,-1.02000,-106.27000,-122.84000
-1.20000,0.34000,2.93000,-0.77000,-2.24000,-2.12000,-1.01000,-119.61000,-102.32000
-1.19000,0.34000,2.94000,-1.66000,-1.99000,-2.13000,-0.99000,-119.61000,-102.32000
-1.19000,0.33000,2.93000,-2.28000,-1.76000,-2.13000,-0.99000,-113.42000,-100.48000
-1.18000,0.33000,2.91000,-2.61000,-1.70000,-2.13000,-0.99000,-113.42000,-100.48000
-1.18000,0.33000,2.90000,-2.51000,-1.51000,-2.12000,-1.00000,-101.81000,-98.98000
-1.17000,0.33000,2.88000,-2.34000,-1.62000,-2.12000,-1.01000,-101.81000,-98.98000
-1.17000,0.33000,2.86000,-2.43000,-1.43000,-2.11000,-1.01000,-102.74000,-96.18000
-1.17000,0.33000,2.84000,-2.66000,-1.43000,-2.11000,-1.02000,-102.74000,-96.18000
-1.16000,0.33000,2.82000,-2.80000,-1.58000,-2.14000,-1.22000,-97.06000,-98.40000
-1.16000,0.33000,2.81000,-2.66000,-1.80000,-3.02000,-2.98000,-97.06000,-98.40000
-1.15000,0.32000,2.80000,-2.32000,-1.91000,-3.27000,-3.30000,-110.95000,-122.70000
-1.15000,0.32000,2.80000,-2.34000,-2.32000,-3.20000,-3.23000,-110.95000,-122.70000
-1.14000,0.32000,2.80000,-2.63000,-2.78000,-3.19000,-3.22000,-118.06000,-122.68000
-1.13000,0.32000,2.81000,-2.63000,-3.01000,-3.23000,-3.25000,-118.06000,-122.68000
-1.13000,0.32000,2.81000,-2.80000,-3.18000,-3.29000,-3.27000,-120.35000,-118.55000
-1.12000,0.31000,2.82000,-2.86000,-3.13000,-3.22000,-3.19000,-120.35000,-118.55000
-1.12000,0.31000,2.81000,-3.05000,-2.59000,-3.10000,-3.06000,-117.95000,-115.16000
-1.11000,0.31000,2.78000,-3.42000,-2.01000,-3.26000,-3.24000,-117.95000,-115.16000
-1.10000,0.31000,2.75000,-3.94000,-2.01000,-2.69000,-2.76000,-104.81000,-126.95000
-1.10000,0.31000,2.72000,-3.96000,-2.10000,-1.02000,-2.11000,-104.81000,-126.95000
-1.09000,0.30000,2.69000,-3.84000,-2.39000,-1.01000,-2.12000,-67.09000,-120.64000
-1.09000,0.30000,2.68000,-3.28000,-2.57000,-0.99000,-2.13000,-67.09000,-120.64000
-1.08000,0.30000,2.68000,-2.57000,-2.95000,-0.99000,-2.14000,-59.31000,-113.92000
-1.07000,0.29000,2.70000,-1.97000,-2.80000,-0.99000,-2.14000,-59.31000,-113.92000
-1.07000,0.29000,2.71000,-1.64000,-2.51000,-0.99000,-2.13000,-65.23000,-107.81000
-1.07000,0.29000,2.73000,-1.08000,-2.20000,-1.00000,-2.13000,-65.23000,-107.81000
-1.06000,0.29000,2.76000,-0.85000,-2.20000,-1.00000,-2.12000,-72.92000,-112.65000
-1.06000,0.29000,2.78000,-0.98000,-2.39000,-1.01000,-2.11000,-72.92000,-112.65000
-1.06000,0.29000,2.81000,-1.33000,-2.53000,-1.02000,-2.11000,-74.33000,-109.13000
-1.05000,0.29000,2.83000,-1.33000,-2.49000,-1.57000,-2.23000,-74.33000,-109.13000
-1.05000,0.28000,2.84000,-1.51000,-2.34000,-3.12000,-3.15000,-100.73000,-121.55000
-1.04000,0.28000,2.85000,-2.14000,-2.45000,-3.28000,-3.25000,-100.73000,-121.55000
-1.04000,0.28000,2.85000,-2.66000,-2.61000,-3.19000,-3.16000,-100.42000,-126.29000
-1.03000,0.28000,2.85000,-2.90000,-2.99000,-3.20000,-3.17000,-100.42000,-126.29000
-1.03000,0.28000,2.84000,-3.15000,-2.78000,-3.15000,-3.12000,-94.60000,-121.82000
-1.02000,0.28000,2.83000,-2.78000,-2.28000,-3.26000,-3.24000,-94.60000,-121.82000
-1.01000,0.27000,2.83000,-2.49000,-2.43000,-3.25000,-3.28000,-99.45000,-135.57000
-1.01000,0.27000,2.84000,-1.97000,-2.59000,-3.24000,-3.26000,-99.45000,-135.57000
-1.00000,0.27000,2.86000,-1.74000,-2.70000,-3.25000,-3.22000,-114.43000,-136.08000
-1.00000,0.27000,2.88000,-1.87000,-2.86000,-2.55000,-2.43000,-114.43000,-136.08000
-0.99000,0.27000,2.90000,-2.24000,-3.22000,-2.11000,-1.06000,-106.53000,-103.38000
-0.99000,0.27000,2.91000,-2.39000,-3.13000,-2.11000,-1.02000,-106.53000,-103.38000
-0.98000,0.26000,2.92000,-2.43000,-2.78000,-2.12000,-1.01000,-100.32000,-87.74000
-0.98000,0.26000,2.91000,-2.34000,-2.28000,-2.12000,-1.00000,-100.32000,-87.74000
-0.97000,0.26000,2.90000,-2.66000,-1.87000,-2.12000,-1.00000,-99.45000,-87.63000
-0.97000,0.26000,2.88000,-2.90000,-1.64000,-2.12000,-1.00000,-99.45000,-87.63000
-0.96000,0.26000,2.85000,-2.91000,-1.35000,-2.12000,-1.01000,-89.64000,-89.71000
-0.96000,0.26000,2.83000,-2.41000,-1.35000,-2.11000,-1.01000,-89.64000,-89.71000
-0.95000,0.26000,2.82000,-2.12000,-1.43000,-2.11000,-1.02000,-92.19000,-90.45000
-0.95000,0.26000,2.80000,-1.95000,-1.22000,-2.11000,-1.03000,-92.19000,-90.45000
-0.95000,0.26000,2.80000,-1.79000,-1.35000,-2.12000,-1.10000,-97.38000,-91.58000
-0.95000,0.25000,2.80000,-1.45000,-1.37000,-2.13000,-1.19000,-97.38000,-91.58000
-0.94000,0.25000,2.79000,-1.72000,-1.27000,-2.12000,-1.11000,-105.87000,-88.80000
-0.94000,0.25000,2.78000,-1.95000,-1.41000,-1.01000,-2.11000,-105.87000,-88.80000
-0.93000,0.25000,2.77000,-2.22000,-1.60000,-1.01000,-2.11000,-85.79000,-101.65000
-0.93000,0.25000,2.76000,-1.87000,-1.66000,-1.01000,-2.12000,-85.79000,-101.65000
-0.93000,0.25000,2.76000,-1.81000,-1.93000,-1.01000,-2.12000,-81.33000,-102.25000
-0.92000,0.25000,2.77000,-1.56000,-1.70000,-1.01000,-2.12000,-81.33000,-102.25000
-0.92000,0.24000,2.76000,-1.74000,-1.25000,-1.01000,-2.12000,-80.86000,-104.37000
-0.92000,0.24000,2.73000,-1.91000,-0.58000,-1.00000,-2.12000,-80.86000,-104.37000
-0.92000,0.24000,2.70000,-2.18000,-0.31000,-0.99000,-2.13000,-72.03000,-123.87000
-0.91000,0.24000,2.68000,-1.93000,-0.75000,-0.98000,-2.15000,-72.03000,-123.87000
-0.91000,0.24000,2.68000,-1.62000,-1.54000,-0.97000,-2.16000,-65.86000,-131.07000
-0.91000,0.24000,2.69000,-1.41000,-2.05000,-0.97000,-2.16000,-65.86000,-131.07000
-0.90000,0.24000,2.71000,-1.27000,-2.32000,-0.97000,-2.15000,-67.91000,-119.87000
-0.90000,0.23000,2.73000,-1.20000,-2.55000,-0.98000,-2.15000,-67.91000,-119.87000
-0.89000,0.23000,2.76000,-1.20000,-2.57000,-0.99000,-2.14000,-68.66000,-112.76000
-0.89000,0.23000,2.78000,-1.39000,-2.43000,-1.00000,-2.13000,-68.66000,-112.76000
-0.89000,0.23000,2.80000,-1.25000,-2.30000,-1.01000,-2.12000,-64.84000,-111.89000
-0.88000,0.23000,2.82000,-1.06000,-2.30000,-1.01000,-2.11000,-64.84000,-111.89000
-0.88000,0.23000,2.84000,-1.14000,-2.18000,-1.02000,-2.11000,-67.78000,-111.68000
-0.88000,0.23000,2.86000,-1.37000,-2.45000,-1.42000,-2.18000,-67.78000,-111.68000
-0.87000,0.22000,2.88000,-1.33000,-2.53000,-3.03000,-3.06000,-92.95000,-122.71000
-0.87000,0.22000,2.89000,-1.99000,-2.66000,-3.22000,-3.19000,-92.95000,-122.71000
-0.86000,0.22000,2.90000,-2.49000,-2.82000,-2.79000,-2.72000,-89.96000,-118.16000
-0.85000,0.22000,2.90000,-2.61000,-2.86000,-2.41000,-2.11000,-89.96000,-118.16000
-0.85000,0.22000,2.90000,-2.70000,-2.82000,-2.23000,-1.57000,-76.97000,-98.15000
-0.84000,0.22000,2.90000,-2.45000,-2.47000,-2.17000,-1.35000,-76.97000,-98.15000
-0.84000,0.22000,2.90000,-2.08000,-2.05000,-2.16000,-1.30000,-76.07000,-92.22000
-0.84000,0.22000,2.89000,-1.62000,-1.02000,-2.15000,-1.29000,-76.07000,-92.22000
-0.83000,0.22000,2.88000,-1.49000,-0.56000,-2.51000,-2.34000,-92.03000,-122.55000
-0.83000,0.21000,2.86000,-1.49000,-0.87000,-3.22000,-3.20000,-92.03000,-122.55000
-0.83000,0.21000,2.86000,-1.83000,-1.37000,-3.25000,-3.28000,-110.40000,-146.77000
-0.82000,0.21000,2.85000,-2.03000,-1.95000,-3.09000,-3.13000,-110.40000,-146.77000
-0.82000,0.21000,2.86000,-2.39000,-2.55000,-3.04000,-3.08000,-109.66000,-141.99000
-0.81000,0.21000,2.87000,-2.22000,-2.90000,-3.13000,-3.16000,-109.66000,-141.99000
-0.81000,0.21000,2.89000,-2.26000,-3.22000,-3.29000,-3.27000,-116.70000,-137.30000
-0.80000,0.21000,2.90000,-2.47000,-3.26000,-2.85000,-2.80000,-116.70000,-137.30000
-0.79000,0.20000,2.92000,-2.70000,-3.57000,-2.18000,-1.39000,-102.67000,-106.03000
-0.79000,0.20000,2.93000,-2.61000,-3.40000,-2.11000,-1.03000,-102.67000,-106.03000
-0.78000,0.20000,2.94000,-2.57000,-3.07000,-2.11000,-1.01000,-97.71000,-87.01000
-0.78000,0.20000,2.94000,-2.82000,-2.55000,-2.11000,-1.01000,-97.71000,-87.01000
-0.77000,0.20000,2.92000,-2.88000,-1.99000,-2.11000,-1.01000,-91.59000,-85.39000
-0.77000,0.20000,2.90000,-2.47000,-1.62000,-2.11000,-1.02000,-91.59000,-85.39000
-0.76000,0.20000,2.89000,-1.83000,-1.29000,-2.11000,-1.06000,-92.58000,-90.85000
-0.76000,0.20000,2.89000,-1.66000,-1.33000,-2.17000,-1.34000,-92.58000,-90.85000
-0.76000,0.20000,2.89000,-1.43000,-1.37000,-2.31000,-1.84000,-105.57000,-103.53000
-0.75000,0.19000,2.88000,-1.89000,-1.58000,-2.34000,-1.93000,-105.57000,-103.53000
-0.75000,0.19000,2.88000,-2.08000,-1.99000,-2.61000,-2.52000,-110.63000,-113.17000
-0.74000,0.19000,2.88000,-2.20000,-2.16000,-2.69000,-2.61000,-110.63000,-113.17000
-0.74000,0.19000,2.88000,-2.24000,-2.28000,-2.71000,-2.64000,-111.79000,-111.83000
-0.73000,0.19000,2.87000,-2.32000,-1.68000,-2.63000,-2.54000,-111.79000,-111.83000
-0.73000,0.19000,2.85000,-2.24000,-1.22000,-3.15000,-3.12000,-119.54000,-129.05000
-0.73000,0.19000,2.83000,-2.68000,-1.49000,-3.21000,-3.23000,-119.54000,-129.05000
-0.72000,0.19000,2.80000,-3.51000,-2.16000,-1.82000,-2.31000,-99.35000,-128.31000
-0.71000,0.18000,2.78000,-3.86000,-2.57000,-1.02000,-2.11000,-99.35000,-128.31000
-0.71000,0.18000,2.76000,-3.90000,-2.93000,-1.01000,-2.11000,-64.28000,-114.13000
-0.70000,0.18000,2.76000,-3.24000,-3.09000,-1.00000,-2.12000,-64.28000,-114.13000
-0.69000,0.18000,2.77000,-2.41000,-2.90000,-1.00000,-2.13000,-56.36000,-103.76000
-0.69000,0.17000,2.78000,-1.62000,-2.47000,-1.00000,-2.12000,-56.36000,-103.76000
-0.69000,0.17000,2.81000,-1.16000,-2.35000,-1.01000,-2.12000,-67.35000,-107.20000
-0.68000,0.17000,2.83000,-0.91000,-2.18000,-1.01000,-2.11000,-67.35000,-107.20000
-0.68000,0.17000,2.85000,-0.91000,-2.14000,-1.04000,-2.11000,-74.78000,-109.27000
-0.67000,0.17000,2.87000,-1.24000,-2.22000,-2.37000,-2.52000,-74.78000,-109.27000
-0.67000,0.17000,2.88000,-1.45000,-2.24000,-3.21000,-3.24000,-103.07000,-125.16000
-0.67000,0.17000,2.89000,-2.01000,-2.47000,-3.23000,-3.20000,-103.07000,-125.16000
-0.66000,0.17000,2.89000,-2.88000,-2.70000,-3.00000,-2.95000,-100.16000,-123.30000
-0.65000,0.16000,2.88000,-3.24000,-2.95000,-3.10000,-3.06000,-100.16000,-123.30000
-0.65000,0.16000,2.88000,-3.44000,-3.07000,-3.21000,-3.19000,-90.97000,-122.52000
-0.64000,0.16000,2.86000,-3.40000,-2.78000,-3.29000,-3.26000,-90.97000,-122.52000
-0.63000,0.16000,2.86000,-3.01000,-2.55000,-3.16000,-3.19000,-87.54000,-126.52000
-0.63000,0.16000,2.86000,-2.53000,-2.55000,-2.83000,-2.89000,-87.54000,-126.52000
-0.62000,0.15000,2.87000,-2.05000,-2.70000,-2.81000,-2.87000,-93.91000,-127.54000
-0.62000,0.15000,2.89000,-1.43000,-2.74000,-3.20000,-3.23000,-93.91000,-127.54000
-0.61000,0.15000,2.92000,-1.27000,-2.99000,-2.99000,-2.95000,-114.80000,-127.86000
-0.61000,0.15000,2.95000,-1.70000,-3.17000,-2.11000,-1.03000,-114.80000,-127.86000
-0.60000,0.15000,2.97000,-2.20000,-3.38000,-2.11000,-1.01000,-106.93000,-93.51000
-0.60000,0.15000,2.98000,-2.43000,-3.13000,-2.12000,-1.00000,-106.93000,-93.51000
-0.59000,0.15000,2.99000,-2.34000,-2.70000,-2.13000,-0.99000,-98.79000,-80.88000
-0.59000,0.15000,2.99000,-2.24000,-2.14000,-2.14000,-0.99000,-98.79000,-80.88000
-0.58000,0.15000,2.97000,-2.41000,-1.56000,-2.14000,-0.99000,-99.96000,-82.87000
-0.58000,0.15000,2.95000,-2.51000,-1.18000,-2.14000,-0.99000,-99.96000,-82.87000
-0.57000,0.15000,2.92000,-2.55000,-1.18000,-2.13000,-0.99000,-95.13000,-90.41000
-0.57000,0.14000,2.90000,-2.45000,-1.29000,-2.12000,-1.00000,-95.13000,-90.41000
-0.57000,0.14000,2.89000,-2.12000,-1.24000,-2.12000,-1.01000,-93.60000,-87.95000
-0.56000,0.14000,2.88000,-1.78000,-1.45000,-2.11000,-1.01000,-93.60000,-87.95000
-0.56000,0.14000,2.87000,-1.78000,-1.35000,-2.11000,-1.01000,-101.46000,-83.84000
-0.56000,0.14000,2.86000,-1.89000,-1.20000,-2.11000,-1.01000,-101.46000,-83.84000
-0.55000,0.14000,2.85000,-1.68000,-1.29000,-2.11000,-1.02000,-101.80000,-85.02000
-0.55000,0.14000,2.84000,-1.78000,-1.25000,-2.11000,-1.02000,-101.80000,-85.02000
-0.55000,0.14000,2.83000,-1.66000,-1.04000,-2.11000,-1.03000,-104.64000,-83.45000
-0.54000,0.14000,2.82000,-1.74000,-0.91000,-2.12000,-1.10000,-104.64000,-83.45000
-0.54000,0.14000,2.80000,-1.93000,-1.10000,-2.33000,-1.89000,-110.54000,-100.06000
-0.54000,0.13000,2.78000,-2.28000,-1.00000,-3.01000,-2.96000,-110.54000,-100.06000
-0.53000,0.13000,2.75000,-2.84000,-1.10000,-3.22000,-3.25000,-119.32000,-125.02000
-0.53000,0.13000,2.71000,-3.57000,-1.58000,-1.14000,-2.12000,-119.32000,-125.02000
-0.52000,0.13000,2.67000,-4.15000,-2.03000,-1.01000,-2.12000,-72.52000,-112.87000
-0.51000,0.13000,2.65000,-3.69000,-2.37000,-0.95000,-2.18000,-72.52000,-112.87000
-0.51000,0.12000,2.64000,-2.82000,-2.41000,-0.94000,-2.19000,-54.22000,-105.33000
-0.51000,0.12000,2.65000,-1.99000,-2.28000,-0.93000,-2.19000,-54.22000,-105.33000
-0.50000,0.12000,2.67000,-1.14000,-2.20000,-0.94000,-2.19000,-63.16000,-105.53000
-0.50000,0.12000,2.68000,-1.04000,-1.97000,-0.94000,-2.18000,-63.16000,-105.53000
-0.50000,0.12000,2.70000,-0.98000,-1.87000,-0.95000,-2.18000,-71.33000,-109.47000
-0.49000,0.11000,2.72000,-0.91000,-1.76000,-0.95000,-2.17000,-71.33000,-109.47000
-0.49000,0.11000,2.73000,-1.20000,-1.78000,-0.96000,-2.17000,-72.83000,-113.65000
-0.49000,0.11000,2.73000,-1.37000,-1.68000,-0.96000,-2.16000,-72.83000,-113.65000
-0.48000,0.11000,2.74000,-1.18000,-1.91000,-0.97000,-2.16000,-66.36000,-117.23000
-0.48000,0.11000,2.77000,-1.14000,-2.47000,-0.97000,-2.15000,-66.36000,-117.23000
-0.48000,0.11000,2.80000,-1.20000,-2.76000,-0.98000,-2.14000,-67.58000,-108.05000
-0.47000,0.11000,2.83000,-1.10000,-2.84000,-0.99000,-2.13000,-67.58000,-108.05000
-0.47000,0.10000,2.86000,-1.10000,-2.74000,-1.01000,-2.12000,-67.62000,-100.16000
-0.46000,0.10000,2.88000,-1.29000,-2.53000,-1.01000,-2.11000,-67.62000,-100.16000
-0.46000,0.10000,2.90000,-1.16000,-2.24000,-1.06000,-2.11000,-65.05000,-100.31000
-0.46000,0.10000,2.92000,-0.98000,-2.01000,-2.36000,-2.52000,-65.05000,-100.31000
-0.45000,0.10000,2.94000,-0.98000,-1.97000,-3.23000,-3.26000,-100.91000,-122.76000
-0.45000,0.10000,2.94000,-1.68000,-1.91000,-3.11000,-3.08000,-100.91000,-122.76000
-0.44000,0.10000,2.94000,-2.39000,-2.18000,-2.95000,-2.91000,-99.71000,-126.53000
-0.44000,0.10000,2.93000,-2.72000,-2.41000,-3.09000,-3.05000,-99.71000,-126.53000
-0.43000,0.10000,2.93000,-2.88000,-2.72000,-3.22000,-3.20000,-95.85000,-129.39000
-0.43000,0.09000,2.93000,-2.57000,-2.84000,-3.27000,-3.24000,-95.85000,-129.39000
-0.42000,0.09000,2.95000,-2.01000,-3.07000,-3.18000,-3.15000,-100.44000,-126.93000
-0.42000,0.09000,2.98000,-1.81000,-3.22000,-2.29000,-1.79000,-100.44000,-126.93000
-0.41000,0.09000,3.01000,-1.64000,-3.34000,-2.11000,-1.02000,-99.46000,-91.21000
-0.40000,0.09000,3.03000,-1.72000,-3.01000,-2.12000,-1.01000,-99.46000,-91.21000
-0.40000,0.09000,3.05000,-1.74000,-2.61000,-2.13000,-1.00000,-102.83000,-80.81000
-0.40000,0.09000,3.05000,-1.64000,-2.03000,-2.13000,-0.99000,-102.83000,-80.81000
-0.39000,0.09000,3.05000,-1.89000,-1.45000,-2.14000,-0.99000,-106.70000,-83.23000
-0.39000,0.09000,3.03000,-1.95000,-1.06000,-2.14000,-0.99000,-106.70000,-83.23000
-0.38000,0.09000,3.00000,-2.51000,-1.04000,-2.13000,-1.00000,-104.86000,-91.69000
-0.38000,0.09000,2.97000,-2.90000,-1.00000,-2.12000,-1.01000,-104.86000,-91.69000
-0.38000,0.09000,2.93000,-2.95000,-0.91000,-2.11000,-1.02000,-91.29000,-92.62000
-0.37000,0.09000,2.91000,-2.47000,-1.27000,-2.81000,-2.75000,-91.29000,-92.62000
-0.37000,0.09000,2.90000,-2.12000,-1.56000,-3.26000,-3.29000,-110.37000,-122.74000
-0.36000,0.08000,2.89000,-2.32000,-1.99000,-3.08000,-3.11000,-110.37000,-122.74000
-0.36000,0.08000,2.90000,-2.57000,-2.76000,-2.81000,-2.87000,-110.53000,-117.65000
-0.35000,0.08000,2.90000,-2.57000,-2.90000,-2.96000,-3.01000,-110.53000,-117.65000
-0.35000,0.08000,2.90000,-2.49000,-2.51000,-3.15000,-3.18000,-114.86000,-113.96000
-0.34000,0.08000,2.89000,-2.47000,-1.72000,-3.16000,-3.19000,-114.86000,-113.96000
-0.34000,0.08000,2.87000,-2.51000,-1.47000,-2.48000,-2.58000,-109.81000,-124.29000
-0.33000,0.08000,2.86000,-2.82000,-1.89000,-1.07000,-2.11000,-109.81000,-124.29000
-0.33000,0.07000,2.83000,-3.44000,-2.16000,-1.02000,-2.11000,-82.65000,-119.88000
-0.32000,0.07000,2.82000,-3.26000,-2.43000,-1.01000,-2.12000,-82.65000,-119.88000
-0.31000,0.07000,2.81000,-2.86000,-2.72000,-1.00000,-2.12000,-65.06000,-113.35000
-0.31000,0.07000,2.82000,-2.32000,-2.61000,-1.00000,-2.13000,-65.06000,-113.35000
-0.30000,0.07000,2.83000,-1.76000,-2.51000,-1.00000,-2.12000,-65.52000,-108.73000
-0.30000,0.07000,2.85000,-1.45000,-2.34000,-1.01000,-2.12000,-65.52000,-108.73000
-0.30000,0.07000,2.87000,-1.14000,-2.10000,-1.01000,-2.11000,-70.80000,-109.66000
-0.29000,0.06000,2.88000,-1.18000,-2.14000,-1.02000,-2.11000,-70.80000,-109.66000
-0.29000,0.06000,2.90000,-1.45000,-2.30000,-1.07000,-2.11000,-73.11000,-111.36000
-0.28000,0.06000,2.92000,-1.47000,-2.53000,-1.98000,-2.36000,-73.11000,-111.36000
-0.28000,0.06000,2.93000,-1.60000,-2.41000,-3.18000,-3.21000,-99.65000,-121.70000
-0.28000,0.06000,2.94000,-2.14000,-2.47000,-3.25000,-3.22000,-99.65000,-121.70000
-0.27000,0.06000,2.94000,-2.66000,-2.66000,-3.12000,-3.09000,-99.12000,-124.95000
-0.26000,0.06000,2.94000,-2.97000,-2.78000,-3.12000,-3.08000,-99.12000,-124.95000
-0.26000,0.06000,2.93000,-3.24000,-2.86000,-3.19000,-3.16000,-93.65000,-125.12000
-0.25000,0.05000,2.92000,-3.24000,-2.66000,-3.28000,-3.26000,-93.65000,-125.12000
-0.24000,0.05000,2.91000,-3.01000,-2.49000,-3.19000,-3.22000,-90.95000,-130.15000
-0.24000,0.05000,2.90000,-2.88000,-2.63000,-2.87000,-2.92000,-90.95000,-130.15000
-0.23000,0.05000,2.92000,-2.45000,-3.09000,-2.54000,-2.63000,-86.26000,-125.03000
-0.23000,0.05000,2.94000,-1.91000,-3.20000,-3.11000,-3.14000,-86.26000,-125.03000
-0.22000,0.05000,2.98000,-1.20000,-3.24000,-3.13000,-3.10000,-107.63000,-123.57000
-0.22000,0.05000,3.01000,-1.51000,-3.28000,-2.11000,-1.03000,-107.63000,-123.57000
-0.21000,0.05000,3.04000,-1.83000,-3.46000,-2.12000,-1.01000,-105.67000,-90.44000
-0.20000,0.05000,3.06000,-2.07000,-3.09000,-2.13000,-1.00000,-105.67000,-90.44000
-0.20000,0.05000,3.06000,-2.18000,-2.49000,-2.14000,-0.99000,-101.22000,-79.31000
-0.20000,0.05000,3.06000,-2.12000,-1.78000,-2.14000,-0.98000,-101.22000,-79.31000
-0.19000,0.04000,3.04000,-1.99000,-1.29000,-2.14000,-0.99000,-101.02000,-86.25000
-0.19000,0.04000,3.03000,-2.16000,-1.18000,-2.14000,-0.99000,-101.02000,-86.25000
-0.18000,0.04000,3.00000,-2.37000,-0.93000,-2.13000,-0.99000,-100.36000,-90.62000
-0.18000,0.04000,2.97000,-2.68000,-0.93000,-2.12000,-1.01000,-100.36000,-90.62000
-0.18000,0.04000,2.94000,-2.59000,-1.20000,-2.11000,-1.02000,-92.10000,-93.54000
-0.17000,0.04000,2.93000,-2.24000,-1.37000,-2.12000,-1.12000,-92.10000,-93.54000
-0.17000,0.04000,2.91000,-2.03000,-1.35000,-2.49000,-2.30000,-100.97000,-106.75000
-0.16000,0.04000,2.91000,-2.03000,-1.78000,-3.10000,-3.06000,-100.97000,-106.75000
-0.16000,0.04000,2.91000,-2.07000,-2.14000,-3.21000,-3.18000,-116.30000,-119.26000
-0.15000,0.04000,2.91000,-2.20000,-2.30000,-3.18000,-3.14000,-116.30000,-119.26000
-0.15000,0.04000,2.91000,-2.45000,-2.18000,-3.12000,-3.08000,-119.52000,-118.44000
-0.14000,0.04000,2.89000,-2.66000,-1.91000,-3.22000,-3.19000,-119.52000,-118.44000
-0.14000,0.03000,2.88000,-2.74000,-1.72000,-3.23000,-3.26000,-119.87000,-131.63000
-0.13000,0.03000,2.86000,-3.36000,-2.28000,-2.36000,-2.52000,-119.87000,-131.63000
-0.13000,0.03000,2.83000,-3.96000,-2.61000,-1.05000,-2.11000,-79.99000,-116.88000
-0.12000,0.03000,2.81000,-3.76000,-2.32000,-1.01000,-2.11000,-79.99000,-116.88000
-0.11000,0.03000,2.79000,-3.22000,-2.39000,-1.00000,-2.12000,-59.51000,-115.46000
-0.11000,0.02000,2.79000,-2.47000,-2.51000,-0.99000,-2.13000,-59.51000,-115.46000
-0.10000,0.02000,2.81000,-1.64000,-2.45000,-0.99000,-2.13000,-62.12000,-111.62000
-0.10000,0.02000,2.83000,-1.24000,-2.30000,-0.99000,-2.13000,-62.12000,-111.62000
-0.10000,0.02000,2.84000,-1.02000,-1.93000,-1.00000,-2.12000,-71.76000,-112.32000
-0.09000,0.02000,2.86000,-1.20000,-2.22000,-1.01000,-2.12000,-71.76000,-112.32000
-0.09000,0.02000,2.88000,-1.41000,-2.47000,-1.01000,-2.11000,-71.07000,-112.32000
-0.09000,0.02000,2.90000,-1.54000,-2.49000,-1.02000,-2.11000,-71.07000,-112.32000
-0.08000,0.02000,2.91000,-1.66000,-2.51000,-1.04000,-2.11000,-65.36000,-107.54000
-0.08000,0.01000,2.93000,-1.39000,-2.41000,-1.40000,-2.18000,-65.36000,-107.54000
-0.07000,0.01000,2.95000,-1.35000,-2.34000,-2.91000,-2.95000,-92.56000,-119.17000
-0.07000,0.01000,2.96000,-1.85000,-2.41000,-3.29000,-3.27000,-92.56000,-119.17000
-0.06000,0.01000,2.96000,-2.39000,-2.59000,-3.16000,-3.13000,-98.66000,-125.12000
-0.06000,0.01000,2.96000,-2.82000,-2.61000,-3.01000,-2.97000,-98.66000,-125.12000
-0.05000,0.01000,2.95000,-3.07000,-2.43000,-3.09000,-3.05000,-90.84000,-125.20000
-0.04000,0.01000,2.94000,-3.03000,-2.47000,-3.28000,-3.26000,-90.84000,-125.20000
-0.04000,0.01000,2.93000,-2.70000,-2.53000,-3.21000,-3.24000,-91.19000,-132.82000
-0.03000,0.01000,2.94000,-2.32000,-2.63000,-3.13000,-3.16000,-91.19000,-132.82000
-0.03000,0.01000,2.96000,-1.95000,-2.82000,-3.21000,-3.24000,-102.83000,-134.93000
-0.02000,0.00000,2.99000,-1.58000,-3.40000,-3.22000,-3.20000,-102.83000,-134.93000
-0.02000,0.00000,3.03000,-1.66000,-3.69000,-0.14000,0.14000,-73.24000,-76.41000
-0.01000,0.00000,3.06000,-1.12000,-3.07000,-0.10000,0.10000,-73.24000,-76.41000
-0.01000,0.00000,3.09000,-0.39000,-2.20000,-0.07000,0.07000,-70.41000,-61.17000
-0.01000,0.00000,3.12000,0.00000,-1.29000,-0.04000,0.04000,-70.41000,-61.17000
-0.01000,0.00000,3.13000,-0.02000,-0.58000,-0.01000,0.01000,-80.11000,-69.90000
-0.01000,0.00000,3.13000,-0.17000,-0.08000,-0.01000,0.01000,-80.11000,-69.90000
-0.01000,0.00000,3.13000,-0.02000,0.00000,-0.01000,0.01000,-77.59000,-80.26000
-0.01000,0.00000,3.12000,-0.10000,0.00000,-0.01000,0.01000,-77.59000,-80.26000
-0.01000,0.00000,3.12000,0.00000,0.00000,-0.01000,0.01000,-77.61000,-80.93000
-0.01000,0.00000,3.12000,0.00000,0.00000,-0.01000,0.01000,-77.61000,-80.93000
-0.01000,0.00000,3.12000,-0.02000,0.00000,-0.01000,0.01000,-78.60000,-80.87000
-0.01000,0.00000,3.12000,0.00000,0.00000,-0.01000,0.01000,-78.60000,-80.87000
-0.01000,0.00000,3.12000,-0.02000,0.00000,-0.01000,0.01000,-78.67000,-80.80000
-0.01000,0.00000,3.12000,0.00000,0.00000,-0.01000,0.01000,-78.67000,-80.80000
-0.01000,0.00000,3.12000,-0.04000,0.00000,-0.01000,0.01000,-78.73000,-80.74000
-0.01000,0.00000,3.12000,-0.08000,0.00000,-0.01000,0.01000,-78.73000,-80.74000
-0.01000,0.00000,3.12000,0.00000,0.00000,-0.01000,0.01000,-77.59000,-80.63000
-0.01000,0.00000,3.12000,-0.02000,0.00000,-0.01000,0.01000,-77.59000,-80.63000
-0.01000,0.00000,3.12000,-0.02000,0.00000,-0.01000,0.01000,-78.11000,-80.55000
-0.01000,0.00000,3.12000,0.00000,0.00000,-0.01000,0.01000,-78.11000,-80.55000
-0.01000,0.00000,3.12000,-0.02000,0.00000,-0.01000,0.01000,-78.38000,-80.46000
-0.01000,0.00000,3.12000,-0.02000,0.00000,-0.01000,0.01000,-78.38000,-80.46000
-0.01000,0.00000,3.12000,-0.04000,0.00000,-0.01000,0.01000,-78.16000,-80.37000
-0.01000,0.00000,3.12000,-0.04000,0.00000,-0.02000,0.02000,-78.16000,-80.37000
-0.01000,0.00000,3.12000,0.00000,0.00000,-0.02000,0.02000,-77.84000,-80.25000
-0.01000,0.00000,3.12000,0.00000,0.00000,-0.02000,0.02000,-77.84000,-80.25000
-0.01000,0.00000,3.12000,-0.02000,0.00000,-0.02000,0.02000,-78.31000,-80.15000
-0.01000,0.00000,3.12000,0.00000,0.00000,-0.02000,0.02000,-78.31000,-80.15000
-0.01000,0.00000,3.12000,-0.02000,0.00000,-0.02000,0.02000,-78.42000,-80.05000
-0.01000,0.00000,3.12000,0.00000,0.00000,-0.02000,0.02000,-78.42000,-80.05000
-0.01000,0.00000,3.12000,0.00000,0.00000,-0.02000,0.02000,-78.52000,-79.94000
-0.01000,0.00000,3.12000,-0.04000,0.00000,-0.02000,0.02000,-78.52000,-79.94000
-0.01000,0.00000,3.12000,-0.04000,0.00000,-0.02000,0.02000,-78.02000,-79.82000
-0.01000,0.00000,3.11000,-0.04000,0.00000,-0.02000,0.02000,-78.02000,-79.82000
-0.01000,0.00000,3.11000,0.00000,0.00000,-0.02000,0.02000,-77.90000,-79.69000
-0.01000,0.00000,3.11000,0.00000,0.00000,-0.02000,0.02000,-77.90000,-79.69000
-0.01000,0.00000,3.11000,0.00000,0.00000,-0.02000,0.02000,-78.39000,-79.57000
-0.01000,0.00000,3.11000,-0.02000,0.00000,-0.02000,0.02000,-78.39000,-79.57000
-0.01000,0.00000,3.11000,0.00000,0.00000,-0.02000,0.02000,-78.20000,-79.45000
-0.01000,0.00000,3.11000,0.00000,0.00000,-0.02000,0.02000,-78.20000,-79.45000
-0.01000,0.00000,3.11000,-0.02000,0.00000,-0.02000,0.02000,-78.51000,-79.32000
-0.01000,0.00000,3.11000,0.00000,0.00000,-0.02000,0.02000,-78.51000,-79.32000
-0.01000,0.00000,3.11000,0.00000,0.00000,-0.02000,0.02000,-78.64000,-79.20000
-0.01000,0.00000,3.11000,-0.04000,0.00000,-0.02000,0.02000,-78.64000,-79.20000
-0.01000,0.00000,3.11000,-0.02000,0.00000,-0.02000,0.02000,-78.15000,-79.06000
-0.01000,0.00000,3.11000,-0.02000,0.00000,-0.02000,0.02000,-78.15000,-79.06000
-0.01000,0.00000,3.11000,-0.04000,0.00000,-0.02000,0.02000,-78.35000,-78.92000
-0.01000,0.00000,3.11000,0.00000,0.00000,-0.02000,0.02000,-78.35000,-78.92000
-0.01000,0.00000,3.11000,0.00000,0.00000,-0.02000,0.02000,-78.69000,-78.77000
-0.01000,0.00000,3.11000,-0.02000,0.00000,-0.02000,0.02000,-78.69000,-78.77000
-0.01000,0.00000,3.11000,0.00000,0.00000,-0.02000,0.02000,-78.52000,-78.63000
-0.01000,0.00000,3.11000,-0.02000,0.00000,-0.02000,0.02000,-78.52000,-78.63000
-0.01000,0.00000,3.11000,0.00000,0.00000,-0.02000,0.02000,-78.54000,-78.48000
-0.01000,0.00000,3.11000,-0.02000,0.00000,-0.02000,0.02000,-78.54000,-78.48000
-0.01000,0.00000,3.11000,-0.04000,0.00000,-0.02000,0.02000,-78.57000,-78.33000
-0.01000,0.00000,3.11000,-0.06000,0.00000,-0.03000,0.03000,-78.57000,-78.33000
-0.01000,0.00000,3.11000,-0.02000,0.00000,-0.03000,0.03000,-78.00000,-78.15000
-0.01000,0.00000,3.11000,0.00000,0.00000,-0.03000,0.03000,-78.00000,-78.15000
-0.01000,0.00000,3.11000,-0.02000,0.00000,-0.03000,0.03000,-78.72000,-77.98000
-0.01000,0.00000,3.11000,0.00000,0.00000,-0.03000,0.03000,-78.72000,-77.98000
-0.01000,0.00000,3.11000,-0.04000,0.00000,-0.03000,0.03000,-78.89000,-77.81000
-0.01000,0.00000,3.11000,-0.04000,0.00000,-0.03000,0.03000,-78.89000,-77.81000
-0.01000,0.00000,3.11000,-0.04000,0.00000,-0.03000,0.03000,-78.45000,-77.62000
-0.01000,0.00000,3.11000,0.00000,0.00000,-0.03000,0.03000,-78.45000,-77.62000
-0.01000,0.00000,3.11000,0.00000,0.00000,-0.03000,0.03000,-79.01000,-77.44000
-0.01000,0.00000,3.11000,-0.02000,0.00000,-0.03000,0.03000,-79.01000,-77.44000
-0.01000,0.00000,3.11000,0.00000,0.00000,-0.03000,0.03000,-78.89000,-77.25000
-0.01000,0.00000,3.10000,-0.02000,0.00000,-0.03000,0.03000,-78.89000,-77.25000
-0.01000,0.00000,3.10000,0.00000,0.00000,-0.03000,0.03000,-78.95000,-77.06000
-0.01000,0.00000,3.10000,-0.02000,0.00000,-0.03000,0.03000,-78.95000,-77.06000
-0.01000,0.00000,3.10000,-0.04000,0.00000,-0.03000,0.03000,-79.01000,-76.87000
-0.00000,0.00000,3.10000,-0.06000,0.00000,-0.03000,0.03000,-79.01000,-76.87000
-0.00000,0.00000,3.10000,0.00000,0.00000,-0.03000,0.03000,-78.48000,-76.65000
-0.00000,0.00000,3.10000,-0.04000,0.00000,-0.03000,0.03000,-78.48000,-76.65000
-0.00000,0.00000,3.10000,0.00000,0.00000,-0.03000,0.03000,-78.63000,-76.44000
-0.00000,0.00000,3.10000,-0.02000,0.00000,-0.03000,0.03000,-78.63000,-76.44000
-0.00000,0.00000,3.10000,-0.06000,0.00000,-0.03000,0.03000,-78.91000,-76.22000
-0.00000,0.00000,3.10000,-0.04000,0.00000,-0.04000,0.04000,-78.91000,-76.22000
-0.00000,0.00000,3.10000,0.00000,0.00000,-0.04000,0.04000,-78.71000,-75.98000
-0.00000,0.00000,3.10000,0.00000,0.00000,-0.04000,0.04000,-78.71000,-75.98000
-0.00000,0.00000,3.10000,-0.02000,0.00000,-0.04000,0.04000,-79.30000,-75.76000
-0.00000,0.00000,3.10000,-0.02000,0.00000,-0.04000,0.04000,-79.30000,-75.76000
-0.00000,0.00000,3.10000,0.00000,0.00000,-0.04000,0.04000,-79.22000,-75.53000
-0.00000,0.00000,3.10000,-0.06000,0.00000,-0.04000,0.04000,-79.22000,-75.53000
-0.00000,0.00000,3.10000,-0.06000,0.00000,-0.04000,0.04000,-78.72000,-75.28000
-0.00000,0.00000,3.10000,0.00000,0.00000,-0.04000,0.04000,-78.72000,-75.28000
-0.00000,0.00000,3.10000,-0.02000,0.00000,-0.04000,0.04000,-79.53000,-75.03000
-0.00000,0.00000,3.10000,-0.02000,0.00000,-0.04000,0.04000,-79.53000,-75.03000
-0.00000,0.00000,3.10000,0.00000,0.00000,-0.04000,0.04000,-79.47000,-74.78000
-0.00000,0.00000,3.10000,-0.04000,0.00000,-0.04000,0.04000,-79.47000,-74.78000
-0.00000,0.00000,3.09000,-0.04000,0.00000,-0.04000,0.04000,-79.29000,-74.52000
-0.00000,0.00000,3.09000,-0.04000,0.00000,-0.04000,0.04000,-79.29000,-74.52000
-0.00000,0.00000,3.09000,0.00000,0.00000,-0.04000,0.04000,-79.32000,-74.24000
-0.00000,0.00000,3.09000,-0.02000,0.00000,-0.04000,0.04000,-79.32000,-74.24000
-0.00000,0.00000,3.09000,0.00000,0.00000,-0.04000,0.04000,-79.65000,-73.97000
-0.00000,0.00000,3.09000,-0.02000,0.00000,-0.04000,0.04000,-79.65000,-73.97000
-0.00000,0.00000,3.09000,-0.02000,0.00000,-0.04000,0.04000,-79.79000,-73.70000
-0.00000,0.00000,3.09000,-0.10000,0.00000,-0.04000,0.05000,-79.79000,-73.70000
-0.00000,0.00000,3.09000,0.00000,0.00000,-0.05000,0.05000,-78.73000,-73.39000
-0.00000,0.00000,3.09000,-0.02000,0.00000,-0.05000,0.05000,-78.73000,-73.39000
-0.00000,0.00000,3.09000,0.00000,0.00000,-0.05000,0.05000,-79.64000,-73.10000
-0.00000,0.00000,3.09000,-0.02000,0.00000,-0.05000,0.05000,-79.64000,-73.10000
-0.00000,0.00000,3.09000,-0.02000,0.00000,-0.05000,0.05000,-79.80000,-72.81000
-0.00000,0.00000,3.09000,-0.04000,0.00000,-0.05000,0.05000,-79.80000,-72.81000
-0.00000,0.00000,3.09000,-0.04000,0.00000,-0.05000,0.05000,-79.67000,-72.50000
-0.00000,0.00000,3.09000,-0.02000,0.00000,-0.05000,0.05000,-79.67000,-72.50000
-0.00000,0.00000,3.09000,0.00000,0.00000,-0.05000,0.05000,-80.05000,-72.19000
-0.00000,0.00000,3.09000,0.00000,0.00000,-0.05000,0.05000,-80.05000,-72.19000
-0.00000,0.00000,3.09000,0.00000,0.00000,-0.05000,0.05000,-80.53000,-71.88000
-0.00000,0.00000,3.09000,0.00000,0.00000,-0.05000,0.05000,-80.53000,-71.88000
-0.00000,0.00000,3.09000,0.00000,0.00000,-0.05000,0.05000,-80.84000,-71.58000
-0.00000,0.00000,3.09000,-0.02000,0.00000,-0.05000,0.05000,-80.84000,-71.58000
-0.00000,0.00000,3.09000,0.00000,0.00000,-0.05000,0.05000,-80.83000,-71.27000
-0.00000,0.00000,3.09000,0.00000,0.00000,-0.05000,0.05000,-80.83000,-71.27000
-0.00000,0.00000,3.09000,0.00000,0.00000,-0.05000,0.05000,-81.32000,-70.96000
-0.00000,0.00000,3.09000,-0.02000,0.00000,-0.05000,0.05000,-81.32000,-70.96000
-0.00000,0.00000,3.09000,0.00000,0.00000,-0.05000,0.05000,-81.32000,-70.65000
-0.00000,0.00000,3.09000,0.00000,0.00000,-0.05000,0.05000,-81.32000,-70.65000
-0.00000,0.00000,3.09000,-0.04000,0.00000,-0.05000,0.05000,-81.82000,-70.34000
-0.00000,0.00000,3.09000,-0.04000,0.00000,-0.05000,0.05000,-81.82000,-70.34000
-0.00000,0.00000,3.08000,-0.02000,0.00000,-0.05000,0.05000,-81.53000,-70.00000
-0.00000,0.00000,3.08000,-0.02000,0.00000,-0.05000,0.05000,-81.53000,-70.00000
-0.00000,0.00000,3.08000,0.00000,0.00000,-0.05000,0.05000,-81.92000,-69.67000
-0.00000,0.00000,3.08000,0.00000,0.00000,-0.05000,0.05000,-81.92000,-69.67000
-0.00000,0.00000,3.08000,-0.02000,0.00000,-0.05000,0.05000,-82.43000,-69.34000
-0.00000,0.00000,3.08000,-0.02000,0.00000,-0.05000,0.05000,-82.43000,-69.34000
-0.00000,0.00000,3.08000,0.00000,0.00000,-0.05000,0.06000,-82.45000,-69.00000
-0.00000,0.00000,3.08000,-0.04000,0.00000,-0.05000,0.06000,-82.45000,-69.00000
-0.00000,0.00000,3.08000,-0.04000,0.00000,-0.06000,0.06000,-82.36000,-68.66000
-0.00000,0.00000,3.08000,-0.04000,0.00000,-0.06000,0.06000,-82.36000,-68.66000
-0.00000,0.00000,3.08000,0.00000,0.00000,-0.06000,0.06000,-82.47000,-68.30000
-0.00000,0.00000,3.08000,0.00000,0.00000,-0.06000,0.06000,-82.47000,-68.30000
-0.00000,0.00000,3.08000,-0.02000,0.00000,-0.06000,0.06000,-83.19000,-67.95000
-0.00000,0.00000,3.08000,-0.02000,0.00000,-0.06000,0.06000,-83.19000,-67.95000
-0.00000,0.00000,3.08000,0.00000,0.00000,-0.06000,0.06000,-83.23000,-67.59000
-0.00000,0.00000,3.08000,-0.06000,0.00000,-0.06000,0.06000,-83.23000,-67.59000
-0.00000,0.00000,3.08000,-0.06000,0.00000,-0.06000,0.06000,-82.85000,-67.22000
-0.00000,0.00000,3.08000,0.00000,0.00000,-0.06000,0.06000,-82.85000,-67.22000
-0.00000,0.00000,3.08000,-0.02000,0.00000,-0.06000,0.06000,-83.79000,-66.84000
-0.00000,0.00000,3.08000,0.00000,0.00000,-0.06000,0.06000,-83.79000,-66.84000
-0.00000,0.00000,3.08000,-0.02000,0.00000,-0.06000,0.06000,-84.16000,-66.46000
-0.00000,0.00000,3.08000,-0.02000,0.00000,-0.06000,0.06000,-84.16000,-66.46000
-0.00000,0.00000,3.08000,-0.06000,0.00000,-0.06000,0.06000,-84.23000,-66.08000
-0.00000,0.00000,3.08000,-0.04000,0.00000,-0.06000,0.06000,-84.23000,-66.08000
-0.00000,0.00000,3.08000,-0.02000,0.00000,-0.06000,0.06000,-84.20000,-65.67000
-0.00000,0.00000,3.08000,0.00000,0.00000,-0.06000,0.07000,-84.20000,-65.67000
-0.00000,0.00000,3.07000,-0.02000,0.00000,-0.06000,0.07000,-84.97000,-65.27000
-0.00000,0.00000,3.07000,-0.02000,0.00000,-0.07000,0.07000,-84.97000,-65.27000
-0.00000,0.00000,3.07000,-0.10000,0.00000,-0.07000,0.07000,-85.06000,-64.87000
-0.00000,0.00000,3.07000,0.00000,0.00000,-0.07000,0.07000,-85.06000,-64.87000
-0.00000,0.00000,3.07000,0.00000,0.00000,-0.07000,0.07000,-85.67000,-64.44000
-0.00000,0.00000,3.07000,-0.02000,0.00000,-0.07000,0.07000,-85.67000,-64.44000
-0.00000,0.00000,3.07000,-0.02000,0.00000,-0.07000,0.07000,-85.77000,-64.02000
-0.00000,0.00000,3.07000,0.00000,0.00000,-0.07000,0.07000,-85.77000,-64.02000
-0.00000,0.00000,3.07000,-0.04000,0.00000,-0.07000,0.07000,-86.38000,-63.60000
-0.00000,0.00000,3.07000,-0.04000,0.00000,-0.07000,0.07000,-86.38000,-63.60000
-0.00000,0.00000,3.07000,-0.04000,0.00000,-0.07000,0.07000,-86.20000,-63.15000
-0.00000,0.00000,3.07000,0.00000,0.00000,-0.07000,0.07000,-86.20000,-63.15000
-0.00000,0.00000,3.07000,0.00000,0.00000,-0.07000,0.07000,-87.01000,-62.71000
-0.00000,0.00000,3.07000,0.00000,0.00000,-0.07000,0.07000,-87.01000,-62.71000
-0.00000,0.00000,3.07000,-0.02000,0.00000,-0.07000,0.07000,-87.44000,-62.28000
-0.00000,0.00000,3.07000,0.00000,0.00000,-0.07000,0.07000,-87.44000,-62.28000
-0.00000,0.00000,3.07000,-0.02000,0.00000,-0.07000,0.07000,-87.87000,-61.84000
-0.00000,0.00000,3.07000,0.00000,0.00000,-0.07000,0.07000,-87.87000,-61.84000
-0.00000,0.00000,3.07000,-0.04000,0.00000,-0.07000,0.07000,-88.31000,-61.40000
-0.00000,0.00000,3.07000,-0.08000,0.00000,-0.07000,0.07000,-88.31000,-61.40000
-0.00000,0.00000,3.07000,0.00000,0.00000,-0.08000,0.08000,-87.54000,-60.91000
-0.00000,0.00000,3.07000,0.00000,0.00000,-0.08000,0.08000,-87.54000,-60.91000
-0.00000,0.00000,3.07000,-0.02000,0.00000,-0.08000,0.08000,-88.74000,-60.46000
-0.00000,0.00000,3.07000,-0.02000,0.00000,-0.08000,0.08000,-88.74000,-60.46000
-0.00000,0.00000,3.07000,-0.02000,0.00000,-0.08000,0.08000,-88.89000,-59.99000
-0.00000,0.00000,3.06000,-0.10000,0.00000,-0.08000,0.08000,-88.89000,-59.99000
-0.00000,0.00000,3.06000,-0.02000,0.00000,-0.08000,0.08000,-88.02000,-59.49000
-0.00000,0.00000,3.06000,-0.02000,0.00000,-0.08000,0.08000,-88.02000,-59.49000
-0.00000,0.00000,3.06000,-0.08000,0.00000,-0.08000,0.08000,-89.13000,-59.00000
-0.00000,0.00000,3.06000,-0.08000,0.00000,-0.08000,0.08000,-89.13000,-59.00000
-0.00000,0.00000,3.06000,-0.04000,0.00000,-0.08000,0.08000,-88.60000,-58.46000
-0.00000,0.00000,3.06000,-0.12000,0.00000,-0.08000,0.09000,-88.60000,-58.46000
-0.00000,0.00000,3.05000,-0.12000,0.00000,-0.09000,0.09000,-88.04000,-57.90000
-0.00000,0.00000,3.05000,-0.42000,0.00000,-0.09000,0.09000,-88.04000,-57.90000
-0.00000,0.00000,3.03000,-0.71000,0.00000,-0.10000,0.10000,-83.64000,-57.18000
0.00000,0.00000,3.02000,-0.71000,0.00000,-0.12000,0.12000,-83.64000,-57.18000
0.00000,0.00000,3.01000,-0.66000,0.00000,-0.13000,0.14000,-77.90000,-56.05000
0.00000,0.00000,3.00000,-0.62000,0.00000,-0.15000,0.15000,-77.90000,-56.05000
0.00000,0.00000,2.99000,-0.50000,0.00000,-0.17000,0.17000,-76.21000,-54.72000
0.00000,0.00000,2.98000,-0.54000,0.00000,-0.18000,0.18000,-76.21000,-54.72000
0.00000,0.00000,2.96000,-0.89000,0.00000,-0.20000,0.20000,-75.16000,-53.26000
0.00000,0.00000,2.94000,-1.14000,0.00000,-0.22000,0.23000,-75.16000,-53.26000
0.01000,0.00000,2.92000,-1.25000,0.00000,-0.26000,0.26000,-64.98000,-51.12000
0.01000,0.00000,2.90000,-1.16000,0.00000,-0.29000,0.30000,-64.98000,-51.12000
0.01000,0.00000,2.88000,-1.00000,0.00000,-0.33000,0.34000,-60.43000,-48.38000
0.01000,0.00000,2.87000,-0.42000,0.00000,-0.36000,0.37000,-60.43000,-48.38000
0.01000,0.00000,2.87000,0.00000,0.00000,-0.37000,0.38000,-67.21000,-45.67000
0.01000,0.00000,2.87000,0.00000,0.00000,-0.37000,0.38000,-67.21000,-45.67000
0.01000,0.00000,2.87000,-0.04000,0.00000,-0.37000,0.38000,-73.15000,-43.37000
0.01000,0.00000,2.87000,-0.08000,0.00000,-0.37000,0.39000,-73.15000,-43.37000
0.01000,0.00000,2.87000,-0.02000,0.00000,-0.37000,0.39000,-74.15000,-41.00000
0.01000,0.00000,2.87000,0.00000,0.00000,-0.37000,0.39000,-74.15000,-41.00000
0.01000,0.00000,2.87000,-0.02000,0.00000,-0.37000,0.39000,-77.13000,-38.66000
0.01000,0.00000,2.87000,-0.04000,0.00000,-0.37000,0.39000,-77.13000,-38.66000
0.01000,0.00000,2.86000,-0.39000,0.00000,-0.37000,0.39000,-78.75000,-36.30000
0.01000,0.00000,2.85000,-0.83000,0.00000,-0.38000,0.40000,-78.75000,-36.30000
0.01000,-0.00000,2.82000,-1.27000,0.00000,-0.40000,0.43000,-69.33000,-33.41000
0.01000,-0.00000,2.80000,-1.16000,0.00000,-0.42000,0.46000,-69.33000,-33.41000
0.01000,-0.00000,2.79000,-0.71000,0.00000,-0.44000,0.49000,-62.34000,-29.89000
0.01000,-0.00000,2.79000,-0.21000,0.00000,-0.44000,0.51000,-62.34000,-29.89000
0.01000,-0.00000,2.79000,0.00000,0.00000,-0.45000,0.51000,-72.43000,-26.61000
0.01000,-0.00000,2.79000,0.00000,0.00000,-0.45000,0.51000,-72.43000,-26.61000
0.01000,-0.00000,2.79000,-0.02000,0.00000,-0.45000,0.51000,-76.98000,-23.53000
0.01000,-0.00000,2.79000,-0.02000,0.00000,-0.45000,0.51000,-76.98000,-23.53000
0.01000,-0.00000,2.79000,-0.02000,0.00000,-0.45000,0.51000,-79.35000,-20.43000
0.01000,-0.00000,2.78000,-0.31000,0.00000,-0.45000,0.51000,-79.35000,-20.43000
0.02000,-0.00000,2.77000,-0.60000,0.00000,-0.45000,0.52000,-77.56000,-17.23000
0.02000,-0.00000,2.75000,-1.00000,0.00000,-0.45000,0.54000,-77.56000,-17.23000
0.02000,-0.00000,2.73000,-1.06000,0.00000,-0.45000,0.56000,-68.08000,-13.55000
0.02000,-0.00000,2.71000,-1.08000,0.00000,-0.44000,0.58000,-68.08000,-13.55000
0.02000,-0.00000,2.69000,-1.12000,0.00000,-0.42000,0.61000,-63.08000,-9.36000
0.02000,-0.00000,2.68000,-0.91000,0.00000,-0.39000,0.65000,-63.08000,-9.36000
0.02000,-0.00000,2.67000,-0.35000,0.00000,-0.35000,0.69000,-60.65000,-4.61000
0.02000,-0.00000,2.67000,-0.02000,0.00000,-0.34000,0.70000,-60.65000,-4.61000
0.02000,-0.00000,2.67000,0.00000,0.00000,-0.34000,0.70000,-70.44000,-0.26000
0.02000,-0.00000,2.67000,0.00000,0.00000,-0.34000,0.70000,-70.44000,-0.26000
0.02000,-0.00000,2.67000,-0.02000,0.00000,-0.34000,0.70000,-72.65000,3.95000
0.02000,-0.00000,2.67000,-0.06000,0.00000,-0.34000,0.70000,-72.65000,3.95000
0.02000,-0.00000,2.67000,-0.04000,0.00000,-0.33000,0.71000,-73.68000,8.22000
0.02000,-0.00000,2.67000,0.00000,0.00000,-0.33000,0.71000,-73.68000,8.22000
0.02000,-0.00000,2.67000,-0.02000,0.00000,-0.33000,0.71000,-76.21000,12.48000
0.02000,-0.00000,2.67000,-0.02000,0.00000,-0.33000,0.71000,-76.21000,12.48000
0.02000,-0.00000,2.66000,-0.08000,0.00000,-0.33000,0.71000,-77.86000,16.75000
0.02000,-0.00000,2.66000,-0.21000,0.00000,-0.33000,0.71000,-77.86000,16.75000
0.02000,-0.00000,2.66000,-0.23000,0.00000,-0.32000,0.72000,-76.69000,21.22000
0.02000,-0.00000,2.65000,-0.29000,0.00000,-0.30000,0.74000,-76.69000,21.22000
0.02000,-0.00000,2.65000,-0.17000,0.00000,-0.29000,0.75000,-75.67000,25.97000
0.02000,-0.00000,2.65000,-0.02000,0.00000,-0.28000,0.76000,-75.67000,25.97000
0.02000,-0.00000,2.65000,0.00000,0.00000,-0.28000,0.76000,-79.53000,30.63000
0.02000,-0.00000,2.64000,-0.25000,0.00000,-0.28000,0.76000,-79.53000,30.63000
0.02000,-0.01000,2.63000,-0.73000,0.00000,-0.26000,0.78000,-77.40000,35.42000
0.02000,-0.01000,2.61000,-1.06000,0.00000,-0.21000,0.82000,-77.40000,35.42000
0.03000,-0.01000,2.59000,-1.12000,0.00000,-0.13000,0.90000,-63.32000,41.98000
0.03000,-0.01000,2.58000,-0.87000,0.02000,-0.02000,1.00000,-63.32000,41.98000
0.03000,-0.01000,2.57000,-0.37000,0.00000,0.08000,1.10000,-57.44000,50.02000
0.03000,-0.01000,2.57000,-0.04000,0.00000,0.12000,1.14000,-57.44000,50.02000
0.03000,-0.01000,2.57000,0.00000,0.00000,0.13000,1.15000,-63.44000,57.51000
0.03000,-0.01000,2.57000,-0.02000,0.00000,0.13000,1.15000,-63.44000,57.51000
0.03000,-0.01000,2.57000,0.00000,0.00000,0.13000,1.15000,-62.70000,64.42000
0.03000,-0.01000,2.57000,0.00000,0.00000,0.13000,1.15000,-62.70000,64.42000
0.03000,-0.01000,2.57000,0.00000,0.00000,0.13000,1.15000,-62.10000,71.31000
0.03000,-0.01000,2.57000,0.00000,0.00000,0.13000,1.15000,-62.10000,71.31000
0.03000,-0.01000,2.57000,0.00000,0.00000,0.13000,1.15000,-61.31000,78.20000
0.03000,-0.01000,2.57000,0.00000,0.02000,0.13000,1.15000,-61.31000,78.20000
0.03000,-0.01000,2.57000,-0.02000,0.00000,0.13000,1.15000,-60.49000,84.81000
0.03000,-0.01000,2.57000,0.00000,0.00000,0.14000,1.15000,-60.49000,84.81000
0.03000,-0.01000,2.57000,0.00000,0.00000,0.14000,1.15000,-59.65000,91.93000
0.03000,-0.01000,2.57000,0.00000,0.00000,0.14000,1.15000,-59.65000,91.93000
0.03000,-0.01000,2.57000,-0.02000,0.00000,0.14000,1.15000,-58.83000,98.85000
0.03000,-0.01000,2.57000,-0.02000,0.00000,0.14000,1.16000,-58.83000,98.85000
0.03000,-0.01000,2.57000,0.00000,0.02000,0.14000,1.16000,-57.63000,105.83000
0.03000,-0.01000,2.55000,-0.02000,0.69000,0.14000,1.16000,-57.63000,105.83000
0.02000,-0.01000,2.53000,-0.02000,1.35000,0.22000,1.23000,-55.50000,103.61000
0.02000,-0.00000,2.49000,0.00000,1.85000,0.36000,1.39000,-55.50000,103.61000
0.02000,-0.00000,2.46000,-0.02000,1.95000,0.53000,1.59000,-49.77000,94.90000
0.02000,-0.00000,2.42000,-0.02000,2.05000,0.67000,1.77000,-49.77000,94.90000
0.02000,-0.00000,2.39000,0.00000,1.72000,0.77000,1.90000,-42.66000,94.92000
0.02000,0.00000,2.36000,0.00000,1.60000,0.83000,1.99000,-42.66000,94.92000
0.02000,0.00000,2.34000,0.00000,1.31000,0.86000,2.05000,-36.84000,103.04000
0.01000,0.00000,2.31000,0.00000,1.64000,0.88000,2.09000,-36.84000,103.04000
0.01000,0.00000,2.27000,0.00000,2.05000,0.89000,2.12000,-31.20000,106.24000
0.01000,0.01000,2.23000,0.00000,2.39000,0.90000,2.16000,-31.20000,106.24000
0.01000,0.01000,2.18000,0.00000,2.55000,0.91000,2.18000,-25.66000,98.85000
0.01000,0.01000,2.13000,0.00000,2.61000,0.91000,2.20000,-25.66000,98.85000
0.01000,0.01000,2.09000,0.00000,2.62000,0.91000,2.21000,-20.20000,94.58000
0.00000,0.02000,2.04000,0.00000,2.64000,0.91000,2.21000,-20.20000,94.58000
0.00000,0.02000,1.99000,0.00000,2.74000,0.91000,2.21000,-14.71000,91.89000
0.00000,0.02000,1.94000,0.00000,2.80000,0.91000,2.21000,-14.71000,91.89000
0.00000,0.02000,1.89000,0.00000,2.80000,0.92000,2.21000,-9.11000,86.75000
-0.00000,0.03000,1.84000,0.00000,2.51000,0.93000,2.19000,-9.11000,86.75000
-0.00000,0.03000,1.80000,0.00000,2.57000,0.95000,2.17000,-3.07000,86.99000
-0.00000,0.03000,1.75000,0.00000,2.30000,0.99000,2.13000,-3.07000,86.99000
-0.00000,0.04000,1.71000,0.00000,2.45000,1.04000,2.09000,3.90000,86.85000
-0.00000,0.04000,1.67000,0.00000,2.37000,1.11000,2.02000,3.90000,86.85000
-0.00000,0.04000,1.63000,0.00000,2.18000,1.21000,1.92000,12.65000,82.09000
-0.00000,0.04000,1.59000,0.00000,2.22000,1.33000,1.80000,12.65000,82.09000
-0.00000,0.05000,1.55000,0.00000,2.16000,2.65000,2.68000,41.50000,93.01000
-0.00000,0.05000,1.51000,0.02000,2.22000,2.89000,2.87000,41.50000,93.01000
-0.00000,0.05000,1.46000,0.00000,2.55000,1.79000,1.34000,44.16000,75.64000
-0.00000,0.05000,1.42000,0.00000,2.47000,1.93000,1.20000,44.16000,75.64000
-0.00000,0.06000,1.38000,0.00000,1.87000,2.03000,1.10000,58.72000,62.96000
-0.00000,0.06000,1.36000,0.02000,1.29000,2.09000,1.04000,58.72000,62.96000
-0.00000,0.06000,1.35000,0.00000,0.87000,2.11000,1.01000,71.84000,71.18000
-0.00000,0.06000,1.34000,0.12000,0.33000,2.13000,0.99000,71.84000,71.18000
-0.00000,0.06000,1.35000,0.39000,0.00000,2.13000,0.99000,83.15000,83.54000
-0.00000,0.06000,1.35000,0.08000,0.00000,2.13000,1.00000,83.15000,83.54000
-0.00000,0.06000,1.35000,0.04000,0.00000,2.13000,1.00000,95.70000,92.59000
-0.00000,0.06000,1.35000,0.02000,0.00000,2.12000,1.00000,95.70000,92.59000
-0.00000,0.06000,1.35000,0.00000,0.00000,2.12000,1.00000,108.87000,98.59000
-0.00000,0.06000,1.36000,0.25000,0.00000,2.12000,1.00000,108.87000,98.59000
-0.00000,0.06000,1.37000,0.98000,0.00000,2.12000,1.00000,118.00000,104.66000
-0.00000,0.06000,1.41000,1.89000,0.02000,2.10000,1.02000,118.00000,104.66000
-0.00000,0.07000,1.45000,2.45000,0.00000,2.05000,1.07000,103.62000,111.39000
0.00000,0.07000,1.49000,2.61000,0.52000,1.96000,1.16000,103.62000,111.39000
0.00000,0.07000,1.51000,2.49000,1.29000,1.86000,1.26000,90.90000,113.06000
0.00000,0.08000,1.52000,2.24000,1.91000,1.79000,1.33000,90.90000,113.06000
0.00000,0.08000,1.51000,2.01000,2.28000,1.78000,1.35000,90.66000,98.01000
0.00000,0.09000,1.49000,1.43000,2.57000,1.79000,1.33000,90.66000,98.01000
0.00000,0.09000,1.47000,1.49000,2.55000,1.86000,1.26000,101.32000,83.37000
0.00000,0.10000,1.46000,1.91000,2.37000,1.92000,1.21000,101.32000,83.37000
0.00000,0.10000,1.47000,2.32000,1.95000,1.94000,1.18000,97.95000,77.40000
0.00000,0.11000,1.48000,2.41000,1.70000,1.93000,1.20000,97.95000,77.40000
0.00000,0.11000,1.50000,2.08000,1.35000,1.90000,1.23000,89.98000,81.00000
0.00000,0.11000,1.51000,1.83000,1.27000,1.86000,1.27000,89.98000,81.00000
0.00000,0.12000,1.52000,1.58000,1.14000,1.82000,1.30000,94.56000,85.71000
0.00000,0.12000,1.52000,1.41000,1.22000,1.80000,1.32000,94.56000,85.71000
0.00000,0.12000,1.52000,1.54000,1.47000,1.79000,1.33000,100.25000,87.08000
0.00000,0.13000,1.52000,2.08000,1.87000,1.79000,1.34000,100.25000,87.08000
0.00000,0.13000,1.54000,2.59000,1.89000,1.78000,1.35000,92.35000,78.33000
0.01000,0.14000,1.56000,2.90000,1.60000,1.76000,1.42000,92.35000,78.33000
0.01000,0.14000,1.59000,3.22000,1.37000,2.82000,2.80000,93.85000,101.04000
0.00000,0.15000,1.63000,3.59000,1.62000,3.02000,3.03000,93.85000,101.04000
0.00000,0.15000,1.65000,3.59000,2.20000,1.37000,1.76000,61.26000,92.37000
0.00000,0.16000,1.67000,3.17000,2.37000,1.28000,1.85000,61.26000,92.37000
0.00000,0.17000,1.67000,2.47000,2.59000,1.23000,1.90000,52.10000,84.02000
0.00000,0.17000,1.66000,1.78000,2.43000,1.24000,1.89000,52.10000,84.02000
0.00000,0.17000,1.64000,1.29000,2.16000,1.27000,1.86000,61.82000,79.69000
0.00000,0.18000,1.62000,1.04000,1.97000,1.32000,1.81000,61.82000,79.69000
0.00000,0.18000,1.61000,1.10000,1.58000,1.38000,1.76000,71.65000,81.59000
0.00000,0.18000,1.61000,1.41000,1.66000,1.47000,1.78000,71.65000,81.59000
0.00000,0.19000,1.61000,1.43000,1.47000,1.59000,1.87000,71.25000,86.67000
0.00000,0.19000,1.61000,1.74000,1.66000,1.61000,1.89000,71.25000,86.67000
0.00000,0.20000,1.61000,1.91000,1.72000,1.55000,1.84000,66.71000,87.42000
0.00000,0.20000,1.62000,1.91000,1.78000,1.46000,1.78000,66.71000,87.42000
0.00000,0.20000,1.61000,1.79000,1.93000,1.42000,1.76000,61.19000,85.45000
0.00000,0.21000,1.61000,1.60000,1.97000,1.46000,1.77000,61.19000,85.45000
0.00000,0.21000,1.60000,1.56000,1.91000,1.65000,1.92000,66.32000,84.85000
0.00000,0.22000,1.59000,1.51000,1.87000,2.07000,2.28000,66.32000,84.85000
0.00000,0.22000,1.59000,1.60000,1.97000,2.66000,2.69000,83.04000,97.74000
0.00000,0.22000,1.58000,1.87000,2.12000,3.02000,3.03000,83.04000,97.74000
0.00000,0.23000,1.58000,2.37000,2.41000,3.15000,3.16000,92.03000,105.98000
0.00000,0.24000,1.58000,2.61000,2.63000,3.17000,3.18000,92.03000,105.98000
0.00000,0.24000,1.58000,2.49000,2.80000,3.17000,3.18000,88.86000,104.77000
0.00000,0.25000,1.56000,2.01000,2.99000,3.26000,3.26000,88.86000,104.77000
0.00000,0.25000,1.53000,1.68000,2.97000,3.05000,3.04000,99.37000,100.59000
0.00000,0.26000,1.52000,2.08000,2.93000,1.81000,1.51000,99.37000,100.59000
0.00000,0.26000,1.51000,2.28000,2.74000,1.77000,1.36000,85.48000,76.60000
0.00000,0.27000,1.51000,2.26000,2.35000,1.80000,1.32000,85.48000,76.60000
0.00000,0.27000,1.51000,2.12000,1.91000,1.81000,1.31000,81.40000,75.27000
0.00000,0.28000,1.52000,1.91000,1.45000,1.80000,1.33000,81.40000,75.27000
0.00000,0.28000,1.53000,1.60000,1.31000,1.77000,1.35000,83.43000,83.08000
0.00000,0.28000,1.53000,1.39000,1.33000,1.76000,1.38000,83.43000,83.08000
0.00000,0.29000,1.53000,1.35000,1.29000,1.76000,1.38000,90.16000,84.74000
0.00000,0.29000,1.53000,1.64000,1.49000,1.76000,1.39000,90.16000,84.74000
0.00000,0.29000,1.54000,1.85000,1.45000,1.75000,1.40000,88.58000,82.87000
0.00000,0.30000,1.55000,1.95000,1.33000,1.80000,1.49000,88.58000,82.87000
0.00000,0.30000,1.56000,2.18000,1.49000,2.31000,2.10000,92.87000,95.22000
0.00000,0.31000,1.57000,2.07000,1.62000,3.02000,3.00000,92.87000,95.22000
0.00000,0.31000,1.57000,1.76000,1.99000,3.23000,3.22000,106.98000,112.39000
0.00000,0.31000,1.56000,1.99000,2.36000,3.14000,3.13000,106.98000,112.39000
0.00000,0.32000,1.54000,2.03000,2.91000,2.88000,2.86000,109.99000,105.43000
0.00000,0.33000,1.53000,2.45000,3.11000,1.90000,1.63000,109.99000,105.43000
0.00000,0.33000,1.53000,2.82000,3.22000,1.75000,1.39000,91.54000,75.08000
0.00000,0.34000,1.53000,3.03000,2.57000,1.77000,1.35000,91.54000,75.08000
0.00000,0.34000,1.56000,3.28000,1.93000,1.76000,1.39000,78.66000,72.77000
0.00000,0.35000,1.59000,3.18000,1.43000,2.55000,2.50000,78.66000,72.77000
0.00000,0.35000,1.62000,3.01000,1.24000,3.20000,3.20000,90.49000,110.06000
0.00000,0.36000,1.65000,3.11000,1.56000,1.45000,1.77000,90.49000,110.06000
0.00000,0.37000,1.67000,3.26000,2.39000,1.30000,1.82000,63.09000,98.11000
0.00000,0.37000,1.67000,2.76000,2.64000,1.25000,1.88000,63.09000,98.11000
0.00000,0.38000,1.66000,2.12000,2.55000,1.24000,1.89000,56.57000,84.53000
0.00000,0.38000,1.64000,1.74000,2.59000,1.26000,1.87000,56.57000,84.53000
0.00000,0.39000,1.63000,1.45000,2.39000,1.30000,1.82000,63.62000,79.66000
0.00000,0.39000,1.61000,1.08000,1.87000,1.36000,1.77000,63.62000,79.66000
0.00000,0.39000,1.60000,1.24000,1.68000,1.47000,1.78000,73.52000,85.33000
0.00000,0.40000,1.60000,1.49000,1.62000,1.76000,2.01000,73.52000,85.33000
0.00000,0.40000,1.60000,1.74000,1.62000,1.89000,2.13000,75.98000,93.74000
0.00000,0.41000,1.61000,2.14000,1.83000,1.72000,1.98000,75.98000,93.74000
0.00000,0.41000,1.61000,2.18000,1.97000,1.49000,1.79000,62.67000,88.67000
0.00000,0.41000,1.61000,2.14000,2.16000,1.42000,1.76000,62.67000,88.67000
-0.00000,0.42000,1.61000,1.81000,2.05000,1.42000,1.76000,57.71000,82.94000
-0.00000,0.42000,1.60000,1.52000,2.05000,1.48000,1.78000,57.71000,82.94000
-0.00000,0.43000,1.58000,1.08000,1.95000,1.89000,2.12000,69.83000,87.60000
-0.00000,0.43000,1.57000,1.27000,1.97000,3.03000,3.05000,69.83000,87.60000
-0.00000,0.43000,1.57000,1.41000,1.74000,3.28000,3.28000,96.63000,106.60000
-0.00000,0.44000,1.56000,1.91000,2.24000,3.26000,3.25000,96.63000,106.60000
-0.00000,0.44000,1.56000,2.49000,2.66000,3.15000,3.14000,97.11000,108.31000
-0.00000,0.45000,1.55000,2.51000,2.74000,3.05000,3.04000,97.11000,108.31000
-0.00000,0.46000,1.55000,2.47000,2.78000,2.86000,2.84000,91.18000,101.69000
0.00000,0.46000,1.54000,2.49000,2.93000,2.48000,2.37000,91.18000,101.69000
0.00000,0.47000,1.53000,2.49000,3.09000,1.94000,1.68000,79.84000,82.14000
0.00000,0.47000,1.52000,2.20000,2.66000,1.75000,1.40000,79.84000,82.14000
0.00000,0.48000,1.51000,1.99000,2.28000,1.77000,1.35000,78.37000,73.82000
0.00000,0.48000,1.51000,1.58000,1.78000,1.79000,1.33000,78.37000,73.82000
0.00000,0.49000,1.51000,1.45000,1.41000,1.81000,1.31000,85.68000,78.47000
0.00000,0.49000,1.51000,1.33000,1.18000,1.81000,1.31000,85.68000,78.47000
0.00000,0.49000,1.52000,1.43000,1.25000,1.80000,1.32000,90.72000,84.77000
0.00000,0.49000,1.53000,1.83000,1.29000,1.79000,1.33000,90.72000,84.77000
0.00000,0.50000,1.54000,1.95000,1.25000,1.77000,1.36000,85.53000,84.68000
0.00000,0.50000,1.55000,2.14000,1.51000,1.78000,1.47000,85.53000,84.68000
0.00000,0.51000,1.56000,1.87000,1.33000,2.18000,1.95000,86.68000,90.53000
0.00000,0.51000,1.56000,1.78000,1.58000,2.80000,2.77000,86.68000,90.53000
0.00000,0.51000,1.56000,1.58000,1.89000,2.97000,2.95000,104.11000,107.27000
0.00000,0.52000,1.55000,1.85000,2.24000,2.64000,2.60000,104.11000,107.27000
0.00000,0.52000,1.54000,2.14000,2.70000,2.12000,1.89000,97.60000,89.62000
0.00000,0.53000,1.53000,2.20000,2.59000,1.77000,1.45000,97.60000,89.62000
0.00000,0.53000,1.53000,2.47000,2.53000,1.76000,1.38000,88.48000,74.50000
0.00000,0.54000,1.55000,2.80000,2.12000,1.76000,1.36000,88.48000,74.50000
0.00000,0.55000,1.57000,2.91000,1.81000,1.77000,1.45000,76.99000,75.48000
0.00000,0.55000,1.59000,2.78000,1.29000,2.67000,2.64000,76.99000,75.48000
0.00000,0.55000,1.62000,2.62000,0.95000,3.25000,3.25000,93.24000,110.91000
0.00000,0.56000,1.64000,2.95000,1.81000,1.57000,1.85000,93.24000,110.91000
0.00000,0.57000,1.66000,3.40000,2.37000,1.34000,1.78000,64.97000,92.93000
0.00000,0.57000,1.67000,3.11000,2.68000,1.27000,1.85000,64.97000,92.93000
0.00000,0.58000,1.67000,2.70000,2.59000,1.24000,1.89000,51.30000,81.29000
0.00000,0.58000,1.67000,2.03000,2.08000,1.22000,1.90000,51.30000,81.29000
0.00000,0.59000,1.66000,1.58000,2.10000,1.22000,1.91000,55.91000,85.90000
-0.00000,0.59000,1.64000,1.20000,2.28000,1.24000,1.89000,55.91000,85.90000
-0.00000,0.59000,1.62000,0.83000,2.12000,1.29000,1.84000,64.51000,80.69000
-0.00000,0.60000,1.60000,1.08000,1.95000,1.36000,1.77000,64.51000,80.69000
-0.00000,0.60000,1.60000,1.41000,1.81000,1.53000,1.82000,70.45000,82.72000
-0.00000,0.60000,1.59000,1.47000,1.78000,1.81000,2.06000,70.45000,82.72000
-0.00000,0.61000,1.59000,1.76000,1.70000,2.20000,2.40000,77.29000,93.07000
-0.00000,0.61000,1.60000,2.07000,1.68000,2.03000,2.24000,77.29000,93.07000
-0.00000,0.62000,1.60000,2.28000,2.05000,1.55000,1.84000,62.93000,89.93000
-0.00000,0.62000,1.60000,2.08000,2.03000,1.43000,1.76000,62.93000,89.93000
-0.00000,0.63000,1.60000,1.78000,2.16000,1.41000,1.75000,57.60000,84.33000
-0.00000,0.63000,1.58000,1.41000,2.07000,1.47000,1.78000,57.60000,84.33000
-0.00000,0.63000,1.57000,1.16000,2.10000,1.96000,2.19000,71.90000,88.54000
-0.00000,0.64000,1.56000,1.31000,1.97000,3.08000,3.09000,71.90000,88.54000
-0.00000,0.64000,1.55000,1.35000,1.66000,3.28000,3.28000,96.52000,107.16000
-0.00000,0.65000,1.55000,1.99000,2.18000,3.26000,3.25000,96.52000,107.16000
-0.00000,0.65000,1.54000,2.20000,2.66000,3.21000,3.20000,96.98000,110.70000
-0.00000,0.66000,1.53000,2.24000,2.90000,2.93000,2.91000,96.98000,110.70000
-0.00000,0.66000,1.51000,2.28000,3.22000,2.08000,1.84000,83.68000,85.58000
-0.00000,0.67000,1.49000,1.99000,2.86000,1.76000,1.37000,83.68000,85.58000
-0.00000,0.67000,1.48000,1.99000,2.55000,1.83000,1.30000,82.61000,71.62000
0.00000,0.68000,1.48000,1.78000,2.01000,1.88000,1.25000,82.61000,71.62000
0.00000,0.68000,1.49000,1.87000,1.45000,1.91000,1.22000,85.99000,73.78000
0.00000,0.68000,1.49000,1.66000,1.29000,1.91000,1.22000,85.99000,73.78000
0.00000,0.69000,1.50000,1.66000,1.08000,1.91000,1.22000,88.59000,79.91000
0.00000,0.69000,1.52000,1.49000,0.85000,1.90000,1.23000,88.59000,79.91000
0.00000,0.69000,1.53000,1.52000,1.02000,1.88000,1.25000,92.15000,86.47000
0.00000,0.70000,1.54000,1.87000,1.27000,1.87000,1.25000,92.15000,86.47000
0.00000,0.70000,1.55000,2.10000,1.29000,1.86000,1.26000,88.61000,82.85000
0.00000,0.70000,1.57000,2.20000,1.29000,1.85000,1.28000,88.61000,82.85000
0.00000,0.71000,1.58000,2.16000,1.54000,1.83000,1.30000,83.05000,83.02000
