0.00000,0.00000,0.00000,0.00000,0.00000,0.06000,-0.06000,0.84000,-0.83000
0.00000,0.00000,0.00000,0.00000,0.00000,0.06000,-0.06000,0.84000,-0.83000
0.00000,0.00000,0.00000,0.00000,0.00000,0.06000,-0.06000,1.18000,-1.17000
0.00000,0.00000,0.00000,0.00000,0.00000,0.06000,-0.06000,1.18000,-1.17000
0.00000,0.00000,0.00000,0.00000,0.00000,0.06000,-0.06000,1.52000,-1.50000
0.00000,0.00000,0.00000,0.00000,0.00000,0.06000,-0.06000,1.52000,-1.50000
0.00000,0.00000,0.00000,0.00000,0.00000,0.06000,-0.06000,1.85000,-1.84000
0.00000,0.00000,0.00000,0.00000,0.00000,0.06000,-0.06000,1.85000,-1.84000
0.00000,0.00000,0.00000,0.00000,0.00000,0.06000,-0.06000,2.19000,-2.17000
0.00000,0.00000,0.00000,0.00000,0.00000,0.06000,-0.06000,2.19000,-2.17000
0.00000,0.00000,0.00000,0.00000,0.00000,0.06000,-0.06000,2.53000,-2.50000
0.00000,0.00000,0.00000,0.00000,0.00000,0.06000,-0.06000,2.53000,-2.50000
0.00000,0.00000,0.00000,0.00000,0.00000,0.06000,-0.06000,2.86000,-2.84000
0.00000,0.00000,0.00000,0.00000,0.00000,0.06000,-0.06000,2.86000,-2.84000
0.00000,0.00000,0.00000,0.00000,0.00000,0.06000,-0.06000,3.20000,-3.17000
0.00000,0.00000,0.00000,0.00000,0.00000,0.06000,-0.06000,3.20000,-3.17000
0.00000,0.00000,0.00000,0.00000,0.00000,0.06000,-0.06000,3.54000,-3.51000
0.00000,0.00000,0.00000,0.00000,0.00000,0.06000,-0.06000,3.54000,-3.51000
0.00000,0.00000,0.00000,0.00000,0.00000,0.06000,-0.06000,3.87000,-3.84000
0.00000,0.00000,0.00000,0.00000,0.00000,0.06000,-0.06000,3.87000,-3.84000
0.00000,0.00000,0.00000,0.00000,0.00000,0.06000,-0.06000,4.21000,-4.17000
0.00000,0.00000,0.00000,0.00000,0.00000,0.06000,-0.06000,4.21000,-4.17000
0.00000,0.00000,0.00000,0.00000,0.00000,0.06000,-0.06000,4.55000,-4.51000
0.00000,0.00000,0.00000,0.00000,0.00000,0.06000,-0.06000,4.55000,-4.51000
0.00000,0.00000,0.00000,0.00000,0.00000,0.06000,-0.06000,4.89000,-4.84000
0.00000,0.00000,0.00000,0.00000,0.00000,0.06000,-0.06000,4.89000,-4.84000
0.00000,0.00000,0.00000,0.00000,0.00000,0.06000,-0.06000,5.22000,-5.18000
0.00000,0.00000,0.00000,0.00000,0.00000,0.06000,-0.06000,5.22000,-5.18000
0.00000,0.00000,0.00000,0.00000,0.00000,0.06000,-0.06000,5.56000,-5.51000
0.00000,0.00000,0.00000,0.00000,0.00000,0.06000,-0.06000,5.56000,-5.51000
0.00000,0.00000,0.00000,0.00000,0.00000,0.06000,-0.06000,5.90000,-5.84000
0.00000,0.00000,0.00000,0.00000,0.00000,0.06000,-0.06000,5.90000,-5.84000
0.00000,0.00000,0.00000,0.00000,0.00000,0.06000,-0.06000,6.23000,-6.18000
0.00000,0.00000,0.00000,0.00000,0.00000,0.06000,-0.06000,6.23000,-6.18000
0.00000,0.00000,0.00000,0.00000,0.00000,0.06000,-0.06000,6.57000,-6.51000
0.00000,0.00000,0.00000,0.00000,0.00000,0.06000,-0.06000,6.57000,-6.51000
0.00000,0.00000,0.00000,0.00000,0.00000,0.06000,-0.06000,6.91000,-6.85000
0.00000,0.00000,0.00000,0.00000,0.00000,0.06000,-0.06000,6.91000,-6.85000
0.00000,0.00000,0.00000,0.00000,0.00000,0.06000,-0.06000,7.24000,-7.18000
0.00000,0.00000,0.00000,0.00000,0.00000,0.06000,-0.06000,7.24000,-7.18000
0.00000,0.00000,0.00000,0.00000,0.00000,0.06000,-0.06000,7.58000,-7.51000
0.00000,0.00000,0.00000,0.00000,0.00000,0.06000,-0.06000,7.58000,-7.51000
0.00000,0.00000,0.00000,0.00000,0.00000,0.06000,-0.06000,7.92000,-7.85000
0.00000,0.00000,0.00000,0.00000,0.00000,0.06000,-0.06000,7.92000,-7.85000
0.00000,0.00000,0.00000,0.00000,0.00000,0.06000,-0.06000,8.25000,-8.18000
0.00000,0.00000,0.00000,0.00000,0.00000,0.06000,-0.06000,8.25000,-8.18000
0.00000,0.00000,0.00000,0.00000,0.00000,0.06000,-0.06000,8.59000,-8.52000
0.00000,0.00000,0.00000,0.00000,0.00000,0.06000,-0.06000,8.59000,-8.52000
0.00000,0.00000,0.00000,0.00000,0.00000,0.06000,-0.06000,8.93000,-8.85000
0.00000,0.00000,0.00000,0.00000,0.00000,0.06000,-0.06000,8.93000,-8.85000
0.00000,0.00000,0.00000,0.00000,0.00000,0.06000,-0.06000,9.27000,-9.18000
0.00000,0.00000,0.00000,0.00000,0.00000,0.06000,-0.06000,9.27000,-9.18000
0.00000,0.00000,0.00000,0.00000,0.00000,0.06000,-0.06000,9.60000,-9.52000
0.00000,0.00000,0.00000,0.00000,0.00000,0.06000,-0.06000,9.60000,-9.52000
0.00000,0.00000,0.00000,0.00000,0.00000,0.06000,-0.06000,9.94000,-9.85000
0.00000,0.00000,0.00000,0.00000,0.00000,0.06000,-0.06000,9.94000,-9.85000
0.00000,0.00000,0.00000,0.00000,0.00000,0.06000,-0.06000,10.28000,-10.19000
0.00000,0.00000,0.00000,0.00000,0.00000,0.06000,-0.06000,10.28000,-10.19000
0.00000,0.00000,0.00000,0.00000,0.00000,0.06000,-0.06000,10.61000,-10.52000
0.00000,0.00000,0.00000,0.00000,0.00000,0.06000,-0.06000,10.61000,-10.52000
0.00000,0.00000,0.00000,0.00000,0.00000,0.06000,-0.06000,10.95000,-10.85000
0.00000,0.00000,0.00000,0.00000,0.00000,0.06000,-0.06000,10.95000,-10.85000
0.00000,0.00000,0.00000,0.00000,0.00000,0.06000,-0.06000,11.29000,-11.19000
0.00000,0.00000,0.00000,0.00000,0.00000,0.06000,-0.06000,11.29000,-11.19000
0.00000,0.00000,0.00000,0.00000,0.00000,0.06000,-0.06000,11.62000,-11.52000
0.00000,0.00000,0.00000,0.00000,0.00000,0.06000,-0.06000,11.62000,-11.52000
0.00000,0.00000,0.00000,0.00000,0.00000,0.06000,-0.06000,11.96000,-11.86000
0.00000,0.00000,0.00000,0.00000,0.00000,0.06000,-0.06000,11.96000,-11.86000
0.00000,0.00000,0.00000,0.00000,0.00000,0.06000,-0.06000,12.30000,-12.19000
0.00000,0.00000,0.00000,0.00000,0.00000,0.06000,-0.06000,12.30000,-12.19000
0.00000,0.00000,0.00000,0.00000,0.00000,0.06000,-0.06000,12.63000,-12.52000
0.00000,0.00000,0.00000,0.00000,0.00000,0.06000,-0.06000,12.63000,-12.52000
0.00000,0.00000,0.00000,0.00000,0.00000,0.06000,-0.06000,12.97000,-12.86000
0.00000,0.00000,0.00000,0.00000,0.00000,0.06000,-0.06000,12.97000,-12.86000
0.00000,0.00000,0.00000,0.00000,0.00000,0.06000,-0.06000,13.31000,-13.19000
0.00000,0.00000,0.00000,0.00000,0.00000,0.06000,-0.06000,13.31000,-13.19000
0.00000,0.00000,0.00000,0.00000,0.00000,0.06000,-0.06000,13.65000,-13.53000
0.00000,0.00000,0.00000,0.00000,0.00000,0.06000,-0.06000,13.65000,-13.53000
0.00000,0.00000,0.00000,0.00000,0.00000,0.06000,-0.06000,13.98000,-13.86000
0.00000,0.00000,0.00000,0.00000,0.00000,0.06000,-0.06000,13.98000,-13.86000
0.00000,0.00000,0.00000,0.00000,0.00000,0.06000,-0.06000,14.32000,-14.19000
0.00000,0.00000,0.00000,0.00000,0.00000,0.06000,-0.06000,14.32000,-14.19000
0.00000,0.00000,0.00000,0.00000,0.00000,0.06000,-0.06000,14.66000,-14.53000
0.00000,0.00000,0.00000,0.00000,0.00000,0.06000,-0.06000,14.66000,-14.53000
0.00000,0.00000,0.00000,0.00000,0.00000,0.06000,-0.06000,14.99000,-14.86000
0.00000,0.00000,0.00000,0.00000,0.00000,0.06000,-0.06000,14.99000,-14.86000
0.00000,0.00000,0.00000,0.00000,0.00000,0.06000,-0.06000,15.33000,-15.20000
0.00000,0.00000,0.00000,0.00000,0.00000,0.06000,-0.06000,15.33000,-15.20000
0.00000,0.00000,0.00000,0.00000,0.00000,0.06000,-0.06000,15.67000,-15.53000
0.00000,0.00000,0.00000,0.00000,0.00000,0.06000,-0.06000,15.67000,-15.53000
0.00000,0.00000,0.00000,0.00000,0.00000,0.06000,-0.06000,16.00000,-15.86000
0.00000,0.00000,0.00000,0.00000,0.00000,0.06000,-0.06000,16.00000,-15.86000
0.00000,0.00000,0.00000,0.00000,0.00000,0.06000,-0.06000,16.34000,-16.20000
0.00000,0.00000,0.00000,0.00000,0.00000,0.06000,-0.06000,16.34000,-16.20000
0.00000,0.00000,0.00000,0.00000,0.00000,0.06000,-0.06000,16.68000,-16.53000
0.00000,0.00000,0.00000,0.00000,0.00000,0.06000,-0.06000,16.68000,-16.53000
0.00000,0.00000,0.00000,0.00000,0.00000,0.06000,-0.06000,17.01000,-16.87000
0.00000,0.00000,0.00000,0.00000,0.00000,0.06000,-0.06000,17.01000,-16.87000
0.00000,0.00000,0.00000,0.00000,0.00000,0.06000,-0.06000,17.35000,-17.20000
0.00000,0.00000,0.00000,0.00000,0.00000,0.06000,-0.06000,17.35000,-17.20000
0.00000,0.00000,0.00000,0.00000,0.00000,0.06000,-0.06000,17.69000,-17.53000
0.00000,0.00000,0.00000,0.00000,0.00000,0.06000,-0.06000,17.69000,-17.53000
0.00000,0.00000,0.00000,0.00000,0.00000,0.06000,-0.06000,18.03000,-17.87000
0.00000,0.00000,0.00000,0.00000,0.00000,0.06000,-0.06000,18.03000,-17.87000
0.00000,0.00000,0.00000,0.00000,0.00000,0.06000,-0.06000,18.36000,-18.20000
0.00000,0.00000,0.00000,0.00000,0.00000,0.06000,-0.06000,18.36000,-18.20000
0.00000,0.00000,0.00000,0.00000,0.00000,0.06000,-0.06000,18.70000,-18.54000
0.00000,0.00000,0.00000,0.00000,0.00000,0.06000,-0.06000,18.70000,-18.54000
0.00000,0.00000,0.00000,0.00000,0.00000,0.06000,-0.06000,19.04000,-18.87000
0.00000,0.00000,0.00000,0.00000,0.00000,0.06000,-0.06000,19.04000,-18.87000
0.00000,0.00000,0.00000,0.00000,0.00000,0.06000,-0.06000,19.37000,-19.20000
0.00000,0.00000,0.00000,0.00000,0.00000,0.06000,-0.06000,19.37000,-19.20000
0.00000,0.00000,0.00000,0.00000,0.00000,0.06000,-0.06000,19.71000,-19.54000
0.00000,0.00000,0.00000,0.00000,0.00000,0.06000,-0.06000,19.71000,-19.54000
0.00000,0.00000,0.00000,0.00000,0.00000,0.06000,-0.06000,20.05000,-19.87000
0.00000,0.00000,0.00000,0.00000,0.00000,0.06000,-0.06000,20.05000,-19.87000
0.00000,0.00000,0.00000,0.00000,0.00000,0.06000,-0.06000,20.38000,-20.21000
0.00000,0.00000,0.00000,0.00000,0.00000,0.06000,-0.06000,20.38000,-20.21000
0.00000,0.00000,0.00000,0.00000,0.00000,0.06000,-0.06000,20.72000,-20.54000
0.00000,0.00000,0.00000,0.00000,0.00000,0.06000,-0.06000,20.72000,-20.54000
0.00000,0.00000,0.00000,0.00000,0.00000,0.06000,-0.06000,21.06000,-20.87000
0.00000,0.00000,0.00000,0.00000,0.00000,0.06000,-0.06000,21.06000,-20.87000
0.00000,0.00000,0.00000,0.00000,0.00000,0.06000,-0.06000,21.39000,-21.21000
0.00000,0.00000,0.00000,0.00000,0.00000,0.06000,-0.06000,21.39000,-21.21000
0.00000,0.00000,0.00000,0.00000,0.00000,0.06000,-0.06000,21.73000,-21.54000
0.00000,0.00000,0.00000,0.00000,0.00000,0.06000,-0.06000,21.73000,-21.54000
0.00000,0.00000,0.00000,0.00000,0.00000,0.06000,-0.06000,22.07000,-21.88000
0.00000,0.00000,0.00000,0.00000,0.00000,0.06000,-0.06000,22.07000,-21.88000
0.00000,0.00000,0.00000,0.00000,0.00000,0.06000,-0.06000,22.40000,-22.21000
0.00000,0.00000,0.00000,0.00000,0.00000,0.06000,-0.06000,22.40000,-22.21000
0.00000,0.00000,0.00000,0.00000,0.00000,0.06000,-0.06000,22.74000,-22.54000
0.00000,0.00000,0.00000,0.00000,0.00000,0.06000,-0.06000,22.74000,-22.54000
0.00000,0.00000,0.00000,0.00000,0.00000,0.06000,-0.06000,23.08000,-22.88000
0.00000,0.00000,0.00000,0.00000,0.00000,0.06000,-0.06000,23.08000,-22.88000
0.00000,0.00000,0.00000,0.00000,0.00000,0.06000,-0.06000,23.42000,-23.21000
0.00000,0.00000,0.00000,0.00000,0.00000,0.06000,-0.06000,23.42000,-23.21000
0.00000,0.00000,0.00000,0.00000,0.00000,0.06000,-0.06000,23.75000,-23.55000
0.00000,0.00000,0.00000,0.00000,0.00000,0.06000,-0.06000,23.75000,-23.55000
0.00000,0.00000,0.00000,0.00000,0.00000,0.06000,-0.06000,24.09000,-23.88000
0.00000,0.00000,0.00000,0.00000,0.00000,0.06000,-0.06000,24.09000,-23.88000
0.00000,0.00000,0.00000,0.00000,0.00000,0.06000,-0.06000,24.43000,-24.21000
0.00000,0.00000,0.00000,0.00000,0.00000,0.06000,-0.06000,24.43000,-24.21000
0.00000,0.00000,0.00000,0.00000,0.00000,0.06000,-0.06000,24.76000,-24.55000
0.00000,0.00000,0.00000,0.00000,0.00000,0.06000,-0.06000,24.76000,-24.55000
0.00000,0.00000,0.00000,0.00000,0.00000,0.06000,-0.06000,25.10000,-24.88000
0.00000,0.00000,0.00000,0.00000,0.00000,0.06000,-0.06000,25.10000,-24.88000
0.00000,0.00000,0.00000,0.00000,0.00000,0.06000,-0.06000,25.44000,-25.22000
0.00000,0.00000,0.00000,0.00000,0.00000,0.06000,-0.06000,25.44000,-25.22000
0.00000,0.00000,0.00000,0.00000,0.00000,0.06000,-0.06000,25.77000,-25.55000
0.00000,0.00000,0.00000,0.00000,0.00000,0.06000,-0.06000,25.77000,-25.55000
0.00000,0.00000,0.00000,0.00000,0.00000,0.06000,-0.06000,26.11000,-25.88000
0.00000,0.00000,0.00000,0.00000,0.00000,0.06000,-0.06000,26.11000,-25.88000
0.00000,0.00000,0.00000,0.00000,0.00000,0.06000,-0.06000,26.45000,-26.22000
0.00000,0.00000,0.00000,0.00000,0.00000,0.06000,-0.06000,26.45000,-26.22000
0.00000,0.00000,0.00000,0.00000,0.00000,0.06000,-0.06000,26.78000,-26.55000
0.00000,0.00000,0.00000,0.00000,0.00000,0.06000,-0.06000,26.78000,-26.55000
0.00000,0.00000,0.00000,0.00000,0.00000,0.06000,-0.06000,27.12000,-26.89000
0.00000,0.00000,0.00000,0.00000,0.00000,0.06000,-0.06000,27.12000,-26.89000
0.00000,0.00000,0.00000,0.00000,0.00000,0.06000,-0.06000,27.46000,-27.22000
0.00000,0.00000,0.00000,0.00000,0.00000,0.06000,-0.06000,27.46000,-27.22000
0.00000,0.00000,0.00000,0.00000,0.00000,0.06000,-0.06000,27.80000,-27.55000
0.00000,0.00000,0.00000,0.00000,0.00000,0.06000,-0.06000,27.80000,-27.55000
0.00000,0.00000,0.00000,0.00000,0.00000,0.06000,-0.06000,28.13000,-27.89000
0.00000,0.00000,0.00000,0.00000,0.00000,0.06000,-0.06000,28.13000,-27.89000
0.00000,0.00000,0.00000,0.00000,0.00000,0.06000,-0.06000,28.47000,-28.22000
0.00000,0.00000,0.00000,0.00000,0.00000,0.06000,-0.06000,28.47000,-28.22000
0.00000,0.00000,0.00000,0.00000,0.00000,0.06000,-0.06000,28.81000,-28.56000
0.00000,0.00000,0.00000,0.00000,0.00000,0.06000,-0.06000,28.81000,-28.56000
0.00000,0.00000,0.00000,0.00000,0.00000,0.06000,-0.06000,29.14000,-28.89000
0.00000,0.00000,0.00000,0.00000,0.00000,0.06000,-0.06000,29.14000,-28.89000
0.00000,0.00000,0.00000,0.00000,0.00000,0.06000,-0.06000,29.48000,-29.22000
0.00000,0.00000,0.00000,0.00000,0.00000,0.06000,-0.06000,29.48000,-29.22000
0.00000,0.00000,0.00000,0.00000,0.00000,0.06000,-0.06000,29.82000,-29.56000
0.00000,0.00000,0.00000,0.00000,0.00000,0.06000,-0.06000,29.82000,-29.56000
0.00000,0.00000,0.00000,0.00000,0.00000,0.06000,-0.06000,30.15000,-29.89000
0.00000,0.00000,0.00000,0.00000,0.00000,0.06000,-0.06000,30.15000,-29.89000
0.00000,0.00000,0.00000,0.00000,0.00000,0.06000,-0.06000,30.49000,-30.23000
0.00000,0.00000,0.00000,0.00000,0.00000,0.06000,-0.06000,30.49000,-30.23000
0.00000,0.00000,0.00000,0.00000,0.00000,0.06000,-0.06000,30.83000,-30.56000
0.00000,0.00000,0.00000,0.00000,0.00000,0.06000,-0.06000,30.83000,-30.56000
0.00000,0.00000,0.00000,0.00000,0.00000,0.06000,-0.06000,31.16000,-30.89000
0.00000,0.00000,0.00000,0.00000,0.00000,0.06000,-0.06000,31.16000,-30.89000
0.00000,0.00000,0.00000,0.00000,0.00000,0.06000,-0.06000,31.50000,-31.23000
0.00000,0.00000,0.00000,0.00000,0.00000,0.06000,-0.06000,31.50000,-31.23000
0.00000,0.00000,0.00000,0.00000,0.00000,0.06000,-0.06000,31.84000,-31.56000
0.00000,0.00000,0.00000,0.00000,0.00000,0.06000,-0.06000,31.84000,-31.56000
0.00000,0.00000,0.00000,0.00000,0.00000,0.06000,-0.06000,32.18000,-31.90000
0.00000,0.00000,0.00000,0.00000,0.00000,0.06000,-0.06000,32.18000,-31.90000
0.00000,0.00000,0.00000,0.00000,0.00000,0.06000,-0.06000,32.51000,-32.23000
0.00000,0.00000,0.00000,0.00000,0.00000,0.06000,-0.06000,32.51000,-32.23000
0.00000,0.00000,0.00000,0.00000,0.00000,0.06000,-0.06000,32.85000,-32.56000
0.00000,0.00000,0.00000,0.00000,0.00000,0.06000,-0.06000,32.85000,-32.56000
0.00000,0.00000,0.00000,0.00000,0.00000,0.06000,-0.06000,33.19000,-32.90000
0.00000,0.00000,0.00000,0.00000,0.00000,0.06000,-0.06000,33.19000,-32.90000
0.00000,0.00000,0.00000,0.00000,0.00000,0.06000,-0.06000,33.52000,-33.23000
0.00000,0.00000,0.00000,0.00000,0.00000,0.06000,-0.06000,33.52000,-33.23000
0.00000,0.00000,0.00000,0.00000,0.00000,0.06000,-0.06000,33.86000,-33.57000
0.00000,0.00000,0.00000,0.00000,0.00000,0.06000,-0.06000,33.86000,-33.57000
0.00000,0.00000,0.00000,0.00000,0.00000,0.06000,-0.06000,34.20000,-33.90000
0.00000,0.00000,0.00000,0.00000,0.00000,0.06000,-0.06000,34.20000,-33.90000
0.00000,0.00000,0.00000,0.00000,0.00000,0.06000,-0.06000,34.53000,-34.23000
0.00000,0.00000,0.00000,0.00000,0.00000,0.06000,-0.06000,34.53000,-34.23000
0.00000,0.00000,0.00000,0.00000,0.00000,0.06000,-0.06000,34.87000,-34.57000
0.00000,0.00000,0.00000,0.00000,0.00000,0.06000,-0.06000,34.87000,-34.57000
0.00000,0.00000,0.00000,0.00000,0.00000,0.06000,-0.06000,35.21000,-34.90000
0.00000,0.00000,0.00000,0.00000,0.00000,0.06000,-0.06000,35.21000,-34.90000
0.00000,0.00000,0.00000,0.02000,0.00000,0.06000,-0.06000,35.54000,-35.24000
0.00000,0.00000,0.00000,0.00000,0.00000,0.06000,-0.06000,35.54000,-35.24000
0.00000,0.00000,0.00000,0.00000,0.00000,0.06000,-0.06000,35.88000,-35.57000
0.00000,0.00000,0.00000,0.00000,0.00000,0.06000,-0.06000,35.88000,-35.57000
0.00000,0.00000,0.00000,0.00000,0.00000,0.06000,-0.06000,36.22000,-35.91000
0.00000,0.00000,0.00000,0.00000,0.00000,0.06000,-0.06000,36.22000,-35.91000
0.00000,0.00000,0.00000,0.00000,0.00000,0.06000,-0.06000,36.56000,-36.24000
0.00000,0.00000,0.00000,0.00000,0.00000,0.06000,-0.06000,36.56000,-36.24000
0.00000,0.00000,0.00000,0.00000,0.00000,0.06000,-0.06000,36.90000,-36.58000
0.00000,0.00000,0.00000,0.00000,0.00000,0.06000,-0.06000,36.90000,-36.58000
0.00000,0.00000,0.00000,0.00000,0.00000,0.06000,-0.06000,37.24000,-36.91000
0.00000,0.00000,0.00000,0.00000,0.00000,0.06000,-0.06000,37.24000,-36.91000
0.00000,0.00000,0.00000,0.00000,0.00000,0.06000,-0.06000,37.57000,-37.25000
0.00000,0.00000,0.00000,0.00000,0.00000,0.06000,-0.06000,37.57000,-37.25000
0.00000,0.00000,0.00000,0.00000,0.00000,0.06000,-0.06000,37.91000,-37.58000
0.00000,0.00000,0.00000,0.00000,0.00000,0.06000,-0.06000,37.91000,-37.58000
0.00000,0.00000,0.00000,0.00000,0.00000,0.06000,-0.06000,38.25000,-37.92000
0.00000,0.00000,0.00000,0.00000,0.00000,0.06000,-0.06000,38.25000,-37.92000
0.00000,0.00000,0.00000,0.00000,0.00000,0.06000,-0.06000,38.59000,-38.25000
0.00000,0.00000,0.00000,0.00000,0.00000,0.06000,-0.06000,38.59000,-38.25000
0.00000,0.00000,0.00000,0.00000,0.00000,0.06000,-0.06000,38.93000,-38.59000
0.00000,0.00000,0.00000,0.00000,0.00000,0.06000,-0.06000,38.93000,-38.59000
0.00000,0.00000,0.00000,0.00000,0.00000,0.06000,-0.06000,39.26000,-38.92000
0.00000,0.00000,0.00000,0.00000,0.00000,0.06000,-0.06000,39.26000,-38.92000
0.00000,0.00000,0.00000,0.00000,0.00000,0.06000,-0.06000,39.60000,-39.26000
0.00000,0.00000,0.00000,0.00000,0.00000,0.06000,-0.06000,39.60000,-39.26000
0.00000,0.00000,0.00000,0.00000,0.00000,0.06000,-0.06000,39.94000,-39.59000
0.00000,0.00000,0.00000,0.00000,0.00000,0.06000,-0.06000,39.94000,-39.59000
0.00000,0.00000,0.00000,0.00000,0.00000,0.06000,-0.06000,40.28000,-39.93000
0.00000,0.00000,0.00000,0.00000,0.00000,0.06000,-0.06000,40.28000,-39.93000
0.00000,0.00000,0.00000,0.00000,0.00000,0.06000,-0.06000,40.62000,-40.26000
0.00000,0.00000,0.00000,0.00000,0.00000,0.06000,-0.06000,40.62000,-40.26000
0.00000,0.00000,0.00000,0.00000,0.00000,0.06000,-0.06000,40.95000,-40.60000
0.00000,0.00000,0.00000,0.00000,0.00000,0.06000,-0.06000,40.95000,-40.60000
0.00000,0.00000,0.00000,0.00000,0.00000,0.06000,-0.06000,41.29000,-40.93000
0.00000,0.00000,0.00000,0.00000,0.00000,0.06000,-0.06000,41.29000,-40.93000
0.00000,0.00000,0.00000,0.00000,0.00000,0.06000,-0.06000,41.63000,-41.27000
0.00000,0.00000,0.00000,0.00000,0.00000,0.06000,-0.06000,41.63000,-41.27000
0.00000,0.00000,0.00000,0.00000,0.00000,0.06000,-0.06000,41.97000,-41.60000
0.00000,0.00000,0.00000,0.00000,0.00000,0.06000,-0.06000,41.97000,-41.60000
0.00000,0.00000,0.00000,0.00000,0.00000,0.06000,-0.06000,42.31000,-41.94000
0.00000,0.00000,0.00000,0.00000,0.00000,0.06000,-0.06000,42.31000,-41.94000
0.00000,0.00000,0.00000,0.00000,0.00000,0.06000,-0.06000,42.64000,-42.27000
0.00000,0.00000,0.00000,0.00000,0.00000,0.06000,-0.06000,42.64000,-42.27000
0.00000,0.00000,0.00000,0.00000,0.00000,0.06000,-0.06000,42.98000,-42.61000
0.00000,0.00000,0.00000,0.00000,0.00000,0.06000,-0.06000,42.98000,-42.61000
0.00000,0.00000,0.00000,0.00000,0.00000,0.06000,-0.06000,43.32000,-42.94000
0.00000,0.00000,0.00000,0.00000,0.00000,0.06000,-0.06000,43.32000,-42.94000
0.00000,0.00000,0.00000,0.00000,0.00000,0.06000,-0.06000,43.66000,-43.28000
0.00000,0.00000,0.00000,0.00000,0.00000,0.06000,-0.06000,43.66000,-43.28000
0.00000,0.00000,0.00000,0.00000,0.00000,0.06000,-0.06000,44.00000,-43.61000
0.00000,0.00000,0.00000,0.00000,0.00000,0.06000,-0.06000,44.00000,-43.61000
0.00000,0.00000,0.00000,0.00000,0.00000,0.06000,-0.06000,44.33000,-43.95000
0.00000,0.00000,0.00000,0.00000,0.00000,0.06000,-0.06000,44.33000,-43.95000
0.00000,0.00000,0.00000,0.00000,0.00000,0.06000,-0.06000,44.67000,-44.28000
0.00000,0.00000,0.00000,0.00000,0.00000,0.06000,-0.06000,44.67000,-44.28000
0.00000,0.00000,0.00000,0.00000,0.00000,0.06000,-0.06000,45.01000,-44.62000
0.00000,0.00000,0.00000,0.00000,0.00000,0.06000,-0.06000,45.01000,-44.62000
0.00000,0.00000,0.00000,0.00000,0.00000,0.06000,-0.06000,45.35000,-44.95000
0.00000,0.00000,0.00000,0.00000,0.00000,0.06000,-0.06000,45.35000,-44.95000
0.00000,0.00000,0.00000,0.00000,0.00000,0.06000,-0.06000,45.69000,-45.29000
0.00000,0.00000,0.00000,0.00000,0.00000,0.06000,-0.06000,45.69000,-45.29000
0.00000,0.00000,0.00000,0.00000,0.00000,0.06000,-0.06000,46.02000,-45.62000
0.00000,0.00000,0.00000,0.00000,0.00000,0.06000,-0.06000,46.02000,-45.62000
0.00000,0.00000,0.00000,0.00000,0.00000,0.06000,-0.06000,46.36000,-45.96000
0.00000,0.00000,0.00000,0.00000,0.00000,0.06000,-0.06000,46.36000,-45.96000
0.00000,0.00000,0.00000,0.00000,0.00000,0.06000,-0.06000,46.70000,-46.29000
0.00000,0.00000,0.00000,0.00000,0.00000,0.06000,-0.06000,46.70000,-46.29000
0.00000,0.00000,0.00000,0.00000,0.00000,0.06000,-0.06000,47.04000,-46.63000
0.00000,0.00000,0.00000,0.00000,0.00000,0.06000,-0.06000,47.04000,-46.63000
0.00000,0.00000,0.00000,0.00000,0.00000,0.06000,-0.06000,47.37000,-46.96000
0.00000,0.00000,0.00000,0.00000,0.00000,0.06000,-0.06000,47.37000,-46.96000
0.00000,0.00000,0.00000,0.00000,0.00000,0.06000,-0.06000,47.71000,-47.30000
0.00000,0.00000,0.00000,0.00000,0.00000,0.06000,-0.06000,47.71000,-47.30000
0.00000,0.00000,0.00000,0.00000,0.00000,0.06000,-0.06000,48.05000,-47.63000
0.00000,0.00000,0.00000,0.00000,0.00000,0.06000,-0.06000,48.05000,-47.63000
0.00000,0.00000,0.00000,0.00000,0.00000,0.06000,-0.06000,48.39000,-47.97000
0.00000,0.00000,0.00000,0.02000,0.00000,0.06000,-0.06000,48.39000,-47.97000
0.00000,0.00000,0.00000,0.00000,0.00000,0.06000,-0.06000,48.42000,-48.31000
0.00000,0.00000,0.00000,0.00000,0.00000,0.06000,-0.06000,48.42000,-48.31000
0.00000,0.00000,0.00000,0.00000,0.00000,0.06000,-0.06000,48.94000,-48.64000
0.00000,0.00000,0.00000,0.00000,0.00000,0.06000,-0.06000,48.94000,-48.64000
0.00000,0.00000,0.00000,0.00000,0.00000,0.06000,-0.06000,49.28000,-48.98000
0.00000,0.00000,0.00000,0.00000,0.00000,0.06000,-0.06000,49.28000,-48.98000
0.00000,0.00000,0.00000,0.00000,0.00000,0.06000,-0.06000,49.62000,-49.31000
0.00000,0.00000,0.00000,0.00000,0.00000,0.06000,-0.06000,49.62000,-49.31000
0.00000,0.00000,0.00000,0.00000,0.00000,0.06000,-0.06000,49.96000,-49.65000
0.00000,0.00000,0.00000,0.00000,0.00000,0.06000,-0.06000,49.96000,-49.65000
0.00000,0.00000,0.00000,0.00000,0.00000,0.06000,-0.06000,50.30000,-49.99000
0.00000,0.00000,0.00000,0.00000,0.00000,0.06000,-0.06000,50.30000,-49.99000
0.00000,0.00000,0.00000,0.00000,0.00000,0.06000,-0.06000,50.64000,-50.32000
0.00000,0.00000,0.00000,0.02000,0.00000,0.06000,-0.06000,50.64000,-50.32000
0.00000,0.00000,0.00000,0.17000,0.00000,0.06000,-0.06000,50.67000,-50.66000
0.00000,0.00000,0.01000,0.31000,0.00000,0.06000,-0.06000,50.67000,-50.66000
0.00000,0.00000,0.02000,0.31000,0.00000,0.06000,-0.06000,46.58000,-51.06000
0.00000,0.00000,0.02000,0.23000,0.00000,0.06000,-0.06000,46.58000,-51.06000
0.00000,0.00000,0.02000,0.12000,0.00000,0.07000,-0.06000,46.39000,-51.48000
0.00000,0.00000,0.02000,0.04000,0.00000,0.07000,-0.07000,46.39000,-51.48000
0.00000,0.00000,0.02000,0.12000,0.00000,0.07000,-0.07000,48.23000,-51.89000
0.00000,0.00000,0.03000,0.10000,0.00000,0.07000,-0.07000,48.23000,-51.89000
0.00000,0.00000,0.03000,0.23000,0.00000,0.07000,-0.07000,47.48000,-52.32000
0.00000,0.00000,0.03000,0.08000,0.00000,0.07000,-0.07000,47.48000,-52.32000
0.00000,0.00000,0.03000,0.12000,0.00000,0.07000,-0.07000,47.62000,-52.76000
0.00000,0.00000,0.04000,0.21000,0.00000,0.07000,-0.07000,47.62000,-52.76000
0.00000,0.00000,0.04000,0.25000,0.00000,0.07000,-0.07000,45.72000,-53.22000
0.00000,0.00000,0.05000,0.17000,0.00000,0.08000,-0.08000,45.72000,-53.22000
0.00000,0.00000,0.05000,0.00000,0.00000,0.08000,-0.08000,45.59000,-53.72000
0.00000,0.00000,0.05000,0.00000,0.00000,0.08000,-0.08000,45.59000,-53.72000
0.00000,0.00000,0.05000,0.00000,0.00000,0.08000,-0.08000,47.55000,-54.18000
0.00000,0.00000,0.05000,0.00000,0.00000,0.08000,-0.08000,47.55000,-54.18000
0.00000,0.00000,0.05000,0.00000,0.00000,0.08000,-0.08000,48.02000,-54.64000
0.00000,0.00000,0.05000,0.00000,0.00000,0.08000,-0.08000,48.02000,-54.64000
0.00000,0.00000,0.05000,0.00000,0.00000,0.08000,-0.08000,48.48000,-55.10000
0.00000,0.00000,0.05000,0.04000,0.00000,0.08000,-0.08000,48.48000,-55.10000
0.00000,0.00000,0.05000,0.17000,0.00000,0.08000,-0.08000,48.33000,-55.56000
0.00000,0.00000,0.05000,0.27000,0.00000,0.08000,-0.08000,48.33000,-55.56000
0.00000,0.00000,0.06000,0.04000,0.00000,0.08000,-0.08000,45.18000,-56.08000
0.00000,0.00000,0.06000,0.15000,0.00000,0.08000,-0.08000,45.18000,-56.08000
0.00000,0.00000,0.06000,0.00000,0.00000,0.08000,-0.08000,45.94000,-56.59000
0.00000,0.00000,0.06000,0.17000,0.00000,0.08000,-0.08000,45.94000,-56.59000
0.00000,0.00000,0.06000,0.00000,0.00000,0.08000,-0.08000,45.28000,-57.11000
0.00000,0.00000,0.06000,0.02000,0.00000,0.08000,-0.08000,45.28000,-57.11000
0.00000,0.00000,0.06000,0.12000,0.00000,0.08000,-0.08000,46.97000,-57.61000
0.00000,0.00000,0.06000,0.02000,0.00000,0.09000,-0.09000,46.97000,-57.61000
0.00000,0.00000,0.06000,0.00000,0.00000,0.09000,-0.09000,47.37000,-58.13000
0.00000,0.00000,0.06000,0.00000,0.00000,0.09000,-0.09000,47.37000,-58.13000
0.00000,0.00000,0.06000,0.00000,0.00000,0.09000,-0.09000,48.08000,-58.65000
0.00000,0.00000,0.06000,0.00000,0.00000,0.09000,-0.09000,48.08000,-58.65000
0.00000,0.00000,0.06000,0.00000,0.00000,0.09000,-0.09000,48.59000,-59.16000
0.00000,0.00000,0.06000,0.00000,0.00000,0.09000,-0.09000,48.59000,-59.16000
0.00000,0.00000,0.06000,0.00000,0.00000,0.09000,-0.09000,49.11000,-59.67000
0.00000,0.00000,0.06000,0.00000,0.00000,0.09000,-0.09000,49.11000,-59.67000
0.00000,0.00000,0.06000,0.00000,0.00000,0.09000,-0.09000,49.63000,-60.18000
0.00000,0.00000,0.06000,0.00000,0.00000,0.09000,-0.09000,49.63000,-60.18000
0.00000,0.00000,0.06000,0.00000,0.00000,0.09000,-0.09000,50.14000,-60.69000
0.00000,0.00000,0.06000,0.00000,0.00000,0.09000,-0.09000,50.14000,-60.69000
0.00000,0.00000,0.06000,0.00000,0.00000,0.09000,-0.09000,50.66000,-61.20000
0.00000,0.00000,0.06000,0.00000,0.00000,0.09000,-0.09000,50.66000,-61.20000
0.00000,0.00000,0.06000,0.00000,0.00000,0.09000,-0.09000,51.18000,-61.72000
0.00000,0.00000,0.06000,0.04000,0.00000,0.09000,-0.09000,51.18000,-61.72000
0.00000,0.00000,0.07000,0.17000,0.00000,0.09000,-0.09000,51.07000,-62.23000
0.00000,0.00000,0.07000,0.29000,0.00000,0.09000,-0.09000,51.07000,-62.23000
0.00000,0.00000,0.08000,0.42000,0.00000,0.09000,-0.09000,47.67000,-62.80000
0.01000,0.00000,0.09000,0.33000,0.00000,0.09000,-0.09000,47.67000,-62.80000
0.01000,0.00000,0.09000,0.21000,0.00000,0.10000,-0.10000,45.94000,-63.44000
0.01000,0.00000,0.09000,0.04000,0.00000,0.10000,-0.10000,45.94000,-63.44000
0.01000,0.00000,0.09000,0.00000,0.00000,0.10000,-0.10000,48.93000,-64.05000
0.01000,0.00000,0.09000,0.00000,0.00000,0.10000,-0.10000,48.93000,-64.05000
0.01000,0.00000,0.09000,0.00000,0.00000,0.10000,-0.10000,49.90000,-64.64000
0.01000,0.00000,0.09000,0.00000,0.00000,0.10000,-0.10000,49.90000,-64.64000
0.01000,0.00000,0.09000,0.00000,0.00000,0.10000,-0.10000,50.49000,-65.23000
0.01000,0.00000,0.09000,0.00000,0.00000,0.10000,-0.10000,50.49000,-65.23000
0.01000,0.00000,0.10000,0.25000,0.00000,0.10000,-0.10000,51.09000,-65.82000
0.01000,0.00000,0.10000,0.37000,0.00000,0.10000,-0.10000,51.09000,-65.82000
0.01000,0.00000,0.11000,0.37000,0.00000,0.11000,-0.10000,46.16000,-66.50000
0.01000,0.00000,0.11000,0.23000,0.00000,0.11000,-0.11000,46.16000,-66.50000
0.01000,0.00000,0.12000,0.23000,0.00000,0.11000,-0.11000,46.82000,-67.20000
0.01000,0.00000,0.12000,0.04000,0.00000,0.11000,-0.11000,46.82000,-67.20000
0.01000,0.00000,0.12000,0.02000,0.00000,0.11000,-0.11000,48.95000,-67.90000
0.01000,0.00000,0.12000,0.17000,0.00000,0.11000,-0.11000,48.95000,-67.90000
0.01000,0.00000,0.13000,0.27000,0.00000,0.11000,-0.11000,47.54000,-68.60000
0.01000,0.00000,0.13000,0.19000,0.00000,0.12000,-0.12000,47.54000,-68.60000
0.01000,0.00000,0.13000,0.02000,0.00000,0.12000,-0.12000,46.98000,-69.34000
0.01000,0.00000,0.13000,0.00000,0.00000,0.12000,-0.12000,46.98000,-69.34000
0.01000,0.00000,0.13000,0.00000,0.00000,0.12000,-0.12000,49.38000,-70.05000
0.01000,0.00000,0.13000,0.00000,0.00000,0.12000,-0.12000,49.38000,-70.05000
0.01000,0.00000,0.13000,0.00000,0.00000,0.12000,-0.12000,50.10000,-70.76000
0.01000,0.00000,0.13000,0.00000,0.00000,0.12000,-0.12000,50.10000,-70.76000
0.01000,0.00000,0.13000,0.02000,0.00000,0.12000,-0.12000,50.82000,-71.47000
0.01000,0.00000,0.13000,0.19000,0.00000,0.12000,-0.12000,50.82000,-71.47000
0.01000,0.00000,0.14000,0.33000,0.00000,0.12000,-0.12000,48.76000,-72.21000
0.01000,0.00000,0.14000,0.27000,0.00000,0.12000,-0.12000,48.76000,-72.21000
0.01000,0.00000,0.14000,0.02000,0.00000,0.13000,-0.13000,47.21000,-73.01000
0.01000,0.00000,0.15000,0.02000,0.00000,0.13000,-0.13000,47.21000,-73.01000
0.01000,0.00000,0.15000,0.15000,0.00000,0.13000,-0.13000,50.10000,-73.77000
0.01000,0.00000,0.15000,0.21000,0.00000,0.13000,-0.13000,50.10000,-73.77000
0.01000,0.00000,0.15000,0.12000,0.00000,0.13000,-0.13000,47.98000,-74.58000
0.01000,0.00000,0.15000,0.00000,0.00000,0.13000,-0.13000,47.98000,-74.58000
0.01000,0.00000,0.16000,0.15000,0.00000,0.13000,-0.13000,50.66000,-75.38000
0.01000,0.00000,0.16000,0.02000,0.00000,0.13000,-0.13000,50.66000,-75.38000
0.01000,0.00000,0.16000,0.00000,0.00000,0.13000,-0.13000,51.17000,-76.18000
0.01000,0.00000,0.16000,0.00000,0.00000,0.13000,-0.13000,51.17000,-76.18000
0.01000,0.00000,0.16000,0.15000,0.00000,0.13000,-0.13000,52.16000,-76.98000
0.01000,0.00000,0.16000,0.23000,0.00000,0.14000,-0.13000,52.16000,-76.98000
0.01000,0.00000,0.17000,0.37000,0.00000,0.14000,-0.14000,49.59000,-77.83000
0.01000,0.00000,0.18000,0.39000,0.00000,0.14000,-0.14000,49.59000,-77.83000
0.01000,0.00000,0.18000,0.19000,0.00000,0.15000,-0.14000,46.67000,-78.76000
0.01000,0.00000,0.18000,0.17000,0.00000,0.15000,-0.15000,46.67000,-78.76000
0.01000,0.00000,0.19000,0.17000,0.00000,0.15000,-0.15000,48.65000,-79.67000
0.01000,0.00000,0.19000,0.17000,0.00000,0.15000,-0.15000,48.65000,-79.67000
0.01000,0.00000,0.19000,0.00000,0.00000,0.15000,-0.15000,48.60000,-80.60000
0.01000,0.00000,0.19000,0.00000,0.00000,0.15000,-0.15000,48.60000,-80.60000
0.01000,0.00000,0.19000,0.00000,0.00000,0.15000,-0.15000,51.01000,-81.50000
0.01000,0.00000,0.19000,0.00000,0.00000,0.15000,-0.15000,51.01000,-81.50000
0.01000,0.00000,0.19000,0.00000,0.00000,0.15000,-0.15000,51.92000,-82.41000
0.01000,0.00000,0.19000,0.00000,0.00000,0.15000,-0.15000,51.92000,-82.41000
0.01000,0.00000,0.19000,0.00000,0.00000,0.15000,-0.15000,52.84000,-83.31000
0.01000,0.00000,0.19000,0.06000,0.00000,0.15000,-0.15000,52.84000,-83.31000
0.01000,0.00000,0.20000,0.27000,0.00000,0.15000,-0.15000,52.83000,-84.22000
0.01000,0.00000,0.20000,0.39000,0.00000,0.16000,-0.15000,52.83000,-84.22000
0.01000,0.00000,0.21000,0.35000,0.00000,0.16000,-0.16000,48.49000,-85.23000
0.01000,0.00000,0.21000,0.29000,0.00000,0.16000,-0.16000,48.49000,-85.23000
0.01000,0.00000,0.22000,0.21000,0.00000,0.17000,-0.16000,48.74000,-86.27000
0.01000,0.00000,0.22000,0.25000,0.00000,0.17000,-0.17000,48.74000,-86.27000
0.01000,0.00000,0.23000,0.17000,0.00000,0.17000,-0.17000,48.69000,-87.33000
0.01000,0.00000,0.23000,0.00000,0.00000,0.17000,-0.17000,48.69000,-87.33000
0.01000,0.00000,0.23000,0.00000,0.00000,0.17000,-0.17000,51.99000,-88.37000
0.01000,0.00000,0.23000,0.00000,0.00000,0.17000,-0.17000,51.99000,-88.37000
0.01000,0.00000,0.23000,0.17000,0.00000,0.17000,-0.17000,53.03000,-89.40000
0.01000,0.00000,0.24000,0.35000,0.00000,0.18000,-0.17000,53.03000,-89.40000
0.01000,0.00000,0.24000,0.48000,0.00000,0.18000,-0.18000,48.86000,-90.50000
0.02000,0.00000,0.25000,0.33000,0.00000,0.18000,-0.18000,48.86000,-90.50000
0.02000,0.00000,0.25000,0.19000,0.00000,0.19000,-0.18000,48.26000,-91.69000
0.02000,0.00000,0.26000,0.27000,0.00000,0.19000,-0.19000,48.26000,-91.69000
0.02000,0.00000,0.26000,0.21000,0.00000,0.19000,-0.19000,48.41000,-92.87000
0.02000,0.00000,0.26000,0.00000,0.00000,0.20000,-0.19000,48.41000,-92.87000
0.02000,0.00000,0.26000,0.00000,0.00000,0.20000,-0.19000,52.03000,-94.05000
0.02000,0.00000,0.26000,0.00000,0.00000,0.20000,-0.19000,52.03000,-94.05000
0.02000,0.00000,0.26000,0.17000,0.00000,0.20000,-0.19000,53.20000,-95.20000
0.02000,0.00000,0.27000,0.10000,0.00000,0.20000,-0.19000,53.20000,-95.20000
0.02000,0.00000,0.27000,0.39000,0.00000,0.20000,-0.20000,52.86000,-96.40000
0.02000,0.00000,0.28000,0.37000,0.00000,0.20000,-0.20000,52.86000,-96.40000
0.02000,0.00000,0.29000,0.31000,0.00000,0.21000,-0.20000,49.51000,-97.69000
0.02000,0.00000,0.29000,0.31000,0.00000,0.21000,-0.21000,49.51000,-97.69000
0.02000,0.00000,0.30000,0.31000,0.00000,0.21000,-0.21000,49.55000,-99.02000
0.02000,0.00000,0.30000,0.10000,0.00000,0.22000,-0.21000,49.55000,-99.02000
0.02000,0.00000,0.30000,0.08000,0.00000,0.22000,-0.22000,52.16000,-100.35000
0.02000,0.00000,0.30000,0.02000,0.00000,0.22000,-0.22000,52.16000,-100.35000
0.02000,0.00000,0.31000,0.23000,0.00000,0.22000,-0.22000,54.11000,-101.66000
0.02000,0.00000,0.31000,0.19000,0.00000,0.22000,-0.22000,54.11000,-101.66000
0.02000,0.00000,0.32000,0.39000,0.00000,0.23000,-0.22000,52.89000,-103.03000
0.02000,0.00000,0.32000,0.39000,0.00000,0.23000,-0.23000,52.89000,-103.03000
0.02000,0.00000,0.33000,0.27000,0.00000,0.23000,-0.23000,50.15000,-104.49000
0.02000,0.00000,0.33000,0.25000,0.00000,0.24000,-0.23000,50.15000,-104.49000
0.02000,0.00000,0.34000,0.29000,0.00000,0.24000,-0.24000,51.46000,-105.95000
0.02000,0.00000,0.34000,0.27000,0.00000,0.24000,-0.24000,51.46000,-105.95000
0.02000,0.00000,0.34000,0.02000,0.00000,0.25000,-0.24000,51.20000,-107.47000
0.02000,0.00000,0.34000,0.00000,0.00000,0.25000,-0.24000,51.20000,-107.47000
0.02000,0.00000,0.35000,0.12000,0.00000,0.25000,-0.24000,55.11000,-108.92000
0.02000,0.00000,0.35000,0.21000,0.00000,0.25000,-0.24000,55.11000,-108.92000
0.02000,0.00000,0.35000,0.31000,0.00000,0.25000,-0.25000,53.54000,-110.43000
0.02000,0.00000,0.36000,0.42000,0.00000,0.26000,-0.25000,53.54000,-110.43000
0.02000,0.00000,0.37000,0.39000,0.00000,0.26000,-0.25000,50.83000,-112.04000
0.02000,0.00000,0.37000,0.21000,0.00000,0.27000,-0.26000,50.83000,-112.04000
0.02000,0.00000,0.37000,0.02000,0.00000,0.27000,-0.26000,53.12000,-113.67000
0.02000,0.00000,0.38000,0.23000,0.00000,0.27000,-0.26000,53.12000,-113.67000
0.02000,0.00000,0.38000,0.08000,0.00000,0.27000,-0.26000,53.22000,-115.28000
0.02000,0.00000,0.38000,0.06000,0.00000,0.27000,-0.27000,53.22000,-115.28000
0.02000,0.00000,0.39000,0.29000,0.00000,0.27000,-0.27000,55.99000,-116.89000
0.02000,0.00000,0.39000,0.31000,0.00000,0.28000,-0.27000,55.99000,-116.89000
0.02000,0.00000,0.40000,0.27000,0.00000,0.28000,-0.27000,53.62000,-118.59000
0.02000,0.00000,0.40000,0.35000,0.00000,0.28000,-0.28000,53.62000,-118.59000
0.02000,0.01000,0.41000,0.37000,0.00000,0.29000,-0.28000,52.93000,-120.34000
0.02000,0.01000,0.41000,0.29000,0.00000,0.29000,-0.28000,52.93000,-120.34000
0.03000,0.01000,0.42000,0.04000,0.00000,0.30000,-0.29000,53.59000,-122.14000
0.03000,0.01000,0.42000,0.17000,0.00000,0.30000,-0.29000,53.59000,-122.14000
0.03000,0.01000,0.42000,0.25000,0.00000,0.30000,-0.29000,55.53000,-123.90000
0.03000,0.01000,0.43000,0.19000,0.00000,0.30000,-0.29000,55.53000,-123.90000
0.03000,0.01000,0.43000,0.31000,0.00000,0.30000,-0.30000,56.09000,-125.72000
0.03000,0.01000,0.44000,0.46000,0.00000,0.31000,-0.30000,56.09000,-125.72000
0.03000,0.01000,0.45000,0.37000,0.00000,0.31000,-0.30000,52.89000,-127.62000
0.03000,0.01000,0.45000,0.29000,0.00000,0.32000,-0.31000,52.89000,-127.62000
0.03000,0.01000,0.46000,0.31000,0.00000,0.32000,-0.31000,54.64000,-129.55000
0.03000,0.01000,0.46000,0.31000,0.00000,0.33000,-0.31000,54.64000,-129.55000
0.03000,0.01000,0.47000,0.19000,0.00000,0.33000,-0.32000,54.63000,-131.53000
0.03000,0.01000,0.47000,0.27000,0.00000,0.33000,-0.32000,54.63000,-131.53000
0.03000,0.01000,0.48000,0.37000,0.00000,0.33000,-0.32000,55.44000,-133.51000
0.03000,0.01000,0.48000,0.21000,0.00000,0.34000,-0.33000,55.44000,-133.51000
0.03000,0.01000,0.49000,0.29000,0.00000,0.34000,-0.33000,56.87000,-135.55000
0.03000,0.01000,0.49000,0.37000,0.00000,0.35000,-0.33000,56.87000,-135.55000
0.03000,0.01000,0.50000,0.37000,0.00000,0.35000,-0.34000,55.30000,-137.64000
0.03000,0.01000,0.51000,0.29000,0.00000,0.35000,-0.34000,55.30000,-137.64000
0.03000,0.01000,0.51000,0.33000,0.00000,0.36000,-0.34000,56.52000,-139.77000
0.03000,0.01000,0.52000,0.35000,0.00000,0.36000,-0.35000,56.52000,-139.77000
0.03000,0.01000,0.52000,0.27000,0.00000,0.37000,-0.35000,56.11000,-141.94000
0.03000,0.01000,0.53000,0.21000,0.00000,0.37000,-0.35000,56.11000,-141.94000
0.03000,0.01000,0.53000,0.29000,0.00000,0.37000,-0.36000,58.46000,-144.12000
0.03000,0.01000,0.54000,0.25000,0.00000,0.38000,-0.36000,58.46000,-144.12000
0.03000,0.01000,0.54000,0.19000,0.00000,0.38000,-0.36000,58.91000,-146.34000
0.03000,0.01000,0.54000,0.19000,0.00000,0.38000,-0.36000,58.91000,-146.34000
0.03000,0.01000,0.55000,0.33000,0.00000,0.38000,-0.37000,60.69000,-148.56000
0.03000,0.01000,0.55000,0.23000,0.00000,0.39000,-0.37000,60.69000,-148.56000
0.03000,0.01000,0.56000,0.21000,0.00000,0.39000,-0.37000,61.33000,-150.83000
0.03000,0.01000,0.56000,0.31000,0.00000,0.39000,-0.37000,61.33000,-150.83000
0.03000,0.01000,0.57000,0.33000,0.00000,0.39000,-0.38000,61.14000,-153.13000
0.03000,0.01000,0.57000,0.29000,0.00000,0.40000,-0.38000,61.14000,-153.13000
0.03000,0.01000,0.58000,0.39000,0.00000,0.40000,-0.38000,62.06000,-155.47000
0.03000,0.01000,0.59000,0.44000,0.00000,0.41000,-0.38000,62.06000,-155.47000
0.03000,0.01000,0.59000,0.29000,0.00000,0.41000,-0.39000,60.68000,-157.87000
0.03000,0.01000,0.60000,0.04000,0.00000,0.41000,-0.39000,60.68000,-157.87000
0.03000,0.01000,0.60000,0.00000,0.00000,0.41000,-0.39000,66.51000,-160.24000
0.03000,0.01000,0.60000,0.00000,0.00000,0.41000,-0.39000,66.51000,-160.24000
0.03000,0.01000,0.60000,0.00000,0.00000,0.41000,-0.39000,69.37000,-162.59000
0.03000,0.01000,0.60000,0.00000,0.00000,0.41000,-0.39000,69.37000,-162.59000
0.03000,0.01000,0.60000,0.17000,0.00000,0.41000,-0.39000,71.86000,-164.94000
0.04000,0.01000,0.60000,0.21000,0.00000,0.42000,-0.39000,71.86000,-164.94000
0.04000,0.01000,0.61000,0.21000,0.00000,0.42000,-0.39000,71.30000,-167.33000
0.04000,0.01000,0.61000,0.29000,0.00000,0.42000,-0.40000,71.30000,-167.33000
0.04000,0.01000,0.61000,0.12000,0.00000,0.42000,-0.40000,71.40000,-169.76000
0.04000,0.01000,0.61000,0.08000,0.00000,0.43000,-0.40000,71.40000,-169.76000
0.04000,0.01000,0.62000,0.08000,0.00000,0.43000,-0.40000,75.35000,-172.18000
0.04000,0.01000,0.62000,0.00000,0.00000,0.43000,-0.40000,75.35000,-172.18000
0.04000,0.01000,0.62000,0.17000,0.00000,0.43000,-0.40000,78.67000,-174.59000
0.04000,0.01000,0.62000,0.08000,0.00000,0.43000,-0.40000,78.67000,-174.59000
0.04000,0.01000,0.63000,0.44000,0.00000,0.43000,-0.40000,80.03000,-177.03000
0.04000,0.01000,0.64000,0.56000,0.00000,0.43000,-0.41000,80.03000,-177.03000
0.04000,0.01000,0.65000,0.62000,0.00000,0.44000,-0.41000,75.11000,-179.56000
0.04000,0.01000,0.66000,0.58000,0.00000,0.45000,-0.41000,75.11000,-179.56000
0.04000,0.01000,0.67000,0.42000,0.00000,0.45000,-0.42000,74.26000,-182.14000
0.04000,0.01000,0.67000,0.12000,0.00000,0.46000,-0.42000,74.26000,-182.14000
0.04000,0.01000,0.67000,0.00000,0.00000,0.46000,-0.42000,80.42000,-184.70000
0.04000,0.01000,0.67000,0.00000,0.00000,0.46000,-0.42000,80.42000,-184.70000
0.04000,0.01000,0.67000,0.00000,0.00000,0.46000,-0.42000,84.29000,-187.24000
0.04000,0.01000,0.67000,0.00000,0.00000,0.46000,-0.42000,84.29000,-187.24000
0.04000,0.01000,0.67000,0.00000,0.00000,0.46000,-0.42000,87.04000,-189.77000
0.04000,0.01000,0.67000,0.00000,0.00000,0.46000,-0.42000,87.04000,-189.77000
0.04000,0.01000,0.67000,0.00000,0.00000,0.46000,-0.42000,89.80000,-192.30000
0.04000,0.01000,0.67000,0.04000,0.00000,0.46000,-0.42000,89.80000,-192.30000
0.04000,0.01000,0.68000,0.27000,0.00000,0.46000,-0.42000,91.93000,-194.84000
0.04000,0.01000,0.68000,0.39000,0.00000,0.46000,-0.42000,91.93000,-194.84000
0.04000,0.01000,0.69000,0.46000,0.00000,0.47000,-0.43000,89.24000,-197.43000
0.04000,0.01000,0.70000,0.58000,0.00000,0.47000,-0.43000,89.24000,-197.43000
0.04000,0.02000,0.72000,0.83000,0.00000,0.48000,-0.43000,87.01000,-200.07000
0.04000,0.02000,0.73000,0.83000,0.00000,0.48000,-0.44000,87.01000,-200.07000
0.04000,0.02000,0.75000,0.87000,0.00000,0.49000,-0.44000,82.87000,-202.76000
0.04000,0.02000,0.76000,0.83000,0.00000,0.50000,-0.44000,82.87000,-202.76000
0.04000,0.02000,0.78000,0.75000,0.00000,0.51000,-0.44000,81.06000,-205.48000
0.04000,0.02000,0.79000,0.60000,0.00000,0.51000,-0.45000,81.06000,-205.48000
0.04000,0.02000,0.80000,0.50000,0.00000,0.52000,-0.45000,82.72000,-208.19000
0.04000,0.02000,0.81000,0.52000,0.00000,0.52000,-0.45000,82.72000,-208.19000
0.05000,0.02000,0.81000,0.50000,0.00000,0.53000,-0.45000,83.59000,-210.89000
0.05000,0.02000,0.83000,0.66000,0.00000,0.53000,-0.45000,83.59000,-210.89000
0.05000,0.02000,0.84000,0.83000,0.00000,0.54000,-0.45000,81.60000,-213.59000
0.05000,0.02000,0.85000,0.71000,0.00000,0.54000,-0.45000,81.60000,-213.59000
0.05000,0.02000,0.87000,0.66000,0.00000,0.55000,-0.45000,80.40000,-216.27000
0.05000,0.02000,0.88000,0.62000,0.00000,0.56000,-0.45000,80.40000,-216.27000
0.05000,0.02000,0.89000,0.71000,0.00000,0.56000,-0.45000,80.88000,-218.92000
0.05000,0.02000,0.90000,0.71000,0.00000,0.57000,-0.44000,80.88000,-218.92000
0.05000,0.02000,0.92000,0.75000,0.00000,0.57000,-0.44000,79.44000,-221.53000
0.05000,0.02000,0.93000,0.79000,0.00000,0.58000,-0.44000,79.44000,-221.53000
0.05000,0.03000,0.95000,0.79000,0.00000,0.59000,-0.43000,77.61000,-224.07000
0.05000,0.03000,0.96000,0.79000,0.00000,0.59000,-0.43000,77.61000,-224.07000
0.05000,0.03000,0.97000,0.79000,0.00000,0.60000,-0.42000,76.63000,-226.54000
0.05000,0.03000,0.99000,0.77000,0.00000,0.61000,-0.42000,76.63000,-226.54000
0.05000,0.03000,1.00000,0.77000,0.00000,0.62000,-0.41000,76.07000,-228.91000
0.05000,0.03000,1.02000,0.77000,0.00000,0.63000,-0.41000,76.07000,-228.91000
0.05000,0.03000,1.03000,0.75000,0.00000,0.64000,-0.40000,75.45000,-231.16000
0.05000,0.03000,1.04000,0.77000,0.00000,0.65000,-0.39000,75.45000,-231.16000
0.05000,0.03000,1.06000,0.73000,0.00000,0.66000,-0.38000,74.94000,-233.31000
0.05000,0.03000,1.07000,0.64000,0.00000,0.66000,-0.37000,74.94000,-233.31000
0.05000,0.03000,1.08000,0.50000,0.00000,0.67000,-0.37000,76.39000,-235.35000
0.05000,0.03000,1.08000,0.37000,0.00000,0.68000,-0.36000,76.39000,-235.35000
0.06000,0.03000,1.09000,0.33000,0.00000,0.69000,-0.35000,80.80000,-237.36000
0.06000,0.03000,1.09000,0.29000,0.00000,0.69000,-0.35000,80.80000,-237.36000
0.06000,0.03000,1.10000,0.29000,0.00000,0.69000,-0.34000,84.06000,-239.34000
0.06000,0.03000,1.10000,0.00000,0.00000,0.70000,-0.34000,84.06000,-239.34000
0.06000,0.03000,1.10000,0.17000,0.00000,0.70000,-0.34000,90.91000,-241.33000
0.06000,0.03000,1.11000,0.31000,0.00000,0.70000,-0.34000,90.91000,-241.33000
0.06000,0.03000,1.12000,0.39000,0.00000,0.71000,-0.33000,90.55000,-243.25000
0.06000,0.03000,1.12000,0.29000,0.00000,0.71000,-0.32000,90.55000,-243.25000
0.06000,0.04000,1.13000,0.31000,0.00000,0.72000,-0.32000,93.41000,-245.07000
0.06000,0.04000,1.13000,0.35000,0.00000,0.72000,-0.31000,93.41000,-245.07000
0.06000,0.04000,1.14000,0.39000,0.00000,0.73000,-0.31000,95.22000,-246.80000
0.06000,0.04000,1.15000,0.44000,0.00000,0.74000,-0.30000,95.22000,-246.80000
0.06000,0.04000,1.15000,0.33000,0.00000,0.75000,-0.29000,96.47000,-248.41000
0.06000,0.04000,1.16000,0.17000,0.00000,0.75000,-0.29000,96.47000,-248.41000
0.06000,0.04000,1.16000,0.04000,0.00000,0.76000,-0.28000,102.53000,-250.01000
0.06000,0.04000,1.16000,0.12000,0.00000,0.76000,-0.28000,102.53000,-250.01000
0.06000,0.04000,1.16000,0.00000,0.00000,0.76000,-0.28000,106.74000,-251.65000
0.06000,0.04000,1.16000,0.00000,0.00000,0.76000,-0.28000,106.74000,-251.65000
0.06000,0.04000,1.16000,0.00000,0.00000,0.76000,-0.28000,112.41000,-253.32000
0.06000,0.04000,1.16000,0.00000,0.00000,0.76000,-0.28000,112.41000,-253.32000
0.06000,0.04000,1.16000,0.00000,0.00000,0.76000,-0.28000,116.96000,-254.99000
0.06000,0.04000,1.16000,0.00000,0.00000,0.76000,-0.28000,116.96000,-254.99000
0.06000,0.04000,1.16000,0.00000,0.00000,0.76000,-0.28000,121.52000,-255.00000
0.06000,0.04000,1.16000,0.12000,0.00000,0.76000,-0.28000,121.52000,-255.00000
0.06000,0.04000,1.17000,0.46000,0.00000,0.76000,-0.28000,124.24000,-255.00000
0.06000,0.04000,1.19000,1.00000,0.00000,0.77000,-0.27000,124.24000,-255.00000
0.06000,0.04000,1.21000,1.29000,0.00000,0.79000,-0.24000,115.44000,-255.00000
0.06000,0.04000,1.23000,1.29000,0.00000,0.82000,-0.21000,115.44000,-255.00000
0.06000,0.04000,1.26000,1.27000,0.00000,0.85000,-0.18000,110.77000,-255.00000
0.06000,0.04000,1.28000,1.22000,0.00000,0.89000,-0.15000,110.77000,-255.00000
0.06000,0.05000,1.30000,1.29000,0.00000,0.92000,-0.11000,110.10000,-255.00000
0.06000,0.05000,1.33000,1.37000,0.00000,0.96000,-0.07000,110.10000,-255.00000
0.06000,0.05000,1.35000,1.49000,0.00000,1.00000,-0.02000,107.30000,-255.00000
0.06000,0.05000,1.38000,1.58000,0.00000,1.05000,0.03000,107.30000,-255.00000
0.06000,0.05000,1.41000,1.68000,0.00000,1.11000,0.09000,103.58000,-253.66000
0.06000,0.05000,1.45000,1.72000,0.00000,1.17000,0.15000,103.58000,-253.66000
0.06000,0.06000,1.48000,1.79000,0.00000,1.23000,0.22000,100.48000,-251.15000
0.06000,0.06000,1.51000,1.76000,0.00000,1.30000,0.29000,100.48000,-251.15000
0.06000,0.06000,1.54000,1.74000,0.00000,1.38000,0.35000,99.12000,-247.86000
0.06000,0.06000,1.57000,1.70000,0.00000,1.45000,0.41000,99.12000,-247.86000
0.06000,0.06000,1.60000,1.68000,0.00000,1.52000,0.46000,99.82000,-244.07000
0.06000,0.07000,1.63000,1.66000,0.00000,1.58000,0.51000,99.82000,-244.07000
0.06000,0.07000,1.66000,1.62000,0.00000,1.63000,0.55000,101.00000,-239.94000
0.06000,0.07000,1.69000,1.66000,0.00000,1.68000,0.59000,101.00000,-239.94000
0.06000,0.07000,1.72000,1.66000,0.00000,1.72000,0.63000,102.20000,-235.49000
0.06000,0.07000,1.75000,1.68000,0.00000,1.76000,0.66000,102.20000,-235.49000
0.06000,0.07000,1.78000,1.72000,0.00000,1.80000,0.69000,103.45000,-230.77000
0.06000,0.08000,1.81000,1.74000,0.00000,1.84000,0.72000,103.45000,-230.77000
0.06000,0.08000,1.85000,1.83000,0.00000,1.87000,0.74000,104.22000,-225.87000
0.06000,0.08000,1.88000,1.87000,0.00000,1.90000,0.76000,104.22000,-225.87000
0.06000,0.08000,1.92000,1.91000,0.00000,1.92000,0.78000,103.93000,-220.82000
0.06000,0.08000,1.95000,1.99000,0.00000,1.95000,0.80000,103.93000,-220.82000
0.06000,0.09000,1.99000,1.99000,0.00000,1.97000,0.81000,103.05000,-215.68000
0.06000,0.09000,2.02000,1.97000,0.00000,1.99000,0.82000,103.05000,-215.68000
0.06000,0.09000,2.06000,2.03000,0.00000,2.00000,0.83000,103.71000,-210.49000
0.05000,0.09000,2.10000,2.01000,0.00000,2.01000,0.84000,103.71000,-210.49000
0.05000,0.09000,2.13000,2.03000,0.00000,2.02000,0.85000,103.62000,-205.28000
0.05000,0.10000,2.17000,2.05000,0.00000,2.03000,0.85000,103.62000,-205.28000
0.05000,0.10000,2.21000,2.05000,0.00000,2.04000,0.86000,103.31000,-200.06000
0.05000,0.10000,2.24000,1.99000,0.00000,2.05000,0.86000,103.31000,-200.06000
0.05000,0.10000,2.28000,1.79000,0.00000,2.05000,0.86000,104.25000,-194.86000
0.05000,0.10000,2.31000,1.66000,0.00000,2.05000,0.86000,104.25000,-194.86000
0.05000,0.10000,2.33000,1.45000,0.00000,2.04000,0.86000,109.52000,-189.72000
0.04000,0.11000,2.36000,1.49000,0.00000,2.04000,0.86000,109.52000,-189.72000
0.04000,0.11000,2.39000,1.58000,0.00000,2.03000,0.85000,114.17000,-184.65000
0.04000,0.11000,2.42000,1.76000,0.00000,2.03000,0.85000,114.17000,-184.65000
0.04000,0.11000,2.45000,1.85000,0.00000,2.01000,0.84000,113.03000,-179.73000
0.04000,0.11000,2.49000,1.99000,0.00000,1.99000,0.83000,113.03000,-179.73000
0.04000,0.11000,2.53000,2.10000,0.00000,1.96000,0.81000,110.38000,-175.14000
0.04000,0.11000,2.57000,2.20000,0.00000,1.92000,0.78000,110.38000,-175.14000
0.03000,0.12000,2.61000,2.26000,0.00000,1.85000,0.73000,105.43000,-171.46000
0.03000,0.12000,2.65000,2.26000,0.00000,1.75000,0.65000,105.43000,-171.46000
0.03000,0.12000,2.69000,2.26000,0.00000,-0.05000,0.98000,73.90000,-163.37000
0.03000,0.12000,2.72000,1.83000,0.00000,-0.30000,0.74000,73.90000,-163.37000
0.03000,0.12000,2.74000,1.08000,0.00000,-0.40000,0.63000,61.23000,-162.73000
0.03000,0.12000,2.75000,0.33000,0.00000,-0.44000,0.58000,61.23000,-162.73000
0.03000,0.12000,2.75000,0.00000,0.00000,-0.44000,0.57000,69.69000,-159.83000
0.03000,0.12000,2.75000,0.00000,0.00000,-0.44000,0.57000,69.69000,-159.83000
0.03000,0.12000,2.75000,0.04000,0.00000,-0.44000,0.57000,70.03000,-156.40000
0.03000,0.12000,2.75000,0.04000,0.00000,-0.44000,0.57000,70.03000,-156.40000
0.03000,0.12000,2.75000,0.00000,0.00000,-0.44000,0.57000,66.73000,-153.02000
0.03000,0.12000,2.75000,0.04000,0.00000,-0.44000,0.57000,66.73000,-153.02000
0.03000,0.12000,2.75000,0.02000,0.00000,-0.44000,0.57000,63.82000,-149.63000
0.03000,0.12000,2.75000,0.00000,0.00000,-0.44000,0.57000,63.82000,-149.63000
0.03000,0.12000,2.75000,0.00000,0.00000,-0.44000,0.57000,61.53000,-146.24000
0.03000,0.12000,2.75000,0.00000,0.00000,-0.44000,0.57000,61.53000,-146.24000
0.03000,0.12000,2.75000,0.00000,0.00000,-0.44000,0.57000,58.86000,-142.85000
0.03000,0.12000,2.75000,0.00000,0.00000,-0.44000,0.57000,58.86000,-142.85000
0.03000,0.12000,2.75000,0.00000,0.00000,-0.44000,0.57000,56.20000,-139.45000
0.03000,0.12000,2.75000,0.00000,0.00000,-0.44000,0.57000,56.20000,-139.45000
0.03000,0.12000,2.75000,0.00000,0.00000,-0.44000,0.57000,53.53000,-136.06000
0.03000,0.12000,2.75000,0.00000,0.00000,-0.44000,0.57000,53.53000,-136.06000
0.03000,0.12000,2.75000,0.00000,0.00000,-0.44000,0.57000,50.87000,-132.66000
0.03000,0.12000,2.75000,0.00000,0.00000,-0.44000,0.57000,50.87000,-132.66000
0.03000,0.12000,2.75000,0.00000,0.00000,-0.44000,0.57000,48.21000,-129.27000
0.03000,0.12000,2.75000,0.00000,0.00000,-0.44000,0.57000,48.21000,-129.27000
0.03000,0.12000,2.75000,0.00000,0.00000,-0.44000,0.57000,45.54000,-125.87000
0.03000,0.12000,2.75000,0.00000,0.00000,-0.44000,0.57000,45.54000,-125.87000
0.03000,0.12000,2.75000,0.00000,0.00000,-0.44000,0.57000,42.88000,-122.48000
0.03000,0.12000,2.75000,0.00000,0.00000,-0.44000,0.57000,42.88000,-122.48000
0.03000,0.12000,2.75000,0.00000,0.00000,-0.44000,0.57000,40.21000,-119.08000
0.03000,0.12000,2.75000,0.00000,0.00000,-0.44000,0.57000,40.21000,-119.08000
0.03000,0.12000,2.75000,0.00000,0.00000,-0.44000,0.57000,37.55000,-115.69000
0.03000,0.12000,2.75000,0.00000,0.00000,-0.44000,0.57000,37.55000,-115.69000
0.03000,0.12000,2.75000,0.00000,0.00000,-0.44000,0.57000,34.89000,-112.29000
0.03000,0.12000,2.75000,0.00000,0.00000,-0.44000,0.57000,34.89000,-112.29000
0.03000,0.12000,2.75000,0.00000,0.00000,-0.44000,0.57000,32.22000,-108.90000
0.03000,0.12000,2.75000,0.00000,0.00000,-0.44000,0.57000,32.22000,-108.90000
0.03000,0.12000,2.75000,0.00000,0.00000,-0.44000,0.57000,29.56000,-105.50000
0.03000,0.12000,2.75000,0.00000,0.00000,-0.44000,0.57000,29.56000,-105.50000
0.03000,0.12000,2.75000,0.00000,0.00000,-0.44000,0.57000,26.89000,-102.11000
0.03000,0.12000,2.75000,0.00000,0.00000,-0.44000,0.57000,26.89000,-102.11000
0.03000,0.12000,2.75000,0.00000,0.00000,-0.44000,0.57000,24.23000,-98.71000
0.03000,0.12000,2.75000,0.00000,0.00000,-0.44000,0.57000,24.23000,-98.71000
0.03000,0.12000,2.75000,0.00000,0.00000,-0.44000,0.57000,21.57000,-95.32000
0.03000,0.12000,2.75000,0.00000,0.00000,-0.44000,0.57000,21.57000,-95.32000
0.03000,0.12000,2.75000,0.00000,0.00000,-0.44000,0.57000,18.90000,-91.92000
0.03000,0.12000,2.75000,0.00000,0.00000,-0.44000,0.57000,18.90000,-91.92000
0.03000,0.12000,2.75000,0.00000,0.00000,-0.44000,0.57000,16.24000,-88.53000
0.03000,0.12000,2.75000,0.00000,0.00000,-0.44000,0.57000,16.24000,-88.53000
0.03000,0.12000,2.75000,0.00000,0.00000,-0.44000,0.57000,13.57000,-85.13000
0.03000,0.12000,2.75000,0.00000,0.00000,-0.44000,0.57000,13.57000,-85.13000
0.03000,0.12000,2.75000,0.00000,0.00000,-0.44000,0.57000,10.91000,-81.74000
0.03000,0.12000,2.75000,0.00000,0.00000,-0.44000,0.57000,10.91000,-81.74000
0.03000,0.12000,2.75000,0.00000,0.00000,-0.44000,0.57000,8.25000,-78.34000
0.03000,0.12000,2.75000,0.00000,0.00000,-0.44000,0.57000,8.25000,-78.34000
0.03000,0.12000,2.75000,0.00000,0.00000,-0.44000,0.57000,5.58000,-74.95000
0.03000,0.12000,2.75000,0.00000,0.00000,-0.44000,0.57000,5.58000,-74.95000
0.03000,0.12000,2.75000,0.00000,0.00000,-0.44000,0.57000,2.92000,-71.55000
0.03000,0.12000,2.75000,0.00000,0.00000,-0.44000,0.57000,2.92000,-71.55000
0.03000,0.12000,2.75000,0.00000,0.00000,-0.44000,0.57000,0.25000,-68.16000
0.03000,0.12000,2.75000,0.00000,0.00000,-0.44000,0.57000,0.25000,-68.16000
0.03000,0.12000,2.75000,0.00000,0.00000,-0.44000,0.57000,-2.41000,-64.76000
0.03000,0.12000,2.75000,0.00000,0.00000,-0.44000,0.57000,-2.41000,-64.76000
0.03000,0.12000,2.75000,0.00000,0.00000,-0.44000,0.57000,-5.07000,-61.37000
0.03000,0.12000,2.75000,0.00000,0.00000,-0.44000,0.57000,-5.07000,-61.37000
0.03000,0.12000,2.75000,0.00000,0.00000,-0.44000,0.57000,-7.74000,-57.97000
0.03000,0.12000,2.75000,0.00000,0.00000,-0.44000,0.57000,-7.74000,-57.97000
0.03000,0.12000,2.75000,0.00000,0.00000,-0.44000,0.57000,-10.40000,-54.58000
0.03000,0.12000,2.75000,0.00000,0.00000,-0.44000,0.57000,-10.40000,-54.58000
0.03000,0.12000,2.75000,0.00000,0.00000,-0.44000,0.57000,-13.07000,-51.18000
0.03000,0.12000,2.75000,0.00000,0.00000,-0.44000,0.57000,-13.07000,-51.18000
0.03000,0.12000,2.75000,0.00000,0.00000,-0.44000,0.57000,-15.73000,-47.79000
0.03000,0.12000,2.75000,-0.02000,0.00000,-0.44000,0.57000,-15.73000,-47.79000
0.03000,0.12000,2.75000,0.00000,0.00000,-0.44000,0.57000,-18.08000,-44.38000
0.03000,0.12000,2.75000,0.00000,0.00000,-0.44000,0.57000,-18.08000,-44.38000
0.03000,0.12000,2.75000,0.00000,0.00000,-0.44000,0.57000,-20.93000,-40.98000
0.03000,0.12000,2.75000,0.00000,0.00000,-0.44000,0.57000,-20.93000,-40.98000
0.03000,0.12000,2.75000,0.00000,0.00000,-0.44000,0.57000,-23.59000,-37.58000
0.03000,0.12000,2.75000,0.00000,0.00000,-0.44000,0.57000,-23.59000,-37.58000
0.03000,0.12000,2.75000,0.00000,0.00000,-0.44000,0.57000,-26.25000,-34.18000
0.03000,0.12000,2.75000,0.00000,0.00000,-0.44000,0.57000,-26.25000,-34.18000
0.03000,0.12000,2.75000,0.00000,0.00000,-0.44000,0.57000,-28.92000,-30.78000
0.03000,0.12000,2.75000,0.00000,0.00000,-0.44000,0.57000,-28.92000,-30.78000
0.03000,0.12000,2.75000,0.00000,0.00000,-0.44000,0.57000,-31.58000,-27.38000
0.03000,0.12000,2.75000,0.00000,0.00000,-0.44000,0.57000,-31.58000,-27.38000
0.03000,0.12000,2.75000,0.00000,0.00000,-0.44000,0.57000,-34.24000,-23.98000
0.03000,0.12000,2.75000,0.00000,0.00000,-0.44000,0.57000,-34.24000,-23.98000
0.03000,0.12000,2.75000,0.00000,0.00000,-0.44000,0.57000,-36.90000,-20.58000
0.03000,0.12000,2.75000,0.00000,0.00000,-0.44000,0.57000,-36.90000,-20.58000
0.03000,0.12000,2.75000,0.00000,0.00000,-0.44000,0.57000,-39.57000,-17.18000
0.03000,0.12000,2.75000,0.00000,0.00000,-0.44000,0.57000,-39.57000,-17.18000
0.03000,0.12000,2.75000,0.00000,0.00000,-0.44000,0.57000,-42.23000,-13.78000
0.03000,0.12000,2.75000,0.00000,0.00000,-0.44000,0.57000,-42.23000,-13.78000
0.03000,0.12000,2.75000,-0.02000,0.00000,-0.44000,0.57000,-44.89000,-10.38000
0.03000,0.12000,2.75000,0.00000,0.00000,-0.44000,0.57000,-44.89000,-10.38000
0.03000,0.12000,2.75000,0.00000,0.00000,-0.44000,0.57000,-47.55000,-6.97000
0.03000,0.12000,2.75000,0.00000,0.00000,-0.44000,0.57000,-47.55000,-6.97000
0.03000,0.12000,2.75000,-0.02000,0.00000,-0.44000,0.57000,-50.21000,-3.57000
0.03000,0.12000,2.75000,0.00000,0.00000,-0.44000,0.57000,-50.21000,-3.57000
0.03000,0.12000,2.75000,0.00000,0.00000,-0.44000,0.57000,-52.87000,-0.15000
0.03000,0.12000,2.75000,-0.08000,0.00000,-0.44000,0.57000,-52.87000,-0.15000
0.03000,0.12000,2.74000,-0.23000,0.00000,-0.44000,0.57000,-54.26000,3.30000
0.03000,0.12000,2.74000,0.00000,0.00000,-0.44000,0.58000,-54.26000,3.30000
0.03000,0.12000,2.74000,0.00000,0.00000,-0.44000,0.58000,-57.60000,6.86000
0.03000,0.12000,2.74000,0.00000,0.00000,-0.44000,0.58000,-57.60000,6.86000
0.03000,0.12000,2.74000,0.00000,0.00000,-0.44000,0.58000,-60.23000,10.33000
0.03000,0.12000,2.74000,0.00000,0.00000,-0.44000,0.58000,-60.23000,10.33000
0.03000,0.12000,2.74000,0.00000,0.00000,-0.44000,0.58000,-62.86000,13.81000
0.03000,0.12000,2.74000,0.00000,0.00000,-0.44000,0.58000,-62.86000,13.81000
0.03000,0.12000,2.74000,-0.02000,0.00000,-0.44000,0.58000,-65.49000,17.29000
0.03000,0.12000,2.74000,0.00000,0.00000,-0.44000,0.58000,-65.49000,17.29000
0.03000,0.12000,2.74000,-0.15000,0.00000,-0.44000,0.58000,-68.11000,20.78000
0.03000,0.12000,2.74000,-0.27000,0.00000,-0.43000,0.59000,-68.11000,20.78000
0.03000,0.12000,2.73000,-0.21000,0.00000,-0.43000,0.60000,-66.55000,24.51000
0.03000,0.12000,2.73000,-0.33000,0.00000,-0.42000,0.61000,-66.55000,24.51000
0.03000,0.12000,2.71000,-0.64000,0.00000,-0.41000,0.62000,-66.32000,28.44000
0.03000,0.12000,2.70000,-1.04000,0.00000,-0.38000,0.65000,-66.32000,28.44000
0.03000,0.12000,2.67000,-1.39000,0.00000,-0.32000,0.71000,-54.91000,33.56000
0.03000,0.12000,2.65000,-1.35000,0.00000,-0.20000,0.84000,-54.91000,33.56000
0.03000,0.12000,2.63000,-1.18000,0.00000,-0.03000,1.00000,-41.46000,42.13000
0.03000,0.12000,2.61000,-0.75000,0.00000,0.17000,1.19000,-41.46000,42.13000
0.03000,0.12000,2.61000,-0.17000,0.00000,0.30000,1.32000,-37.64000,52.93000
0.03000,0.12000,2.61000,0.00000,0.00000,0.33000,1.35000,-37.64000,52.93000
0.03000,0.12000,2.61000,0.00000,0.00000,0.33000,1.35000,-42.16000,61.33000
0.03000,0.12000,2.61000,-0.02000,0.00000,0.33000,1.35000,-42.16000,61.33000
0.03000,0.12000,2.61000,-0.02000,0.00000,0.33000,1.36000,-39.83000,69.51000
0.03000,0.12000,2.61000,0.00000,0.00000,0.33000,1.36000,-39.83000,69.51000
0.03000,0.12000,2.61000,0.00000,0.00000,0.33000,1.36000,-37.98000,77.71000
0.03000,0.12000,2.61000,-0.02000,0.00000,0.33000,1.36000,-37.98000,77.71000
0.03000,0.12000,2.61000,0.00000,0.00000,0.34000,1.36000,-35.60000,85.94000
0.03000,0.12000,2.61000,-0.02000,0.00000,0.34000,1.36000,-35.60000,85.94000
0.03000,0.12000,2.61000,0.00000,0.00000,0.34000,1.37000,-33.40000,94.19000
0.03000,0.12000,2.61000,0.00000,0.00000,0.34000,1.37000,-33.40000,94.19000
0.03000,0.12000,2.61000,-0.04000,0.00000,0.34000,1.37000,-31.54000,102.40000
0.03000,0.12000,2.61000,0.00000,0.00000,0.35000,1.38000,-31.54000,102.40000
0.03000,0.12000,2.61000,0.00000,0.00000,0.35000,1.38000,-29.38000,110.74000
0.03000,0.12000,2.61000,0.00000,0.00000,0.35000,1.38000,-29.38000,110.74000
0.03000,0.12000,2.61000,0.00000,0.00000,0.35000,1.38000,-27.29000,119.00000
0.03000,0.12000,2.61000,0.00000,0.00000,0.35000,1.38000,-27.29000,119.00000
0.03000,0.12000,2.61000,0.00000,0.00000,0.35000,1.38000,-25.20000,127.26000
0.03000,0.12000,2.61000,0.00000,0.00000,0.35000,1.38000,-25.20000,127.26000
0.03000,0.12000,2.61000,0.00000,0.00000,0.35000,1.38000,-23.11000,135.52000
0.03000,0.12000,2.61000,0.00000,0.00000,0.35000,1.38000,-23.11000,135.52000
0.03000,0.12000,2.61000,0.00000,0.00000,0.35000,1.38000,-21.02000,143.79000
0.03000,0.12000,2.61000,0.00000,0.00000,0.35000,1.38000,-21.02000,143.79000
0.03000,0.12000,2.61000,0.00000,0.00000,0.35000,1.38000,-18.93000,152.05000
0.03000,0.12000,2.61000,0.00000,0.00000,0.35000,1.38000,-18.93000,152.05000
0.03000,0.12000,2.61000,0.00000,0.00000,0.35000,1.38000,-16.84000,160.31000
0.03000,0.12000,2.61000,0.00000,0.00000,0.35000,1.38000,-16.84000,160.31000
0.03000,0.12000,2.61000,0.00000,0.00000,0.35000,1.38000,-14.75000,168.58000
0.03000,0.12000,2.61000,0.00000,0.00000,0.35000,1.38000,-14.75000,168.58000
0.03000,0.12000,2.61000,0.00000,0.00000,0.35000,1.38000,-12.66000,176.84000
0.03000,0.12000,2.61000,0.00000,0.00000,0.35000,1.38000,-12.66000,176.84000
0.03000,0.12000,2.61000,0.00000,0.00000,0.35000,1.38000,-10.57000,185.10000
0.03000,0.12000,2.61000,0.00000,0.00000,0.35000,1.38000,-10.57000,185.10000
0.03000,0.12000,2.61000,0.00000,0.00000,0.35000,1.38000,-8.48000,193.36000
0.03000,0.12000,2.61000,0.00000,0.00000,0.35000,1.38000,-8.48000,193.36000
0.03000,0.12000,2.61000,0.00000,0.00000,0.35000,1.38000,-6.39000,201.63000
0.03000,0.12000,2.61000,0.00000,0.04000,0.35000,1.38000,-6.39000,201.63000
0.03000,0.12000,2.61000,0.00000,0.00000,0.35000,1.38000,-4.26000,209.31000
0.03000,0.12000,2.61000,0.00000,0.00000,0.35000,1.38000,-4.26000,209.31000
0.03000,0.12000,2.61000,0.00000,0.00000,0.35000,1.38000,-2.16000,217.96000
0.03000,0.12000,2.61000,0.00000,0.00000,0.35000,1.38000,-2.16000,217.96000
0.03000,0.12000,2.61000,0.00000,0.00000,0.35000,1.38000,-0.06000,226.24000
0.03000,0.12000,2.61000,0.00000,0.00000,0.35000,1.38000,-0.06000,226.24000
0.03000,0.12000,2.61000,0.00000,0.00000,0.35000,1.38000,2.05000,234.52000
0.03000,0.12000,2.61000,0.00000,0.00000,0.35000,1.38000,2.05000,234.52000
0.03000,0.12000,2.61000,0.00000,0.00000,0.35000,1.38000,4.15000,242.79000
0.03000,0.12000,2.57000,0.00000,1.89000,0.35000,1.38000,4.15000,242.79000
0.03000,0.12000,2.51000,0.00000,3.61000,0.44000,1.49000,7.66000,224.46000
0.02000,0.12000,2.44000,0.00000,3.78000,0.59000,1.67000,7.66000,224.46000
0.02000,0.12000,2.37000,0.00000,3.63000,0.71000,1.82000,14.30000,198.72000
0.02000,0.13000,2.31000,0.00000,3.42000,0.79000,1.93000,14.30000,198.72000
0.02000,0.13000,2.25000,0.00000,3.15000,0.84000,2.01000,20.48000,195.06000
0.01000,0.13000,2.20000,0.00000,3.07000,0.87000,2.06000,20.48000,195.06000
0.01000,0.13000,2.14000,0.00000,3.01000,0.89000,2.10000,26.22000,193.27000
0.01000,0.14000,2.09000,0.00000,3.03000,0.90000,2.13000,26.22000,193.27000
0.01000,0.14000,2.03000,0.00000,3.07000,0.90000,2.16000,31.76000,188.90000
0.01000,0.14000,1.97000,0.00000,3.26000,0.90000,2.17000,31.76000,188.90000
0.01000,0.15000,1.92000,0.00000,3.07000,0.91000,2.19000,37.23000,180.71000
0.00000,0.15000,1.87000,0.00000,2.93000,0.90000,2.20000,37.23000,180.71000
0.00000,0.15000,1.81000,0.00000,2.95000,0.91000,2.20000,42.67000,179.50000
0.00000,0.16000,1.76000,0.02000,2.82000,0.91000,2.21000,42.67000,179.50000
0.00000,0.16000,1.71000,0.00000,2.78000,0.91000,2.21000,47.82000,176.82000
0.00000,0.16000,1.66000,0.00000,2.84000,0.91000,2.21000,47.82000,176.82000
0.00000,0.17000,1.61000,0.00000,2.84000,0.91000,2.21000,53.48000,172.86000
0.00000,0.17000,1.56000,0.02000,2.82000,0.91000,2.21000,53.48000,172.86000
0.00000,0.17000,1.51000,0.00000,2.78000,0.91000,2.21000,58.64000,169.38000
0.00000,0.18000,1.46000,0.00000,2.64000,0.91000,2.21000,58.64000,169.38000
0.00000,0.18000,1.41000,0.00000,2.49000,0.91000,2.21000,64.33000,168.51000
0.00000,0.18000,1.37000,0.00000,2.45000,0.91000,2.21000,64.33000,168.51000
0.00000,0.18000,1.33000,0.00000,2.39000,0.92000,2.21000,69.86000,168.73000
0.00000,0.19000,1.29000,0.08000,2.35000,0.92000,2.21000,69.86000,168.73000
0.00000,0.19000,1.25000,0.48000,2.32000,0.92000,2.20000,74.17000,168.78000
0.01000,0.19000,1.22000,0.60000,2.37000,0.92000,2.21000,74.17000,168.78000
0.01000,0.20000,1.20000,0.87000,2.28000,3.24000,3.24000,106.22000,183.23000
0.01000,0.20000,1.18000,1.62000,2.45000,2.77000,2.74000,106.22000,183.23000
0.01000,0.20000,1.17000,2.28000,2.61000,1.84000,1.56000,85.86000,161.99000
0.01000,0.21000,1.17000,2.12000,2.41000,1.76000,1.41000,85.86000,161.99000
0.01000,0.21000,1.16000,1.66000,2.22000,1.76000,1.37000,78.52000,154.38000
0.02000,0.22000,1.14000,1.20000,2.10000,1.80000,1.32000,78.52000,154.38000
0.02000,0.22000,1.12000,0.81000,2.10000,1.86000,1.26000,91.61000,151.22000
0.02000,0.22000,1.10000,0.93000,2.03000,1.94000,1.19000,91.61000,151.22000
0.02000,0.23000,1.09000,1.20000,1.93000,1.99000,1.13000,101.56000,145.21000
0.02000,0.23000,1.08000,1.62000,1.85000,2.03000,1.10000,101.56000,145.21000
0.02000,0.23000,1.08000,1.91000,1.81000,2.05000,1.08000,98.46000,141.78000
0.03000,0.24000,1.09000,2.20000,1.70000,2.06000,1.07000,98.46000,141.78000
0.03000,0.24000,1.11000,2.59000,1.72000,2.06000,1.07000,92.45000,139.19000
0.03000,0.25000,1.13000,2.76000,1.74000,2.05000,1.08000,92.45000,139.19000
0.03000,0.25000,1.15000,2.82000,1.68000,2.04000,1.09000,82.89000,135.10000
0.03000,0.25000,1.17000,2.93000,1.66000,2.02000,1.11000,82.89000,135.10000
0.04000,0.26000,1.19000,2.80000,1.64000,2.00000,1.13000,75.48000,133.01000
0.04000,0.26000,1.21000,2.53000,1.60000,1.98000,1.15000,75.48000,133.01000
0.04000,0.27000,1.22000,2.30000,1.60000,1.96000,1.16000,75.28000,131.25000
0.04000,0.27000,1.23000,2.28000,1.58000,1.96000,1.17000,75.28000,131.25000
0.04000,0.28000,1.25000,2.22000,1.56000,1.95000,1.17000,75.48000,129.07000
0.04000,0.28000,1.26000,2.14000,1.60000,1.95000,1.17000,75.48000,129.07000
0.05000,0.28000,1.27000,2.16000,1.54000,1.96000,1.16000,75.84000,126.15000
0.05000,0.29000,1.28000,2.22000,1.51000,1.97000,1.15000,75.84000,126.15000
0.05000,0.29000,1.29000,2.20000,1.51000,1.99000,1.13000,73.95000,124.40000
0.05000,0.30000,1.30000,2.16000,1.51000,1.35000,1.77000,73.95000,124.40000
0.05000,0.30000,1.32000,2.24000,1.43000,1.30000,1.82000,63.19000,132.39000
0.05000,0.30000,1.33000,1.99000,1.58000,1.25000,1.88000,63.19000,132.39000
0.05000,0.31000,1.33000,1.64000,1.70000,1.22000,1.91000,59.32000,134.59000
0.05000,0.31000,1.32000,1.43000,1.76000,1.21000,1.91000,59.32000,134.59000
0.05000,0.31000,1.31000,1.31000,1.78000,1.22000,1.90000,63.12000,133.72000
0.05000,0.32000,1.30000,1.18000,1.83000,1.24000,1.89000,63.12000,133.72000
0.06000,0.32000,1.29000,1.25000,1.81000,1.26000,1.86000,66.22000,132.98000
0.06000,0.32000,1.28000,1.33000,1.76000,1.29000,1.84000,66.22000,132.98000
0.06000,0.33000,1.27000,1.39000,1.76000,1.30000,1.82000,65.13000,133.49000
0.06000,0.33000,1.26000,1.27000,1.78000,1.32000,1.81000,65.13000,133.49000
0.06000,0.33000,1.26000,1.27000,1.78000,1.34000,1.78000,66.51000,132.96000
0.06000,0.34000,1.24000,1.14000,1.74000,1.37000,1.76000,66.51000,132.96000
0.06000,0.34000,1.23000,0.83000,1.70000,1.45000,1.77000,70.40000,133.36000
0.06000,0.34000,1.21000,0.77000,1.74000,2.18000,2.38000,70.40000,133.36000
0.06000,0.35000,1.20000,0.91000,1.70000,3.17000,3.18000,103.69000,154.66000
0.06000,0.35000,1.19000,1.43000,1.95000,3.26000,3.25000,103.69000,154.66000
0.07000,0.35000,1.19000,1.99000,2.10000,3.04000,3.03000,106.20000,157.91000
0.07000,0.36000,1.19000,2.53000,2.14000,2.92000,2.90000,106.20000,157.91000
0.07000,0.36000,1.20000,2.88000,2.24000,3.13000,3.12000,100.67000,162.94000
0.07000,0.37000,1.21000,2.84000,2.30000,3.28000,3.28000,100.67000,162.94000
0.07000,0.37000,1.23000,2.91000,2.30000,3.19000,3.19000,100.47000,167.46000
0.08000,0.38000,1.24000,3.07000,2.32000,2.68000,2.72000,100.47000,167.46000
0.08000,0.39000,1.25000,3.07000,2.37000,1.50000,1.80000,73.77000,151.57000
0.08000,0.39000,1.26000,2.72000,2.30000,1.34000,1.79000,73.77000,151.57000
0.08000,0.40000,1.26000,2.01000,2.22000,1.09000,2.03000,63.53000,152.21000
0.08000,0.40000,1.24000,1.27000,2.20000,1.09000,2.04000,63.53000,152.21000
0.08000,0.40000,1.21000,0.48000,2.28000,1.11000,2.01000,75.87000,151.86000
0.08000,0.40000,1.17000,0.04000,2.18000,1.18000,1.95000,75.87000,151.86000
0.09000,0.41000,1.13000,0.04000,2.14000,1.28000,1.84000,95.83000,148.51000
0.09000,0.41000,1.09000,0.00000,2.08000,1.48000,1.79000,95.83000,148.51000
0.09000,0.41000,1.06000,0.19000,2.08000,3.28000,3.28000,133.83000,169.56000
0.09000,0.41000,1.05000,1.56000,2.20000,1.96000,1.70000,133.83000,169.56000
0.09000,0.42000,1.05000,2.88000,2.45000,1.75000,1.40000,107.31000,146.69000
0.10000,0.43000,1.07000,3.22000,2.28000,1.77000,1.45000,107.31000,146.69000
0.10000,0.43000,1.09000,3.36000,2.16000,2.39000,2.19000,93.11000,152.53000
0.10000,0.44000,1.12000,3.40000,2.14000,3.24000,3.23000,93.11000,152.53000
0.10000,0.44000,1.14000,3.36000,2.24000,2.93000,2.95000,93.46000,165.51000
0.11000,0.45000,1.15000,3.18000,2.43000,1.49000,1.79000,93.46000,165.51000
0.11000,0.45000,1.16000,3.07000,2.53000,1.35000,1.78000,70.31000,148.47000
0.11000,0.46000,1.17000,2.68000,2.32000,1.29000,1.83000,70.31000,148.47000
0.11000,0.46000,1.16000,1.95000,2.22000,1.25000,1.87000,65.40000,147.57000
0.12000,0.47000,1.15000,1.49000,2.14000,1.25000,1.88000,65.40000,147.57000
0.12000,0.47000,1.13000,1.25000,2.12000,1.26000,1.87000,74.66000,147.60000
0.12000,0.47000,1.12000,1.39000,2.16000,1.28000,1.84000,74.66000,147.60000
0.12000,0.48000,1.11000,1.52000,2.14000,1.30000,1.82000,75.49000,144.93000
0.12000,0.48000,1.10000,1.66000,2.05000,1.32000,1.81000,75.49000,144.93000
0.12000,0.48000,1.10000,1.79000,2.03000,1.31000,1.81000,71.03000,144.34000
0.13000,0.49000,1.09000,1.79000,2.05000,1.29000,1.83000,71.03000,144.34000
0.13000,0.49000,1.08000,1.66000,2.10000,1.20000,1.92000,65.42000,144.56000
0.13000,0.50000,1.07000,1.60000,2.05000,1.21000,1.91000,65.42000,144.56000
0.13000,0.50000,1.06000,1.45000,2.08000,1.23000,1.90000,65.13000,143.40000
0.13000,0.50000,1.05000,1.27000,2.01000,1.25000,1.87000,65.13000,143.40000
0.14000,0.51000,1.04000,1.20000,1.99000,1.28000,1.84000,68.73000,142.19000
0.14000,0.51000,1.02000,1.33000,1.99000,1.32000,1.80000,68.73000,142.19000
0.14000,0.51000,1.01000,1.35000,1.97000,1.36000,1.77000,69.07000,140.38000
0.14000,0.51000,1.00000,1.31000,1.89000,1.42000,1.76000,69.07000,140.38000
0.14000,0.52000,0.99000,1.45000,1.87000,1.65000,1.92000,73.93000,142.84000
0.15000,0.52000,0.99000,1.62000,1.97000,2.08000,2.29000,73.93000,142.84000
0.15000,0.52000,0.98000,1.66000,1.99000,2.59000,2.63000,85.47000,152.50000
0.15000,0.53000,0.98000,1.87000,2.14000,2.90000,2.92000,85.47000,152.50000
0.15000,0.53000,0.98000,2.20000,2.28000,3.07000,3.08000,94.69000,160.68000
0.16000,0.54000,0.98000,2.30000,2.34000,3.09000,3.10000,94.69000,160.68000
0.16000,0.54000,0.97000,2.30000,2.43000,3.08000,3.09000,95.60000,163.45000
0.16000,0.55000,0.97000,2.22000,2.47000,3.12000,3.13000,95.60000,163.45000
0.17000,0.55000,0.97000,2.34000,2.45000,3.21000,3.21000,103.36000,167.84000
0.17000,0.55000,0.96000,2.39000,2.55000,3.23000,3.23000,103.36000,167.84000
0.17000,0.56000,0.96000,2.57000,2.55000,3.26000,3.26000,107.54000,171.76000
0.18000,0.56000,0.97000,2.95000,2.63000,3.24000,3.25000,107.54000,171.76000
0.18000,0.57000,0.98000,3.18000,2.68000,3.11000,3.12000,102.17000,172.67000
0.18000,0.58000,0.99000,3.32000,2.74000,2.50000,2.55000,102.17000,172.67000
0.19000,0.58000,1.00000,3.38000,2.72000,1.46000,1.77000,72.73000,153.81000
0.19000,0.59000,1.01000,2.72000,2.45000,1.17000,1.95000,72.73000,153.81000
0.19000,0.59000,0.99000,1.62000,2.41000,1.14000,1.98000,65.90000,155.46000
0.19000,0.59000,0.96000,0.75000,2.41000,1.17000,1.96000,65.90000,155.46000
0.20000,0.60000,0.93000,0.44000,2.39000,1.24000,1.89000,87.44000,151.91000
0.20000,0.60000,0.90000,0.56000,2.26000,1.34000,1.78000,87.44000,151.91000
0.20000,0.60000,0.87000,0.87000,2.24000,2.09000,2.30000,105.92000,157.12000
0.20000,0.60000,0.86000,1.51000,2.30000,3.27000,3.27000,105.92000,157.12000
0.21000,0.61000,0.85000,2.18000,2.37000,3.14000,3.13000,116.58000,169.24000
0.21000,0.61000,0.86000,2.74000,2.55000,3.01000,3.00000,116.58000,169.24000
0.21000,0.62000,0.87000,3.40000,2.55000,3.09000,3.08000,107.27000,169.75000
0.22000,0.62000,0.89000,3.71000,2.57000,3.28000,3.28000,107.27000,169.75000
0.22000,0.63000,0.91000,3.67000,2.55000,2.55000,2.59000,86.54000,165.18000
0.23000,0.63000,0.93000,3.28000,2.49000,1.40000,1.75000,86.54000,165.18000
0.23000,0.64000,0.93000,2.91000,2.55000,1.31000,1.81000,67.58000,154.83000
0.23000,0.64000,0.93000,2.53000,2.47000,1.27000,1.86000,67.58000,154.83000
0.24000,0.65000,0.93000,1.95000,2.32000,1.24000,1.89000,65.88000,152.25000
0.24000,0.65000,0.92000,1.62000,2.32000,1.23000,1.90000,65.88000,152.25000
0.24000,0.65000,0.90000,1.49000,2.26000,1.24000,1.89000,71.76000,151.00000
0.24000,0.66000,0.89000,1.47000,2.22000,1.24000,1.88000,71.76000,151.00000
0.25000,0.66000,0.87000,1.47000,2.22000,1.25000,1.88000,71.82000,149.78000
0.25000,0.66000,0.86000,1.58000,2.20000,1.21000,1.92000,71.82000,149.78000
0.25000,0.67000,0.86000,1.70000,2.14000,1.23000,1.89000,68.69000,148.27000
0.26000,0.67000,0.85000,1.66000,2.16000,1.25000,1.88000,68.69000,148.27000
0.26000,0.67000,0.83000,1.54000,2.18000,1.26000,1.86000,65.84000,146.58000
0.26000,0.68000,0.82000,1.49000,2.16000,1.29000,1.83000,65.84000,146.58000
0.26000,0.68000,0.81000,1.41000,2.18000,1.32000,1.80000,66.82000,143.89000
0.27000,0.68000,0.79000,1.33000,2.14000,1.37000,1.76000,66.82000,143.89000
0.27000,0.68000,0.78000,1.35000,2.01000,1.49000,1.79000,70.82000,141.95000
0.27000,0.69000,0.77000,1.51000,1.95000,2.05000,2.27000,70.82000,141.95000
0.27000,0.69000,0.77000,1.56000,1.99000,2.69000,2.72000,86.96000,156.58000
0.28000,0.69000,0.76000,1.85000,2.14000,3.05000,3.06000,86.96000,156.58000
0.28000,0.70000,0.76000,2.30000,2.26000,3.18000,3.18000,96.34000,165.35000
0.29000,0.70000,0.76000,2.59000,2.47000,3.14000,3.15000,96.34000,165.35000
0.29000,0.70000,0.77000,2.74000,2.59000,3.05000,3.06000,91.26000,164.86000
0.29000,0.71000,0.77000,2.64000,2.55000,2.89000,2.91000,91.26000,164.86000
0.30000,0.71000,0.76000,2.34000,2.59000,2.71000,2.74000,88.28000,162.35000
0.30000,0.72000,0.75000,2.18000,2.66000,2.87000,2.89000,88.28000,162.35000
0.31000,0.72000,0.75000,2.12000,2.64000,3.13000,3.14000,101.91000,167.93000
0.31000,0.72000,0.74000,2.34000,2.61000,3.27000,3.27000,101.91000,167.93000
0.31000,0.73000,0.74000,2.66000,2.68000,3.28000,3.28000,107.31000,173.48000
0.32000,0.73000,0.74000,2.93000,2.68000,3.27000,3.27000,107.31000,173.48000
0.32000,0.74000,0.75000,3.24000,2.70000,3.28000,3.28000,104.21000,176.57000
0.33000,0.74000,0.77000,3.47000,2.80000,3.11000,3.12000,104.21000,176.57000
0.33000,0.75000,0.78000,3.34000,2.82000,1.23000,1.90000,67.53000,157.55000
0.34000,0.75000,0.77000,2.39000,2.64000,1.19000,1.93000,67.53000,157.55000
0.34000,0.75000,0.75000,1.37000,2.45000,1.19000,1.94000,69.65000,155.22000
0.34000,0.76000,0.72000,0.79000,2.41000,1.23000,1.90000,69.65000,155.22000
0.35000,0.76000,0.68000,0.33000,2.47000,1.31000,1.81000,88.26000,152.59000
0.35000,0.76000,0.64000,0.00000,2.35000,1.93000,2.16000,88.26000,152.59000
0.35000,0.76000,0.61000,0.42000,2.30000,3.09000,3.08000,129.91000,168.95000
0.35000,0.76000,0.59000,1.49000,2.41000,1.76000,1.38000,129.91000,168.95000
0.36000,0.77000,0.59000,2.49000,2.51000,1.81000,1.31000,106.91000,145.86000
0.36000,0.77000,0.60000,2.78000,2.32000,1.83000,1.29000,106.91000,145.86000
0.37000,0.77000,0.61000,2.99000,2.10000,1.82000,1.30000,89.62000,140.42000
0.37000,0.78000,0.64000,3.15000,1.95000,1.78000,1.34000,89.62000,140.42000
0.38000,0.78000,0.66000,3.15000,1.95000,1.77000,1.45000,77.51000,142.14000
0.38000,0.78000,0.68000,3.03000,1.97000,2.62000,2.59000,77.51000,142.14000
0.39000,0.79000,0.69000,2.70000,2.03000,3.25000,3.25000,93.26000,165.74000
0.39000,0.79000,0.70000,2.66000,2.26000,3.23000,3.23000,93.26000,165.74000
0.39000,0.79000,0.71000,2.88000,2.28000,3.03000,3.04000,96.84000,165.94000
0.40000,0.80000,0.72000,3.01000,2.41000,2.07000,2.29000,96.84000,165.94000
0.40000,0.80000,0.73000,3.01000,2.41000,1.41000,1.76000,69.58000,149.17000
0.41000,0.81000,0.73000,2.64000,2.32000,1.32000,1.81000,69.58000,149.17000
0.41000,0.81000,0.73000,2.24000,2.26000,1.07000,2.05000,60.52000,150.91000
0.42000,0.81000,0.73000,1.78000,2.22000,1.06000,2.06000,60.52000,150.91000
0.42000,0.81000,0.71000,1.37000,2.20000,1.07000,2.06000,63.79000,150.92000
0.42000,0.82000,0.69000,1.20000,2.26000,1.08000,2.04000,63.79000,150.92000
0.42000,0.82000,0.67000,1.22000,2.22000,1.11000,2.02000,68.84000,148.74000
0.43000,0.82000,0.66000,1.18000,2.16000,1.13000,1.99000,68.84000,148.74000
0.43000,0.82000,0.64000,1.33000,2.24000,1.16000,1.96000,69.39000,147.95000
0.43000,0.83000,0.63000,1.47000,2.16000,1.19000,1.93000,69.39000,147.95000
0.44000,0.83000,0.62000,1.54000,2.20000,1.22000,1.91000,65.71000,146.03000
0.44000,0.83000,0.60000,1.45000,2.14000,1.24000,1.89000,65.71000,146.03000
0.44000,0.83000,0.59000,1.37000,2.05000,1.26000,1.86000,65.17000,144.15000
0.45000,0.84000,0.58000,1.35000,1.99000,1.29000,1.83000,65.17000,144.15000
0.45000,0.84000,0.57000,1.12000,1.83000,1.32000,1.81000,66.39000,143.84000
0.45000,0.84000,0.55000,1.04000,1.97000,1.35000,1.77000,66.39000,143.84000
0.46000,0.84000,0.53000,1.16000,2.03000,1.46000,1.77000,73.02000,142.56000
0.46000,0.84000,0.52000,1.04000,2.03000,2.19000,2.39000,73.02000,142.56000
0.46000,0.84000,0.50000,0.91000,1.85000,3.17000,3.18000,101.26000,161.53000
0.46000,0.85000,0.49000,1.49000,2.03000,3.22000,3.22000,101.26000,161.53000
0.47000,0.85000,0.48000,2.01000,2.28000,2.90000,2.88000,103.17000,163.96000
0.47000,0.85000,0.48000,2.35000,2.39000,2.51000,2.42000,103.17000,163.96000
0.48000,0.85000,0.49000,2.57000,2.41000,2.28000,2.07000,89.55000,151.56000
0.48000,0.86000,0.49000,2.61000,2.28000,2.24000,2.02000,89.55000,151.56000
0.49000,0.86000,0.50000,2.49000,2.10000,2.39000,2.19000,86.70000,152.99000
0.49000,0.86000,0.50000,2.32000,2.12000,2.56000,2.52000,86.70000,152.99000
0.50000,0.86000,0.51000,2.41000,2.22000,2.53000,2.47000,91.87000,159.18000
0.50000,0.87000,0.51000,2.51000,2.39000,1.43000,1.76000,91.87000,159.18000
0.51000,0.87000,0.51000,2.55000,2.47000,1.39000,1.75000,73.23000,146.48000
0.51000,0.87000,0.51000,2.18000,2.22000,1.37000,1.76000,73.23000,146.48000
0.51000,0.87000,0.50000,1.64000,2.08000,1.37000,1.76000,71.10000,145.33000
0.52000,0.88000,0.48000,1.08000,2.14000,1.40000,1.75000,71.10000,145.33000
0.52000,0.88000,0.45000,0.58000,2.16000,2.08000,2.29000,93.43000,151.75000
0.52000,0.88000,0.42000,0.50000,2.14000,3.28000,3.28000,93.43000,151.75000
0.53000,0.88000,0.40000,1.00000,2.16000,2.07000,1.83000,108.06000,145.80000
0.53000,0.88000,0.39000,1.62000,2.12000,1.77000,1.36000,108.06000,145.80000
0.53000,0.88000,0.40000,2.12000,1.99000,1.81000,1.32000,96.70000,136.54000
0.54000,0.88000,0.40000,2.24000,1.87000,1.81000,1.31000,96.70000,136.54000
0.54000,0.89000,0.41000,2.37000,1.76000,1.80000,1.32000,88.40000,135.57000
0.55000,0.89000,0.43000,2.41000,1.76000,1.78000,1.35000,88.40000,135.57000
0.55000,0.89000,0.44000,2.53000,1.74000,1.75000,1.39000,82.58000,134.81000
0.56000,0.89000,0.46000,2.66000,1.70000,1.84000,1.56000,82.58000,134.81000
0.56000,0.89000,0.47000,2.45000,1.78000,2.69000,2.65000,88.89000,152.45000
0.56000,0.90000,0.48000,2.45000,1.78000,3.14000,3.13000,88.89000,152.45000
0.57000,0.90000,0.49000,2.70000,2.08000,3.28000,3.28000,101.14000,166.38000
0.57000,0.90000,0.50000,2.95000,2.36000,3.12000,3.13000,101.14000,166.38000
0.58000,0.91000,0.51000,3.15000,2.57000,2.46000,2.53000,86.36000,155.32000
0.59000,0.91000,0.52000,3.03000,2.49000,1.49000,1.79000,86.36000,155.32000
0.59000,0.91000,0.53000,2.82000,2.39000,1.34000,1.78000,65.45000,143.24000
0.59000,0.91000,0.53000,2.30000,2.24000,1.06000,2.06000,65.45000,143.24000
0.60000,0.92000,0.53000,1.76000,2.01000,1.05000,2.07000,61.85000,147.07000
0.60000,0.92000,0.52000,1.45000,2.03000,1.05000,2.07000,61.85000,147.07000
0.60000,0.92000,0.50000,1.22000,2.10000,1.06000,2.07000,67.18000,149.09000
0.61000,0.92000,0.48000,1.12000,2.16000,1.07000,2.05000,67.18000,149.09000
0.61000,0.92000,0.47000,1.16000,2.18000,1.10000,2.03000,70.39000,146.83000
0.61000,0.92000,0.45000,1.31000,1.89000,1.12000,2.00000,70.39000,146.83000
0.62000,0.93000,0.44000,1.35000,2.03000,1.14000,1.99000,68.04000,149.53000
0.62000,0.93000,0.43000,1.33000,2.20000,1.15000,1.97000,68.04000,149.53000
0.63000,0.93000,0.41000,1.39000,2.18000,1.18000,1.95000,67.32000,144.82000
0.63000,0.93000,0.40000,1.41000,2.12000,1.20000,1.92000,67.32000,144.82000
0.63000,0.93000,0.39000,1.33000,2.12000,1.23000,1.90000,65.90000,143.85000
0.64000,0.93000,0.37000,1.22000,2.08000,1.26000,1.87000,65.90000,143.85000
0.64000,0.94000,0.35000,1.18000,2.08000,1.29000,1.83000,68.54000,142.17000
0.64000,0.94000,0.33000,1.10000,2.14000,1.33000,1.79000,68.54000,142.17000
0.65000,0.94000,0.32000,1.06000,2.08000,1.41000,1.76000,72.65000,138.62000
0.65000,0.94000,0.30000,1.20000,1.99000,2.08000,2.30000,72.65000,138.62000
0.65000,0.94000,0.29000,1.14000,1.99000,3.02000,3.03000,97.10000,157.69000
0.66000,0.94000,0.27000,1.43000,2.20000,3.28000,3.28000,97.10000,157.69000
0.66000,0.94000,0.27000,1.89000,2.26000,3.04000,3.03000,104.88000,160.74000
0.67000,0.94000,0.26000,2.18000,2.34000,2.62000,2.58000,104.88000,160.74000
0.67000,0.95000,0.26000,2.53000,2.43000,2.26000,2.04000,91.60000,148.76000
0.68000,0.95000,0.27000,2.47000,2.35000,2.13000,1.90000,91.60000,148.76000
0.68000,0.95000,0.27000,2.47000,2.20000,2.01000,1.75000,83.91000,142.61000
0.69000,0.95000,0.28000,2.41000,2.05000,1.98000,1.73000,83.91000,142.61000
0.69000,0.95000,0.28000,2.20000,2.10000,2.00000,1.74000,81.94000,143.28000
0.70000,0.95000,0.28000,2.22000,2.12000,2.04000,2.26000,81.94000,143.28000
0.70000,0.95000,0.29000,2.34000,2.14000,1.82000,2.06000,79.55000,145.19000
0.71000,0.95000,0.29000,2.28000,2.08000,1.56000,1.84000,79.55000,145.19000
0.71000,0.96000,0.29000,2.05000,2.10000,1.44000,1.76000,70.56000,141.06000
0.71000,0.96000,0.28000,1.60000,2.05000,1.43000,1.76000,70.56000,141.06000
0.72000,0.96000,0.26000,1.12000,2.03000,1.57000,1.85000,77.74000,140.83000
0.72000,0.96000,0.24000,0.66000,2.03000,2.73000,2.76000,77.74000,140.83000
0.72000,0.96000,0.21000,0.46000,1.99000,3.26000,3.26000,116.92000,160.99000
0.73000,0.96000,0.20000,1.37000,2.16000,1.97000,1.72000,116.92000,160.99000
0.73000,0.96000,0.20000,2.24000,2.28000,1.76000,1.38000,99.36000,138.32000
0.74000,0.96000,0.20000,2.49000,2.20000,1.77000,1.36000,99.36000,138.32000
0.74000,0.96000,0.22000,2.68000,1.95000,1.76000,1.37000,84.93000,132.91000
0.75000,0.96000,0.23000,2.76000,1.83000,1.77000,1.46000,84.93000,132.91000
0.75000,0.97000,0.25000,2.66000,1.74000,2.41000,2.21000,86.21000,146.13000
0.76000,0.97000,0.26000,2.68000,1.81000,3.14000,3.13000,86.21000,146.13000
0.76000,0.97000,0.28000,2.76000,1.91000,3.26000,3.26000,98.16000,164.54000
0.77000,0.97000,0.29000,2.90000,2.10000,2.76000,2.79000,98.16000,164.54000
0.77000,0.97000,0.31000,3.03000,2.26000,1.54000,1.83000,72.35000,147.36000
0.78000,0.97000,0.32000,2.78000,2.14000,1.35000,1.78000,72.35000,147.36000
0.78000,0.98000,0.33000,2.39000,2.01000,1.28000,1.84000,62.16000,145.38000
0.79000,0.98000,0.32000,1.81000,1.99000,1.23000,1.90000,62.16000,145.38000
0.79000,0.98000,0.31000,1.37000,2.01000,1.20000,1.93000,66.55000,147.05000
0.79000,0.98000,0.30000,1.24000,2.03000,1.07000,2.06000,66.55000,147.05000
0.80000,0.98000,0.28000,1.24000,2.14000,1.08000,2.04000,69.60000,147.75000
0.80000,0.98000,0.26000,1.20000,2.18000,1.11000,2.02000,69.60000,147.75000
0.80000,0.98000,0.25000,1.31000,2.12000,1.13000,1.99000,69.97000,144.91000
0.81000,0.98000,0.24000,1.47000,2.07000,1.15000,1.97000,69.97000,144.91000
0.81000,0.98000,0.23000,1.45000,2.08000,1.17000,1.95000,66.06000,144.76000
0.82000,0.98000,0.21000,1.37000,2.10000,1.19000,1.94000,66.06000,144.76000
0.82000,0.99000,0.20000,1.37000,2.08000,1.21000,1.91000,66.45000,143.11000
0.82000,0.99000,0.19000,1.37000,2.12000,1.24000,1.89000,66.45000,143.11000
0.83000,0.99000,0.17000,1.25000,2.10000,1.27000,1.86000,66.34000,140.85000
0.83000,0.99000,0.16000,1.20000,1.91000,1.31000,1.82000,66.34000,140.85000
0.83000,0.99000,0.15000,1.33000,1.93000,1.34000,1.78000,69.35000,141.27000
0.84000,0.99000,0.14000,1.37000,2.01000,1.38000,1.76000,69.35000,141.27000
0.84000,0.99000,0.12000,1.37000,2.03000,1.48000,1.79000,69.81000,139.08000
0.85000,0.99000,0.12000,1.47000,1.95000,1.99000,2.21000,69.81000,139.08000
0.85000,0.99000,0.11000,1.49000,1.93000,2.67000,2.70000,86.66000,152.30000
0.85000,0.99000,0.10000,1.66000,2.10000,3.02000,3.04000,86.66000,152.30000
0.86000,0.99000,0.10000,2.05000,2.20000,3.21000,3.22000,99.24000,162.42000
0.86000,0.99000,0.10000,2.30000,2.39000,3.24000,3.25000,99.24000,162.42000
0.87000,0.99000,0.09000,2.43000,2.53000,3.26000,3.26000,99.56000,165.42000
0.87000,0.99000,0.09000,2.37000,2.59000,3.27000,3.27000,99.56000,165.42000
0.88000,0.99000,0.09000,2.55000,2.57000,3.28000,3.28000,104.71000,167.86000
0.89000,0.99000,0.09000,2.68000,2.57000,3.28000,3.28000,104.71000,167.86000
0.89000,0.99000,0.10000,2.80000,2.59000,3.28000,3.28000,105.57000,172.34000
0.90000,0.99000,0.10000,2.95000,2.68000,3.26000,3.26000,105.57000,172.34000
0.91000,1.00000,0.11000,3.09000,2.70000,1.32000,1.80000,75.70000,152.86000
0.91000,1.00000,0.11000,2.66000,2.49000,1.28000,1.84000,75.70000,152.86000
0.92000,1.00000,0.11000,2.12000,2.35000,1.26000,1.86000,69.46000,151.28000
0.92000,1.00000,0.10000,1.68000,2.24000,1.27000,1.86000,69.46000,151.28000
0.92000,1.00000,0.08000,1.18000,2.30000,1.29000,1.84000,76.07000,150.88000
0.93000,1.00000,0.05000,0.83000,2.26000,1.35000,1.78000,76.07000,150.88000
0.93000,1.00000,0.02000,0.71000,2.22000,1.75000,2.00000,93.44000,150.63000
0.93000,1.00000,-0.00000,0.87000,2.14000,3.25000,3.25000,93.44000,150.63000
0.94000,1.00000,-0.02000,1.22000,2.18000,2.90000,2.88000,115.54000,164.07000
0.94000,1.00000,-0.03000,1.89000,2.37000,1.85000,1.56000,115.54000,164.07000
0.95000,1.00000,-0.03000,2.53000,2.47000,1.75000,1.39000,95.30000,142.76000
0.95000,1.00000,-0.02000,2.66000,2.28000,1.76000,1.38000,95.30000,142.76000
0.96000,1.00000,-0.01000,2.66000,2.10000,1.75000,1.40000,82.96000,138.23000
0.96000,1.00000,0.00000,2.61000,1.99000,1.78000,1.47000,82.96000,138.23000
0.97000,1.00000,0.02000,2.59000,1.91000,2.05000,1.80000,82.55000,143.35000
0.97000,1.00000,0.02000,2.47000,2.01000,2.69000,2.66000,82.55000,143.35000
0.98000,1.00000,0.03000,2.28000,2.10000,3.01000,3.00000,95.84000,159.88000
0.98000,1.00000,0.03000,2.41000,2.26000,3.08000,3.07000,95.84000,159.88000
0.99000,1.00000,0.03000,2.66000,2.43000,3.11000,3.10000,101.49000,163.58000
1.00000,1.00000,0.04000,2.86000,2.55000,3.17000,3.16000,101.49000,163.58000
1.00000,1.00000,0.05000,3.07000,2.55000,3.24000,3.23000,100.77000,166.24000
1.01000,1.00000,0.06000,3.11000,2.53000,3.28000,3.28000,100.77000,166.24000
1.02000,1.00000,0.07000,3.05000,2.59000,1.15000,1.97000,68.00000,151.68000
1.02000,1.00000,0.07000,2.55000,2.47000,1.12000,2.00000,68.00000,151.68000
1.03000,1.00000,0.06000,1.95000,2.32000,1.11000,2.02000,63.95000,150.00000
1.03000,1.00000,0.05000,1.60000,2.30000,1.11000,2.02000,63.95000,150.00000
1.03000,1.00000,0.03000,1.22000,2.32000,1.12000,2.01000,69.80000,149.60000
1.04000,1.00000,0.01000,1.16000,2.35000,1.15000,1.97000,69.80000,149.60000
1.04000,1.00000,-0.01000,1.33000,2.20000,1.19000,1.93000,74.52000,146.10000
1.05000,1.00000,-0.02000,1.41000,2.18000,1.22000,1.90000,74.52000,146.10000
1.05000,1.00000,-0.03000,1.54000,2.26000,1.25000,1.88000,71.85000,145.27000
1.05000,1.00000,-0.05000,1.62000,2.24000,1.28000,1.85000,71.85000,145.27000
1.06000,1.00000,-0.06000,1.64000,2.20000,1.30000,1.82000,68.48000,141.74000
1.06000,1.00000,-0.07000,1.43000,2.03000,1.32000,1.80000,68.48000,141.74000
1.07000,1.00000,-0.08000,1.24000,2.03000,1.35000,1.78000,70.07000,141.67000
1.07000,1.00000,-0.10000,1.22000,2.01000,1.40000,1.75000,70.07000,141.67000
1.07000,1.00000,-0.11000,1.27000,2.05000,1.68000,1.94000,77.61000,142.83000
1.08000,1.00000,-0.13000,1.16000,2.07000,2.69000,2.72000,77.61000,142.83000
1.08000,1.00000,-0.14000,1.12000,2.01000,3.24000,3.25000,104.75000,161.06000
1.09000,1.00000,-0.15000,1.66000,2.24000,3.16000,3.15000,104.75000,161.06000
1.09000,1.00000,-0.16000,1.99000,2.43000,2.65000,2.61000,100.88000,156.12000
1.10000,1.00000,-0.16000,2.24000,2.39000,1.97000,1.72000,100.88000,156.12000
1.10000,1.00000,-0.16000,2.37000,2.34000,1.78000,1.47000,85.05000,138.98000
1.11000,0.99000,-0.16000,2.20000,2.10000,1.75000,1.40000,85.05000,138.98000
1.11000,0.99000,-0.16000,2.03000,1.97000,1.77000,1.36000,82.69000,136.27000
1.11000,0.99000,-0.16000,1.95000,1.91000,3.11000,3.12000,82.69000,136.27000
1.12000,0.99000,-0.15000,1.97000,1.70000,3.08000,3.09000,103.48000,160.53000
1.12000,0.99000,-0.15000,2.28000,2.05000,2.85000,2.87000,103.48000,160.53000
1.13000,0.99000,-0.14000,2.74000,2.39000,2.51000,2.56000,96.82000,157.49000
1.13000,0.99000,-0.13000,2.95000,2.41000,1.81000,2.06000,96.82000,157.49000
1.14000,0.99000,-0.13000,2.64000,2.41000,1.42000,1.76000,71.91000,143.23000
1.14000,0.99000,-0.14000,1.87000,2.24000,1.38000,1.76000,71.91000,143.23000
1.15000,0.99000,-0.15000,1.00000,1.93000,1.40000,1.75000,78.64000,141.76000
1.15000,0.99000,-0.17000,0.83000,1.83000,1.93000,2.16000,78.64000,141.76000
1.15000,0.99000,-0.19000,0.71000,1.78000,3.10000,3.11000,116.93000,165.45000
1.16000,0.99000,-0.20000,1.24000,1.85000,3.22000,3.21000,116.93000,165.45000
1.16000,0.99000,-0.20000,2.08000,1.89000,2.85000,2.83000,120.58000,168.62000
1.17000,0.98000,-0.19000,2.66000,2.18000,2.96000,2.95000,120.58000,168.62000
1.17000,0.98000,-0.18000,3.07000,2.39000,3.19000,3.19000,114.17000,174.89000
1.18000,0.98000,-0.16000,3.40000,2.51000,3.27000,3.27000,114.17000,174.89000
1.19000,0.98000,-0.15000,3.49000,2.64000,2.77000,2.80000,99.89000,170.14000
1.19000,0.98000,-0.14000,3.24000,2.64000,1.51000,1.81000,99.89000,170.14000
1.20000,0.98000,-0.13000,3.01000,2.62000,1.35000,1.77000,77.30000,154.60000
1.20000,0.98000,-0.12000,2.57000,2.32000,1.30000,1.82000,77.30000,154.60000
1.21000,0.98000,-0.13000,2.20000,2.35000,1.25000,1.88000,74.41000,155.66000
1.21000,0.98000,-0.14000,1.93000,2.43000,1.21000,1.91000,74.41000,155.66000
1.22000,0.98000,-0.15000,1.78000,2.39000,1.10000,2.03000,73.82000,153.71000
1.22000,0.98000,-0.16000,1.76000,2.30000,1.11000,2.02000,73.82000,153.71000
1.23000,0.98000,-0.17000,1.60000,2.30000,1.12000,2.01000,71.59000,152.90000
1.23000,0.97000,-0.19000,1.41000,2.32000,1.13000,1.99000,71.59000,152.90000
1.24000,0.97000,-0.20000,1.49000,2.34000,1.16000,1.97000,73.60000,150.19000
1.24000,0.97000,-0.22000,1.49000,2.30000,1.18000,1.94000,73.60000,150.19000
1.24000,0.97000,-0.23000,1.41000,2.26000,1.21000,1.92000,71.64000,147.58000
1.25000,0.97000,-0.24000,1.43000,2.22000,1.24000,1.88000,71.64000,147.58000
1.25000,0.97000,-0.26000,1.56000,2.14000,1.27000,1.85000,71.83000,145.51000
1.26000,0.97000,-0.27000,1.58000,2.20000,1.30000,1.83000,71.83000,145.51000
1.26000,0.97000,-0.28000,1.56000,2.22000,1.32000,1.80000,69.44000,142.84000
1.26000,0.97000,-0.29000,1.60000,2.16000,1.36000,1.77000,69.44000,142.84000
1.27000,0.97000,-0.30000,1.62000,2.14000,1.39000,1.75000,68.66000,140.38000
1.27000,0.96000,-0.31000,1.49000,2.12000,1.48000,1.78000,68.66000,140.38000
1.28000,0.96000,-0.32000,1.41000,2.05000,1.87000,2.11000,76.19000,143.90000
1.28000,0.96000,-0.33000,1.58000,1.99000,2.75000,2.77000,76.19000,143.90000
1.28000,0.96000,-0.33000,1.66000,2.01000,3.05000,3.06000,94.89000,160.04000
1.29000,0.96000,-0.34000,1.87000,2.20000,3.20000,3.20000,94.89000,160.04000
1.29000,0.96000,-0.35000,2.03000,2.37000,3.27000,3.27000,102.66000,166.49000
1.30000,0.96000,-0.35000,2.20000,2.43000,3.27000,3.27000,102.66000,166.49000
1.30000,0.95000,-0.36000,2.10000,2.34000,3.22000,3.21000,105.29000,168.59000
1.31000,0.95000,-0.36000,2.34000,2.37000,3.08000,3.07000,105.29000,168.59000
1.31000,0.95000,-0.36000,2.41000,2.43000,3.00000,2.98000,105.94000,170.81000
1.32000,0.95000,-0.36000,2.37000,2.51000,2.85000,2.82000,105.94000,170.81000
1.32000,0.95000,-0.36000,2.41000,2.55000,1.95000,2.17000,93.77000,160.19000
1.33000,0.94000,-0.36000,2.43000,2.47000,2.06000,2.27000,93.77000,160.19000
1.33000,0.94000,-0.36000,2.51000,2.41000,2.01000,2.23000,91.32000,159.67000
1.34000,0.94000,-0.36000,2.49000,2.43000,1.77000,2.02000,91.32000,159.67000
1.34000,0.94000,-0.36000,2.55000,2.43000,1.63000,1.90000,82.11000,153.85000
1.35000,0.94000,-0.36000,2.39000,2.34000,1.49000,1.79000,82.11000,153.85000
1.35000,0.94000,-0.36000,1.83000,2.30000,1.44000,1.77000,75.70000,149.93000
1.36000,0.93000,-0.39000,1.16000,2.30000,1.61000,1.89000,75.70000,149.93000
1.36000,0.93000,-0.41000,0.83000,2.22000,2.99000,3.00000,111.63000,165.67000
1.36000,0.93000,-0.43000,1.31000,2.37000,3.18000,3.17000,111.63000,165.67000
1.37000,0.93000,-0.44000,1.93000,2.47000,2.15000,1.92000,107.83000,152.68000
1.37000,0.93000,-0.44000,2.30000,2.34000,1.77000,1.44000,107.83000,152.68000
1.38000,0.92000,-0.43000,2.66000,2.18000,1.75000,1.40000,92.00000,142.54000
1.38000,0.92000,-0.42000,2.72000,2.03000,1.78000,1.46000,92.00000,142.54000
1.39000,0.92000,-0.41000,2.64000,2.01000,2.05000,1.80000,86.87000,147.56000
1.39000,0.92000,-0.40000,2.59000,2.03000,2.60000,2.56000,86.87000,147.56000
1.40000,0.92000,-0.39000,2.49000,2.12000,3.02000,3.01000,99.37000,164.30000
1.40000,0.91000,-0.39000,2.59000,2.32000,3.17000,3.17000,99.37000,164.30000
1.41000,0.91000,-0.38000,2.76000,2.45000,3.24000,3.23000,105.17000,169.16000
1.41000,0.91000,-0.37000,2.99000,2.57000,3.28000,3.28000,105.17000,169.16000
1.42000,0.91000,-0.37000,3.07000,2.68000,3.24000,3.24000,103.13000,171.02000
1.42000,0.90000,-0.36000,2.97000,2.80000,1.15000,1.97000,103.13000,171.02000
1.43000,0.90000,-0.36000,2.91000,2.74000,1.13000,1.99000,73.38000,152.84000
1.44000,0.90000,-0.36000,2.51000,2.55000,1.11000,2.01000,73.38000,152.84000
1.44000,0.90000,-0.37000,1.97000,2.41000,1.10000,2.03000,68.71000,152.22000
1.44000,0.90000,-0.38000,1.64000,2.34000,1.10000,2.02000,68.71000,152.22000
1.45000,0.90000,-0.40000,1.49000,2.28000,1.11000,2.01000,73.54000,151.98000
1.45000,0.89000,-0.41000,1.45000,2.30000,1.13000,2.00000,73.54000,151.98000
1.46000,0.89000,-0.43000,1.43000,2.30000,1.15000,1.97000,73.73000,150.03000
1.46000,0.89000,-0.44000,1.54000,2.24000,1.17000,1.95000,73.73000,150.03000
1.46000,0.89000,-0.45000,1.60000,2.20000,1.19000,1.93000,71.30000,148.36000
1.47000,0.89000,-0.46000,1.58000,2.22000,1.21000,1.92000,71.30000,148.36000
1.47000,0.88000,-0.48000,1.45000,2.20000,1.22000,1.90000,69.08000,146.40000
1.48000,0.88000,-0.49000,1.41000,2.16000,1.25000,1.88000,69.08000,146.40000
1.48000,0.88000,-0.50000,1.31000,2.10000,1.27000,1.85000,70.16000,144.68000
1.48000,0.88000,-0.52000,1.16000,2.12000,1.30000,1.82000,70.16000,144.68000
1.48000,0.88000,-0.54000,1.18000,2.08000,1.35000,1.78000,74.18000,142.35000
1.49000,0.88000,-0.55000,1.25000,1.95000,1.41000,1.76000,74.18000,142.35000
1.49000,0.87000,-0.57000,1.04000,1.95000,1.65000,1.92000,78.57000,144.85000
1.49000,0.87000,-0.58000,0.98000,1.95000,2.78000,2.81000,78.57000,144.85000
1.50000,0.87000,-0.60000,1.02000,1.91000,3.27000,3.27000,109.33000,164.96000
1.50000,0.87000,-0.61000,1.39000,2.07000,3.09000,3.07000,109.33000,164.96000
1.50000,0.87000,-0.62000,1.85000,2.34000,2.33000,2.13000,102.86000,153.89000
1.51000,0.86000,-0.62000,2.20000,2.28000,1.78000,1.46000,102.86000,153.89000
1.51000,0.86000,-0.62000,2.24000,2.20000,1.76000,1.38000,87.73000,139.84000
1.52000,0.86000,-0.62000,2.12000,2.05000,2.85000,2.82000,87.73000,139.84000
1.52000,0.85000,-0.62000,1.95000,1.95000,2.87000,2.85000,102.98000,159.86000
1.52000,0.85000,-0.62000,2.20000,2.03000,2.83000,2.81000,102.98000,159.86000
1.53000,0.85000,-0.61000,2.49000,2.22000,2.94000,2.93000,107.39000,166.13000
1.53000,0.85000,-0.61000,2.74000,2.39000,3.10000,3.09000,107.39000,166.13000
1.54000,0.84000,-0.60000,3.01000,2.49000,3.23000,3.22000,108.01000,170.64000
1.54000,0.84000,-0.59000,2.99000,2.59000,3.27000,3.28000,108.01000,170.64000
1.55000,0.83000,-0.59000,2.64000,2.55000,3.17000,3.18000,106.33000,171.85000
1.55000,0.83000,-0.59000,2.30000,2.53000,3.11000,3.12000,106.33000,171.85000
1.56000,0.83000,-0.60000,2.20000,2.51000,3.20000,3.20000,118.08000,176.65000
1.56000,0.83000,-0.60000,2.30000,2.43000,3.27000,3.27000,118.08000,176.65000
1.56000,0.82000,-0.60000,2.57000,2.35000,3.28000,3.28000,124.70000,183.42000
1.57000,0.82000,-0.59000,3.01000,2.59000,3.24000,3.25000,124.70000,183.42000
1.58000,0.82000,-0.58000,3.30000,2.72000,3.05000,3.06000,116.55000,182.78000
1.58000,0.81000,-0.57000,3.28000,2.82000,2.19000,2.39000,116.55000,182.78000
1.59000,0.81000,-0.56000,3.18000,2.86000,1.49000,1.79000,89.33000,163.12000
1.59000,0.80000,-0.56000,2.86000,2.72000,1.37000,1.76000,89.33000,163.12000
1.60000,0.80000,-0.56000,2.43000,2.53000,1.32000,1.81000,82.24000,158.68000
1.60000,0.80000,-0.57000,2.07000,2.49000,1.28000,1.84000,82.24000,158.68000
1.61000,0.80000,-0.58000,1.85000,2.41000,1.12000,2.01000,81.80000,159.69000
1.61000,0.79000,-0.59000,1.80000,2.41000,1.13000,2.00000,81.80000,159.69000
1.61000,0.79000,-0.60000,1.70000,2.37000,1.14000,1.99000,80.42000,157.71000
1.62000,0.79000,-0.62000,1.58000,2.39000,1.15000,1.97000,80.42000,157.71000
1.62000,0.79000,-0.63000,1.58000,2.35000,1.18000,1.95000,80.43000,154.90000
1.62000,0.78000,-0.64000,1.66000,2.32000,1.20000,1.92000,80.43000,154.90000
1.63000,0.78000,-0.66000,1.58000,2.28000,1.22000,1.90000,77.47000,152.54000
1.63000,0.78000,-0.67000,1.54000,2.26000,1.25000,1.88000,77.47000,152.54000
1.63000,0.78000,-0.68000,1.58000,2.22000,1.28000,1.85000,77.50000,150.14000
1.64000,0.77000,-0.69000,1.54000,2.20000,1.30000,1.82000,77.50000,150.14000
1.64000,0.77000,-0.71000,1.49000,2.18000,1.33000,1.79000,76.75000,147.76000
1.64000,0.77000,-0.72000,1.56000,2.16000,1.37000,1.76000,76.75000,147.76000
1.65000,0.77000,-0.73000,1.60000,2.14000,1.42000,1.76000,76.54000,145.40000
1.65000,0.76000,-0.74000,1.49000,2.16000,1.57000,1.85000,76.54000,145.40000
1.65000,0.76000,-0.75000,1.49000,2.12000,2.22000,2.41000,88.65000,152.79000
1.66000,0.76000,-0.76000,1.74000,2.16000,2.95000,2.97000,88.65000,152.79000
1.66000,0.75000,-0.77000,1.87000,2.26000,3.16000,3.17000,103.44000,165.72000
1.66000,0.75000,-0.77000,2.10000,2.43000,3.26000,3.27000,103.44000,165.72000
1.67000,0.75000,-0.78000,2.22000,2.51000,3.28000,3.27000,108.35000,169.30000
1.67000,0.74000,-0.78000,2.28000,2.61000,3.21000,3.20000,108.35000,169.30000
1.67000,0.74000,-0.79000,2.07000,2.72000,3.01000,3.00000,108.67000,167.43000
1.68000,0.74000,-0.80000,2.03000,2.26000,2.15000,1.92000,108.67000,167.43000
1.68000,0.73000,-0.79000,1.99000,1.39000,1.79000,1.48000,98.44000,152.31000
1.68000,0.73000,-0.77000,1.78000,1.08000,2.23000,2.42000,98.44000,152.31000
1.68000,0.73000,-0.76000,1.74000,0.98000,1.47000,1.78000,95.97000,169.87000
1.69000,0.73000,-0.75000,1.62000,1.10000,1.35000,1.77000,95.97000,169.87000
1.69000,0.72000,-0.75000,1.58000,1.22000,1.31000,1.81000,94.20000,174.17000
1.69000,0.72000,-0.74000,1.56000,1.31000,1.29000,1.84000,94.20000,174.17000
1.69000,0.72000,-0.74000,1.56000,1.31000,1.27000,1.86000,92.60000,176.04000
1.70000,0.72000,-0.73000,1.64000,1.43000,1.25000,1.88000,92.60000,176.04000
1.70000,0.72000,-0.73000,1.60000,1.33000,1.23000,1.90000,89.04000,178.09000
1.70000,0.71000,-0.73000,1.58000,1.47000,1.21000,1.92000,89.04000,178.09000
1.70000,0.71000,-0.72000,1.52000,1.43000,1.19000,1.93000,86.96000,180.79000
1.71000,0.71000,-0.73000,1.31000,1.54000,1.18000,1.95000,86.96000,180.79000
1.71000,0.71000,-0.74000,0.91000,1.49000,1.18000,1.94000,88.50000,182.78000
1.71000,0.70000,-0.75000,0.71000,1.49000,1.20000,1.93000,88.50000,182.78000
1.71000,0.70000,-0.77000,0.64000,1.37000,1.23000,1.90000,97.54000,185.12000
1.71000,0.70000,-0.78000,0.58000,1.49000,1.26000,1.86000,97.54000,185.12000
1.72000,0.70000,-0.80000,0.44000,1.50000,1.31000,1.82000,103.71000,186.32000
1.72000,0.70000,-0.82000,0.66000,1.52000,1.37000,1.76000,103.71000,186.32000
1.72000,0.70000,-0.83000,0.95000,1.47000,1.58000,1.86000,110.94000,188.63000
1.72000,0.69000,-0.83000,1.10000,1.52000,2.11000,2.32000,110.94000,188.63000
1.72000,0.69000,-0.84000,1.27000,1.56000,2.71000,2.74000,126.81000,203.87000
1.73000,0.69000,-0.85000,1.58000,2.37000,2.95000,2.97000,126.81000,203.87000
1.73000,0.68000,-0.87000,1.93000,2.76000,3.27000,3.27000,137.73000,206.45000
1.73000,0.68000,-0.87000,2.34000,2.59000,3.11000,3.10000,137.73000,206.45000
1.74000,0.68000,-0.87000,2.72000,2.68000,2.89000,2.87000,130.69000,202.46000
1.74000,0.67000,-0.87000,2.93000,2.80000,2.82000,2.79000,130.69000,202.46000
1.75000,0.67000,-0.87000,3.03000,2.84000,2.79000,2.76000,123.69000,199.35000
1.75000,0.66000,-0.86000,2.95000,2.84000,2.78000,2.75000,123.69000,199.35000
1.75000,0.66000,-0.86000,2.84000,2.78000,2.63000,2.60000,120.24000,196.00000
1.76000,0.65000,-0.86000,2.72000,2.72000,2.34000,2.13000,120.24000,196.00000
1.76000,0.65000,-0.86000,2.70000,2.68000,1.36000,1.77000,102.65000,184.01000
1.76000,0.64000,-0.86000,2.47000,2.32000,1.35000,1.78000,102.65000,184.01000
1.77000,0.64000,-0.86000,2.24000,2.32000,1.33000,1.80000,97.74000,184.64000
1.77000,0.64000,-0.87000,2.05000,2.41000,1.32000,1.80000,97.74000,184.64000
1.77000,0.63000,-0.88000,1.99000,2.45000,1.33000,1.79000,97.21000,180.14000
1.78000,0.63000,-0.88000,1.97000,2.41000,1.35000,1.77000,97.21000,180.14000
1.78000,0.62000,-0.89000,2.01000,2.45000,1.37000,1.76000,94.76000,175.96000
1.78000,0.62000,-0.90000,2.01000,2.37000,1.41000,1.75000,94.76000,175.96000
1.79000,0.62000,-0.90000,1.99000,2.28000,1.46000,1.77000,91.77000,172.90000
1.79000,0.61000,-0.90000,2.01000,2.05000,1.52000,1.81000,91.77000,172.90000
1.79000,0.61000,-0.91000,1.85000,1.89000,1.48000,1.79000,88.78000,174.22000
1.80000,0.61000,-0.91000,1.76000,2.14000,1.45000,1.77000,88.78000,174.22000
1.80000,0.60000,-0.92000,1.74000,2.28000,1.54000,1.83000,90.29000,172.06000
1.80000,0.60000,-0.93000,1.76000,2.30000,1.93000,2.16000,90.29000,172.06000
1.80000,0.60000,-0.94000,1.68000,2.30000,2.63000,2.66000,105.20000,180.17000
1.81000,0.59000,-0.95000,1.89000,2.39000,3.10000,3.11000,105.20000,180.17000
1.81000,0.59000,-0.96000,2.01000,2.51000,3.25000,3.26000,117.94000,190.03000
1.81000,0.58000,-0.97000,2.12000,2.64000,3.26000,3.26000,117.94000,190.03000
1.82000,0.58000,-0.98000,2.07000,2.78000,3.04000,3.03000,119.55000,188.12000
1.82000,0.57000,-0.99000,2.20000,2.70000,2.13000,1.90000,119.55000,188.12000
1.82000,0.57000,-1.00000,2.28000,2.59000,1.75000,1.40000,104.51000,165.11000
1.82000,0.56000,-1.00000,2.16000,2.39000,2.46000,2.53000,104.51000,165.11000
1.83000,0.56000,-1.01000,2.05000,2.22000,2.71000,2.74000,116.83000,182.10000
1.83000,0.56000,-1.01000,2.22000,2.34000,2.84000,2.87000,116.83000,182.10000
1.83000,0.55000,-1.01000,2.39000,2.49000,2.92000,2.93000,122.30000,187.75000
1.84000,0.55000,-1.01000,2.64000,2.61000,2.96000,2.98000,122.30000,187.75000
1.84000,0.54000,-1.01000,2.86000,2.68000,2.90000,2.92000,120.04000,187.05000
1.84000,0.54000,-1.00000,2.91000,2.68000,2.63000,2.66000,120.04000,187.05000
1.85000,0.53000,-1.00000,2.57000,2.68000,2.07000,2.29000,105.16000,178.42000
1.85000,0.53000,-1.01000,2.08000,2.57000,2.07000,2.28000,105.16000,178.42000
1.85000,0.52000,-1.03000,1.74000,2.49000,2.73000,2.75000,122.40000,184.66000
1.85000,0.52000,-1.04000,1.83000,2.49000,3.20000,3.21000,122.40000,184.66000
1.86000,0.51000,-1.05000,2.07000,2.51000,3.27000,3.26000,138.16000,194.64000
1.86000,0.51000,-1.05000,2.53000,2.66000,3.12000,3.11000,138.16000,194.64000
1.86000,0.50000,-1.04000,2.95000,2.74000,3.00000,2.99000,132.27000,192.67000
1.87000,0.50000,-1.04000,3.17000,2.70000,3.07000,3.06000,132.27000,192.67000
1.87000,0.49000,-1.02000,3.26000,2.66000,3.23000,3.22000,128.83000,197.56000
1.87000,0.49000,-1.02000,3.28000,2.78000,3.27000,3.27000,128.83000,197.56000
1.88000,0.48000,-1.01000,3.15000,2.78000,3.08000,3.09000,125.41000,197.52000
1.88000,0.48000,-1.00000,3.11000,2.82000,1.16000,1.96000,125.41000,197.52000
1.88000,0.47000,-1.00000,3.15000,2.82000,1.14000,1.99000,97.55000,182.18000
1.89000,0.46000,-1.00000,2.84000,2.70000,1.11000,2.02000,97.55000,182.18000
1.89000,0.46000,-1.00000,2.47000,2.57000,1.09000,2.03000,89.04000,179.76000
1.89000,0.46000,-1.00000,2.20000,2.51000,1.08000,2.05000,89.04000,179.76000
1.89000,0.45000,-1.01000,2.07000,2.51000,1.07000,2.05000,87.93000,178.81000
1.90000,0.45000,-1.02000,1.99000,2.49000,1.07000,2.05000,87.93000,178.81000
1.90000,0.44000,-1.03000,1.91000,2.49000,1.07000,2.05000,84.26000,176.38000
1.90000,0.44000,-1.04000,1.87000,2.47000,1.07000,2.05000,84.26000,176.38000
1.91000,0.43000,-1.05000,1.89000,2.51000,1.08000,2.05000,80.67000,174.01000
1.91000,0.43000,-1.06000,1.70000,2.32000,1.08000,2.05000,80.67000,174.01000
1.91000,0.43000,-1.08000,1.56000,2.24000,1.08000,2.04000,78.46000,173.61000
1.91000,0.42000,-1.09000,1.54000,2.41000,1.08000,2.04000,78.46000,173.61000
1.91000,0.42000,-1.11000,1.45000,2.45000,1.09000,2.03000,77.41000,170.53000
1.92000,0.41000,-1.13000,1.33000,2.47000,1.10000,2.02000,77.41000,170.53000
1.92000,0.41000,-1.15000,1.25000,2.39000,1.12000,2.00000,78.33000,166.91000
1.92000,0.41000,-1.17000,1.31000,2.34000,1.14000,1.98000,78.33000,166.91000
1.92000,0.40000,-1.19000,1.18000,2.34000,1.16000,1.96000,77.93000,165.39000
1.92000,0.40000,-1.22000,0.91000,2.28000,1.18000,1.94000,77.93000,165.39000
1.92000,0.40000,-1.24000,0.87000,2.28000,1.22000,1.90000,83.91000,163.13000
1.92000,0.39000,-1.27000,0.89000,2.26000,1.27000,1.86000,83.91000,163.13000
1.93000,0.39000,-1.29000,0.81000,2.24000,1.32000,1.80000,87.53000,159.67000
1.93000,0.39000,-1.32000,0.66000,2.05000,1.40000,1.75000,87.53000,159.67000
1.93000,0.38000,-1.34000,0.75000,1.95000,1.76000,1.37000,100.12000,153.57000
1.93000,0.38000,-1.35000,1.10000,1.93000,1.83000,1.29000,100.12000,153.57000
1.93000,0.38000,-1.36000,1.47000,1.85000,1.89000,1.24000,102.10000,149.33000
1.93000,0.37000,-1.36000,1.78000,1.70000,1.92000,1.21000,102.10000,149.33000
1.93000,0.37000,-1.35000,1.81000,1.58000,1.92000,1.21000,97.02000,148.12000
1.93000,0.37000,-1.34000,1.74000,1.00000,1.92000,1.21000,97.02000,148.12000
1.93000,0.36000,-1.33000,1.66000,0.83000,1.89000,1.24000,97.98000,156.22000
1.93000,0.36000,-1.31000,1.64000,0.73000,1.85000,1.28000,97.98000,156.22000
1.93000,0.36000,-1.29000,1.66000,0.83000,1.80000,1.32000,99.08000,163.01000
1.93000,0.36000,-1.28000,1.70000,0.93000,1.76000,1.38000,99.08000,163.01000
1.93000,0.35000,-1.26000,1.85000,0.91000,1.84000,1.55000,99.70000,166.93000
1.94000,0.35000,-1.25000,1.93000,0.95000,2.76000,2.73000,99.70000,166.93000
1.94000,0.35000,-1.23000,1.97000,1.04000,3.27000,3.27000,118.56000,196.04000
1.94000,0.34000,-1.21000,2.01000,1.16000,3.05000,3.06000,118.56000,196.04000
1.94000,0.34000,-1.20000,1.95000,1.33000,1.88000,2.11000,104.46000,189.48000
1.94000,0.34000,-1.20000,1.54000,1.29000,1.42000,1.76000,104.46000,189.48000
1.94000,0.33000,-1.20000,1.24000,1.22000,1.38000,1.76000,103.29000,187.99000
1.94000,0.33000,-1.20000,1.16000,1.27000,1.37000,1.76000,103.29000,187.99000
1.94000,0.33000,-1.20000,1.10000,1.27000,1.37000,1.76000,107.79000,191.21000
1.94000,0.33000,-1.20000,1.10000,1.18000,1.37000,1.76000,107.79000,191.21000
1.94000,0.32000,-1.21000,1.16000,1.25000,1.37000,1.76000,109.99000,195.41000
1.95000,0.32000,-1.20000,1.35000,1.31000,1.37000,1.76000,109.99000,195.41000
1.95000,0.32000,-1.20000,1.51000,1.31000,1.35000,1.77000,107.64000,197.19000
1.95000,0.32000,-1.20000,1.58000,1.25000,1.33000,1.80000,107.64000,197.19000
1.95000,0.31000,-1.19000,1.83000,1.37000,1.30000,1.83000,103.37000,201.71000
1.95000,0.31000,-1.18000,1.95000,1.47000,1.26000,1.87000,103.37000,201.71000
1.95000,0.31000,-1.17000,1.97000,1.49000,1.21000,1.91000,94.83000,203.09000
1.95000,0.30000,-1.16000,1.93000,1.51000,1.17000,1.96000,94.83000,203.09000
1.96000,0.30000,-1.16000,1.87000,1.58000,1.13000,2.00000,89.42000,206.41000
1.96000,0.30000,-1.16000,1.66000,1.62000,1.09000,2.04000,89.42000,206.41000
1.96000,0.29000,-1.16000,1.58000,1.68000,1.06000,2.07000,87.62000,208.75000
1.96000,0.29000,-1.16000,1.49000,1.64000,1.03000,2.09000,87.62000,208.75000
1.96000,0.29000,-1.16000,1.45000,1.68000,1.02000,2.11000,85.90000,211.73000
1.96000,0.28000,-1.17000,1.37000,1.76000,1.02000,2.11000,85.90000,211.73000
1.96000,0.28000,-1.18000,1.33000,1.66000,1.02000,2.11000,84.92000,212.66000
1.97000,0.28000,-1.18000,1.33000,1.68000,1.02000,2.11000,84.92000,212.66000
1.97000,0.27000,-1.19000,1.27000,1.85000,1.02000,2.10000,83.47000,215.94000
1.97000,0.27000,-1.21000,1.18000,1.85000,1.03000,2.10000,83.47000,215.94000
1.97000,0.27000,-1.22000,1.25000,1.87000,1.03000,2.09000,84.01000,215.79000
1.97000,0.26000,-1.23000,1.20000,1.93000,1.04000,2.08000,84.01000,215.79000
1.97000,0.26000,-1.24000,1.24000,1.91000,1.05000,2.07000,83.06000,215.75000
1.97000,0.26000,-1.25000,1.25000,1.87000,1.06000,2.06000,83.06000,215.75000
1.97000,0.25000,-1.27000,1.25000,1.89000,1.07000,2.06000,81.77000,217.27000
1.97000,0.25000,-1.28000,1.22000,2.03000,1.08000,2.05000,81.77000,217.27000
1.98000,0.25000,-1.30000,1.18000,2.10000,1.09000,2.03000,81.39000,215.57000
1.98000,0.24000,-1.31000,1.18000,2.03000,1.11000,2.01000,81.39000,215.57000
1.98000,0.24000,-1.33000,1.18000,1.99000,1.13000,1.99000,81.81000,214.98000
1.98000,0.24000,-1.34000,1.12000,1.99000,1.15000,1.97000,81.81000,214.98000
1.98000,0.23000,-1.36000,1.10000,1.83000,1.17000,1.95000,83.08000,214.69000
1.98000,0.23000,-1.37000,1.14000,1.78000,1.20000,1.93000,83.08000,214.69000
1.98000,0.23000,-1.38000,1.10000,1.79000,1.22000,1.91000,83.71000,216.97000
1.98000,0.22000,-1.39000,1.08000,1.83000,1.24000,1.89000,83.71000,216.97000
1.98000,0.22000,-1.41000,1.08000,1.76000,1.26000,1.86000,85.82000,216.35000
1.98000,0.22000,-1.42000,1.10000,1.81000,1.29000,1.83000,85.82000,216.35000
1.98000,0.21000,-1.43000,1.08000,1.70000,1.32000,1.80000,87.44000,216.02000
1.98000,0.21000,-1.44000,1.10000,1.78000,1.35000,1.78000,87.44000,216.02000
1.98000,0.21000,-1.45000,1.10000,1.74000,1.39000,1.75000,89.78000,215.58000
1.98000,0.20000,-1.46000,1.14000,1.62000,1.49000,1.80000,89.78000,215.58000
1.98000,0.20000,-1.47000,1.06000,1.62000,1.73000,1.98000,96.01000,221.32000
1.98000,0.20000,-1.48000,1.10000,1.62000,2.40000,2.50000,96.01000,221.32000
1.98000,0.20000,-1.49000,1.18000,1.56000,2.93000,2.95000,118.14000,237.94000
1.99000,0.19000,-1.50000,1.31000,1.85000,3.13000,3.13000,118.14000,237.94000
1.99000,0.19000,-1.51000,1.39000,1.93000,3.27000,3.27000,131.15000,247.39000
1.99000,0.18000,-1.52000,1.49000,1.89000,3.23000,3.22000,131.15000,247.39000
1.99000,0.18000,-1.53000,1.49000,2.05000,1.75000,1.40000,117.37000,227.29000
1.99000,0.18000,-1.54000,1.56000,2.32000,1.78000,1.35000,117.37000,227.29000
1.99000,0.17000,-1.54000,1.56000,1.72000,1.83000,1.29000,119.17000,216.13000
1.99000,0.17000,-1.54000,1.58000,1.49000,1.85000,1.27000,119.17000,216.13000
1.99000,0.17000,-1.54000,1.49000,1.41000,1.85000,1.27000,120.82000,222.10000
1.99000,0.16000,-1.54000,1.49000,1.45000,1.86000,1.27000,120.82000,222.10000
1.99000,0.16000,-1.54000,1.58000,1.74000,1.86000,1.26000,123.84000,221.28000
1.99000,0.15000,-1.55000,1.72000,2.05000,1.88000,1.25000,123.84000,221.28000
1.99000,0.15000,-1.55000,1.72000,1.64000,1.91000,1.22000,123.31000,210.46000
1.99000,0.15000,-1.54000,1.81000,1.52000,1.91000,1.21000,123.31000,210.46000
1.99000,0.14000,-1.53000,1.81000,1.43000,1.91000,1.22000,123.20000,213.50000
1.99000,0.14000,-1.53000,1.87000,1.37000,1.90000,1.23000,123.20000,213.50000
1.99000,0.14000,-1.52000,1.87000,1.33000,1.89000,1.24000,122.55000,214.26000
1.99000,0.13000,-1.51000,1.85000,1.39000,1.87000,1.26000,122.55000,214.26000
1.99000,0.13000,-1.50000,1.70000,1.41000,1.85000,1.27000,122.47000,213.63000
1.99000,0.13000,-1.50000,1.47000,1.47000,1.85000,1.28000,122.47000,213.63000
1.99000,0.12000,-1.50000,1.33000,1.45000,1.86000,1.27000,128.19000,211.59000
1.99000,0.12000,-1.51000,1.29000,1.43000,1.88000,1.25000,128.19000,211.59000
1.99000,0.12000,-1.51000,1.29000,1.41000,1.90000,1.23000,133.88000,210.43000
1.99000,0.11000,-1.51000,1.41000,1.47000,1.91000,1.21000,133.88000,210.43000
1.99000,0.11000,-1.51000,1.49000,1.41000,1.93000,1.19000,136.19000,208.06000
1.99000,0.11000,-1.50000,1.66000,1.39000,1.94000,1.18000,136.19000,208.06000
1.99000,0.10000,-1.49000,1.87000,1.18000,1.95000,1.18000,135.82000,207.36000
1.99000,0.10000,-1.48000,2.05000,1.16000,1.94000,1.19000,135.82000,207.36000
1.99000,0.10000,-1.46000,2.22000,1.20000,1.91000,1.21000,131.14000,210.03000
1.99000,0.09000,-1.44000,2.26000,1.20000,1.89000,1.24000,131.14000,210.03000
1.99000,0.09000,-1.42000,2.32000,1.31000,1.85000,1.27000,126.29000,210.58000
1.99000,0.08000,-1.40000,2.35000,1.43000,1.82000,1.30000,126.29000,210.58000
1.99000,0.08000,-1.39000,2.24000,1.39000,1.80000,1.32000,121.78000,208.35000
1.99000,0.08000,-1.37000,2.08000,1.31000,1.78000,1.35000,121.78000,208.35000
1.99000,0.07000,-1.36000,1.97000,1.29000,1.09000,2.04000,111.87000,220.28000
1.99000,0.07000,-1.35000,1.85000,1.39000,1.06000,2.06000,111.87000,220.28000
2.00000,0.06000,-1.35000,1.78000,1.45000,1.04000,2.09000,108.67000,224.14000
2.00000,0.06000,-1.34000,1.76000,1.64000,1.03000,2.10000,108.67000,224.14000
2.00000,0.06000,-1.34000,1.72000,1.66000,1.01000,2.11000,104.68000,224.94000
2.00000,0.05000,-1.35000,1.60000,1.70000,1.01000,2.12000,104.68000,224.94000
2.00000,0.05000,-1.35000,1.47000,1.68000,1.00000,2.12000,102.45000,227.04000
2.00000,0.05000,-1.35000,1.39000,1.68000,1.00000,2.13000,102.45000,227.04000
2.00000,0.04000,-1.36000,1.35000,1.74000,0.99000,2.13000,101.89000,229.99000
2.00000,0.04000,-1.37000,1.29000,1.74000,0.99000,2.13000,101.89000,229.99000
2.00000,0.04000,-1.38000,1.22000,1.74000,0.99000,2.13000,101.06000,231.76000
2.00000,0.03000,-1.39000,1.22000,1.87000,0.99000,2.13000,101.06000,231.76000
2.00000,0.03000,-1.40000,1.25000,1.87000,1.00000,2.13000,100.29000,232.16000
2.00000,0.03000,-1.42000,1.20000,1.93000,1.00000,2.12000,100.29000,232.16000
2.00000,0.02000,-1.43000,1.22000,1.93000,1.00000,2.12000,99.33000,232.69000
2.00000,0.02000,-1.44000,1.27000,1.91000,1.01000,2.12000,99.33000,232.69000
2.00000,0.02000,-1.45000,1.29000,1.95000,1.01000,2.12000,97.27000,234.08000
2.01000,0.01000,-1.47000,1.24000,1.99000,1.01000,2.11000,97.27000,234.08000
2.01000,0.01000,-1.48000,1.22000,2.14000,1.01000,2.11000,96.09000,234.03000
2.01000,0.01000,-1.50000,1.20000,2.05000,1.02000,2.11000,96.09000,234.03000
2.01000,0.00000,-1.51000,1.06000,1.99000,1.02000,2.10000,95.45000,233.69000
2.01000,-0.00000,-1.53000,1.00000,2.03000,1.03000,2.10000,95.45000,233.69000
2.01000,-0.00000,-1.55000,0.91000,2.03000,1.04000,2.09000,97.68000,234.11000
2.01000,-0.01000,-1.58000,0.87000,2.12000,1.05000,2.08000,97.68000,234.11000
2.01000,-0.01000,-1.60000,0.87000,2.08000,1.06000,2.07000,100.13000,232.82000
2.01000,-0.02000,-1.62000,0.93000,2.16000,1.07000,2.05000,100.13000,232.82000
2.01000,-0.02000,-1.64000,0.81000,1.85000,1.09000,2.04000,100.73000,231.49000
2.01000,-0.02000,-1.66000,0.62000,1.56000,1.10000,2.03000,100.73000,231.49000
2.01000,-0.02000,-1.67000,0.50000,1.49000,1.11000,2.02000,106.66000,239.47000
2.01000,-0.03000,-1.70000,0.58000,1.93000,1.13000,2.00000,106.66000,239.47000
2.01000,-0.03000,-1.73000,0.66000,2.20000,1.15000,1.97000,110.79000,236.00000
2.00000,-0.03000,-1.75000,0.75000,2.18000,2.88000,2.86000,110.79000,236.00000
2.00000,-0.03000,-1.78000,0.62000,1.99000,1.75000,1.40000,120.79000,223.96000
2.00000,-0.04000,-1.80000,0.66000,1.89000,1.83000,1.30000,120.79000,223.96000
2.00000,-0.04000,-1.82000,0.81000,1.76000,1.90000,1.22000,130.30000,220.98000
2.00000,-0.04000,-1.83000,1.12000,1.66000,1.95000,1.17000,130.30000,220.98000
2.00000,-0.05000,-1.83000,1.35000,1.66000,1.98000,1.14000,132.09000,219.18000
2.00000,-0.05000,-1.83000,1.49000,1.60000,2.00000,1.12000,132.09000,219.18000
2.00000,-0.05000,-1.84000,1.47000,1.62000,2.02000,1.11000,132.17000,216.53000
2.00000,-0.06000,-1.83000,1.51000,1.43000,2.03000,1.10000,132.17000,216.53000
2.00000,-0.06000,-1.83000,1.58000,1.37000,2.04000,1.09000,135.27000,215.79000
2.00000,-0.06000,-1.83000,1.58000,1.37000,2.04000,1.09000,135.27000,215.79000
2.00000,-0.07000,-1.82000,1.66000,1.33000,2.04000,1.08000,137.53000,214.59000
2.00000,-0.07000,-1.81000,1.70000,1.33000,2.04000,1.09000,137.53000,214.59000
1.99000,-0.07000,-1.81000,1.70000,1.35000,2.04000,1.09000,138.40000,213.54000
1.99000,-0.08000,-1.80000,1.74000,1.39000,2.04000,1.09000,138.40000,213.54000
1.99000,-0.08000,-1.79000,1.87000,1.41000,2.04000,1.09000,139.79000,211.17000
1.99000,-0.08000,-1.78000,1.91000,1.37000,2.04000,1.09000,139.79000,211.17000
1.99000,-0.09000,-1.77000,1.72000,1.27000,2.03000,1.09000,138.97000,209.77000
1.99000,-0.09000,-1.77000,1.47000,1.18000,2.03000,1.10000,138.97000,209.77000
1.99000,-0.09000,-1.76000,1.33000,1.08000,2.03000,1.10000,146.23000,210.93000
1.99000,-0.09000,-1.76000,1.25000,1.06000,2.03000,1.09000,146.23000,210.93000
1.99000,-0.10000,-1.76000,1.37000,1.10000,2.04000,1.09000,153.10000,212.15000
1.99000,-0.10000,-1.75000,1.45000,1.16000,2.04000,1.08000,153.10000,212.15000
1.99000,-0.10000,-1.74000,1.54000,1.08000,2.04000,1.08000,154.86000,210.65000
1.99000,-0.11000,-1.73000,1.60000,1.08000,2.04000,1.08000,154.86000,210.65000
1.99000,-0.11000,-1.72000,1.81000,1.14000,2.04000,1.08000,156.22000,211.41000
1.99000,-0.11000,-1.71000,1.99000,1.24000,2.04000,1.08000,156.22000,211.41000
1.99000,-0.12000,-1.69000,2.08000,1.18000,2.04000,1.09000,152.92000,209.01000
1.99000,-0.12000,-1.67000,2.24000,1.20000,2.03000,1.09000,152.92000,209.01000
1.99000,-0.12000,-1.66000,2.05000,1.14000,2.03000,1.10000,149.30000,208.86000
1.98000,-0.13000,-1.64000,2.01000,1.08000,2.03000,1.10000,149.30000,208.86000
1.98000,-0.13000,-1.62000,2.01000,1.10000,2.02000,1.10000,151.37000,210.15000
1.98000,-0.13000,-1.60000,2.10000,1.06000,2.03000,1.10000,151.37000,210.15000
1.98000,-0.14000,-1.59000,2.14000,1.08000,1.16000,1.96000,137.22000,223.52000
1.98000,-0.14000,-1.57000,2.01000,1.20000,1.11000,2.01000,137.22000,223.52000
1.98000,-0.15000,-1.56000,1.99000,1.37000,1.08000,2.05000,131.61000,228.04000
1.98000,-0.15000,-1.55000,1.91000,1.45000,1.05000,2.07000,131.61000,228.04000
1.98000,-0.15000,-1.54000,1.83000,1.41000,1.03000,2.09000,126.89000,230.06000
1.98000,-0.16000,-1.54000,1.70000,1.47000,1.02000,2.11000,126.89000,230.06000
1.98000,-0.16000,-1.54000,1.66000,1.47000,1.00000,2.12000,124.29000,234.01000
1.98000,-0.16000,-1.54000,1.45000,1.62000,0.99000,2.13000,124.29000,234.01000
1.98000,-0.17000,-1.54000,1.54000,1.60000,0.99000,2.14000,123.62000,235.95000
1.98000,-0.17000,-1.54000,1.49000,1.60000,0.98000,2.14000,123.62000,235.95000
1.99000,-0.17000,-1.54000,1.54000,1.64000,0.98000,2.15000,120.04000,239.55000
1.99000,-0.18000,-1.55000,1.54000,1.66000,0.97000,2.15000,120.04000,239.55000
1.99000,-0.18000,-1.55000,1.49000,1.76000,0.96000,2.16000,116.13000,242.10000
1.99000,-0.18000,-1.56000,1.37000,1.76000,0.96000,2.16000,116.13000,242.10000
1.99000,-0.19000,-1.57000,1.33000,1.76000,0.96000,2.17000,115.09000,243.65000
1.99000,-0.19000,-1.57000,1.33000,1.78000,0.95000,2.17000,115.09000,243.65000
1.99000,-0.20000,-1.59000,1.33000,2.14000,0.95000,2.17000,113.15000,245.83000
1.99000,-0.20000,-1.60000,1.37000,2.16000,0.95000,2.17000,113.15000,245.83000
1.99000,-0.20000,-1.61000,1.29000,1.87000,0.95000,2.17000,110.26000,242.58000
1.99000,-0.21000,-1.62000,1.22000,1.78000,0.95000,2.18000,110.26000,242.58000
1.98000,-0.21000,-1.63000,1.10000,1.68000,0.95000,2.18000,109.85000,248.37000
1.98000,-0.21000,-1.65000,1.00000,1.76000,0.94000,2.18000,109.85000,248.37000
1.98000,-0.22000,-1.67000,0.87000,1.87000,0.94000,2.18000,111.54000,251.12000
1.98000,-0.22000,-1.69000,0.95000,2.47000,0.94000,2.18000,111.54000,251.12000
1.98000,-0.22000,-1.71000,0.87000,2.01000,0.94000,2.18000,111.87000,243.02000
1.98000,-0.23000,-1.74000,0.62000,1.83000,0.94000,2.18000,111.87000,243.02000
1.98000,-0.23000,-1.76000,0.48000,1.81000,0.95000,2.18000,116.80000,250.92000
1.98000,-0.23000,-1.79000,0.48000,1.93000,0.95000,2.18000,116.80000,250.92000
1.98000,-0.23000,-1.82000,0.54000,2.18000,0.95000,2.17000,121.00000,251.38000
1.98000,-0.24000,-1.84000,0.60000,2.01000,0.95000,2.17000,121.00000,251.38000
1.98000,-0.24000,-1.87000,0.64000,2.03000,0.95000,2.17000,122.01000,251.55000
1.98000,-0.24000,-1.89000,0.56000,2.05000,0.95000,2.17000,122.01000,251.55000
1.98000,-0.24000,-1.92000,0.44000,1.97000,1.36000,1.77000,130.88000,245.81000
1.98000,-0.25000,-1.95000,0.44000,1.83000,2.31000,2.45000,130.88000,245.81000
1.98000,-0.25000,-1.97000,0.56000,1.83000,3.28000,3.28000,166.36000,255.00000
1.98000,-0.25000,-1.99000,1.08000,2.03000,2.58000,2.53000,166.36000,255.00000
1.97000,-0.26000,-2.00000,1.54000,2.24000,1.77000,1.44000,151.05000,246.14000
1.97000,-0.26000,-2.01000,1.64000,2.32000,1.78000,1.35000,151.05000,246.14000
1.97000,-0.26000,-2.03000,1.56000,2.28000,1.83000,1.30000,147.66000,236.04000
1.97000,-0.27000,-2.03000,1.58000,2.10000,1.88000,1.25000,147.66000,236.04000
1.97000,-0.27000,-2.04000,1.60000,1.78000,1.91000,1.21000,151.04000,232.02000
1.96000,-0.27000,-2.04000,1.60000,1.64000,1.93000,1.19000,151.04000,232.02000
1.96000,-0.28000,-2.04000,1.62000,1.51000,1.94000,1.18000,153.22000,233.08000
1.96000,-0.28000,-2.03000,1.70000,1.49000,1.95000,1.17000,153.22000,233.08000
1.96000,-0.28000,-2.03000,1.83000,1.54000,1.95000,1.17000,153.85000,232.38000
1.96000,-0.29000,-2.02000,1.87000,1.51000,1.95000,1.17000,153.85000,232.38000
1.96000,-0.29000,-2.02000,1.87000,1.58000,1.95000,1.17000,152.82000,230.18000
1.95000,-0.29000,-2.01000,1.78000,1.62000,1.95000,1.17000,152.82000,230.18000
1.95000,-0.30000,-2.02000,1.66000,1.91000,1.96000,1.17000,154.67000,226.46000
1.95000,-0.30000,-2.02000,1.58000,1.91000,1.98000,1.14000,154.67000,226.46000
1.95000,-0.31000,-2.03000,1.41000,1.70000,2.01000,1.11000,159.66000,218.59000
1.95000,-0.31000,-2.04000,1.41000,1.78000,2.04000,1.09000,159.66000,218.59000
1.95000,-0.31000,-2.04000,1.45000,1.49000,2.06000,1.06000,165.52000,214.88000
1.95000,-0.31000,-2.03000,1.43000,1.20000,2.08000,1.05000,165.52000,214.88000
1.94000,-0.32000,-2.03000,1.56000,1.33000,2.09000,1.04000,169.51000,218.91000
1.94000,-0.32000,-2.02000,1.74000,1.51000,2.10000,1.03000,169.51000,218.91000
1.94000,-0.32000,-2.02000,1.95000,1.70000,2.11000,1.01000,169.14000,212.86000
1.94000,-0.33000,-2.01000,2.07000,1.60000,2.13000,0.99000,169.14000,212.86000
1.94000,-0.33000,-2.00000,2.24000,1.37000,2.14000,0.98000,166.86000,208.15000
1.94000,-0.34000,-1.98000,2.30000,1.37000,2.15000,0.97000,166.86000,208.15000
1.93000,-0.34000,-1.96000,2.43000,1.31000,2.17000,0.96000,164.18000,207.52000
1.93000,-0.34000,-1.94000,2.53000,1.37000,2.46000,2.32000,164.18000,207.52000
1.93000,-0.35000,-1.92000,2.57000,1.43000,3.26000,3.25000,176.28000,239.47000
1.93000,-0.35000,-1.90000,2.49000,1.72000,2.96000,2.97000,176.28000,239.47000
1.93000,-0.36000,-1.89000,2.47000,2.01000,1.82000,2.07000,159.76000,227.67000
1.93000,-0.36000,-1.88000,2.39000,1.87000,1.45000,1.77000,159.76000,227.67000
1.92000,-0.37000,-1.88000,2.22000,1.81000,1.36000,1.77000,150.42000,223.04000
1.92000,-0.37000,-1.87000,2.05000,1.76000,1.33000,1.80000,150.42000,223.04000
1.92000,-0.37000,-1.87000,1.99000,1.81000,1.30000,1.82000,148.29000,224.86000
1.92000,-0.38000,-1.87000,1.99000,1.85000,1.28000,1.85000,148.29000,224.86000
1.92000,-0.38000,-1.86000,1.95000,1.66000,1.26000,1.87000,144.11000,224.61000
1.92000,-0.38000,-1.86000,1.85000,1.54000,1.23000,1.89000,144.11000,224.61000
1.92000,-0.39000,-1.85000,1.78000,1.54000,1.21000,1.92000,141.07000,230.21000
1.92000,-0.39000,-1.85000,1.76000,1.78000,1.18000,1.94000,141.07000,230.21000
1.91000,-0.40000,-1.86000,1.76000,2.03000,1.17000,1.96000,137.88000,229.34000
1.91000,-0.40000,-1.86000,1.72000,2.03000,1.16000,1.96000,137.88000,229.34000
1.91000,-0.40000,-1.87000,1.66000,1.91000,1.16000,1.97000,134.78000,226.77000
1.91000,-0.41000,-1.87000,1.60000,1.70000,1.15000,1.97000,134.78000,226.77000
1.91000,-0.41000,-1.87000,1.51000,1.49000,1.14000,1.99000,132.96000,231.67000
1.91000,-0.41000,-1.87000,1.43000,1.70000,1.12000,2.01000,132.96000,231.67000
1.91000,-0.42000,-1.88000,1.35000,1.81000,1.11000,2.01000,132.30000,233.79000
1.91000,-0.42000,-1.89000,1.35000,1.70000,1.11000,2.02000,132.30000,233.79000
1.91000,-0.42000,-1.90000,1.14000,1.68000,1.10000,2.03000,131.43000,235.85000
1.91000,-0.43000,-1.91000,1.00000,1.87000,1.10000,2.03000,131.43000,235.85000
1.90000,-0.43000,-1.93000,1.02000,1.87000,1.10000,2.02000,135.28000,235.25000
1.90000,-0.43000,-1.94000,0.98000,1.89000,1.11000,2.02000,135.28000,235.25000
1.90000,-0.44000,-1.96000,0.83000,1.85000,1.11000,2.01000,136.37000,235.75000
1.90000,-0.44000,-1.98000,0.77000,1.85000,1.12000,2.01000,136.37000,235.75000
1.90000,-0.44000,-2.00000,0.89000,1.85000,1.15000,1.98000,140.83000,236.56000
1.90000,-0.44000,-2.02000,0.95000,1.95000,1.18000,1.94000,140.83000,236.56000
1.90000,-0.45000,-2.03000,1.12000,1.99000,1.22000,1.90000,141.45000,234.68000
1.90000,-0.45000,-2.05000,1.16000,1.97000,1.26000,1.86000,141.45000,234.68000
1.89000,-0.45000,-2.06000,1.16000,1.95000,1.30000,1.82000,141.09000,232.87000
1.89000,-0.46000,-2.07000,1.12000,1.74000,1.34000,1.78000,141.09000,232.87000
1.89000,-0.46000,-2.09000,1.20000,1.85000,1.39000,1.75000,143.84000,234.39000
1.89000,-0.46000,-2.10000,1.29000,1.99000,1.53000,1.82000,143.84000,234.39000
1.89000,-0.47000,-2.11000,1.31000,2.03000,2.28000,2.44000,156.33000,240.97000
1.88000,-0.47000,-2.12000,1.41000,1.89000,3.07000,3.08000,156.33000,240.97000
1.88000,-0.47000,-2.12000,1.58000,1.81000,3.25000,3.25000,174.99000,255.00000
1.88000,-0.48000,-2.13000,1.81000,1.95000,3.28000,3.28000,174.99000,255.00000
1.88000,-0.48000,-2.13000,1.83000,2.03000,3.28000,3.28000,180.52000,255.00000
1.88000,-0.48000,-2.13000,1.95000,2.12000,3.24000,3.24000,180.52000,255.00000
1.87000,-0.49000,-2.14000,1.45000,2.05000,3.19000,3.18000,185.81000,255.00000
1.87000,-0.49000,-2.16000,0.95000,1.83000,2.74000,2.71000,185.81000,255.00000
1.87000,-0.49000,-2.18000,0.87000,1.78000,1.81000,1.52000,187.56000,250.38000
1.87000,-0.49000,-2.19000,0.83000,1.72000,1.78000,1.35000,187.56000,250.38000
1.87000,-0.50000,-2.21000,0.75000,1.74000,1.84000,1.28000,194.97000,246.57000
1.87000,-0.50000,-2.23000,0.75000,1.66000,1.90000,1.22000,194.97000,246.57000
1.86000,-0.50000,-2.24000,0.71000,1.45000,1.96000,1.17000,204.04000,243.11000
1.86000,-0.50000,-2.25000,0.54000,1.06000,2.00000,1.13000,204.04000,243.11000
1.86000,-0.50000,-2.26000,0.62000,0.98000,2.03000,1.10000,215.44000,248.17000
1.86000,-0.51000,-2.26000,1.00000,1.14000,2.04000,1.08000,215.44000,248.17000
1.86000,-0.51000,-2.27000,0.83000,1.27000,2.06000,1.06000,218.02000,246.63000
1.86000,-0.51000,-2.28000,0.71000,1.33000,2.08000,1.04000,218.02000,246.63000
1.86000,-0.51000,-2.29000,0.81000,1.25000,2.11000,1.02000,229.49000,242.66000
1.85000,-0.51000,-2.29000,0.85000,1.25000,2.13000,1.00000,229.49000,242.66000
1.85000,-0.51000,-2.30000,0.89000,1.29000,2.15000,0.98000,236.29000,241.50000
1.85000,-0.52000,-2.30000,1.04000,1.27000,2.16000,0.96000,236.29000,241.50000
1.85000,-0.52000,-2.31000,1.18000,1.27000,2.17000,0.95000,241.67000,239.15000
1.85000,-0.52000,-2.31000,1.29000,1.33000,2.19000,0.94000,241.67000,239.15000
1.85000,-0.52000,-2.31000,1.41000,1.33000,2.19000,0.93000,245.08000,236.01000
1.84000,-0.53000,-2.30000,1.45000,1.24000,2.20000,0.92000,245.08000,236.01000
1.84000,-0.53000,-2.30000,1.58000,1.25000,2.21000,0.92000,248.24000,234.67000
1.84000,-0.53000,-2.28000,1.95000,1.16000,2.04000,1.09000,248.24000,234.67000
1.84000,-0.53000,-2.26000,2.68000,1.37000,2.02000,1.11000,242.46000,236.82000
1.83000,-0.54000,-2.23000,2.80000,1.43000,1.98000,1.15000,242.46000,236.82000
1.83000,-0.54000,-2.21000,2.64000,1.35000,1.93000,1.19000,228.79000,233.75000
1.83000,-0.54000,-2.19000,2.59000,1.31000,1.88000,1.25000,228.79000,233.75000
1.82000,-0.55000,-2.16000,2.59000,1.37000,1.81000,1.31000,224.89000,235.94000
1.82000,-0.55000,-2.15000,2.59000,1.58000,1.75000,1.39000,224.89000,235.94000
1.82000,-0.56000,-2.13000,2.51000,1.56000,2.12000,1.88000,224.81000,240.52000
1.82000,-0.56000,-2.11000,2.49000,1.58000,3.06000,3.05000,224.81000,240.52000
1.82000,-0.56000,-2.10000,2.49000,1.66000,3.27000,3.28000,240.84000,255.00000
1.81000,-0.57000,-2.08000,2.55000,1.66000,2.89000,2.91000,240.84000,255.00000
1.81000,-0.57000,-2.06000,2.57000,1.68000,1.60000,1.88000,219.56000,251.22000
1.81000,-0.58000,-2.05000,2.45000,1.45000,1.36000,1.77000,219.56000,251.22000
1.81000,-0.58000,-2.03000,2.37000,1.62000,1.28000,1.84000,210.61000,255.00000
1.80000,-0.58000,-2.02000,2.32000,1.85000,1.23000,1.90000,210.61000,255.00000
1.80000,-0.59000,-2.02000,2.26000,1.78000,1.19000,1.94000,204.04000,252.95000
1.80000,-0.59000,-2.01000,2.18000,1.68000,1.15000,1.98000,204.04000,252.95000
1.80000,-0.60000,-2.00000,2.03000,1.68000,1.11000,2.02000,198.21000,255.00000
1.80000,-0.60000,-2.00000,1.99000,1.72000,1.07000,2.05000,198.21000,255.00000
1.80000,-0.60000,-1.99000,1.66000,1.27000,1.05000,2.08000,193.65000,255.00000
1.79000,-0.61000,-1.99000,1.58000,1.39000,1.02000,2.11000,193.65000,255.00000
1.79000,-0.61000,-1.99000,1.45000,1.54000,1.00000,2.13000,193.46000,255.00000
1.79000,-0.61000,-1.99000,1.41000,1.58000,0.98000,2.14000,193.46000,255.00000
1.79000,-0.61000,-1.99000,1.43000,1.49000,0.97000,2.16000,192.00000,255.00000
1.79000,-0.62000,-1.99000,1.47000,1.47000,0.95000,2.18000,192.00000,255.00000
1.79000,-0.62000,-2.00000,1.56000,1.81000,0.93000,2.19000,187.91000,255.00000
1.79000,-0.62000,-2.00000,1.56000,2.01000,0.93000,2.20000,187.91000,255.00000
1.78000,-0.63000,-2.01000,1.68000,2.12000,0.93000,2.20000,183.35000,255.00000
1.78000,-0.63000,-2.02000,1.68000,2.12000,0.93000,2.20000,183.35000,255.00000
1.78000,-0.64000,-2.03000,1.66000,2.07000,0.93000,2.20000,177.69000,255.00000
1.78000,-0.64000,-2.03000,1.66000,2.01000,0.92000,2.20000,177.69000,255.00000
1.78000,-0.64000,-2.04000,1.64000,1.93000,0.92000,2.20000,173.42000,255.00000
1.77000,-0.65000,-2.04000,1.64000,1.91000,0.92000,2.20000,173.42000,255.00000
1.77000,-0.65000,-2.04000,1.60000,1.66000,0.92000,2.20000,169.27000,255.00000
1.77000,-0.65000,-2.05000,1.51000,1.56000,0.92000,2.21000,169.27000,255.00000
1.77000,-0.66000,-2.04000,1.33000,1.16000,0.92000,2.21000,166.77000,255.00000
1.77000,-0.66000,-2.04000,1.16000,1.04000,0.91000,2.21000,166.77000,255.00000
1.77000,-0.66000,-2.04000,0.93000,1.04000,0.91000,2.21000,168.42000,255.00000
1.77000,-0.66000,-2.05000,0.81000,1.06000,0.91000,2.21000,168.42000,255.00000
1.77000,-0.66000,-2.05000,0.79000,1.04000,0.91000,2.21000,172.20000,255.00000
1.77000,-0.67000,-2.06000,0.66000,0.98000,0.91000,2.21000,172.20000,255.00000
1.76000,-0.67000,-2.06000,0.54000,0.98000,0.91000,2.21000,174.99000,255.00000
1.76000,-0.67000,-2.07000,0.73000,1.06000,0.91000,2.21000,174.99000,255.00000
1.76000,-0.67000,-2.08000,0.81000,1.10000,0.91000,2.21000,175.54000,255.00000
1.76000,-0.67000,-2.08000,0.81000,1.18000,0.91000,2.21000,175.54000,255.00000
1.76000,-0.67000,-2.09000,0.93000,1.43000,0.91000,2.21000,175.40000,255.00000
1.76000,-0.68000,-2.11000,1.02000,1.83000,0.91000,2.21000,175.40000,255.00000
1.76000,-0.68000,-2.12000,1.10000,1.95000,0.91000,2.21000,172.88000,255.00000
1.76000,-0.68000,-2.13000,1.12000,1.78000,0.91000,2.21000,172.88000,255.00000
1.75000,-0.69000,-2.14000,1.20000,1.72000,0.91000,2.21000,170.68000,255.00000
1.75000,-0.69000,-2.15000,1.18000,1.47000,0.91000,2.21000,170.68000,255.00000
1.75000,-0.69000,-2.15000,1.22000,1.41000,0.91000,2.21000,168.46000,255.00000
1.75000,-0.69000,-2.15000,1.24000,1.29000,0.91000,2.21000,168.46000,255.00000
1.75000,-0.70000,-2.15000,1.29000,1.24000,0.91000,2.21000,165.86000,255.00000
1.75000,-0.70000,-2.15000,1.29000,1.08000,0.91000,2.20000,165.86000,255.00000
1.74000,-0.70000,-2.14000,1.29000,0.89000,0.90000,2.19000,163.18000,255.00000
1.74000,-0.70000,-2.13000,1.25000,0.87000,0.90000,2.18000,163.18000,255.00000
1.74000,-0.70000,-2.13000,1.29000,1.10000,0.90000,2.15000,161.43000,255.00000
1.74000,-0.71000,-2.13000,1.31000,1.18000,0.89000,2.10000,161.43000,255.00000
1.74000,-0.71000,-2.13000,1.31000,1.29000,0.85000,2.03000,157.67000,255.00000
1.74000,-0.71000,-2.13000,1.29000,1.29000,0.76000,1.89000,157.67000,255.00000
1.74000,-0.71000,-2.13000,1.25000,1.35000,0.58000,1.66000,151.17000,255.00000
1.73000,-0.72000,-2.13000,1.20000,1.25000,0.28000,1.29000,151.17000,255.00000
1.73000,-0.72000,-2.13000,1.16000,1.31000,-0.08000,0.95000,138.29000,250.54000
1.73000,-0.72000,-2.14000,1.02000,1.16000,-0.32000,0.72000,138.29000,250.54000
1.73000,-0.72000,-2.14000,0.93000,1.02000,-0.42000,0.61000,128.26000,244.88000
1.73000,-0.72000,-2.14000,0.85000,1.08000,-0.45000,0.53000,128.26000,244.88000
1.73000,-0.73000,-2.15000,0.79000,1.02000,-0.42000,0.46000,122.10000,240.60000
1.73000,-0.73000,-2.15000,0.73000,1.06000,-0.36000,0.38000,122.10000,240.60000
1.73000,-0.73000,-2.16000,0.71000,1.18000,-0.28000,0.29000,118.50000,234.57000
1.72000,-0.73000,-2.17000,0.68000,1.22000,-0.19000,0.19000,118.50000,234.57000
1.72000,-0.73000,-2.18000,0.64000,1.06000,-0.11000,0.11000,115.61000,224.83000
1.72000,-0.73000,-2.19000,0.60000,1.08000,-0.05000,0.05000,115.61000,224.83000
1.72000,-0.74000,-2.20000,0.62000,1.18000,0.01000,-0.01000,113.85000,218.55000
1.72000,-0.74000,-2.21000,0.68000,1.39000,0.07000,-0.07000,113.85000,218.55000
1.72000,-0.74000,-2.22000,0.66000,1.39000,0.14000,-0.14000,111.06000,205.31000
1.72000,-0.74000,-2.24000,0.68000,1.41000,0.23000,-0.23000,111.06000,205.31000
1.72000,-0.74000,-2.25000,0.73000,1.41000,0.32000,-0.33000,110.48000,192.98000
1.71000,-0.75000,-2.26000,0.75000,1.37000,0.40000,-0.43000,110.48000,192.98000
1.71000,-0.75000,-2.27000,0.79000,1.33000,0.44000,-0.50000,109.20000,180.58000
1.71000,-0.75000,-2.28000,0.79000,1.20000,0.44000,-0.57000,109.20000,180.58000
1.71000,-0.75000,-2.28000,0.87000,1.18000,0.39000,-0.64000,105.98000,169.71000
1.71000,-0.75000,-2.29000,0.87000,1.10000,0.28000,-0.76000,105.98000,169.71000
1.71000,-0.75000,-2.29000,0.83000,1.00000,0.09000,-0.94000,97.85000,155.80000
1.71000,-0.76000,-2.29000,0.75000,0.89000,-0.15000,-1.16000,97.85000,155.80000
1.70000,-0.76000,-2.29000,0.71000,0.83000,-0.37000,-1.40000,88.17000,139.76000
1.70000,-0.76000,-2.29000,0.66000,0.73000,-0.53000,-1.60000,88.17000,139.76000
1.70000,-0.76000,-2.30000,0.54000,0.56000,-0.65000,-1.75000,78.44000,123.22000
1.70000,-0.76000,-2.29000,0.46000,0.44000,-0.72000,-1.84000,78.44000,123.22000
1.70000,-0.76000,-2.29000,0.42000,0.00000,-0.77000,-1.91000,71.88000,110.37000
1.70000,-0.76000,-2.28000,0.35000,0.00000,-0.80000,-1.95000,71.88000,110.37000
1.70000,-0.76000,-2.28000,0.19000,0.02000,-0.83000,-1.99000,65.25000,101.63000
1.70000,-0.76000,-2.28000,0.00000,0.00000,-0.84000,-2.00000,65.25000,101.63000
1.70000,-0.76000,-2.28000,0.00000,0.00000,-0.84000,-2.00000,63.32000,89.45000
1.70000,-0.76000,-2.28000,0.02000,0.02000,-0.84000,-2.00000,63.32000,89.45000
1.70000,-0.76000,-2.28000,0.12000,0.00000,-0.84000,-2.01000,57.98000,77.09000
1.70000,-0.76000,-2.28000,0.02000,0.00000,-0.84000,-2.02000,57.98000,77.09000
1.70000,-0.76000,-2.28000,0.00000,0.00000,-0.84000,-2.02000,52.73000,65.06000
1.70000,-0.76000,-2.28000,0.00000,0.00000,-0.84000,-2.02000,52.73000,65.06000
1.70000,-0.76000,-2.28000,0.00000,0.00000,-0.84000,-2.02000,47.85000,52.95000
1.70000,-0.76000,-2.28000,0.00000,0.00000,-0.84000,-2.02000,47.85000,52.95000
1.70000,-0.76000,-2.28000,0.00000,0.00000,-0.84000,-2.02000,42.79000,40.84000
1.70000,-0.76000,-2.28000,0.00000,0.00000,-0.84000,-2.02000,42.79000,40.84000
1.70000,-0.76000,-2.28000,0.00000,0.00000,-0.84000,-2.02000,37.73000,28.72000
1.70000,-0.76000,-2.28000,0.00000,0.00000,-0.84000,-2.02000,37.73000,28.72000
1.70000,-0.76000,-2.28000,0.00000,0.00000,-0.84000,-2.02000,32.67000,16.61000
1.70000,-0.76000,-2.28000,0.00000,0.00000,-0.84000,-2.02000,32.67000,16.61000
1.70000,-0.76000,-2.28000,0.00000,0.00000,-0.84000,-2.02000,27.61000,4.50000
1.70000,-0.76000,-2.28000,0.00000,0.00000,-0.84000,-2.02000,27.61000,4.50000
1.70000,-0.76000,-2.28000,0.00000,0.00000,-0.84000,-2.02000,22.54000,-7.61000
1.70000,-0.76000,-2.28000,0.00000,0.00000,-0.84000,-2.02000,22.54000,-7.61000
1.70000,-0.76000,-2.28000,0.00000,0.00000,-0.84000,-2.02000,17.48000,-19.72000
1.70000,-0.76000,-2.28000,0.00000,0.00000,-0.84000,-2.02000,17.48000,-19.72000
1.70000,-0.76000,-2.28000,0.00000,0.00000,-0.84000,-2.02000,12.42000,-31.83000
1.70000,-0.76000,-2.28000,0.00000,0.00000,-0.84000,-2.02000,12.42000,-31.83000
1.70000,-0.76000,-2.28000,0.00000,0.00000,-0.84000,-2.02000,7.36000,-43.94000
1.70000,-0.76000,-2.28000,0.00000,0.00000,-0.84000,-2.02000,7.36000,-43.94000
1.70000,-0.76000,-2.28000,0.00000,0.00000,-0.84000,-2.02000,2.30000,-56.05000
1.70000,-0.76000,-2.28000,0.00000,0.00000,-0.84000,-2.02000,2.30000,-56.05000
1.70000,-0.76000,-2.28000,0.00000,0.00000,-0.84000,-2.02000,-2.77000,-68.16000
1.70000,-0.76000,-2.28000,0.00000,0.00000,-0.84000,-2.02000,-2.77000,-68.16000
1.70000,-0.76000,-2.28000,0.00000,0.00000,-0.84000,-2.02000,-7.83000,-80.27000
1.70000,-0.76000,-2.28000,0.00000,0.00000,-0.84000,-2.02000,-7.83000,-80.27000
1.70000,-0.76000,-2.28000,0.00000,0.00000,-0.84000,-2.02000,-12.89000,-92.38000
1.70000,-0.76000,-2.28000,0.00000,0.00000,-0.84000,-2.02000,-12.89000,-92.38000
1.70000,-0.76000,-2.28000,0.00000,0.00000,-0.84000,-2.02000,-17.95000,-104.49000
1.70000,-0.76000,-2.28000,0.00000,0.00000,-0.84000,-2.02000,-17.95000,-104.49000
1.70000,-0.76000,-2.28000,0.00000,0.00000,-0.84000,-2.02000,-23.01000,-116.60000
1.70000,-0.76000,-2.28000,0.00000,0.00000,-0.84000,-2.02000,-23.01000,-116.60000
1.70000,-0.76000,-2.28000,0.00000,0.00000,-0.84000,-2.02000,-28.08000,-128.71000
1.70000,-0.76000,-2.28000,0.00000,0.00000,-0.84000,-2.02000,-28.08000,-128.71000
1.70000,-0.76000,-2.28000,-0.02000,0.00000,-0.84000,-2.02000,-33.14000,-140.82000
1.70000,-0.76000,-2.28000,0.00000,0.00000,-0.84000,-2.02000,-33.14000,-140.82000
1.70000,-0.76000,-2.28000,0.00000,0.00000,-0.84000,-2.02000,-38.19000,-152.91000
1.70000,-0.76000,-2.28000,0.00000,0.00000,-0.84000,-2.02000,-38.19000,-152.91000
1.70000,-0.76000,-2.28000,0.00000,0.00000,-0.84000,-2.02000,-43.24000,-165.01000
1.70000,-0.76000,-2.28000,-0.02000,0.00000,-0.84000,-2.02000,-43.24000,-165.01000
1.70000,-0.76000,-2.28000,0.00000,0.00000,-0.84000,-2.02000,-47.97000,-177.09000
1.70000,-0.76000,-2.28000,0.00000,0.00000,-0.84000,-2.02000,-47.97000,-177.09000
1.70000,-0.76000,-2.28000,0.00000,0.00000,-0.84000,-2.02000,-53.21000,-189.18000
1.70000,-0.76000,-2.28000,0.00000,0.00000,-0.84000,-2.02000,-53.21000,-189.18000
1.70000,-0.76000,-2.28000,0.00000,0.00000,-0.84000,-2.02000,-58.26000,-201.27000
1.70000,-0.76000,-2.28000,0.00000,0.00000,-0.84000,-2.02000,-58.26000,-201.27000
1.70000,-0.76000,-2.28000,0.00000,0.00000,-0.84000,-2.02000,-63.31000,-213.36000
1.70000,-0.76000,-2.28000,0.00000,0.00000,-0.84000,-2.02000,-63.31000,-213.36000
1.70000,-0.76000,-2.28000,0.00000,0.00000,-0.84000,-2.02000,-68.36000,-225.45000
1.70000,-0.76000,-2.28000,0.00000,0.00000,-0.84000,-2.02000,-68.36000,-225.45000
1.70000,-0.76000,-2.28000,0.00000,0.00000,-0.84000,-2.02000,-73.41000,-237.54000
1.70000,-0.76000,-2.28000,0.00000,0.00000,-0.84000,-2.02000,-73.41000,-237.54000
1.70000,-0.76000,-2.28000,0.00000,0.00000,-0.84000,-2.02000,-78.46000,-249.63000
1.70000,-0.76000,-2.28000,0.00000,0.00000,-0.84000,-2.02000,-78.46000,-249.63000
1.70000,-0.76000,-2.28000,0.00000,0.00000,-0.84000,-2.02000,-83.51000,-255.00000
1.70000,-0.76000,-2.28000,0.00000,0.00000,-0.84000,-2.02000,-83.51000,-255.00000
1.70000,-0.76000,-2.28000,0.00000,0.00000,-0.84000,-2.02000,-88.56000,-255.00000
1.70000,-0.76000,-2.28000,0.00000,0.00000,-0.84000,-2.02000,-88.56000,-255.00000
1.70000,-0.76000,-2.28000,0.00000,0.00000,-0.84000,-2.02000,-93.61000,-255.00000
1.70000,-0.76000,-2.28000,0.00000,0.00000,-0.84000,-2.02000,-93.61000,-255.00000
1.70000,-0.76000,-2.28000,0.00000,0.00000,-0.84000,-2.02000,-98.67000,-255.00000
1.70000,-0.76000,-2.28000,0.00000,0.00000,-0.84000,-2.02000,-98.67000,-255.00000
1.70000,-0.76000,-2.28000,0.00000,0.00000,-0.84000,-2.02000,-103.72000,-255.00000
1.70000,-0.76000,-2.28000,0.00000,0.00000,-0.84000,-2.02000,-103.72000,-255.00000
1.70000,-0.76000,-2.28000,0.00000,0.00000,-0.84000,-2.02000,-108.77000,-255.00000
1.70000,-0.76000,-2.28000,0.00000,0.00000,-0.84000,-2.02000,-108.77000,-255.00000
1.70000,-0.76000,-2.28000,0.00000,0.00000,-0.84000,-2.02000,-113.82000,-255.00000
1.70000,-0.76000,-2.28000,0.00000,0.00000,-0.84000,-2.02000,-113.82000,-255.00000
1.70000,-0.76000,-2.28000,-0.02000,0.00000,-0.84000,-2.02000,-118.87000,-255.00000
1.70000,-0.76000,-2.28000,0.00000,0.00000,-0.84000,-2.01000,-118.87000,-255.00000
1.70000,-0.76000,-2.28000,0.00000,0.00000,-0.84000,-2.01000,-123.90000,-255.00000
1.70000,-0.76000,-2.28000,0.00000,0.00000,-0.84000,-2.01000,-123.90000,-255.00000
1.70000,-0.76000,-2.28000,0.00000,0.00000,-0.84000,-2.01000,-128.95000,-255.00000
1.70000,-0.76000,-2.28000,-0.02000,0.00000,-0.84000,-2.01000,-128.95000,-255.00000
1.70000,-0.76000,-2.28000,0.00000,0.00000,-0.84000,-2.01000,-133.67000,-255.00000
1.70000,-0.76000,-2.28000,0.00000,0.00000,-0.84000,-2.01000,-133.67000,-255.00000
1.70000,-0.76000,-2.28000,-0.15000,0.00000,-0.84000,-2.01000,-138.89000,-255.00000
1.70000,-0.76000,-2.29000,-0.46000,0.00000,-0.83000,-2.00000,-138.89000,-255.00000
1.70000,-0.76000,-2.30000,-0.60000,0.00000,-0.81000,-1.96000,-136.56000,-255.00000
1.70000,-0.76000,-2.31000,-0.69000,0.00000,-0.76000,-1.89000,-136.56000,-255.00000
1.70000,-0.76000,-2.32000,-0.69000,0.00000,-0.68000,-1.79000,-133.35000,-255.00000
1.70000,-0.76000,-2.34000,-0.71000,0.00000,-0.58000,-1.66000,-133.35000,-255.00000
1.70000,-0.76000,-2.35000,-0.71000,0.00000,-0.44000,-1.49000,-129.47000,-255.00000
1.70000,-0.76000,-2.36000,-0.69000,0.00000,-0.28000,-1.30000,-129.47000,-255.00000
1.71000,-0.76000,-2.37000,-0.69000,0.00000,-0.11000,-1.13000,-123.16000,-255.00000
1.71000,-0.76000,-2.38000,-0.62000,0.00000,0.05000,-0.97000,-123.16000,-255.00000
1.71000,-0.75000,-2.40000,-0.58000,0.00000,0.17000,-0.86000,-116.42000,-255.00000
1.71000,-0.75000,-2.40000,-0.52000,0.00000,0.26000,-0.77000,-116.42000,-255.00000
1.71000,-0.75000,-2.41000,-0.44000,0.00000,0.33000,-0.71000,-110.89000,-255.00000
1.71000,-0.75000,-2.42000,-0.35000,0.00000,0.37000,-0.67000,-110.89000,-255.00000
1.71000,-0.75000,-2.42000,-0.27000,0.00000,0.39000,-0.64000,-107.31000,-255.00000
1.71000,-0.75000,-2.43000,-0.17000,0.00000,0.41000,-0.62000,-107.31000,-255.00000
1.71000,-0.75000,-2.43000,-0.23000,0.00000,0.42000,-0.61000,-105.25000,-255.00000
1.71000,-0.75000,-2.43000,-0.19000,0.00000,0.43000,-0.60000,-105.25000,-255.00000
1.71000,-0.75000,-2.44000,-0.08000,0.00000,0.44000,-0.58000,-101.18000,-255.00000
1.71000,-0.75000,-2.44000,-0.10000,0.00000,0.44000,-0.58000,-101.18000,-255.00000
1.71000,-0.75000,-2.44000,-0.06000,0.00000,0.44000,-0.57000,-98.61000,-255.00000
1.71000,-0.75000,-2.44000,0.00000,0.00000,0.44000,-0.57000,-98.61000,-255.00000
1.71000,-0.75000,-2.44000,0.00000,0.00000,0.44000,-0.57000,-96.88000,-255.00000
1.71000,-0.75000,-2.44000,0.00000,0.00000,0.44000,-0.57000,-96.88000,-255.00000
1.71000,-0.75000,-2.44000,0.00000,0.00000,0.44000,-0.57000,-94.23000,-255.00000
1.71000,-0.75000,-2.44000,-0.02000,0.00000,0.44000,-0.57000,-94.23000,-255.00000
1.71000,-0.75000,-2.44000,-0.02000,0.00000,0.44000,-0.57000,-91.25000,-255.00000
1.71000,-0.75000,-2.44000,0.00000,0.00000,0.44000,-0.57000,-91.25000,-255.00000
1.71000,-0.75000,-2.44000,0.00000,0.00000,0.44000,-0.57000,-88.78000,-255.00000
1.71000,-0.75000,-2.44000,0.00000,0.00000,0.44000,-0.57000,-88.78000,-255.00000
1.71000,-0.75000,-2.44000,-0.02000,0.00000,0.44000,-0.57000,-86.12000,-255.00000
1.71000,-0.75000,-2.44000,-0.02000,0.00000,0.44000,-0.57000,-86.12000,-255.00000
1.71000,-0.75000,-2.44000,-0.02000,0.00000,0.44000,-0.57000,-83.13000,-255.00000
1.71000,-0.75000,-2.44000,-0.02000,0.00000,0.44000,-0.56000,-83.13000,-255.00000
1.71000,-0.75000,-2.44000,0.00000,0.00000,0.44000,-0.56000,-80.33000,-255.00000
1.71000,-0.75000,-2.44000,0.00000,0.00000,0.44000,-0.56000,-80.33000,-255.00000
1.71000,-0.75000,-2.44000,0.00000,0.00000,0.44000,-0.56000,-77.85000,-255.00000
1.71000,-0.75000,-2.44000,0.00000,0.00000,0.44000,-0.56000,-77.85000,-255.00000
1.71000,-0.75000,-2.44000,0.00000,0.00000,0.44000,-0.56000,-75.18000,-255.00000
1.71000,-0.75000,-2.44000,0.00000,0.00000,0.44000,-0.56000,-75.18000,-255.00000
1.71000,-0.75000,-2.44000,0.00000,0.00000,0.44000,-0.56000,-72.51000,-255.00000
1.71000,-0.75000,-2.44000,0.00000,0.00000,0.44000,-0.56000,-72.51000,-255.00000
1.71000,-0.75000,-2.44000,0.00000,0.00000,0.44000,-0.56000,-69.84000,-255.00000
1.71000,-0.75000,-2.44000,0.00000,0.00000,0.44000,-0.56000,-69.84000,-255.00000
1.71000,-0.75000,-2.44000,0.00000,0.00000,0.44000,-0.56000,-67.18000,-255.00000
1.71000,-0.75000,-2.44000,0.00000,0.00000,0.44000,-0.56000,-67.18000,-255.00000
1.71000,-0.75000,-2.44000,0.00000,0.00000,0.44000,-0.56000,-64.51000,-255.00000
1.71000,-0.75000,-2.44000,0.00000,0.00000,0.44000,-0.56000,-64.51000,-255.00000
1.71000,-0.75000,-2.44000,0.00000,0.00000,0.44000,-0.56000,-61.84000,-255.00000
1.71000,-0.75000,-2.44000,0.00000,0.00000,0.44000,-0.56000,-61.84000,-255.00000
1.71000,-0.75000,-2.44000,0.00000,0.00000,0.44000,-0.56000,-59.17000,-255.00000
1.71000,-0.75000,-2.44000,0.00000,0.00000,0.44000,-0.56000,-59.17000,-255.00000
1.71000,-0.75000,-2.44000,0.00000,0.00000,0.44000,-0.56000,-56.50000,-255.00000
1.71000,-0.75000,-2.44000,0.00000,0.00000,0.44000,-0.56000,-56.50000,-255.00000
1.71000,-0.75000,-2.44000,0.00000,0.00000,0.44000,-0.56000,-53.83000,-255.00000
1.71000,-0.75000,-2.44000,0.00000,0.00000,0.44000,-0.56000,-53.83000,-255.00000
1.71000,-0.75000,-2.44000,0.00000,0.00000,0.44000,-0.56000,-51.16000,-255.00000
1.71000,-0.75000,-2.44000,0.00000,0.00000,0.44000,-0.56000,-51.16000,-255.00000
1.71000,-0.75000,-2.44000,0.00000,0.00000,0.44000,-0.56000,-48.49000,-255.00000
1.71000,-0.75000,-2.44000,0.00000,0.00000,0.44000,-0.56000,-48.49000,-255.00000
1.71000,-0.75000,-2.44000,0.00000,0.00000,0.44000,-0.56000,-45.82000,-255.00000
1.71000,-0.75000,-2.44000,0.00000,0.00000,0.44000,-0.56000,-45.82000,-255.00000
1.71000,-0.75000,-2.44000,0.00000,0.00000,0.44000,-0.56000,-43.15000,-255.00000
1.71000,-0.75000,-2.44000,0.00000,0.00000,0.44000,-0.56000,-43.15000,-255.00000
1.71000,-0.75000,-2.44000,0.00000,0.00000,0.44000,-0.56000,-40.48000,-255.00000
1.71000,-0.75000,-2.44000,0.00000,0.00000,0.44000,-0.56000,-40.48000,-255.00000
1.71000,-0.75000,-2.44000,0.00000,0.00000,0.44000,-0.56000,-37.82000,-255.00000
1.71000,-0.75000,-2.44000,0.00000,0.00000,0.44000,-0.56000,-37.82000,-255.00000
1.71000,-0.75000,-2.44000,0.00000,0.00000,0.44000,-0.56000,-35.15000,-255.00000
1.71000,-0.75000,-2.44000,0.00000,0.00000,0.44000,-0.56000,-35.15000,-255.00000
1.71000,-0.75000,-2.44000,0.00000,0.00000,0.44000,-0.56000,-32.48000,-255.00000
1.71000,-0.75000,-2.44000,0.00000,0.00000,0.44000,-0.56000,-32.48000,-255.00000
1.71000,-0.75000,-2.44000,0.00000,0.00000,0.44000,-0.56000,-29.81000,-255.00000
1.71000,-0.75000,-2.44000,0.00000,0.00000,0.44000,-0.56000,-29.81000,-255.00000
1.71000,-0.75000,-2.44000,0.00000,0.00000,0.44000,-0.56000,-27.14000,-255.00000
1.71000,-0.75000,-2.44000,0.00000,0.00000,0.44000,-0.56000,-27.14000,-255.00000
1.71000,-0.75000,-2.44000,0.00000,0.00000,0.44000,-0.56000,-24.47000,-255.00000
1.71000,-0.75000,-2.44000,0.00000,0.00000,0.44000,-0.56000,-24.47000,-255.00000
1.71000,-0.75000,-2.44000,0.00000,0.00000,0.44000,-0.56000,-21.80000,-255.00000
1.71000,-0.75000,-2.44000,0.00000,0.00000,0.44000,-0.56000,-21.80000,-255.00000
1.71000,-0.75000,-2.44000,0.00000,0.00000,0.44000,-0.56000,-19.13000,-255.00000
1.71000,-0.75000,-2.44000,0.00000,0.00000,0.44000,-0.56000,-19.13000,-255.00000
1.71000,-0.75000,-2.44000,0.00000,0.00000,0.44000,-0.56000,-16.46000,-255.00000
1.71000,-0.75000,-2.44000,0.00000,0.00000,0.44000,-0.56000,-16.46000,-255.00000
1.71000,-0.75000,-2.44000,0.00000,0.00000,0.44000,-0.56000,-13.79000,-255.00000
1.71000,-0.75000,-2.44000,0.00000,0.00000,0.44000,-0.56000,-13.79000,-255.00000
1.71000,-0.75000,-2.44000,0.00000,0.00000,0.44000,-0.56000,-11.12000,-255.00000
1.71000,-0.75000,-2.44000,0.00000,0.00000,0.44000,-0.56000,-11.12000,-255.00000
1.71000,-0.75000,-2.44000,0.00000,0.00000,0.44000,-0.56000,-8.45000,-255.00000
1.71000,-0.75000,-2.44000,0.00000,0.00000,0.44000,-0.56000,-8.45000,-255.00000
1.71000,-0.75000,-2.44000,0.00000,0.00000,0.44000,-0.56000,-5.79000,-255.00000
1.71000,-0.75000,-2.44000,0.00000,0.00000,0.44000,-0.56000,-5.79000,-255.00000
1.71000,-0.75000,-2.44000,0.00000,0.00000,0.44000,-0.56000,-3.12000,-255.00000
1.71000,-0.75000,-2.44000,0.00000,0.00000,0.44000,-0.56000,-3.12000,-255.00000
1.71000,-0.75000,-2.44000,0.00000,0.00000,0.44000,-0.56000,-0.45000,-255.00000
1.71000,-0.75000,-2.44000,0.00000,0.00000,0.44000,-0.56000,-0.45000,-255.00000
1.71000,-0.75000,-2.44000,0.00000,0.00000,0.44000,-0.56000,2.22000,-255.00000
1.71000,-0.75000,-2.44000,0.00000,0.00000,0.44000,-0.56000,2.22000,-255.00000
1.71000,-0.75000,-2.44000,0.00000,0.00000,0.44000,-0.56000,4.89000,-255.00000
1.71000,-0.75000,-2.44000,0.00000,0.00000,0.44000,-0.56000,4.89000,-255.00000
1.71000,-0.75000,-2.44000,0.00000,0.00000,0.44000,-0.56000,7.56000,-255.00000
1.71000,-0.75000,-2.44000,0.00000,0.00000,0.44000,-0.56000,7.56000,-255.00000
1.71000,-0.75000,-2.44000,0.00000,0.00000,0.44000,-0.56000,10.23000,-255.00000
1.71000,-0.75000,-2.44000,0.00000,0.00000,0.44000,-0.56000,10.23000,-255.00000
1.71000,-0.75000,-2.44000,0.00000,0.00000,0.44000,-0.56000,12.90000,-255.00000
1.71000,-0.75000,-2.44000,0.00000,0.00000,0.44000,-0.56000,12.90000,-255.00000
1.71000,-0.75000,-2.44000,0.00000,0.00000,0.44000,-0.56000,15.57000,-255.00000
1.71000,-0.75000,-2.44000,0.00000,0.00000,0.44000,-0.56000,15.57000,-255.00000
1.71000,-0.75000,-2.44000,0.00000,0.00000,0.44000,-0.56000,18.24000,-255.00000
1.71000,-0.75000,-2.44000,0.00000,0.00000,0.44000,-0.56000,18.24000,-255.00000
1.71000,-0.75000,-2.44000,0.00000,0.00000,0.44000,-0.56000,20.91000,-255.00000
1.71000,-0.75000,-2.44000,0.00000,0.00000,0.44000,-0.56000,20.91000,-255.00000
1.71000,-0.75000,-2.44000,0.00000,0.00000,0.44000,-0.56000,23.57000,-255.00000
1.71000,-0.75000,-2.44000,0.00000,0.00000,0.44000,-0.56000,23.57000,-255.00000
1.71000,-0.75000,-2.44000,0.00000,0.00000,0.44000,-0.56000,26.24000,-255.00000
1.71000,-0.75000,-2.44000,0.00000,0.00000,0.44000,-0.56000,26.24000,-255.00000
1.71000,-0.75000,-2.44000,0.00000,0.00000,0.44000,-0.56000,28.91000,-255.00000
1.71000,-0.75000,-2.44000,0.00000,0.00000,0.44000,-0.56000,28.91000,-255.00000
1.71000,-0.75000,-2.44000,0.00000,0.00000,0.44000,-0.56000,31.58000,-255.00000
1.71000,-0.75000,-2.44000,0.00000,0.00000,0.44000,-0.56000,31.58000,-255.00000
1.71000,-0.75000,-2.44000,0.00000,0.00000,0.44000,-0.56000,34.25000,-255.00000
1.71000,-0.75000,-2.44000,0.00000,0.00000,0.44000,-0.56000,34.25000,-255.00000
1.71000,-0.75000,-2.44000,0.00000,0.00000,0.44000,-0.56000,36.92000,-255.00000
1.71000,-0.75000,-2.44000,0.00000,0.00000,0.44000,-0.56000,36.92000,-255.00000
1.71000,-0.75000,-2.44000,0.00000,0.00000,0.44000,-0.56000,39.59000,-255.00000
1.71000,-0.75000,-2.44000,0.00000,0.00000,0.44000,-0.56000,39.59000,-255.00000
1.71000,-0.75000,-2.44000,0.00000,0.00000,0.44000,-0.56000,42.26000,-255.00000
1.71000,-0.75000,-2.44000,0.00000,0.00000,0.44000,-0.56000,42.26000,-255.00000
1.71000,-0.75000,-2.44000,0.00000,0.00000,0.44000,-0.56000,44.93000,-255.00000
1.71000,-0.75000,-2.44000,0.00000,0.00000,0.44000,-0.56000,44.93000,-255.00000
1.71000,-0.75000,-2.44000,0.00000,0.00000,0.44000,-0.56000,47.60000,-255.00000
1.71000,-0.75000,-2.44000,0.00000,0.00000,0.44000,-0.56000,47.60000,-255.00000
1.71000,-0.75000,-2.44000,0.00000,0.00000,0.44000,-0.56000,50.27000,-255.00000
1.71000,-0.75000,-2.44000,0.00000,0.00000,0.44000,-0.56000,50.27000,-255.00000
1.71000,-0.75000,-2.44000,0.00000,0.00000,0.44000,-0.56000,52.94000,-255.00000
1.71000,-0.75000,-2.44000,0.00000,0.00000,0.44000,-0.56000,52.94000,-255.00000
1.71000,-0.75000,-2.44000,0.00000,0.00000,0.44000,-0.56000,55.60000,-255.00000
1.71000,-0.75000,-2.44000,0.00000,0.00000,0.44000,-0.56000,55.60000,-255.00000
1.71000,-0.75000,-2.44000,0.00000,0.00000,0.44000,-0.56000,58.27000,-255.00000
1.71000,-0.75000,-2.44000,0.00000,0.00000,0.44000,-0.56000,58.27000,-255.00000
1.71000,-0.75000,-2.44000,0.00000,0.00000,0.44000,-0.56000,60.94000,-255.00000
1.71000,-0.75000,-2.44000,0.00000,0.00000,0.44000,-0.56000,60.94000,-255.00000
1.71000,-0.75000,-2.44000,0.00000,0.00000,0.44000,-0.56000,63.61000,-255.00000
1.71000,-0.75000,-2.44000,0.00000,0.00000,0.44000,-0.56000,63.61000,-255.00000
1.71000,-0.75000,-2.44000,0.00000,0.00000,0.44000,-0.56000,66.28000,-255.00000
1.71000,-0.75000,-2.44000,0.00000,0.00000,0.44000,-0.56000,66.28000,-255.00000
1.71000,-0.75000,-2.44000,0.02000,0.00000,0.44000,-0.56000,68.95000,-255.00000
1.71000,-0.75000,-2.44000,0.00000,0.00000,0.44000,-0.56000,68.95000,-255.00000
1.71000,-0.75000,-2.44000,0.00000,0.00000,0.44000,-0.56000,71.61000,-255.00000
1.71000,-0.75000,-2.44000,0.00000,0.00000,0.44000,-0.56000,71.61000,-255.00000
1.71000,-0.75000,-2.44000,0.00000,0.00000,0.44000,-0.56000,74.28000,-255.00000
1.71000,-0.75000,-2.44000,0.00000,0.00000,0.44000,-0.56000,74.28000,-255.00000
1.71000,-0.75000,-2.44000,0.00000,0.00000,0.44000,-0.56000,76.95000,-255.00000
1.71000,-0.75000,-2.44000,0.00000,0.00000,0.44000,-0.56000,76.95000,-255.00000
1.71000,-0.75000,-2.44000,0.00000,0.00000,0.44000,-0.56000,79.61000,-255.00000
1.71000,-0.75000,-2.44000,0.00000,0.00000,0.44000,-0.56000,79.61000,-255.00000
1.71000,-0.75000,-2.44000,0.00000,0.00000,0.44000,-0.56000,82.28000,-255.00000
1.71000,-0.75000,-2.44000,0.00000,0.00000,0.44000,-0.56000,82.28000,-255.00000
1.71000,-0.75000,-2.44000,0.00000,0.00000,0.44000,-0.56000,84.95000,-255.00000
1.71000,-0.75000,-2.44000,0.00000,0.00000,0.44000,-0.56000,84.95000,-255.00000
1.71000,-0.75000,-2.44000,0.00000,0.00000,0.44000,-0.56000,87.61000,-255.00000
1.71000,-0.75000,-2.44000,0.00000,0.00000,0.44000,-0.56000,87.61000,-255.00000
1.71000,-0.75000,-2.44000,0.00000,0.00000,0.44000,-0.56000,90.28000,-255.00000
1.71000,-0.75000,-2.44000,0.00000,0.00000,0.44000,-0.56000,90.28000,-255.00000
1.71000,-0.75000,-2.44000,0.00000,0.00000,0.44000,-0.56000,92.95000,-255.00000
1.71000,-0.75000,-2.44000,0.00000,0.00000,0.44000,-0.56000,92.95000,-255.00000
1.71000,-0.75000,-2.44000,0.00000,0.00000,0.44000,-0.56000,95.62000,-255.00000
1.71000,-0.75000,-2.44000,0.00000,0.00000,0.44000,-0.56000,95.62000,-255.00000
1.71000,-0.75000,-2.44000,0.00000,0.00000,0.44000,-0.56000,98.28000,-255.00000
1.71000,-0.75000,-2.44000,0.00000,0.00000,0.44000,-0.56000,98.28000,-255.00000
1.71000,-0.75000,-2.44000,0.00000,0.00000,0.44000,-0.56000,100.95000,-255.00000
1.71000,-0.75000,-2.44000,0.00000,0.00000,0.44000,-0.56000,100.95000,-255.00000
1.71000,-0.75000,-2.44000,0.00000,0.00000,0.44000,-0.56000,103.62000,-255.00000
1.71000,-0.75000,-2.44000,0.02000,0.00000,0.44000,-0.56000,103.62000,-255.00000
1.71000,-0.75000,-2.44000,0.00000,0.00000,0.44000,-0.57000,105.97000,-255.00000
1.71000,-0.75000,-2.44000,0.00000,0.00000,0.44000,-0.57000,105.97000,-255.00000
1.71000,-0.75000,-2.44000,0.00000,0.00000,0.44000,-0.57000,108.82000,-255.00000
1.71000,-0.75000,-2.44000,0.00000,0.00000,0.44000,-0.57000,108.82000,-255.00000
1.71000,-0.75000,-2.44000,0.00000,0.00000,0.44000,-0.57000,111.48000,-255.00000
1.71000,-0.75000,-2.44000,0.00000,0.00000,0.44000,-0.57000,111.48000,-255.00000
1.71000,-0.75000,-2.44000,0.00000,0.00000,0.44000,-0.57000,114.15000,-255.00000
1.71000,-0.75000,-2.44000,0.00000,0.00000,0.44000,-0.57000,114.15000,-255.00000
1.71000,-0.75000,-2.44000,0.00000,0.00000,0.44000,-0.57000,116.81000,-255.00000
1.71000,-0.75000,-2.44000,0.00000,0.00000,0.44000,-0.57000,116.81000,-255.00000
1.71000,-0.75000,-2.44000,0.00000,0.00000,0.44000,-0.57000,119.47000,-255.00000
1.71000,-0.75000,-2.44000,0.00000,0.00000,0.44000,-0.57000,119.47000,-255.00000
1.71000,-0.75000,-2.44000,0.00000,0.00000,0.44000,-0.57000,122.14000,-255.00000
1.71000,-0.75000,-2.44000,0.00000,0.00000,0.44000,-0.57000,122.14000,-255.00000
1.71000,-0.75000,-2.44000,0.00000,0.00000,0.44000,-0.57000,124.80000,-255.00000
1.71000,-0.75000,-2.44000,0.00000,0.00000,0.44000,-0.57000,124.80000,-255.00000
1.71000,-0.75000,-2.44000,0.00000,0.00000,0.44000,-0.57000,127.47000,-255.00000
1.71000,-0.75000,-2.44000,0.00000,0.00000,0.44000,-0.57000,127.47000,-255.00000
1.71000,-0.75000,-2.44000,0.00000,0.00000,0.44000,-0.57000,130.13000,-255.00000
1.71000,-0.75000,-2.44000,0.00000,0.00000,0.44000,-0.57000,130.13000,-255.00000
1.71000,-0.75000,-2.44000,0.00000,0.00000,0.44000,-0.57000,132.80000,-255.00000
1.71000,-0.75000,-2.44000,0.00000,0.00000,0.44000,-0.57000,132.80000,-255.00000
1.71000,-0.75000,-2.44000,0.00000,0.00000,0.44000,-0.57000,135.46000,-255.00000
1.71000,-0.75000,-2.44000,0.00000,0.00000,0.44000,-0.57000,135.46000,-255.00000
1.71000,-0.75000,-2.44000,0.25000,0.00000,0.44000,-0.57000,138.13000,-255.00000
1.71000,-0.75000,-2.43000,0.27000,0.00000,0.44000,-0.58000,138.13000,-255.00000
1.71000,-0.75000,-2.43000,0.31000,0.00000,0.43000,-0.60000,136.52000,-255.00000
1.71000,-0.75000,-2.42000,0.25000,0.00000,0.41000,-0.62000,136.52000,-255.00000
1.71000,-0.75000,-2.41000,0.33000,0.00000,0.40000,-0.63000,137.35000,-255.00000
1.71000,-0.75000,-2.41000,0.33000,0.00000,0.38000,-0.66000,137.35000,-255.00000
1.71000,-0.75000,-2.40000,0.35000,0.00000,0.35000,-0.69000,136.25000,-255.00000
1.71000,-0.75000,-2.40000,0.39000,0.00000,0.31000,-0.73000,136.25000,-255.00000
1.71000,-0.76000,-2.39000,0.37000,0.00000,0.26000,-0.77000,134.12000,-255.00000
1.71000,-0.76000,-2.38000,0.37000,0.00000,0.21000,-0.83000,134.12000,-255.00000
1.71000,-0.76000,-2.38000,0.33000,0.00000,0.14000,-0.89000,131.83000,-255.00000
1.70000,-0.76000,-2.37000,0.35000,0.00000,0.08000,-0.95000,131.83000,-255.00000
1.70000,-0.76000,-2.36000,0.31000,0.00000,0.00000,-1.02000,128.66000,-255.00000
1.70000,-0.76000,-2.36000,0.27000,0.00000,-0.07000,-1.09000,128.66000,-255.00000
1.70000,-0.76000,-2.35000,0.31000,0.00000,-0.14000,-1.16000,125.64000,-255.00000
1.70000,-0.76000,-2.35000,0.17000,0.00000,-0.22000,-1.23000,125.64000,-255.00000
1.70000,-0.76000,-2.35000,0.08000,0.00000,-0.27000,-1.28000,122.87000,-255.00000
1.70000,-0.76000,-2.34000,0.25000,0.00000,-0.29000,-1.30000,122.87000,-255.00000
1.70000,-0.76000,-2.34000,0.00000,0.00000,-0.34000,-1.37000,117.85000,-255.00000
1.70000,-0.76000,-2.34000,0.00000,0.00000,-0.34000,-1.37000,117.85000,-255.00000
1.70000,-0.76000,-2.34000,0.00000,0.00000,-0.34000,-1.37000,118.03000,-255.00000
1.70000,-0.76000,-2.34000,0.04000,0.00000,-0.34000,-1.37000,118.03000,-255.00000
1.70000,-0.76000,-2.34000,0.12000,0.00000,-0.35000,-1.38000,115.19000,-255.00000
1.70000,-0.76000,-2.34000,0.00000,0.00000,-0.38000,-1.42000,115.19000,-255.00000
1.70000,-0.76000,-2.34000,0.00000,0.00000,-0.38000,-1.42000,113.01000,-255.00000
1.70000,-0.76000,-2.34000,0.00000,0.00000,-0.38000,-1.42000,113.01000,-255.00000
1.70000,-0.76000,-2.34000,0.00000,0.00000,-0.38000,-1.42000,110.71000,-255.00000
1.70000,-0.76000,-2.34000,0.00000,0.00000,-0.38000,-1.42000,110.71000,-255.00000
1.70000,-0.76000,-2.34000,0.00000,0.00000,-0.38000,-1.42000,108.41000,-255.00000
1.70000,-0.76000,-2.34000,0.00000,0.00000,-0.38000,-1.42000,108.41000,-255.00000
1.70000,-0.76000,-2.34000,0.00000,0.00000,-0.38000,-1.42000,106.11000,-255.00000
1.70000,-0.76000,-2.34000,0.00000,0.00000,-0.38000,-1.42000,106.11000,-255.00000
1.70000,-0.76000,-2.34000,0.00000,0.00000,-0.38000,-1.42000,103.81000,-255.00000
1.70000,-0.76000,-2.34000,0.00000,0.00000,-0.38000,-1.42000,103.81000,-255.00000
1.70000,-0.76000,-2.34000,0.00000,0.00000,-0.38000,-1.42000,101.51000,-255.00000
1.70000,-0.76000,-2.34000,0.00000,0.00000,-0.38000,-1.42000,101.51000,-255.00000
1.70000,-0.76000,-2.34000,0.00000,0.00000,-0.38000,-1.42000,99.22000,-255.00000
1.70000,-0.76000,-2.34000,0.00000,0.00000,-0.38000,-1.42000,99.22000,-255.00000
1.70000,-0.76000,-2.34000,0.00000,0.00000,-0.38000,-1.42000,96.92000,-255.00000
1.70000,-0.76000,-2.34000,0.00000,0.00000,-0.38000,-1.42000,96.92000,-255.00000
1.70000,-0.76000,-2.34000,0.00000,0.00000,-0.38000,-1.42000,94.62000,-255.00000
1.70000,-0.76000,-2.34000,0.00000,0.00000,-0.38000,-1.42000,94.62000,-255.00000
1.70000,-0.76000,-2.34000,0.00000,0.00000,-0.38000,-1.42000,92.32000,-255.00000
1.70000,-0.76000,-2.34000,0.00000,0.00000,-0.38000,-1.42000,92.32000,-255.00000
1.70000,-0.76000,-2.34000,0.00000,0.00000,-0.38000,-1.42000,90.02000,-255.00000
1.70000,-0.76000,-2.34000,0.00000,0.00000,-0.38000,-1.42000,90.02000,-255.00000
1.70000,-0.76000,-2.34000,0.00000,0.00000,-0.38000,-1.42000,87.72000,-255.00000
1.70000,-0.76000,-2.34000,0.00000,0.00000,-0.38000,-1.42000,87.72000,-255.00000
1.70000,-0.76000,-2.34000,0.00000,0.00000,-0.38000,-1.42000,85.42000,-255.00000
1.70000,-0.76000,-2.34000,0.00000,0.00000,-0.38000,-1.42000,85.42000,-255.00000
1.70000,-0.76000,-2.34000,0.00000,0.00000,-0.38000,-1.42000,83.12000,-255.00000
1.70000,-0.76000,-2.34000,0.00000,0.00000,-0.38000,-1.42000,83.12000,-255.00000
1.70000,-0.76000,-2.34000,0.00000,0.00000,-0.38000,-1.42000,80.83000,-255.00000
1.70000,-0.76000,-2.34000,0.00000,0.00000,-0.38000,-1.42000,80.83000,-255.00000
1.70000,-0.76000,-2.34000,0.00000,0.00000,-0.38000,-1.42000,78.53000,-255.00000
1.70000,-0.76000,-2.34000,0.00000,0.00000,-0.38000,-1.42000,78.53000,-255.00000
1.70000,-0.76000,-2.34000,0.00000,0.00000,-0.38000,-1.42000,76.23000,-255.00000
1.70000,-0.76000,-2.34000,0.00000,0.00000,-0.38000,-1.42000,76.23000,-255.00000
1.70000,-0.76000,-2.34000,0.00000,0.00000,-0.38000,-1.42000,73.93000,-255.00000
1.70000,-0.76000,-2.34000,0.00000,0.00000,-0.38000,-1.42000,73.93000,-255.00000
1.70000,-0.76000,-2.34000,0.00000,0.00000,-0.38000,-1.42000,71.63000,-255.00000
1.70000,-0.76000,-2.34000,0.00000,0.00000,-0.38000,-1.42000,71.63000,-255.00000
1.70000,-0.76000,-2.34000,0.00000,0.00000,-0.38000,-1.42000,69.33000,-255.00000
1.70000,-0.76000,-2.34000,0.00000,0.00000,-0.38000,-1.42000,69.33000,-255.00000
1.70000,-0.76000,-2.34000,0.00000,0.00000,-0.38000,-1.42000,67.03000,-255.00000
1.70000,-0.76000,-2.34000,0.00000,0.00000,-0.38000,-1.42000,67.03000,-255.00000
1.70000,-0.76000,-2.34000,0.00000,0.00000,-0.38000,-1.42000,64.74000,-255.00000
1.70000,-0.76000,-2.34000,0.00000,0.00000,-0.38000,-1.42000,64.74000,-255.00000
1.70000,-0.76000,-2.34000,0.00000,0.00000,-0.38000,-1.42000,62.44000,-255.00000
1.70000,-0.76000,-2.34000,0.00000,0.00000,-0.38000,-1.42000,62.44000,-255.00000
1.70000,-0.76000,-2.34000,0.00000,0.00000,-0.38000,-1.42000,60.14000,-255.00000
1.70000,-0.76000,-2.34000,0.00000,0.00000,-0.38000,-1.42000,60.14000,-255.00000
1.70000,-0.76000,-2.34000,0.00000,0.00000,-0.38000,-1.42000,57.84000,-255.00000
1.70000,-0.76000,-2.34000,0.00000,0.00000,-0.38000,-1.42000,57.84000,-255.00000
1.70000,-0.76000,-2.34000,0.00000,0.00000,-0.38000,-1.42000,55.54000,-255.00000
1.70000,-0.76000,-2.34000,0.00000,0.00000,-0.38000,-1.42000,55.54000,-255.00000
1.70000,-0.76000,-2.34000,0.00000,0.00000,-0.38000,-1.42000,53.24000,-255.00000
1.70000,-0.76000,-2.34000,0.00000,0.00000,-0.38000,-1.42000,53.24000,-255.00000
1.70000,-0.76000,-2.34000,0.00000,0.00000,-0.38000,-1.42000,50.94000,-255.00000
1.70000,-0.76000,-2.34000,0.00000,0.00000,-0.38000,-1.42000,50.94000,-255.00000
1.70000,-0.76000,-2.34000,0.00000,0.00000,-0.38000,-1.42000,48.65000,-255.00000
1.70000,-0.76000,-2.34000,0.00000,0.00000,-0.38000,-1.42000,48.65000,-255.00000
1.70000,-0.76000,-2.34000,0.00000,0.00000,-0.38000,-1.42000,46.35000,-255.00000
1.70000,-0.76000,-2.34000,0.00000,0.00000,-0.38000,-1.42000,46.35000,-255.00000
1.70000,-0.76000,-2.34000,0.00000,0.00000,-0.38000,-1.42000,44.05000,-255.00000
1.70000,-0.76000,-2.34000,0.00000,0.00000,-0.38000,-1.42000,44.05000,-255.00000
1.70000,-0.76000,-2.34000,0.00000,0.00000,-0.38000,-1.42000,41.75000,-255.00000
1.70000,-0.76000,-2.34000,0.00000,0.00000,-0.38000,-1.42000,41.75000,-255.00000
1.70000,-0.76000,-2.34000,0.00000,0.00000,-0.38000,-1.42000,39.45000,-255.00000
1.70000,-0.76000,-2.34000,0.00000,0.00000,-0.38000,-1.42000,39.45000,-255.00000
1.70000,-0.76000,-2.34000,0.00000,0.00000,-0.38000,-1.42000,37.15000,-255.00000
1.70000,-0.76000,-2.34000,0.00000,0.00000,-0.38000,-1.42000,37.15000,-255.00000
1.70000,-0.76000,-2.34000,0.00000,0.00000,-0.38000,-1.42000,34.85000,-255.00000
1.70000,-0.76000,-2.34000,0.00000,0.00000,-0.38000,-1.42000,34.85000,-255.00000
1.70000,-0.76000,-2.34000,0.00000,0.00000,-0.38000,-1.42000,32.55000,-255.00000
1.70000,-0.76000,-2.34000,0.00000,0.00000,-0.38000,-1.42000,32.55000,-255.00000
1.70000,-0.76000,-2.34000,0.00000,0.00000,-0.38000,-1.42000,30.26000,-255.00000
1.70000,-0.76000,-2.34000,0.00000,0.00000,-0.38000,-1.42000,30.26000,-255.00000
1.70000,-0.76000,-2.34000,0.00000,0.00000,-0.38000,-1.42000,27.96000,-255.00000
1.70000,-0.76000,-2.34000,0.00000,0.00000,-0.38000,-1.42000,27.96000,-255.00000
1.70000,-0.76000,-2.34000,0.00000,0.00000,-0.38000,-1.42000,25.66000,-255.00000
1.70000,-0.76000,-2.34000,0.00000,0.00000,-0.38000,-1.42000,25.66000,-255.00000
1.70000,-0.76000,-2.34000,0.00000,0.00000,-0.38000,-1.42000,23.36000,-255.00000
1.70000,-0.76000,-2.34000,0.00000,0.00000,-0.38000,-1.42000,23.36000,-255.00000
1.70000,-0.76000,-2.34000,0.00000,0.00000,-0.38000,-1.42000,21.06000,-255.00000
1.70000,-0.76000,-2.34000,0.00000,0.00000,-0.38000,-1.42000,21.06000,-255.00000
1.70000,-0.76000,-2.34000,0.00000,0.00000,-0.38000,-1.42000,18.76000,-255.00000
1.70000,-0.76000,-2.34000,0.00000,0.00000,-0.38000,-1.42000,18.76000,-255.00000
1.70000,-0.76000,-2.34000,0.00000,0.00000,-0.38000,-1.42000,16.46000,-255.00000
1.70000,-0.76000,-2.34000,0.00000,0.00000,-0.38000,-1.42000,16.46000,-255.00000
1.70000,-0.76000,-2.34000,0.00000,0.00000,-0.38000,-1.42000,14.17000,-255.00000
1.70000,-0.76000,-2.34000,0.00000,0.00000,-0.38000,-1.42000,14.17000,-255.00000
1.70000,-0.76000,-2.34000,0.00000,0.00000,-0.38000,-1.42000,11.87000,-255.00000
1.70000,-0.76000,-2.34000,0.00000,0.00000,-0.38000,-1.42000,11.87000,-255.00000
1.70000,-0.76000,-2.34000,0.00000,0.00000,-0.38000,-1.42000,9.57000,-255.00000
1.70000,-0.76000,-2.34000,0.00000,0.00000,-0.38000,-1.42000,9.57000,-255.00000
1.70000,-0.76000,-2.34000,0.00000,0.00000,-0.38000,-1.42000,7.27000,-255.00000
1.70000,-0.76000,-2.34000,0.00000,0.00000,-0.38000,-1.42000,7.27000,-255.00000
1.70000,-0.76000,-2.34000,0.00000,0.00000,-0.38000,-1.42000,4.97000,-255.00000
1.70000,-0.76000,-2.34000,0.00000,0.00000,-0.38000,-1.42000,4.97000,-255.00000
1.70000,-0.76000,-2.34000,0.00000,0.00000,-0.38000,-1.42000,2.67000,-255.00000
1.70000,-0.76000,-2.34000,0.00000,0.00000,-0.38000,-1.42000,2.67000,-255.00000
1.70000,-0.76000,-2.34000,0.00000,0.00000,-0.38000,-1.42000,0.37000,-255.00000
1.70000,-0.76000,-2.34000,0.00000,0.00000,-0.38000,-1.42000,0.37000,-255.00000
1.70000,-0.76000,-2.34000,0.00000,0.00000,-0.38000,-1.42000,-1.92000,-255.00000
1.70000,-0.76000,-2.34000,0.00000,0.00000,-0.38000,-1.42000,-1.92000,-255.00000
1.70000,-0.76000,-2.34000,0.00000,0.00000,-0.38000,-1.42000,-4.22000,-255.00000
1.70000,-0.76000,-2.34000,0.00000,0.00000,-0.38000,-1.42000,-4.22000,-255.00000
1.70000,-0.76000,-2.34000,0.00000,0.00000,-0.38000,-1.42000,-6.52000,-255.00000
1.70000,-0.76000,-2.34000,0.00000,0.00000,-0.38000,-1.42000,-6.52000,-255.00000
1.70000,-0.76000,-2.34000,0.00000,0.00000,-0.38000,-1.42000,-8.82000,-255.00000
1.70000,-0.76000,-2.34000,0.00000,0.00000,-0.38000,-1.42000,-8.82000,-255.00000
1.70000,-0.76000,-2.34000,0.00000,0.00000,-0.38000,-1.42000,-11.12000,-255.00000
1.70000,-0.76000,-2.34000,0.00000,0.00000,-0.38000,-1.42000,-11.12000,-255.00000
1.70000,-0.76000,-2.34000,0.00000,0.00000,-0.38000,-1.42000,-13.42000,-255.00000
1.70000,-0.76000,-2.34000,0.00000,0.00000,-0.38000,-1.42000,-13.42000,-255.00000
1.70000,-0.76000,-2.34000,0.00000,0.00000,-0.38000,-1.42000,-15.72000,-255.00000
1.70000,-0.76000,-2.34000,0.00000,0.00000,-0.38000,-1.42000,-15.72000,-255.00000
1.70000,-0.76000,-2.34000,0.00000,0.00000,-0.38000,-1.42000,-18.02000,-255.00000
1.70000,-0.76000,-2.34000,0.00000,0.00000,-0.38000,-1.42000,-18.02000,-255.00000
1.70000,-0.76000,-2.34000,0.00000,0.00000,-0.38000,-1.42000,-20.31000,-255.00000
1.70000,-0.76000,-2.34000,0.00000,0.00000,-0.38000,-1.42000,-20.31000,-255.00000
1.70000,-0.76000,-2.34000,0.00000,0.00000,-0.38000,-1.42000,-22.61000,-255.00000
1.70000,-0.76000,-2.34000,0.00000,0.00000,-0.38000,-1.42000,-22.61000,-255.00000
1.70000,-0.76000,-2.34000,0.00000,0.00000,-0.38000,-1.42000,-24.91000,-255.00000
1.70000,-0.76000,-2.34000,0.00000,0.00000,-0.38000,-1.42000,-24.91000,-255.00000
1.70000,-0.76000,-2.34000,0.00000,0.00000,-0.38000,-1.42000,-27.21000,-255.00000
1.70000,-0.76000,-2.34000,0.00000,0.00000,-0.38000,-1.42000,-27.21000,-255.00000
1.70000,-0.76000,-2.34000,0.00000,0.00000,-0.38000,-1.42000,-29.51000,-255.00000
1.70000,-0.76000,-2.34000,0.00000,0.00000,-0.38000,-1.42000,-29.51000,-255.00000
1.70000,-0.76000,-2.34000,0.00000,0.00000,-0.38000,-1.42000,-31.81000,-255.00000
1.70000,-0.76000,-2.34000,-0.02000,0.00000,-0.38000,-1.42000,-31.81000,-255.00000
1.70000,-0.76000,-2.34000,0.00000,0.00000,-0.38000,-1.41000,-33.72000,-255.00000
1.70000,-0.76000,-2.34000,0.00000,0.00000,-0.38000,-1.41000,-33.72000,-255.00000
1.70000,-0.76000,-2.34000,0.00000,0.00000,-0.38000,-1.41000,-36.18000,-255.00000
1.70000,-0.76000,-2.34000,0.00000,0.00000,-0.38000,-1.41000,-36.18000,-255.00000
1.70000,-0.76000,-2.34000,0.00000,0.00000,-0.38000,-1.41000,-38.45000,-255.00000
1.70000,-0.76000,-2.34000,0.00000,0.00000,-0.38000,-1.41000,-38.45000,-255.00000
1.70000,-0.76000,-2.34000,0.00000,0.00000,-0.38000,-1.41000,-40.72000,-255.00000
1.70000,-0.76000,-2.34000,0.00000,0.00000,-0.38000,-1.41000,-40.72000,-255.00000
1.70000,-0.76000,-2.34000,0.00000,0.00000,-0.38000,-1.41000,-42.99000,-255.00000
1.70000,-0.76000,-2.34000,0.00000,0.00000,-0.38000,-1.41000,-42.99000,-255.00000
1.70000,-0.76000,-2.34000,0.00000,0.00000,-0.38000,-1.41000,-45.26000,-255.00000
1.70000,-0.76000,-2.34000,-0.02000,0.00000,-0.38000,-1.41000,-45.26000,-255.00000
1.70000,-0.76000,-2.34000,0.00000,0.00000,-0.37000,-1.41000,-47.14000,-255.00000
1.70000,-0.76000,-2.34000,0.00000,0.00000,-0.37000,-1.41000,-47.14000,-255.00000
1.70000,-0.76000,-2.34000,0.00000,0.00000,-0.37000,-1.41000,-49.57000,-255.00000
1.70000,-0.76000,-2.34000,0.00000,0.00000,-0.37000,-1.41000,-49.57000,-255.00000
1.70000,-0.76000,-2.34000,0.00000,0.00000,-0.37000,-1.41000,-51.81000,-255.00000
1.70000,-0.76000,-2.34000,0.00000,0.00000,-0.37000,-1.41000,-51.81000,-255.00000
1.70000,-0.76000,-2.34000,0.00000,0.00000,-0.37000,-1.41000,-54.05000,-255.00000
1.70000,-0.76000,-2.34000,0.00000,0.00000,-0.37000,-1.41000,-54.05000,-255.00000
1.70000,-0.76000,-2.34000,0.00000,0.00000,-0.37000,-1.41000,-56.29000,-255.00000
1.70000,-0.76000,-2.34000,0.00000,0.00000,-0.37000,-1.41000,-56.29000,-255.00000
1.70000,-0.76000,-2.34000,0.00000,0.00000,-0.37000,-1.41000,-58.53000,-255.00000
1.70000,-0.76000,-2.34000,0.00000,0.00000,-0.37000,-1.41000,-58.53000,-255.00000
1.70000,-0.76000,-2.34000,0.00000,0.00000,-0.37000,-1.41000,-60.78000,-255.00000
1.70000,-0.76000,-2.34000,0.00000,0.00000,-0.37000,-1.41000,-60.78000,-255.00000
1.70000,-0.76000,-2.34000,0.00000,0.00000,-0.37000,-1.41000,-63.02000,-255.00000
1.70000,-0.76000,-2.34000,0.00000,0.00000,-0.37000,-1.41000,-63.02000,-255.00000
1.70000,-0.76000,-2.34000,0.00000,0.00000,-0.37000,-1.41000,-65.26000,-255.00000
1.70000,-0.76000,-2.34000,0.00000,0.00000,-0.37000,-1.41000,-65.26000,-255.00000
1.70000,-0.76000,-2.34000,0.00000,0.00000,-0.37000,-1.41000,-67.50000,-255.00000
1.70000,-0.76000,-2.34000,0.00000,0.00000,-0.37000,-1.41000,-67.50000,-255.00000
1.70000,-0.76000,-2.34000,0.00000,0.00000,-0.37000,-1.41000,-69.74000,-255.00000
1.70000,-0.76000,-2.34000,0.00000,0.00000,-0.37000,-1.41000,-69.74000,-255.00000
1.70000,-0.76000,-2.34000,0.00000,0.00000,-0.37000,-1.41000,-71.98000,-255.00000
1.70000,-0.76000,-2.34000,0.00000,0.00000,-0.37000,-1.41000,-71.98000,-255.00000
1.70000,-0.76000,-2.34000,0.00000,0.00000,-0.37000,-1.41000,-74.22000,-255.00000
1.70000,-0.76000,-2.34000,0.00000,0.00000,-0.37000,-1.41000,-74.22000,-255.00000
1.70000,-0.76000,-2.34000,0.00000,0.00000,-0.37000,-1.41000,-76.46000,-255.00000
1.70000,-0.76000,-2.34000,0.00000,0.00000,-0.37000,-1.41000,-76.46000,-255.00000
1.70000,-0.76000,-2.34000,0.00000,0.00000,-0.37000,-1.41000,-78.70000,-255.00000
1.70000,-0.76000,-2.34000,0.00000,0.00000,-0.37000,-1.41000,-78.70000,-255.00000
1.70000,-0.76000,-2.34000,0.00000,0.00000,-0.37000,-1.41000,-80.94000,-255.00000
1.70000,-0.76000,-2.34000,0.00000,0.00000,-0.37000,-1.41000,-80.94000,-255.00000
1.70000,-0.76000,-2.34000,0.00000,0.00000,-0.37000,-1.41000,-83.18000,-255.00000
1.70000,-0.76000,-2.34000,0.00000,0.00000,-0.37000,-1.41000,-83.18000,-255.00000
1.70000,-0.76000,-2.34000,0.00000,0.00000,-0.37000,-1.41000,-85.42000,-255.00000
1.70000,-0.76000,-2.34000,0.00000,0.00000,-0.37000,-1.41000,-85.42000,-255.00000
1.70000,-0.76000,-2.34000,0.00000,0.00000,-0.37000,-1.41000,-87.67000,-255.00000
1.70000,-0.76000,-2.34000,0.00000,0.00000,-0.37000,-1.41000,-87.67000,-255.00000
1.70000,-0.76000,-2.34000,0.00000,0.00000,-0.37000,-1.41000,-89.91000,-255.00000
1.70000,-0.76000,-2.34000,0.00000,0.00000,-0.37000,-1.41000,-89.91000,-255.00000
1.70000,-0.76000,-2.34000,0.00000,0.00000,-0.37000,-1.41000,-92.15000,-255.00000
1.70000,-0.76000,-2.34000,0.00000,0.00000,-0.37000,-1.41000,-92.15000,-255.00000
1.70000,-0.76000,-2.34000,0.00000,0.00000,-0.37000,-1.41000,-94.39000,-255.00000
1.70000,-0.76000,-2.34000,0.00000,0.00000,-0.37000,-1.41000,-94.39000,-255.00000
1.70000,-0.76000,-2.34000,0.00000,0.00000,-0.37000,-1.41000,-96.63000,-255.00000
1.70000,-0.76000,-2.34000,0.00000,0.00000,-0.37000,-1.41000,-96.63000,-255.00000
1.70000,-0.76000,-2.34000,0.00000,0.00000,-0.37000,-1.41000,-98.87000,-255.00000
1.70000,-0.76000,-2.34000,0.00000,0.00000,-0.37000,-1.41000,-98.87000,-255.00000
1.70000,-0.76000,-2.34000,0.00000,0.00000,-0.37000,-1.41000,-101.11000,-255.00000
1.70000,-0.76000,-2.34000,0.00000,0.00000,-0.37000,-1.41000,-101.11000,-255.00000
1.70000,-0.76000,-2.34000,0.00000,0.00000,-0.37000,-1.41000,-103.35000,-255.00000
1.70000,-0.76000,-2.34000,0.00000,0.00000,-0.37000,-1.41000,-103.35000,-255.00000
1.70000,-0.76000,-2.34000,0.00000,0.00000,-0.37000,-1.41000,-105.59000,-255.00000
1.70000,-0.76000,-2.34000,0.00000,0.00000,-0.37000,-1.41000,-105.59000,-255.00000
1.70000,-0.76000,-2.34000,0.00000,0.00000,-0.37000,-1.41000,-107.83000,-255.00000
1.70000,-0.76000,-2.34000,0.00000,0.00000,-0.37000,-1.41000,-107.83000,-255.00000
1.70000,-0.76000,-2.34000,0.00000,0.00000,-0.37000,-1.41000,-110.07000,-255.00000
1.70000,-0.76000,-2.34000,0.00000,0.00000,-0.37000,-1.41000,-110.07000,-255.00000
1.70000,-0.76000,-2.34000,0.00000,0.00000,-0.37000,-1.41000,-112.31000,-255.00000
1.70000,-0.76000,-2.34000,0.00000,0.00000,-0.37000,-1.41000,-112.31000,-255.00000
1.70000,-0.76000,-2.34000,0.00000,0.00000,-0.37000,-1.41000,-114.55000,-255.00000
1.70000,-0.76000,-2.34000,0.00000,0.00000,-0.37000,-1.41000,-114.55000,-255.00000
1.70000,-0.76000,-2.34000,0.00000,0.00000,-0.37000,-1.41000,-116.80000,-255.00000
1.70000,-0.76000,-2.34000,-0.02000,0.00000,-0.37000,-1.41000,-116.80000,-255.00000
1.70000,-0.76000,-2.34000,0.00000,0.00000,-0.37000,-1.40000,-118.65000,-255.00000
1.70000,-0.76000,-2.34000,0.00000,0.00000,-0.37000,-1.40000,-118.65000,-255.00000
1.70000,-0.76000,-2.34000,0.00000,0.00000,-0.37000,-1.40000,-121.05000,-255.00000
1.70000,-0.76000,-2.34000,0.00000,0.00000,-0.37000,-1.40000,-121.05000,-255.00000
1.70000,-0.76000,-2.34000,0.00000,0.00000,-0.37000,-1.40000,-123.26000,-255.00000
1.70000,-0.76000,-2.34000,0.00000,0.00000,-0.37000,-1.40000,-123.26000,-255.00000
1.70000,-0.76000,-2.34000,0.00000,0.00000,-0.37000,-1.40000,-125.47000,-255.00000
1.70000,-0.76000,-2.34000,0.00000,0.00000,-0.37000,-1.40000,-125.47000,-255.00000
1.70000,-0.76000,-2.34000,0.00000,0.00000,-0.37000,-1.40000,-127.69000,-255.00000
1.70000,-0.76000,-2.34000,0.00000,0.00000,-0.37000,-1.40000,-127.69000,-255.00000
1.70000,-0.76000,-2.34000,-0.02000,0.00000,-0.37000,-1.40000,-129.90000,-255.00000
1.70000,-0.76000,-2.34000,0.00000,0.00000,-0.36000,-1.40000,-129.90000,-255.00000
1.70000,-0.76000,-2.34000,0.00000,0.00000,-0.36000,-1.40000,-132.04000,-255.00000
1.70000,-0.76000,-2.34000,0.00000,0.00000,-0.36000,-1.40000,-132.04000,-255.00000
1.70000,-0.76000,-2.34000,0.00000,0.00000,-0.36000,-1.40000,-134.22000,-255.00000
1.70000,-0.76000,-2.34000,-0.06000,0.00000,-0.36000,-1.40000,-134.22000,-255.00000
1.70000,-0.76000,-2.35000,-0.10000,0.00000,-0.35000,-1.38000,-135.25000,-255.00000
1.70000,-0.76000,-2.35000,-0.06000,0.00000,-0.32000,-1.35000,-135.25000,-255.00000
1.70000,-0.76000,-2.35000,-0.25000,0.00000,-0.31000,-1.33000,-136.38000,-255.00000
1.70000,-0.76000,-2.35000,-0.19000,0.00000,-0.25000,-1.26000,-136.38000,-255.00000
1.70000,-0.76000,-2.36000,-0.31000,0.00000,-0.20000,-1.21000,-134.35000,-255.00000
1.70000,-0.76000,-2.37000,-0.31000,0.00000,-0.12000,-1.14000,-134.35000,-255.00000
1.71000,-0.76000,-2.37000,-0.33000,0.00000,-0.04000,-1.06000,-130.20000,-255.00000
1.71000,-0.76000,-2.38000,-0.29000,0.00000,0.03000,-0.99000,-130.20000,-255.00000
1.71000,-0.76000,-2.38000,-0.33000,0.00000,0.09000,-0.93000,-126.84000,-255.00000
1.71000,-0.76000,-2.39000,-0.25000,0.00000,0.16000,-0.87000,-126.84000,-255.00000
1.71000,-0.75000,-2.39000,-0.19000,0.00000,0.20000,-0.83000,-123.59000,-255.00000
1.71000,-0.75000,-2.40000,-0.23000,0.00000,0.23000,-0.81000,-123.59000,-255.00000
1.71000,-0.75000,-2.40000,-0.23000,0.00000,0.26000,-0.77000,-120.26000,-255.00000
1.71000,-0.75000,-2.40000,-0.02000,0.00000,0.29000,-0.75000,-120.26000,-255.00000
1.71000,-0.75000,-2.40000,0.00000,0.00000,0.29000,-0.74000,-119.95000,-255.00000
1.71000,-0.75000,-2.40000,0.00000,0.00000,0.29000,-0.74000,-119.95000,-255.00000
1.71000,-0.75000,-2.40000,-0.17000,0.00000,0.29000,-0.74000,-118.37000,-255.00000
1.71000,-0.75000,-2.40000,0.00000,0.00000,0.31000,-0.72000,-118.37000,-255.00000
1.71000,-0.75000,-2.40000,0.00000,0.00000,0.31000,-0.72000,-116.30000,-255.00000
1.71000,-0.75000,-2.40000,0.00000,0.00000,0.31000,-0.72000,-116.30000,-255.00000
1.71000,-0.75000,-2.40000,0.00000,0.00000,0.31000,-0.72000,-114.42000,-255.00000
1.71000,-0.75000,-2.40000,0.00000,0.00000,0.31000,-0.72000,-114.42000,-255.00000
1.71000,-0.75000,-2.40000,-0.02000,0.00000,0.31000,-0.72000,-112.53000,-255.00000
1.71000,-0.75000,-2.40000,-0.02000,0.00000,0.32000,-0.72000,-112.53000,-255.00000
1.71000,-0.75000,-2.40000,0.00000,0.00000,0.32000,-0.72000,-110.26000,-255.00000
1.71000,-0.75000,-2.40000,0.00000,0.00000,0.32000,-0.72000,-110.26000,-255.00000
1.71000,-0.75000,-2.40000,-0.02000,0.00000,0.32000,-0.72000,-108.54000,-255.00000
1.71000,-0.75000,-2.40000,-0.02000,0.00000,0.32000,-0.72000,-108.54000,-255.00000
1.71000,-0.75000,-2.41000,-0.04000,0.00000,0.32000,-0.71000,-106.24000,-255.00000
1.71000,-0.75000,-2.41000,0.00000,0.00000,0.33000,-0.71000,-106.24000,-255.00000
1.71000,-0.75000,-2.41000,0.00000,0.00000,0.33000,-0.71000,-104.42000,-255.00000
1.71000,-0.75000,-2.41000,0.00000,0.00000,0.33000,-0.71000,-104.42000,-255.00000
1.71000,-0.75000,-2.41000,0.00000,0.00000,0.33000,-0.71000,-102.45000,-255.00000
1.71000,-0.75000,-2.41000,0.00000,0.00000,0.33000,-0.71000,-102.45000,-255.00000
1.71000,-0.75000,-2.41000,0.00000,0.00000,0.33000,-0.71000,-100.48000,-255.00000
1.71000,-0.75000,-2.41000,0.00000,0.00000,0.33000,-0.71000,-100.48000,-255.00000
1.71000,-0.75000,-2.41000,0.00000,0.00000,0.33000,-0.71000,-98.52000,-255.00000
1.71000,-0.75000,-2.41000,0.00000,0.00000,0.33000,-0.71000,-98.52000,-255.00000
1.71000,-0.75000,-2.41000,0.00000,0.00000,0.33000,-0.71000,-96.55000,-255.00000
1.71000,-0.75000,-2.41000,0.00000,0.00000,0.33000,-0.71000,-96.55000,-255.00000
1.71000,-0.75000,-2.41000,0.00000,0.00000,0.33000,-0.71000,-94.58000,-255.00000
1.71000,-0.75000,-2.41000,0.00000,0.00000,0.33000,-0.71000,-94.58000,-255.00000
1.71000,-0.75000,-2.41000,0.00000,0.00000,0.33000,-0.71000,-92.61000,-255.00000
1.71000,-0.75000,-2.41000,0.00000,0.00000,0.33000,-0.71000,-92.61000,-255.00000
1.71000,-0.75000,-2.41000,0.00000,0.00000,0.33000,-0.71000,-90.64000,-255.00000
1.71000,-0.75000,-2.41000,0.00000,0.00000,0.33000,-0.71000,-90.64000,-255.00000
1.71000,-0.75000,-2.41000,0.00000,0.00000,0.33000,-0.71000,-88.67000,-255.00000
1.71000,-0.75000,-2.41000,0.00000,0.00000,0.33000,-0.71000,-88.67000,-255.00000
1.71000,-0.75000,-2.41000,0.00000,0.00000,0.33000,-0.71000,-86.70000,-255.00000
1.71000,-0.75000,-2.41000,0.00000,0.00000,0.33000,-0.71000,-86.70000,-255.00000
1.71000,-0.75000,-2.41000,0.00000,0.00000,0.33000,-0.71000,-84.74000,-255.00000
1.71000,-0.75000,-2.41000,0.00000,0.00000,0.33000,-0.71000,-84.74000,-255.00000
1.71000,-0.75000,-2.41000,0.00000,0.00000,0.33000,-0.71000,-82.77000,-255.00000
1.71000,-0.75000,-2.41000,0.00000,0.00000,0.33000,-0.71000,-82.77000,-255.00000
1.71000,-0.75000,-2.41000,0.00000,0.00000,0.33000,-0.71000,-80.80000,-255.00000
1.71000,-0.75000,-2.41000,0.00000,0.00000,0.33000,-0.71000,-80.80000,-255.00000
1.71000,-0.75000,-2.41000,0.00000,0.00000,0.33000,-0.71000,-78.83000,-255.00000
1.71000,-0.75000,-2.41000,0.00000,0.00000,0.33000,-0.71000,-78.83000,-255.00000
1.71000,-0.75000,-2.41000,0.00000,0.00000,0.33000,-0.71000,-76.86000,-255.00000
1.71000,-0.75000,-2.41000,0.00000,0.00000,0.33000,-0.71000,-76.86000,-255.00000
1.71000,-0.75000,-2.41000,0.00000,0.00000,0.33000,-0.71000,-74.89000,-255.00000
1.71000,-0.75000,-2.41000,0.00000,0.00000,0.33000,-0.71000,-74.89000,-255.00000
1.71000,-0.75000,-2.41000,0.00000,0.00000,0.33000,-0.71000,-72.92000,-255.00000
1.71000,-0.75000,-2.41000,0.00000,0.00000,0.33000,-0.71000,-72.92000,-255.00000
1.71000,-0.75000,-2.41000,0.00000,0.00000,0.33000,-0.71000,-70.96000,-255.00000
1.71000,-0.75000,-2.41000,0.00000,0.00000,0.33000,-0.71000,-70.96000,-255.00000
1.71000,-0.75000,-2.41000,0.00000,0.00000,0.33000,-0.71000,-68.99000,-255.00000
1.71000,-0.75000,-2.41000,0.00000,0.00000,0.33000,-0.71000,-68.99000,-255.00000
1.71000,-0.75000,-2.41000,0.00000,0.00000,0.33000,-0.71000,-67.02000,-255.00000
1.71000,-0.75000,-2.41000,0.00000,0.00000,0.33000,-0.71000,-67.02000,-255.00000
1.71000,-0.75000,-2.41000,0.00000,0.00000,0.33000,-0.71000,-65.05000,-255.00000
1.71000,-0.75000,-2.41000,0.00000,0.00000,0.33000,-0.71000,-65.05000,-255.00000
1.71000,-0.75000,-2.41000,0.00000,0.00000,0.33000,-0.71000,-63.08000,-255.00000
1.71000,-0.75000,-2.41000,0.00000,0.00000,0.33000,-0.71000,-63.08000,-255.00000
1.71000,-0.75000,-2.41000,0.00000,0.00000,0.33000,-0.71000,-61.11000,-255.00000
1.71000,-0.75000,-2.41000,0.00000,0.00000,0.33000,-0.71000,-61.11000,-255.00000
1.71000,-0.75000,-2.41000,0.00000,0.00000,0.33000,-0.71000,-59.14000,-255.00000
1.71000,-0.75000,-2.41000,0.00000,0.00000,0.33000,-0.71000,-59.14000,-255.00000
1.71000,-0.75000,-2.41000,0.00000,0.00000,0.33000,-0.71000,-57.18000,-255.00000
1.71000,-0.75000,-2.41000,0.00000,0.00000,0.33000,-0.71000,-57.18000,-255.00000
1.71000,-0.75000,-2.41000,0.00000,0.00000,0.33000,-0.71000,-55.21000,-255.00000
1.71000,-0.75000,-2.41000,0.00000,0.00000,0.33000,-0.71000,-55.21000,-255.00000
1.71000,-0.75000,-2.41000,0.00000,0.00000,0.33000,-0.71000,-53.24000,-255.00000
1.71000,-0.75000,-2.41000,0.00000,0.00000,0.33000,-0.71000,-53.24000,-255.00000
1.71000,-0.75000,-2.41000,0.00000,0.00000,0.33000,-0.71000,-51.27000,-255.00000
1.71000,-0.75000,-2.41000,0.00000,0.00000,0.33000,-0.71000,-51.27000,-255.00000
1.71000,-0.75000,-2.41000,0.00000,0.00000,0.33000,-0.71000,-49.30000,-255.00000
1.71000,-0.75000,-2.41000,0.00000,0.00000,0.33000,-0.71000,-49.30000,-255.00000
1.71000,-0.75000,-2.41000,0.00000,0.00000,0.33000,-0.71000,-47.33000,-255.00000
1.71000,-0.75000,-2.41000,0.00000,0.00000,0.33000,-0.71000,-47.33000,-255.00000
1.71000,-0.75000,-2.41000,0.00000,0.00000,0.33000,-0.71000,-45.36000,-255.00000
1.71000,-0.75000,-2.41000,0.00000,0.00000,0.33000,-0.71000,-45.36000,-255.00000
1.71000,-0.75000,-2.41000,0.00000,0.00000,0.33000,-0.71000,-43.40000,-255.00000
1.71000,-0.75000,-2.41000,0.00000,0.00000,0.33000,-0.71000,-43.40000,-255.00000
1.71000,-0.75000,-2.41000,0.00000,0.00000,0.33000,-0.71000,-41.43000,-255.00000
1.71000,-0.75000,-2.41000,0.00000,0.00000,0.33000,-0.71000,-41.43000,-255.00000
1.71000,-0.75000,-2.41000,0.00000,0.00000,0.33000,-0.71000,-39.46000,-255.00000
1.71000,-0.75000,-2.41000,0.00000,0.00000,0.33000,-0.71000,-39.46000,-255.00000
1.71000,-0.75000,-2.41000,0.00000,0.00000,0.33000,-0.71000,-37.49000,-255.00000
1.71000,-0.75000,-2.41000,0.00000,0.00000,0.33000,-0.71000,-37.49000,-255.00000
1.71000,-0.75000,-2.41000,0.00000,0.00000,0.33000,-0.71000,-35.52000,-255.00000
1.71000,-0.75000,-2.41000,0.00000,0.00000,0.33000,-0.71000,-35.52000,-255.00000
1.71000,-0.75000,-2.41000,0.00000,0.00000,0.33000,-0.71000,-33.55000,-255.00000
1.71000,-0.75000,-2.41000,0.00000,0.00000,0.33000,-0.71000,-33.55000,-255.00000
1.71000,-0.75000,-2.41000,0.00000,0.00000,0.33000,-0.71000,-31.58000,-255.00000
1.71000,-0.75000,-2.41000,0.00000,0.00000,0.33000,-0.71000,-31.58000,-255.00000
1.71000,-0.75000,-2.41000,0.00000,0.00000,0.33000,-0.71000,-29.62000,-255.00000
1.71000,-0.75000,-2.41000,0.00000,0.00000,0.33000,-0.71000,-29.62000,-255.00000
1.71000,-0.75000,-2.41000,0.00000,0.00000,0.33000,-0.71000,-27.65000,-255.00000
1.71000,-0.75000,-2.41000,0.00000,0.00000,0.33000,-0.71000,-27.65000,-255.00000
1.71000,-0.75000,-2.41000,0.00000,0.00000,0.33000,-0.71000,-25.68000,-255.00000
1.71000,-0.75000,-2.41000,0.00000,0.00000,0.33000,-0.71000,-25.68000,-255.00000
1.71000,-0.75000,-2.41000,0.00000,0.00000,0.33000,-0.71000,-23.71000,-255.00000
1.71000,-0.75000,-2.41000,0.00000,0.00000,0.33000,-0.71000,-23.71000,-255.00000
1.71000,-0.75000,-2.41000,0.00000,0.00000,0.33000,-0.71000,-21.74000,-255.00000
1.71000,-0.75000,-2.41000,0.00000,0.00000,0.33000,-0.71000,-21.74000,-255.00000
1.71000,-0.75000,-2.41000,0.00000,0.00000,0.33000,-0.71000,-19.77000,-255.00000
1.71000,-0.75000,-2.41000,0.00000,0.00000,0.33000,-0.71000,-19.77000,-255.00000
1.71000,-0.75000,-2.41000,0.00000,0.00000,0.33000,-0.71000,-17.80000,-255.00000
1.71000,-0.75000,-2.41000,0.00000,0.00000,0.33000,-0.71000,-17.80000,-255.00000
1.71000,-0.75000,-2.41000,0.00000,0.00000,0.33000,-0.71000,-15.84000,-255.00000
1.71000,-0.75000,-2.41000,0.00000,0.00000,0.33000,-0.71000,-15.84000,-255.00000
1.71000,-0.75000,-2.41000,0.00000,0.00000,0.33000,-0.71000,-13.87000,-255.00000
1.71000,-0.75000,-2.41000,0.00000,0.00000,0.33000,-0.71000,-13.87000,-255.00000
1.71000,-0.75000,-2.41000,0.00000,0.00000,0.33000,-0.71000,-11.90000,-255.00000
1.71000,-0.75000,-2.41000,0.00000,0.00000,0.33000,-0.71000,-11.90000,-255.00000
1.71000,-0.75000,-2.41000,0.00000,0.00000,0.33000,-0.71000,-9.93000,-255.00000
1.71000,-0.75000,-2.41000,0.00000,0.00000,0.33000,-0.71000,-9.93000,-255.00000
1.71000,-0.75000,-2.41000,0.00000,0.00000,0.33000,-0.71000,-7.96000,-255.00000
1.71000,-0.75000,-2.41000,0.00000,0.00000,0.33000,-0.71000,-7.96000,-255.00000
1.71000,-0.75000,-2.41000,0.00000,0.00000,0.33000,-0.71000,-5.99000,-255.00000
1.71000,-0.75000,-2.41000,0.00000,0.00000,0.33000,-0.71000,-5.99000,-255.00000
1.71000,-0.75000,-2.41000,0.00000,0.00000,0.33000,-0.71000,-4.02000,-255.00000
1.71000,-0.75000,-2.41000,0.00000,0.00000,0.33000,-0.71000,-4.02000,-255.00000
1.71000,-0.75000,-2.41000,0.00000,0.00000,0.33000,-0.71000,-2.06000,-255.00000
1.71000,-0.75000,-2.41000,0.00000,0.00000,0.33000,-0.71000,-2.06000,-255.00000
1.71000,-0.75000,-2.41000,0.00000,0.00000,0.33000,-0.71000,-0.09000,-255.00000
1.71000,-0.75000,-2.41000,0.00000,0.00000,0.33000,-0.71000,-0.09000,-255.00000
1.71000,-0.75000,-2.41000,0.00000,0.00000,0.33000,-0.71000,1.88000,-255.00000
1.71000,-0.75000,-2.41000,0.00000,0.00000,0.33000,-0.71000,1.88000,-255.00000
1.71000,-0.75000,-2.41000,0.00000,0.00000,0.33000,-0.71000,3.85000,-255.00000
1.71000,-0.75000,-2.41000,0.00000,0.00000,0.33000,-0.71000,3.85000,-255.00000
1.71000,-0.75000,-2.41000,0.00000,0.00000,0.33000,-0.71000,5.82000,-255.00000
1.71000,-0.75000,-2.41000,0.00000,0.00000,0.33000,-0.71000,5.82000,-255.00000
1.71000,-0.75000,-2.41000,0.00000,0.00000,0.33000,-0.71000,7.79000,-255.00000
1.71000,-0.75000,-2.41000,0.00000,0.00000,0.33000,-0.71000,7.79000,-255.00000
1.71000,-0.75000,-2.41000,0.00000,0.00000,0.33000,-0.71000,9.76000,-255.00000
1.71000,-0.75000,-2.41000,0.00000,0.00000,0.33000,-0.71000,9.76000,-255.00000
1.71000,-0.75000,-2.41000,0.00000,0.00000,0.33000,-0.71000,11.72000,-255.00000
1.71000,-0.75000,-2.41000,0.00000,0.00000,0.33000,-0.71000,11.72000,-255.00000
1.71000,-0.75000,-2.41000,0.00000,0.00000,0.33000,-0.71000,13.69000,-255.00000
1.71000,-0.75000,-2.41000,0.00000,0.00000,0.33000,-0.71000,13.69000,-255.00000
1.71000,-0.75000,-2.41000,0.00000,0.00000,0.33000,-0.71000,15.66000,-255.00000
1.71000,-0.75000,-2.41000,0.00000,0.00000,0.33000,-0.71000,15.66000,-255.00000
1.71000,-0.75000,-2.41000,0.00000,0.00000,0.33000,-0.71000,17.63000,-255.00000
1.71000,-0.75000,-2.41000,0.00000,0.00000,0.33000,-0.71000,17.63000,-255.00000
1.71000,-0.75000,-2.41000,0.00000,0.00000,0.33000,-0.71000,19.60000,-255.00000
1.71000,-0.75000,-2.41000,0.00000,0.00000,0.33000,-0.71000,19.60000,-255.00000
1.71000,-0.75000,-2.41000,0.00000,0.00000,0.33000,-0.71000,21.57000,-255.00000
1.71000,-0.75000,-2.41000,0.00000,0.00000,0.33000,-0.71000,21.57000,-255.00000
1.71000,-0.75000,-2.41000,0.00000,0.00000,0.33000,-0.71000,23.54000,-255.00000
1.71000,-0.75000,-2.41000,0.00000,0.00000,0.33000,-0.71000,23.54000,-255.00000
1.71000,-0.75000,-2.41000,0.00000,0.00000,0.33000,-0.71000,25.50000,-255.00000
1.71000,-0.75000,-2.41000,0.00000,0.00000,0.33000,-0.71000,25.50000,-255.00000
1.71000,-0.75000,-2.41000,0.00000,0.00000,0.33000,-0.71000,27.47000,-255.00000
1.71000,-0.75000,-2.41000,0.00000,0.00000,0.33000,-0.71000,27.47000,-255.00000
1.71000,-0.75000,-2.41000,0.00000,0.00000,0.33000,-0.71000,29.44000,-255.00000
1.71000,-0.75000,-2.41000,0.00000,0.00000,0.33000,-0.71000,29.44000,-255.00000
1.71000,-0.75000,-2.41000,0.00000,0.00000,0.33000,-0.71000,31.41000,-255.00000
1.71000,-0.75000,-2.41000,0.00000,0.00000,0.33000,-0.71000,31.41000,-255.00000
1.71000,-0.75000,-2.41000,0.00000,0.00000,0.33000,-0.71000,33.38000,-255.00000
1.71000,-0.75000,-2.41000,0.00000,0.00000,0.33000,-0.71000,33.38000,-255.00000
1.71000,-0.75000,-2.41000,0.00000,0.00000,0.33000,-0.71000,35.35000,-255.00000
1.71000,-0.75000,-2.41000,0.00000,0.00000,0.33000,-0.71000,35.35000,-255.00000
1.71000,-0.75000,-2.41000,0.00000,0.00000,0.33000,-0.71000,37.32000,-255.00000
1.71000,-0.75000,-2.41000,0.00000,0.00000,0.33000,-0.71000,37.32000,-255.00000
1.71000,-0.75000,-2.41000,0.00000,0.00000,0.33000,-0.71000,39.28000,-255.00000
1.71000,-0.75000,-2.41000,0.00000,0.00000,0.33000,-0.71000,39.28000,-255.00000
1.71000,-0.75000,-2.41000,0.00000,0.00000,0.33000,-0.71000,41.25000,-255.00000
1.71000,-0.75000,-2.41000,0.00000,0.00000,0.33000,-0.71000,41.25000,-255.00000
1.71000,-0.75000,-2.41000,0.00000,0.00000,0.33000,-0.71000,43.22000,-255.00000
1.71000,-0.75000,-2.41000,0.00000,0.00000,0.33000,-0.71000,43.22000,-255.00000
1.71000,-0.75000,-2.41000,0.00000,0.00000,0.33000,-0.71000,45.19000,-255.00000
1.71000,-0.75000,-2.41000,0.00000,0.00000,0.33000,-0.71000,45.19000,-255.00000
1.71000,-0.75000,-2.41000,0.00000,0.00000,0.33000,-0.71000,47.16000,-255.00000
1.71000,-0.75000,-2.41000,0.00000,0.00000,0.33000,-0.71000,47.16000,-255.00000
1.71000,-0.75000,-2.41000,0.00000,0.00000,0.33000,-0.71000,49.13000,-255.00000
1.71000,-0.75000,-2.41000,0.00000,0.00000,0.33000,-0.71000,49.13000,-255.00000
1.71000,-0.75000,-2.41000,0.00000,0.00000,0.33000,-0.71000,51.10000,-255.00000
1.71000,-0.75000,-2.41000,0.00000,0.00000,0.33000,-0.71000,51.10000,-255.00000
1.71000,-0.75000,-2.41000,0.00000,0.00000,0.33000,-0.71000,53.06000,-255.00000
1.71000,-0.75000,-2.41000,0.00000,0.00000,0.33000,-0.71000,53.06000,-255.00000
1.71000,-0.75000,-2.41000,0.00000,0.00000,0.33000,-0.71000,55.03000,-255.00000
1.71000,-0.75000,-2.41000,0.00000,0.00000,0.33000,-0.71000,55.03000,-255.00000
1.71000,-0.75000,-2.41000,0.00000,0.00000,0.33000,-0.71000,57.00000,-255.00000
1.71000,-0.75000,-2.41000,0.00000,0.00000,0.33000,-0.71000,57.00000,-255.00000
1.71000,-0.75000,-2.41000,0.00000,0.00000,0.33000,-0.71000,58.97000,-255.00000
1.71000,-0.75000,-2.41000,0.00000,0.00000,0.33000,-0.71000,58.97000,-255.00000
1.71000,-0.75000,-2.41000,0.00000,0.00000,0.33000,-0.71000,60.94000,-255.00000
1.71000,-0.75000,-2.41000,0.00000,0.00000,0.33000,-0.71000,60.94000,-255.00000
1.71000,-0.75000,-2.41000,0.00000,0.00000,0.33000,-0.71000,62.91000,-255.00000
