0.00000,0.00000,0.00000,0.00000,0.00000,3.28000,3.28000,49.25000,49.25000
0.00000,0.00000,0.00000,0.08000,0.00000,3.28000,3.28000,49.25000,49.25000
0.00000,0.00000,0.00000,0.00000,0.00000,3.28000,3.28000,67.62000,68.89000
0.00000,0.00000,0.00000,0.04000,0.00000,3.28000,3.28000,67.62000,68.89000
0.00000,0.00000,0.02000,0.85000,0.00000,3.27000,3.28000,87.35000,88.50000
0.00000,0.00000,0.05000,2.01000,0.00000,2.87000,2.89000,87.35000,88.50000
0.01000,0.00000,0.11000,3.11000,0.02000,1.35000,1.77000,48.35000,85.64000
0.01000,0.00000,0.16000,2.86000,0.02000,1.18000,1.94000,48.35000,85.64000
0.01000,0.00000,0.20000,1.99000,0.00000,1.07000,2.05000,27.41000,100.13000
0.01000,0.00000,0.21000,0.87000,0.04000,1.02000,2.10000,27.41000,100.13000
0.01000,0.00000,0.21000,0.04000,0.02000,1.00000,2.12000,45.52000,113.04000
0.01000,0.00000,0.21000,0.00000,0.00000,1.00000,2.12000,45.52000,113.04000
0.01000,0.00000,0.21000,0.00000,0.02000,1.00000,2.12000,59.38000,126.14000
0.01000,0.00000,0.21000,0.00000,0.00000,1.00000,2.12000,59.38000,126.14000
0.01000,0.00000,0.21000,0.08000,0.21000,1.00000,2.12000,65.40000,138.86000
0.02000,0.00000,0.20000,0.73000,1.54000,1.01000,2.12000,65.40000,138.86000
0.02000,0.00000,0.17000,1.22000,2.84000,1.02000,2.10000,60.83000,128.28000
0.03000,0.00000,0.14000,1.58000,3.28000,1.06000,2.06000,60.83000,128.28000
0.03000,0.00000,0.10000,1.70000,3.46000,1.12000,2.01000,51.28000,104.11000
0.04000,0.00000,0.07000,1.49000,3.15000,1.19000,1.93000,51.28000,104.11000
0.04000,0.01000,0.05000,1.25000,2.62000,1.28000,1.85000,52.14000,95.96000
0.04000,0.01000,0.03000,1.20000,2.03000,1.36000,1.77000,52.14000,95.96000
0.05000,0.01000,0.03000,1.16000,1.64000,1.53000,1.82000,58.99000,104.52000
0.05000,0.01000,0.02000,1.25000,1.58000,2.01000,2.23000,58.99000,104.52000
0.05000,0.01000,0.02000,1.47000,1.70000,2.59000,2.63000,76.26000,122.24000
0.06000,0.01000,0.01000,2.05000,2.07000,2.86000,2.88000,76.26000,122.24000
0.07000,0.01000,0.02000,2.66000,2.64000,2.88000,2.90000,76.46000,125.07000
0.07000,0.01000,0.02000,3.03000,2.93000,2.85000,2.87000,76.46000,125.07000
0.08000,0.01000,0.02000,3.24000,3.13000,2.74000,2.76000,64.68000,115.27000
0.09000,0.01000,0.02000,3.11000,3.13000,2.60000,2.64000,64.68000,115.27000
0.09000,0.01000,0.02000,2.82000,2.99000,2.62000,2.66000,59.95000,109.59000
0.10000,0.01000,0.01000,2.57000,2.72000,2.82000,2.84000,59.95000,109.59000
0.10000,0.01000,0.01000,2.28000,2.51000,2.95000,2.96000,69.99000,117.55000
0.11000,0.01000,0.00000,2.26000,2.61000,3.10000,3.11000,69.99000,117.55000
0.12000,0.01000,-0.00000,2.45000,2.66000,3.24000,3.24000,81.28000,124.77000
0.12000,0.01000,0.00000,2.92000,2.74000,3.28000,3.28000,81.28000,124.77000
0.13000,0.01000,0.01000,3.32000,2.88000,3.24000,3.25000,77.27000,126.75000
0.14000,0.01000,0.02000,3.40000,2.99000,3.06000,3.07000,77.27000,126.75000
0.14000,0.01000,0.02000,3.53000,3.11000,2.68000,2.71000,63.58000,118.05000
0.15000,0.01000,0.03000,3.32000,3.18000,1.98000,2.20000,63.58000,118.05000
0.16000,0.01000,0.02000,2.82000,3.18000,1.78000,2.02000,46.91000,103.26000
0.16000,0.01000,0.01000,2.16000,2.86000,2.31000,2.45000,46.91000,103.26000
0.17000,0.01000,-0.01000,1.49000,2.45000,3.10000,3.11000,74.87000,117.25000
0.17000,0.01000,-0.02000,1.70000,2.45000,3.25000,3.25000,74.87000,117.25000
0.18000,0.01000,-0.03000,2.30000,2.66000,2.84000,2.82000,83.54000,120.63000
0.18000,0.01000,-0.02000,2.97000,2.74000,2.44000,2.28000,83.54000,120.63000
0.19000,0.01000,-0.01000,3.51000,2.82000,2.70000,2.67000,69.24000,116.19000
0.20000,0.01000,-0.00000,3.51000,2.91000,3.19000,3.19000,69.24000,116.19000
0.20000,0.01000,0.01000,3.26000,2.88000,3.27000,3.28000,68.18000,122.42000
0.21000,0.01000,0.01000,3.09000,2.97000,3.18000,3.19000,68.18000,122.42000
0.22000,0.01000,0.00000,2.90000,3.13000,3.12000,3.13000,70.77000,121.58000
0.23000,0.01000,-0.00000,2.80000,3.26000,3.22000,3.22000,70.77000,121.58000
0.23000,0.01000,-0.01000,2.84000,3.22000,3.28000,3.28000,77.67000,120.42000
0.24000,0.01000,-0.01000,3.11000,3.15000,3.21000,3.20000,77.67000,120.42000
0.25000,0.01000,-0.01000,3.24000,3.22000,3.19000,3.19000,74.56000,120.71000
0.25000,0.01000,-0.01000,3.20000,3.17000,3.20000,3.19000,74.56000,120.71000
0.26000,0.01000,-0.01000,3.15000,3.09000,3.21000,3.20000,74.00000,120.81000
0.27000,0.01000,-0.01000,3.18000,3.11000,3.23000,3.22000,74.00000,120.81000
0.27000,0.01000,-0.01000,3.15000,3.20000,3.24000,3.24000,74.89000,122.44000
0.28000,0.01000,-0.01000,3.19000,3.19000,3.23000,3.23000,74.89000,122.44000
0.29000,0.01000,-0.01000,3.20000,3.22000,3.23000,3.23000,74.83000,121.77000
0.30000,0.01000,-0.01000,3.17000,3.30000,3.22000,3.22000,74.83000,121.77000
0.30000,0.01000,-0.01000,3.11000,3.22000,3.18000,3.17000,74.60000,119.62000
0.31000,0.01000,-0.01000,3.17000,3.09000,3.13000,3.13000,74.60000,119.62000
0.32000,0.01000,-0.01000,3.17000,3.05000,3.17000,3.16000,74.48000,121.82000
0.32000,0.01000,-0.01000,3.05000,3.07000,3.21000,3.21000,74.48000,121.82000
0.33000,0.01000,-0.01000,3.05000,3.01000,3.21000,3.20000,76.88000,123.14000
0.34000,0.01000,-0.01000,3.17000,3.01000,3.22000,3.21000,76.88000,123.14000
0.35000,0.01000,-0.01000,3.18000,3.18000,3.26000,3.26000,76.74000,125.68000
0.35000,0.01000,-0.01000,3.15000,3.28000,3.26000,3.26000,76.74000,125.68000
0.36000,0.01000,-0.01000,3.20000,3.32000,3.23000,3.23000,77.12000,122.66000
0.37000,0.01000,-0.02000,3.20000,3.36000,3.19000,3.18000,77.12000,122.66000
0.37000,0.01000,-0.02000,3.15000,3.34000,3.12000,3.11000,75.23000,119.30000
0.38000,0.00000,-0.02000,3.17000,3.22000,3.00000,2.98000,75.23000,119.30000
0.39000,0.00000,-0.02000,3.09000,3.09000,2.96000,2.95000,72.79000,117.57000
0.40000,0.00000,-0.02000,3.01000,3.05000,2.96000,2.94000,72.79000,117.57000
0.40000,0.00000,-0.02000,2.84000,2.99000,2.92000,2.90000,73.41000,117.81000
0.41000,0.00000,-0.02000,2.80000,2.86000,2.78000,2.75000,73.41000,117.81000
0.41000,0.00000,-0.03000,2.72000,2.89000,2.71000,2.67000,72.74000,116.26000
0.42000,0.00000,-0.03000,2.55000,2.91000,2.50000,2.41000,72.74000,116.26000
0.43000,0.00000,-0.04000,2.59000,2.84000,2.06000,1.82000,66.24000,101.69000
0.43000,0.00000,-0.04000,2.59000,2.47000,1.86000,1.58000,66.24000,101.69000
0.44000,0.00000,-0.03000,2.47000,2.12000,1.93000,1.67000,60.76000,99.48000
0.44000,0.00000,-0.02000,2.20000,1.87000,2.33000,2.12000,60.76000,99.48000
0.45000,0.00000,-0.02000,2.03000,1.64000,2.72000,2.68000,74.43000,118.91000
0.45000,0.00000,-0.01000,2.22000,1.91000,3.06000,3.05000,74.43000,118.91000
0.46000,0.00000,-0.01000,2.53000,2.39000,3.20000,3.20000,84.57000,130.92000
0.46000,0.00000,-0.01000,2.97000,2.88000,3.25000,3.24000,84.57000,130.92000
0.47000,0.00000,-0.00000,3.44000,3.28000,3.26000,3.26000,80.12000,124.93000
0.48000,0.00000,-0.00000,3.57000,3.44000,3.28000,3.28000,80.12000,124.93000
0.49000,0.00000,0.00000,3.61000,3.49000,3.28000,3.28000,73.12000,119.09000
0.49000,0.00000,0.00000,3.49000,3.36000,3.26000,3.27000,73.12000,119.09000
0.50000,0.00000,0.01000,3.32000,3.22000,3.24000,3.24000,72.00000,118.77000
0.51000,0.00000,0.00000,3.13000,3.20000,3.21000,3.21000,72.00000,118.77000
0.51000,0.00000,0.00000,2.93000,3.07000,3.23000,3.23000,75.62000,120.37000
0.52000,0.00000,0.00000,2.97000,3.01000,3.26000,3.26000,75.62000,120.37000
0.53000,0.00000,-0.00000,2.97000,3.05000,3.27000,3.27000,79.28000,123.95000
0.54000,0.00000,-0.00000,3.03000,3.13000,3.28000,3.28000,79.28000,123.95000
0.54000,0.00000,-0.00000,3.15000,3.13000,3.28000,3.28000,80.39000,123.86000
0.55000,0.00000,0.00000,3.34000,3.15000,3.28000,3.28000,80.39000,123.86000
0.56000,0.00000,0.00000,3.40000,3.28000,3.26000,3.27000,76.94000,124.18000
0.56000,0.00000,0.01000,3.42000,3.34000,3.24000,3.24000,76.94000,124.18000
0.57000,0.00000,0.00000,3.28000,3.36000,3.21000,3.22000,74.44000,121.31000
0.58000,0.00000,-0.00000,3.15000,3.36000,3.23000,3.24000,74.44000,121.31000
0.59000,0.00000,-0.01000,3.07000,3.36000,3.27000,3.28000,78.15000,121.13000
0.59000,0.00000,-0.01000,3.20000,3.24000,3.27000,3.27000,78.15000,121.13000
0.60000,0.00000,-0.01000,3.24000,3.20000,3.26000,3.26000,78.10000,122.28000
0.61000,0.00000,-0.01000,3.22000,3.22000,3.27000,3.27000,78.10000,122.28000
0.62000,0.00000,-0.01000,3.13000,3.22000,3.27000,3.27000,78.29000,122.83000
0.62000,0.00000,-0.01000,2.99000,3.15000,3.26000,3.25000,78.29000,122.83000
0.63000,0.00000,-0.01000,3.07000,3.15000,3.21000,3.21000,81.20000,123.19000
0.64000,0.00000,-0.01000,3.05000,3.20000,3.18000,3.18000,81.20000,123.19000
0.64000,0.00000,-0.01000,3.30000,3.20000,3.12000,3.11000,80.16000,121.37000
0.65000,0.00000,-0.01000,3.49000,3.19000,3.16000,3.16000,80.16000,121.37000
0.66000,0.00000,-0.00000,3.49000,3.22000,3.25000,3.25000,76.09000,123.00000
0.67000,0.00000,0.00000,3.44000,3.22000,3.28000,3.28000,76.09000,123.00000
0.67000,0.00000,0.01000,3.49000,3.15000,3.26000,3.26000,75.36000,123.15000
0.68000,0.00000,0.01000,3.36000,3.24000,3.15000,3.16000,75.36000,123.15000
0.69000,0.00000,0.01000,3.28000,3.32000,3.08000,3.09000,72.89000,120.62000
0.70000,0.00000,0.01000,3.15000,3.24000,3.11000,3.12000,72.89000,120.62000
0.70000,0.00000,0.00000,2.91000,3.13000,3.15000,3.15000,75.26000,120.66000
0.71000,0.00000,-0.00000,2.86000,3.15000,3.23000,3.23000,75.26000,120.66000
0.72000,0.00000,-0.00000,2.99000,3.13000,3.28000,3.28000,81.58000,123.31000
0.72000,0.00000,-0.00000,3.17000,3.07000,3.28000,3.28000,81.58000,123.31000
0.73000,0.00000,0.00000,3.40000,3.13000,3.28000,3.28000,79.46000,125.35000
0.74000,0.00000,0.01000,3.42000,3.26000,3.24000,3.25000,79.46000,125.35000
0.75000,0.00000,0.01000,3.49000,3.28000,3.19000,3.20000,75.05000,122.58000
0.75000,0.00000,0.01000,3.42000,3.24000,3.10000,3.11000,75.05000,122.58000
0.76000,0.00000,0.01000,3.24000,3.28000,2.97000,2.99000,70.33000,119.35000
0.77000,0.00000,0.01000,2.97000,3.20000,3.00000,3.01000,70.33000,119.35000
0.77000,0.00000,0.00000,2.76000,3.09000,3.13000,3.14000,76.91000,120.81000
0.78000,0.00000,-0.00000,2.84000,3.07000,3.25000,3.25000,76.91000,120.81000
0.79000,0.00000,-0.00000,2.99000,3.11000,3.28000,3.28000,81.98000,124.45000
0.79000,0.00000,-0.00000,3.24000,3.15000,3.28000,3.28000,81.98000,124.45000
0.80000,0.00000,0.00000,3.47000,3.22000,3.28000,3.28000,78.72000,124.48000
0.81000,0.00000,0.00000,3.40000,3.28000,3.25000,3.26000,78.72000,124.48000
0.82000,0.00000,0.00000,3.30000,3.34000,3.22000,3.23000,75.59000,122.55000
0.82000,0.00000,0.00000,3.13000,3.26000,3.23000,3.24000,75.59000,122.55000
0.83000,0.00000,-0.01000,2.82000,3.24000,3.26000,3.26000,79.13000,123.09000
0.84000,0.00000,-0.01000,2.93000,3.26000,3.27000,3.26000,79.13000,123.09000
0.84000,0.00000,-0.01000,3.15000,3.28000,3.17000,3.17000,81.69000,121.66000
0.85000,0.00000,-0.01000,3.20000,3.18000,3.11000,3.10000,81.69000,121.66000
0.86000,0.00000,-0.01000,3.36000,3.15000,3.12000,3.11000,78.36000,121.55000
0.87000,0.00000,-0.01000,3.40000,3.11000,3.21000,3.20000,78.36000,121.55000
0.87000,0.00000,0.00000,3.36000,2.95000,3.27000,3.27000,77.05000,124.47000
0.88000,0.00000,0.01000,3.30000,3.07000,3.25000,3.25000,77.05000,124.47000
0.89000,0.00000,0.01000,3.30000,3.28000,3.18000,3.19000,76.47000,124.82000
0.90000,0.00000,0.01000,3.28000,3.30000,3.17000,3.18000,76.47000,124.82000
0.90000,0.00000,0.01000,3.32000,3.34000,3.18000,3.19000,76.03000,122.05000
0.91000,0.00000,0.00000,3.26000,3.36000,3.19000,3.19000,76.03000,122.05000
0.92000,0.00000,0.00000,3.22000,3.32000,3.22000,3.23000,76.38000,121.05000
0.92000,0.00000,0.00000,3.20000,3.20000,3.25000,3.25000,76.38000,121.05000
0.93000,0.00000,0.00000,3.20000,3.13000,3.25000,3.25000,77.47000,123.08000
0.94000,0.00000,0.00000,3.20000,3.20000,3.23000,3.23000,77.47000,123.08000
0.95000,0.00000,0.01000,3.28000,3.17000,3.23000,3.23000,77.53000,123.17000
0.95000,0.00000,0.01000,3.40000,3.15000,3.20000,3.20000,77.53000,123.17000
0.96000,0.00000,0.01000,3.36000,3.24000,3.08000,3.09000,72.32000,121.82000
0.97000,0.00000,0.01000,3.17000,3.24000,2.99000,3.00000,72.32000,121.82000
0.98000,0.00000,0.01000,3.13000,3.15000,3.03000,3.04000,73.09000,119.50000
0.98000,0.00000,0.01000,3.11000,3.15000,3.04000,3.05000,73.09000,119.50000
0.99000,0.00000,0.01000,3.03000,3.11000,3.06000,3.07000,73.65000,120.07000
1.00000,0.00000,0.01000,3.05000,3.07000,3.11000,3.12000,73.65000,120.07000
1.00000,0.00000,0.01000,3.13000,3.05000,3.12000,3.13000,75.10000,121.61000
1.01000,0.00000,0.01000,3.13000,3.11000,3.07000,3.08000,75.10000,121.61000
1.02000,0.00000,0.01000,3.09000,3.18000,3.05000,3.06000,73.27000,120.37000
1.02000,0.00000,0.01000,3.07000,3.07000,3.10000,3.11000,73.27000,120.37000
1.03000,0.00000,0.00000,2.78000,3.05000,3.09000,3.10000,74.36000,121.32000
1.04000,0.00000,-0.00000,2.74000,3.11000,3.21000,3.22000,74.36000,121.32000
1.04000,0.00000,-0.01000,2.74000,3.11000,3.28000,3.28000,82.29000,123.56000
1.05000,0.00000,-0.01000,2.92000,3.09000,3.24000,3.23000,82.29000,123.56000
1.06000,0.00000,-0.01000,3.20000,3.15000,3.18000,3.18000,81.28000,123.32000
1.06000,0.00000,-0.01000,3.26000,3.24000,3.20000,3.19000,81.28000,123.32000
1.07000,0.00000,-0.01000,3.26000,3.15000,3.20000,3.20000,78.14000,121.96000
1.08000,0.00000,-0.01000,3.34000,3.15000,3.23000,3.23000,78.14000,121.96000
1.09000,0.00000,-0.00000,3.28000,3.18000,3.27000,3.27000,77.58000,124.04000
1.09000,0.00000,-0.00000,3.24000,3.22000,3.28000,3.28000,77.58000,124.04000
1.10000,0.00000,-0.00000,3.20000,3.20000,3.28000,3.28000,78.89000,123.98000
1.11000,0.00000,-0.01000,3.11000,3.28000,3.28000,3.28000,78.89000,123.98000
1.12000,0.00000,-0.01000,3.07000,3.32000,3.26000,3.26000,80.75000,123.14000
1.12000,0.00000,-0.01000,3.15000,3.26000,3.20000,3.19000,80.75000,123.14000
1.13000,0.00000,-0.01000,3.32000,3.22000,3.16000,3.15000,79.46000,121.69000
1.14000,0.00000,-0.01000,3.28000,3.24000,3.20000,3.19000,79.46000,121.69000
1.14000,0.00000,-0.01000,3.05000,3.09000,3.21000,3.20000,78.39000,122.16000
1.15000,0.00000,-0.01000,3.20000,3.01000,3.19000,3.19000,78.39000,122.16000
1.16000,0.00000,-0.01000,3.18000,3.05000,3.25000,3.24000,79.79000,125.99000
1.17000,0.00000,-0.01000,3.24000,3.22000,3.27000,3.27000,79.79000,125.99000
1.17000,0.00000,-0.01000,3.28000,3.24000,3.27000,3.27000,79.86000,124.69000
1.18000,0.00000,-0.00000,3.34000,3.26000,3.28000,3.28000,79.86000,124.69000
1.19000,0.00000,-0.00000,3.34000,3.32000,3.28000,3.28000,78.65000,124.55000
1.19000,0.00000,-0.00000,3.42000,3.30000,3.28000,3.28000,78.65000,124.55000
1.20000,0.00000,0.00000,3.51000,3.28000,3.27000,3.28000,76.95000,123.99000
1.21000,0.00000,0.01000,3.46000,3.30000,3.23000,3.23000,76.95000,123.99000
1.22000,0.00000,0.01000,3.34000,3.34000,3.17000,3.18000,73.90000,122.40000
1.22000,0.00000,0.01000,3.20000,3.24000,3.17000,3.18000,73.90000,122.40000
1.23000,0.00000,0.00000,2.97000,3.20000,3.18000,3.19000,76.38000,122.80000
1.24000,0.00000,-0.01000,2.88000,3.26000,3.25000,3.25000,76.38000,122.80000
1.25000,0.00000,-0.01000,2.97000,3.26000,3.28000,3.28000,82.36000,123.48000
1.25000,0.00000,-0.01000,3.17000,3.15000,3.22000,3.21000,82.36000,123.48000
1.26000,0.00000,-0.01000,3.32000,3.15000,3.22000,3.22000,79.57000,124.29000
1.27000,0.00000,-0.01000,3.34000,3.24000,3.26000,3.26000,79.57000,124.29000
1.27000,0.00000,-0.00000,3.38000,3.22000,3.28000,3.27000,78.14000,124.26000
1.28000,0.00000,0.00000,3.44000,3.22000,3.28000,3.28000,78.14000,124.26000
1.29000,0.00000,0.00000,3.32000,3.32000,3.25000,3.25000,75.80000,124.47000
1.30000,0.00000,-0.00000,3.24000,3.32000,3.25000,3.25000,75.80000,124.47000
1.30000,0.00000,-0.00000,3.24000,3.24000,3.26000,3.27000,77.97000,123.34000
1.31000,0.00000,-0.00000,3.15000,3.28000,3.26000,3.27000,77.97000,123.34000
1.32000,0.00000,-0.00000,3.07000,3.22000,3.28000,3.28000,79.59000,123.84000
1.33000,0.00000,-0.01000,3.15000,3.17000,3.28000,3.28000,79.59000,123.84000
1.33000,0.00000,-0.00000,3.24000,3.09000,3.28000,3.28000,80.33000,125.37000
1.34000,0.00000,-0.00000,3.28000,3.20000,3.28000,3.28000,80.33000,125.37000
1.35000,0.00000,0.00000,3.30000,3.22000,3.27000,3.27000,79.12000,125.62000
1.35000,0.00000,0.00000,3.28000,3.13000,3.26000,3.26000,79.12000,125.62000
1.36000,0.00000,0.01000,3.22000,2.72000,3.22000,3.23000,78.37000,126.36000
1.37000,0.00000,0.02000,3.03000,2.80000,2.96000,2.98000,78.37000,126.36000
1.37000,0.00000,0.02000,2.91000,2.97000,2.73000,2.76000,74.41000,124.89000
1.38000,0.00000,0.01000,2.90000,3.05000,2.79000,2.81000,74.41000,124.89000
1.39000,0.00000,0.01000,2.76000,3.09000,2.92000,2.94000,77.31000,123.58000
1.39000,0.00000,-0.00000,2.80000,3.15000,3.13000,3.14000,77.31000,123.58000
1.40000,0.00000,-0.00000,3.03000,3.07000,3.25000,3.26000,83.95000,126.12000
1.41000,0.00000,0.00000,3.28000,3.17000,3.26000,3.26000,83.95000,126.12000
1.42000,0.00000,0.00000,3.40000,3.30000,3.24000,3.24000,79.27000,126.20000
1.42000,0.00000,0.01000,3.47000,3.32000,3.20000,3.21000,79.27000,126.20000
1.43000,0.00000,0.01000,3.47000,3.32000,3.14000,3.15000,74.81000,123.07000
1.44000,0.00000,0.01000,3.30000,3.36000,3.06000,3.07000,74.81000,123.07000
1.45000,0.00000,0.00000,3.07000,3.34000,3.09000,3.10000,74.58000,120.69000
1.45000,0.00000,-0.00000,3.01000,3.17000,3.21000,3.21000,74.58000,120.69000
1.46000,0.00000,-0.00000,3.03000,3.07000,3.25000,3.25000,80.10000,124.22000
1.47000,0.00000,-0.00000,3.03000,3.17000,3.26000,3.26000,80.10000,124.22000
1.47000,0.00000,-0.00000,3.15000,3.20000,3.28000,3.28000,81.65000,125.08000
1.48000,0.00000,-0.00000,3.32000,3.22000,3.28000,3.28000,81.65000,125.08000
1.49000,0.00000,-0.00000,3.32000,3.28000,3.27000,3.27000,78.68000,124.99000
1.50000,0.00000,-0.00000,3.36000,3.32000,3.27000,3.27000,78.68000,124.99000
1.50000,0.00000,0.00000,3.53000,3.28000,3.26000,3.26000,77.55000,123.57000
1.51000,0.00000,0.01000,3.57000,3.24000,3.19000,3.19000,77.55000,123.57000
1.52000,0.00000,0.01000,3.44000,3.28000,3.00000,3.01000,69.95000,120.76000
1.53000,0.00000,0.01000,3.13000,3.20000,2.85000,2.87000,69.95000,120.76000
1.53000,0.00000,0.01000,2.93000,3.05000,2.89000,2.91000,71.44000,118.50000
1.54000,0.00000,0.01000,2.82000,2.97000,2.98000,3.00000,71.44000,118.50000
1.54000,0.00000,0.00000,2.64000,2.88000,3.07000,3.09000,77.42000,122.84000
1.55000,0.00000,0.00000,2.80000,2.80000,3.19000,3.20000,77.42000,122.84000
1.56000,0.00000,0.01000,3.05000,2.82000,3.19000,3.19000,80.93000,127.66000
1.56000,0.00000,0.01000,3.13000,2.99000,3.07000,3.08000,80.93000,127.66000
1.57000,0.00000,0.01000,3.28000,3.11000,2.96000,2.98000,74.93000,124.01000
1.58000,0.00000,0.01000,3.28000,3.20000,2.80000,2.82000,74.93000,124.01000
1.59000,0.00000,0.01000,3.11000,3.28000,2.68000,2.71000,67.46000,116.82000
1.59000,0.00000,0.00000,2.82000,3.24000,2.84000,2.87000,67.46000,116.82000
1.60000,0.00000,-0.00000,2.61000,2.97000,3.13000,3.14000,77.50000,119.73000
1.61000,0.00000,-0.01000,2.74000,2.90000,3.25000,3.25000,77.50000,119.73000
1.61000,0.00000,-0.01000,2.95000,2.97000,3.28000,3.28000,82.78000,126.20000
1.62000,0.00000,-0.01000,3.24000,3.11000,3.28000,3.28000,82.78000,126.20000
1.63000,0.00000,-0.00000,3.32000,3.22000,3.26000,3.26000,78.31000,125.12000
1.63000,0.00000,-0.01000,3.24000,3.34000,3.24000,3.24000,78.31000,125.12000
1.64000,0.00000,-0.01000,3.15000,3.42000,3.26000,3.26000,78.43000,122.58000
1.65000,0.00000,-0.01000,3.17000,3.32000,3.28000,3.28000,78.43000,122.58000
1.66000,0.00000,-0.01000,3.22000,3.28000,3.27000,3.26000,79.60000,122.44000
1.66000,0.00000,-0.01000,3.22000,3.26000,3.25000,3.25000,79.60000,122.44000
1.67000,0.00000,-0.01000,3.30000,3.24000,3.24000,3.24000,79.20000,122.69000
1.68000,0.00000,-0.01000,3.36000,3.15000,3.26000,3.25000,79.20000,122.69000
1.69000,0.00000,-0.01000,3.40000,3.15000,3.28000,3.28000,77.74000,124.74000
1.69000,0.00000,-0.00000,3.28000,3.24000,3.26000,3.27000,77.74000,124.74000
1.70000,0.00000,-0.01000,3.01000,3.22000,3.25000,3.26000,78.10000,123.91000
1.71000,0.00000,-0.01000,3.07000,3.15000,3.28000,3.28000,78.10000,123.91000
1.71000,0.00000,-0.01000,3.09000,3.17000,3.28000,3.28000,81.48000,125.64000
1.72000,0.00000,-0.01000,2.99000,2.99000,3.28000,3.27000,81.48000,125.64000
1.73000,0.00000,-0.00000,3.03000,2.66000,3.28000,3.27000,83.89000,128.78000
1.73000,0.00000,0.02000,3.07000,1.97000,3.25000,3.26000,83.89000,128.78000
1.74000,0.00000,0.04000,2.99000,1.41000,2.36000,2.48000,70.60000,133.76000
1.74000,0.00000,0.07000,2.80000,1.18000,1.35000,1.77000,70.60000,133.76000
1.75000,0.00000,0.08000,2.51000,1.91000,1.25000,1.87000,53.82000,139.57000
1.75000,0.00000,0.07000,1.87000,2.91000,1.22000,1.91000,53.82000,139.57000
1.76000,0.00000,0.03000,1.33000,3.36000,1.27000,1.86000,58.72000,117.67000
1.76000,0.00000,0.01000,1.12000,2.37000,1.40000,1.75000,58.72000,117.67000
1.76000,0.00000,-0.01000,1.12000,2.08000,2.55000,2.59000,85.55000,130.45000
1.77000,0.00000,-0.02000,1.74000,2.41000,3.24000,3.24000,85.55000,130.45000
1.78000,0.00000,-0.03000,2.57000,2.78000,3.23000,3.23000,95.08000,140.79000
1.78000,0.00000,-0.02000,3.28000,2.99000,3.16000,3.15000,95.08000,140.79000
1.79000,0.00000,-0.01000,3.78000,3.28000,3.25000,3.24000,81.19000,137.22000
1.80000,0.00000,-0.01000,3.71000,3.49000,3.26000,3.27000,81.19000,137.22000
1.81000,0.00000,-0.01000,3.59000,3.65000,3.20000,3.21000,73.81000,130.76000
1.81000,0.00000,-0.01000,3.28000,3.32000,3.22000,3.22000,73.81000,130.76000
1.82000,0.00000,-0.00000,2.82000,2.30000,3.23000,3.23000,77.61000,131.90000
1.83000,0.00000,0.01000,2.74000,2.24000,2.95000,2.96000,77.61000,131.90000
1.83000,0.00000,0.01000,2.78000,2.61000,2.21000,2.41000,70.15000,135.20000
1.84000,0.00000,0.01000,2.62000,2.72000,1.88000,2.12000,70.15000,135.20000
1.84000,0.00000,0.01000,2.24000,2.22000,1.94000,2.17000,64.79000,125.44000
1.85000,0.00000,0.02000,2.08000,1.76000,1.84000,2.08000,64.79000,125.44000
1.85000,0.00000,0.01000,1.83000,2.10000,1.53000,1.82000,62.66000,131.25000
1.86000,0.00000,-0.00000,1.62000,2.45000,1.68000,1.94000,62.66000,131.25000
1.86000,0.00000,-0.02000,1.47000,2.35000,2.81000,2.83000,85.43000,136.48000
1.86000,0.00000,-0.02000,1.93000,1.99000,3.26000,3.27000,85.43000,136.48000
1.87000,0.00000,-0.02000,2.53000,2.41000,3.27000,3.27000,94.85000,152.26000
1.88000,0.00000,-0.02000,3.03000,2.78000,3.25000,3.25000,94.85000,152.26000
1.88000,0.00000,-0.01000,3.53000,3.28000,3.16000,3.17000,84.79000,146.59000
1.89000,0.00000,-0.01000,3.65000,3.80000,3.00000,3.01000,84.79000,146.59000
1.90000,0.00000,-0.02000,3.36000,3.92000,3.06000,3.07000,74.64000,132.13000
1.91000,0.00000,-0.04000,3.20000,3.86000,3.26000,3.26000,74.64000,132.13000
1.92000,0.00000,-0.05000,3.09000,3.78000,3.22000,3.21000,80.35000,129.00000
1.92000,0.00000,-0.06000,3.09000,3.63000,2.74000,2.71000,80.35000,129.00000
1.93000,0.00000,-0.04000,2.99000,1.93000,1.97000,1.72000,63.33000,106.06000
1.93000,0.00000,-0.01000,2.74000,1.12000,2.99000,2.97000,63.33000,106.06000
1.94000,0.00000,0.03000,2.26000,0.33000,3.08000,3.09000,78.47000,152.81000
1.94000,0.00000,0.06000,1.85000,0.00000,1.38000,1.76000,78.47000,152.81000
1.94000,0.00000,0.09000,1.74000,0.00000,1.25000,1.87000,66.55000,163.18000
1.94000,0.00000,0.12000,1.49000,0.00000,1.16000,1.96000,66.55000,163.18000
1.94000,0.00000,0.14000,1.02000,0.00000,1.10000,2.03000,65.92000,176.76000
1.94000,0.00000,0.15000,0.71000,0.00000,1.06000,2.06000,65.92000,176.76000
1.94000,0.00000,0.16000,0.60000,0.00000,1.04000,2.09000,74.50000,189.82000
1.95000,0.00000,0.17000,0.58000,0.00000,1.02000,2.10000,74.50000,189.82000
1.95000,0.00000,0.18000,0.64000,0.00000,1.01000,2.12000,77.88000,202.80000
1.95000,0.00000,0.20000,0.77000,0.00000,0.99000,2.13000,77.88000,202.80000
1.95000,0.00000,0.21000,0.87000,0.00000,0.98000,2.15000,77.18000,215.97000
1.95000,0.00000,0.23000,0.83000,0.00000,0.96000,2.16000,77.18000,215.97000
1.95000,0.00000,0.24000,0.75000,0.00000,0.95000,2.18000,77.08000,229.27000
1.95000,0.00000,0.25000,0.77000,0.00000,0.94000,2.19000,77.08000,229.27000
1.95000,0.00000,0.27000,0.73000,0.00000,0.93000,2.19000,78.47000,242.58000
1.95000,0.00000,0.28000,0.66000,0.00000,0.93000,2.20000,78.47000,242.58000
1.95000,0.00000,0.29000,0.66000,0.00000,0.92000,2.20000,80.85000,255.00000
1.95000,0.00000,0.30000,0.69000,0.00000,0.92000,2.21000,80.85000,255.00000
1.95000,0.00000,0.32000,0.69000,0.00000,0.92000,2.21000,82.00000,255.00000
1.95000,0.00000,0.33000,0.66000,0.00000,0.91000,2.21000,82.00000,255.00000
1.96000,0.00000,0.34000,0.71000,0.00000,0.91000,2.21000,83.64000,255.00000
1.96000,0.01000,0.35000,0.77000,0.00000,0.91000,2.21000,83.64000,255.00000
1.96000,0.01000,0.37000,0.77000,0.00000,0.91000,2.21000,83.54000,255.00000
1.96000,0.01000,0.38000,0.77000,0.00000,0.91000,2.21000,83.54000,255.00000
1.96000,0.01000,0.40000,0.83000,0.00000,0.91000,2.21000,84.36000,255.00000
1.96000,0.01000,0.41000,0.87000,0.00000,0.91000,2.21000,84.36000,255.00000
1.96000,0.01000,0.43000,0.85000,0.00000,0.91000,2.21000,83.62000,255.00000
1.96000,0.01000,0.44000,0.75000,0.00000,0.90000,2.20000,83.62000,255.00000
1.96000,0.01000,0.46000,0.75000,0.00000,0.91000,2.19000,85.67000,255.00000
1.96000,0.01000,0.47000,0.77000,0.00000,0.90000,2.18000,85.67000,255.00000
1.96000,0.01000,0.48000,0.81000,0.00000,0.90000,2.16000,86.25000,255.00000
1.96000,0.01000,0.50000,0.79000,0.00000,0.90000,2.13000,86.25000,255.00000
1.97000,0.01000,0.51000,0.81000,0.00000,0.88000,2.10000,86.47000,255.00000
1.97000,0.01000,0.53000,0.83000,0.00000,0.86000,2.04000,86.47000,255.00000
1.97000,0.01000,0.54000,0.81000,0.00000,0.81000,1.97000,85.34000,255.00000
1.97000,0.01000,0.56000,0.83000,0.00000,0.74000,1.86000,85.34000,255.00000
1.97000,0.01000,0.57000,0.83000,0.00000,0.61000,1.70000,82.27000,255.00000
1.97000,0.01000,0.59000,0.75000,0.00000,0.45000,1.50000,82.27000,255.00000
1.97000,0.01000,0.60000,0.69000,0.00000,0.25000,1.26000,76.76000,255.00000
1.97000,0.01000,0.61000,0.58000,0.00000,0.05000,1.07000,76.76000,255.00000
1.97000,0.01000,0.62000,0.48000,0.00000,-0.09000,0.93000,71.11000,255.00000
1.97000,0.01000,0.62000,0.33000,0.00000,-0.19000,0.84000,71.11000,255.00000
1.97000,0.01000,0.63000,0.19000,0.00000,-0.25000,0.79000,68.45000,255.00000
1.97000,0.01000,0.63000,0.02000,0.00000,-0.28000,0.76000,68.45000,255.00000
1.97000,0.01000,0.63000,0.00000,0.00000,-0.28000,0.76000,69.14000,255.00000
1.97000,0.01000,0.63000,0.02000,0.00000,-0.28000,0.76000,69.14000,255.00000
1.97000,0.01000,0.63000,0.02000,0.00000,-0.29000,0.75000,67.28000,255.00000
1.97000,0.01000,0.63000,0.00000,0.00000,-0.29000,0.75000,67.28000,255.00000
1.97000,0.01000,0.63000,0.06000,0.00000,-0.29000,0.75000,65.70000,255.00000
1.97000,0.01000,0.63000,0.00000,0.00000,-0.30000,0.74000,65.70000,255.00000
1.97000,0.01000,0.63000,0.00000,0.00000,-0.30000,0.74000,63.84000,255.00000
1.97000,0.01000,0.63000,0.00000,0.00000,-0.30000,0.74000,63.84000,255.00000
1.97000,0.01000,0.63000,0.00000,0.00000,-0.30000,0.74000,62.06000,255.00000
1.97000,0.01000,0.63000,0.00000,0.00000,-0.30000,0.74000,62.06000,255.00000
1.97000,0.01000,0.63000,0.00000,0.00000,-0.30000,0.74000,60.27000,255.00000
1.97000,0.01000,0.63000,0.00000,0.00000,-0.30000,0.74000,60.27000,255.00000
1.97000,0.01000,0.63000,0.00000,0.00000,-0.30000,0.74000,58.49000,255.00000
1.97000,0.01000,0.63000,0.00000,0.00000,-0.30000,0.74000,58.49000,255.00000
1.97000,0.01000,0.63000,0.00000,0.00000,-0.30000,0.74000,56.71000,255.00000
1.97000,0.01000,0.63000,0.00000,0.00000,-0.30000,0.74000,56.71000,255.00000
1.97000,0.01000,0.63000,0.00000,0.00000,-0.30000,0.74000,54.92000,255.00000
1.97000,0.01000,0.63000,0.00000,0.00000,-0.30000,0.74000,54.92000,255.00000
1.97000,0.01000,0.63000,0.00000,0.00000,-0.30000,0.74000,53.14000,255.00000
1.97000,0.01000,0.63000,0.00000,0.00000,-0.30000,0.74000,53.14000,255.00000
1.97000,0.01000,0.63000,0.00000,0.00000,-0.30000,0.74000,51.36000,255.00000
1.97000,0.01000,0.63000,0.00000,0.00000,-0.30000,0.74000,51.36000,255.00000
1.97000,0.01000,0.63000,0.00000,0.00000,-0.30000,0.74000,49.57000,255.00000
1.97000,0.01000,0.63000,0.00000,0.00000,-0.30000,0.74000,49.57000,255.00000
1.97000,0.01000,0.63000,0.00000,0.00000,-0.30000,0.74000,47.79000,255.00000
1.97000,0.01000,0.63000,0.00000,0.00000,-0.30000,0.74000,47.79000,255.00000
1.97000,0.01000,0.63000,0.00000,0.00000,-0.30000,0.74000,46.00000,255.00000
1.97000,0.01000,0.63000,0.00000,0.00000,-0.30000,0.74000,46.00000,255.00000
1.97000,0.01000,0.63000,0.00000,0.00000,-0.30000,0.74000,44.22000,255.00000
1.97000,0.01000,0.63000,0.00000,0.00000,-0.30000,0.74000,44.22000,255.00000
1.97000,0.01000,0.63000,0.00000,0.00000,-0.30000,0.74000,42.44000,255.00000
1.97000,0.01000,0.63000,0.00000,0.00000,-0.30000,0.74000,42.44000,255.00000
1.97000,0.01000,0.63000,0.00000,0.00000,-0.30000,0.74000,40.65000,255.00000
1.97000,0.01000,0.63000,0.00000,0.00000,-0.30000,0.74000,40.65000,255.00000
1.97000,0.01000,0.63000,0.00000,0.00000,-0.30000,0.74000,38.87000,255.00000
1.97000,0.01000,0.63000,0.00000,0.00000,-0.30000,0.74000,38.87000,255.00000
1.97000,0.01000,0.63000,0.00000,0.00000,-0.30000,0.74000,37.09000,255.00000
1.97000,0.01000,0.63000,0.00000,0.12000,-0.30000,0.74000,37.09000,255.00000
1.98000,0.02000,0.55000,0.00000,4.02000,-0.30000,0.74000,35.23000,255.00000
1.98000,0.02000,0.44000,0.00000,6.56000,-0.42000,0.61000,35.23000,255.00000
1.99000,0.02000,0.32000,0.00000,6.18000,0.44000,-0.41000,44.58000,150.49000
1.99000,0.02000,0.22000,0.00000,5.75000,0.23000,-0.23000,44.58000,150.49000
2.00000,0.03000,0.14000,0.00000,4.15000,0.06000,-0.06000,41.56000,126.05000
2.00000,0.03000,0.10000,0.00000,2.72000,-0.03000,0.03000,41.56000,126.05000
2.00000,0.03000,0.06000,0.00000,1.99000,-0.10000,0.10000,39.54000,138.99000
2.01000,0.03000,0.02000,0.00000,2.34000,-0.15000,0.15000,39.54000,138.99000
2.01000,0.03000,-0.03000,0.00000,2.88000,-0.23000,0.22000,37.01000,130.77000
2.01000,0.03000,-0.08000,0.00000,2.70000,-0.33000,0.32000,37.01000,130.77000
2.01000,0.03000,-0.12000,0.00000,2.28000,-0.42000,0.40000,32.73000,115.34000
2.02000,0.03000,-0.16000,0.00000,1.91000,-0.49000,0.44000,32.73000,115.34000
2.02000,0.03000,-0.19000,0.00000,1.58000,-0.54000,0.45000,28.45000,114.15000
2.02000,0.03000,-0.21000,0.00000,1.47000,-0.58000,0.44000,28.45000,114.15000
2.02000,0.02000,-0.24000,0.00000,1.37000,-0.62000,0.41000,23.93000,111.31000
2.02000,0.02000,-0.26000,0.00000,1.41000,-0.68000,0.36000,23.93000,111.31000
2.03000,0.02000,-0.30000,0.00000,1.74000,-0.75000,0.29000,18.30000,104.05000
2.03000,0.02000,-0.33000,0.00000,1.64000,-0.88000,0.15000,18.30000,104.05000
2.03000,0.02000,-0.35000,0.00000,1.58000,-1.04000,-0.02000,9.48000,89.32000
2.03000,0.02000,-0.38000,0.00000,1.33000,-1.23000,-0.22000,9.48000,89.32000
2.03000,0.02000,-0.40000,0.00000,0.98000,-1.43000,-0.39000,-2.58000,78.46000
2.03000,0.02000,-0.40000,0.00000,0.39000,-1.56000,-0.50000,-2.58000,78.46000
2.03000,0.02000,-0.41000,0.00000,0.44000,-1.61000,-0.54000,-13.86000,79.95000
2.03000,0.02000,-0.41000,0.00000,0.02000,-1.66000,-0.58000,-13.86000,79.95000
2.03000,0.02000,-0.41000,0.00000,0.00000,-1.66000,-0.58000,-24.28000,79.34000
2.03000,0.02000,-0.41000,0.00000,0.00000,-1.66000,-0.58000,-24.28000,79.34000
2.03000,0.02000,-0.41000,0.00000,0.00000,-1.66000,-0.58000,-34.24000,76.05000
2.03000,0.02000,-0.41000,0.00000,0.00000,-1.66000,-0.58000,-34.24000,76.05000
2.03000,0.02000,-0.41000,-0.02000,0.00000,-1.66000,-0.58000,-44.19000,72.58000
2.03000,0.02000,-0.41000,0.00000,0.00000,-1.66000,-0.58000,-44.19000,72.58000
2.03000,0.02000,-0.41000,0.00000,0.00000,-1.66000,-0.58000,-54.17000,69.09000
2.03000,0.02000,-0.41000,0.00000,0.00000,-1.66000,-0.58000,-54.17000,69.09000
2.03000,0.02000,-0.41000,0.00000,0.00000,-1.66000,-0.58000,-64.14000,65.61000
2.03000,0.02000,-0.41000,-0.02000,0.00000,-1.66000,-0.58000,-64.14000,65.61000
2.03000,0.02000,-0.41000,-0.02000,0.00000,-1.66000,-0.58000,-73.82000,62.11000
2.03000,0.02000,-0.42000,-0.54000,0.00000,-1.66000,-0.58000,-73.82000,62.11000
2.03000,0.02000,-0.45000,-1.35000,0.00000,-1.71000,-0.62000,-76.56000,58.08000
2.03000,0.02000,-0.48000,-2.01000,0.00000,-1.81000,-0.70000,-76.56000,58.08000
2.03000,0.02000,-0.53000,-2.49000,0.00000,-1.92000,-0.78000,-64.64000,51.95000
2.02000,0.03000,-0.57000,-2.53000,0.00000,-2.02000,-0.84000,-64.64000,51.95000
2.02000,0.03000,-0.62000,-2.41000,0.00000,-2.09000,-0.88000,-58.88000,45.74000
2.02000,0.03000,-0.66000,-2.24000,0.00000,-2.14000,-0.90000,-58.88000,45.74000
2.02000,0.03000,-0.70000,-2.05000,0.00000,-2.17000,-0.90000,-61.73000,40.13000
2.02000,0.03000,-0.73000,-2.01000,0.00000,-2.19000,-0.91000,-61.73000,40.13000
2.01000,0.03000,-0.77000,-2.05000,0.00000,-2.20000,-0.90000,-65.17000,34.69000
2.01000,0.04000,-0.81000,-2.20000,0.00000,-2.21000,-0.91000,-65.17000,34.69000
2.01000,0.04000,-0.85000,-2.30000,0.00000,-2.21000,-0.91000,-63.67000,29.22000
2.01000,0.04000,-0.89000,-2.37000,0.00000,-2.21000,-0.91000,-63.67000,29.22000
2.01000,0.04000,-0.93000,-2.30000,0.00000,-2.21000,-0.91000,-61.29000,23.75000
2.01000,0.04000,-0.98000,-2.30000,0.00000,-2.21000,-0.91000,-61.29000,23.75000
2.00000,0.05000,-1.02000,-2.24000,0.00000,-2.21000,-0.91000,-61.31000,18.26000
2.00000,0.05000,-1.06000,-2.28000,0.00000,-2.21000,-0.91000,-61.31000,18.26000
2.00000,0.05000,-1.10000,-2.26000,0.00000,-2.20000,-0.92000,-60.93000,12.63000
2.00000,0.05000,-1.14000,-2.26000,0.00000,-2.19000,-0.93000,-60.93000,12.63000
2.00000,0.05000,-1.18000,-2.22000,0.00000,-2.18000,-0.95000,-60.41000,6.74000
2.00000,0.06000,-1.22000,-2.22000,0.00000,-2.16000,-0.96000,-60.41000,6.74000
2.00000,0.06000,-1.26000,-2.20000,0.00000,-2.15000,-0.98000,-60.05000,0.60000
2.00000,0.06000,-1.30000,-2.20000,0.00000,-2.13000,-0.99000,-60.05000,0.60000
2.00000,0.06000,-1.34000,-2.20000,0.00000,-2.12000,-1.01000,-59.44000,-5.76000
2.00000,0.07000,-1.38000,-2.16000,0.00000,-2.11000,-1.09000,-59.44000,-5.76000
1.99000,0.07000,-1.42000,-2.10000,0.00000,-3.29000,-3.26000,-77.14000,-45.60000
1.99000,0.07000,-1.46000,-2.51000,0.00000,-1.26000,-2.15000,-77.14000,-45.60000
1.99000,0.07000,-1.52000,-3.07000,0.00000,-1.01000,-2.12000,-44.47000,-47.98000
1.99000,0.08000,-1.56000,-2.57000,0.00000,-0.99000,-2.14000,-44.47000,-47.98000
1.99000,0.08000,-1.59000,-1.66000,0.00000,-0.97000,-2.16000,-33.85000,-61.35000
1.99000,0.08000,-1.61000,-0.71000,0.00000,-0.95000,-2.17000,-33.85000,-61.35000
1.99000,0.08000,-1.61000,-0.04000,0.00000,-0.95000,-2.18000,-51.93000,-74.58000
1.99000,0.08000,-1.61000,0.00000,0.00000,-0.95000,-2.18000,-51.93000,-74.58000
1.99000,0.08000,-1.61000,0.00000,0.00000,-0.95000,-2.18000,-63.96000,-87.66000
1.99000,0.08000,-1.61000,-0.06000,0.00000,-0.95000,-2.18000,-63.96000,-87.66000
1.99000,0.08000,-1.62000,-0.60000,0.00000,-0.95000,-2.18000,-68.70000,-100.75000
1.99000,0.08000,-1.64000,-0.91000,0.00000,-0.94000,-2.18000,-68.70000,-100.75000
1.99000,0.08000,-1.66000,-1.20000,0.00000,-0.93000,-2.19000,-61.07000,-113.97000
1.99000,0.08000,-1.68000,-1.29000,0.00000,-0.93000,-2.20000,-61.07000,-113.97000
1.99000,0.09000,-1.70000,-1.18000,0.00000,-0.92000,-2.20000,-55.40000,-127.32000
1.99000,0.09000,-1.72000,-0.85000,0.00000,-0.92000,-2.21000,-55.40000,-127.32000
1.99000,0.09000,-1.73000,-0.62000,0.00000,-0.91000,-2.21000,-59.63000,-140.63000
1.99000,0.09000,-1.74000,-0.54000,0.00000,-0.91000,-2.21000,-59.63000,-140.63000
1.99000,0.09000,-1.75000,-0.46000,0.00000,-0.91000,-2.21000,-64.66000,-153.93000
1.99000,0.09000,-1.76000,-0.50000,0.00000,-0.91000,-2.21000,-64.66000,-153.93000
1.99000,0.09000,-1.77000,-0.71000,0.00000,-0.91000,-2.21000,-67.50000,-167.22000
2.00000,0.09000,-1.78000,-0.75000,0.00000,-0.91000,-2.21000,-67.50000,-167.22000
2.00000,0.09000,-1.80000,-0.77000,0.00000,-0.91000,-2.21000,-66.22000,-180.51000
2.00000,0.09000,-1.81000,-0.81000,0.00000,-0.91000,-2.21000,-66.22000,-180.51000
2.00000,0.09000,-1.83000,-0.83000,-0.02000,-0.91000,-2.21000,-66.25000,-193.79000
2.00000,0.09000,-1.84000,-0.73000,-0.23000,-0.91000,-2.21000,-66.25000,-193.79000
2.00000,0.10000,-1.82000,-0.87000,-1.95000,-0.91000,-2.21000,-68.08000,-203.64000
2.00000,0.10000,-1.79000,-1.02000,-2.63000,-0.91000,-2.21000,-68.08000,-203.64000
2.00000,0.11000,-1.75000,-1.04000,-3.30000,-0.91000,-2.21000,-64.84000,-179.47000
2.00000,0.11000,-1.71000,-1.06000,-3.03000,-0.91000,-2.21000,-64.84000,-179.47000
2.00000,0.12000,-1.68000,-1.14000,-2.97000,-0.91000,-2.21000,-63.61000,-171.04000
2.00000,0.12000,-1.65000,-1.16000,-2.55000,-0.91000,-2.21000,-63.61000,-171.04000
2.00000,0.12000,-1.63000,-1.08000,-2.41000,-0.92000,-2.21000,-61.23000,-173.22000
2.00000,0.13000,-1.61000,-1.02000,-2.07000,-0.92000,-2.21000,-61.23000,-173.22000
2.00000,0.13000,-1.59000,-1.08000,-2.28000,-0.92000,-2.20000,-62.02000,-178.24000
2.00000,0.13000,-1.57000,-0.95000,-1.87000,-0.93000,-2.20000,-62.02000,-178.24000
2.00000,0.14000,-1.55000,-0.85000,-1.99000,-0.93000,-2.20000,-62.49000,-182.01000
2.00000,0.14000,-1.53000,-0.91000,-1.91000,-0.93000,-2.19000,-62.49000,-182.01000
2.00000,0.14000,-1.51000,-0.87000,-1.95000,-0.94000,-2.19000,-63.10000,-183.23000
2.00000,0.15000,-1.49000,-0.77000,-1.97000,-0.94000,-2.18000,-63.10000,-183.23000
2.00000,0.15000,-1.47000,-0.77000,-1.81000,-0.95000,-2.17000,-65.60000,-183.77000
2.00000,0.15000,-1.46000,-0.91000,-1.66000,-0.96000,-2.17000,-65.60000,-183.77000
2.00000,0.16000,-1.44000,-0.91000,-1.87000,-0.96000,-2.16000,-64.70000,-189.52000
2.00000,0.16000,-1.41000,-0.95000,-2.70000,-0.97000,-2.16000,-64.70000,-189.52000
2.00000,0.16000,-1.39000,-0.98000,-2.24000,-0.98000,-2.15000,-64.62000,-176.70000
2.00000,0.17000,-1.37000,-0.98000,-1.93000,-0.99000,-2.14000,-64.62000,-176.70000
2.00000,0.17000,-1.35000,-0.87000,-1.87000,-0.99000,-2.13000,-64.66000,-184.66000
2.00000,0.17000,-1.33000,-0.95000,-2.30000,-1.00000,-2.12000,-64.66000,-184.66000
2.00000,0.18000,-1.30000,-1.00000,-2.45000,-1.01000,-2.12000,-65.34000,-180.07000
1.99000,0.18000,-1.27000,-1.08000,-2.68000,-1.02000,-2.11000,-65.34000,-180.07000
1.99000,0.18000,-1.25000,-1.00000,-2.05000,-1.65000,-2.25000,-73.48000,-175.37000
1.99000,0.19000,-1.24000,-1.16000,-1.70000,-3.09000,-3.13000,-73.48000,-175.37000
1.99000,0.19000,-1.24000,-1.41000,-1.49000,-3.26000,-3.29000,-99.79000,-202.98000
1.99000,0.19000,-1.24000,-1.87000,-1.80000,-3.27000,-3.29000,-99.79000,-202.98000
1.99000,0.20000,-1.25000,-2.49000,-2.18000,-3.26000,-3.29000,-101.84000,-210.97000
1.99000,0.20000,-1.26000,-2.86000,-2.45000,-3.19000,-3.22000,-101.84000,-210.97000
1.98000,0.21000,-1.26000,-2.99000,-2.91000,-2.96000,-3.00000,-90.66000,-205.87000
1.98000,0.22000,-1.25000,-3.07000,-3.40000,-2.84000,-2.89000,-90.66000,-205.87000
1.98000,0.22000,-1.24000,-3.09000,-3.42000,-3.05000,-3.09000,-89.56000,-196.21000
1.98000,0.23000,-1.25000,-3.01000,-2.68000,-3.19000,-3.22000,-89.56000,-196.21000
1.98000,0.23000,-1.27000,-2.74000,-1.47000,-3.00000,-3.04000,-89.59000,-204.48000
1.98000,0.24000,-1.30000,-2.61000,-1.37000,-1.16000,-2.13000,-89.59000,-204.48000
1.97000,0.24000,-1.32000,-2.49000,-1.33000,-1.02000,-2.11000,-65.69000,-212.29000
1.97000,0.25000,-1.32000,-1.95000,-1.56000,-1.01000,-2.12000,-65.69000,-212.29000
1.97000,0.25000,-1.32000,-1.37000,-1.62000,-1.00000,-2.12000,-65.88000,-214.15000
1.97000,0.25000,-1.31000,-1.08000,-1.70000,-1.00000,-2.12000,-65.88000,-214.15000
1.97000,0.26000,-1.29000,-0.85000,-1.76000,-1.01000,-2.12000,-73.32000,-215.32000
1.97000,0.26000,-1.28000,-0.81000,-1.60000,-1.01000,-2.11000,-73.32000,-215.32000
1.97000,0.26000,-1.27000,-0.95000,-1.60000,-1.01000,-2.11000,-77.04000,-219.22000
1.97000,0.26000,-1.26000,-1.16000,-1.64000,-1.02000,-2.11000,-77.04000,-219.22000
1.97000,0.27000,-1.25000,-1.20000,-1.62000,-1.02000,-2.11000,-73.12000,-221.61000
1.97000,0.27000,-1.24000,-1.18000,-1.70000,-1.04000,-2.11000,-73.12000,-221.61000
1.97000,0.27000,-1.23000,-1.14000,-1.70000,-1.11000,-2.12000,-73.29000,-223.66000
1.96000,0.28000,-1.22000,-1.16000,-1.76000,-1.49000,-2.20000,-73.29000,-223.66000
1.96000,0.28000,-1.21000,-1.04000,-1.78000,-2.47000,-2.57000,-93.58000,-232.02000
1.96000,0.28000,-1.20000,-1.33000,-1.87000,-3.11000,-3.15000,-93.58000,-232.02000
1.96000,0.29000,-1.19000,-1.74000,-1.93000,-3.26000,-3.29000,-110.80000,-246.06000
1.96000,0.29000,-1.19000,-2.12000,-2.20000,-3.29000,-3.27000,-110.80000,-246.06000
1.96000,0.30000,-1.19000,-2.43000,-2.34000,-3.29000,-3.26000,-110.95000,-249.20000
1.95000,0.30000,-1.20000,-2.61000,-2.39000,-3.29000,-3.27000,-110.95000,-249.20000
1.95000,0.31000,-1.20000,-2.68000,-2.45000,-3.26000,-3.29000,-110.11000,-253.15000
1.95000,0.31000,-1.20000,-2.61000,-2.45000,-0.99000,-2.13000,-110.11000,-253.15000
1.95000,0.32000,-1.21000,-2.61000,-2.49000,-0.99000,-2.13000,-79.95000,-240.31000
1.95000,0.32000,-1.20000,-2.22000,-2.32000,-0.99000,-2.14000,-79.95000,-240.31000
1.95000,0.33000,-1.19000,-1.68000,-2.22000,-0.99000,-2.14000,-76.11000,-240.33000
1.94000,0.33000,-1.18000,-1.33000,-2.26000,-0.99000,-2.13000,-76.11000,-240.33000
1.94000,0.33000,-1.16000,-1.12000,-2.24000,-1.00000,-2.12000,-82.26000,-239.99000
1.94000,0.34000,-1.14000,-1.08000,-2.24000,-1.01000,-2.12000,-82.26000,-239.99000
1.94000,0.34000,-1.12000,-1.12000,-2.20000,-1.01000,-2.11000,-84.24000,-239.22000
1.94000,0.34000,-1.10000,-1.24000,-2.12000,-1.03000,-2.11000,-84.24000,-239.22000
1.94000,0.35000,-1.09000,-1.33000,-2.20000,-1.48000,-2.20000,-88.35000,-241.67000
1.93000,0.35000,-1.07000,-1.45000,-2.28000,-2.90000,-2.95000,-88.35000,-241.67000
1.93000,0.35000,-1.06000,-1.56000,-2.26000,-3.26000,-3.29000,-113.39000,-255.00000
1.93000,0.36000,-1.05000,-1.93000,-2.39000,-3.16000,-3.13000,-113.39000,-255.00000
1.93000,0.36000,-1.05000,-2.30000,-2.43000,-2.83000,-2.77000,-110.63000,-252.74000
1.92000,0.37000,-1.05000,-2.47000,-2.34000,-2.67000,-2.59000,-110.63000,-252.74000
1.92000,0.37000,-1.05000,-2.55000,-2.45000,-2.79000,-2.72000,-107.27000,-254.93000
1.92000,0.38000,-1.05000,-2.51000,-2.45000,-2.87000,-2.81000,-107.27000,-254.93000
1.92000,0.38000,-1.05000,-2.45000,-2.47000,-2.91000,-2.85000,-110.35000,-255.00000
1.91000,0.39000,-1.05000,-2.45000,-2.53000,-2.87000,-2.81000,-110.35000,-255.00000
1.91000,0.39000,-1.05000,-2.49000,-2.55000,-2.76000,-2.69000,-111.49000,-255.00000
1.91000,0.40000,-1.05000,-2.49000,-2.53000,-2.66000,-2.58000,-111.49000,-255.00000
1.90000,0.40000,-1.04000,-2.51000,-2.74000,-2.57000,-2.47000,-109.92000,-254.10000
1.90000,0.41000,-1.04000,-2.55000,-2.68000,-2.34000,-1.92000,-109.92000,-254.10000
1.90000,0.41000,-1.04000,-2.49000,-2.51000,-2.24000,-1.60000,-104.43000,-238.53000
1.90000,0.42000,-1.05000,-2.49000,-2.26000,-2.21000,-1.50000,-104.43000,-238.53000
1.89000,0.42000,-1.05000,-2.49000,-2.10000,-2.31000,-1.84000,-104.58000,-241.83000
1.89000,0.43000,-1.06000,-2.49000,-2.12000,-2.65000,-2.56000,-104.58000,-241.83000
1.89000,0.43000,-1.07000,-2.53000,-2.22000,-2.99000,-2.94000,-113.67000,-255.00000
1.89000,0.44000,-1.07000,-2.55000,-2.43000,-3.16000,-3.13000,-113.67000,-255.00000
1.88000,0.44000,-1.06000,-2.64000,-2.80000,-3.20000,-3.18000,-118.98000,-255.00000
1.88000,0.45000,-1.07000,-2.74000,-2.59000,-3.12000,-3.09000,-118.98000,-255.00000
1.88000,0.45000,-1.07000,-2.82000,-2.57000,-3.18000,-3.15000,-119.77000,-255.00000
1.87000,0.46000,-1.07000,-2.93000,-2.86000,-3.26000,-3.23000,-119.77000,-255.00000
1.87000,0.46000,-1.08000,-2.93000,-2.66000,-3.27000,-3.24000,-120.90000,-255.00000
1.87000,0.47000,-1.08000,-2.95000,-2.61000,-3.27000,-3.30000,-120.90000,-255.00000
1.86000,0.47000,-1.09000,-2.93000,-2.49000,-3.22000,-3.25000,-121.95000,-255.00000
1.86000,0.48000,-1.10000,-2.93000,-2.49000,-3.01000,-3.05000,-121.95000,-255.00000
1.86000,0.48000,-1.11000,-2.95000,-2.55000,-2.51000,-2.60000,-113.26000,-255.00000
1.86000,0.49000,-1.11000,-2.86000,-2.45000,-1.60000,-2.24000,-113.26000,-255.00000
1.85000,0.49000,-1.12000,-2.70000,-2.51000,-1.12000,-2.12000,-90.79000,-250.06000
1.85000,0.50000,-1.12000,-2.37000,-2.34000,-1.05000,-2.11000,-90.79000,-250.06000
1.85000,0.50000,-1.11000,-1.91000,-2.34000,-1.03000,-2.11000,-86.56000,-249.44000
1.85000,0.51000,-1.10000,-1.66000,-2.43000,-1.09000,-2.11000,-86.56000,-249.44000
1.85000,0.51000,-1.08000,-1.49000,-2.28000,-1.85000,-2.31000,-101.41000,-249.89000
1.84000,0.52000,-1.07000,-1.60000,-2.30000,-2.97000,-3.02000,-101.41000,-249.89000
1.84000,0.52000,-1.06000,-1.81000,-2.28000,-3.26000,-3.28000,-124.57000,-255.00000
1.84000,0.52000,-1.06000,-2.20000,-2.30000,-3.26000,-3.23000,-124.57000,-255.00000
1.84000,0.53000,-1.06000,-2.61000,-2.30000,-3.22000,-3.20000,-125.01000,-255.00000
1.83000,0.53000,-1.07000,-2.86000,-2.53000,-3.29000,-3.26000,-125.01000,-255.00000
1.83000,0.54000,-1.06000,-3.13000,-3.53000,-3.25000,-3.28000,-121.65000,-255.00000
1.83000,0.55000,-1.06000,-3.30000,-3.63000,-3.28000,-3.25000,-121.65000,-255.00000
1.82000,0.55000,-1.05000,-3.32000,-3.61000,-3.18000,-3.15000,-116.35000,-247.78000
1.82000,0.56000,-1.05000,-3.28000,-3.40000,-2.98000,-2.93000,-116.35000,-247.78000
1.81000,0.57000,-1.04000,-3.20000,-3.47000,-2.76000,-2.69000,-109.58000,-241.37000
1.81000,0.57000,-1.05000,-2.99000,-2.68000,-2.33000,-1.88000,-109.58000,-241.37000
1.81000,0.58000,-1.06000,-2.82000,-2.24000,-2.41000,-2.10000,-105.56000,-239.14000
1.81000,0.58000,-1.07000,-2.66000,-2.16000,-2.81000,-2.75000,-105.56000,-239.14000
1.80000,0.59000,-1.08000,-2.53000,-2.10000,-3.08000,-3.04000,-117.17000,-255.00000
1.80000,0.59000,-1.08000,-2.57000,-2.28000,-3.22000,-3.19000,-117.17000,-255.00000
1.80000,0.60000,-1.09000,-2.61000,-2.39000,-3.27000,-3.25000,-123.84000,-255.00000
1.80000,0.60000,-1.09000,-2.70000,-2.30000,-0.92000,-2.21000,-123.84000,-255.00000
1.79000,0.61000,-1.10000,-2.74000,-2.24000,-0.92000,-2.21000,-90.84000,-253.58000
1.79000,0.61000,-1.10000,-2.38000,-2.38000,-0.91000,-2.21000,-90.84000,-253.58000
1.79000,0.62000,-1.10000,-1.95000,-2.39000,-0.91000,-2.21000,-84.80000,-251.82000
1.79000,0.62000,-1.08000,-1.64000,-2.47000,-0.91000,-2.21000,-84.80000,-251.82000
1.78000,0.62000,-1.06000,-1.43000,-2.43000,-0.92000,-2.21000,-87.18000,-249.49000
1.78000,0.63000,-1.04000,-1.35000,-2.36000,-0.92000,-2.21000,-87.18000,-249.49000
1.78000,0.63000,-1.03000,-1.33000,-2.39000,-0.92000,-2.20000,-87.28000,-249.43000
1.78000,0.63000,-1.01000,-1.27000,-2.18000,-0.92000,-2.20000,-87.28000,-249.43000
1.78000,0.64000,-0.98000,-1.35000,-2.70000,-0.93000,-2.20000,-86.06000,-251.16000
1.77000,0.64000,-0.96000,-1.33000,-2.72000,-0.93000,-2.19000,-86.06000,-251.16000
1.77000,0.65000,-0.94000,-1.33000,-2.59000,-0.94000,-2.18000,-83.29000,-243.00000
1.77000,0.65000,-0.92000,-1.27000,-2.32000,-0.95000,-2.18000,-83.29000,-243.00000
1.77000,0.65000,-0.90000,-1.18000,-2.24000,-0.95000,-2.17000,-82.10000,-245.49000
1.76000,0.65000,-0.88000,-1.04000,-2.18000,-0.96000,-2.16000,-82.10000,-245.49000
1.76000,0.66000,-0.86000,-1.04000,-2.18000,-0.97000,-2.16000,-83.88000,-246.54000
1.76000,0.66000,-0.84000,-1.04000,-2.16000,-0.98000,-2.15000,-83.88000,-246.54000
1.76000,0.66000,-0.82000,-1.04000,-2.10000,-0.99000,-2.14000,-83.71000,-246.49000
1.75000,0.67000,-0.80000,-0.98000,-2.10000,-0.99000,-2.13000,-83.71000,-246.49000
1.75000,0.67000,-0.78000,-0.98000,-2.18000,-1.00000,-2.12000,-84.55000,-247.08000
1.75000,0.67000,-0.75000,-1.08000,-2.37000,-1.01000,-2.12000,-84.55000,-247.08000
1.75000,0.67000,-0.73000,-1.06000,-2.28000,-1.02000,-2.11000,-83.39000,-242.95000
1.74000,0.68000,-0.71000,-1.10000,-2.18000,-1.09000,-2.11000,-83.39000,-242.95000
1.74000,0.68000,-0.69000,-1.16000,-2.51000,-2.55000,-2.64000,-105.75000,-252.18000
1.74000,0.68000,-0.65000,-1.54000,-3.26000,-3.29000,-3.26000,-105.75000,-252.18000
1.73000,0.68000,-0.64000,-1.87000,-2.74000,-2.18000,-1.42000,-102.39000,-220.40000
1.73000,0.69000,-0.64000,-2.03000,-1.76000,-2.11000,-1.03000,-102.39000,-220.40000
1.73000,0.69000,-0.66000,-2.12000,-1.37000,-2.11000,-1.04000,-97.66000,-226.15000
1.72000,0.69000,-0.67000,-2.07000,-1.45000,-2.19000,-1.43000,-97.66000,-226.15000
1.72000,0.69000,-0.68000,-1.99000,-1.49000,-2.65000,-2.56000,-105.60000,-249.32000
1.72000,0.70000,-0.68000,-2.07000,-1.93000,-3.08000,-3.04000,-105.60000,-249.32000
1.71000,0.70000,-0.68000,-1.99000,-2.14000,-3.15000,-3.12000,-116.54000,-255.00000
1.71000,0.70000,-0.68000,-2.16000,-2.16000,-3.06000,-3.02000,-116.54000,-255.00000
1.70000,0.71000,-0.68000,-2.24000,-2.18000,-3.05000,-3.01000,-120.26000,-255.00000
1.70000,0.71000,-0.68000,-2.37000,-2.10000,-3.08000,-3.04000,-120.26000,-255.00000
1.70000,0.71000,-0.69000,-2.41000,-1.97000,-3.20000,-3.17000,-124.73000,-255.00000
1.69000,0.72000,-0.70000,-2.55000,-1.89000,-3.29000,-3.27000,-124.73000,-255.00000
1.69000,0.72000,-0.72000,-2.61000,-1.85000,-3.13000,-3.16000,-125.86000,-255.00000
1.69000,0.72000,-0.73000,-2.61000,-1.81000,-2.28000,-2.48000,-125.86000,-255.00000
1.68000,0.73000,-0.75000,-2.68000,-1.91000,-1.10000,-2.12000,-98.03000,-255.00000
1.68000,0.73000,-0.75000,-2.37000,-2.05000,-1.02000,-2.11000,-98.03000,-255.00000
1.67000,0.73000,-0.75000,-1.99000,-2.12000,-1.02000,-2.11000,-91.38000,-255.00000
1.67000,0.74000,-0.74000,-1.74000,-2.12000,-1.02000,-2.11000,-91.38000,-255.00000
1.67000,0.74000,-0.73000,-1.54000,-2.20000,-1.02000,-2.11000,-92.66000,-254.85000
1.67000,0.74000,-0.72000,-1.43000,-2.20000,-1.04000,-2.11000,-92.66000,-254.85000
1.66000,0.74000,-0.70000,-1.39000,-2.12000,-1.37000,-2.17000,-98.21000,-254.53000
1.66000,0.75000,-0.70000,-1.33000,-1.52000,-2.61000,-2.69000,-98.21000,-254.53000
1.66000,0.75000,-0.71000,-1.29000,-0.48000,-2.80000,-2.86000,-120.93000,-255.00000
1.66000,0.75000,-0.74000,-1.41000,0.00000,-1.38000,-2.18000,-120.93000,-255.00000
1.66000,0.75000,-0.77000,-1.66000,0.00000,-1.02000,-2.11000,-101.73000,-255.00000
1.65000,0.75000,-0.80000,-1.58000,0.00000,-1.01000,-2.12000,-101.73000,-255.00000
1.65000,0.75000,-0.82000,-1.35000,0.00000,-0.99000,-2.13000,-96.50000,-255.00000
1.65000,0.75000,-0.85000,-1.22000,0.00000,-0.98000,-2.14000,-96.50000,-255.00000
1.65000,0.75000,-0.87000,-1.12000,0.00000,-0.97000,-2.15000,-97.97000,-255.00000
1.65000,0.75000,-0.89000,-1.08000,0.00000,-0.96000,-2.16000,-97.97000,-255.00000
1.65000,0.75000,-0.90000,-1.04000,0.00000,-0.95000,-2.17000,-98.36000,-255.00000
1.65000,0.76000,-0.92000,-1.08000,0.00000,-0.95000,-2.18000,-98.36000,-255.00000
1.65000,0.76000,-0.94000,-1.12000,0.00000,-0.94000,-2.19000,-97.36000,-255.00000
1.65000,0.76000,-0.96000,-1.12000,0.00000,-0.93000,-2.19000,-97.36000,-255.00000
1.65000,0.76000,-0.98000,-1.10000,0.00000,-0.92000,-2.20000,-95.69000,-255.00000
1.65000,0.76000,-1.00000,-1.10000,0.00000,-0.92000,-2.21000,-95.69000,-255.00000
1.65000,0.76000,-1.02000,-1.10000,0.00000,-0.91000,-2.21000,-94.68000,-255.00000
1.65000,0.76000,-1.04000,-1.08000,0.00000,-0.91000,-2.21000,-94.68000,-255.00000
1.64000,0.76000,-1.06000,-1.06000,0.00000,-0.91000,-2.21000,-93.83000,-255.00000
1.64000,0.76000,-1.08000,-1.04000,0.00000,-0.91000,-2.21000,-93.83000,-255.00000
1.64000,0.77000,-1.10000,-1.00000,0.00000,-0.91000,-2.21000,-93.42000,-255.00000
1.64000,0.77000,-1.12000,-0.98000,0.00000,-0.91000,-2.21000,-93.42000,-255.00000
1.64000,0.77000,-1.13000,-0.95000,0.00000,-0.91000,-2.21000,-93.56000,-255.00000
1.64000,0.77000,-1.15000,-0.95000,0.00000,-0.91000,-2.21000,-93.56000,-255.00000
1.64000,0.77000,-1.17000,-0.93000,0.00000,-0.91000,-2.21000,-93.45000,-255.00000
1.64000,0.77000,-1.19000,-0.96000,0.00000,-0.91000,-2.21000,-93.45000,-255.00000
1.64000,0.77000,-1.20000,-0.98000,0.00000,-0.91000,-2.21000,-93.15000,-255.00000
1.64000,0.77000,-1.22000,-0.98000,0.00000,-0.91000,-2.20000,-93.15000,-255.00000
1.64000,0.77000,-1.24000,-0.98000,0.00000,-0.90000,-2.20000,-92.53000,-255.00000
1.64000,0.77000,-1.26000,-0.98000,0.00000,-0.91000,-2.19000,-92.53000,-255.00000
1.64000,0.78000,-1.27000,-0.96000,0.00000,-0.90000,-2.17000,-92.09000,-255.00000
1.64000,0.78000,-1.29000,-0.96000,0.00000,-0.90000,-2.16000,-92.09000,-255.00000
1.64000,0.78000,-1.31000,-0.95000,0.00000,-0.90000,-2.14000,-91.86000,-255.00000
1.64000,0.78000,-1.32000,-0.91000,0.00000,-0.89000,-2.11000,-91.86000,-255.00000
1.64000,0.78000,-1.34000,-0.91000,0.00000,-0.87000,-2.08000,-91.80000,-255.00000
1.64000,0.78000,-1.36000,-0.89000,0.00000,-0.85000,-2.03000,-91.80000,-255.00000
1.64000,0.78000,-1.37000,-0.89000,0.00000,-0.82000,-1.98000,-91.07000,-255.00000
1.64000,0.78000,-1.39000,-0.87000,0.00000,-0.78000,-1.91000,-91.07000,-255.00000
1.64000,0.78000,-1.40000,-0.83000,0.00000,-0.72000,-1.83000,-89.39000,-255.00000
1.64000,0.78000,-1.42000,-0.87000,0.00000,-0.64000,-1.74000,-89.39000,-255.00000
1.64000,0.78000,-1.43000,-0.79000,0.00000,-0.55000,-1.62000,-85.90000,-255.00000
1.64000,0.79000,-1.45000,-0.73000,0.00000,-0.44000,-1.49000,-85.90000,-255.00000
1.64000,0.79000,-1.46000,-0.73000,0.00000,-0.33000,-1.36000,-82.94000,-255.00000
1.64000,0.79000,-1.47000,-0.71000,0.00000,-0.21000,-1.23000,-82.94000,-255.00000
1.64000,0.79000,-1.48000,-0.66000,0.00000,-0.10000,-1.11000,-77.32000,-255.00000
1.64000,0.79000,-1.49000,-0.52000,0.00000,0.01000,-1.01000,-77.32000,-255.00000
1.64000,0.79000,-1.50000,-0.33000,0.00000,0.08000,-0.94000,-73.78000,-255.00000
1.64000,0.79000,-1.50000,-0.23000,0.00000,0.13000,-0.90000,-73.78000,-255.00000
1.64000,0.79000,-1.51000,-0.08000,0.00000,0.15000,-0.88000,-73.49000,-255.00000
1.64000,0.79000,-1.51000,0.00000,0.00000,0.16000,-0.87000,-73.49000,-255.00000
1.64000,0.79000,-1.51000,-0.02000,0.00000,0.16000,-0.87000,-74.48000,-255.00000
1.64000,0.79000,-1.51000,-0.02000,0.00000,0.16000,-0.87000,-74.48000,-255.00000
1.64000,0.79000,-1.51000,0.00000,0.00000,0.17000,-0.87000,-73.13000,-255.00000
1.64000,0.79000,-1.51000,-0.04000,0.00000,0.17000,-0.87000,-73.13000,-255.00000
1.64000,0.79000,-1.51000,-0.04000,0.00000,0.17000,-0.86000,-71.62000,-255.00000
1.64000,0.79000,-1.51000,-0.02000,0.00000,0.18000,-0.86000,-71.62000,-255.00000
1.64000,0.79000,-1.51000,0.00000,0.00000,0.18000,-0.85000,-70.55000,-255.00000
1.64000,0.79000,-1.51000,0.00000,0.00000,0.18000,-0.85000,-70.55000,-255.00000
1.64000,0.79000,-1.51000,0.00000,0.00000,0.18000,-0.85000,-69.67000,-255.00000
1.64000,0.79000,-1.51000,0.00000,0.00000,0.18000,-0.85000,-69.67000,-255.00000
1.64000,0.79000,-1.51000,0.00000,0.00000,0.18000,-0.85000,-68.60000,-255.00000
1.64000,0.79000,-1.51000,0.00000,0.00000,0.18000,-0.85000,-68.60000,-255.00000
1.64000,0.79000,-1.51000,0.00000,0.00000,0.18000,-0.85000,-67.53000,-255.00000
1.64000,0.79000,-1.51000,0.00000,0.00000,0.18000,-0.85000,-67.53000,-255.00000
1.64000,0.79000,-1.51000,0.00000,0.00000,0.18000,-0.85000,-66.46000,-255.00000
1.64000,0.79000,-1.51000,0.00000,0.00000,0.18000,-0.85000,-66.46000,-255.00000
1.64000,0.79000,-1.51000,0.00000,0.00000,0.18000,-0.85000,-65.39000,-255.00000
1.64000,0.79000,-1.51000,0.00000,0.00000,0.18000,-0.85000,-65.39000,-255.00000
1.64000,0.79000,-1.51000,0.00000,0.00000,0.18000,-0.85000,-64.33000,-255.00000
1.64000,0.79000,-1.51000,0.00000,0.00000,0.18000,-0.85000,-64.33000,-255.00000
1.64000,0.79000,-1.51000,0.00000,0.00000,0.18000,-0.85000,-63.26000,-255.00000
1.64000,0.79000,-1.51000,0.00000,0.00000,0.18000,-0.85000,-63.26000,-255.00000
1.64000,0.79000,-1.51000,0.00000,0.00000,0.18000,-0.85000,-62.19000,-255.00000
1.64000,0.79000,-1.51000,0.00000,0.00000,0.18000,-0.85000,-62.19000,-255.00000
1.64000,0.79000,-1.51000,0.00000,0.00000,0.18000,-0.85000,-61.12000,-255.00000
1.64000,0.79000,-1.51000,0.00000,0.00000,0.18000,-0.85000,-61.12000,-255.00000
1.64000,0.79000,-1.51000,0.00000,0.00000,0.18000,-0.85000,-60.05000,-255.00000
1.64000,0.79000,-1.51000,0.00000,0.00000,0.18000,-0.85000,-60.05000,-255.00000
1.64000,0.79000,-1.51000,0.00000,0.00000,0.18000,-0.85000,-58.98000,-255.00000
1.64000,0.79000,-1.51000,0.00000,0.00000,0.18000,-0.85000,-58.98000,-255.00000
1.64000,0.79000,-1.51000,0.00000,0.00000,0.18000,-0.85000,-57.91000,-255.00000
1.64000,0.79000,-1.51000,0.00000,0.00000,0.18000,-0.85000,-57.91000,-255.00000
1.64000,0.79000,-1.51000,0.00000,0.00000,0.18000,-0.85000,-56.84000,-255.00000
1.64000,0.79000,-1.51000,0.00000,0.00000,0.18000,-0.85000,-56.84000,-255.00000
1.64000,0.79000,-1.51000,0.00000,0.00000,0.18000,-0.85000,-55.77000,-255.00000
1.64000,0.79000,-1.51000,0.00000,0.00000,0.18000,-0.85000,-55.77000,-255.00000
1.64000,0.79000,-1.51000,0.00000,0.00000,0.18000,-0.85000,-54.70000,-255.00000
1.64000,0.79000,-1.51000,0.00000,0.00000,0.18000,-0.85000,-54.70000,-255.00000
1.64000,0.79000,-1.51000,0.00000,0.00000,0.18000,-0.85000,-53.63000,-255.00000
1.64000,0.79000,-1.51000,0.00000,0.00000,0.18000,-0.85000,-53.63000,-255.00000
1.64000,0.79000,-1.51000,0.00000,0.00000,0.18000,-0.85000,-52.56000,-255.00000
1.64000,0.79000,-1.51000,0.00000,0.00000,0.18000,-0.85000,-52.56000,-255.00000
1.64000,0.79000,-1.51000,0.00000,0.00000,0.18000,-0.85000,-51.49000,-255.00000
1.64000,0.79000,-1.51000,0.00000,0.00000,0.18000,-0.85000,-51.49000,-255.00000
1.64000,0.79000,-1.51000,0.00000,0.00000,0.18000,-0.85000,-50.42000,-255.00000
1.64000,0.79000,-1.51000,0.00000,0.00000,0.18000,-0.85000,-50.42000,-255.00000
1.64000,0.79000,-1.51000,0.00000,0.00000,0.18000,-0.85000,-49.35000,-255.00000
1.64000,0.79000,-1.51000,0.00000,0.00000,0.18000,-0.85000,-49.35000,-255.00000
1.64000,0.79000,-1.51000,0.00000,0.00000,0.18000,-0.85000,-48.28000,-255.00000
1.64000,0.79000,-1.51000,0.00000,0.00000,0.18000,-0.85000,-48.28000,-255.00000
1.64000,0.79000,-1.51000,0.00000,0.00000,0.18000,-0.85000,-47.22000,-255.00000
1.64000,0.79000,-1.51000,0.00000,0.00000,0.18000,-0.85000,-47.22000,-255.00000
1.64000,0.79000,-1.51000,0.00000,0.00000,0.18000,-0.85000,-46.15000,-255.00000
1.64000,0.79000,-1.51000,0.00000,0.00000,0.18000,-0.85000,-46.15000,-255.00000
1.64000,0.79000,-1.51000,0.00000,0.00000,0.18000,-0.85000,-45.08000,-255.00000
1.64000,0.79000,-1.51000,0.00000,0.00000,0.18000,-0.85000,-45.08000,-255.00000
1.64000,0.79000,-1.51000,0.00000,0.00000,0.18000,-0.85000,-44.01000,-255.00000
1.64000,0.79000,-1.51000,0.00000,0.00000,0.18000,-0.85000,-44.01000,-255.00000
1.64000,0.79000,-1.51000,0.00000,0.00000,0.18000,-0.85000,-42.94000,-255.00000
1.64000,0.79000,-1.51000,0.00000,0.00000,0.18000,-0.85000,-42.94000,-255.00000
1.64000,0.79000,-1.51000,0.00000,0.00000,0.18000,-0.85000,-41.87000,-255.00000
1.64000,0.79000,-1.51000,0.00000,0.00000,0.18000,-0.85000,-41.87000,-255.00000
1.64000,0.79000,-1.51000,0.00000,0.00000,0.18000,-0.85000,-40.80000,-255.00000
1.64000,0.79000,-1.51000,0.00000,0.00000,0.18000,-0.85000,-40.80000,-255.00000
1.64000,0.79000,-1.51000,0.00000,0.00000,0.18000,-0.85000,-39.73000,-255.00000
1.64000,0.79000,-1.51000,0.00000,0.00000,0.18000,-0.85000,-39.73000,-255.00000
1.64000,0.79000,-1.51000,0.00000,0.00000,0.18000,-0.85000,-38.66000,-255.00000
1.64000,0.79000,-1.51000,0.00000,0.00000,0.18000,-0.85000,-38.66000,-255.00000
1.64000,0.79000,-1.51000,0.00000,0.00000,0.18000,-0.85000,-37.59000,-255.00000
1.64000,0.79000,-1.51000,0.00000,0.00000,0.18000,-0.85000,-37.59000,-255.00000
1.64000,0.79000,-1.51000,0.00000,0.00000,0.18000,-0.85000,-36.52000,-255.00000
1.64000,0.79000,-1.51000,0.00000,0.00000,0.18000,-0.85000,-36.52000,-255.00000
1.64000,0.79000,-1.51000,0.00000,0.00000,0.18000,-0.85000,-35.45000,-255.00000
1.64000,0.79000,-1.51000,0.00000,0.00000,0.18000,-0.85000,-35.45000,-255.00000
1.64000,0.79000,-1.51000,0.00000,0.00000,0.18000,-0.85000,-34.38000,-255.00000
1.64000,0.79000,-1.51000,0.00000,0.00000,0.18000,-0.85000,-34.38000,-255.00000
1.64000,0.79000,-1.51000,0.00000,0.00000,0.18000,-0.85000,-33.31000,-255.00000
1.64000,0.79000,-1.51000,0.00000,0.00000,0.18000,-0.85000,-33.31000,-255.00000
1.64000,0.79000,-1.51000,0.00000,0.00000,0.18000,-0.85000,-32.24000,-255.00000
1.64000,0.79000,-1.51000,0.00000,0.00000,0.18000,-0.85000,-32.24000,-255.00000
1.64000,0.79000,-1.51000,0.00000,0.00000,0.18000,-0.85000,-31.17000,-255.00000
1.64000,0.79000,-1.51000,0.00000,0.00000,0.18000,-0.85000,-31.17000,-255.00000
1.64000,0.79000,-1.51000,0.00000,0.00000,0.18000,-0.85000,-30.11000,-255.00000
1.64000,0.79000,-1.51000,0.00000,0.00000,0.18000,-0.85000,-30.11000,-255.00000
1.64000,0.79000,-1.51000,0.00000,0.00000,0.18000,-0.85000,-29.04000,-255.00000
1.64000,0.79000,-1.51000,0.00000,0.00000,0.18000,-0.85000,-29.04000,-255.00000
1.64000,0.79000,-1.51000,0.00000,0.00000,0.18000,-0.85000,-27.97000,-255.00000
1.64000,0.79000,-1.51000,0.00000,0.00000,0.18000,-0.85000,-27.97000,-255.00000
1.64000,0.79000,-1.51000,0.00000,0.00000,0.18000,-0.85000,-26.90000,-255.00000
1.64000,0.79000,-1.51000,0.00000,0.00000,0.18000,-0.85000,-26.90000,-255.00000
1.64000,0.79000,-1.51000,0.00000,0.00000,0.18000,-0.85000,-25.83000,-255.00000
1.64000,0.79000,-1.51000,0.00000,0.00000,0.18000,-0.85000,-25.83000,-255.00000
1.64000,0.79000,-1.51000,0.00000,0.00000,0.18000,-0.85000,-24.76000,-255.00000
1.64000,0.79000,-1.51000,0.00000,0.00000,0.18000,-0.85000,-24.76000,-255.00000
1.64000,0.79000,-1.51000,0.00000,0.00000,0.18000,-0.85000,-23.69000,-255.00000
1.64000,0.79000,-1.51000,0.00000,0.00000,0.18000,-0.85000,-23.69000,-255.00000
1.64000,0.79000,-1.51000,0.00000,0.00000,0.18000,-0.85000,-22.62000,-255.00000
1.64000,0.79000,-1.51000,0.00000,0.00000,0.18000,-0.85000,-22.62000,-255.00000
1.64000,0.79000,-1.51000,0.00000,0.00000,0.18000,-0.85000,-21.55000,-255.00000
1.64000,0.79000,-1.51000,0.00000,0.00000,0.18000,-0.85000,-21.55000,-255.00000
1.64000,0.79000,-1.51000,0.00000,0.00000,0.18000,-0.85000,-20.48000,-255.00000
1.64000,0.79000,-1.51000,0.00000,0.00000,0.18000,-0.85000,-20.48000,-255.00000
1.64000,0.79000,-1.51000,0.00000,0.00000,0.18000,-0.85000,-19.41000,-255.00000
1.64000,0.79000,-1.51000,0.00000,0.00000,0.18000,-0.85000,-19.41000,-255.00000
1.64000,0.79000,-1.51000,0.00000,0.00000,0.18000,-0.85000,-18.34000,-255.00000
1.64000,0.79000,-1.51000,0.00000,0.00000,0.18000,-0.85000,-18.34000,-255.00000
1.64000,0.79000,-1.51000,0.00000,0.00000,0.18000,-0.85000,-17.27000,-255.00000
1.64000,0.79000,-1.51000,0.00000,0.00000,0.18000,-0.85000,-17.27000,-255.00000
1.64000,0.79000,-1.51000,0.00000,0.00000,0.18000,-0.85000,-16.20000,-255.00000
1.64000,0.79000,-1.51000,0.00000,0.00000,0.18000,-0.85000,-16.20000,-255.00000
1.64000,0.79000,-1.51000,0.00000,0.00000,0.18000,-0.85000,-15.13000,-255.00000
1.64000,0.79000,-1.51000,0.00000,0.00000,0.18000,-0.85000,-15.13000,-255.00000
1.64000,0.79000,-1.51000,0.00000,0.00000,0.18000,-0.85000,-14.06000,-255.00000
1.64000,0.79000,-1.51000,0.00000,0.00000,0.18000,-0.85000,-14.06000,-255.00000
1.64000,0.79000,-1.51000,0.00000,0.00000,0.18000,-0.85000,-13.00000,-255.00000
1.64000,0.79000,-1.51000,0.00000,0.00000,0.18000,-0.85000,-13.00000,-255.00000
1.64000,0.79000,-1.51000,0.00000,0.00000,0.18000,-0.85000,-11.93000,-255.00000
1.64000,0.79000,-1.51000,0.00000,0.00000,0.18000,-0.85000,-11.93000,-255.00000
1.64000,0.79000,-1.51000,0.00000,0.00000,0.18000,-0.85000,-10.86000,-255.00000
1.64000,0.79000,-1.51000,0.00000,0.00000,0.18000,-0.85000,-10.86000,-255.00000
1.64000,0.79000,-1.51000,0.00000,0.00000,0.18000,-0.85000,-9.79000,-255.00000
1.64000,0.79000,-1.51000,0.00000,0.00000,0.18000,-0.85000,-9.79000,-255.00000
1.64000,0.79000,-1.51000,0.00000,0.00000,0.18000,-0.85000,-8.72000,-255.00000
1.64000,0.79000,-1.51000,0.00000,0.00000,0.18000,-0.85000,-8.72000,-255.00000
1.64000,0.79000,-1.51000,0.00000,0.00000,0.18000,-0.85000,-7.65000,-255.00000
1.64000,0.79000,-1.51000,0.00000,0.00000,0.18000,-0.85000,-7.65000,-255.00000
1.64000,0.79000,-1.51000,0.00000,0.00000,0.18000,-0.85000,-6.58000,-255.00000
1.64000,0.79000,-1.51000,0.00000,0.00000,0.18000,-0.85000,-6.58000,-255.00000
1.64000,0.79000,-1.51000,0.00000,0.00000,0.18000,-0.85000,-5.51000,-255.00000
1.64000,0.79000,-1.51000,0.00000,0.00000,0.18000,-0.85000,-5.51000,-255.00000
1.64000,0.79000,-1.51000,0.00000,0.00000,0.18000,-0.85000,-4.44000,-255.00000
1.64000,0.79000,-1.51000,0.00000,0.00000,0.18000,-0.85000,-4.44000,-255.00000
1.64000,0.79000,-1.51000,0.00000,0.00000,0.18000,-0.85000,-3.37000,-255.00000
1.64000,0.79000,-1.51000,0.00000,0.00000,0.18000,-0.85000,-3.37000,-255.00000
1.64000,0.79000,-1.51000,0.00000,0.00000,0.18000,-0.85000,-2.30000,-255.00000
1.64000,0.79000,-1.51000,0.00000,0.00000,0.18000,-0.85000,-2.30000,-255.00000
1.64000,0.79000,-1.51000,0.00000,0.00000,0.18000,-0.85000,-1.23000,-255.00000
1.64000,0.79000,-1.51000,0.00000,0.00000,0.18000,-0.85000,-1.23000,-255.00000
1.64000,0.79000,-1.51000,0.00000,0.00000,0.18000,-0.85000,-0.16000,-255.00000
1.64000,0.79000,-1.51000,0.00000,0.00000,0.18000,-0.85000,-0.16000,-255.00000
1.64000,0.79000,-1.51000,0.00000,0.00000,0.18000,-0.85000,0.91000,-255.00000
1.64000,0.79000,-1.51000,0.00000,0.00000,0.18000,-0.85000,0.91000,-255.00000
1.64000,0.79000,-1.51000,0.00000,0.00000,0.18000,-0.85000,1.98000,-255.00000
1.64000,0.79000,-1.51000,0.00000,0.00000,0.18000,-0.85000,1.98000,-255.00000
1.64000,0.79000,-1.51000,0.00000,0.00000,0.18000,-0.85000,3.05000,-255.00000
1.64000,0.79000,-1.51000,0.00000,0.00000,0.18000,-0.85000,3.05000,-255.00000
1.64000,0.79000,-1.51000,0.00000,0.00000,0.18000,-0.85000,4.11000,-255.00000
1.64000,0.79000,-1.51000,0.00000,0.00000,0.18000,-0.85000,4.11000,-255.00000
1.64000,0.79000,-1.51000,0.00000,0.00000,0.18000,-0.85000,5.18000,-255.00000
1.64000,0.79000,-1.51000,0.00000,0.00000,0.18000,-0.85000,5.18000,-255.00000
1.64000,0.79000,-1.51000,0.00000,0.00000,0.18000,-0.85000,6.25000,-255.00000
1.64000,0.79000,-1.51000,0.00000,0.00000,0.18000,-0.85000,6.25000,-255.00000
1.64000,0.79000,-1.51000,0.00000,0.00000,0.18000,-0.85000,7.32000,-255.00000
1.64000,0.79000,-1.51000,0.00000,0.00000,0.18000,-0.85000,7.32000,-255.00000
1.64000,0.79000,-1.51000,0.00000,0.00000,0.18000,-0.85000,8.39000,-255.00000
1.64000,0.79000,-1.51000,0.00000,0.00000,0.18000,-0.85000,8.39000,-255.00000
1.64000,0.79000,-1.51000,0.00000,0.00000,0.18000,-0.85000,9.46000,-255.00000
1.64000,0.79000,-1.51000,0.00000,0.00000,0.18000,-0.85000,9.46000,-255.00000
1.64000,0.79000,-1.51000,0.00000,0.00000,0.18000,-0.85000,10.53000,-255.00000
1.64000,0.79000,-1.51000,0.00000,0.00000,0.18000,-0.85000,10.53000,-255.00000
1.64000,0.79000,-1.51000,0.00000,0.00000,0.18000,-0.85000,11.60000,-255.00000
1.64000,0.79000,-1.51000,0.00000,0.00000,0.18000,-0.85000,11.60000,-255.00000
1.64000,0.79000,-1.51000,0.00000,0.00000,0.18000,-0.85000,12.67000,-255.00000
1.64000,0.79000,-1.51000,0.00000,0.00000,0.18000,-0.85000,12.67000,-255.00000
1.64000,0.79000,-1.51000,0.00000,0.00000,0.18000,-0.85000,13.74000,-255.00000
1.64000,0.79000,-1.51000,0.00000,0.00000,0.18000,-0.85000,13.74000,-255.00000
1.64000,0.79000,-1.51000,0.00000,0.00000,0.18000,-0.85000,14.81000,-255.00000
1.64000,0.79000,-1.51000,0.00000,0.00000,0.18000,-0.85000,14.81000,-255.00000
1.64000,0.79000,-1.51000,0.00000,0.00000,0.18000,-0.85000,15.88000,-255.00000
1.64000,0.79000,-1.51000,0.00000,0.00000,0.18000,-0.85000,15.88000,-255.00000
1.64000,0.79000,-1.51000,0.00000,0.00000,0.18000,-0.85000,16.95000,-255.00000
1.64000,0.79000,-1.51000,0.00000,0.00000,0.18000,-0.85000,16.95000,-255.00000
1.64000,0.79000,-1.51000,0.00000,0.00000,0.18000,-0.85000,18.02000,-255.00000
1.64000,0.79000,-1.51000,0.00000,0.00000,0.18000,-0.85000,18.02000,-255.00000
1.64000,0.79000,-1.51000,0.00000,0.00000,0.18000,-0.85000,19.09000,-255.00000
1.64000,0.79000,-1.51000,0.00000,0.00000,0.18000,-0.85000,19.09000,-255.00000
1.64000,0.79000,-1.51000,0.00000,0.00000,0.18000,-0.85000,20.16000,-255.00000
1.64000,0.79000,-1.51000,0.00000,0.00000,0.18000,-0.85000,20.16000,-255.00000
1.64000,0.79000,-1.51000,0.00000,0.00000,0.18000,-0.85000,21.22000,-255.00000
1.64000,0.79000,-1.51000,0.00000,0.00000,0.18000,-0.85000,21.22000,-255.00000
1.64000,0.79000,-1.51000,0.00000,0.00000,0.18000,-0.85000,22.29000,-255.00000
1.64000,0.79000,-1.51000,0.00000,0.00000,0.18000,-0.85000,22.29000,-255.00000
1.64000,0.79000,-1.51000,0.00000,0.00000,0.18000,-0.85000,23.36000,-255.00000
1.64000,0.79000,-1.51000,0.00000,0.00000,0.18000,-0.85000,23.36000,-255.00000
1.64000,0.79000,-1.51000,0.00000,0.00000,0.18000,-0.85000,24.43000,-255.00000
1.64000,0.79000,-1.51000,0.00000,0.00000,0.18000,-0.85000,24.43000,-255.00000
1.64000,0.79000,-1.51000,0.00000,0.00000,0.18000,-0.85000,25.50000,-255.00000
1.64000,0.79000,-1.51000,0.00000,0.00000,0.18000,-0.85000,25.50000,-255.00000
1.64000,0.79000,-1.51000,0.00000,0.00000,0.18000,-0.85000,26.57000,-255.00000
1.64000,0.79000,-1.51000,0.00000,0.00000,0.18000,-0.85000,26.57000,-255.00000
1.64000,0.79000,-1.51000,0.00000,0.00000,0.18000,-0.85000,27.64000,-255.00000
1.64000,0.79000,-1.51000,0.00000,0.00000,0.18000,-0.85000,27.64000,-255.00000
1.64000,0.79000,-1.51000,0.00000,0.00000,0.18000,-0.85000,28.71000,-255.00000
1.64000,0.79000,-1.51000,0.00000,0.00000,0.18000,-0.85000,28.71000,-255.00000
1.64000,0.79000,-1.51000,0.00000,0.00000,0.18000,-0.85000,29.78000,-255.00000
1.64000,0.79000,-1.51000,0.00000,0.00000,0.18000,-0.85000,29.78000,-255.00000
1.64000,0.79000,-1.51000,0.00000,0.00000,0.18000,-0.85000,30.85000,-255.00000
1.64000,0.79000,-1.51000,0.00000,0.00000,0.18000,-0.85000,30.85000,-255.00000
1.64000,0.79000,-1.51000,0.00000,0.00000,0.18000,-0.85000,31.92000,-255.00000
1.64000,0.79000,-1.51000,0.00000,0.00000,0.18000,-0.85000,31.92000,-255.00000
1.64000,0.79000,-1.51000,0.00000,0.00000,0.18000,-0.85000,32.99000,-255.00000
1.64000,0.79000,-1.51000,0.00000,0.00000,0.18000,-0.85000,32.99000,-255.00000
1.64000,0.79000,-1.51000,0.00000,0.00000,0.18000,-0.85000,34.06000,-255.00000
1.64000,0.79000,-1.51000,0.00000,0.00000,0.18000,-0.85000,34.06000,-255.00000
1.64000,0.79000,-1.51000,0.00000,0.00000,0.18000,-0.85000,35.13000,-255.00000
1.64000,0.79000,-1.51000,0.02000,0.00000,0.18000,-0.85000,35.13000,-255.00000
1.64000,0.79000,-1.51000,0.00000,0.00000,0.18000,-0.86000,35.85000,-255.00000
1.64000,0.79000,-1.51000,0.00000,0.00000,0.18000,-0.86000,35.85000,-255.00000
1.64000,0.79000,-1.51000,0.00000,0.00000,0.18000,-0.86000,37.09000,-255.00000
1.64000,0.79000,-1.51000,0.00000,0.00000,0.18000,-0.86000,37.09000,-255.00000
1.64000,0.79000,-1.51000,0.00000,0.00000,0.18000,-0.86000,38.15000,-255.00000
1.64000,0.79000,-1.51000,0.00000,0.00000,0.18000,-0.86000,38.15000,-255.00000
1.64000,0.79000,-1.51000,0.00000,0.00000,0.18000,-0.86000,39.20000,-255.00000
1.64000,0.79000,-1.51000,0.00000,0.00000,0.18000,-0.86000,39.20000,-255.00000
1.64000,0.79000,-1.51000,0.00000,0.00000,0.18000,-0.86000,40.26000,-255.00000
1.64000,0.79000,-1.51000,0.00000,0.00000,0.18000,-0.86000,40.26000,-255.00000
1.64000,0.79000,-1.51000,0.00000,0.00000,0.18000,-0.86000,41.32000,-255.00000
1.64000,0.79000,-1.51000,0.00000,0.00000,0.18000,-0.86000,41.32000,-255.00000
1.64000,0.79000,-1.51000,0.00000,0.00000,0.18000,-0.86000,42.37000,-255.00000
1.64000,0.79000,-1.51000,0.00000,0.00000,0.18000,-0.86000,42.37000,-255.00000
1.64000,0.79000,-1.51000,0.00000,0.00000,0.18000,-0.86000,43.43000,-255.00000
1.64000,0.79000,-1.51000,0.00000,0.00000,0.18000,-0.86000,43.43000,-255.00000
1.64000,0.79000,-1.51000,0.00000,0.00000,0.18000,-0.86000,44.48000,-255.00000
1.64000,0.79000,-1.51000,0.00000,0.00000,0.18000,-0.86000,44.48000,-255.00000
1.64000,0.79000,-1.51000,0.00000,0.00000,0.18000,-0.86000,45.54000,-255.00000
1.64000,0.79000,-1.51000,0.00000,0.00000,0.18000,-0.86000,45.54000,-255.00000
1.64000,0.79000,-1.51000,0.00000,0.00000,0.18000,-0.86000,46.59000,-255.00000
1.64000,0.79000,-1.51000,0.00000,0.00000,0.18000,-0.86000,46.59000,-255.00000
1.64000,0.79000,-1.51000,0.00000,0.00000,0.18000,-0.86000,47.65000,-255.00000
1.64000,0.79000,-1.51000,0.00000,0.00000,0.18000,-0.86000,47.65000,-255.00000
1.64000,0.79000,-1.51000,0.00000,0.00000,0.18000,-0.86000,48.71000,-255.00000
1.64000,0.79000,-1.51000,0.00000,0.00000,0.18000,-0.86000,48.71000,-255.00000
1.64000,0.79000,-1.51000,0.00000,0.00000,0.18000,-0.86000,49.76000,-255.00000
1.64000,0.79000,-1.51000,0.00000,0.00000,0.18000,-0.86000,49.76000,-255.00000
1.64000,0.79000,-1.51000,0.00000,0.00000,0.18000,-0.86000,50.82000,-255.00000
1.64000,0.79000,-1.51000,0.00000,0.00000,0.18000,-0.86000,50.82000,-255.00000
1.64000,0.79000,-1.51000,0.00000,0.00000,0.18000,-0.86000,51.87000,-255.00000
1.64000,0.79000,-1.51000,0.00000,0.00000,0.18000,-0.86000,51.87000,-255.00000
1.64000,0.79000,-1.51000,0.00000,0.00000,0.18000,-0.86000,52.93000,-255.00000
1.64000,0.79000,-1.51000,0.00000,0.00000,0.18000,-0.86000,52.93000,-255.00000
1.64000,0.79000,-1.51000,0.00000,0.00000,0.18000,-0.86000,53.98000,-255.00000
1.64000,0.79000,-1.51000,0.00000,0.00000,0.18000,-0.86000,53.98000,-255.00000
1.64000,0.79000,-1.51000,0.00000,0.00000,0.18000,-0.86000,55.04000,-255.00000
1.64000,0.79000,-1.51000,0.00000,0.00000,0.18000,-0.86000,55.04000,-255.00000
1.64000,0.79000,-1.51000,0.00000,0.00000,0.18000,-0.86000,56.10000,-255.00000
1.64000,0.79000,-1.51000,0.00000,0.00000,0.18000,-0.86000,56.10000,-255.00000
1.64000,0.79000,-1.51000,0.00000,0.00000,0.18000,-0.86000,57.15000,-255.00000
1.64000,0.79000,-1.51000,0.00000,0.00000,0.18000,-0.86000,57.15000,-255.00000
1.64000,0.79000,-1.51000,0.00000,0.00000,0.18000,-0.86000,58.21000,-255.00000
1.64000,0.79000,-1.51000,0.00000,0.00000,0.18000,-0.86000,58.21000,-255.00000
1.64000,0.79000,-1.51000,0.00000,0.00000,0.18000,-0.86000,59.26000,-255.00000
1.64000,0.79000,-1.51000,0.00000,0.00000,0.18000,-0.86000,59.26000,-255.00000
1.64000,0.79000,-1.51000,0.00000,0.00000,0.18000,-0.86000,60.32000,-255.00000
1.64000,0.79000,-1.51000,0.00000,0.00000,0.18000,-0.86000,60.32000,-255.00000
1.64000,0.79000,-1.51000,0.00000,0.00000,0.18000,-0.86000,61.38000,-255.00000
1.64000,0.79000,-1.51000,0.00000,0.00000,0.18000,-0.86000,61.38000,-255.00000
1.64000,0.79000,-1.51000,0.00000,0.00000,0.18000,-0.86000,62.43000,-255.00000
1.64000,0.79000,-1.51000,0.00000,0.00000,0.18000,-0.86000,62.43000,-255.00000
1.64000,0.79000,-1.51000,0.00000,0.00000,0.18000,-0.86000,63.49000,-255.00000
1.64000,0.79000,-1.51000,0.00000,0.00000,0.18000,-0.86000,63.49000,-255.00000
1.64000,0.79000,-1.51000,0.00000,0.00000,0.18000,-0.86000,64.54000,-255.00000
1.64000,0.79000,-1.51000,0.00000,0.00000,0.18000,-0.86000,64.54000,-255.00000
1.64000,0.79000,-1.51000,0.00000,0.00000,0.18000,-0.86000,65.60000,-255.00000
1.64000,0.79000,-1.51000,0.00000,0.00000,0.18000,-0.86000,65.60000,-255.00000
1.64000,0.79000,-1.51000,0.00000,0.00000,0.18000,-0.86000,66.65000,-255.00000
1.64000,0.79000,-1.51000,0.00000,0.00000,0.18000,-0.86000,66.65000,-255.00000
1.64000,0.79000,-1.51000,0.00000,0.00000,0.18000,-0.86000,67.71000,-255.00000
1.64000,0.79000,-1.51000,0.00000,0.00000,0.18000,-0.86000,67.71000,-255.00000
1.64000,0.79000,-1.51000,0.00000,0.00000,0.18000,-0.86000,68.77000,-255.00000
1.64000,0.79000,-1.51000,0.00000,0.00000,0.18000,-0.86000,68.77000,-255.00000
1.64000,0.79000,-1.51000,0.00000,0.00000,0.18000,-0.86000,69.82000,-255.00000
1.64000,0.79000,-1.51000,0.00000,0.00000,0.18000,-0.86000,69.82000,-255.00000
1.64000,0.79000,-1.51000,0.00000,0.00000,0.18000,-0.86000,70.88000,-255.00000
1.64000,0.79000,-1.51000,0.00000,0.00000,0.18000,-0.86000,70.88000,-255.00000
1.64000,0.79000,-1.51000,0.00000,0.00000,0.18000,-0.86000,71.93000,-255.00000
1.64000,0.79000,-1.51000,0.00000,0.00000,0.18000,-0.86000,71.93000,-255.00000
1.64000,0.79000,-1.51000,0.00000,0.00000,0.18000,-0.86000,72.99000,-255.00000
1.64000,0.79000,-1.51000,0.00000,0.00000,0.18000,-0.86000,72.99000,-255.00000
1.64000,0.79000,-1.51000,0.00000,0.00000,0.18000,-0.86000,74.04000,-255.00000
1.64000,0.79000,-1.51000,0.00000,0.00000,0.18000,-0.86000,74.04000,-255.00000
1.64000,0.79000,-1.51000,0.02000,0.00000,0.18000,-0.86000,75.10000,-255.00000
1.64000,0.79000,-1.51000,0.00000,0.00000,0.17000,-0.86000,75.10000,-255.00000
1.64000,0.79000,-1.51000,0.00000,0.00000,0.17000,-0.86000,76.12000,-255.00000
1.64000,0.79000,-1.51000,0.00000,0.00000,0.17000,-0.86000,76.12000,-255.00000
1.64000,0.79000,-1.51000,0.00000,0.00000,0.17000,-0.86000,77.16000,-255.00000
1.64000,0.79000,-1.51000,0.00000,0.00000,0.17000,-0.86000,77.16000,-255.00000
1.64000,0.79000,-1.51000,0.00000,0.00000,0.17000,-0.86000,78.21000,-255.00000
1.64000,0.79000,-1.51000,0.00000,0.00000,0.17000,-0.86000,78.21000,-255.00000
1.64000,0.79000,-1.51000,0.00000,0.00000,0.17000,-0.86000,79.25000,-255.00000
1.64000,0.79000,-1.51000,0.00000,0.00000,0.17000,-0.86000,79.25000,-255.00000
1.64000,0.79000,-1.51000,0.00000,0.00000,0.17000,-0.86000,80.29000,-255.00000
1.64000,0.79000,-1.51000,0.00000,0.00000,0.17000,-0.86000,80.29000,-255.00000
1.64000,0.79000,-1.51000,0.00000,0.00000,0.17000,-0.86000,81.33000,-255.00000
1.64000,0.79000,-1.51000,0.00000,0.00000,0.17000,-0.86000,81.33000,-255.00000
1.64000,0.79000,-1.51000,0.00000,0.00000,0.17000,-0.86000,82.37000,-255.00000
1.64000,0.79000,-1.51000,0.00000,0.00000,0.17000,-0.86000,82.37000,-255.00000
1.64000,0.79000,-1.51000,0.00000,0.00000,0.17000,-0.86000,83.42000,-255.00000
1.64000,0.79000,-1.51000,0.00000,0.00000,0.17000,-0.86000,83.42000,-255.00000
1.64000,0.79000,-1.51000,0.00000,0.00000,0.17000,-0.86000,84.46000,-255.00000
1.64000,0.79000,-1.51000,0.00000,0.00000,0.17000,-0.86000,84.46000,-255.00000
1.64000,0.79000,-1.51000,0.00000,0.00000,0.17000,-0.86000,85.50000,-255.00000
1.64000,0.79000,-1.51000,0.00000,0.00000,0.17000,-0.86000,85.50000,-255.00000
1.64000,0.79000,-1.51000,0.00000,0.00000,0.17000,-0.86000,86.54000,-255.00000
1.64000,0.79000,-1.51000,0.00000,0.00000,0.17000,-0.86000,86.54000,-255.00000
1.64000,0.79000,-1.51000,0.00000,0.00000,0.17000,-0.86000,87.58000,-255.00000
1.64000,0.79000,-1.51000,0.00000,0.00000,0.17000,-0.86000,87.58000,-255.00000
1.64000,0.79000,-1.51000,0.00000,0.00000,0.17000,-0.86000,88.63000,-255.00000
1.64000,0.79000,-1.51000,0.00000,0.00000,0.17000,-0.86000,88.63000,-255.00000
1.64000,0.79000,-1.51000,0.00000,0.00000,0.17000,-0.86000,89.67000,-255.00000
1.64000,0.79000,-1.51000,0.00000,0.00000,0.17000,-0.86000,89.67000,-255.00000
1.64000,0.79000,-1.51000,0.00000,0.00000,0.17000,-0.86000,90.71000,-255.00000
1.64000,0.79000,-1.51000,0.00000,0.00000,0.17000,-0.86000,90.71000,-255.00000
1.64000,0.79000,-1.51000,0.00000,0.00000,0.17000,-0.86000,91.75000,-255.00000
1.64000,0.79000,-1.51000,0.00000,0.00000,0.17000,-0.86000,91.75000,-255.00000
1.64000,0.79000,-1.51000,0.00000,0.00000,0.17000,-0.86000,92.79000,-255.00000
1.64000,0.79000,-1.51000,0.00000,0.00000,0.17000,-0.86000,92.79000,-255.00000
1.64000,0.79000,-1.51000,0.00000,0.00000,0.17000,-0.86000,93.84000,-255.00000
1.64000,0.79000,-1.51000,0.00000,0.00000,0.17000,-0.86000,93.84000,-255.00000
1.64000,0.79000,-1.51000,0.00000,0.00000,0.17000,-0.86000,94.88000,-255.00000
1.64000,0.79000,-1.51000,0.00000,0.00000,0.17000,-0.86000,94.88000,-255.00000
1.64000,0.79000,-1.51000,0.00000,0.00000,0.17000,-0.86000,95.92000,-255.00000
1.64000,0.79000,-1.51000,0.00000,0.00000,0.17000,-0.86000,95.92000,-255.00000
1.64000,0.79000,-1.51000,0.00000,0.00000,0.17000,-0.86000,96.96000,-255.00000
1.64000,0.79000,-1.51000,0.00000,0.00000,0.17000,-0.86000,96.96000,-255.00000
1.64000,0.79000,-1.51000,0.00000,0.00000,0.17000,-0.86000,98.00000,-255.00000
1.64000,0.79000,-1.51000,0.00000,0.00000,0.17000,-0.86000,98.00000,-255.00000
1.64000,0.79000,-1.51000,0.00000,0.00000,0.17000,-0.86000,99.05000,-255.00000
1.64000,0.79000,-1.51000,0.02000,0.00000,0.17000,-0.86000,99.05000,-255.00000
1.64000,0.79000,-1.51000,0.00000,0.00000,0.17000,-0.86000,99.74000,-255.00000
1.64000,0.79000,-1.51000,0.00000,0.00000,0.17000,-0.86000,99.74000,-255.00000
1.64000,0.79000,-1.51000,0.00000,0.00000,0.17000,-0.86000,100.96000,-255.00000
1.64000,0.79000,-1.51000,0.00000,0.00000,0.17000,-0.86000,100.96000,-255.00000
1.64000,0.79000,-1.51000,0.00000,0.00000,0.17000,-0.86000,101.99000,-255.00000
1.64000,0.79000,-1.51000,0.00000,0.00000,0.17000,-0.86000,101.99000,-255.00000
1.64000,0.79000,-1.51000,0.00000,0.00000,0.17000,-0.86000,103.01000,-255.00000
1.64000,0.79000,-1.51000,0.00000,0.00000,0.17000,-0.86000,103.01000,-255.00000
1.64000,0.79000,-1.51000,0.00000,0.00000,0.17000,-0.86000,104.04000,-255.00000
1.64000,0.79000,-1.51000,0.00000,0.00000,0.17000,-0.86000,104.04000,-255.00000
1.64000,0.79000,-1.51000,0.00000,0.00000,0.17000,-0.86000,105.07000,-255.00000
1.64000,0.79000,-1.51000,0.00000,0.00000,0.17000,-0.86000,105.07000,-255.00000
1.64000,0.79000,-1.51000,0.00000,0.00000,0.17000,-0.86000,106.10000,-255.00000
1.64000,0.79000,-1.51000,0.00000,0.00000,0.17000,-0.86000,106.10000,-255.00000
1.64000,0.79000,-1.51000,0.00000,0.00000,0.17000,-0.86000,107.13000,-255.00000
1.64000,0.79000,-1.51000,0.04000,0.00000,0.17000,-0.86000,107.13000,-255.00000
1.64000,0.79000,-1.50000,0.27000,0.00000,0.17000,-0.87000,107.46000,-255.00000
1.64000,0.79000,-1.50000,0.06000,0.00000,0.14000,-0.89000,107.46000,-255.00000
1.64000,0.79000,-1.50000,0.23000,0.00000,0.13000,-0.90000,107.32000,-255.00000
1.64000,0.79000,-1.49000,0.23000,0.00000,0.10000,-0.93000,107.32000,-255.00000
1.64000,0.79000,-1.49000,0.17000,0.00000,0.07000,-0.96000,104.34000,-255.00000
1.64000,0.79000,-1.48000,0.25000,0.00000,0.05000,-0.98000,104.34000,-255.00000
1.64000,0.79000,-1.48000,0.08000,0.00000,0.01000,-1.01000,102.19000,-255.00000
1.64000,0.79000,-1.48000,0.02000,0.00000,-0.00000,-1.02000,102.19000,-255.00000
1.64000,0.79000,-1.48000,0.15000,0.00000,-0.01000,-1.03000,103.95000,-255.00000
1.64000,0.79000,-1.48000,0.25000,0.00000,-0.03000,-1.05000,103.95000,-255.00000
1.64000,0.79000,-1.47000,0.08000,0.00000,-0.07000,-1.09000,99.43000,-255.00000
1.64000,0.79000,-1.47000,0.00000,0.00000,-0.08000,-1.10000,99.43000,-255.00000
1.64000,0.79000,-1.47000,0.02000,0.00000,-0.08000,-1.10000,101.06000,-255.00000
1.64000,0.79000,-1.47000,0.17000,0.00000,-0.09000,-1.10000,101.06000,-255.00000
1.64000,0.79000,-1.47000,0.15000,0.00000,-0.11000,-1.13000,97.60000,-255.00000
1.64000,0.79000,-1.47000,0.00000,0.00000,-0.14000,-1.15000,97.60000,-255.00000
1.64000,0.79000,-1.47000,0.00000,0.00000,-0.14000,-1.15000,98.06000,-255.00000
1.64000,0.79000,-1.47000,0.00000,0.00000,-0.14000,-1.15000,98.06000,-255.00000
1.64000,0.79000,-1.47000,0.00000,0.00000,-0.14000,-1.15000,97.23000,-255.00000
1.64000,0.79000,-1.47000,0.00000,0.00000,-0.14000,-1.15000,97.23000,-255.00000
1.64000,0.79000,-1.47000,0.00000,0.00000,-0.14000,-1.15000,96.41000,-255.00000
1.64000,0.79000,-1.47000,0.00000,0.00000,-0.14000,-1.15000,96.41000,-255.00000
1.64000,0.79000,-1.47000,0.00000,0.00000,-0.14000,-1.15000,95.59000,-255.00000
1.64000,0.79000,-1.47000,0.00000,0.00000,-0.14000,-1.15000,95.59000,-255.00000
1.64000,0.79000,-1.47000,0.00000,0.00000,-0.14000,-1.15000,94.76000,-255.00000
1.64000,0.79000,-1.47000,0.00000,0.00000,-0.14000,-1.15000,94.76000,-255.00000
1.64000,0.79000,-1.47000,0.00000,0.00000,-0.14000,-1.15000,93.94000,-255.00000
1.64000,0.79000,-1.47000,0.00000,0.00000,-0.14000,-1.15000,93.94000,-255.00000
1.64000,0.79000,-1.47000,0.00000,0.00000,-0.14000,-1.15000,93.12000,-255.00000
1.64000,0.79000,-1.47000,0.00000,0.00000,-0.14000,-1.15000,93.12000,-255.00000
1.64000,0.79000,-1.47000,0.00000,0.00000,-0.14000,-1.15000,92.29000,-255.00000
1.64000,0.79000,-1.47000,0.00000,0.00000,-0.14000,-1.15000,92.29000,-255.00000
1.64000,0.79000,-1.47000,0.00000,0.00000,-0.14000,-1.15000,91.47000,-255.00000
1.64000,0.79000,-1.47000,0.00000,0.00000,-0.14000,-1.15000,91.47000,-255.00000
1.64000,0.79000,-1.47000,0.00000,0.00000,-0.14000,-1.15000,90.65000,-255.00000
1.64000,0.79000,-1.47000,0.00000,0.00000,-0.14000,-1.15000,90.65000,-255.00000
1.64000,0.79000,-1.47000,0.00000,0.00000,-0.14000,-1.15000,89.82000,-255.00000
1.64000,0.79000,-1.47000,0.00000,0.00000,-0.14000,-1.15000,89.82000,-255.00000
1.64000,0.79000,-1.47000,0.00000,0.00000,-0.14000,-1.15000,89.00000,-255.00000
1.64000,0.79000,-1.47000,0.00000,0.00000,-0.14000,-1.15000,89.00000,-255.00000
1.64000,0.79000,-1.47000,0.00000,0.00000,-0.14000,-1.15000,88.18000,-255.00000
1.64000,0.79000,-1.47000,0.00000,0.00000,-0.14000,-1.15000,88.18000,-255.00000
1.64000,0.79000,-1.47000,0.00000,0.00000,-0.14000,-1.15000,87.35000,-255.00000
1.64000,0.79000,-1.47000,0.00000,0.00000,-0.14000,-1.15000,87.35000,-255.00000
1.64000,0.79000,-1.47000,0.00000,0.00000,-0.14000,-1.15000,86.53000,-255.00000
1.64000,0.79000,-1.47000,0.00000,0.00000,-0.14000,-1.15000,86.53000,-255.00000
1.64000,0.79000,-1.47000,0.00000,0.00000,-0.14000,-1.15000,85.71000,-255.00000
1.64000,0.79000,-1.47000,0.00000,0.00000,-0.14000,-1.15000,85.71000,-255.00000
1.64000,0.79000,-1.47000,0.00000,0.00000,-0.14000,-1.15000,84.88000,-255.00000
1.64000,0.79000,-1.47000,0.00000,0.00000,-0.14000,-1.15000,84.88000,-255.00000
1.64000,0.79000,-1.47000,0.00000,0.00000,-0.14000,-1.15000,84.06000,-255.00000
1.64000,0.79000,-1.47000,0.00000,0.00000,-0.14000,-1.15000,84.06000,-255.00000
1.64000,0.79000,-1.47000,0.00000,0.00000,-0.14000,-1.15000,83.24000,-255.00000
1.64000,0.79000,-1.47000,0.00000,0.00000,-0.14000,-1.15000,83.24000,-255.00000
1.64000,0.79000,-1.47000,0.00000,0.00000,-0.14000,-1.15000,82.41000,-255.00000
1.64000,0.79000,-1.47000,0.00000,0.00000,-0.14000,-1.15000,82.41000,-255.00000
1.64000,0.79000,-1.47000,0.00000,0.00000,-0.14000,-1.15000,81.59000,-255.00000
1.64000,0.79000,-1.47000,0.00000,0.00000,-0.14000,-1.15000,81.59000,-255.00000
1.64000,0.79000,-1.47000,0.00000,0.00000,-0.14000,-1.15000,80.77000,-255.00000
1.64000,0.79000,-1.47000,0.00000,0.00000,-0.14000,-1.15000,80.77000,-255.00000
1.64000,0.79000,-1.47000,0.00000,0.00000,-0.14000,-1.15000,79.94000,-255.00000
1.64000,0.79000,-1.47000,0.00000,0.00000,-0.14000,-1.15000,79.94000,-255.00000
1.64000,0.79000,-1.47000,0.00000,0.00000,-0.14000,-1.15000,79.12000,-255.00000
1.64000,0.79000,-1.47000,0.00000,0.00000,-0.14000,-1.15000,79.12000,-255.00000
1.64000,0.79000,-1.47000,0.00000,0.00000,-0.14000,-1.15000,78.30000,-255.00000
1.64000,0.79000,-1.47000,0.00000,0.00000,-0.14000,-1.15000,78.30000,-255.00000
1.64000,0.79000,-1.47000,0.00000,0.00000,-0.14000,-1.15000,77.47000,-255.00000
1.64000,0.79000,-1.47000,0.00000,0.00000,-0.14000,-1.15000,77.47000,-255.00000
1.64000,0.79000,-1.47000,0.00000,0.00000,-0.14000,-1.15000,76.65000,-255.00000
1.64000,0.79000,-1.47000,0.00000,0.00000,-0.14000,-1.15000,76.65000,-255.00000
1.64000,0.79000,-1.47000,0.00000,0.00000,-0.14000,-1.15000,75.83000,-255.00000
1.64000,0.79000,-1.47000,0.00000,0.00000,-0.14000,-1.15000,75.83000,-255.00000
1.64000,0.79000,-1.47000,0.00000,0.00000,-0.14000,-1.15000,75.00000,-255.00000
1.64000,0.79000,-1.47000,0.00000,0.00000,-0.14000,-1.15000,75.00000,-255.00000
1.64000,0.79000,-1.47000,0.00000,0.00000,-0.14000,-1.15000,74.18000,-255.00000
1.64000,0.79000,-1.47000,0.00000,0.00000,-0.14000,-1.15000,74.18000,-255.00000
1.64000,0.79000,-1.47000,0.00000,0.00000,-0.14000,-1.15000,73.36000,-255.00000
1.64000,0.79000,-1.47000,0.00000,0.00000,-0.14000,-1.15000,73.36000,-255.00000
1.64000,0.79000,-1.47000,0.00000,0.00000,-0.14000,-1.15000,72.53000,-255.00000
1.64000,0.79000,-1.47000,0.00000,0.00000,-0.14000,-1.15000,72.53000,-255.00000
1.64000,0.79000,-1.47000,0.00000,0.00000,-0.14000,-1.15000,71.71000,-255.00000
1.64000,0.79000,-1.47000,0.00000,0.00000,-0.14000,-1.15000,71.71000,-255.00000
1.64000,0.79000,-1.47000,0.00000,0.00000,-0.14000,-1.15000,70.89000,-255.00000
1.64000,0.79000,-1.47000,0.00000,0.00000,-0.14000,-1.15000,70.89000,-255.00000
1.64000,0.79000,-1.47000,0.00000,0.00000,-0.14000,-1.15000,70.06000,-255.00000
1.64000,0.79000,-1.47000,0.00000,0.00000,-0.14000,-1.15000,70.06000,-255.00000
1.64000,0.79000,-1.47000,0.00000,0.00000,-0.14000,-1.15000,69.24000,-255.00000
1.64000,0.79000,-1.47000,0.00000,0.00000,-0.14000,-1.15000,69.24000,-255.00000
1.64000,0.79000,-1.47000,0.00000,0.00000,-0.14000,-1.15000,68.42000,-255.00000
1.64000,0.79000,-1.47000,0.00000,0.00000,-0.14000,-1.15000,68.42000,-255.00000
1.64000,0.79000,-1.47000,0.00000,0.00000,-0.14000,-1.15000,67.59000,-255.00000
1.64000,0.79000,-1.47000,0.00000,0.00000,-0.14000,-1.15000,67.59000,-255.00000
1.64000,0.79000,-1.47000,0.00000,0.00000,-0.14000,-1.15000,66.77000,-255.00000
1.64000,0.79000,-1.47000,0.00000,0.00000,-0.14000,-1.15000,66.77000,-255.00000
1.64000,0.79000,-1.47000,0.00000,0.00000,-0.14000,-1.15000,65.95000,-255.00000
1.64000,0.79000,-1.47000,0.00000,0.00000,-0.14000,-1.15000,65.95000,-255.00000
1.64000,0.79000,-1.47000,0.00000,0.00000,-0.14000,-1.15000,65.12000,-255.00000
1.64000,0.79000,-1.47000,0.00000,0.00000,-0.14000,-1.15000,65.12000,-255.00000
1.64000,0.79000,-1.47000,0.00000,0.00000,-0.14000,-1.15000,64.30000,-255.00000
1.64000,0.79000,-1.47000,0.00000,0.00000,-0.14000,-1.15000,64.30000,-255.00000
1.64000,0.79000,-1.47000,0.00000,0.00000,-0.14000,-1.15000,63.48000,-255.00000
1.64000,0.79000,-1.47000,0.00000,0.00000,-0.14000,-1.15000,63.48000,-255.00000
1.64000,0.79000,-1.47000,0.00000,0.00000,-0.14000,-1.15000,62.65000,-255.00000
1.64000,0.79000,-1.47000,0.00000,0.00000,-0.14000,-1.15000,62.65000,-255.00000
1.64000,0.79000,-1.47000,0.00000,0.00000,-0.14000,-1.15000,61.83000,-255.00000
1.64000,0.79000,-1.47000,0.00000,0.00000,-0.14000,-1.15000,61.83000,-255.00000
1.64000,0.79000,-1.47000,0.00000,0.00000,-0.14000,-1.15000,61.01000,-255.00000
1.64000,0.79000,-1.47000,0.00000,0.00000,-0.14000,-1.15000,61.01000,-255.00000
1.64000,0.79000,-1.47000,0.00000,0.00000,-0.14000,-1.15000,60.18000,-255.00000
1.64000,0.79000,-1.47000,0.00000,0.00000,-0.14000,-1.15000,60.18000,-255.00000
1.64000,0.79000,-1.47000,0.00000,0.00000,-0.14000,-1.15000,59.36000,-255.00000
1.64000,0.79000,-1.47000,0.00000,0.00000,-0.14000,-1.15000,59.36000,-255.00000
1.64000,0.79000,-1.47000,0.00000,0.00000,-0.14000,-1.15000,58.54000,-255.00000
1.64000,0.79000,-1.47000,0.00000,0.00000,-0.14000,-1.15000,58.54000,-255.00000
1.64000,0.79000,-1.47000,0.00000,0.00000,-0.14000,-1.15000,57.71000,-255.00000
1.64000,0.79000,-1.47000,0.00000,0.00000,-0.14000,-1.15000,57.71000,-255.00000
1.64000,0.79000,-1.47000,0.00000,0.00000,-0.14000,-1.15000,56.89000,-255.00000
1.64000,0.79000,-1.47000,0.00000,0.00000,-0.14000,-1.15000,56.89000,-255.00000
1.64000,0.79000,-1.47000,0.00000,0.00000,-0.14000,-1.15000,56.07000,-255.00000
1.64000,0.79000,-1.47000,0.00000,0.00000,-0.14000,-1.15000,56.07000,-255.00000
1.64000,0.79000,-1.47000,0.00000,0.00000,-0.14000,-1.15000,55.24000,-255.00000
1.64000,0.79000,-1.47000,0.00000,0.00000,-0.14000,-1.15000,55.24000,-255.00000
1.64000,0.79000,-1.47000,0.00000,0.00000,-0.14000,-1.15000,54.42000,-255.00000
1.64000,0.79000,-1.47000,0.00000,0.00000,-0.14000,-1.15000,54.42000,-255.00000
1.64000,0.79000,-1.47000,0.00000,0.00000,-0.14000,-1.15000,53.60000,-255.00000
1.64000,0.79000,-1.47000,0.00000,0.00000,-0.14000,-1.15000,53.60000,-255.00000
1.64000,0.79000,-1.47000,0.00000,0.00000,-0.14000,-1.15000,52.77000,-255.00000
1.64000,0.79000,-1.47000,0.00000,0.00000,-0.14000,-1.15000,52.77000,-255.00000
1.64000,0.79000,-1.47000,0.00000,0.00000,-0.14000,-1.15000,51.95000,-255.00000
1.64000,0.79000,-1.47000,0.00000,0.00000,-0.14000,-1.15000,51.95000,-255.00000
1.64000,0.79000,-1.47000,0.00000,0.00000,-0.14000,-1.15000,51.12000,-255.00000
1.64000,0.79000,-1.47000,0.00000,0.00000,-0.14000,-1.15000,51.12000,-255.00000
1.64000,0.79000,-1.47000,0.00000,0.00000,-0.14000,-1.15000,50.30000,-255.00000
1.64000,0.79000,-1.47000,0.00000,0.00000,-0.14000,-1.15000,50.30000,-255.00000
1.64000,0.79000,-1.47000,0.00000,0.00000,-0.14000,-1.15000,49.48000,-255.00000
1.64000,0.79000,-1.47000,0.00000,0.00000,-0.14000,-1.15000,49.48000,-255.00000
1.64000,0.79000,-1.47000,0.00000,0.00000,-0.14000,-1.15000,48.65000,-255.00000
1.64000,0.79000,-1.47000,0.00000,0.00000,-0.14000,-1.15000,48.65000,-255.00000
1.64000,0.79000,-1.47000,0.00000,0.00000,-0.14000,-1.15000,47.83000,-255.00000
1.64000,0.79000,-1.47000,0.00000,0.00000,-0.14000,-1.15000,47.83000,-255.00000
1.64000,0.79000,-1.47000,0.00000,0.00000,-0.14000,-1.15000,47.01000,-255.00000
1.64000,0.79000,-1.47000,0.00000,0.00000,-0.14000,-1.15000,47.01000,-255.00000
1.64000,0.79000,-1.47000,0.00000,0.00000,-0.14000,-1.15000,46.18000,-255.00000
1.64000,0.79000,-1.47000,0.00000,0.00000,-0.14000,-1.15000,46.18000,-255.00000
1.64000,0.79000,-1.47000,0.00000,0.00000,-0.14000,-1.15000,45.36000,-255.00000
1.64000,0.79000,-1.47000,0.00000,0.00000,-0.14000,-1.15000,45.36000,-255.00000
1.64000,0.79000,-1.47000,0.00000,0.00000,-0.14000,-1.15000,44.54000,-255.00000
1.64000,0.79000,-1.47000,0.00000,0.00000,-0.14000,-1.15000,44.54000,-255.00000
1.64000,0.79000,-1.47000,0.00000,0.00000,-0.14000,-1.15000,43.71000,-255.00000
1.64000,0.79000,-1.47000,0.00000,0.00000,-0.14000,-1.15000,43.71000,-255.00000
1.64000,0.79000,-1.47000,0.00000,0.00000,-0.14000,-1.15000,42.89000,-255.00000
1.64000,0.79000,-1.47000,0.00000,0.00000,-0.14000,-1.15000,42.89000,-255.00000
1.64000,0.79000,-1.47000,0.00000,0.00000,-0.14000,-1.15000,42.07000,-255.00000
1.64000,0.79000,-1.47000,0.00000,0.00000,-0.14000,-1.15000,42.07000,-255.00000
1.64000,0.79000,-1.47000,0.00000,0.00000,-0.14000,-1.15000,41.24000,-255.00000
1.64000,0.79000,-1.47000,0.00000,0.00000,-0.14000,-1.15000,41.24000,-255.00000
1.64000,0.79000,-1.47000,0.00000,0.00000,-0.14000,-1.15000,40.42000,-255.00000
1.64000,0.79000,-1.47000,0.00000,0.00000,-0.14000,-1.15000,40.42000,-255.00000
1.64000,0.79000,-1.47000,0.00000,0.00000,-0.14000,-1.15000,39.60000,-255.00000
1.64000,0.79000,-1.47000,0.00000,0.00000,-0.14000,-1.15000,39.60000,-255.00000
1.64000,0.79000,-1.47000,0.00000,0.00000,-0.14000,-1.15000,38.77000,-255.00000
1.64000,0.79000,-1.47000,0.00000,0.00000,-0.14000,-1.15000,38.77000,-255.00000
1.64000,0.79000,-1.47000,0.00000,0.00000,-0.14000,-1.15000,37.95000,-255.00000
1.64000,0.79000,-1.47000,0.00000,0.00000,-0.14000,-1.15000,37.95000,-255.00000
1.64000,0.79000,-1.47000,0.00000,0.00000,-0.14000,-1.15000,37.13000,-255.00000
1.64000,0.79000,-1.47000,0.00000,0.00000,-0.14000,-1.15000,37.13000,-255.00000
1.64000,0.79000,-1.47000,0.00000,0.00000,-0.14000,-1.15000,36.30000,-255.00000
1.64000,0.79000,-1.47000,0.00000,0.00000,-0.14000,-1.15000,36.30000,-255.00000
1.64000,0.79000,-1.47000,0.00000,0.00000,-0.14000,-1.15000,35.48000,-255.00000
1.64000,0.79000,-1.47000,0.00000,0.00000,-0.14000,-1.15000,35.48000,-255.00000
1.64000,0.79000,-1.47000,0.00000,0.00000,-0.14000,-1.15000,34.66000,-255.00000
1.64000,0.79000,-1.47000,0.00000,0.00000,-0.14000,-1.15000,34.66000,-255.00000
1.64000,0.79000,-1.47000,0.00000,0.00000,-0.14000,-1.15000,33.83000,-255.00000
1.64000,0.79000,-1.47000,0.00000,0.00000,-0.14000,-1.15000,33.83000,-255.00000
1.64000,0.79000,-1.47000,0.00000,0.00000,-0.14000,-1.15000,33.01000,-255.00000
1.64000,0.79000,-1.47000,0.00000,0.00000,-0.14000,-1.15000,33.01000,-255.00000
1.64000,0.79000,-1.47000,0.00000,0.00000,-0.14000,-1.15000,32.19000,-255.00000
1.64000,0.79000,-1.47000,0.00000,0.00000,-0.14000,-1.15000,32.19000,-255.00000
1.64000,0.79000,-1.47000,0.00000,0.00000,-0.14000,-1.15000,31.36000,-255.00000
1.64000,0.79000,-1.47000,0.00000,0.00000,-0.14000,-1.15000,31.36000,-255.00000
1.64000,0.79000,-1.47000,0.00000,0.00000,-0.14000,-1.15000,30.54000,-255.00000
1.64000,0.79000,-1.47000,0.00000,0.00000,-0.14000,-1.15000,30.54000,-255.00000
1.64000,0.79000,-1.47000,0.00000,0.00000,-0.14000,-1.15000,29.72000,-255.00000
1.64000,0.79000,-1.47000,0.00000,0.00000,-0.14000,-1.15000,29.72000,-255.00000
1.64000,0.79000,-1.47000,0.00000,0.00000,-0.14000,-1.15000,28.89000,-255.00000
1.64000,0.79000,-1.47000,0.00000,0.00000,-0.14000,-1.15000,28.89000,-255.00000
1.64000,0.79000,-1.47000,0.00000,0.00000,-0.14000,-1.15000,28.07000,-255.00000
1.64000,0.79000,-1.47000,0.00000,0.00000,-0.14000,-1.15000,28.07000,-255.00000
1.64000,0.79000,-1.47000,0.00000,0.00000,-0.14000,-1.15000,27.25000,-255.00000
1.64000,0.79000,-1.47000,0.00000,0.00000,-0.14000,-1.15000,27.25000,-255.00000
1.64000,0.79000,-1.47000,0.00000,0.00000,-0.14000,-1.15000,26.42000,-255.00000
1.64000,0.79000,-1.47000,0.00000,0.00000,-0.14000,-1.15000,26.42000,-255.00000
1.64000,0.79000,-1.47000,0.00000,0.00000,-0.14000,-1.15000,25.60000,-255.00000
1.64000,0.79000,-1.47000,0.00000,0.00000,-0.14000,-1.15000,25.60000,-255.00000
1.64000,0.79000,-1.47000,0.00000,0.00000,-0.14000,-1.15000,24.78000,-255.00000
1.64000,0.79000,-1.47000,0.00000,0.00000,-0.14000,-1.15000,24.78000,-255.00000
1.64000,0.79000,-1.47000,0.00000,0.00000,-0.14000,-1.15000,23.95000,-255.00000
1.64000,0.79000,-1.47000,0.00000,0.00000,-0.14000,-1.15000,23.95000,-255.00000
1.64000,0.79000,-1.47000,0.00000,0.00000,-0.14000,-1.15000,23.13000,-255.00000
1.64000,0.79000,-1.47000,0.00000,0.00000,-0.14000,-1.15000,23.13000,-255.00000
1.64000,0.79000,-1.47000,0.00000,0.00000,-0.14000,-1.15000,22.31000,-255.00000
1.64000,0.79000,-1.47000,0.00000,0.00000,-0.14000,-1.15000,22.31000,-255.00000
1.64000,0.79000,-1.47000,0.00000,0.00000,-0.14000,-1.15000,21.48000,-255.00000
1.64000,0.79000,-1.47000,0.00000,0.00000,-0.14000,-1.15000,21.48000,-255.00000
1.64000,0.79000,-1.47000,0.00000,0.00000,-0.14000,-1.15000,20.66000,-255.00000
1.64000,0.79000,-1.47000,0.00000,0.00000,-0.14000,-1.15000,20.66000,-255.00000
1.64000,0.79000,-1.47000,0.00000,0.00000,-0.14000,-1.15000,19.84000,-255.00000
1.64000,0.79000,-1.47000,0.00000,0.00000,-0.14000,-1.15000,19.84000,-255.00000
1.64000,0.79000,-1.47000,0.00000,0.00000,-0.14000,-1.15000,19.01000,-255.00000
1.64000,0.79000,-1.47000,0.00000,0.00000,-0.14000,-1.15000,19.01000,-255.00000
1.64000,0.79000,-1.47000,0.00000,0.00000,-0.14000,-1.15000,18.19000,-255.00000
1.64000,0.79000,-1.47000,0.00000,0.00000,-0.14000,-1.15000,18.19000,-255.00000
1.64000,0.79000,-1.47000,0.00000,0.00000,-0.14000,-1.15000,17.37000,-255.00000
1.64000,0.79000,-1.47000,0.00000,0.00000,-0.14000,-1.15000,17.37000,-255.00000
1.64000,0.79000,-1.47000,0.00000,0.00000,-0.14000,-1.15000,16.54000,-255.00000
1.64000,0.79000,-1.47000,0.00000,0.00000,-0.14000,-1.15000,16.54000,-255.00000
1.64000,0.79000,-1.47000,0.00000,0.00000,-0.14000,-1.15000,15.72000,-255.00000
1.64000,0.79000,-1.47000,0.00000,0.00000,-0.14000,-1.15000,15.72000,-255.00000
1.64000,0.79000,-1.47000,0.00000,0.00000,-0.14000,-1.15000,14.90000,-255.00000
1.64000,0.79000,-1.47000,0.00000,0.00000,-0.14000,-1.15000,14.90000,-255.00000
1.64000,0.79000,-1.47000,0.00000,0.00000,-0.14000,-1.15000,14.07000,-255.00000
1.64000,0.79000,-1.47000,0.00000,0.00000,-0.14000,-1.15000,14.07000,-255.00000
1.64000,0.79000,-1.47000,0.00000,0.00000,-0.14000,-1.15000,13.25000,-255.00000
1.64000,0.79000,-1.47000,0.00000,0.00000,-0.14000,-1.15000,13.25000,-255.00000
1.64000,0.79000,-1.47000,0.00000,0.00000,-0.14000,-1.15000,12.43000,-255.00000
1.64000,0.79000,-1.47000,0.00000,0.00000,-0.14000,-1.15000,12.43000,-255.00000
1.64000,0.79000,-1.47000,0.00000,0.00000,-0.14000,-1.15000,11.60000,-255.00000
1.64000,0.79000,-1.47000,0.00000,0.00000,-0.14000,-1.15000,11.60000,-255.00000
1.64000,0.79000,-1.47000,0.00000,0.00000,-0.14000,-1.15000,10.78000,-255.00000
1.64000,0.79000,-1.47000,0.00000,0.00000,-0.14000,-1.15000,10.78000,-255.00000
1.64000,0.79000,-1.47000,0.00000,0.00000,-0.14000,-1.15000,9.96000,-255.00000
1.64000,0.79000,-1.47000,0.00000,0.00000,-0.14000,-1.15000,9.96000,-255.00000
1.64000,0.79000,-1.47000,0.00000,0.00000,-0.14000,-1.15000,9.13000,-255.00000
1.64000,0.79000,-1.47000,0.00000,0.00000,-0.14000,-1.15000,9.13000,-255.00000
1.64000,0.79000,-1.47000,0.00000,0.00000,-0.14000,-1.15000,8.31000,-255.00000
1.64000,0.79000,-1.47000,0.00000,0.00000,-0.14000,-1.15000,8.31000,-255.00000
1.64000,0.79000,-1.47000,0.00000,0.00000,-0.14000,-1.15000,7.49000,-255.00000
1.64000,0.79000,-1.47000,0.00000,0.00000,-0.14000,-1.15000,7.49000,-255.00000
1.64000,0.79000,-1.47000,0.00000,0.00000,-0.14000,-1.15000,6.66000,-255.00000
1.64000,0.79000,-1.47000,0.00000,0.00000,-0.14000,-1.15000,6.66000,-255.00000
1.64000,0.79000,-1.47000,0.00000,0.00000,-0.14000,-1.15000,5.84000,-255.00000
1.64000,0.79000,-1.47000,0.00000,0.00000,-0.14000,-1.15000,5.84000,-255.00000
1.64000,0.79000,-1.47000,0.00000,0.00000,-0.14000,-1.15000,5.02000,-255.00000
1.64000,0.79000,-1.47000,0.00000,0.00000,-0.14000,-1.15000,5.02000,-255.00000
1.64000,0.79000,-1.47000,0.00000,0.00000,-0.14000,-1.15000,4.19000,-255.00000
1.64000,0.79000,-1.47000,0.00000,0.00000,-0.14000,-1.15000,4.19000,-255.00000
1.64000,0.79000,-1.47000,0.00000,0.00000,-0.14000,-1.15000,3.37000,-255.00000
1.64000,0.79000,-1.47000,0.00000,0.00000,-0.14000,-1.15000,3.37000,-255.00000
1.64000,0.79000,-1.47000,0.00000,0.00000,-0.14000,-1.15000,2.55000,-255.00000
1.64000,0.79000,-1.47000,0.00000,0.00000,-0.14000,-1.15000,2.55000,-255.00000
1.64000,0.79000,-1.47000,0.00000,0.00000,-0.14000,-1.15000,1.72000,-255.00000
1.64000,0.79000,-1.47000,0.00000,0.00000,-0.14000,-1.15000,1.72000,-255.00000
1.64000,0.79000,-1.47000,0.00000,0.00000,-0.14000,-1.15000,0.90000,-255.00000
1.64000,0.79000,-1.47000,0.00000,0.00000,-0.14000,-1.15000,0.90000,-255.00000
1.64000,0.79000,-1.47000,0.00000,0.00000,-0.14000,-1.15000,0.08000,-255.00000
1.64000,0.79000,-1.47000,0.00000,0.00000,-0.14000,-1.15000,0.08000,-255.00000
1.64000,0.79000,-1.47000,0.00000,0.00000,-0.14000,-1.15000,-0.75000,-255.00000
1.64000,0.79000,-1.47000,0.00000,0.00000,-0.14000,-1.15000,-0.75000,-255.00000
1.64000,0.79000,-1.47000,0.00000,0.00000,-0.14000,-1.15000,-1.57000,-255.00000
1.64000,0.79000,-1.47000,0.00000,0.00000,-0.14000,-1.15000,-1.57000,-255.00000
1.64000,0.79000,-1.47000,0.00000,0.00000,-0.14000,-1.15000,-2.39000,-255.00000
1.64000,0.79000,-1.47000,0.00000,0.00000,-0.14000,-1.15000,-2.39000,-255.00000
1.64000,0.79000,-1.47000,0.00000,0.00000,-0.14000,-1.15000,-3.22000,-255.00000
1.64000,0.79000,-1.47000,0.00000,0.00000,-0.14000,-1.15000,-3.22000,-255.00000
1.64000,0.79000,-1.47000,0.00000,0.00000,-0.14000,-1.15000,-4.04000,-255.00000
1.64000,0.79000,-1.47000,0.00000,0.00000,-0.14000,-1.15000,-4.04000,-255.00000
1.64000,0.79000,-1.47000,0.00000,0.00000,-0.14000,-1.15000,-4.86000,-255.00000
1.64000,0.79000,-1.47000,0.00000,0.00000,-0.14000,-1.15000,-4.86000,-255.00000
1.64000,0.79000,-1.47000,0.00000,0.00000,-0.14000,-1.15000,-5.69000,-255.00000
1.64000,0.79000,-1.47000,0.00000,0.00000,-0.14000,-1.15000,-5.69000,-255.00000
1.64000,0.79000,-1.47000,0.00000,0.00000,-0.14000,-1.15000,-6.51000,-255.00000
1.64000,0.79000,-1.47000,0.00000,0.00000,-0.14000,-1.15000,-6.51000,-255.00000
1.64000,0.79000,-1.47000,0.00000,0.00000,-0.14000,-1.15000,-7.33000,-255.00000
1.64000,0.79000,-1.47000,0.00000,0.00000,-0.14000,-1.15000,-7.33000,-255.00000
1.64000,0.79000,-1.47000,0.00000,0.00000,-0.14000,-1.15000,-8.16000,-255.00000
1.64000,0.79000,-1.47000,0.00000,0.00000,-0.14000,-1.15000,-8.16000,-255.00000
1.64000,0.79000,-1.47000,0.00000,0.00000,-0.14000,-1.15000,-8.98000,-255.00000
1.64000,0.79000,-1.47000,0.00000,0.00000,-0.14000,-1.15000,-8.98000,-255.00000
1.64000,0.79000,-1.47000,0.00000,0.00000,-0.14000,-1.15000,-9.80000,-255.00000
1.64000,0.79000,-1.47000,0.00000,0.00000,-0.14000,-1.15000,-9.80000,-255.00000
1.64000,0.79000,-1.47000,0.00000,0.00000,-0.14000,-1.15000,-10.63000,-255.00000
1.64000,0.79000,-1.47000,0.00000,0.00000,-0.14000,-1.15000,-10.63000,-255.00000
1.64000,0.79000,-1.47000,0.00000,0.00000,-0.14000,-1.15000,-11.45000,-255.00000
1.64000,0.79000,-1.47000,0.00000,0.00000,-0.14000,-1.15000,-11.45000,-255.00000
1.64000,0.79000,-1.47000,0.00000,0.00000,-0.14000,-1.15000,-12.27000,-255.00000
1.64000,0.79000,-1.47000,0.00000,0.00000,-0.14000,-1.15000,-12.27000,-255.00000
1.64000,0.79000,-1.47000,0.00000,0.00000,-0.14000,-1.15000,-13.10000,-255.00000
1.64000,0.79000,-1.47000,0.00000,0.00000,-0.14000,-1.15000,-13.10000,-255.00000
1.64000,0.79000,-1.47000,0.00000,0.00000,-0.14000,-1.15000,-13.92000,-255.00000
1.64000,0.79000,-1.47000,0.00000,0.00000,-0.14000,-1.15000,-13.92000,-255.00000
1.64000,0.79000,-1.47000,0.00000,0.00000,-0.14000,-1.15000,-14.74000,-255.00000
1.64000,0.79000,-1.47000,0.00000,0.00000,-0.14000,-1.15000,-14.74000,-255.00000
1.64000,0.79000,-1.47000,0.00000,0.00000,-0.14000,-1.15000,-15.57000,-255.00000
1.64000,0.79000,-1.47000,0.00000,0.00000,-0.14000,-1.15000,-15.57000,-255.00000
1.64000,0.79000,-1.47000,0.00000,0.00000,-0.14000,-1.15000,-16.39000,-255.00000
1.64000,0.79000,-1.47000,0.00000,0.00000,-0.14000,-1.15000,-16.39000,-255.00000
1.64000,0.79000,-1.47000,0.00000,0.00000,-0.14000,-1.15000,-17.21000,-255.00000
1.64000,0.79000,-1.47000,0.00000,0.00000,-0.14000,-1.15000,-17.21000,-255.00000
1.64000,0.79000,-1.47000,0.00000,0.00000,-0.14000,-1.15000,-18.04000,-255.00000
1.64000,0.79000,-1.47000,0.00000,0.00000,-0.14000,-1.15000,-18.04000,-255.00000
1.64000,0.79000,-1.47000,0.00000,0.00000,-0.14000,-1.15000,-18.86000,-255.00000
1.64000,0.79000,-1.47000,0.00000,0.00000,-0.14000,-1.15000,-18.86000,-255.00000
1.64000,0.79000,-1.47000,0.00000,0.00000,-0.14000,-1.15000,-19.68000,-255.00000
1.64000,0.79000,-1.47000,0.00000,0.00000,-0.14000,-1.15000,-19.68000,-255.00000
1.64000,0.79000,-1.47000,0.00000,0.00000,-0.14000,-1.15000,-20.51000,-255.00000
1.64000,0.79000,-1.47000,0.00000,0.00000,-0.14000,-1.15000,-20.51000,-255.00000
1.64000,0.79000,-1.47000,0.00000,0.00000,-0.14000,-1.15000,-21.33000,-255.00000
1.64000,0.79000,-1.47000,0.00000,0.00000,-0.14000,-1.15000,-21.33000,-255.00000
1.64000,0.79000,-1.47000,0.00000,0.00000,-0.14000,-1.15000,-22.15000,-255.00000
1.64000,0.79000,-1.47000,0.00000,0.00000,-0.14000,-1.15000,-22.15000,-255.00000
1.64000,0.79000,-1.47000,0.00000,0.00000,-0.14000,-1.15000,-22.98000,-255.00000
1.64000,0.79000,-1.47000,0.00000,0.00000,-0.14000,-1.15000,-22.98000,-255.00000
1.64000,0.79000,-1.47000,0.00000,0.00000,-0.14000,-1.15000,-23.80000,-255.00000
1.64000,0.79000,-1.47000,0.00000,0.00000,-0.14000,-1.15000,-23.80000,-255.00000
1.64000,0.79000,-1.47000,0.00000,0.00000,-0.14000,-1.15000,-24.62000,-255.00000
1.64000,0.79000,-1.47000,0.00000,0.00000,-0.14000,-1.15000,-24.62000,-255.00000
1.64000,0.79000,-1.47000,0.00000,0.00000,-0.14000,-1.15000,-25.45000,-255.00000
1.64000,0.79000,-1.47000,0.00000,0.00000,-0.14000,-1.15000,-25.45000,-255.00000
1.64000,0.79000,-1.47000,0.00000,0.00000,-0.14000,-1.15000,-26.27000,-255.00000
1.64000,0.79000,-1.47000,0.00000,0.00000,-0.14000,-1.15000,-26.27000,-255.00000
1.64000,0.79000,-1.47000,0.00000,0.00000,-0.14000,-1.15000,-27.09000,-255.00000
1.64000,0.79000,-1.47000,0.00000,0.00000,-0.14000,-1.15000,-27.09000,-255.00000
1.64000,0.79000,-1.47000,0.00000,0.00000,-0.14000,-1.15000,-27.92000,-255.00000
1.64000,0.79000,-1.47000,0.00000,0.00000,-0.14000,-1.15000,-27.92000,-255.00000
1.64000,0.79000,-1.47000,0.00000,0.00000,-0.14000,-1.15000,-28.74000,-255.00000
1.64000,0.79000,-1.47000,0.00000,0.00000,-0.14000,-1.15000,-28.74000,-255.00000
1.64000,0.79000,-1.47000,0.00000,0.00000,-0.14000,-1.15000,-29.56000,-255.00000
1.64000,0.79000,-1.47000,0.00000,0.00000,-0.14000,-1.15000,-29.56000,-255.00000
1.64000,0.79000,-1.47000,0.00000,0.00000,-0.14000,-1.15000,-30.39000,-255.00000
1.64000,0.79000,-1.47000,0.00000,0.00000,-0.14000,-1.15000,-30.39000,-255.00000
1.64000,0.79000,-1.47000,0.00000,0.00000,-0.14000,-1.15000,-31.21000,-255.00000
1.64000,0.79000,-1.47000,0.00000,0.00000,-0.14000,-1.15000,-31.21000,-255.00000
1.64000,0.79000,-1.47000,0.00000,0.00000,-0.14000,-1.15000,-32.03000,-255.00000
1.64000,0.79000,-1.47000,0.00000,0.00000,-0.14000,-1.15000,-32.03000,-255.00000
1.64000,0.79000,-1.47000,0.00000,0.00000,-0.14000,-1.15000,-32.86000,-255.00000
1.64000,0.79000,-1.47000,0.00000,0.00000,-0.14000,-1.15000,-32.86000,-255.00000
1.64000,0.79000,-1.47000,-0.02000,0.00000,-0.14000,-1.15000,-33.68000,-255.00000
1.64000,0.79000,-1.47000,0.00000,0.00000,-0.13000,-1.15000,-33.68000,-255.00000
1.64000,0.79000,-1.47000,0.00000,0.00000,-0.13000,-1.15000,-34.45000,-255.00000
1.64000,0.79000,-1.47000,0.00000,0.00000,-0.13000,-1.15000,-34.45000,-255.00000
1.64000,0.79000,-1.47000,0.00000,0.00000,-0.13000,-1.15000,-35.26000,-255.00000
1.64000,0.79000,-1.47000,0.00000,0.00000,-0.13000,-1.15000,-35.26000,-255.00000
1.64000,0.79000,-1.47000,0.00000,0.00000,-0.13000,-1.15000,-36.06000,-255.00000
1.64000,0.79000,-1.47000,0.00000,0.00000,-0.13000,-1.15000,-36.06000,-255.00000
1.64000,0.79000,-1.47000,0.00000,0.00000,-0.13000,-1.15000,-36.86000,-255.00000
1.64000,0.79000,-1.47000,0.00000,0.00000,-0.13000,-1.15000,-36.86000,-255.00000
1.64000,0.79000,-1.47000,0.00000,0.00000,-0.13000,-1.15000,-37.66000,-255.00000
1.64000,0.79000,-1.47000,0.00000,0.00000,-0.13000,-1.15000,-37.66000,-255.00000
1.64000,0.79000,-1.47000,0.00000,0.00000,-0.13000,-1.15000,-38.47000,-255.00000
1.64000,0.79000,-1.47000,0.00000,0.00000,-0.13000,-1.15000,-38.47000,-255.00000
1.64000,0.79000,-1.47000,0.00000,0.00000,-0.13000,-1.15000,-39.27000,-255.00000
1.64000,0.79000,-1.47000,0.00000,0.00000,-0.13000,-1.15000,-39.27000,-255.00000
1.64000,0.79000,-1.47000,0.00000,0.00000,-0.13000,-1.15000,-40.07000,-255.00000
1.64000,0.79000,-1.47000,0.00000,0.00000,-0.13000,-1.15000,-40.07000,-255.00000
1.64000,0.79000,-1.47000,0.00000,0.00000,-0.13000,-1.15000,-40.88000,-255.00000
1.64000,0.79000,-1.47000,0.00000,0.00000,-0.13000,-1.15000,-40.88000,-255.00000
1.64000,0.79000,-1.47000,0.00000,0.00000,-0.13000,-1.15000,-41.68000,-255.00000
1.64000,0.79000,-1.47000,0.00000,0.00000,-0.13000,-1.15000,-41.68000,-255.00000
1.64000,0.79000,-1.47000,0.00000,0.00000,-0.13000,-1.15000,-42.48000,-255.00000
1.64000,0.79000,-1.47000,0.00000,0.00000,-0.13000,-1.15000,-42.48000,-255.00000
1.64000,0.79000,-1.47000,0.00000,0.00000,-0.13000,-1.15000,-43.28000,-255.00000
1.64000,0.79000,-1.47000,0.00000,0.00000,-0.13000,-1.15000,-43.28000,-255.00000
1.64000,0.79000,-1.47000,0.00000,0.00000,-0.13000,-1.15000,-44.09000,-255.00000
1.64000,0.79000,-1.47000,-0.02000,0.00000,-0.13000,-1.15000,-44.09000,-255.00000
1.64000,0.79000,-1.47000,0.00000,0.00000,-0.13000,-1.15000,-44.53000,-255.00000
1.64000,0.79000,-1.47000,0.00000,0.00000,-0.13000,-1.15000,-44.53000,-255.00000
1.64000,0.79000,-1.47000,0.00000,0.00000,-0.13000,-1.15000,-45.50000,-255.00000
1.64000,0.79000,-1.47000,0.00000,0.00000,-0.13000,-1.15000,-45.50000,-255.00000
1.64000,0.79000,-1.47000,0.00000,0.00000,-0.13000,-1.15000,-46.28000,-255.00000
1.64000,0.79000,-1.47000,0.00000,0.00000,-0.13000,-1.15000,-46.28000,-255.00000
1.64000,0.79000,-1.47000,0.00000,0.00000,-0.13000,-1.15000,-47.06000,-255.00000
1.64000,0.79000,-1.47000,0.00000,0.00000,-0.13000,-1.15000,-47.06000,-255.00000
1.64000,0.79000,-1.47000,0.00000,0.00000,-0.13000,-1.15000,-47.84000,-255.00000
1.64000,0.79000,-1.47000,0.00000,0.00000,-0.13000,-1.15000,-47.84000,-255.00000
1.64000,0.79000,-1.47000,0.00000,0.00000,-0.13000,-1.15000,-48.63000,-255.00000
1.64000,0.79000,-1.47000,0.00000,0.00000,-0.13000,-1.15000,-48.63000,-255.00000
1.64000,0.79000,-1.47000,0.00000,0.00000,-0.13000,-1.15000,-49.41000,-255.00000
1.64000,0.79000,-1.47000,0.00000,0.00000,-0.13000,-1.15000,-49.41000,-255.00000
1.64000,0.79000,-1.47000,0.00000,0.00000,-0.13000,-1.15000,-50.19000,-255.00000
1.64000,0.79000,-1.47000,0.00000,0.00000,-0.13000,-1.15000,-50.19000,-255.00000
1.64000,0.79000,-1.47000,0.00000,0.00000,-0.13000,-1.15000,-50.97000,-255.00000
1.64000,0.79000,-1.47000,0.00000,0.00000,-0.13000,-1.15000,-50.97000,-255.00000
1.64000,0.79000,-1.47000,0.00000,0.00000,-0.13000,-1.15000,-51.75000,-255.00000
1.64000,0.79000,-1.47000,0.00000,0.00000,-0.13000,-1.15000,-51.75000,-255.00000
1.64000,0.79000,-1.47000,0.00000,0.00000,-0.13000,-1.15000,-52.54000,-255.00000
1.64000,0.79000,-1.47000,0.00000,0.00000,-0.13000,-1.15000,-52.54000,-255.00000
1.64000,0.79000,-1.47000,0.00000,0.00000,-0.13000,-1.15000,-53.32000,-255.00000
1.64000,0.79000,-1.47000,0.00000,0.00000,-0.13000,-1.15000,-53.32000,-255.00000
1.64000,0.79000,-1.47000,0.00000,0.00000,-0.13000,-1.15000,-54.10000,-255.00000
1.64000,0.79000,-1.47000,0.00000,0.00000,-0.13000,-1.15000,-54.10000,-255.00000
1.64000,0.79000,-1.47000,0.00000,0.00000,-0.13000,-1.15000,-54.88000,-255.00000
1.64000,0.79000,-1.47000,0.00000,0.00000,-0.13000,-1.15000,-54.88000,-255.00000
1.64000,0.79000,-1.47000,0.00000,0.00000,-0.13000,-1.15000,-55.67000,-255.00000
1.64000,0.79000,-1.47000,0.00000,0.00000,-0.13000,-1.15000,-55.67000,-255.00000
1.64000,0.79000,-1.47000,0.00000,0.00000,-0.13000,-1.15000,-56.45000,-255.00000
1.64000,0.79000,-1.47000,0.00000,0.00000,-0.13000,-1.15000,-56.45000,-255.00000
1.64000,0.79000,-1.47000,0.00000,0.00000,-0.13000,-1.15000,-57.23000,-255.00000
1.64000,0.79000,-1.47000,0.00000,0.00000,-0.13000,-1.15000,-57.23000,-255.00000
1.64000,0.79000,-1.47000,0.00000,0.00000,-0.13000,-1.15000,-58.01000,-255.00000
1.64000,0.79000,-1.47000,0.00000,0.00000,-0.13000,-1.15000,-58.01000,-255.00000
1.64000,0.79000,-1.47000,0.00000,0.00000,-0.13000,-1.15000,-58.80000,-255.00000
1.64000,0.79000,-1.47000,0.00000,0.00000,-0.13000,-1.15000,-58.80000,-255.00000
1.64000,0.79000,-1.47000,0.00000,0.00000,-0.13000,-1.15000,-59.58000,-255.00000
1.64000,0.79000,-1.47000,0.00000,0.00000,-0.13000,-1.15000,-59.58000,-255.00000
1.64000,0.79000,-1.47000,0.00000,0.00000,-0.13000,-1.15000,-60.36000,-255.00000
1.64000,0.79000,-1.47000,0.00000,0.00000,-0.13000,-1.15000,-60.36000,-255.00000
1.64000,0.79000,-1.47000,0.00000,0.00000,-0.13000,-1.15000,-61.14000,-255.00000
1.64000,0.79000,-1.47000,0.00000,0.00000,-0.13000,-1.15000,-61.14000,-255.00000
1.64000,0.79000,-1.47000,0.00000,0.00000,-0.13000,-1.15000,-61.92000,-255.00000
1.64000,0.79000,-1.47000,0.00000,0.00000,-0.13000,-1.15000,-61.92000,-255.00000
1.64000,0.79000,-1.47000,0.00000,0.00000,-0.13000,-1.15000,-62.71000,-255.00000
1.64000,0.79000,-1.47000,0.00000,0.00000,-0.13000,-1.15000,-62.71000,-255.00000
1.64000,0.79000,-1.47000,0.00000,0.00000,-0.13000,-1.15000,-63.49000,-255.00000
1.64000,0.79000,-1.47000,0.00000,0.00000,-0.13000,-1.15000,-63.49000,-255.00000
1.64000,0.79000,-1.47000,0.00000,0.00000,-0.13000,-1.15000,-64.27000,-255.00000
1.64000,0.79000,-1.47000,0.00000,0.00000,-0.13000,-1.15000,-64.27000,-255.00000
1.64000,0.79000,-1.47000,0.00000,0.00000,-0.13000,-1.15000,-65.05000,-255.00000
1.64000,0.79000,-1.47000,0.00000,0.00000,-0.13000,-1.15000,-65.05000,-255.00000
1.64000,0.79000,-1.47000,0.00000,0.00000,-0.13000,-1.15000,-65.84000,-255.00000
1.64000,0.79000,-1.47000,0.00000,0.00000,-0.13000,-1.15000,-65.84000,-255.00000
1.64000,0.79000,-1.47000,0.00000,0.00000,-0.13000,-1.15000,-66.62000,-255.00000
1.64000,0.79000,-1.47000,0.00000,0.00000,-0.13000,-1.15000,-66.62000,-255.00000
1.64000,0.79000,-1.47000,0.00000,0.00000,-0.13000,-1.15000,-67.40000,-255.00000
1.64000,0.79000,-1.47000,0.00000,0.00000,-0.13000,-1.15000,-67.40000,-255.00000
1.64000,0.79000,-1.47000,0.00000,0.00000,-0.13000,-1.15000,-68.18000,-255.00000
1.64000,0.79000,-1.47000,0.00000,0.00000,-0.13000,-1.15000,-68.18000,-255.00000
1.64000,0.79000,-1.47000,0.00000,0.00000,-0.13000,-1.15000,-68.97000,-255.00000
1.64000,0.79000,-1.47000,0.00000,0.00000,-0.13000,-1.15000,-68.97000,-255.00000
1.64000,0.79000,-1.47000,0.00000,0.00000,-0.13000,-1.15000,-69.75000,-255.00000
1.64000,0.79000,-1.47000,0.00000,0.00000,-0.13000,-1.15000,-69.75000,-255.00000
1.64000,0.79000,-1.47000,0.00000,0.00000,-0.13000,-1.15000,-70.53000,-255.00000
1.64000,0.79000,-1.47000,0.00000,0.00000,-0.13000,-1.15000,-70.53000,-255.00000
1.64000,0.79000,-1.47000,0.00000,0.00000,-0.13000,-1.15000,-71.31000,-255.00000
1.64000,0.79000,-1.47000,0.00000,0.00000,-0.13000,-1.15000,-71.31000,-255.00000
1.64000,0.79000,-1.47000,0.00000,0.00000,-0.13000,-1.15000,-72.10000,-255.00000
1.64000,0.79000,-1.47000,0.00000,0.00000,-0.13000,-1.15000,-72.10000,-255.00000
1.64000,0.79000,-1.47000,0.00000,0.00000,-0.13000,-1.15000,-72.88000,-255.00000
1.64000,0.79000,-1.47000,0.00000,0.00000,-0.13000,-1.15000,-72.88000,-255.00000
1.64000,0.79000,-1.47000,0.00000,0.00000,-0.13000,-1.15000,-73.66000,-255.00000
1.64000,0.79000,-1.47000,0.00000,0.00000,-0.13000,-1.15000,-73.66000,-255.00000
1.64000,0.79000,-1.47000,0.00000,0.00000,-0.13000,-1.15000,-74.44000,-255.00000
1.64000,0.79000,-1.47000,0.00000,0.00000,-0.13000,-1.15000,-74.44000,-255.00000
1.64000,0.79000,-1.47000,0.00000,0.00000,-0.13000,-1.15000,-75.22000,-255.00000
1.64000,0.79000,-1.47000,0.00000,0.00000,-0.13000,-1.15000,-75.22000,-255.00000
1.64000,0.79000,-1.47000,0.00000,0.00000,-0.13000,-1.15000,-76.01000,-255.00000
1.64000,0.79000,-1.47000,0.00000,0.00000,-0.13000,-1.15000,-76.01000,-255.00000
1.64000,0.79000,-1.47000,0.00000,0.00000,-0.13000,-1.15000,-76.79000,-255.00000
1.64000,0.79000,-1.47000,0.00000,0.00000,-0.13000,-1.15000,-76.79000,-255.00000
1.64000,0.79000,-1.47000,0.00000,0.00000,-0.13000,-1.15000,-77.57000,-255.00000
1.64000,0.79000,-1.47000,0.00000,0.00000,-0.13000,-1.15000,-77.57000,-255.00000
1.64000,0.79000,-1.47000,0.00000,0.00000,-0.13000,-1.15000,-78.35000,-255.00000
1.64000,0.79000,-1.47000,0.00000,0.00000,-0.13000,-1.15000,-78.35000,-255.00000
1.64000,0.79000,-1.47000,0.00000,0.00000,-0.13000,-1.15000,-79.14000,-255.00000
1.64000,0.79000,-1.47000,0.00000,0.00000,-0.13000,-1.15000,-79.14000,-255.00000
1.64000,0.79000,-1.47000,0.00000,0.00000,-0.13000,-1.15000,-79.92000,-255.00000
1.64000,0.79000,-1.47000,0.00000,0.00000,-0.13000,-1.15000,-79.92000,-255.00000
1.64000,0.79000,-1.47000,0.00000,0.00000,-0.13000,-1.15000,-80.70000,-255.00000
1.64000,0.79000,-1.47000,0.00000,0.00000,-0.13000,-1.15000,-80.70000,-255.00000
1.64000,0.79000,-1.47000,0.00000,0.00000,-0.13000,-1.15000,-81.48000,-255.00000
1.64000,0.79000,-1.47000,0.00000,0.00000,-0.13000,-1.15000,-81.48000,-255.00000
1.64000,0.79000,-1.47000,0.00000,0.00000,-0.13000,-1.15000,-82.27000,-255.00000
1.64000,0.79000,-1.47000,0.00000,0.00000,-0.13000,-1.15000,-82.27000,-255.00000
1.64000,0.79000,-1.47000,0.00000,0.00000,-0.13000,-1.15000,-83.05000,-255.00000
1.64000,0.79000,-1.47000,0.00000,0.00000,-0.13000,-1.15000,-83.05000,-255.00000
1.64000,0.79000,-1.47000,0.00000,0.00000,-0.13000,-1.15000,-83.83000,-255.00000
1.64000,0.79000,-1.47000,0.00000,0.00000,-0.13000,-1.15000,-83.83000,-255.00000
1.64000,0.79000,-1.47000,0.00000,0.00000,-0.13000,-1.15000,-84.61000,-255.00000
1.64000,0.79000,-1.47000,0.00000,0.00000,-0.13000,-1.15000,-84.61000,-255.00000
1.64000,0.79000,-1.47000,0.00000,0.00000,-0.13000,-1.15000,-85.39000,-255.00000
1.64000,0.79000,-1.47000,0.00000,0.00000,-0.13000,-1.15000,-85.39000,-255.00000
1.64000,0.79000,-1.47000,0.00000,0.00000,-0.13000,-1.15000,-86.18000,-255.00000
1.64000,0.79000,-1.47000,0.00000,0.00000,-0.13000,-1.15000,-86.18000,-255.00000
1.64000,0.79000,-1.47000,0.00000,0.00000,-0.13000,-1.15000,-86.96000,-255.00000
1.64000,0.79000,-1.47000,0.00000,0.00000,-0.13000,-1.15000,-86.96000,-255.00000
1.64000,0.79000,-1.47000,0.00000,0.00000,-0.13000,-1.15000,-87.74000,-255.00000
1.64000,0.79000,-1.47000,0.00000,0.00000,-0.13000,-1.15000,-87.74000,-255.00000
1.64000,0.79000,-1.47000,0.00000,0.00000,-0.13000,-1.15000,-88.52000,-255.00000
1.64000,0.79000,-1.47000,0.00000,0.00000,-0.13000,-1.15000,-88.52000,-255.00000
1.64000,0.79000,-1.47000,0.00000,0.00000,-0.13000,-1.15000,-89.31000,-255.00000
1.64000,0.79000,-1.47000,0.00000,0.00000,-0.13000,-1.15000,-89.31000,-255.00000
1.64000,0.79000,-1.47000,0.00000,0.00000,-0.13000,-1.15000,-90.09000,-255.00000
1.64000,0.79000,-1.47000,0.00000,0.00000,-0.13000,-1.15000,-90.09000,-255.00000
1.64000,0.79000,-1.47000,0.00000,0.00000,-0.13000,-1.15000,-90.87000,-255.00000
1.64000,0.79000,-1.47000,0.00000,0.00000,-0.13000,-1.15000,-90.87000,-255.00000
1.64000,0.79000,-1.47000,0.00000,0.00000,-0.13000,-1.15000,-91.65000,-255.00000
1.64000,0.79000,-1.47000,0.00000,0.00000,-0.13000,-1.15000,-91.65000,-255.00000
1.64000,0.79000,-1.47000,0.00000,0.00000,-0.13000,-1.15000,-92.44000,-255.00000
1.64000,0.79000,-1.47000,0.00000,0.00000,-0.13000,-1.15000,-92.44000,-255.00000
1.64000,0.79000,-1.47000,0.00000,0.00000,-0.13000,-1.15000,-93.22000,-255.00000
1.64000,0.79000,-1.47000,0.00000,0.00000,-0.13000,-1.15000,-93.22000,-255.00000
1.64000,0.79000,-1.47000,0.00000,0.00000,-0.13000,-1.15000,-94.00000,-255.00000
1.64000,0.79000,-1.47000,0.00000,0.00000,-0.13000,-1.15000,-94.00000,-255.00000
1.64000,0.79000,-1.47000,0.00000,0.00000,-0.13000,-1.15000,-94.78000,-255.00000
1.64000,0.79000,-1.47000,0.00000,0.00000,-0.13000,-1.15000,-94.78000,-255.00000
1.64000,0.79000,-1.47000,0.00000,0.00000,-0.13000,-1.15000,-95.56000,-255.00000
1.64000,0.79000,-1.47000,0.00000,0.00000,-0.13000,-1.15000,-95.56000,-255.00000
1.64000,0.79000,-1.47000,0.00000,0.00000,-0.13000,-1.15000,-96.35000,-255.00000
1.64000,0.79000,-1.47000,0.00000,0.00000,-0.13000,-1.15000,-96.35000,-255.00000
1.64000,0.79000,-1.47000,0.00000,0.00000,-0.13000,-1.15000,-97.13000,-255.00000
1.64000,0.79000,-1.47000,0.00000,0.00000,-0.13000,-1.15000,-97.13000,-255.00000
1.64000,0.79000,-1.47000,0.00000,0.00000,-0.13000,-1.15000,-97.91000,-255.00000
1.64000,0.79000,-1.47000,0.00000,0.00000,-0.13000,-1.15000,-97.91000,-255.00000
1.64000,0.79000,-1.47000,0.00000,0.00000,-0.13000,-1.15000,-98.69000,-255.00000
1.64000,0.79000,-1.47000,0.00000,0.00000,-0.13000,-1.15000,-98.69000,-255.00000
1.64000,0.79000,-1.47000,0.00000,0.00000,-0.13000,-1.15000,-99.48000,-255.00000
1.64000,0.79000,-1.47000,0.00000,0.00000,-0.13000,-1.15000,-99.48000,-255.00000
1.64000,0.79000,-1.47000,0.00000,0.00000,-0.13000,-1.15000,-100.26000,-255.00000
1.64000,0.79000,-1.47000,0.00000,0.00000,-0.13000,-1.15000,-100.26000,-255.00000
1.64000,0.79000,-1.47000,0.00000,0.00000,-0.13000,-1.15000,-101.04000,-255.00000
1.64000,0.79000,-1.47000,0.00000,0.00000,-0.13000,-1.15000,-101.04000,-255.00000
1.64000,0.79000,-1.47000,0.00000,0.00000,-0.13000,-1.15000,-101.82000,-255.00000
1.64000,0.79000,-1.47000,0.00000,0.00000,-0.13000,-1.15000,-101.82000,-255.00000
1.64000,0.79000,-1.47000,0.00000,0.00000,-0.13000,-1.15000,-102.61000,-255.00000
1.64000,0.79000,-1.47000,0.00000,0.00000,-0.13000,-1.15000,-102.61000,-255.00000
1.64000,0.79000,-1.47000,0.00000,0.00000,-0.13000,-1.15000,-103.39000,-255.00000
1.64000,0.79000,-1.47000,0.00000,0.00000,-0.13000,-1.15000,-103.39000,-255.00000
1.64000,0.79000,-1.47000,0.00000,0.00000,-0.13000,-1.15000,-104.17000,-255.00000
1.64000,0.79000,-1.47000,0.00000,0.00000,-0.13000,-1.15000,-104.17000,-255.00000
1.64000,0.79000,-1.47000,0.00000,0.00000,-0.13000,-1.15000,-104.95000,-255.00000
1.64000,0.79000,-1.47000,0.00000,0.00000,-0.13000,-1.15000,-104.95000,-255.00000
1.64000,0.79000,-1.47000,0.00000,0.00000,-0.13000,-1.15000,-105.74000,-255.00000
1.64000,0.79000,-1.47000,0.00000,0.00000,-0.13000,-1.15000,-105.74000,-255.00000
1.64000,0.79000,-1.47000,0.00000,0.00000,-0.13000,-1.15000,-106.52000,-255.00000
1.64000,0.79000,-1.47000,0.00000,0.00000,-0.13000,-1.15000,-106.52000,-255.00000
1.64000,0.79000,-1.47000,0.00000,0.00000,-0.13000,-1.15000,-107.30000,-255.00000
1.64000,0.79000,-1.47000,0.00000,0.00000,-0.13000,-1.15000,-107.30000,-255.00000
1.64000,0.79000,-1.47000,0.00000,0.00000,-0.13000,-1.15000,-108.08000,-255.00000
1.64000,0.79000,-1.47000,0.00000,0.00000,-0.13000,-1.15000,-108.08000,-255.00000
1.64000,0.79000,-1.47000,0.00000,0.00000,-0.13000,-1.15000,-108.86000,-255.00000
1.64000,0.79000,-1.47000,0.00000,0.00000,-0.13000,-1.15000,-108.86000,-255.00000
1.64000,0.79000,-1.47000,0.00000,0.00000,-0.13000,-1.15000,-109.65000,-255.00000
1.64000,0.79000,-1.47000,0.00000,0.00000,-0.13000,-1.15000,-109.65000,-255.00000
1.64000,0.79000,-1.47000,0.00000,0.00000,-0.13000,-1.15000,-110.43000,-255.00000
1.64000,0.79000,-1.47000,0.00000,0.00000,-0.13000,-1.15000,-110.43000,-255.00000
1.64000,0.79000,-1.47000,0.00000,0.00000,-0.13000,-1.15000,-111.21000,-255.00000
1.64000,0.79000,-1.47000,0.00000,0.00000,-0.13000,-1.15000,-111.21000,-255.00000
1.64000,0.79000,-1.47000,0.00000,0.00000,-0.13000,-1.15000,-111.99000,-255.00000
1.64000,0.79000,-1.47000,0.00000,0.00000,-0.13000,-1.15000,-111.99000,-255.00000
1.64000,0.79000,-1.47000,0.00000,0.00000,-0.13000,-1.15000,-112.78000,-255.00000
1.64000,0.79000,-1.47000,0.00000,0.00000,-0.13000,-1.15000,-112.78000,-255.00000
1.64000,0.79000,-1.47000,0.00000,0.00000,-0.13000,-1.15000,-113.56000,-255.00000
1.64000,0.79000,-1.47000,0.00000,0.00000,-0.13000,-1.15000,-113.56000,-255.00000
1.64000,0.79000,-1.47000,0.00000,0.00000,-0.13000,-1.15000,-114.34000,-255.00000
1.64000,0.79000,-1.47000,0.00000,0.00000,-0.13000,-1.15000,-114.34000,-255.00000
1.64000,0.79000,-1.47000,0.00000,0.00000,-0.13000,-1.15000,-115.12000,-255.00000
1.64000,0.79000,-1.47000,0.00000,0.00000,-0.13000,-1.15000,-115.12000,-255.00000
1.64000,0.79000,-1.47000,0.00000,0.00000,-0.13000,-1.15000,-115.91000,-255.00000
1.64000,0.79000,-1.47000,0.00000,0.00000,-0.13000,-1.15000,-115.91000,-255.00000
1.64000,0.79000,-1.47000,0.00000,0.00000,-0.13000,-1.15000,-116.69000,-255.00000
1.64000,0.79000,-1.47000,0.00000,0.00000,-0.13000,-1.15000,-116.69000,-255.00000
1.64000,0.79000,-1.47000,0.00000,0.00000,-0.13000,-1.15000,-117.47000,-255.00000
1.64000,0.79000,-1.47000,0.00000,0.00000,-0.13000,-1.15000,-117.47000,-255.00000
1.64000,0.79000,-1.47000,0.00000,0.00000,-0.13000,-1.15000,-118.25000,-255.00000
1.64000,0.79000,-1.47000,0.00000,0.00000,-0.13000,-1.15000,-118.25000,-255.00000
1.64000,0.79000,-1.47000,0.00000,0.00000,-0.13000,-1.15000,-119.03000,-255.00000
1.64000,0.79000,-1.47000,0.00000,0.00000,-0.13000,-1.15000,-119.03000,-255.00000
1.64000,0.79000,-1.47000,0.00000,0.00000,-0.13000,-1.15000,-119.82000,-255.00000
1.64000,0.79000,-1.47000,0.00000,0.00000,-0.13000,-1.15000,-119.82000,-255.00000
1.64000,0.79000,-1.47000,0.00000,0.00000,-0.13000,-1.15000,-120.60000,-255.00000
1.64000,0.79000,-1.47000,0.00000,0.00000,-0.13000,-1.15000,-120.60000,-255.00000
1.64000,0.79000,-1.47000,0.00000,0.00000,-0.13000,-1.15000,-121.38000,-255.00000
1.64000,0.79000,-1.47000,0.00000,0.00000,-0.13000,-1.15000,-121.38000,-255.00000
1.64000,0.79000,-1.47000,0.00000,0.00000,-0.13000,-1.15000,-122.16000,-255.00000
1.64000,0.79000,-1.47000,0.00000,0.00000,-0.13000,-1.15000,-122.16000,-255.00000
1.64000,0.79000,-1.47000,0.00000,0.00000,-0.13000,-1.15000,-122.95000,-255.00000
1.64000,0.79000,-1.47000,0.00000,0.00000,-0.13000,-1.15000,-122.95000,-255.00000
1.64000,0.79000,-1.47000,0.00000,0.00000,-0.13000,-1.15000,-123.73000,-255.00000
1.64000,0.79000,-1.47000,0.00000,0.00000,-0.13000,-1.15000,-123.73000,-255.00000
1.64000,0.79000,-1.47000,0.00000,0.00000,-0.13000,-1.15000,-124.51000,-255.00000
1.64000,0.79000,-1.47000,0.00000,0.00000,-0.13000,-1.15000,-124.51000,-255.00000
1.64000,0.79000,-1.47000,0.00000,0.00000,-0.13000,-1.15000,-125.29000,-255.00000
1.64000,0.79000,-1.47000,0.00000,0.00000,-0.13000,-1.15000,-125.29000,-255.00000
1.64000,0.79000,-1.47000,0.00000,0.00000,-0.13000,-1.15000,-126.08000,-255.00000
1.64000,0.79000,-1.47000,0.00000,0.00000,-0.13000,-1.15000,-126.08000,-255.00000
1.64000,0.79000,-1.47000,0.00000,0.00000,-0.13000,-1.15000,-126.86000,-255.00000
1.64000,0.79000,-1.47000,0.00000,0.00000,-0.13000,-1.15000,-126.86000,-255.00000
1.64000,0.79000,-1.47000,0.00000,0.00000,-0.13000,-1.15000,-127.64000,-255.00000
1.64000,0.79000,-1.47000,0.00000,0.00000,-0.13000,-1.15000,-127.64000,-255.00000
1.64000,0.79000,-1.47000,0.00000,0.00000,-0.13000,-1.15000,-128.42000,-255.00000
1.64000,0.79000,-1.47000,0.00000,0.00000,-0.13000,-1.15000,-128.42000,-255.00000
1.64000,0.79000,-1.47000,0.00000,0.00000,-0.13000,-1.15000,-129.20000,-255.00000
1.64000,0.79000,-1.47000,0.00000,0.00000,-0.13000,-1.15000,-129.20000,-255.00000
1.64000,0.79000,-1.47000,0.00000,0.00000,-0.13000,-1.15000,-129.99000,-255.00000
1.64000,0.79000,-1.47000,0.00000,0.00000,-0.13000,-1.15000,-129.99000,-255.00000
1.64000,0.79000,-1.47000,0.00000,0.00000,-0.13000,-1.15000,-130.77000,-255.00000
1.64000,0.79000,-1.47000,0.00000,0.00000,-0.13000,-1.15000,-130.77000,-255.00000
1.64000,0.79000,-1.47000,0.00000,0.00000,-0.13000,-1.15000,-131.55000,-255.00000
1.64000,0.79000,-1.47000,0.00000,0.00000,-0.13000,-1.15000,-131.55000,-255.00000
1.64000,0.79000,-1.47000,0.00000,0.00000,-0.13000,-1.15000,-132.33000,-255.00000
1.64000,0.79000,-1.47000,0.00000,0.00000,-0.13000,-1.15000,-132.33000,-255.00000
1.64000,0.79000,-1.47000,0.00000,0.00000,-0.13000,-1.15000,-133.12000,-255.00000
1.64000,0.79000,-1.47000,0.00000,0.00000,-0.13000,-1.15000,-133.12000,-255.00000
1.64000,0.79000,-1.47000,0.00000,0.00000,-0.13000,-1.15000,-133.90000,-255.00000
1.64000,0.79000,-1.47000,0.00000,0.00000,-0.13000,-1.15000,-133.90000,-255.00000
1.64000,0.79000,-1.47000,0.00000,0.00000,-0.13000,-1.15000,-134.68000,-255.00000
1.64000,0.79000,-1.47000,0.00000,0.00000,-0.13000,-1.15000,-134.68000,-255.00000
1.64000,0.79000,-1.47000,0.00000,0.00000,-0.13000,-1.15000,-135.46000,-255.00000
1.64000,0.79000,-1.47000,0.00000,0.00000,-0.13000,-1.15000,-135.46000,-255.00000
1.64000,0.79000,-1.47000,0.00000,0.00000,-0.13000,-1.15000,-136.25000,-255.00000
1.64000,0.79000,-1.47000,-0.02000,0.00000,-0.13000,-1.15000,-136.25000,-255.00000
1.64000,0.79000,-1.47000,0.00000,0.00000,-0.13000,-1.14000,-136.67000,-255.00000
1.64000,0.79000,-1.47000,0.00000,0.00000,-0.13000,-1.14000,-136.67000,-255.00000
1.64000,0.79000,-1.47000,0.00000,0.00000,-0.13000,-1.14000,-137.61000,-255.00000
1.64000,0.79000,-1.47000,0.00000,0.00000,-0.13000,-1.14000,-137.61000,-255.00000
1.64000,0.79000,-1.47000,0.00000,0.00000,-0.13000,-1.14000,-138.38000,-255.00000
1.64000,0.79000,-1.47000,0.00000,0.00000,-0.13000,-1.14000,-138.38000,-255.00000
1.64000,0.79000,-1.47000,0.00000,0.00000,-0.13000,-1.14000,-139.14000,-255.00000
1.64000,0.79000,-1.47000,0.00000,0.00000,-0.13000,-1.14000,-139.14000,-255.00000
1.64000,0.79000,-1.47000,0.00000,0.00000,-0.13000,-1.14000,-139.90000,-255.00000
1.64000,0.79000,-1.47000,0.00000,0.00000,-0.13000,-1.14000,-139.90000,-255.00000
1.64000,0.79000,-1.47000,0.00000,0.00000,-0.13000,-1.14000,-140.66000,-255.00000
1.64000,0.79000,-1.47000,0.00000,0.00000,-0.13000,-1.14000,-140.66000,-255.00000
1.64000,0.79000,-1.47000,0.00000,0.00000,-0.13000,-1.14000,-141.42000,-255.00000
1.64000,0.79000,-1.47000,0.00000,0.00000,-0.13000,-1.14000,-141.42000,-255.00000
1.64000,0.79000,-1.47000,0.00000,0.00000,-0.13000,-1.14000,-142.19000,-255.00000
1.64000,0.79000,-1.47000,-0.02000,0.00000,-0.13000,-1.14000,-142.19000,-255.00000
1.64000,0.79000,-1.47000,0.00000,0.00000,-0.12000,-1.14000,-142.59000,-255.00000
1.64000,0.79000,-1.47000,0.00000,0.00000,-0.12000,-1.14000,-142.59000,-255.00000
1.64000,0.79000,-1.47000,0.00000,0.00000,-0.12000,-1.14000,-143.51000,-255.00000
1.64000,0.79000,-1.47000,0.00000,0.00000,-0.12000,-1.14000,-143.51000,-255.00000
1.64000,0.79000,-1.47000,0.00000,0.00000,-0.12000,-1.14000,-144.26000,-255.00000
1.64000,0.79000,-1.47000,-0.19000,0.00000,-0.12000,-1.14000,-144.26000,-255.00000
1.64000,0.79000,-1.48000,-0.39000,0.00000,-0.09000,-1.11000,-141.73000,-255.00000
1.64000,0.79000,-1.49000,-0.42000,0.00000,-0.03000,-1.05000,-141.73000,-255.00000
1.64000,0.79000,-1.50000,-0.44000,0.00000,0.03000,-0.99000,-135.83000,-255.00000
1.64000,0.79000,-1.50000,-0.35000,0.00000,0.09000,-0.93000,-135.83000,-255.00000
1.64000,0.79000,-1.51000,-0.37000,0.00000,0.14000,-0.89000,-132.52000,-255.00000
1.64000,0.79000,-1.51000,-0.17000,0.00000,0.18000,-0.85000,-132.52000,-255.00000
1.64000,0.79000,-1.51000,0.00000,0.00000,0.20000,-0.84000,-131.47000,-255.00000
1.64000,0.79000,-1.51000,0.00000,0.00000,0.20000,-0.84000,-131.47000,-255.00000
1.64000,0.79000,-1.51000,0.00000,0.00000,0.20000,-0.84000,-131.78000,-255.00000
1.64000,0.79000,-1.51000,0.00000,0.00000,0.20000,-0.84000,-131.78000,-255.00000
1.64000,0.79000,-1.51000,0.00000,0.00000,0.20000,-0.84000,-130.59000,-255.00000
1.64000,0.79000,-1.51000,0.00000,0.00000,0.20000,-0.84000,-130.59000,-255.00000
1.64000,0.79000,-1.51000,-0.08000,0.00000,0.20000,-0.84000,-129.40000,-255.00000
1.64000,0.79000,-1.51000,-0.08000,0.00000,0.21000,-0.83000,-129.40000,-255.00000
1.64000,0.79000,-1.51000,0.00000,0.00000,0.22000,-0.82000,-126.70000,-255.00000
1.64000,0.79000,-1.51000,0.00000,0.00000,0.22000,-0.82000,-126.70000,-255.00000
1.64000,0.79000,-1.51000,0.00000,0.00000,0.22000,-0.82000,-126.15000,-255.00000
1.64000,0.79000,-1.52000,-0.02000,0.00000,0.22000,-0.82000,-126.15000,-255.00000
1.64000,0.79000,-1.52000,-0.06000,0.00000,0.22000,-0.82000,-124.51000,-255.00000
1.64000,0.79000,-1.52000,-0.06000,0.00000,0.22000,-0.81000,-124.51000,-255.00000
1.64000,0.79000,-1.52000,-0.02000,0.00000,0.23000,-0.80000,-122.27000,-255.00000
1.64000,0.79000,-1.52000,0.00000,0.00000,0.23000,-0.80000,-122.27000,-255.00000
1.64000,0.79000,-1.52000,0.00000,0.00000,0.23000,-0.80000,-121.41000,-255.00000
1.64000,0.79000,-1.52000,0.00000,0.00000,0.23000,-0.80000,-121.41000,-255.00000
1.64000,0.79000,-1.52000,0.00000,0.00000,0.23000,-0.80000,-120.02000,-255.00000
1.64000,0.79000,-1.52000,0.00000,0.00000,0.23000,-0.80000,-120.02000,-255.00000
1.64000,0.79000,-1.52000,0.00000,0.00000,0.23000,-0.80000,-118.62000,-255.00000
1.64000,0.79000,-1.52000,0.00000,0.00000,0.23000,-0.80000,-118.62000,-255.00000
1.64000,0.79000,-1.52000,0.00000,0.00000,0.23000,-0.80000,-117.23000,-255.00000
1.64000,0.79000,-1.52000,0.00000,0.00000,0.23000,-0.80000,-117.23000,-255.00000
1.64000,0.79000,-1.52000,0.00000,0.00000,0.23000,-0.80000,-115.83000,-255.00000
1.64000,0.79000,-1.52000,-0.02000,0.00000,0.23000,-0.80000,-115.83000,-255.00000
1.64000,0.79000,-1.52000,-0.02000,0.00000,0.23000,-0.80000,-114.09000,-255.00000
1.64000,0.79000,-1.52000,0.00000,0.00000,0.24000,-0.80000,-114.09000,-255.00000
1.64000,0.79000,-1.52000,0.00000,0.00000,0.24000,-0.80000,-112.84000,-255.00000
1.64000,0.79000,-1.52000,-0.04000,0.00000,0.24000,-0.80000,-112.84000,-255.00000
1.64000,0.79000,-1.52000,0.00000,0.00000,0.24000,-0.80000,-110.74000,-255.00000
1.64000,0.79000,-1.52000,-0.06000,0.00000,0.24000,-0.80000,-110.74000,-255.00000
1.64000,0.79000,-1.52000,0.00000,0.00000,0.25000,-0.79000,-108.64000,-255.00000
1.64000,0.79000,-1.52000,0.00000,0.00000,0.25000,-0.79000,-108.64000,-255.00000
1.64000,0.79000,-1.52000,0.00000,0.00000,0.25000,-0.79000,-107.73000,-255.00000
1.64000,0.79000,-1.52000,0.00000,0.00000,0.25000,-0.79000,-107.73000,-255.00000
1.64000,0.79000,-1.52000,0.00000,0.00000,0.25000,-0.79000,-106.25000,-255.00000
1.64000,0.79000,-1.52000,0.00000,0.00000,0.25000,-0.79000,-106.25000,-255.00000
1.64000,0.79000,-1.52000,0.00000,0.00000,0.25000,-0.79000,-104.77000,-255.00000
1.64000,0.79000,-1.52000,0.00000,0.00000,0.25000,-0.79000,-104.77000,-255.00000
1.64000,0.79000,-1.52000,0.00000,0.00000,0.25000,-0.79000,-103.29000,-255.00000
1.64000,0.79000,-1.52000,0.00000,0.00000,0.25000,-0.79000,-103.29000,-255.00000
1.64000,0.79000,-1.52000,0.00000,0.00000,0.25000,-0.79000,-101.81000,-255.00000
1.64000,0.79000,-1.52000,0.00000,0.00000,0.25000,-0.79000,-101.81000,-255.00000
1.64000,0.79000,-1.52000,0.00000,0.00000,0.25000,-0.79000,-100.33000,-255.00000
1.64000,0.79000,-1.52000,0.00000,0.00000,0.25000,-0.79000,-100.33000,-255.00000
1.64000,0.79000,-1.52000,0.00000,0.00000,0.25000,-0.79000,-98.85000,-255.00000
1.64000,0.79000,-1.52000,0.00000,0.00000,0.25000,-0.79000,-98.85000,-255.00000
1.64000,0.79000,-1.52000,0.00000,0.00000,0.25000,-0.79000,-97.37000,-255.00000
1.64000,0.79000,-1.52000,0.00000,0.00000,0.25000,-0.79000,-97.37000,-255.00000
1.64000,0.79000,-1.52000,0.00000,0.00000,0.25000,-0.79000,-95.89000,-255.00000
1.64000,0.79000,-1.52000,0.00000,0.00000,0.25000,-0.79000,-95.89000,-255.00000
1.64000,0.79000,-1.52000,0.00000,0.00000,0.25000,-0.79000,-94.41000,-255.00000
1.64000,0.79000,-1.52000,0.00000,0.00000,0.25000,-0.79000,-94.41000,-255.00000
1.64000,0.79000,-1.52000,0.00000,0.00000,0.25000,-0.79000,-92.93000,-255.00000
1.64000,0.79000,-1.52000,0.00000,0.00000,0.25000,-0.79000,-92.93000,-255.00000
1.64000,0.79000,-1.52000,0.00000,0.00000,0.25000,-0.79000,-91.46000,-255.00000
1.64000,0.79000,-1.52000,0.00000,0.00000,0.25000,-0.79000,-91.46000,-255.00000
1.64000,0.79000,-1.52000,0.00000,0.00000,0.25000,-0.79000,-89.98000,-255.00000
1.64000,0.79000,-1.52000,0.00000,0.00000,0.25000,-0.79000,-89.98000,-255.00000
1.64000,0.79000,-1.52000,0.00000,0.00000,0.25000,-0.79000,-88.50000,-255.00000
1.64000,0.79000,-1.52000,0.00000,0.00000,0.25000,-0.79000,-88.50000,-255.00000
1.64000,0.79000,-1.52000,0.00000,0.00000,0.25000,-0.79000,-87.02000,-255.00000
1.64000,0.79000,-1.52000,0.00000,0.00000,0.25000,-0.79000,-87.02000,-255.00000
1.64000,0.79000,-1.52000,0.00000,0.00000,0.25000,-0.79000,-85.54000,-255.00000
1.64000,0.79000,-1.52000,0.00000,0.00000,0.25000,-0.79000,-85.54000,-255.00000
1.64000,0.79000,-1.52000,0.00000,0.00000,0.25000,-0.79000,-84.06000,-255.00000
1.64000,0.79000,-1.52000,0.00000,0.00000,0.25000,-0.79000,-84.06000,-255.00000
1.64000,0.79000,-1.52000,0.00000,0.00000,0.25000,-0.79000,-82.58000,-255.00000
1.64000,0.79000,-1.52000,0.00000,0.00000,0.25000,-0.79000,-82.58000,-255.00000
1.64000,0.79000,-1.52000,0.00000,0.00000,0.25000,-0.79000,-81.10000,-255.00000
1.64000,0.79000,-1.52000,0.00000,0.00000,0.25000,-0.79000,-81.10000,-255.00000
1.64000,0.79000,-1.52000,0.00000,0.00000,0.25000,-0.79000,-79.62000,-255.00000
1.64000,0.79000,-1.52000,0.00000,0.00000,0.25000,-0.79000,-79.62000,-255.00000
1.64000,0.79000,-1.52000,0.00000,0.00000,0.25000,-0.79000,-78.14000,-255.00000
1.64000,0.79000,-1.52000,0.00000,0.00000,0.25000,-0.79000,-78.14000,-255.00000
1.64000,0.79000,-1.52000,0.00000,0.00000,0.25000,-0.79000,-76.66000,-255.00000
1.64000,0.79000,-1.52000,0.00000,0.00000,0.25000,-0.79000,-76.66000,-255.00000
1.64000,0.79000,-1.52000,0.00000,0.00000,0.25000,-0.79000,-75.19000,-255.00000
1.64000,0.79000,-1.52000,0.00000,0.00000,0.25000,-0.79000,-75.19000,-255.00000
1.64000,0.79000,-1.52000,0.00000,0.00000,0.25000,-0.79000,-73.71000,-255.00000
1.64000,0.79000,-1.52000,0.00000,0.00000,0.25000,-0.79000,-73.71000,-255.00000
1.64000,0.79000,-1.52000,0.00000,0.00000,0.25000,-0.79000,-72.23000,-255.00000
1.64000,0.79000,-1.52000,0.00000,0.00000,0.25000,-0.79000,-72.23000,-255.00000
1.64000,0.79000,-1.52000,0.00000,0.00000,0.25000,-0.79000,-70.75000,-255.00000
1.64000,0.79000,-1.52000,0.00000,0.00000,0.25000,-0.79000,-70.75000,-255.00000
1.64000,0.79000,-1.52000,0.00000,0.00000,0.25000,-0.79000,-69.27000,-255.00000
1.64000,0.79000,-1.52000,0.00000,0.00000,0.25000,-0.79000,-69.27000,-255.00000
1.64000,0.79000,-1.52000,0.00000,0.00000,0.25000,-0.79000,-67.79000,-255.00000
1.64000,0.79000,-1.52000,0.00000,0.00000,0.25000,-0.79000,-67.79000,-255.00000
1.64000,0.79000,-1.52000,0.00000,0.00000,0.25000,-0.79000,-66.31000,-255.00000
1.64000,0.79000,-1.52000,0.00000,0.00000,0.25000,-0.79000,-66.31000,-255.00000
1.64000,0.79000,-1.52000,0.00000,0.00000,0.25000,-0.79000,-64.83000,-255.00000
1.64000,0.79000,-1.52000,0.00000,0.00000,0.25000,-0.79000,-64.83000,-255.00000
1.64000,0.79000,-1.52000,0.00000,0.00000,0.25000,-0.79000,-63.35000,-255.00000
1.64000,0.79000,-1.52000,0.00000,0.00000,0.25000,-0.79000,-63.35000,-255.00000
1.64000,0.79000,-1.52000,0.00000,0.00000,0.25000,-0.79000,-61.87000,-255.00000
1.64000,0.79000,-1.52000,0.00000,0.00000,0.25000,-0.79000,-61.87000,-255.00000
1.64000,0.79000,-1.52000,0.00000,0.00000,0.25000,-0.79000,-60.39000,-255.00000
1.64000,0.79000,-1.52000,0.00000,0.00000,0.25000,-0.79000,-60.39000,-255.00000
1.64000,0.79000,-1.52000,0.00000,0.00000,0.25000,-0.79000,-58.91000,-255.00000
1.64000,0.79000,-1.52000,0.00000,0.00000,0.25000,-0.79000,-58.91000,-255.00000
1.64000,0.79000,-1.52000,0.00000,0.00000,0.25000,-0.79000,-57.44000,-255.00000
1.64000,0.79000,-1.52000,0.00000,0.00000,0.25000,-0.79000,-57.44000,-255.00000
1.64000,0.79000,-1.52000,0.00000,0.00000,0.25000,-0.79000,-55.96000,-255.00000
1.64000,0.79000,-1.52000,0.00000,0.00000,0.25000,-0.79000,-55.96000,-255.00000
1.64000,0.79000,-1.52000,0.00000,0.00000,0.25000,-0.79000,-54.48000,-255.00000
1.64000,0.79000,-1.52000,0.00000,0.00000,0.25000,-0.79000,-54.48000,-255.00000
1.64000,0.79000,-1.52000,0.00000,0.00000,0.25000,-0.79000,-53.00000,-255.00000
1.64000,0.79000,-1.52000,0.00000,0.00000,0.25000,-0.79000,-53.00000,-255.00000
1.64000,0.79000,-1.52000,0.00000,0.00000,0.25000,-0.79000,-51.52000,-255.00000
1.64000,0.79000,-1.52000,0.00000,0.00000,0.25000,-0.79000,-51.52000,-255.00000
1.64000,0.79000,-1.52000,0.00000,0.00000,0.25000,-0.79000,-50.04000,-255.00000
1.64000,0.79000,-1.52000,0.00000,0.00000,0.25000,-0.79000,-50.04000,-255.00000
1.64000,0.79000,-1.52000,0.00000,0.00000,0.25000,-0.79000,-48.56000,-255.00000
1.64000,0.79000,-1.52000,0.00000,0.00000,0.25000,-0.79000,-48.56000,-255.00000
1.64000,0.79000,-1.52000,0.00000,0.00000,0.25000,-0.79000,-47.08000,-255.00000
1.64000,0.79000,-1.52000,0.00000,0.00000,0.25000,-0.79000,-47.08000,-255.00000
1.64000,0.79000,-1.52000,0.00000,0.00000,0.25000,-0.79000,-45.60000,-255.00000
1.64000,0.79000,-1.52000,0.00000,0.00000,0.25000,-0.79000,-45.60000,-255.00000
1.64000,0.79000,-1.52000,0.00000,0.00000,0.25000,-0.79000,-44.12000,-255.00000
1.64000,0.79000,-1.52000,0.00000,0.00000,0.25000,-0.79000,-44.12000,-255.00000
1.64000,0.79000,-1.52000,0.00000,0.00000,0.25000,-0.79000,-42.64000,-255.00000
1.64000,0.79000,-1.52000,0.00000,0.00000,0.25000,-0.79000,-42.64000,-255.00000
1.64000,0.79000,-1.52000,0.00000,0.00000,0.25000,-0.79000,-41.16000,-255.00000
1.64000,0.79000,-1.52000,0.00000,0.00000,0.25000,-0.79000,-41.16000,-255.00000
1.64000,0.79000,-1.52000,0.00000,0.00000,0.25000,-0.79000,-39.69000,-255.00000
1.64000,0.79000,-1.52000,0.00000,0.00000,0.25000,-0.79000,-39.69000,-255.00000
1.64000,0.79000,-1.52000,0.00000,0.00000,0.25000,-0.79000,-38.21000,-255.00000
1.64000,0.79000,-1.52000,0.00000,0.00000,0.25000,-0.79000,-38.21000,-255.00000
1.64000,0.79000,-1.52000,0.00000,0.00000,0.25000,-0.79000,-36.73000,-255.00000
1.64000,0.79000,-1.52000,0.00000,0.00000,0.25000,-0.79000,-36.73000,-255.00000
1.64000,0.79000,-1.52000,0.00000,0.00000,0.25000,-0.79000,-35.25000,-255.00000
1.64000,0.79000,-1.52000,0.00000,0.00000,0.25000,-0.79000,-35.25000,-255.00000
1.64000,0.79000,-1.52000,0.00000,0.00000,0.25000,-0.79000,-33.77000,-255.00000
1.64000,0.79000,-1.52000,0.00000,0.00000,0.25000,-0.79000,-33.77000,-255.00000
1.64000,0.79000,-1.52000,0.00000,0.00000,0.25000,-0.79000,-32.29000,-255.00000
1.64000,0.79000,-1.52000,0.00000,0.00000,0.25000,-0.79000,-32.29000,-255.00000
1.64000,0.79000,-1.52000,0.00000,0.00000,0.25000,-0.79000,-30.81000,-255.00000
1.64000,0.79000,-1.52000,0.00000,0.00000,0.25000,-0.79000,-30.81000,-255.00000
1.64000,0.79000,-1.52000,0.00000,0.00000,0.25000,-0.79000,-29.33000,-255.00000
1.64000,0.79000,-1.52000,0.00000,0.00000,0.25000,-0.79000,-29.33000,-255.00000
1.64000,0.79000,-1.52000,0.00000,0.00000,0.25000,-0.79000,-27.85000,-255.00000
1.64000,0.79000,-1.52000,0.00000,0.00000,0.25000,-0.79000,-27.85000,-255.00000
1.64000,0.79000,-1.52000,0.00000,0.00000,0.25000,-0.79000,-26.37000,-255.00000
1.64000,0.79000,-1.52000,0.00000,0.00000,0.25000,-0.79000,-26.37000,-255.00000
1.64000,0.79000,-1.52000,0.00000,0.00000,0.25000,-0.79000,-24.89000,-255.00000
1.64000,0.79000,-1.52000,0.00000,0.00000,0.25000,-0.79000,-24.89000,-255.00000
1.64000,0.79000,-1.52000,0.00000,0.00000,0.25000,-0.79000,-23.42000,-255.00000
1.64000,0.79000,-1.52000,0.00000,0.00000,0.25000,-0.79000,-23.42000,-255.00000
1.64000,0.79000,-1.52000,0.00000,0.00000,0.25000,-0.79000,-21.94000,-255.00000
1.64000,0.79000,-1.52000,0.00000,0.00000,0.25000,-0.79000,-21.94000,-255.00000
1.64000,0.79000,-1.52000,0.00000,0.00000,0.25000,-0.79000,-20.46000,-255.00000
1.64000,0.79000,-1.52000,0.00000,0.00000,0.25000,-0.79000,-20.46000,-255.00000
1.64000,0.79000,-1.52000,0.00000,0.00000,0.25000,-0.79000,-18.98000,-255.00000
1.64000,0.79000,-1.52000,0.00000,0.00000,0.25000,-0.79000,-18.98000,-255.00000
1.64000,0.79000,-1.52000,0.00000,0.00000,0.25000,-0.79000,-17.50000,-255.00000
1.64000,0.79000,-1.52000,0.00000,0.00000,0.25000,-0.79000,-17.50000,-255.00000
1.64000,0.79000,-1.52000,0.00000,0.00000,0.25000,-0.79000,-16.02000,-255.00000
1.64000,0.79000,-1.52000,0.00000,0.00000,0.25000,-0.79000,-16.02000,-255.00000
1.64000,0.79000,-1.52000,0.00000,0.00000,0.25000,-0.79000,-14.54000,-255.00000
1.64000,0.79000,-1.52000,0.00000,0.00000,0.25000,-0.79000,-14.54000,-255.00000
1.64000,0.79000,-1.52000,0.00000,0.00000,0.25000,-0.79000,-13.06000,-255.00000
1.64000,0.79000,-1.52000,0.00000,0.00000,0.25000,-0.79000,-13.06000,-255.00000
1.64000,0.79000,-1.52000,0.00000,0.00000,0.25000,-0.79000,-11.58000,-255.00000
1.64000,0.79000,-1.52000,0.00000,0.00000,0.25000,-0.79000,-11.58000,-255.00000
1.64000,0.79000,-1.52000,0.00000,0.00000,0.25000,-0.79000,-10.10000,-255.00000
1.64000,0.79000,-1.52000,0.00000,0.00000,0.25000,-0.79000,-10.10000,-255.00000
1.64000,0.79000,-1.52000,0.00000,0.00000,0.25000,-0.79000,-8.62000,-255.00000
1.64000,0.79000,-1.52000,0.00000,0.00000,0.25000,-0.79000,-8.62000,-255.00000
1.64000,0.79000,-1.52000,0.00000,0.00000,0.25000,-0.79000,-7.14000,-255.00000
1.64000,0.79000,-1.52000,0.00000,0.00000,0.25000,-0.79000,-7.14000,-255.00000
1.64000,0.79000,-1.52000,0.00000,0.00000,0.25000,-0.79000,-5.67000,-255.00000
1.64000,0.79000,-1.52000,0.00000,0.00000,0.25000,-0.79000,-5.67000,-255.00000
1.64000,0.79000,-1.52000,0.00000,0.00000,0.25000,-0.79000,-4.19000,-255.00000
1.64000,0.79000,-1.52000,0.00000,0.00000,0.25000,-0.79000,-4.19000,-255.00000
1.64000,0.79000,-1.52000,0.00000,0.00000,0.25000,-0.79000,-2.71000,-255.00000
1.64000,0.79000,-1.52000,0.00000,0.00000,0.25000,-0.79000,-2.71000,-255.00000
1.64000,0.79000,-1.52000,0.00000,0.00000,0.25000,-0.79000,-1.23000,-255.00000
1.64000,0.79000,-1.52000,0.00000,0.00000,0.25000,-0.79000,-1.23000,-255.00000
1.64000,0.79000,-1.52000,0.00000,0.00000,0.25000,-0.79000,0.25000,-255.00000
1.64000,0.79000,-1.52000,0.00000,0.00000,0.25000,-0.79000,0.25000,-255.00000
1.64000,0.79000,-1.52000,0.00000,0.00000,0.25000,-0.79000,1.73000,-255.00000
1.64000,0.79000,-1.52000,0.00000,0.00000,0.25000,-0.79000,1.73000,-255.00000
1.64000,0.79000,-1.52000,0.00000,0.00000,0.25000,-0.79000,3.21000,-255.00000
1.64000,0.79000,-1.52000,0.00000,0.00000,0.25000,-0.79000,3.21000,-255.00000
1.64000,0.79000,-1.52000,0.00000,0.00000,0.25000,-0.79000,4.69000,-255.00000
1.64000,0.79000,-1.52000,0.00000,0.00000,0.25000,-0.79000,4.69000,-255.00000
1.64000,0.79000,-1.52000,0.00000,0.00000,0.25000,-0.79000,6.17000,-255.00000
1.64000,0.79000,-1.52000,0.00000,0.00000,0.25000,-0.79000,6.17000,-255.00000
1.64000,0.79000,-1.52000,0.00000,0.00000,0.25000,-0.79000,7.65000,-255.00000
1.64000,0.79000,-1.52000,0.00000,0.00000,0.25000,-0.79000,7.65000,-255.00000
1.64000,0.79000,-1.52000,0.00000,0.00000,0.25000,-0.79000,9.13000,-255.00000
1.64000,0.79000,-1.52000,0.00000,0.00000,0.25000,-0.79000,9.13000,-255.00000
1.64000,0.79000,-1.52000,0.00000,0.00000,0.25000,-0.79000,10.61000,-255.00000
1.64000,0.79000,-1.52000,0.00000,0.00000,0.25000,-0.79000,10.61000,-255.00000
1.64000,0.79000,-1.52000,0.00000,0.00000,0.25000,-0.79000,12.08000,-255.00000
1.64000,0.79000,-1.52000,0.00000,0.00000,0.25000,-0.79000,12.08000,-255.00000
1.64000,0.79000,-1.52000,0.00000,0.00000,0.25000,-0.79000,13.56000,-255.00000
1.64000,0.79000,-1.52000,0.00000,0.00000,0.25000,-0.79000,13.56000,-255.00000
1.64000,0.79000,-1.52000,0.00000,0.00000,0.25000,-0.79000,15.04000,-255.00000
1.64000,0.79000,-1.52000,0.00000,0.00000,0.25000,-0.79000,15.04000,-255.00000
1.64000,0.79000,-1.52000,0.00000,0.00000,0.25000,-0.79000,16.52000,-255.00000
1.64000,0.79000,-1.52000,0.00000,0.00000,0.25000,-0.79000,16.52000,-255.00000
1.64000,0.79000,-1.52000,0.00000,0.00000,0.25000,-0.79000,18.00000,-255.00000
1.64000,0.79000,-1.52000,0.00000,0.00000,0.25000,-0.79000,18.00000,-255.00000
1.64000,0.79000,-1.52000,0.00000,0.00000,0.25000,-0.79000,19.48000,-255.00000
1.64000,0.79000,-1.52000,0.00000,0.00000,0.25000,-0.79000,19.48000,-255.00000
1.64000,0.79000,-1.52000,0.00000,0.00000,0.25000,-0.79000,20.96000,-255.00000
1.64000,0.79000,-1.52000,0.00000,0.00000,0.25000,-0.79000,20.96000,-255.00000
1.64000,0.79000,-1.52000,0.00000,0.00000,0.25000,-0.79000,22.44000,-255.00000
1.64000,0.79000,-1.52000,0.00000,0.00000,0.25000,-0.79000,22.44000,-255.00000
1.64000,0.79000,-1.52000,0.00000,0.00000,0.25000,-0.79000,23.92000,-255.00000
1.64000,0.79000,-1.52000,0.00000,0.00000,0.25000,-0.79000,23.92000,-255.00000
1.64000,0.79000,-1.52000,0.00000,0.00000,0.25000,-0.79000,25.40000,-255.00000
1.64000,0.79000,-1.52000,0.00000,0.00000,0.25000,-0.79000,25.40000,-255.00000
1.64000,0.79000,-1.52000,0.00000,0.00000,0.25000,-0.79000,26.88000,-255.00000
1.64000,0.79000,-1.52000,0.00000,0.00000,0.25000,-0.79000,26.88000,-255.00000
1.64000,0.79000,-1.52000,0.00000,0.00000,0.25000,-0.79000,28.35000,-255.00000
1.64000,0.79000,-1.52000,0.00000,0.00000,0.25000,-0.79000,28.35000,-255.00000
1.64000,0.79000,-1.52000,0.00000,0.00000,0.25000,-0.79000,29.83000,-255.00000
1.64000,0.79000,-1.52000,0.00000,0.00000,0.25000,-0.79000,29.83000,-255.00000
1.64000,0.79000,-1.52000,0.00000,0.00000,0.25000,-0.79000,31.31000,-255.00000
1.64000,0.79000,-1.52000,0.00000,0.00000,0.25000,-0.79000,31.31000,-255.00000
1.64000,0.79000,-1.52000,0.00000,0.00000,0.25000,-0.79000,32.79000,-255.00000
1.64000,0.79000,-1.52000,0.00000,0.00000,0.25000,-0.79000,32.79000,-255.00000
1.64000,0.79000,-1.52000,0.00000,0.00000,0.25000,-0.79000,34.27000,-255.00000
1.64000,0.79000,-1.52000,0.00000,0.00000,0.25000,-0.79000,34.27000,-255.00000
1.64000,0.79000,-1.52000,0.00000,0.00000,0.25000,-0.79000,35.75000,-255.00000
1.64000,0.79000,-1.52000,0.00000,0.00000,0.25000,-0.79000,35.75000,-255.00000
1.64000,0.79000,-1.52000,0.00000,0.00000,0.25000,-0.79000,37.23000,-255.00000
1.64000,0.79000,-1.52000,0.00000,0.00000,0.25000,-0.79000,37.23000,-255.00000
1.64000,0.79000,-1.52000,0.00000,0.00000,0.25000,-0.79000,38.71000,-255.00000
1.64000,0.79000,-1.52000,0.00000,0.00000,0.25000,-0.79000,38.71000,-255.00000
1.64000,0.79000,-1.52000,0.00000,0.00000,0.25000,-0.79000,40.19000,-255.00000
1.64000,0.79000,-1.52000,0.00000,0.00000,0.25000,-0.79000,40.19000,-255.00000
1.64000,0.79000,-1.52000,0.00000,0.00000,0.25000,-0.79000,41.67000,-255.00000
1.64000,0.79000,-1.52000,0.00000,0.00000,0.25000,-0.79000,41.67000,-255.00000
1.64000,0.79000,-1.52000,0.00000,0.00000,0.25000,-0.79000,43.15000,-255.00000
1.64000,0.79000,-1.52000,0.02000,0.00000,0.25000,-0.79000,43.15000,-255.00000
1.64000,0.79000,-1.52000,0.00000,0.00000,0.24000,-0.79000,44.28000,-255.00000
1.64000,0.79000,-1.52000,0.00000,0.00000,0.24000,-0.79000,44.28000,-255.00000
1.64000,0.79000,-1.52000,0.00000,0.00000,0.24000,-0.79000,45.94000,-255.00000
1.64000,0.79000,-1.52000,0.00000,0.00000,0.24000,-0.79000,45.94000,-255.00000
1.64000,0.79000,-1.52000,0.00000,0.00000,0.24000,-0.79000,47.41000,-255.00000
1.64000,0.79000,-1.52000,0.00000,0.00000,0.24000,-0.79000,47.41000,-255.00000
1.64000,0.79000,-1.52000,0.00000,0.00000,0.24000,-0.79000,48.87000,-255.00000
1.64000,0.79000,-1.52000,0.00000,0.00000,0.24000,-0.79000,48.87000,-255.00000
1.64000,0.79000,-1.52000,0.00000,0.00000,0.24000,-0.79000,50.34000,-255.00000
1.64000,0.79000,-1.52000,0.00000,0.00000,0.24000,-0.79000,50.34000,-255.00000
1.64000,0.79000,-1.52000,0.00000,0.00000,0.24000,-0.79000,51.81000,-255.00000
1.64000,0.79000,-1.52000,0.00000,0.00000,0.24000,-0.79000,51.81000,-255.00000
1.64000,0.79000,-1.52000,0.00000,0.00000,0.24000,-0.79000,53.28000,-255.00000
1.64000,0.79000,-1.52000,0.00000,0.00000,0.24000,-0.79000,53.28000,-255.00000
1.64000,0.79000,-1.52000,0.00000,0.00000,0.24000,-0.79000,54.74000,-255.00000
1.64000,0.79000,-1.52000,0.00000,0.00000,0.24000,-0.79000,54.74000,-255.00000
1.64000,0.79000,-1.52000,0.00000,0.00000,0.24000,-0.79000,56.21000,-255.00000
1.64000,0.79000,-1.52000,0.00000,0.00000,0.24000,-0.79000,56.21000,-255.00000
1.64000,0.79000,-1.52000,0.00000,0.00000,0.24000,-0.79000,57.68000,-255.00000
1.64000,0.79000,-1.52000,0.00000,0.00000,0.24000,-0.79000,57.68000,-255.00000
1.64000,0.79000,-1.52000,0.00000,0.00000,0.24000,-0.79000,59.15000,-255.00000
1.64000,0.79000,-1.52000,0.00000,0.00000,0.24000,-0.79000,59.15000,-255.00000
1.64000,0.79000,-1.52000,0.00000,0.00000,0.24000,-0.79000,60.61000,-255.00000
1.64000,0.79000,-1.52000,0.00000,0.00000,0.24000,-0.79000,60.61000,-255.00000
1.64000,0.79000,-1.52000,0.00000,0.00000,0.24000,-0.79000,62.08000,-255.00000
1.64000,0.79000,-1.52000,0.00000,0.00000,0.24000,-0.79000,62.08000,-255.00000
1.64000,0.79000,-1.52000,0.00000,0.00000,0.24000,-0.79000,63.55000,-255.00000
1.64000,0.79000,-1.52000,0.00000,0.00000,0.24000,-0.79000,63.55000,-255.00000
1.64000,0.79000,-1.52000,0.00000,0.00000,0.24000,-0.79000,65.02000,-255.00000
1.64000,0.79000,-1.52000,0.00000,0.00000,0.24000,-0.79000,65.02000,-255.00000
1.64000,0.79000,-1.52000,0.00000,0.00000,0.24000,-0.79000,66.48000,-255.00000
1.64000,0.79000,-1.52000,0.00000,0.00000,0.24000,-0.79000,66.48000,-255.00000
1.64000,0.79000,-1.52000,0.00000,0.00000,0.24000,-0.79000,67.95000,-255.00000
1.64000,0.79000,-1.52000,0.00000,0.00000,0.24000,-0.79000,67.95000,-255.00000
1.64000,0.79000,-1.52000,0.00000,0.00000,0.24000,-0.79000,69.42000,-255.00000
1.64000,0.79000,-1.52000,0.00000,0.00000,0.24000,-0.79000,69.42000,-255.00000
1.64000,0.79000,-1.52000,0.00000,0.00000,0.24000,-0.79000,70.89000,-255.00000
1.64000,0.79000,-1.52000,0.00000,0.00000,0.24000,-0.79000,70.89000,-255.00000
1.64000,0.79000,-1.52000,0.00000,0.00000,0.24000,-0.79000,72.35000,-255.00000
1.64000,0.79000,-1.52000,0.00000,0.00000,0.24000,-0.79000,72.35000,-255.00000
1.64000,0.79000,-1.52000,0.00000,0.00000,0.24000,-0.79000,73.82000,-255.00000
1.64000,0.79000,-1.52000,0.00000,0.00000,0.24000,-0.79000,73.82000,-255.00000
1.64000,0.79000,-1.52000,0.00000,0.00000,0.24000,-0.79000,75.29000,-255.00000
1.64000,0.79000,-1.52000,0.00000,0.00000,0.24000,-0.79000,75.29000,-255.00000
1.64000,0.79000,-1.52000,0.00000,0.00000,0.24000,-0.79000,76.76000,-255.00000
1.64000,0.79000,-1.52000,0.00000,0.00000,0.24000,-0.79000,76.76000,-255.00000
1.64000,0.79000,-1.52000,0.00000,0.00000,0.24000,-0.79000,78.22000,-255.00000
1.64000,0.79000,-1.52000,0.00000,0.00000,0.24000,-0.79000,78.22000,-255.00000
1.64000,0.79000,-1.52000,0.00000,0.00000,0.24000,-0.79000,79.69000,-255.00000
1.64000,0.79000,-1.52000,0.00000,0.00000,0.24000,-0.79000,79.69000,-255.00000
1.64000,0.79000,-1.52000,0.00000,0.00000,0.24000,-0.79000,81.16000,-255.00000
1.64000,0.79000,-1.52000,0.00000,0.00000,0.24000,-0.79000,81.16000,-255.00000
1.64000,0.79000,-1.52000,0.00000,0.00000,0.24000,-0.79000,82.63000,-255.00000
1.64000,0.79000,-1.52000,0.00000,0.00000,0.24000,-0.79000,82.63000,-255.00000
1.64000,0.79000,-1.52000,0.00000,0.00000,0.24000,-0.79000,84.09000,-255.00000
1.64000,0.79000,-1.52000,0.00000,0.00000,0.24000,-0.79000,84.09000,-255.00000
1.64000,0.79000,-1.52000,0.00000,0.00000,0.24000,-0.79000,85.56000,-255.00000
1.64000,0.79000,-1.52000,0.00000,0.00000,0.24000,-0.79000,85.56000,-255.00000
1.64000,0.79000,-1.52000,0.00000,0.00000,0.24000,-0.79000,87.03000,-255.00000
1.64000,0.79000,-1.52000,0.00000,0.00000,0.24000,-0.79000,87.03000,-255.00000
1.64000,0.79000,-1.52000,0.00000,0.00000,0.24000,-0.79000,88.50000,-255.00000
1.64000,0.79000,-1.52000,0.00000,0.00000,0.24000,-0.79000,88.50000,-255.00000
1.64000,0.79000,-1.52000,0.00000,0.00000,0.24000,-0.79000,89.96000,-255.00000
1.64000,0.79000,-1.52000,0.00000,0.00000,0.24000,-0.79000,89.96000,-255.00000
1.64000,0.79000,-1.52000,0.00000,0.00000,0.24000,-0.79000,91.43000,-255.00000
1.64000,0.79000,-1.52000,0.00000,0.00000,0.24000,-0.79000,91.43000,-255.00000
1.64000,0.79000,-1.52000,0.00000,0.00000,0.24000,-0.79000,92.90000,-255.00000
1.64000,0.79000,-1.52000,0.00000,0.00000,0.24000,-0.79000,92.90000,-255.00000
1.64000,0.79000,-1.52000,0.00000,0.00000,0.24000,-0.79000,94.37000,-255.00000
1.64000,0.79000,-1.52000,0.00000,0.00000,0.24000,-0.79000,94.37000,-255.00000
1.64000,0.79000,-1.52000,0.00000,0.00000,0.24000,-0.79000,95.83000,-255.00000
1.64000,0.79000,-1.52000,0.00000,0.00000,0.24000,-0.79000,95.83000,-255.00000
1.64000,0.79000,-1.52000,0.00000,0.00000,0.24000,-0.79000,97.30000,-255.00000
1.64000,0.79000,-1.52000,0.00000,0.00000,0.24000,-0.79000,97.30000,-255.00000
1.64000,0.79000,-1.52000,0.00000,0.00000,0.24000,-0.79000,98.77000,-255.00000
1.64000,0.79000,-1.52000,0.00000,0.00000,0.24000,-0.79000,98.77000,-255.00000
1.64000,0.79000,-1.52000,0.00000,0.00000,0.24000,-0.79000,100.24000,-255.00000
1.64000,0.79000,-1.52000,0.00000,0.00000,0.24000,-0.79000,100.24000,-255.00000
1.64000,0.79000,-1.52000,0.00000,0.00000,0.24000,-0.79000,101.70000,-255.00000
1.64000,0.79000,-1.52000,0.00000,0.00000,0.24000,-0.79000,101.70000,-255.00000
1.64000,0.79000,-1.52000,0.00000,0.00000,0.24000,-0.79000,103.17000,-255.00000
1.64000,0.79000,-1.52000,0.00000,0.00000,0.24000,-0.79000,103.17000,-255.00000
1.64000,0.79000,-1.52000,0.00000,0.00000,0.24000,-0.79000,104.64000,-255.00000
1.64000,0.79000,-1.52000,0.00000,0.00000,0.24000,-0.79000,104.64000,-255.00000
1.64000,0.79000,-1.52000,0.00000,0.00000,0.24000,-0.79000,106.11000,-255.00000
1.64000,0.79000,-1.52000,0.00000,0.00000,0.24000,-0.79000,106.11000,-255.00000
1.64000,0.79000,-1.52000,0.00000,0.00000,0.24000,-0.79000,107.57000,-255.00000
1.64000,0.79000,-1.52000,0.00000,0.00000,0.24000,-0.79000,107.57000,-255.00000
1.64000,0.79000,-1.52000,0.00000,0.00000,0.24000,-0.79000,109.04000,-255.00000
1.64000,0.79000,-1.52000,0.00000,0.00000,0.24000,-0.79000,109.04000,-255.00000
1.64000,0.79000,-1.52000,0.00000,0.00000,0.24000,-0.79000,110.51000,-255.00000
1.64000,0.79000,-1.52000,0.00000,0.00000,0.24000,-0.79000,110.51000,-255.00000
1.64000,0.79000,-1.52000,0.00000,0.00000,0.24000,-0.79000,111.98000,-255.00000
1.64000,0.79000,-1.52000,0.00000,0.00000,0.24000,-0.79000,111.98000,-255.00000
1.64000,0.79000,-1.52000,0.00000,0.00000,0.24000,-0.79000,113.44000,-255.00000
1.64000,0.79000,-1.52000,0.00000,0.00000,0.24000,-0.79000,113.44000,-255.00000
1.64000,0.79000,-1.52000,0.00000,0.00000,0.24000,-0.79000,114.91000,-255.00000
1.64000,0.79000,-1.52000,0.00000,0.00000,0.24000,-0.79000,114.91000,-255.00000
1.64000,0.79000,-1.52000,0.00000,0.00000,0.24000,-0.79000,116.38000,-255.00000
1.64000,0.79000,-1.52000,0.00000,0.00000,0.24000,-0.79000,116.38000,-255.00000
1.64000,0.79000,-1.52000,0.00000,0.00000,0.24000,-0.79000,117.85000,-255.00000
1.64000,0.79000,-1.52000,0.00000,0.00000,0.24000,-0.79000,117.85000,-255.00000
1.64000,0.79000,-1.52000,0.00000,0.00000,0.24000,-0.79000,119.31000,-255.00000
1.64000,0.79000,-1.52000,0.00000,0.00000,0.24000,-0.79000,119.31000,-255.00000
1.64000,0.79000,-1.52000,0.00000,0.00000,0.24000,-0.79000,120.78000,-255.00000
1.64000,0.79000,-1.52000,0.00000,0.00000,0.24000,-0.79000,120.78000,-255.00000
1.64000,0.79000,-1.52000,0.00000,0.00000,0.24000,-0.79000,122.25000,-255.00000
1.64000,0.79000,-1.52000,0.00000,0.00000,0.24000,-0.79000,122.25000,-255.00000
1.64000,0.79000,-1.52000,0.00000,0.00000,0.24000,-0.79000,123.72000,-255.00000
1.64000,0.79000,-1.52000,0.00000,0.00000,0.24000,-0.79000,123.72000,-255.00000
1.64000,0.79000,-1.52000,0.00000,0.00000,0.24000,-0.79000,125.18000,-255.00000
1.64000,0.79000,-1.52000,0.00000,0.00000,0.24000,-0.79000,125.18000,-255.00000
1.64000,0.79000,-1.52000,0.00000,0.00000,0.24000,-0.79000,126.65000,-255.00000
1.64000,0.79000,-1.52000,0.00000,0.00000,0.24000,-0.79000,126.65000,-255.00000
1.64000,0.79000,-1.52000,0.00000,0.00000,0.24000,-0.79000,128.12000,-255.00000
1.64000,0.79000,-1.52000,0.00000,0.00000,0.24000,-0.79000,128.12000,-255.00000
1.64000,0.79000,-1.52000,0.00000,0.00000,0.24000,-0.79000,129.59000,-255.00000
1.64000,0.79000,-1.52000,0.00000,0.00000,0.24000,-0.79000,129.59000,-255.00000
1.64000,0.79000,-1.52000,0.00000,0.00000,0.24000,-0.79000,131.05000,-255.00000
1.64000,0.79000,-1.52000,0.00000,0.00000,0.24000,-0.79000,131.05000,-255.00000
1.64000,0.79000,-1.52000,0.00000,0.00000,0.24000,-0.79000,132.52000,-255.00000
1.64000,0.79000,-1.52000,0.00000,0.00000,0.24000,-0.79000,132.52000,-255.00000
1.64000,0.79000,-1.52000,0.00000,0.00000,0.24000,-0.79000,133.99000,-255.00000
1.64000,0.79000,-1.52000,0.00000,0.00000,0.24000,-0.79000,133.99000,-255.00000
1.64000,0.79000,-1.52000,0.00000,0.00000,0.24000,-0.79000,135.46000,-255.00000
1.64000,0.79000,-1.52000,0.00000,0.00000,0.24000,-0.79000,135.46000,-255.00000
1.64000,0.79000,-1.52000,0.00000,0.00000,0.24000,-0.79000,136.92000,-255.00000
1.64000,0.79000,-1.52000,0.00000,0.00000,0.24000,-0.79000,136.92000,-255.00000
1.64000,0.79000,-1.52000,0.00000,0.00000,0.24000,-0.79000,138.39000,-255.00000
1.64000,0.79000,-1.52000,0.00000,0.00000,0.24000,-0.79000,138.39000,-255.00000
1.64000,0.79000,-1.52000,0.00000,0.00000,0.24000,-0.79000,139.86000,-255.00000
1.64000,0.79000,-1.52000,0.00000,0.00000,0.24000,-0.79000,139.86000,-255.00000
1.64000,0.79000,-1.52000,0.00000,0.00000,0.24000,-0.79000,141.33000,-255.00000
1.64000,0.79000,-1.52000,0.00000,0.00000,0.24000,-0.79000,141.33000,-255.00000
1.64000,0.79000,-1.52000,0.00000,0.00000,0.24000,-0.79000,142.79000,-255.00000
1.64000,0.79000,-1.52000,0.00000,0.00000,0.24000,-0.79000,142.79000,-255.00000
1.64000,0.79000,-1.52000,0.00000,0.00000,0.24000,-0.79000,144.26000,-255.00000
1.64000,0.79000,-1.52000,0.00000,0.00000,0.24000,-0.79000,144.26000,-255.00000
1.64000,0.79000,-1.52000,0.00000,0.00000,0.24000,-0.79000,145.73000,-255.00000
1.64000,0.79000,-1.52000,0.00000,0.00000,0.24000,-0.79000,145.73000,-255.00000
1.64000,0.79000,-1.52000,0.00000,0.00000,0.24000,-0.79000,147.20000,-255.00000
1.64000,0.79000,-1.52000,0.00000,0.00000,0.24000,-0.79000,147.20000,-255.00000
1.64000,0.79000,-1.52000,0.00000,0.00000,0.24000,-0.79000,148.66000,-255.00000
1.64000,0.79000,-1.52000,0.00000,0.00000,0.24000,-0.79000,148.66000,-255.00000
1.64000,0.79000,-1.52000,0.00000,0.00000,0.24000,-0.79000,150.13000,-255.00000
1.64000,0.79000,-1.52000,0.00000,0.00000,0.24000,-0.79000,150.13000,-255.00000
1.64000,0.79000,-1.52000,0.00000,0.00000,0.24000,-0.79000,151.60000,-255.00000
1.64000,0.79000,-1.52000,0.00000,0.00000,0.24000,-0.79000,151.60000,-255.00000
1.64000,0.79000,-1.52000,0.00000,0.00000,0.24000,-0.79000,153.07000,-255.00000
1.64000,0.79000,-1.52000,0.00000,0.00000,0.24000,-0.79000,153.07000,-255.00000
1.64000,0.79000,-1.52000,0.00000,0.00000,0.24000,-0.79000,154.53000,-255.00000
1.64000,0.79000,-1.52000,0.00000,0.00000,0.24000,-0.79000,154.53000,-255.00000
1.64000,0.79000,-1.52000,0.00000,0.00000,0.24000,-0.79000,156.00000,-255.00000
1.64000,0.79000,-1.52000,0.00000,0.00000,0.24000,-0.79000,156.00000,-255.00000
1.64000,0.79000,-1.52000,0.00000,0.00000,0.24000,-0.79000,157.47000,-255.00000
1.64000,0.79000,-1.52000,0.00000,0.00000,0.24000,-0.79000,157.47000,-255.00000
1.64000,0.79000,-1.52000,0.00000,0.00000,0.24000,-0.79000,158.94000,-255.00000
1.64000,0.79000,-1.52000,0.00000,0.00000,0.24000,-0.79000,158.94000,-255.00000
1.64000,0.79000,-1.52000,0.00000,0.00000,0.24000,-0.79000,160.40000,-255.00000
1.64000,0.79000,-1.52000,0.00000,0.00000,0.24000,-0.79000,160.40000,-255.00000
1.64000,0.79000,-1.52000,0.00000,0.00000,0.24000,-0.79000,161.87000,-255.00000
1.64000,0.79000,-1.52000,0.00000,0.00000,0.24000,-0.79000,161.87000,-255.00000
1.64000,0.79000,-1.52000,0.00000,0.00000,0.24000,-0.79000,163.34000,-255.00000
1.64000,0.79000,-1.52000,0.00000,0.00000,0.24000,-0.79000,163.34000,-255.00000
1.64000,0.79000,-1.52000,0.00000,0.00000,0.24000,-0.79000,164.81000,-255.00000
1.64000,0.79000,-1.52000,0.00000,0.00000,0.24000,-0.79000,164.81000,-255.00000
1.64000,0.79000,-1.52000,0.00000,0.00000,0.24000,-0.79000,166.27000,-255.00000
1.64000,0.79000,-1.52000,0.00000,0.00000,0.24000,-0.79000,166.27000,-255.00000
1.64000,0.79000,-1.52000,0.00000,0.00000,0.24000,-0.79000,167.74000,-255.00000
1.64000,0.79000,-1.52000,0.00000,0.00000,0.24000,-0.79000,167.74000,-255.00000
1.64000,0.79000,-1.52000,0.00000,0.00000,0.24000,-0.79000,169.21000,-255.00000
1.64000,0.79000,-1.52000,0.00000,0.00000,0.24000,-0.79000,169.21000,-255.00000
1.64000,0.79000,-1.52000,0.00000,0.00000,0.24000,-0.79000,170.68000,-255.00000
1.64000,0.79000,-1.52000,0.00000,0.00000,0.24000,-0.79000,170.68000,-255.00000
1.64000,0.79000,-1.52000,0.02000,0.00000,0.24000,-0.79000,172.14000,-255.00000
1.64000,0.79000,-1.52000,0.00000,0.00000,0.24000,-0.79000,172.14000,-255.00000
1.64000,0.79000,-1.52000,0.00000,0.00000,0.24000,-0.79000,173.58000,-255.00000
1.64000,0.79000,-1.52000,0.00000,0.00000,0.24000,-0.79000,173.58000,-255.00000
1.64000,0.79000,-1.52000,0.02000,0.00000,0.24000,-0.79000,175.04000,-255.00000
1.64000,0.79000,-1.52000,0.00000,0.00000,0.24000,-0.80000,175.04000,-255.00000
1.64000,0.79000,-1.52000,0.00000,0.00000,0.24000,-0.80000,176.46000,-255.00000
1.64000,0.79000,-1.52000,0.00000,0.00000,0.24000,-0.80000,176.46000,-255.00000
1.64000,0.79000,-1.52000,0.00000,0.00000,0.24000,-0.80000,177.91000,-255.00000
1.64000,0.79000,-1.52000,0.00000,0.00000,0.24000,-0.80000,177.91000,-255.00000
1.64000,0.79000,-1.52000,0.12000,0.00000,0.24000,-0.80000,179.35000,-255.00000
1.64000,0.79000,-1.51000,0.58000,0.00000,0.23000,-0.81000,179.35000,-255.00000
1.64000,0.79000,-1.49000,0.83000,0.00000,0.17000,-0.87000,170.96000,-255.00000
1.64000,0.79000,-1.48000,0.73000,0.00000,0.06000,-0.96000,170.96000,-255.00000
1.64000,0.79000,-1.47000,0.73000,0.00000,-0.05000,-1.07000,163.11000,-255.00000
1.64000,0.79000,-1.45000,0.73000,0.00000,-0.17000,-1.18000,163.11000,-255.00000
1.64000,0.79000,-1.44000,0.69000,0.00000,-0.29000,-1.31000,154.81000,-255.00000
1.64000,0.78000,-1.43000,0.62000,0.00000,-0.40000,-1.44000,154.81000,-255.00000
1.64000,0.78000,-1.42000,0.56000,0.00000,-0.49000,-1.55000,147.33000,-255.00000
1.64000,0.78000,-1.41000,0.52000,0.00000,-0.56000,-1.63000,147.33000,-255.00000
1.64000,0.78000,-1.40000,0.48000,0.00000,-0.61000,-1.70000,140.32000,-255.00000
1.64000,0.78000,-1.39000,0.44000,0.00000,-0.66000,-1.77000,140.32000,-255.00000
1.64000,0.78000,-1.39000,0.37000,0.00000,-0.70000,-1.81000,133.44000,-255.00000
1.64000,0.78000,-1.38000,0.29000,0.00000,-0.73000,-1.85000,133.44000,-255.00000
1.64000,0.78000,-1.38000,0.29000,0.00000,-0.75000,-1.88000,128.05000,-255.00000
1.64000,0.78000,-1.38000,0.00000,0.00000,-0.77000,-1.91000,128.05000,-255.00000
1.64000,0.78000,-1.37000,0.06000,0.00000,-0.77000,-1.91000,125.88000,-255.00000
1.64000,0.78000,-1.37000,0.10000,0.00000,-0.77000,-1.91000,125.88000,-255.00000
1.64000,0.78000,-1.37000,0.00000,0.00000,-0.78000,-1.92000,119.56000,-255.00000
1.64000,0.78000,-1.37000,0.00000,0.00000,-0.78000,-1.92000,119.56000,-255.00000
1.64000,0.78000,-1.37000,0.00000,0.00000,-0.78000,-1.92000,115.81000,-255.00000
1.64000,0.78000,-1.37000,0.00000,0.00000,-0.78000,-1.92000,115.81000,-255.00000
1.64000,0.78000,-1.37000,0.00000,0.00000,-0.78000,-1.92000,111.14000,-255.00000
1.64000,0.78000,-1.37000,0.00000,0.00000,-0.78000,-1.92000,111.14000,-255.00000
1.64000,0.78000,-1.37000,0.00000,0.00000,-0.78000,-1.92000,106.46000,-255.00000
1.64000,0.78000,-1.37000,0.00000,0.00000,-0.78000,-1.92000,106.46000,-255.00000
1.64000,0.78000,-1.37000,0.00000,0.00000,-0.78000,-1.92000,101.78000,-255.00000
1.64000,0.78000,-1.37000,0.00000,0.00000,-0.78000,-1.92000,101.78000,-255.00000
1.64000,0.78000,-1.37000,0.00000,0.00000,-0.78000,-1.92000,97.10000,-255.00000
1.64000,0.78000,-1.37000,0.00000,0.00000,-0.78000,-1.92000,97.10000,-255.00000
1.64000,0.78000,-1.37000,0.00000,0.00000,-0.78000,-1.92000,92.42000,-255.00000
1.64000,0.78000,-1.37000,0.00000,0.00000,-0.78000,-1.92000,92.42000,-255.00000
1.64000,0.78000,-1.37000,0.00000,0.00000,-0.78000,-1.92000,87.74000,-255.00000
1.64000,0.78000,-1.37000,0.00000,0.00000,-0.78000,-1.92000,87.74000,-255.00000
1.64000,0.78000,-1.37000,0.00000,0.00000,-0.78000,-1.92000,83.07000,-255.00000
1.64000,0.78000,-1.37000,0.00000,0.00000,-0.78000,-1.92000,83.07000,-255.00000
1.64000,0.78000,-1.37000,0.00000,0.00000,-0.78000,-1.92000,78.39000,-255.00000
1.64000,0.78000,-1.37000,0.00000,0.00000,-0.78000,-1.92000,78.39000,-255.00000
1.64000,0.78000,-1.37000,0.00000,0.00000,-0.78000,-1.92000,73.71000,-255.00000
1.64000,0.78000,-1.37000,0.00000,0.00000,-0.78000,-1.92000,73.71000,-255.00000
1.64000,0.78000,-1.37000,0.00000,0.00000,-0.78000,-1.92000,69.03000,-255.00000
1.64000,0.78000,-1.37000,0.00000,0.00000,-0.78000,-1.92000,69.03000,-255.00000
1.64000,0.78000,-1.37000,0.00000,0.00000,-0.78000,-1.92000,64.35000,-255.00000
1.64000,0.78000,-1.37000,0.00000,0.00000,-0.78000,-1.92000,64.35000,-255.00000
1.64000,0.78000,-1.37000,0.00000,0.00000,-0.78000,-1.92000,59.68000,-255.00000
1.64000,0.78000,-1.37000,0.00000,0.00000,-0.78000,-1.92000,59.68000,-255.00000
1.64000,0.78000,-1.37000,0.00000,0.00000,-0.78000,-1.92000,55.00000,-255.00000
1.64000,0.78000,-1.37000,0.00000,0.00000,-0.78000,-1.92000,55.00000,-255.00000
1.64000,0.78000,-1.37000,0.00000,0.00000,-0.78000,-1.92000,50.32000,-255.00000
1.64000,0.78000,-1.37000,0.00000,0.00000,-0.78000,-1.92000,50.32000,-255.00000
1.64000,0.78000,-1.37000,0.00000,0.00000,-0.78000,-1.92000,45.64000,-255.00000
1.64000,0.78000,-1.37000,0.00000,0.00000,-0.78000,-1.92000,45.64000,-255.00000
1.64000,0.78000,-1.37000,0.00000,0.00000,-0.78000,-1.92000,40.96000,-255.00000
1.64000,0.78000,-1.37000,0.00000,0.00000,-0.78000,-1.92000,40.96000,-255.00000
1.64000,0.78000,-1.37000,0.00000,0.00000,-0.78000,-1.92000,36.28000,-255.00000
1.64000,0.78000,-1.37000,0.00000,0.00000,-0.78000,-1.92000,36.28000,-255.00000
1.64000,0.78000,-1.37000,0.00000,0.00000,-0.78000,-1.92000,31.61000,-255.00000
1.64000,0.78000,-1.37000,0.00000,0.00000,-0.78000,-1.92000,31.61000,-255.00000
1.64000,0.78000,-1.37000,0.00000,0.00000,-0.78000,-1.92000,26.93000,-255.00000
1.64000,0.78000,-1.37000,0.00000,0.00000,-0.78000,-1.92000,26.93000,-255.00000
1.64000,0.78000,-1.37000,0.00000,0.00000,-0.78000,-1.92000,22.25000,-255.00000
1.64000,0.78000,-1.37000,0.00000,0.00000,-0.78000,-1.92000,22.25000,-255.00000
1.64000,0.78000,-1.37000,0.00000,0.00000,-0.78000,-1.92000,17.57000,-255.00000
1.64000,0.78000,-1.37000,0.00000,0.00000,-0.78000,-1.92000,17.57000,-255.00000
1.64000,0.78000,-1.37000,0.00000,0.00000,-0.78000,-1.92000,12.89000,-255.00000
1.64000,0.78000,-1.37000,0.00000,0.00000,-0.78000,-1.92000,12.89000,-255.00000
1.64000,0.78000,-1.37000,0.00000,0.00000,-0.78000,-1.92000,8.21000,-255.00000
1.64000,0.78000,-1.37000,0.00000,0.00000,-0.78000,-1.92000,8.21000,-255.00000
1.64000,0.78000,-1.37000,0.00000,0.00000,-0.78000,-1.92000,3.54000,-255.00000
1.64000,0.78000,-1.37000,0.00000,0.00000,-0.78000,-1.92000,3.54000,-255.00000
1.64000,0.78000,-1.37000,0.00000,0.00000,-0.78000,-1.92000,-1.14000,-255.00000
1.64000,0.78000,-1.37000,0.00000,0.00000,-0.78000,-1.92000,-1.14000,-255.00000
1.64000,0.78000,-1.37000,0.00000,0.00000,-0.78000,-1.92000,-5.82000,-255.00000
1.64000,0.78000,-1.37000,0.00000,0.00000,-0.78000,-1.92000,-5.82000,-255.00000
1.64000,0.78000,-1.37000,0.00000,0.00000,-0.78000,-1.92000,-10.50000,-255.00000
1.64000,0.78000,-1.37000,0.00000,0.00000,-0.78000,-1.92000,-10.50000,-255.00000
1.64000,0.78000,-1.37000,0.00000,0.00000,-0.78000,-1.92000,-15.18000,-255.00000
1.64000,0.78000,-1.37000,0.00000,0.00000,-0.78000,-1.92000,-15.18000,-255.00000
1.64000,0.78000,-1.37000,0.00000,0.00000,-0.78000,-1.92000,-19.86000,-255.00000
1.64000,0.78000,-1.37000,0.00000,0.00000,-0.78000,-1.92000,-19.86000,-255.00000
1.64000,0.78000,-1.37000,0.00000,0.00000,-0.78000,-1.92000,-24.53000,-255.00000
1.64000,0.78000,-1.37000,0.00000,0.00000,-0.78000,-1.92000,-24.53000,-255.00000
1.64000,0.78000,-1.37000,0.00000,0.00000,-0.78000,-1.92000,-29.21000,-255.00000
1.64000,0.78000,-1.37000,0.00000,0.00000,-0.78000,-1.92000,-29.21000,-255.00000
1.64000,0.78000,-1.37000,0.00000,0.00000,-0.78000,-1.92000,-33.89000,-255.00000
1.64000,0.78000,-1.37000,0.00000,0.00000,-0.78000,-1.92000,-33.89000,-255.00000
1.64000,0.78000,-1.37000,0.00000,0.00000,-0.78000,-1.92000,-38.57000,-255.00000
1.64000,0.78000,-1.37000,0.00000,0.00000,-0.78000,-1.92000,-38.57000,-255.00000
1.64000,0.78000,-1.37000,0.00000,0.00000,-0.78000,-1.92000,-43.25000,-255.00000
1.64000,0.78000,-1.37000,0.00000,0.00000,-0.78000,-1.92000,-43.25000,-255.00000
1.64000,0.78000,-1.37000,0.00000,0.00000,-0.78000,-1.92000,-47.92000,-255.00000
1.64000,0.78000,-1.37000,0.00000,0.00000,-0.78000,-1.92000,-47.92000,-255.00000
1.64000,0.78000,-1.37000,-0.02000,0.00000,-0.78000,-1.92000,-52.60000,-255.00000
1.64000,0.78000,-1.37000,0.00000,0.00000,-0.78000,-1.92000,-52.60000,-255.00000
1.64000,0.78000,-1.37000,0.00000,0.00000,-0.78000,-1.92000,-57.26000,-255.00000
1.64000,0.78000,-1.37000,0.00000,0.00000,-0.78000,-1.92000,-57.26000,-255.00000
1.64000,0.78000,-1.37000,0.00000,0.00000,-0.78000,-1.92000,-61.93000,-255.00000
1.64000,0.78000,-1.37000,-0.02000,0.00000,-0.78000,-1.92000,-61.93000,-255.00000
1.64000,0.78000,-1.37000,0.00000,0.00000,-0.78000,-1.92000,-66.27000,-255.00000
1.64000,0.78000,-1.37000,0.00000,0.00000,-0.78000,-1.92000,-66.27000,-255.00000
1.64000,0.78000,-1.37000,0.00000,0.00000,-0.78000,-1.92000,-71.13000,-255.00000
1.64000,0.78000,-1.37000,0.00000,0.00000,-0.78000,-1.92000,-71.13000,-255.00000
1.64000,0.78000,-1.37000,0.00000,0.00000,-0.78000,-1.92000,-75.79000,-255.00000
1.64000,0.78000,-1.37000,0.00000,0.00000,-0.78000,-1.92000,-75.79000,-255.00000
1.64000,0.78000,-1.37000,0.00000,0.00000,-0.78000,-1.92000,-80.45000,-255.00000
1.64000,0.78000,-1.37000,0.00000,0.00000,-0.78000,-1.92000,-80.45000,-255.00000
1.64000,0.78000,-1.37000,0.00000,0.00000,-0.78000,-1.92000,-85.12000,-255.00000
1.64000,0.78000,-1.37000,0.00000,0.00000,-0.78000,-1.92000,-85.12000,-255.00000
1.64000,0.78000,-1.37000,0.00000,0.00000,-0.78000,-1.92000,-89.78000,-255.00000
1.64000,0.78000,-1.37000,0.00000,0.00000,-0.78000,-1.92000,-89.78000,-255.00000
1.64000,0.78000,-1.37000,0.00000,0.00000,-0.78000,-1.92000,-94.44000,-255.00000
1.64000,0.78000,-1.37000,0.00000,0.00000,-0.78000,-1.92000,-94.44000,-255.00000
1.64000,0.78000,-1.37000,0.00000,0.00000,-0.78000,-1.92000,-99.11000,-255.00000
1.64000,0.78000,-1.37000,0.00000,0.00000,-0.78000,-1.92000,-99.11000,-255.00000
1.64000,0.78000,-1.37000,0.00000,0.00000,-0.78000,-1.92000,-103.77000,-255.00000
1.64000,0.78000,-1.37000,0.00000,0.00000,-0.78000,-1.92000,-103.77000,-255.00000
1.64000,0.78000,-1.37000,0.00000,0.00000,-0.78000,-1.92000,-108.43000,-255.00000
1.64000,0.78000,-1.37000,0.00000,0.00000,-0.78000,-1.92000,-108.43000,-255.00000
1.64000,0.78000,-1.37000,0.00000,0.00000,-0.78000,-1.92000,-113.10000,-255.00000
1.64000,0.78000,-1.37000,0.00000,0.00000,-0.78000,-1.92000,-113.10000,-255.00000
1.64000,0.78000,-1.37000,0.00000,0.00000,-0.78000,-1.92000,-117.76000,-255.00000
1.64000,0.78000,-1.37000,0.00000,0.00000,-0.78000,-1.92000,-117.76000,-255.00000
1.64000,0.78000,-1.37000,-0.02000,0.00000,-0.78000,-1.92000,-122.42000,-255.00000
1.64000,0.78000,-1.37000,0.00000,0.00000,-0.78000,-1.91000,-122.42000,-255.00000
1.64000,0.78000,-1.37000,0.00000,0.00000,-0.78000,-1.91000,-127.07000,-255.00000
1.64000,0.78000,-1.37000,0.00000,0.00000,-0.78000,-1.91000,-127.07000,-255.00000
1.64000,0.78000,-1.37000,0.00000,0.00000,-0.78000,-1.91000,-131.72000,-255.00000
1.64000,0.78000,-1.37000,0.00000,0.00000,-0.78000,-1.91000,-131.72000,-255.00000
1.64000,0.78000,-1.37000,-0.02000,0.00000,-0.78000,-1.91000,-136.38000,-255.00000
1.64000,0.78000,-1.37000,0.00000,0.00000,-0.77000,-1.91000,-136.38000,-255.00000
1.64000,0.78000,-1.37000,0.00000,0.00000,-0.77000,-1.91000,-141.02000,-255.00000
1.64000,0.78000,-1.37000,0.00000,0.00000,-0.77000,-1.91000,-141.02000,-255.00000
1.64000,0.78000,-1.37000,0.00000,0.00000,-0.77000,-1.91000,-145.67000,-255.00000
1.64000,0.78000,-1.37000,0.00000,0.00000,-0.77000,-1.91000,-145.67000,-255.00000
1.64000,0.78000,-1.38000,-0.08000,0.00000,-0.77000,-1.91000,-150.32000,-255.00000
1.64000,0.78000,-1.38000,-0.08000,0.00000,-0.77000,-1.91000,-150.32000,-255.00000
1.64000,0.78000,-1.38000,-0.06000,0.00000,-0.76000,-1.90000,-153.56000,-255.00000
1.64000,0.78000,-1.38000,-0.33000,0.00000,-0.76000,-1.89000,-153.56000,-255.00000
1.64000,0.78000,-1.39000,-0.35000,0.00000,-0.74000,-1.86000,-153.53000,-255.00000
1.64000,0.78000,-1.40000,-0.54000,0.00000,-0.71000,-1.83000,-153.53000,-255.00000
1.64000,0.78000,-1.41000,-0.62000,0.00000,-0.67000,-1.77000,-151.77000,-255.00000
1.64000,0.78000,-1.42000,-0.64000,0.00000,-0.60000,-1.69000,-151.77000,-255.00000
1.64000,0.78000,-1.43000,-0.64000,0.00000,-0.53000,-1.59000,-148.87000,-255.00000
1.64000,0.79000,-1.45000,-0.62000,0.00000,-0.44000,-1.49000,-148.87000,-255.00000
1.64000,0.79000,-1.46000,-0.62000,0.00000,-0.35000,-1.38000,-145.79000,-255.00000
1.64000,0.79000,-1.47000,-0.58000,0.00000,-0.25000,-1.26000,-145.79000,-255.00000
1.64000,0.79000,-1.48000,-0.58000,0.00000,-0.15000,-1.16000,-141.76000,-255.00000
1.64000,0.79000,-1.49000,-0.54000,0.00000,-0.05000,-1.07000,-141.76000,-255.00000
1.64000,0.79000,-1.50000,-0.50000,0.00000,0.03000,-0.99000,-137.09000,-255.00000
1.64000,0.79000,-1.50000,-0.42000,0.00000,0.10000,-0.93000,-137.09000,-255.00000
1.64000,0.79000,-1.51000,-0.42000,0.00000,0.15000,-0.88000,-133.76000,-255.00000
1.64000,0.79000,-1.52000,-0.37000,0.00000,0.20000,-0.84000,-133.76000,-255.00000
1.64000,0.79000,-1.53000,-0.35000,0.00000,0.23000,-0.80000,-129.71000,-255.00000
1.64000,0.79000,-1.53000,-0.31000,0.00000,0.27000,-0.77000,-129.71000,-255.00000
1.64000,0.79000,-1.54000,-0.29000,0.00000,0.29000,-0.74000,-126.12000,-255.00000
1.64000,0.79000,-1.54000,-0.17000,0.00000,0.32000,-0.72000,-126.12000,-255.00000
1.64000,0.79000,-1.54000,-0.17000,0.00000,0.33000,-0.71000,-124.16000,-255.00000
1.64000,0.79000,-1.54000,0.00000,0.00000,0.34000,-0.70000,-124.16000,-255.00000
1.64000,0.79000,-1.54000,-0.02000,0.00000,0.34000,-0.70000,-123.52000,-255.00000
1.64000,0.79000,-1.54000,-0.02000,0.00000,0.34000,-0.70000,-123.52000,-255.00000
1.64000,0.79000,-1.54000,0.00000,0.00000,0.34000,-0.70000,-121.14000,-255.00000
1.64000,0.79000,-1.54000,-0.02000,0.00000,0.34000,-0.70000,-121.14000,-255.00000
1.64000,0.79000,-1.54000,-0.02000,0.00000,0.34000,-0.70000,-118.95000,-255.00000
1.64000,0.79000,-1.54000,-0.06000,0.00000,0.34000,-0.69000,-118.95000,-255.00000
1.64000,0.79000,-1.54000,0.00000,0.00000,0.35000,-0.69000,-116.07000,-255.00000
1.64000,0.79000,-1.54000,0.00000,0.00000,0.35000,-0.69000,-116.07000,-255.00000
1.64000,0.79000,-1.54000,0.00000,0.00000,0.35000,-0.69000,-114.54000,-255.00000
1.64000,0.79000,-1.54000,0.00000,0.00000,0.35000,-0.69000,-114.54000,-255.00000
1.64000,0.79000,-1.54000,0.00000,0.00000,0.35000,-0.69000,-112.46000,-255.00000
1.64000,0.79000,-1.54000,0.00000,0.00000,0.35000,-0.69000,-112.46000,-255.00000
1.64000,0.79000,-1.54000,0.00000,0.00000,0.35000,-0.69000,-110.37000,-255.00000
1.64000,0.79000,-1.54000,0.00000,0.00000,0.35000,-0.69000,-110.37000,-255.00000
1.64000,0.79000,-1.54000,0.00000,0.00000,0.35000,-0.69000,-108.29000,-255.00000
1.64000,0.79000,-1.54000,0.00000,0.00000,0.35000,-0.69000,-108.29000,-255.00000
1.64000,0.79000,-1.54000,0.00000,0.00000,0.35000,-0.69000,-106.20000,-255.00000
1.64000,0.79000,-1.54000,0.00000,0.00000,0.35000,-0.69000,-106.20000,-255.00000
1.64000,0.79000,-1.54000,0.00000,0.00000,0.35000,-0.69000,-104.11000,-255.00000
1.64000,0.79000,-1.54000,0.00000,0.00000,0.35000,-0.69000,-104.11000,-255.00000
1.64000,0.79000,-1.54000,0.00000,0.00000,0.35000,-0.69000,-102.03000,-255.00000
1.64000,0.79000,-1.54000,0.00000,0.00000,0.35000,-0.69000,-102.03000,-255.00000
1.64000,0.79000,-1.54000,0.00000,0.00000,0.35000,-0.69000,-99.94000,-255.00000
1.64000,0.79000,-1.54000,0.00000,0.00000,0.35000,-0.69000,-99.94000,-255.00000
1.64000,0.79000,-1.54000,0.00000,0.00000,0.35000,-0.69000,-97.86000,-255.00000
1.64000,0.79000,-1.54000,0.00000,0.00000,0.35000,-0.69000,-97.86000,-255.00000
1.64000,0.79000,-1.54000,0.00000,0.00000,0.35000,-0.69000,-95.77000,-255.00000
1.64000,0.79000,-1.54000,0.00000,0.00000,0.35000,-0.69000,-95.77000,-255.00000
1.64000,0.79000,-1.54000,0.00000,0.00000,0.35000,-0.69000,-93.68000,-255.00000
1.64000,0.79000,-1.54000,0.00000,0.00000,0.35000,-0.69000,-93.68000,-255.00000
1.64000,0.79000,-1.54000,0.00000,0.00000,0.35000,-0.69000,-91.60000,-255.00000
1.64000,0.79000,-1.54000,0.00000,0.00000,0.35000,-0.69000,-91.60000,-255.00000
1.64000,0.79000,-1.54000,0.00000,0.00000,0.35000,-0.69000,-89.51000,-255.00000
1.64000,0.79000,-1.54000,0.00000,0.00000,0.35000,-0.69000,-89.51000,-255.00000
1.64000,0.79000,-1.54000,0.00000,0.00000,0.35000,-0.69000,-87.43000,-255.00000
1.64000,0.79000,-1.54000,0.00000,0.00000,0.35000,-0.69000,-87.43000,-255.00000
1.64000,0.79000,-1.54000,0.00000,0.00000,0.35000,-0.69000,-85.34000,-255.00000
1.64000,0.79000,-1.54000,0.00000,0.00000,0.35000,-0.69000,-85.34000,-255.00000
1.64000,0.79000,-1.54000,0.00000,0.00000,0.35000,-0.69000,-83.26000,-255.00000
1.64000,0.79000,-1.54000,0.00000,0.00000,0.35000,-0.69000,-83.26000,-255.00000
1.64000,0.79000,-1.54000,0.00000,0.00000,0.35000,-0.69000,-81.17000,-255.00000
1.64000,0.79000,-1.54000,0.00000,0.00000,0.35000,-0.69000,-81.17000,-255.00000
1.64000,0.79000,-1.54000,0.00000,0.00000,0.35000,-0.69000,-79.08000,-255.00000
1.64000,0.79000,-1.54000,0.00000,0.00000,0.35000,-0.69000,-79.08000,-255.00000
1.64000,0.79000,-1.54000,0.00000,0.00000,0.35000,-0.69000,-77.00000,-255.00000
1.64000,0.79000,-1.54000,0.00000,0.00000,0.35000,-0.69000,-77.00000,-255.00000
1.64000,0.79000,-1.54000,0.00000,0.00000,0.35000,-0.69000,-74.91000,-255.00000
1.64000,0.79000,-1.54000,0.00000,0.00000,0.35000,-0.69000,-74.91000,-255.00000
1.64000,0.79000,-1.54000,0.00000,0.00000,0.35000,-0.69000,-72.83000,-255.00000
1.64000,0.79000,-1.54000,0.00000,0.00000,0.35000,-0.69000,-72.83000,-255.00000
1.64000,0.79000,-1.54000,0.00000,0.00000,0.35000,-0.69000,-70.74000,-255.00000
1.64000,0.79000,-1.54000,0.00000,0.00000,0.35000,-0.69000,-70.74000,-255.00000
1.64000,0.79000,-1.54000,0.00000,0.00000,0.35000,-0.69000,-68.66000,-255.00000
1.64000,0.79000,-1.54000,0.00000,0.00000,0.35000,-0.69000,-68.66000,-255.00000
1.64000,0.79000,-1.54000,0.00000,0.00000,0.35000,-0.69000,-66.57000,-255.00000
1.64000,0.79000,-1.54000,0.00000,0.00000,0.35000,-0.69000,-66.57000,-255.00000
1.64000,0.79000,-1.54000,0.00000,0.00000,0.35000,-0.69000,-64.48000,-255.00000
1.64000,0.79000,-1.54000,0.00000,0.00000,0.35000,-0.69000,-64.48000,-255.00000
1.64000,0.79000,-1.54000,0.00000,0.00000,0.35000,-0.69000,-62.40000,-255.00000
1.64000,0.79000,-1.54000,0.00000,0.00000,0.35000,-0.69000,-62.40000,-255.00000
1.64000,0.79000,-1.54000,0.00000,0.00000,0.35000,-0.69000,-60.31000,-255.00000
1.64000,0.79000,-1.54000,0.00000,0.00000,0.35000,-0.69000,-60.31000,-255.00000
1.64000,0.79000,-1.54000,0.00000,0.00000,0.35000,-0.69000,-58.23000,-255.00000
1.64000,0.79000,-1.54000,0.00000,0.00000,0.35000,-0.69000,-58.23000,-255.00000
1.64000,0.79000,-1.54000,0.00000,0.00000,0.35000,-0.69000,-56.14000,-255.00000
1.64000,0.79000,-1.54000,0.00000,0.00000,0.35000,-0.69000,-56.14000,-255.00000
1.64000,0.79000,-1.54000,0.00000,0.00000,0.35000,-0.69000,-54.06000,-255.00000
1.64000,0.79000,-1.54000,0.00000,0.00000,0.35000,-0.69000,-54.06000,-255.00000
1.64000,0.79000,-1.54000,0.00000,0.00000,0.35000,-0.69000,-51.97000,-255.00000
1.64000,0.79000,-1.54000,0.00000,0.00000,0.35000,-0.69000,-51.97000,-255.00000
1.64000,0.79000,-1.54000,0.00000,0.00000,0.35000,-0.69000,-49.88000,-255.00000
1.64000,0.79000,-1.54000,0.00000,0.00000,0.35000,-0.69000,-49.88000,-255.00000
1.64000,0.79000,-1.54000,0.00000,0.00000,0.35000,-0.69000,-47.80000,-255.00000
1.64000,0.79000,-1.54000,0.00000,0.00000,0.35000,-0.69000,-47.80000,-255.00000
1.64000,0.79000,-1.54000,0.00000,0.00000,0.35000,-0.69000,-45.71000,-255.00000
1.64000,0.79000,-1.54000,0.00000,0.00000,0.35000,-0.69000,-45.71000,-255.00000
1.64000,0.79000,-1.54000,0.00000,0.00000,0.35000,-0.69000,-43.63000,-255.00000
1.64000,0.79000,-1.54000,0.00000,0.00000,0.35000,-0.69000,-43.63000,-255.00000
1.64000,0.79000,-1.54000,0.00000,0.00000,0.35000,-0.69000,-41.54000,-255.00000
1.64000,0.79000,-1.54000,0.00000,0.00000,0.35000,-0.69000,-41.54000,-255.00000
1.64000,0.79000,-1.54000,0.00000,0.00000,0.35000,-0.69000,-39.45000,-255.00000
1.64000,0.79000,-1.54000,0.00000,0.00000,0.35000,-0.69000,-39.45000,-255.00000
1.64000,0.79000,-1.54000,0.00000,0.00000,0.35000,-0.69000,-37.37000,-255.00000
1.64000,0.79000,-1.54000,0.00000,0.00000,0.35000,-0.69000,-37.37000,-255.00000
1.64000,0.79000,-1.54000,0.00000,0.00000,0.35000,-0.69000,-35.28000,-255.00000
1.64000,0.79000,-1.54000,0.00000,0.00000,0.35000,-0.69000,-35.28000,-255.00000
1.64000,0.79000,-1.54000,0.00000,0.00000,0.35000,-0.69000,-33.20000,-255.00000
1.64000,0.79000,-1.54000,0.00000,0.00000,0.35000,-0.69000,-33.20000,-255.00000
1.64000,0.79000,-1.54000,0.00000,0.00000,0.35000,-0.69000,-31.11000,-255.00000
1.64000,0.79000,-1.54000,0.00000,0.00000,0.35000,-0.69000,-31.11000,-255.00000
1.64000,0.79000,-1.54000,0.00000,0.00000,0.35000,-0.69000,-29.03000,-255.00000
1.64000,0.79000,-1.54000,0.00000,0.00000,0.35000,-0.69000,-29.03000,-255.00000
1.64000,0.79000,-1.54000,0.00000,0.00000,0.35000,-0.69000,-26.94000,-255.00000
1.64000,0.79000,-1.54000,0.00000,0.00000,0.35000,-0.69000,-26.94000,-255.00000
1.64000,0.79000,-1.54000,0.00000,0.00000,0.35000,-0.69000,-24.85000,-255.00000
1.64000,0.79000,-1.54000,0.00000,0.00000,0.35000,-0.69000,-24.85000,-255.00000
1.64000,0.79000,-1.54000,0.00000,0.00000,0.35000,-0.69000,-22.77000,-255.00000
1.64000,0.79000,-1.54000,0.00000,0.00000,0.35000,-0.69000,-22.77000,-255.00000
1.64000,0.79000,-1.54000,0.00000,0.00000,0.35000,-0.69000,-20.68000,-255.00000
1.64000,0.79000,-1.54000,0.00000,0.00000,0.35000,-0.69000,-20.68000,-255.00000
1.64000,0.79000,-1.54000,0.00000,0.00000,0.35000,-0.69000,-18.60000,-255.00000
1.64000,0.79000,-1.54000,0.00000,0.00000,0.35000,-0.69000,-18.60000,-255.00000
1.64000,0.79000,-1.54000,0.00000,0.00000,0.35000,-0.69000,-16.51000,-255.00000
1.64000,0.79000,-1.54000,0.00000,0.00000,0.35000,-0.69000,-16.51000,-255.00000
1.64000,0.79000,-1.54000,0.00000,0.00000,0.35000,-0.69000,-14.43000,-255.00000
1.64000,0.79000,-1.54000,0.00000,0.00000,0.35000,-0.69000,-14.43000,-255.00000
1.64000,0.79000,-1.54000,0.00000,0.00000,0.35000,-0.69000,-12.34000,-255.00000
1.64000,0.79000,-1.54000,0.00000,0.00000,0.35000,-0.69000,-12.34000,-255.00000
1.64000,0.79000,-1.54000,0.00000,0.00000,0.35000,-0.69000,-10.25000,-255.00000
1.64000,0.79000,-1.54000,0.00000,0.00000,0.35000,-0.69000,-10.25000,-255.00000
1.64000,0.79000,-1.54000,0.00000,0.00000,0.35000,-0.69000,-8.17000,-255.00000
1.64000,0.79000,-1.54000,0.00000,0.00000,0.35000,-0.69000,-8.17000,-255.00000
1.64000,0.79000,-1.54000,0.00000,0.00000,0.35000,-0.69000,-6.08000,-255.00000
