0.00000,0.00000,0.00000,0.00000,0.00000,3.28000,3.28000,49.25000,49.25000
0.00000,0.00000,0.00000,0.23000,0.00000,3.28000,3.28000,49.25000,49.25000
0.00000,0.00000,0.01000,0.06000,0.00000,3.26000,3.26000,65.14000,68.61000
0.00000,0.00000,0.02000,0.62000,0.00000,3.24000,3.25000,65.14000,68.61000
0.00000,0.00000,0.04000,1.18000,0.00000,2.93000,2.94000,72.45000,83.44000
0.00000,0.00000,0.06000,1.41000,0.00000,1.49000,1.80000,72.45000,83.44000
0.01000,0.00000,0.09000,1.54000,0.00000,1.32000,1.81000,50.29000,84.03000
0.01000,0.00000,0.11000,1.04000,0.00000,1.23000,1.90000,50.29000,84.03000
0.01000,0.00000,0.12000,0.46000,0.00000,1.18000,1.95000,53.23000,96.96000
0.01000,0.00000,0.12000,0.04000,0.08000,1.16000,1.97000,53.23000,96.96000
0.01000,0.00000,0.12000,0.00000,0.00000,1.16000,1.96000,68.73000,107.66000
0.01000,0.00000,0.12000,0.00000,0.00000,1.16000,1.96000,68.73000,107.66000
0.01000,0.00000,0.12000,0.23000,0.00000,1.16000,1.96000,76.06000,120.19000
0.01000,0.00000,0.14000,0.77000,0.00000,1.15000,1.97000,76.06000,120.19000
0.01000,0.00000,0.16000,1.25000,0.00000,1.12000,2.01000,70.91000,132.62000
0.01000,0.00000,0.18000,1.33000,0.00000,1.08000,2.05000,70.91000,132.62000
0.01000,0.00000,0.19000,1.20000,1.00000,1.04000,2.09000,63.42000,145.85000
0.02000,0.00000,0.17000,1.33000,2.10000,1.03000,2.09000,63.42000,145.85000
0.02000,0.00000,0.15000,1.33000,2.57000,1.05000,2.07000,61.85000,126.76000
0.03000,0.00000,0.13000,1.29000,2.49000,1.08000,2.04000,61.85000,126.76000
0.03000,0.00000,0.11000,1.31000,2.28000,1.12000,2.00000,61.91000,119.65000
0.03000,0.00000,0.10000,1.51000,2.10000,1.16000,1.96000,61.91000,119.65000
0.04000,0.00000,0.09000,1.66000,1.99000,1.18000,1.94000,58.39000,121.73000
0.04000,0.01000,0.09000,1.62000,1.97000,1.20000,1.93000,58.39000,121.73000
0.05000,0.01000,0.08000,1.62000,1.95000,1.21000,1.92000,55.26000,122.27000
0.05000,0.01000,0.07000,1.54000,1.93000,1.23000,1.90000,55.26000,122.27000
0.05000,0.01000,0.06000,1.39000,1.95000,1.24000,1.88000,54.56000,122.07000
0.06000,0.01000,0.05000,1.33000,1.99000,1.27000,1.85000,54.56000,122.07000
0.06000,0.01000,0.04000,1.37000,2.03000,1.31000,1.81000,56.88000,119.83000
0.07000,0.01000,0.03000,1.31000,2.01000,1.35000,1.78000,56.88000,119.83000
0.07000,0.01000,0.01000,1.25000,2.01000,1.42000,1.76000,58.75000,117.59000
0.07000,0.01000,0.00000,1.33000,1.97000,1.93000,2.16000,58.75000,117.59000
0.08000,0.01000,-0.01000,1.43000,1.95000,2.87000,2.89000,80.94000,133.74000
0.08000,0.01000,-0.01000,1.93000,2.18000,3.19000,3.20000,80.94000,133.74000
0.09000,0.01000,-0.01000,2.63000,2.41000,3.26000,3.26000,86.97000,141.69000
0.09000,0.01000,0.00000,3.13000,2.53000,3.20000,3.20000,86.97000,141.69000
0.10000,0.01000,0.02000,3.42000,2.68000,2.79000,2.81000,69.82000,136.15000
0.11000,0.01000,0.03000,3.26000,2.72000,1.67000,1.93000,69.82000,136.15000
0.11000,0.01000,0.03000,3.05000,2.68000,1.41000,1.76000,45.23000,119.17000
0.12000,0.01000,0.03000,2.43000,2.45000,1.37000,1.76000,45.23000,119.17000
0.12000,0.01000,0.02000,1.58000,2.26000,1.36000,1.77000,45.89000,117.58000
0.13000,0.01000,0.00000,1.10000,2.14000,1.46000,1.78000,45.89000,117.58000
0.13000,0.01000,-0.02000,0.89000,2.08000,2.67000,2.70000,79.02000,132.22000
0.13000,0.01000,-0.03000,1.54000,2.30000,3.28000,3.28000,79.02000,132.22000
0.14000,0.01000,-0.03000,2.45000,2.47000,3.04000,3.03000,87.46000,138.00000
0.15000,0.01000,-0.02000,3.15000,2.55000,3.02000,3.00000,87.46000,138.00000
0.15000,0.01000,-0.01000,3.53000,2.59000,3.26000,3.26000,75.52000,142.06000
0.16000,0.01000,0.00000,3.26000,2.74000,3.08000,3.09000,75.52000,142.06000
0.17000,0.01000,0.01000,2.89000,2.72000,2.57000,2.61000,64.22000,133.76000
0.17000,0.01000,0.01000,2.57000,2.28000,2.20000,2.40000,64.22000,133.76000
0.18000,0.01000,0.01000,2.16000,2.05000,1.76000,2.01000,58.19000,130.82000
0.18000,0.01000,0.01000,1.78000,2.05000,1.63000,1.90000,58.19000,130.82000
0.18000,0.01000,0.00000,1.62000,1.87000,1.90000,2.13000,67.28000,134.47000
0.19000,0.01000,0.00000,1.78000,1.83000,2.27000,2.43000,67.28000,134.47000
0.19000,0.01000,0.00000,1.99000,1.97000,2.32000,2.46000,74.23000,143.21000
0.20000,0.01000,0.00000,2.28000,2.18000,2.23000,2.42000,74.23000,143.21000
0.20000,0.01000,0.02000,2.70000,2.10000,2.02000,2.24000,65.56000,138.49000
0.21000,0.01000,0.02000,2.47000,2.07000,1.47000,1.78000,65.56000,138.49000
0.21000,0.01000,0.02000,1.85000,2.01000,1.38000,1.76000,51.61000,133.13000
0.22000,0.01000,0.00000,1.00000,1.93000,1.40000,1.75000,51.61000,133.13000
0.22000,0.01000,-0.02000,0.46000,1.89000,1.98000,2.20000,76.13000,140.09000
0.22000,0.01000,-0.05000,0.64000,1.95000,3.27000,3.27000,76.13000,140.09000
0.22000,0.01000,-0.06000,1.16000,1.95000,2.70000,2.67000,98.16000,148.42000
0.23000,0.01000,-0.06000,2.14000,2.12000,1.85000,1.56000,98.16000,148.42000
0.24000,0.01000,-0.05000,3.01000,2.24000,1.84000,1.56000,75.19000,133.54000
0.24000,0.01000,-0.03000,3.15000,2.20000,2.58000,2.54000,75.19000,133.54000
0.25000,0.01000,-0.01000,2.93000,2.08000,3.24000,3.24000,79.14000,154.13000
0.25000,0.01000,0.00000,2.82000,2.03000,3.17000,3.18000,79.14000,154.13000
0.26000,0.01000,0.02000,2.99000,1.83000,2.42000,2.51000,72.37000,151.90000
0.26000,0.01000,0.04000,3.03000,2.10000,1.39000,1.75000,72.37000,151.90000
0.27000,0.01000,0.05000,3.11000,2.26000,1.32000,1.81000,50.28000,143.28000
0.27000,0.01000,0.06000,2.61000,2.22000,1.26000,1.86000,50.28000,143.28000
0.28000,0.01000,0.05000,1.81000,2.26000,1.24000,1.89000,45.03000,140.95000
0.28000,0.01000,0.04000,1.22000,2.10000,1.26000,1.87000,45.03000,140.95000
0.29000,0.01000,0.02000,0.85000,1.78000,1.30000,1.82000,58.55000,139.83000
0.29000,0.01000,-0.00000,0.85000,2.08000,1.36000,1.77000,58.55000,139.83000
0.29000,0.01000,-0.02000,1.04000,2.14000,1.75000,2.00000,71.41000,141.22000
0.30000,0.01000,-0.04000,1.58000,2.41000,3.10000,3.11000,71.41000,141.22000
0.30000,0.01000,-0.05000,2.12000,2.57000,3.27000,3.27000,88.74000,154.83000
0.31000,0.01000,-0.05000,2.74000,2.78000,3.14000,3.13000,88.74000,154.83000
0.32000,0.01000,-0.04000,3.42000,3.03000,3.11000,3.10000,79.03000,151.84000
0.32000,0.01000,-0.03000,3.78000,3.13000,3.25000,3.24000,79.03000,151.84000
0.33000,0.01000,-0.02000,3.69000,3.26000,3.23000,3.24000,67.56000,150.54000
0.34000,0.01000,-0.02000,3.47000,3.24000,3.03000,3.04000,67.56000,150.54000
0.35000,0.01000,-0.02000,3.15000,3.24000,2.80000,2.82000,62.44000,143.38000
0.35000,0.01000,-0.02000,2.76000,3.15000,2.83000,2.86000,62.44000,143.38000
0.36000,0.01000,-0.04000,2.12000,3.07000,3.10000,3.11000,73.55000,146.45000
0.36000,0.00000,-0.06000,1.76000,2.78000,3.25000,3.25000,73.55000,146.45000
0.37000,0.00000,-0.07000,1.99000,2.43000,2.54000,2.48000,82.08000,142.36000
0.37000,0.00000,-0.07000,2.30000,2.28000,1.97000,1.72000,82.08000,142.36000
0.38000,0.00000,-0.06000,2.59000,2.16000,1.93000,1.67000,69.54000,135.83000
0.38000,0.00000,-0.05000,2.68000,2.03000,2.33000,2.13000,69.54000,135.83000
0.39000,0.00000,-0.04000,2.59000,2.01000,2.96000,2.94000,77.15000,155.02000
0.40000,0.00000,-0.03000,2.70000,2.24000,3.23000,3.23000,77.15000,155.02000
0.40000,0.00000,-0.02000,2.95000,2.47000,3.28000,3.28000,83.31000,162.41000
0.41000,0.00000,-0.01000,3.20000,2.64000,3.15000,3.16000,83.31000,162.41000
0.41000,0.00000,-0.00000,3.15000,2.74000,2.66000,2.69000,70.04000,153.92000
0.42000,0.00000,-0.01000,2.59000,2.93000,1.84000,2.08000,70.04000,153.92000
0.43000,0.00000,-0.03000,2.18000,3.18000,2.13000,2.33000,67.88000,144.53000
0.43000,0.00000,-0.05000,1.87000,3.15000,3.14000,3.15000,67.88000,144.53000
0.44000,0.00000,-0.08000,1.66000,3.13000,3.12000,3.11000,90.87000,149.21000
0.44000,0.00000,-0.09000,2.20000,3.13000,1.78000,1.46000,90.87000,149.21000
0.45000,0.00000,-0.09000,3.15000,3.15000,1.80000,1.33000,73.53000,122.53000
0.46000,0.00000,-0.08000,3.36000,2.86000,1.82000,1.30000,73.53000,122.53000
0.46000,0.00000,-0.07000,3.30000,2.55000,1.83000,1.29000,54.22000,115.18000
0.47000,-0.00000,-0.06000,2.97000,2.26000,1.83000,1.29000,54.22000,115.18000
0.48000,-0.00000,-0.05000,2.45000,2.16000,1.83000,1.29000,50.98000,114.75000
0.48000,-0.00000,-0.06000,1.95000,2.14000,1.87000,1.26000,50.98000,114.75000
0.48000,-0.00000,-0.07000,1.49000,2.10000,0.32000,-0.72000,36.68000,80.62000
0.49000,-0.00000,-0.08000,0.98000,1.45000,0.17000,-0.87000,36.68000,80.62000
0.49000,-0.00000,-0.09000,0.39000,0.96000,0.04000,-0.98000,37.37000,69.79000
0.49000,-0.00000,-0.09000,0.08000,0.58000,-0.01000,-1.03000,37.37000,69.79000
0.49000,-0.00000,-0.10000,0.00000,0.19000,-0.01000,-1.03000,44.39000,67.52000
0.49000,-0.00000,-0.10000,0.00000,0.00000,-0.01000,-1.03000,44.39000,67.52000
0.49000,-0.00000,-0.10000,0.00000,0.00000,-0.01000,-1.03000,45.14000,66.62000
0.49000,-0.00000,-0.10000,0.00000,0.00000,-0.01000,-1.03000,45.14000,66.62000
0.49000,-0.00000,-0.10000,0.00000,0.00000,-0.01000,-1.03000,45.11000,60.45000
0.49000,-0.00000,-0.09000,0.19000,0.00000,-0.01000,-1.03000,45.11000,60.45000
0.49000,-0.00000,-0.09000,0.27000,0.00000,-0.04000,-1.06000,41.75000,53.78000
0.49000,-0.00000,-0.09000,0.21000,0.00000,-0.09000,-1.11000,41.75000,53.78000
0.49000,-0.00000,-0.08000,0.17000,0.00000,-0.13000,-1.15000,38.67000,46.08000
0.49000,-0.00000,-0.08000,0.00000,0.00000,-0.17000,-1.18000,38.67000,46.08000
0.49000,-0.00000,-0.08000,0.00000,0.00000,-0.17000,-1.18000,39.25000,38.71000
0.49000,-0.00000,-0.08000,0.02000,0.00000,-0.17000,-1.18000,39.25000,38.71000
0.49000,-0.00000,-0.08000,0.06000,0.00000,-0.17000,-1.19000,37.88000,31.56000
0.49000,-0.00000,-0.08000,0.08000,0.00000,-0.18000,-1.20000,37.88000,31.56000
0.49000,-0.00000,-0.08000,0.00000,0.00000,-0.20000,-1.21000,35.35000,24.02000
0.49000,-0.00000,-0.08000,0.00000,0.00000,-0.20000,-1.21000,35.35000,24.02000
0.49000,-0.00000,-0.08000,0.00000,0.00000,-0.20000,-1.21000,34.90000,16.74000
0.49000,-0.00000,-0.08000,0.00000,0.00000,-0.20000,-1.21000,34.90000,16.74000
0.49000,-0.00000,-0.08000,0.00000,0.00000,-0.20000,-1.21000,33.70000,9.46000
0.49000,-0.00000,-0.08000,0.00000,0.00000,-0.20000,-1.21000,33.70000,9.46000
0.49000,-0.00000,-0.08000,0.00000,0.00000,-0.20000,-1.21000,32.51000,2.18000
0.49000,-0.00000,-0.08000,0.00000,0.00000,-0.20000,-1.21000,32.51000,2.18000
0.49000,-0.00000,-0.08000,0.00000,0.00000,-0.20000,-1.21000,31.31000,-5.10000
0.49000,-0.00000,-0.08000,0.00000,0.00000,-0.20000,-1.21000,31.31000,-5.10000
0.49000,-0.00000,-0.08000,0.00000,0.00000,-0.20000,-1.21000,30.11000,-12.38000
0.49000,-0.00000,-0.08000,0.00000,0.00000,-0.20000,-1.21000,30.11000,-12.38000
0.49000,-0.00000,-0.08000,0.00000,0.00000,-0.20000,-1.21000,28.91000,-19.67000
0.49000,-0.00000,-0.08000,0.00000,0.00000,-0.20000,-1.21000,28.91000,-19.67000
0.49000,-0.00000,-0.08000,0.00000,0.00000,-0.20000,-1.21000,27.71000,-26.95000
0.49000,-0.00000,-0.08000,0.00000,0.00000,-0.20000,-1.21000,27.71000,-26.95000
0.49000,-0.00000,-0.08000,0.00000,0.00000,-0.20000,-1.21000,26.51000,-34.23000
0.49000,-0.00000,-0.08000,0.00000,0.00000,-0.20000,-1.21000,26.51000,-34.23000
0.49000,-0.00000,-0.08000,0.00000,0.00000,-0.20000,-1.21000,25.31000,-41.51000
0.49000,-0.00000,-0.08000,0.00000,0.00000,-0.20000,-1.21000,25.31000,-41.51000
0.49000,-0.00000,-0.08000,0.00000,0.00000,-0.20000,-1.21000,24.11000,-48.79000
0.49000,-0.00000,-0.08000,0.00000,0.00000,-0.20000,-1.21000,24.11000,-48.79000
0.49000,-0.00000,-0.08000,0.00000,0.00000,-0.20000,-1.21000,22.91000,-56.07000
0.49000,-0.00000,-0.08000,0.00000,0.00000,-0.20000,-1.21000,22.91000,-56.07000
0.49000,-0.00000,-0.08000,0.00000,0.00000,-0.20000,-1.21000,21.71000,-63.36000
0.49000,-0.00000,-0.08000,0.00000,0.00000,-0.20000,-1.21000,21.71000,-63.36000
0.49000,-0.00000,-0.08000,0.00000,0.00000,-0.20000,-1.21000,20.51000,-70.64000
0.49000,-0.00000,-0.08000,0.00000,0.00000,-0.20000,-1.21000,20.51000,-70.64000
0.49000,-0.00000,-0.08000,0.00000,0.00000,-0.20000,-1.21000,19.32000,-77.92000
0.49000,-0.00000,-0.08000,0.00000,0.00000,-0.20000,-1.21000,19.32000,-77.92000
0.49000,-0.00000,-0.08000,0.00000,0.00000,-0.20000,-1.21000,18.12000,-85.20000
0.49000,-0.00000,-0.08000,0.00000,0.00000,-0.20000,-1.21000,18.12000,-85.20000
0.49000,-0.00000,-0.08000,0.00000,0.00000,-0.20000,-1.21000,16.92000,-92.48000
0.49000,-0.00000,-0.08000,0.00000,0.00000,-0.20000,-1.21000,16.92000,-92.48000
0.49000,-0.00000,-0.08000,0.00000,0.00000,-0.20000,-1.21000,15.72000,-99.76000
0.49000,-0.00000,-0.08000,0.00000,0.00000,-0.20000,-1.21000,15.72000,-99.76000
0.49000,-0.00000,-0.08000,0.00000,0.00000,-0.20000,-1.21000,14.52000,-107.05000
0.49000,-0.00000,-0.08000,0.00000,-0.02000,-0.20000,-1.21000,14.52000,-107.05000
0.49000,-0.00000,-0.08000,0.00000,0.00000,-0.20000,-1.21000,13.31000,-114.02000
0.49000,-0.00000,-0.08000,0.00000,0.00000,-0.20000,-1.21000,13.31000,-114.02000
0.49000,-0.00000,-0.08000,0.00000,0.00000,-0.20000,-1.21000,12.11000,-121.50000
0.49000,-0.00000,-0.08000,0.00000,0.00000,-0.20000,-1.21000,12.11000,-121.50000
0.49000,-0.00000,-0.08000,0.00000,0.00000,-0.20000,-1.21000,10.91000,-128.78000
0.49000,-0.00000,-0.08000,0.00000,0.00000,-0.20000,-1.21000,10.91000,-128.78000
0.49000,-0.00000,-0.08000,0.00000,0.00000,-0.20000,-1.21000,9.70000,-136.07000
0.49000,-0.00000,-0.08000,0.00000,0.00000,-0.20000,-1.21000,9.70000,-136.07000
0.49000,-0.00000,-0.08000,0.00000,0.00000,-0.20000,-1.21000,8.50000,-143.35000
0.49000,-0.00000,-0.08000,0.00000,0.00000,-0.20000,-1.21000,8.50000,-143.35000
0.49000,-0.00000,-0.08000,0.00000,0.00000,-0.20000,-1.21000,7.30000,-150.64000
0.49000,-0.00000,-0.08000,0.00000,0.00000,-0.20000,-1.21000,7.30000,-150.64000
0.49000,-0.00000,-0.08000,0.00000,0.00000,-0.20000,-1.21000,6.09000,-157.92000
0.49000,-0.00000,-0.08000,0.00000,0.00000,-0.20000,-1.21000,6.09000,-157.92000
0.49000,-0.00000,-0.08000,0.00000,0.00000,-0.20000,-1.21000,4.89000,-165.21000
0.49000,-0.00000,-0.08000,0.00000,0.00000,-0.20000,-1.21000,4.89000,-165.21000
0.49000,-0.00000,-0.08000,0.00000,0.00000,-0.20000,-1.21000,3.69000,-172.49000
0.49000,-0.00000,-0.08000,0.00000,0.00000,-0.20000,-1.21000,3.69000,-172.49000
0.49000,-0.00000,-0.08000,0.00000,0.00000,-0.20000,-1.21000,2.49000,-179.78000
0.49000,-0.00000,-0.08000,0.00000,0.00000,-0.20000,-1.21000,2.49000,-179.78000
0.49000,-0.00000,-0.08000,0.00000,0.00000,-0.20000,-1.21000,1.28000,-187.06000
0.49000,-0.00000,-0.08000,0.00000,0.00000,-0.20000,-1.21000,1.28000,-187.06000
0.49000,-0.00000,-0.08000,0.00000,0.00000,-0.20000,-1.21000,0.08000,-194.35000
0.49000,-0.00000,-0.08000,0.00000,0.00000,-0.20000,-1.21000,0.08000,-194.35000
0.49000,-0.00000,-0.08000,0.00000,0.00000,-0.20000,-1.21000,-1.12000,-201.63000
0.49000,-0.00000,-0.08000,0.00000,0.00000,-0.20000,-1.21000,-1.12000,-201.63000
0.49000,-0.00000,-0.08000,0.00000,0.00000,-0.20000,-1.21000,-2.32000,-208.92000
0.49000,-0.00000,-0.08000,0.00000,0.00000,-0.20000,-1.21000,-2.32000,-208.92000
0.49000,-0.00000,-0.08000,0.00000,0.00000,-0.20000,-1.21000,-3.53000,-216.20000
0.49000,-0.00000,-0.08000,0.00000,0.00000,-0.20000,-1.21000,-3.53000,-216.20000
0.49000,-0.00000,-0.08000,0.00000,0.00000,-0.20000,-1.21000,-4.73000,-223.49000
0.49000,-0.00000,-0.08000,0.00000,0.00000,-0.20000,-1.21000,-4.73000,-223.49000
0.49000,-0.00000,-0.08000,0.00000,0.00000,-0.20000,-1.21000,-5.93000,-230.77000
0.49000,-0.00000,-0.08000,0.00000,0.00000,-0.20000,-1.21000,-5.93000,-230.77000
0.49000,-0.00000,-0.08000,0.00000,0.00000,-0.20000,-1.21000,-7.13000,-238.06000
0.49000,-0.00000,-0.08000,0.00000,0.00000,-0.20000,-1.21000,-7.13000,-238.06000
0.49000,-0.00000,-0.08000,0.00000,0.00000,-0.20000,-1.21000,-8.34000,-245.34000
0.49000,-0.00000,-0.08000,0.00000,0.00000,-0.20000,-1.21000,-8.34000,-245.34000
0.49000,-0.00000,-0.08000,0.00000,0.00000,-0.20000,-1.21000,-9.54000,-252.63000
0.49000,-0.00000,-0.08000,0.00000,0.00000,-0.20000,-1.21000,-9.54000,-252.63000
0.49000,-0.00000,-0.08000,0.00000,0.00000,-0.20000,-1.21000,-10.74000,-255.00000
0.49000,-0.00000,-0.08000,0.00000,0.00000,-0.20000,-1.21000,-10.74000,-255.00000
0.49000,-0.00000,-0.08000,0.00000,0.00000,-0.20000,-1.21000,-11.95000,-255.00000
0.49000,-0.00000,-0.08000,0.00000,0.00000,-0.20000,-1.21000,-11.95000,-255.00000
0.49000,-0.00000,-0.08000,0.00000,0.00000,-0.20000,-1.21000,-13.15000,-255.00000
0.49000,-0.00000,-0.08000,0.00000,0.00000,-0.20000,-1.21000,-13.15000,-255.00000
0.49000,-0.00000,-0.08000,0.00000,0.00000,-0.20000,-1.21000,-14.35000,-255.00000
0.49000,-0.00000,-0.08000,0.00000,0.00000,-0.20000,-1.21000,-14.35000,-255.00000
0.49000,-0.00000,-0.08000,0.00000,0.00000,-0.20000,-1.21000,-15.55000,-255.00000
0.49000,-0.00000,-0.08000,0.00000,0.00000,-0.20000,-1.21000,-15.55000,-255.00000
0.49000,-0.00000,-0.08000,0.00000,0.00000,-0.20000,-1.21000,-16.76000,-255.00000
0.49000,-0.00000,-0.06000,0.00000,-1.16000,-0.20000,-1.21000,-16.76000,-255.00000
0.48000,-0.00000,0.03000,0.00000,-4.77000,-0.23000,-1.25000,-18.44000,-255.00000
0.48000,-0.00000,0.12000,0.00000,-5.25000,-0.34000,-1.37000,-18.44000,-255.00000
0.47000,-0.00000,0.22000,0.00000,-5.62000,-0.43000,-1.48000,-22.85000,-198.51000
0.47000,-0.00000,0.31000,-0.02000,-4.85000,-0.50000,-1.56000,-22.85000,-198.51000
0.46000,-0.00000,0.39000,0.00000,-4.52000,-0.53000,-1.60000,-26.60000,-183.58000
0.46000,-0.01000,0.47000,0.00000,-4.21000,-0.54000,-1.61000,-26.60000,-183.58000
0.45000,-0.01000,0.54000,0.00000,-4.09000,-0.53000,-1.60000,-30.03000,-173.78000
0.45000,-0.01000,0.61000,-0.02000,-3.96000,-0.50000,-1.57000,-30.03000,-173.78000
0.45000,-0.01000,0.68000,0.00000,-3.88000,-0.44000,-1.49000,-31.52000,-160.15000
0.44000,-0.02000,0.75000,0.00000,-3.71000,-0.34000,-1.37000,-31.52000,-160.15000
0.44000,-0.02000,0.82000,0.00000,-3.55000,-0.19000,-1.21000,-30.65000,-144.83000
0.44000,-0.02000,0.88000,0.00000,-3.40000,-0.01000,-1.04000,-30.65000,-144.83000
0.43000,-0.02000,0.93000,0.00000,-2.99000,0.16000,-0.87000,-26.52000,-129.42000
0.43000,-0.03000,0.98000,0.00000,-2.86000,0.29000,-0.74000,-26.52000,-129.42000
0.43000,-0.03000,1.03000,0.00000,-2.61000,0.39000,-0.65000,-22.15000,-118.98000
0.43000,-0.03000,1.08000,0.00000,-2.61000,-1.01000,-2.12000,-22.15000,-118.98000
0.43000,-0.03000,1.12000,0.00000,-2.45000,-1.18000,-2.13000,-43.35000,-131.64000
0.43000,-0.04000,1.17000,0.00000,-2.49000,-3.26000,-3.23000,-43.35000,-131.64000
0.43000,-0.04000,1.22000,0.00000,-2.78000,-2.11000,-1.02000,-64.30000,-114.02000
0.42000,-0.04000,1.26000,-0.02000,-2.53000,-2.12000,-1.00000,-64.30000,-114.02000
0.42000,-0.04000,1.30000,-0.02000,-2.30000,-2.15000,-0.98000,-77.22000,-103.92000
0.42000,-0.05000,1.33000,-0.75000,-2.05000,-2.17000,-0.96000,-77.22000,-103.92000
0.42000,-0.05000,1.34000,-1.45000,-1.83000,-2.18000,-0.95000,-79.60000,-101.28000
0.42000,-0.06000,1.33000,-1.87000,-1.64000,-2.19000,-0.94000,-79.60000,-101.28000
0.42000,-0.06000,1.32000,-2.18000,-1.58000,-2.19000,-0.93000,-71.57000,-100.65000
0.42000,-0.06000,1.31000,-2.26000,-1.51000,-2.20000,-0.93000,-71.57000,-100.65000
0.42000,-0.07000,1.30000,-2.08000,-1.56000,-2.20000,-0.93000,-67.72000,-98.19000
0.42000,-0.07000,1.29000,-1.95000,-1.45000,-2.20000,-0.92000,-67.72000,-98.19000
0.42000,-0.07000,1.28000,-1.97000,-1.47000,-2.21000,-0.92000,-72.12000,-95.46000
0.41000,-0.08000,1.27000,-2.12000,-1.47000,-2.21000,-0.91000,-72.12000,-95.46000
0.41000,-0.08000,1.25000,-2.30000,-1.45000,-2.21000,-0.91000,-71.28000,-91.85000
0.41000,-0.09000,1.23000,-2.30000,-1.31000,-2.21000,-0.91000,-71.28000,-91.85000
0.41000,-0.09000,1.22000,-2.18000,-1.27000,-2.21000,-0.91000,-69.04000,-90.91000
0.41000,-0.09000,1.21000,-1.81000,-1.22000,-2.21000,-0.91000,-69.04000,-90.91000
0.41000,-0.10000,1.20000,-1.20000,-1.08000,-2.21000,-0.91000,-75.96000,-89.76000
0.41000,-0.10000,1.20000,-1.08000,-1.08000,-2.21000,-0.91000,-75.96000,-89.76000
0.41000,-0.10000,1.21000,-0.98000,-1.08000,-2.21000,-0.91000,-89.26000,-90.03000
0.41000,-0.10000,1.20000,-1.33000,-1.06000,-2.21000,-0.91000,-89.26000,-90.03000
0.41000,-0.11000,1.19000,-1.74000,-1.04000,-2.21000,-0.91000,-92.27000,-89.30000
0.40000,-0.11000,1.16000,-2.55000,-1.02000,-2.20000,-0.91000,-92.27000,-89.30000
0.40000,-0.11000,1.12000,-3.32000,-1.02000,-2.20000,-0.91000,-79.14000,-89.00000
0.40000,-0.12000,1.07000,-3.84000,-0.98000,-2.21000,-0.91000,-79.14000,-89.00000
0.40000,-0.12000,1.02000,-3.86000,-0.98000,-2.21000,-0.91000,-57.79000,-88.96000
0.39000,-0.13000,0.97000,-3.26000,-0.95000,-2.21000,-0.91000,-57.79000,-88.96000
0.39000,-0.13000,0.95000,-2.35000,-0.98000,-2.21000,-0.91000,-56.71000,-88.86000
0.39000,-0.13000,0.94000,-1.70000,-0.95000,-2.20000,-0.91000,-56.71000,-88.86000
0.39000,-0.13000,0.93000,-1.33000,-1.00000,-2.20000,-0.90000,-73.61000,-88.55000
0.39000,-0.14000,0.92000,-1.54000,-0.98000,-2.19000,-0.91000,-73.61000,-88.55000
0.39000,-0.14000,0.90000,-1.99000,-0.95000,-2.18000,-0.90000,-78.75000,-87.93000
0.38000,-0.14000,0.87000,-2.41000,-0.89000,-2.16000,-0.90000,-78.75000,-87.93000
0.38000,-0.15000,0.84000,-2.70000,-0.91000,-2.13000,-0.89000,-68.78000,-88.60000
0.38000,-0.15000,0.81000,-2.70000,-0.97000,-2.07000,-0.87000,-68.78000,-88.60000
0.37000,-0.15000,0.78000,-2.88000,-0.95000,-1.96000,-0.81000,-60.29000,-86.09000
0.37000,-0.15000,0.75000,-2.68000,-1.02000,-1.72000,-0.63000,-60.29000,-86.09000
0.37000,-0.16000,0.72000,-2.45000,-1.04000,-1.24000,-0.22000,-45.27000,-75.67000
0.37000,-0.16000,0.70000,-2.03000,-0.83000,-2.21000,-0.92000,-45.27000,-75.67000
0.36000,-0.16000,0.68000,-1.45000,-0.50000,-2.21000,-0.92000,-60.83000,-84.14000
0.36000,-0.16000,0.66000,-1.54000,-0.58000,-2.20000,-0.92000,-60.83000,-84.14000
0.36000,-0.16000,0.64000,-1.74000,-0.68000,-2.20000,-0.92000,-69.31000,-88.46000
0.36000,-0.17000,0.62000,-2.16000,-0.89000,-2.20000,-0.92000,-69.31000,-88.46000
0.35000,-0.17000,0.59000,-2.45000,-0.98000,-2.20000,-0.93000,-63.93000,-85.89000
0.35000,-0.17000,0.57000,-2.43000,-1.04000,-2.20000,-0.93000,-63.93000,-85.89000
0.35000,-0.17000,0.54000,-2.39000,-1.02000,-2.19000,-0.93000,-60.06000,-83.97000
0.35000,-0.17000,0.52000,-2.30000,-0.91000,-2.19000,-0.93000,-60.06000,-83.97000
0.34000,-0.18000,0.50000,-2.10000,-0.89000,-2.19000,-0.93000,-60.46000,-85.24000
0.34000,-0.18000,0.48000,-1.99000,-0.91000,-2.19000,-0.93000,-60.46000,-85.24000
0.34000,-0.18000,0.46000,-2.01000,-0.95000,-2.19000,-0.94000,-64.43000,-85.40000
0.33000,-0.18000,0.44000,-2.26000,-0.93000,-2.19000,-0.94000,-64.43000,-85.40000
0.33000,-0.18000,0.41000,-2.45000,-0.95000,-2.19000,-0.94000,-61.57000,-85.23000
0.33000,-0.18000,0.38000,-2.49000,-0.95000,-2.19000,-0.94000,-61.57000,-85.23000
0.32000,-0.19000,0.35000,-2.47000,-0.93000,-2.19000,-0.94000,-57.72000,-84.92000
0.32000,-0.19000,0.33000,-2.18000,-0.85000,-2.19000,-0.93000,-57.72000,-84.92000
0.32000,-0.19000,0.31000,-1.87000,-0.83000,-1.01000,-2.12000,-42.89000,-104.08000
0.31000,-0.19000,0.31000,-1.25000,-1.25000,-1.00000,-2.12000,-42.89000,-104.08000
0.31000,-0.19000,0.33000,-0.39000,-1.60000,-1.00000,-2.13000,-49.71000,-105.90000
0.31000,-0.19000,0.36000,0.00000,-1.81000,-1.01000,-2.12000,-49.71000,-105.90000
0.31000,-0.19000,0.40000,0.00000,-1.91000,-1.02000,-2.11000,-67.19000,-102.49000
0.31000,-0.19000,0.43000,-0.02000,-1.83000,-2.06000,-2.39000,-67.19000,-102.49000
0.30000,-0.19000,0.46000,-0.12000,-1.74000,-3.26000,-3.23000,-106.62000,-120.88000
0.30000,-0.19000,0.47000,-1.60000,-2.03000,-2.16000,-1.31000,-106.62000,-120.88000
0.30000,-0.20000,0.46000,-2.93000,-2.41000,-2.11000,-1.05000,-85.11000,-93.41000
0.29000,-0.20000,0.45000,-2.91000,-2.14000,-2.12000,-1.10000,-85.11000,-93.41000
0.29000,-0.20000,0.43000,-2.49000,-1.74000,-2.22000,-1.55000,-70.24000,-93.46000
0.28000,-0.20000,0.41000,-2.51000,-1.56000,-2.70000,-2.62000,-70.24000,-93.46000
0.28000,-0.21000,0.39000,-2.80000,-1.49000,-3.24000,-3.21000,-87.38000,-123.63000
0.27000,-0.21000,0.37000,-3.32000,-1.97000,-2.93000,-2.98000,-87.38000,-123.63000
0.27000,-0.21000,0.34000,-3.78000,-2.45000,-1.05000,-2.11000,-46.80000,-110.77000
0.26000,-0.21000,0.33000,-3.13000,-2.39000,-1.01000,-2.12000,-46.80000,-110.77000
0.25000,-0.21000,0.33000,-1.93000,-2.26000,-1.00000,-2.13000,-35.14000,-105.65000
0.25000,-0.21000,0.36000,-0.71000,-2.08000,-0.99000,-2.13000,-35.14000,-105.65000
0.25000,-0.22000,0.40000,0.00000,-1.97000,-1.00000,-2.12000,-58.84000,-108.69000
0.25000,-0.22000,0.43000,-0.17000,-2.05000,-1.01000,-2.11000,-58.84000,-108.69000
0.25000,-0.22000,0.46000,-0.25000,-2.08000,-1.30000,-2.16000,-73.21000,-109.79000
0.24000,-0.22000,0.49000,-0.75000,-2.10000,-3.25000,-3.28000,-73.21000,-109.79000
0.24000,-0.22000,0.50000,-1.41000,-2.12000,-2.75000,-2.68000,-92.97000,-117.58000
0.23000,-0.22000,0.50000,-2.45000,-2.26000,-2.15000,-1.27000,-92.97000,-117.58000
0.23000,-0.23000,0.49000,-2.95000,-2.34000,-2.13000,-1.19000,-70.26000,-96.36000
0.22000,-0.23000,0.47000,-2.76000,-2.05000,-2.18000,-1.39000,-70.26000,-96.36000
0.22000,-0.23000,0.46000,-2.55000,-1.72000,-2.34000,-1.93000,-66.81000,-104.03000
0.22000,-0.23000,0.44000,-2.51000,-1.74000,-2.15000,-0.98000,-66.81000,-104.03000
0.21000,-0.23000,0.43000,-2.39000,-1.85000,-2.15000,-0.98000,-65.12000,-93.71000
0.21000,-0.24000,0.42000,-2.41000,-1.64000,-2.15000,-0.98000,-65.12000,-93.71000
0.20000,-0.24000,0.40000,-2.49000,-1.49000,-2.15000,-0.98000,-64.53000,-90.64000
0.20000,-0.24000,0.38000,-2.49000,-1.29000,-2.15000,-0.98000,-64.53000,-90.64000
0.20000,-0.24000,0.36000,-2.43000,-1.14000,-2.15000,-0.98000,-61.70000,-92.00000
0.19000,-0.24000,0.33000,-2.49000,-1.16000,-2.14000,-0.98000,-61.70000,-92.00000
0.19000,-0.24000,0.31000,-2.51000,-1.20000,-2.14000,-0.98000,-59.57000,-92.10000
0.18000,-0.25000,0.29000,-2.32000,-1.27000,-2.14000,-0.98000,-59.57000,-92.10000
0.18000,-0.25000,0.27000,-2.16000,-1.29000,-2.19000,-0.94000,-60.68000,-88.77000
0.18000,-0.25000,0.26000,-2.22000,-1.22000,-2.19000,-0.94000,-60.68000,-88.77000
0.17000,-0.25000,0.24000,-2.22000,-1.22000,-2.19000,-0.94000,-61.42000,-87.39000
0.17000,-0.25000,0.22000,-2.20000,-1.20000,-2.19000,-0.93000,-61.42000,-87.39000
0.17000,-0.25000,0.20000,-2.32000,-1.12000,-2.19000,-0.93000,-61.57000,-85.95000
0.16000,-0.25000,0.17000,-2.41000,-1.08000,-2.19000,-0.93000,-61.57000,-85.95000
0.16000,-0.25000,0.15000,-2.41000,-1.06000,-2.19000,-0.93000,-58.43000,-86.16000
0.15000,-0.25000,0.13000,-2.32000,-1.02000,-2.19000,-0.93000,-58.43000,-86.16000
0.15000,-0.25000,0.10000,-2.32000,-1.02000,-2.20000,-0.93000,-58.46000,-86.15000
0.15000,-0.25000,0.08000,-2.22000,-1.02000,-2.20000,-0.92000,-58.46000,-86.15000
0.14000,-0.25000,0.06000,-1.97000,-1.04000,-2.21000,-0.91000,-59.50000,-85.37000
0.14000,-0.25000,0.05000,-1.81000,-1.00000,-2.21000,-0.91000,-59.50000,-85.37000
0.14000,-0.25000,0.04000,-1.60000,-0.95000,-2.21000,-0.91000,-65.69000,-85.03000
0.13000,-0.25000,0.03000,-1.33000,-0.95000,-2.21000,-0.91000,-65.69000,-85.03000
0.13000,-0.25000,0.03000,-0.87000,-0.93000,-2.21000,-0.91000,-75.30000,-85.13000
0.13000,-0.25000,0.03000,-0.95000,-0.98000,-2.21000,-0.91000,-75.30000,-85.13000
0.13000,-0.25000,0.03000,-1.08000,-0.98000,-2.21000,-0.91000,-86.21000,-84.53000
0.13000,-0.25000,0.02000,-1.37000,-0.95000,-2.21000,-0.91000,-86.21000,-84.53000
0.12000,-0.25000,0.01000,-1.74000,-0.89000,-2.21000,-0.91000,-87.51000,-84.43000
0.12000,-0.25000,-0.02000,-2.28000,-0.73000,-2.21000,-0.91000,-87.51000,-84.43000
0.12000,-0.25000,-0.06000,-3.07000,-0.66000,-2.21000,-0.91000,-78.79000,-87.55000
0.11000,-0.25000,-0.11000,-3.61000,-0.81000,-2.20000,-0.90000,-78.79000,-87.55000
0.11000,-0.25000,-0.17000,-3.86000,-0.83000,-2.18000,-0.90000,-57.96000,-87.36000
0.10000,-0.25000,-0.21000,-3.36000,-0.89000,-2.20000,-0.90000,-57.96000,-87.36000
0.10000,-0.25000,-0.24000,-2.45000,-0.79000,-2.20000,-0.90000,-53.40000,-86.69000
0.09000,-0.25000,-0.26000,-1.78000,-0.87000,-2.19000,-0.90000,-53.40000,-86.69000
0.09000,-0.25000,-0.27000,-1.22000,-0.95000,-2.19000,-0.91000,-69.90000,-87.08000
0.09000,-0.25000,-0.27000,-1.24000,-1.02000,-2.17000,-0.90000,-69.90000,-87.08000
0.09000,-0.25000,-0.28000,-1.64000,-1.04000,-2.15000,-0.90000,-79.85000,-85.03000
0.08000,-0.25000,-0.30000,-2.16000,-0.95000,-2.11000,-0.89000,-79.85000,-85.03000
0.08000,-0.25000,-0.33000,-2.49000,-0.95000,-2.07000,-0.87000,-70.33000,-84.81000
0.08000,-0.25000,-0.36000,-2.70000,-0.93000,-1.98000,-0.82000,-70.33000,-84.81000
0.07000,-0.24000,-0.40000,-2.90000,-0.89000,-1.82000,-0.70000,-57.94000,-82.12000
0.07000,-0.24000,-0.43000,-2.82000,-0.83000,-1.51000,-0.45000,-57.94000,-82.12000
0.06000,-0.24000,-0.47000,-2.49000,-0.75000,-1.07000,-0.05000,-39.58000,-72.47000
0.06000,-0.24000,-0.49000,-1.87000,-0.31000,-0.77000,0.27000,-39.58000,-72.47000
0.06000,-0.24000,-0.51000,-1.16000,-0.02000,-2.12000,-0.89000,-59.17000,-88.22000
0.06000,-0.24000,-0.52000,-1.24000,-0.73000,-2.13000,-0.90000,-59.17000,-88.22000
0.06000,-0.24000,-0.54000,-1.54000,-0.91000,-2.11000,-0.89000,-69.92000,-85.43000
0.05000,-0.24000,-0.55000,-2.03000,-0.97000,-2.09000,-0.88000,-69.92000,-85.43000
0.05000,-0.23000,-0.59000,-2.65000,-0.87000,-2.06000,-0.87000,-62.45000,-82.33000
0.05000,-0.23000,-0.62000,-2.70000,-0.83000,-2.02000,-0.84000,-62.45000,-82.33000
0.04000,-0.23000,-0.65000,-2.57000,-0.79000,-1.97000,-0.82000,-51.40000,-83.11000
0.04000,-0.23000,-0.68000,-2.28000,-0.83000,-1.91000,-0.77000,-51.40000,-83.11000
0.04000,-0.22000,-0.70000,-1.95000,-0.81000,-1.81000,-0.70000,-50.80000,-81.25000
0.04000,-0.22000,-0.72000,-1.62000,-0.71000,-1.66000,-0.58000,-50.80000,-81.25000
0.04000,-0.22000,-0.73000,-1.39000,-0.58000,-1.49000,-0.44000,-53.17000,-78.50000
0.03000,-0.22000,-0.74000,-1.43000,-0.71000,-1.31000,-0.29000,-53.17000,-78.50000
0.03000,-0.22000,-0.77000,-1.49000,-0.17000,-1.10000,-0.08000,-49.33000,-71.50000
0.03000,-0.22000,-0.79000,-1.45000,-0.02000,-1.02000,0.00000,-49.33000,-71.50000
0.03000,-0.22000,-0.82000,-1.39000,0.00000,-0.98000,0.05000,-45.17000,-76.07000
0.03000,-0.22000,-0.84000,-1.27000,-0.02000,-0.94000,0.09000,-45.17000,-76.07000
0.03000,-0.21000,-0.86000,-1.04000,0.00000,-0.89000,0.14000,-43.88000,-74.35000
0.03000,-0.21000,-0.88000,-0.87000,0.00000,-0.86000,0.17000,-43.88000,-74.35000
0.03000,-0.21000,-0.89000,-0.71000,0.00000,-0.84000,0.20000,-46.72000,-72.83000
0.03000,-0.21000,-0.90000,-0.71000,0.00000,-0.82000,0.22000,-46.72000,-72.83000
0.03000,-0.21000,-0.92000,-0.75000,0.00000,-0.80000,0.24000,-48.37000,-70.99000
0.03000,-0.21000,-0.93000,-0.81000,0.00000,-0.77000,0.26000,-48.37000,-70.99000
0.02000,-0.21000,-0.95000,-0.98000,0.00000,-0.75000,0.29000,-46.68000,-68.85000
0.02000,-0.21000,-0.96000,-0.91000,0.00000,-0.72000,0.31000,-46.68000,-68.85000
0.02000,-0.21000,-0.98000,-0.83000,0.00000,-0.70000,0.34000,-44.00000,-66.35000
0.02000,-0.21000,-0.99000,-0.64000,0.00000,-0.68000,0.36000,-44.00000,-66.35000
0.02000,-0.21000,-1.00000,-0.48000,0.00000,-0.67000,0.37000,-46.25000,-63.81000
0.02000,-0.21000,-1.01000,-0.37000,0.00000,-0.65000,0.38000,-46.25000,-63.81000
0.02000,-0.21000,-1.01000,-0.39000,0.00000,-0.65000,0.39000,-50.15000,-61.32000
0.02000,-0.21000,-1.02000,-0.42000,0.00000,-0.64000,0.40000,-50.15000,-61.32000
0.02000,-0.21000,-1.03000,-0.52000,0.00000,-0.63000,0.40000,-50.90000,-58.75000
0.02000,-0.21000,-1.04000,-0.56000,0.00000,-0.62000,0.41000,-50.90000,-58.75000
0.02000,-0.21000,-1.05000,-0.56000,0.00000,-0.61000,0.42000,-49.67000,-56.07000
0.02000,-0.20000,-1.06000,-0.44000,0.00000,-0.60000,0.43000,-49.67000,-56.07000
0.02000,-0.20000,-1.06000,-0.19000,0.00000,-0.59000,0.43000,-51.52000,-53.35000
0.02000,-0.20000,-1.06000,-0.06000,0.00000,-0.58000,0.44000,-51.52000,-53.35000
0.02000,-0.20000,-1.06000,0.00000,0.00000,-0.58000,0.44000,-57.96000,-50.70000
0.02000,-0.20000,-1.06000,-0.02000,0.00000,-0.58000,0.44000,-57.96000,-50.70000
0.02000,-0.20000,-1.06000,0.00000,0.00000,-0.58000,0.44000,-61.69000,-48.08000
0.02000,-0.20000,-1.07000,-0.17000,0.00000,-0.58000,0.44000,-61.69000,-48.08000
0.02000,-0.20000,-1.07000,-0.50000,0.00000,-0.58000,0.44000,-62.83000,-45.44000
0.02000,-0.20000,-1.09000,-0.89000,0.00000,-0.57000,0.44000,-62.83000,-45.44000
0.02000,-0.20000,-1.11000,-0.89000,0.00000,-0.55000,0.45000,-54.02000,-42.67000
0.02000,-0.20000,-1.11000,-0.42000,0.00000,-0.54000,0.45000,-54.02000,-42.67000
0.02000,-0.20000,-1.12000,-0.08000,0.00000,-0.53000,0.45000,-58.77000,-39.97000
0.02000,-0.20000,-1.12000,0.00000,0.00000,-0.53000,0.45000,-58.77000,-39.97000
0.02000,-0.20000,-1.12000,0.00000,0.00000,-0.53000,0.45000,-65.65000,-37.28000
0.02000,-0.20000,-1.12000,-0.02000,0.00000,-0.53000,0.45000,-65.65000,-37.28000
0.02000,-0.20000,-1.12000,0.00000,0.00000,-0.53000,0.45000,-68.49000,-34.59000
0.02000,-0.20000,-1.12000,-0.02000,0.00000,-0.53000,0.45000,-68.49000,-34.59000
0.02000,-0.20000,-1.12000,-0.08000,0.00000,-0.53000,0.45000,-71.52000,-31.90000
0.02000,-0.20000,-1.12000,-0.31000,0.00000,-0.52000,0.45000,-71.52000,-31.90000
0.02000,-0.20000,-1.13000,-0.52000,0.00000,-2.21000,-0.91000,-95.49000,-49.56000
0.02000,-0.20000,-1.16000,-1.41000,0.00000,-2.21000,-0.91000,-95.49000,-49.56000
0.02000,-0.20000,-1.20000,-2.32000,0.00000,-2.21000,-0.91000,-90.41000,-55.02000
0.02000,-0.19000,-1.25000,-2.74000,0.00000,-2.21000,-0.91000,-90.41000,-55.02000
0.01000,-0.19000,-1.32000,-3.61000,0.00000,-2.21000,-0.91000,-75.32000,-60.49000
0.01000,-0.19000,-1.39000,-3.98000,0.00000,-2.21000,-0.91000,-75.32000,-60.49000
0.01000,-0.18000,-1.46000,-3.80000,0.00000,-2.21000,-0.92000,-53.42000,-66.03000
0.01000,-0.18000,-1.51000,-3.11000,0.00000,-2.20000,-0.92000,-53.42000,-66.03000
0.01000,-0.18000,-1.55000,-2.26000,0.00000,-2.19000,-0.93000,-55.61000,-71.74000
0.01000,-0.17000,-1.59000,-1.79000,0.00000,-2.19000,-0.94000,-55.61000,-71.74000
0.01000,-0.17000,-1.61000,-1.37000,0.00000,-2.18000,-0.95000,-69.81000,-77.55000
0.01000,-0.17000,-1.64000,-1.58000,0.00000,-2.17000,-0.95000,-69.81000,-77.55000
0.01000,-0.17000,-1.68000,-2.08000,0.00000,-2.17000,-0.96000,-75.10000,-83.40000
0.01000,-0.17000,-1.72000,-2.41000,0.00000,-2.16000,-0.97000,-75.10000,-83.40000
0.01000,-0.16000,-1.77000,-2.86000,0.00000,-2.15000,-0.98000,-65.89000,-89.46000
0.01000,-0.16000,-1.83000,-3.11000,-0.12000,-0.93000,-2.19000,-65.89000,-89.46000
0.01000,-0.15000,-1.87000,-3.07000,-0.79000,-0.92000,-2.21000,-35.30000,-111.90000
0.02000,-0.15000,-1.89000,-2.24000,-1.24000,-0.91000,-2.21000,-35.30000,-111.90000
0.02000,-0.15000,-1.88000,-1.20000,-1.72000,-0.91000,-2.21000,-35.09000,-107.69000
0.02000,-0.14000,-1.85000,-0.50000,-1.74000,-0.91000,-2.21000,-35.09000,-107.69000
0.02000,-0.14000,-1.82000,-0.12000,-1.78000,-0.91000,-2.21000,-53.24000,-106.02000
0.02000,-0.14000,-1.79000,0.00000,-1.74000,-0.91000,-2.21000,-53.24000,-106.02000
0.02000,-0.14000,-1.76000,-0.23000,-1.76000,-0.91000,-2.21000,-63.18000,-108.85000
0.02000,-0.14000,-1.75000,-1.00000,-1.80000,-0.91000,-2.21000,-63.18000,-108.85000
0.02000,-0.13000,-1.75000,-1.51000,-1.76000,-0.91000,-2.21000,-53.70000,-110.75000
0.02000,-0.13000,-1.74000,-1.66000,-1.78000,-0.91000,-2.21000,-53.70000,-110.75000
0.02000,-0.12000,-1.74000,-1.66000,-1.85000,-0.91000,-2.21000,-43.20000,-113.49000
0.02000,-0.12000,-1.73000,-1.33000,-1.95000,-0.91000,-2.21000,-43.20000,-113.49000
0.02000,-0.12000,-1.71000,-0.77000,-2.03000,-0.90000,-2.20000,-43.62000,-113.37000
0.02000,-0.11000,-1.68000,-0.60000,-2.05000,-0.91000,-2.19000,-43.62000,-113.37000
0.02000,-0.11000,-1.65000,-0.46000,-2.05000,-0.90000,-2.16000,-51.93000,-112.78000
0.02000,-0.11000,-1.62000,-0.50000,-2.05000,-0.91000,-2.21000,-51.93000,-112.78000
0.02000,-0.11000,-1.60000,-0.71000,-2.01000,-0.91000,-2.21000,-55.46000,-114.15000
0.02000,-0.10000,-1.58000,-0.98000,-1.99000,-0.91000,-2.21000,-55.46000,-114.15000
0.02000,-0.10000,-1.56000,-1.18000,-2.16000,-0.91000,-2.21000,-50.80000,-116.02000
0.02000,-0.10000,-1.54000,-1.08000,-2.16000,-0.91000,-2.21000,-50.80000,-116.02000
0.02000,-0.09000,-1.52000,-1.04000,-2.20000,-0.91000,-2.21000,-48.87000,-114.86000
0.02000,-0.09000,-1.50000,-0.97000,-2.16000,-0.91000,-2.21000,-48.87000,-114.86000
0.02000,-0.08000,-1.48000,-0.81000,-2.20000,-0.91000,-2.21000,-49.43000,-115.19000
0.02000,-0.08000,-1.45000,-0.73000,-2.18000,-0.91000,-2.21000,-49.43000,-115.19000
0.02000,-0.08000,-1.42000,-0.81000,-2.18000,-0.91000,-2.21000,-52.80000,-115.20000
0.02000,-0.07000,-1.40000,-0.91000,-2.24000,-0.91000,-2.21000,-52.80000,-115.20000
0.02000,-0.07000,-1.38000,-0.91000,-2.24000,-0.91000,-2.21000,-51.11000,-114.48000
0.02000,-0.07000,-1.35000,-1.00000,-2.20000,-0.91000,-2.21000,-51.11000,-114.48000
0.02000,-0.06000,-1.34000,-1.08000,-2.12000,-0.91000,-2.21000,-49.83000,-114.95000
0.02000,-0.06000,-1.31000,-0.97000,-2.14000,-0.91000,-2.21000,-49.83000,-114.95000
0.02000,-0.06000,-1.29000,-0.85000,-2.12000,-0.91000,-2.21000,-49.61000,-115.97000
0.02000,-0.05000,-1.27000,-0.91000,-2.18000,-2.84000,-2.78000,-49.61000,-115.97000
0.02000,-0.05000,-1.25000,-0.91000,-2.24000,-2.11000,-1.06000,-68.15000,-98.56000
0.02000,-0.05000,-1.23000,-1.35000,-2.03000,-2.11000,-1.01000,-68.15000,-98.56000
0.01000,-0.04000,-1.24000,-2.10000,-1.78000,-2.12000,-1.01000,-68.93000,-93.23000
0.01000,-0.04000,-1.26000,-2.59000,-1.64000,-2.12000,-1.01000,-68.93000,-93.23000
0.01000,-0.03000,-1.28000,-2.80000,-1.45000,-2.11000,-1.01000,-54.81000,-93.03000
0.01000,-0.03000,-1.30000,-2.53000,-1.39000,-2.11000,-1.02000,-54.81000,-93.03000
0.01000,-0.03000,-1.31000,-2.12000,-1.37000,-2.11000,-1.04000,-52.75000,-93.49000
0.01000,-0.02000,-1.32000,-1.66000,-1.20000,-2.14000,-1.24000,-52.75000,-93.49000
0.01000,-0.02000,-1.32000,-1.04000,-1.12000,-2.24000,-1.61000,-65.23000,-102.68000
0.01000,-0.02000,-1.31000,-0.87000,-1.33000,-2.16000,-1.33000,-65.23000,-102.68000
0.01000,-0.02000,-1.30000,-0.95000,-1.43000,-2.11000,-1.04000,-78.56000,-94.76000
0.01000,-0.01000,-1.30000,-0.98000,-1.45000,-2.11000,-1.02000,-78.56000,-94.76000
0.00000,-0.01000,-1.29000,-1.22000,-1.33000,-2.19000,-0.94000,-85.65000,-89.57000
0.00000,-0.01000,-1.30000,-1.58000,-1.10000,-2.19000,-0.93000,-85.65000,-89.57000
0.00000,-0.00000,-1.32000,-1.87000,-1.02000,-2.19000,-0.93000,-83.96000,-91.69000
0.00000,-0.00000,-1.34000,-2.03000,-1.06000,-2.19000,-0.93000,-83.96000,-91.69000
0.00000,0.00000,-1.37000,-2.72000,-1.06000,-2.19000,-0.93000,-80.79000,-91.34000
0.00000,0.01000,-1.41000,-3.46000,-1.10000,-2.19000,-0.94000,-80.79000,-91.34000
-0.00000,0.01000,-1.46000,-3.80000,-1.14000,-2.18000,-0.95000,-60.10000,-90.15000
-0.00000,0.02000,-1.49000,-3.30000,-1.16000,-2.17000,-0.95000,-60.10000,-90.15000
-0.00000,0.02000,-1.52000,-2.61000,-1.18000,-2.16000,-0.96000,-54.64000,-88.54000
-0.00000,0.03000,-1.54000,-1.99000,-1.12000,-2.16000,-0.97000,-54.64000,-88.54000
-0.00000,0.03000,-1.54000,-1.37000,-1.06000,-2.16000,-0.97000,-67.39000,-88.02000
-0.00000,0.03000,-1.55000,-1.29000,-1.04000,-2.16000,-0.96000,-67.39000,-88.02000
-0.00000,0.03000,-1.56000,-1.68000,-1.00000,-2.17000,-0.96000,-79.09000,-88.20000
-0.00000,0.04000,-1.58000,-2.18000,-1.04000,-2.17000,-0.95000,-79.09000,-88.20000
-0.00000,0.04000,-1.61000,-2.66000,-1.02000,-2.17000,-0.95000,-71.07000,-87.63000
-0.00000,0.05000,-1.65000,-3.03000,-0.97000,-2.16000,-0.97000,-71.07000,-87.63000
-0.00000,0.05000,-1.69000,-3.15000,-0.98000,-2.15000,-0.98000,-57.88000,-88.46000
-0.00000,0.06000,-1.72000,-2.86000,-0.98000,-2.13000,-0.99000,-57.88000,-88.46000
-0.00000,0.06000,-1.75000,-2.55000,-0.98000,-2.12000,-1.00000,-54.73000,-88.83000
0.00000,0.06000,-1.77000,-2.32000,-1.00000,-2.11000,-1.01000,-54.73000,-88.83000
0.00000,0.07000,-1.79000,-2.05000,-1.08000,-2.11000,-1.02000,-58.12000,-88.90000
0.00000,0.07000,-1.81000,-1.95000,-1.08000,-2.11000,-1.03000,-58.12000,-88.90000
0.00000,0.07000,-1.82000,-2.05000,-1.04000,-2.16000,-1.31000,-63.18000,-92.13000
0.00000,0.08000,-1.85000,-2.22000,-1.06000,-2.84000,-2.78000,-63.18000,-92.13000
0.00000,0.08000,-1.87000,-2.32000,-1.18000,-3.27000,-3.30000,-77.07000,-123.63000
0.01000,0.09000,-1.88000,-2.57000,-1.83000,-2.65000,-2.73000,-77.07000,-123.63000
0.01000,0.09000,-1.89000,-3.03000,-2.32000,-1.17000,-2.13000,-46.56000,-108.04000
0.01000,0.10000,-1.90000,-2.63000,-2.26000,-1.02000,-2.11000,-46.56000,-108.04000
0.01000,0.10000,-1.89000,-1.76000,-2.12000,-2.73000,-2.79000,-60.58000,-113.27000
0.01000,0.10000,-1.88000,-1.64000,-2.14000,-2.99000,-3.03000,-60.58000,-113.27000
0.01000,0.11000,-1.88000,-1.85000,-2.20000,-3.21000,-3.24000,-83.30000,-124.99000
0.02000,0.11000,-1.88000,-2.45000,-2.41000,-3.27000,-3.29000,-83.30000,-124.99000
0.02000,0.12000,-1.89000,-3.22000,-2.53000,-3.26000,-3.29000,-81.42000,-128.35000
0.02000,0.13000,-1.91000,-3.63000,-2.63000,-2.99000,-3.03000,-81.42000,-128.35000
0.02000,0.13000,-1.92000,-3.61000,-2.70000,-1.25000,-2.15000,-38.41000,-113.05000
0.02000,0.14000,-1.93000,-2.57000,-2.41000,-1.02000,-2.11000,-38.41000,-113.05000
0.02000,0.14000,-1.91000,-1.00000,-1.83000,-2.11000,-1.01000,-52.89000,-96.53000
0.03000,0.14000,-1.89000,-0.25000,-1.31000,-2.12000,-1.01000,-52.89000,-96.53000
0.03000,0.14000,-1.88000,-0.04000,-1.02000,-2.13000,-0.99000,-85.23000,-104.40000
0.03000,0.15000,-1.86000,-0.02000,-1.00000,-2.14000,-0.99000,-85.23000,-104.40000
0.03000,0.15000,-1.84000,-0.15000,-1.06000,-2.15000,-0.98000,-100.20000,-106.93000
0.03000,0.15000,-1.85000,-1.33000,-1.12000,-2.16000,-0.97000,-100.20000,-106.93000
0.03000,0.15000,-1.86000,-2.18000,-1.16000,-2.16000,-0.97000,-93.53000,-104.81000
0.03000,0.16000,-1.89000,-2.51000,-1.10000,-2.16000,-0.97000,-93.53000,-104.81000
0.03000,0.16000,-1.92000,-2.66000,-1.16000,-2.15000,-0.97000,-80.66000,-104.28000
0.03000,0.17000,-1.95000,-3.07000,-1.16000,-2.15000,-0.98000,-80.66000,-104.28000
0.03000,0.17000,-1.99000,-3.40000,-1.20000,-2.14000,-0.98000,-69.98000,-102.76000
0.04000,0.18000,-2.03000,-3.53000,-1.22000,-2.13000,-0.99000,-69.98000,-102.76000
0.04000,0.18000,-2.07000,-3.30000,-1.24000,-2.13000,-1.00000,-57.35000,-100.94000
0.04000,0.18000,-2.10000,-2.64000,-1.16000,-2.16000,-0.96000,-57.35000,-100.94000
0.04000,0.19000,-2.11000,-2.07000,-1.08000,-2.16000,-0.97000,-62.80000,-100.07000
0.04000,0.19000,-2.13000,-1.68000,-1.08000,-2.16000,-0.97000,-62.80000,-100.07000
0.05000,0.19000,-2.13000,-1.47000,-1.08000,-2.16000,-0.97000,-74.22000,-100.17000
0.05000,0.19000,-2.15000,-1.74000,-1.00000,-2.16000,-0.97000,-74.22000,-100.17000
0.05000,0.20000,-2.17000,-2.16000,-0.95000,-2.16000,-0.97000,-76.17000,-100.73000
0.05000,0.20000,-2.19000,-2.47000,-0.95000,-2.16000,-0.97000,-76.17000,-100.73000
0.05000,0.20000,-2.23000,-2.74000,-1.02000,-2.15000,-0.97000,-67.66000,-101.25000
0.06000,0.21000,-2.26000,-2.95000,-1.02000,-2.15000,-0.98000,-67.66000,-101.25000
0.06000,0.21000,-2.30000,-3.05000,-1.00000,-2.14000,-0.98000,-58.50000,-100.55000
0.06000,0.21000,-2.33000,-2.74000,-0.89000,-2.18000,-0.94000,-58.50000,-100.55000
0.06000,0.22000,-2.36000,-2.41000,-0.73000,-2.18000,-0.95000,-57.32000,-101.69000
0.07000,0.22000,-2.40000,-2.18000,-0.17000,-2.17000,-0.95000,-57.32000,-101.69000
0.07000,0.22000,-2.43000,-1.97000,0.00000,-2.16000,-0.96000,-62.13000,-113.14000
0.07000,0.22000,-2.47000,-1.76000,0.00000,-2.15000,-0.97000,-62.13000,-113.14000
0.07000,0.22000,-2.50000,-1.85000,0.00000,-2.14000,-0.98000,-67.93000,-120.74000
0.07000,0.22000,-2.54000,-2.01000,0.00000,-2.13000,-0.99000,-67.93000,-120.74000
0.07000,0.22000,-2.57000,-2.01000,0.00000,-2.12000,-1.01000,-66.13000,-127.01000
0.08000,0.23000,-2.61000,-1.97000,0.00000,-2.11000,-1.02000,-66.13000,-127.01000
0.08000,0.23000,-2.65000,-2.12000,0.00000,-2.52000,-2.36000,-73.38000,-153.37000
0.08000,0.23000,-2.69000,-2.22000,0.00000,-3.08000,-3.11000,-73.38000,-153.37000
0.08000,0.23000,-2.73000,-2.24000,0.00000,-1.02000,-2.11000,-50.47000,-163.69000
0.09000,0.23000,-2.76000,-1.95000,0.00000,-2.12000,-1.01000,-50.47000,-163.69000
0.09000,0.23000,-2.79000,-1.41000,0.00000,-2.11000,-1.03000,-63.57000,-160.17000
0.09000,0.23000,-2.81000,-1.25000,0.00000,-2.50000,-2.31000,-63.57000,-160.17000
0.09000,0.23000,-2.83000,-1.37000,0.00000,-3.28000,-3.26000,-92.77000,-199.80000
0.09000,0.23000,-2.87000,-2.03000,0.00000,-2.56000,-2.65000,-92.77000,-199.80000
0.09000,0.23000,-2.92000,-2.53000,0.00000,-1.02000,-2.11000,-59.17000,-202.07000
0.10000,0.23000,-2.96000,-2.33000,0.00000,-1.00000,-2.13000,-59.17000,-202.07000
0.10000,0.23000,-2.99000,-1.74000,0.00000,-0.98000,-2.15000,-48.10000,-215.31000
0.10000,0.23000,-3.01000,-1.04000,0.00000,-0.96000,-2.16000,-48.10000,-215.31000
0.10000,0.23000,-3.01000,-0.27000,0.00000,-0.95000,-2.17000,-58.91000,-228.59000
0.10000,0.23000,-3.01000,0.00000,0.00000,-0.95000,-2.18000,-58.91000,-228.59000
0.10000,0.23000,-3.01000,0.00000,0.00000,-0.95000,-2.18000,-73.93000,-241.67000
0.10000,0.23000,-3.02000,-0.02000,0.00000,-0.95000,-2.18000,-73.93000,-241.67000
0.10000,0.23000,-3.02000,-0.02000,0.00000,-0.95000,-2.18000,-79.30000,-254.73000
0.10000,0.23000,-3.02000,-0.48000,0.00000,-0.95000,-2.18000,-79.30000,-254.73000
0.10000,0.23000,-3.04000,-0.83000,0.00000,-0.94000,-2.18000,-77.96000,-255.00000
0.10000,0.23000,-3.06000,-0.98000,0.00000,-0.94000,-2.19000,-77.96000,-255.00000
0.10000,0.24000,-3.07000,-0.87000,0.00000,-0.93000,-2.20000,-73.05000,-255.00000
0.10000,0.24000,-3.09000,-0.71000,0.00000,-0.92000,-2.20000,-73.05000,-255.00000
0.10000,0.24000,-3.09000,-0.44000,0.00000,-0.92000,-2.21000,-76.67000,-255.00000
0.11000,0.24000,-3.10000,-0.17000,0.00000,-0.92000,-2.21000,-76.67000,-255.00000
0.11000,0.24000,-3.10000,0.00000,0.00000,-0.92000,-2.21000,-86.00000,-255.00000
0.11000,0.24000,-3.10000,0.00000,0.00000,-0.92000,-2.21000,-86.00000,-255.00000
0.11000,0.24000,-3.10000,0.00000,0.00000,-0.92000,-2.21000,-92.99000,-255.00000
0.11000,0.24000,-3.10000,-0.29000,0.00000,-0.92000,-2.21000,-92.99000,-255.00000
0.11000,0.24000,-3.11000,-0.52000,0.00000,-0.91000,-2.21000,-94.10000,-255.00000
0.11000,0.24000,-3.12000,-0.52000,0.00000,-0.91000,-2.21000,-94.10000,-255.00000
0.11000,0.24000,-3.13000,-0.58000,0.00000,-0.91000,-2.21000,-94.39000,-255.00000
0.11000,0.24000,-3.14000,-0.62000,0.00000,-0.91000,-2.21000,-94.39000,-255.00000
0.11000,0.24000,-3.15000,-0.58000,0.00000,-0.91000,-2.21000,-95.16000,-255.00000
0.11000,0.24000,-3.16000,-0.50000,0.00000,-0.91000,-2.21000,-95.16000,-255.00000
0.11000,0.24000,-3.17000,-0.37000,0.00000,-0.91000,-2.21000,-98.74000,-255.00000
0.11000,0.24000,-3.18000,-0.54000,0.00000,-0.91000,-2.21000,-98.74000,-255.00000
0.11000,0.24000,-3.19000,-0.64000,0.00000,-0.91000,-2.21000,-100.57000,-255.00000
0.11000,0.24000,-3.20000,-0.64000,0.00000,-0.91000,-2.21000,-100.57000,-255.00000
0.11000,0.24000,-3.21000,-0.50000,0.00000,-0.91000,-2.21000,-101.21000,-255.00000
0.11000,0.24000,-3.22000,-0.54000,0.00000,-0.91000,-2.21000,-101.21000,-255.00000
0.11000,0.23000,-3.24000,-1.00000,0.00000,-0.91000,-2.21000,-104.34000,-255.00000
0.12000,0.23000,-3.27000,-1.66000,0.00000,-0.91000,-2.20000,-104.34000,-255.00000
0.12000,0.23000,-3.31000,-2.20000,0.00000,-0.90000,-2.18000,-89.70000,-255.00000
0.12000,0.23000,-3.35000,-2.39000,0.00000,-0.91000,-2.21000,-89.70000,-255.00000
0.12000,0.23000,-3.39000,-2.39000,0.00000,-0.91000,-2.21000,-74.37000,-255.00000
0.13000,0.23000,-3.43000,-2.16000,0.00000,-0.91000,-2.21000,-74.37000,-255.00000
0.13000,0.23000,-3.47000,-1.79000,0.00000,-0.91000,-2.21000,-68.88000,-255.00000
0.13000,0.23000,-3.49000,-1.37000,0.00000,-0.91000,-2.21000,-68.88000,-255.00000
0.13000,0.23000,-3.51000,-1.00000,0.00000,-0.90000,-2.20000,-73.16000,-255.00000
0.13000,0.23000,-3.52000,-0.81000,0.00000,-0.91000,-2.18000,-73.16000,-255.00000
0.13000,0.23000,-3.54000,-0.73000,0.00000,-0.90000,-2.17000,-78.75000,-255.00000
0.13000,0.23000,-3.55000,-0.83000,0.00000,-0.90000,-2.15000,-78.75000,-255.00000
0.13000,0.23000,-3.57000,-1.00000,0.00000,-0.89000,-2.12000,-78.85000,-255.00000
0.13000,0.23000,-3.59000,-0.95000,0.00000,-0.88000,-2.08000,-78.85000,-255.00000
0.14000,0.23000,-3.60000,-0.89000,0.00000,-0.84000,-2.02000,-76.62000,-255.00000
0.14000,0.23000,-3.62000,-0.83000,0.00000,-0.79000,-1.94000,-76.62000,-255.00000
0.14000,0.23000,-3.63000,-0.81000,0.00000,-0.72000,-1.84000,-75.98000,-255.00000
0.14000,0.23000,-3.65000,-0.83000,0.00000,-0.62000,-1.71000,-75.98000,-255.00000
0.14000,0.23000,-3.66000,-0.83000,0.00000,-0.48000,-1.54000,-71.73000,-255.00000
0.14000,0.23000,-3.68000,-0.73000,0.00000,-0.31000,-1.33000,-71.73000,-255.00000
0.14000,0.23000,-3.68000,-0.52000,0.00000,-0.13000,-1.15000,-66.00000,-255.00000
0.14000,0.23000,-3.69000,-0.15000,0.00000,-0.01000,-1.04000,-66.00000,-255.00000
0.14000,0.23000,-3.69000,0.00000,0.00000,0.02000,-1.01000,-68.88000,-255.00000
0.14000,0.23000,-3.69000,0.00000,0.00000,0.02000,-1.01000,-68.88000,-255.00000
0.14000,0.23000,-3.69000,0.00000,0.00000,0.02000,-1.01000,-70.08000,-255.00000
0.14000,0.23000,-3.69000,0.00000,0.00000,0.02000,-1.01000,-70.08000,-255.00000
0.14000,0.23000,-3.69000,0.00000,0.00000,0.02000,-1.01000,-69.98000,-255.00000
0.14000,0.23000,-3.69000,0.00000,0.00000,0.02000,-1.01000,-69.98000,-255.00000
0.14000,0.23000,-3.69000,0.00000,0.00000,0.02000,-1.01000,-69.87000,-255.00000
0.14000,0.23000,-3.69000,0.00000,0.00000,0.02000,-1.01000,-69.87000,-255.00000
0.14000,0.23000,-3.69000,-0.02000,0.00000,0.02000,-1.01000,-69.77000,-255.00000
0.14000,0.23000,-3.69000,0.00000,0.00000,0.02000,-1.00000,-69.77000,-255.00000
0.14000,0.23000,-3.69000,0.00000,0.00000,0.02000,-1.00000,-69.60000,-255.00000
0.14000,0.23000,-3.69000,0.00000,0.00000,0.02000,-1.00000,-69.60000,-255.00000
0.14000,0.23000,-3.69000,0.00000,0.00000,0.02000,-1.00000,-69.47000,-255.00000
0.14000,0.23000,-3.69000,-0.04000,0.00000,0.02000,-1.00000,-69.47000,-255.00000
0.14000,0.23000,-3.69000,0.00000,0.00000,0.03000,-0.99000,-68.59000,-255.00000
0.14000,0.23000,-3.69000,-0.02000,0.00000,0.03000,-0.99000,-68.59000,-255.00000
0.14000,0.23000,-3.69000,-0.02000,0.00000,0.03000,-0.99000,-68.41000,-255.00000
0.14000,0.23000,-3.69000,-0.04000,0.00000,0.04000,-0.99000,-68.41000,-255.00000
0.14000,0.23000,-3.69000,0.00000,0.00000,0.05000,-0.98000,-67.58000,-255.00000
0.14000,0.23000,-3.69000,0.00000,0.00000,0.05000,-0.98000,-67.58000,-255.00000
0.14000,0.23000,-3.69000,0.00000,0.00000,0.05000,-0.98000,-67.67000,-255.00000
0.14000,0.23000,-3.69000,0.00000,0.00000,0.05000,-0.98000,-67.67000,-255.00000
0.14000,0.23000,-3.69000,0.00000,0.00000,0.05000,-0.98000,-67.38000,-255.00000
0.14000,0.23000,-3.69000,0.00000,0.00000,0.05000,-0.98000,-67.38000,-255.00000
0.14000,0.23000,-3.69000,0.00000,0.00000,0.05000,-0.98000,-67.10000,-255.00000
0.14000,0.23000,-3.69000,0.00000,0.00000,0.05000,-0.98000,-67.10000,-255.00000
0.14000,0.23000,-3.69000,0.00000,0.00000,0.05000,-0.98000,-66.82000,-255.00000
0.14000,0.23000,-3.69000,0.00000,0.00000,0.05000,-0.98000,-66.82000,-255.00000
0.14000,0.23000,-3.69000,0.00000,0.00000,0.05000,-0.98000,-66.54000,-255.00000
0.14000,0.23000,-3.69000,0.00000,0.00000,0.05000,-0.98000,-66.54000,-255.00000
0.14000,0.23000,-3.69000,0.00000,0.00000,0.05000,-0.98000,-66.25000,-255.00000
0.14000,0.23000,-3.69000,0.00000,0.00000,0.05000,-0.98000,-66.25000,-255.00000
0.14000,0.23000,-3.69000,0.00000,0.00000,0.05000,-0.98000,-65.97000,-255.00000
0.14000,0.23000,-3.69000,0.00000,0.00000,0.05000,-0.98000,-65.97000,-255.00000
0.14000,0.23000,-3.69000,0.00000,0.00000,0.05000,-0.98000,-65.69000,-255.00000
0.14000,0.23000,-3.69000,0.00000,0.00000,0.05000,-0.98000,-65.69000,-255.00000
0.14000,0.23000,-3.69000,0.00000,0.00000,0.05000,-0.98000,-65.41000,-255.00000
0.14000,0.23000,-3.69000,0.00000,0.00000,0.05000,-0.98000,-65.41000,-255.00000
0.14000,0.23000,-3.69000,0.00000,0.00000,0.05000,-0.98000,-65.12000,-255.00000
0.14000,0.23000,-3.69000,0.00000,0.00000,0.05000,-0.98000,-65.12000,-255.00000
0.14000,0.23000,-3.69000,0.00000,0.00000,0.05000,-0.98000,-64.84000,-255.00000
0.14000,0.23000,-3.69000,0.00000,0.00000,0.05000,-0.98000,-64.84000,-255.00000
0.14000,0.23000,-3.69000,0.00000,0.00000,0.05000,-0.98000,-64.56000,-255.00000
0.14000,0.23000,-3.69000,0.00000,0.00000,0.05000,-0.98000,-64.56000,-255.00000
0.14000,0.23000,-3.69000,0.00000,0.00000,0.05000,-0.98000,-64.28000,-255.00000
0.14000,0.23000,-3.69000,0.00000,0.00000,0.05000,-0.98000,-64.28000,-255.00000
0.14000,0.23000,-3.69000,0.00000,0.00000,0.05000,-0.98000,-63.99000,-255.00000
0.14000,0.23000,-3.69000,0.00000,0.00000,0.05000,-0.98000,-63.99000,-255.00000
0.14000,0.23000,-3.69000,0.00000,0.00000,0.05000,-0.98000,-63.71000,-255.00000
0.14000,0.23000,-3.69000,0.00000,0.00000,0.05000,-0.98000,-63.71000,-255.00000
0.14000,0.23000,-3.69000,0.00000,0.00000,0.05000,-0.98000,-63.43000,-255.00000
0.14000,0.23000,-3.69000,0.00000,0.00000,0.05000,-0.98000,-63.43000,-255.00000
0.14000,0.23000,-3.69000,0.00000,0.00000,0.05000,-0.98000,-63.14000,-255.00000
0.14000,0.23000,-3.69000,0.00000,0.00000,0.05000,-0.98000,-63.14000,-255.00000
0.14000,0.23000,-3.69000,0.00000,0.00000,0.05000,-0.98000,-62.86000,-255.00000
0.14000,0.23000,-3.69000,0.00000,0.00000,0.05000,-0.98000,-62.86000,-255.00000
0.14000,0.23000,-3.69000,0.00000,0.00000,0.05000,-0.98000,-62.58000,-255.00000
0.14000,0.23000,-3.69000,0.00000,0.00000,0.05000,-0.98000,-62.58000,-255.00000
0.14000,0.23000,-3.69000,0.00000,0.00000,0.05000,-0.98000,-62.30000,-255.00000
0.14000,0.23000,-3.69000,0.00000,0.00000,0.05000,-0.98000,-62.30000,-255.00000
0.14000,0.23000,-3.69000,0.00000,0.00000,0.05000,-0.98000,-62.01000,-255.00000
0.14000,0.23000,-3.69000,0.00000,0.00000,0.05000,-0.98000,-62.01000,-255.00000
0.14000,0.23000,-3.69000,0.00000,0.00000,0.05000,-0.98000,-61.73000,-255.00000
0.14000,0.23000,-3.69000,0.00000,0.00000,0.05000,-0.98000,-61.73000,-255.00000
0.14000,0.23000,-3.69000,0.00000,0.00000,0.05000,-0.98000,-61.45000,-255.00000
0.14000,0.23000,-3.69000,0.00000,0.00000,0.05000,-0.98000,-61.45000,-255.00000
0.14000,0.23000,-3.69000,0.00000,0.00000,0.05000,-0.98000,-61.17000,-255.00000
0.14000,0.23000,-3.69000,0.00000,0.00000,0.05000,-0.98000,-61.17000,-255.00000
0.14000,0.23000,-3.69000,0.00000,0.00000,0.05000,-0.98000,-60.88000,-255.00000
0.14000,0.23000,-3.69000,0.00000,0.00000,0.05000,-0.98000,-60.88000,-255.00000
0.14000,0.23000,-3.69000,0.00000,0.00000,0.05000,-0.98000,-60.60000,-255.00000
0.14000,0.23000,-3.69000,0.00000,0.00000,0.05000,-0.98000,-60.60000,-255.00000
0.14000,0.23000,-3.69000,0.00000,0.00000,0.05000,-0.98000,-60.32000,-255.00000
0.14000,0.23000,-3.69000,0.00000,0.00000,0.05000,-0.98000,-60.32000,-255.00000
0.14000,0.23000,-3.69000,0.00000,0.00000,0.05000,-0.98000,-60.04000,-255.00000
0.14000,0.23000,-3.69000,0.00000,0.00000,0.05000,-0.98000,-60.04000,-255.00000
0.14000,0.23000,-3.69000,0.00000,0.00000,0.05000,-0.98000,-59.75000,-255.00000
0.14000,0.23000,-3.69000,0.00000,0.00000,0.05000,-0.98000,-59.75000,-255.00000
0.14000,0.23000,-3.69000,0.00000,0.00000,0.05000,-0.98000,-59.47000,-255.00000
0.14000,0.23000,-3.69000,0.00000,0.00000,0.05000,-0.98000,-59.47000,-255.00000
0.14000,0.23000,-3.69000,0.00000,0.00000,0.05000,-0.98000,-59.19000,-255.00000
0.14000,0.23000,-3.69000,0.00000,0.00000,0.05000,-0.98000,-59.19000,-255.00000
0.14000,0.23000,-3.69000,0.00000,0.00000,0.05000,-0.98000,-58.91000,-255.00000
0.14000,0.23000,-3.69000,0.00000,0.00000,0.05000,-0.98000,-58.91000,-255.00000
0.14000,0.23000,-3.69000,0.00000,0.00000,0.05000,-0.98000,-58.62000,-255.00000
0.14000,0.23000,-3.69000,0.00000,0.00000,0.05000,-0.98000,-58.62000,-255.00000
0.14000,0.23000,-3.69000,0.00000,0.00000,0.05000,-0.98000,-58.34000,-255.00000
0.14000,0.23000,-3.69000,0.00000,0.00000,0.05000,-0.98000,-58.34000,-255.00000
0.14000,0.23000,-3.69000,0.00000,0.00000,0.05000,-0.98000,-58.06000,-255.00000
0.14000,0.23000,-3.69000,0.00000,0.00000,0.05000,-0.98000,-58.06000,-255.00000
0.14000,0.23000,-3.69000,0.00000,0.00000,0.05000,-0.98000,-57.78000,-255.00000
0.14000,0.23000,-3.69000,0.00000,0.00000,0.05000,-0.98000,-57.78000,-255.00000
0.14000,0.23000,-3.69000,0.00000,0.00000,0.05000,-0.98000,-57.49000,-255.00000
0.14000,0.23000,-3.69000,0.00000,0.00000,0.05000,-0.98000,-57.49000,-255.00000
0.14000,0.23000,-3.69000,0.00000,0.00000,0.05000,-0.98000,-57.21000,-255.00000
0.14000,0.23000,-3.69000,0.00000,0.00000,0.05000,-0.98000,-57.21000,-255.00000
0.14000,0.23000,-3.69000,0.00000,0.00000,0.05000,-0.98000,-56.93000,-255.00000
0.14000,0.23000,-3.69000,0.00000,0.00000,0.05000,-0.98000,-56.93000,-255.00000
0.14000,0.23000,-3.69000,0.00000,0.00000,0.05000,-0.98000,-56.65000,-255.00000
0.14000,0.23000,-3.69000,0.00000,0.00000,0.05000,-0.98000,-56.65000,-255.00000
0.14000,0.23000,-3.69000,0.00000,0.00000,0.05000,-0.98000,-56.36000,-255.00000
0.14000,0.23000,-3.69000,0.00000,0.00000,0.05000,-0.98000,-56.36000,-255.00000
0.14000,0.23000,-3.69000,0.00000,0.00000,0.05000,-0.98000,-56.08000,-255.00000
0.14000,0.23000,-3.69000,0.00000,0.00000,0.05000,-0.98000,-56.08000,-255.00000
0.14000,0.23000,-3.69000,0.00000,0.00000,0.05000,-0.98000,-55.80000,-255.00000
0.14000,0.23000,-3.69000,0.00000,0.00000,0.05000,-0.98000,-55.80000,-255.00000
0.14000,0.23000,-3.69000,0.00000,0.00000,0.05000,-0.98000,-55.52000,-255.00000
0.14000,0.23000,-3.69000,0.00000,0.00000,0.05000,-0.98000,-55.52000,-255.00000
0.14000,0.23000,-3.69000,0.00000,0.00000,0.05000,-0.98000,-55.23000,-255.00000
0.14000,0.23000,-3.69000,0.00000,0.00000,0.05000,-0.98000,-55.23000,-255.00000
0.14000,0.23000,-3.69000,0.00000,0.00000,0.05000,-0.98000,-54.95000,-255.00000
0.14000,0.23000,-3.69000,0.00000,0.00000,0.05000,-0.98000,-54.95000,-255.00000
0.14000,0.23000,-3.69000,0.00000,0.00000,0.05000,-0.98000,-54.67000,-255.00000
0.14000,0.23000,-3.69000,0.00000,0.00000,0.05000,-0.98000,-54.67000,-255.00000
0.14000,0.23000,-3.69000,0.00000,0.00000,0.05000,-0.98000,-54.38000,-255.00000
0.14000,0.23000,-3.69000,0.00000,0.00000,0.05000,-0.98000,-54.38000,-255.00000
0.14000,0.23000,-3.69000,0.00000,0.00000,0.05000,-0.98000,-54.10000,-255.00000
0.14000,0.23000,-3.69000,0.00000,0.00000,0.05000,-0.98000,-54.10000,-255.00000
0.14000,0.23000,-3.69000,0.00000,0.00000,0.05000,-0.98000,-53.82000,-255.00000
0.14000,0.23000,-3.69000,0.00000,0.00000,0.05000,-0.98000,-53.82000,-255.00000
0.14000,0.23000,-3.69000,0.00000,0.00000,0.05000,-0.98000,-53.54000,-255.00000
0.14000,0.23000,-3.69000,0.00000,0.00000,0.05000,-0.98000,-53.54000,-255.00000
0.14000,0.23000,-3.69000,0.00000,0.00000,0.05000,-0.98000,-53.25000,-255.00000
0.14000,0.23000,-3.69000,0.00000,0.00000,0.05000,-0.98000,-53.25000,-255.00000
0.14000,0.23000,-3.69000,0.00000,0.00000,0.05000,-0.98000,-52.97000,-255.00000
0.14000,0.23000,-3.69000,0.00000,0.00000,0.05000,-0.98000,-52.97000,-255.00000
0.14000,0.23000,-3.69000,0.00000,0.00000,0.05000,-0.98000,-52.69000,-255.00000
0.14000,0.23000,-3.69000,0.00000,0.00000,0.05000,-0.98000,-52.69000,-255.00000
0.14000,0.23000,-3.69000,0.00000,0.00000,0.05000,-0.98000,-52.41000,-255.00000
0.14000,0.23000,-3.69000,0.00000,0.00000,0.05000,-0.98000,-52.41000,-255.00000
0.14000,0.23000,-3.69000,0.00000,0.00000,0.05000,-0.98000,-52.12000,-255.00000
0.14000,0.23000,-3.69000,0.00000,0.00000,0.05000,-0.98000,-52.12000,-255.00000
0.14000,0.23000,-3.69000,0.00000,0.00000,0.05000,-0.98000,-51.84000,-255.00000
0.14000,0.23000,-3.69000,0.00000,0.00000,0.05000,-0.98000,-51.84000,-255.00000
0.14000,0.23000,-3.69000,0.00000,0.00000,0.05000,-0.98000,-51.56000,-255.00000
0.14000,0.23000,-3.69000,0.00000,0.00000,0.05000,-0.98000,-51.56000,-255.00000
0.14000,0.23000,-3.69000,0.00000,0.00000,0.05000,-0.98000,-51.28000,-255.00000
0.14000,0.23000,-3.69000,0.00000,0.00000,0.05000,-0.98000,-51.28000,-255.00000
0.14000,0.23000,-3.69000,0.00000,0.00000,0.05000,-0.98000,-50.99000,-255.00000
0.14000,0.23000,-3.69000,0.00000,0.00000,0.05000,-0.98000,-50.99000,-255.00000
0.14000,0.23000,-3.69000,0.00000,0.00000,0.05000,-0.98000,-50.71000,-255.00000
0.14000,0.23000,-3.69000,0.00000,0.00000,0.05000,-0.98000,-50.71000,-255.00000
0.14000,0.23000,-3.69000,0.00000,0.00000,0.05000,-0.98000,-50.43000,-255.00000
0.14000,0.23000,-3.69000,0.00000,0.00000,0.05000,-0.98000,-50.43000,-255.00000
0.14000,0.23000,-3.69000,0.00000,0.00000,0.05000,-0.98000,-50.15000,-255.00000
0.14000,0.23000,-3.69000,0.00000,0.00000,0.05000,-0.98000,-50.15000,-255.00000
0.14000,0.23000,-3.69000,0.00000,0.00000,0.05000,-0.98000,-49.86000,-255.00000
0.14000,0.23000,-3.69000,0.00000,0.00000,0.05000,-0.98000,-49.86000,-255.00000
0.14000,0.23000,-3.69000,0.00000,0.00000,0.05000,-0.98000,-49.58000,-255.00000
0.14000,0.23000,-3.69000,0.00000,0.00000,0.05000,-0.98000,-49.58000,-255.00000
0.14000,0.23000,-3.69000,0.00000,0.00000,0.05000,-0.98000,-49.30000,-255.00000
0.14000,0.23000,-3.69000,0.00000,0.00000,0.05000,-0.98000,-49.30000,-255.00000
0.14000,0.23000,-3.69000,0.00000,0.00000,0.05000,-0.98000,-49.02000,-255.00000
0.14000,0.23000,-3.69000,0.00000,0.00000,0.05000,-0.98000,-49.02000,-255.00000
0.14000,0.23000,-3.69000,0.00000,0.00000,0.05000,-0.98000,-48.73000,-255.00000
0.14000,0.23000,-3.69000,0.00000,0.00000,0.05000,-0.98000,-48.73000,-255.00000
0.14000,0.23000,-3.69000,0.00000,0.00000,0.05000,-0.98000,-48.45000,-255.00000
0.14000,0.23000,-3.69000,0.00000,0.00000,0.05000,-0.98000,-48.45000,-255.00000
0.14000,0.23000,-3.69000,0.00000,0.00000,0.05000,-0.98000,-48.17000,-255.00000
0.14000,0.23000,-3.69000,0.00000,0.00000,0.05000,-0.98000,-48.17000,-255.00000
0.14000,0.23000,-3.69000,0.00000,0.00000,0.05000,-0.98000,-47.89000,-255.00000
0.14000,0.23000,-3.69000,0.00000,0.00000,0.05000,-0.98000,-47.89000,-255.00000
0.14000,0.23000,-3.69000,0.00000,0.00000,0.05000,-0.98000,-47.60000,-255.00000
0.14000,0.23000,-3.69000,0.00000,0.00000,0.05000,-0.98000,-47.60000,-255.00000
0.14000,0.23000,-3.69000,0.00000,0.00000,0.05000,-0.98000,-47.32000,-255.00000
0.14000,0.23000,-3.69000,0.00000,0.00000,0.05000,-0.98000,-47.32000,-255.00000
0.14000,0.23000,-3.69000,0.00000,0.00000,0.05000,-0.98000,-47.04000,-255.00000
0.14000,0.23000,-3.69000,0.00000,0.00000,0.05000,-0.98000,-47.04000,-255.00000
0.14000,0.23000,-3.69000,0.00000,0.00000,0.05000,-0.98000,-46.75000,-255.00000
0.14000,0.23000,-3.69000,0.00000,0.00000,0.05000,-0.98000,-46.75000,-255.00000
0.14000,0.23000,-3.69000,0.00000,0.00000,0.05000,-0.98000,-46.47000,-255.00000
0.14000,0.23000,-3.69000,0.00000,0.00000,0.05000,-0.98000,-46.47000,-255.00000
0.14000,0.23000,-3.69000,0.00000,0.00000,0.05000,-0.98000,-46.19000,-255.00000
0.14000,0.23000,-3.69000,0.00000,0.00000,0.05000,-0.98000,-46.19000,-255.00000
0.14000,0.23000,-3.69000,0.00000,0.00000,0.05000,-0.98000,-45.91000,-255.00000
0.14000,0.23000,-3.69000,0.00000,0.00000,0.05000,-0.98000,-45.91000,-255.00000
0.14000,0.23000,-3.69000,0.00000,0.00000,0.05000,-0.98000,-45.62000,-255.00000
0.14000,0.23000,-3.69000,0.00000,0.00000,0.05000,-0.98000,-45.62000,-255.00000
0.14000,0.23000,-3.69000,0.00000,0.00000,0.05000,-0.98000,-45.34000,-255.00000
0.14000,0.23000,-3.69000,0.00000,0.00000,0.05000,-0.98000,-45.34000,-255.00000
0.14000,0.23000,-3.69000,0.00000,0.00000,0.05000,-0.98000,-45.06000,-255.00000
0.14000,0.23000,-3.69000,0.00000,0.00000,0.05000,-0.98000,-45.06000,-255.00000
0.14000,0.23000,-3.69000,0.00000,0.00000,0.05000,-0.98000,-44.78000,-255.00000
0.14000,0.23000,-3.69000,0.00000,0.00000,0.05000,-0.98000,-44.78000,-255.00000
0.14000,0.23000,-3.69000,0.00000,0.00000,0.05000,-0.98000,-44.49000,-255.00000
0.14000,0.23000,-3.69000,0.00000,0.00000,0.05000,-0.98000,-44.49000,-255.00000
0.14000,0.23000,-3.69000,0.00000,0.00000,0.05000,-0.98000,-44.21000,-255.00000
0.14000,0.23000,-3.69000,0.00000,0.00000,0.05000,-0.98000,-44.21000,-255.00000
0.14000,0.23000,-3.69000,0.00000,0.00000,0.05000,-0.98000,-43.93000,-255.00000
0.14000,0.23000,-3.69000,0.00000,0.00000,0.05000,-0.98000,-43.93000,-255.00000
0.14000,0.23000,-3.69000,0.00000,0.00000,0.05000,-0.98000,-43.65000,-255.00000
0.14000,0.23000,-3.69000,0.00000,0.00000,0.05000,-0.98000,-43.65000,-255.00000
0.14000,0.23000,-3.69000,0.00000,0.00000,0.05000,-0.98000,-43.36000,-255.00000
0.14000,0.23000,-3.69000,0.00000,0.00000,0.05000,-0.98000,-43.36000,-255.00000
0.14000,0.23000,-3.69000,0.00000,0.00000,0.05000,-0.98000,-43.08000,-255.00000
0.14000,0.23000,-3.69000,0.00000,0.00000,0.05000,-0.98000,-43.08000,-255.00000
0.14000,0.23000,-3.69000,0.00000,0.00000,0.05000,-0.98000,-42.80000,-255.00000
0.14000,0.23000,-3.69000,0.00000,0.00000,0.05000,-0.98000,-42.80000,-255.00000
0.14000,0.23000,-3.69000,0.00000,0.00000,0.05000,-0.98000,-42.52000,-255.00000
0.14000,0.23000,-3.69000,0.00000,0.00000,0.05000,-0.98000,-42.52000,-255.00000
0.14000,0.23000,-3.69000,0.00000,0.00000,0.05000,-0.98000,-42.23000,-255.00000
0.14000,0.23000,-3.69000,0.00000,0.00000,0.05000,-0.98000,-42.23000,-255.00000
0.14000,0.23000,-3.69000,0.00000,0.00000,0.05000,-0.98000,-41.95000,-255.00000
0.14000,0.23000,-3.69000,0.00000,0.00000,0.05000,-0.98000,-41.95000,-255.00000
0.14000,0.23000,-3.69000,0.00000,0.00000,0.05000,-0.98000,-41.67000,-255.00000
0.14000,0.23000,-3.69000,0.00000,0.00000,0.05000,-0.98000,-41.67000,-255.00000
0.14000,0.23000,-3.69000,0.00000,0.00000,0.05000,-0.98000,-41.39000,-255.00000
0.14000,0.23000,-3.69000,0.00000,0.00000,0.05000,-0.98000,-41.39000,-255.00000
0.14000,0.23000,-3.69000,0.00000,0.00000,0.05000,-0.98000,-41.10000,-255.00000
0.14000,0.23000,-3.69000,0.00000,0.00000,0.05000,-0.98000,-41.10000,-255.00000
0.14000,0.23000,-3.69000,0.00000,0.00000,0.05000,-0.98000,-40.82000,-255.00000
0.14000,0.23000,-3.69000,0.00000,0.00000,0.05000,-0.98000,-40.82000,-255.00000
0.14000,0.23000,-3.69000,0.00000,0.00000,0.05000,-0.98000,-40.54000,-255.00000
0.14000,0.23000,-3.69000,0.00000,0.00000,0.05000,-0.98000,-40.54000,-255.00000
0.14000,0.23000,-3.69000,0.00000,0.00000,0.05000,-0.98000,-40.26000,-255.00000
0.14000,0.23000,-3.69000,0.00000,0.00000,0.05000,-0.98000,-40.26000,-255.00000
0.14000,0.23000,-3.69000,0.00000,0.00000,0.05000,-0.98000,-39.97000,-255.00000
0.14000,0.23000,-3.69000,0.00000,0.00000,0.05000,-0.98000,-39.97000,-255.00000
0.14000,0.23000,-3.69000,0.00000,0.00000,0.05000,-0.98000,-39.69000,-255.00000
0.14000,0.23000,-3.69000,0.00000,0.00000,0.05000,-0.98000,-39.69000,-255.00000
0.14000,0.23000,-3.69000,0.00000,0.00000,0.05000,-0.98000,-39.41000,-255.00000
0.14000,0.23000,-3.69000,0.00000,0.00000,0.05000,-0.98000,-39.41000,-255.00000
0.14000,0.23000,-3.69000,0.00000,0.00000,0.05000,-0.98000,-39.12000,-255.00000
0.14000,0.23000,-3.69000,0.00000,0.00000,0.05000,-0.98000,-39.12000,-255.00000
0.14000,0.23000,-3.69000,0.00000,0.00000,0.05000,-0.98000,-38.84000,-255.00000
0.14000,0.23000,-3.69000,0.00000,0.00000,0.05000,-0.98000,-38.84000,-255.00000
0.14000,0.23000,-3.69000,0.00000,0.00000,0.05000,-0.98000,-38.56000,-255.00000
0.14000,0.23000,-3.69000,0.00000,0.00000,0.05000,-0.98000,-38.56000,-255.00000
0.14000,0.23000,-3.69000,0.00000,0.00000,0.05000,-0.98000,-38.28000,-255.00000
0.14000,0.23000,-3.69000,0.00000,0.00000,0.05000,-0.98000,-38.28000,-255.00000
0.14000,0.23000,-3.69000,0.00000,0.00000,0.05000,-0.98000,-37.99000,-255.00000
0.14000,0.23000,-3.69000,0.00000,0.00000,0.05000,-0.98000,-37.99000,-255.00000
0.14000,0.23000,-3.69000,0.00000,0.00000,0.05000,-0.98000,-37.71000,-255.00000
0.14000,0.23000,-3.69000,0.00000,0.00000,0.05000,-0.98000,-37.71000,-255.00000
0.14000,0.23000,-3.69000,0.00000,0.00000,0.05000,-0.98000,-37.43000,-255.00000
0.14000,0.23000,-3.69000,0.00000,0.00000,0.05000,-0.98000,-37.43000,-255.00000
0.14000,0.23000,-3.69000,0.00000,0.00000,0.05000,-0.98000,-37.15000,-255.00000
0.14000,0.23000,-3.69000,0.00000,0.00000,0.05000,-0.98000,-37.15000,-255.00000
0.14000,0.23000,-3.69000,0.00000,0.00000,0.05000,-0.98000,-36.86000,-255.00000
0.14000,0.23000,-3.69000,0.00000,0.00000,0.05000,-0.98000,-36.86000,-255.00000
0.14000,0.23000,-3.69000,0.00000,0.00000,0.05000,-0.98000,-36.58000,-255.00000
0.14000,0.23000,-3.69000,0.00000,0.00000,0.05000,-0.98000,-36.58000,-255.00000
0.14000,0.23000,-3.69000,0.00000,0.00000,0.05000,-0.98000,-36.30000,-255.00000
0.14000,0.23000,-3.69000,0.00000,0.00000,0.05000,-0.98000,-36.30000,-255.00000
0.14000,0.23000,-3.69000,0.00000,0.00000,0.05000,-0.98000,-36.02000,-255.00000
0.14000,0.23000,-3.69000,0.00000,0.00000,0.05000,-0.98000,-36.02000,-255.00000
0.14000,0.23000,-3.69000,0.00000,0.00000,0.05000,-0.98000,-35.73000,-255.00000
0.14000,0.23000,-3.69000,0.00000,0.00000,0.05000,-0.98000,-35.73000,-255.00000
0.14000,0.23000,-3.69000,0.00000,0.00000,0.05000,-0.98000,-35.45000,-255.00000
0.14000,0.23000,-3.69000,0.00000,0.00000,0.05000,-0.98000,-35.45000,-255.00000
0.14000,0.23000,-3.69000,0.00000,0.00000,0.05000,-0.98000,-35.17000,-255.00000
0.14000,0.23000,-3.69000,0.00000,0.00000,0.05000,-0.98000,-35.17000,-255.00000
0.14000,0.23000,-3.69000,0.00000,0.00000,0.05000,-0.98000,-34.89000,-255.00000
0.14000,0.23000,-3.69000,0.00000,0.00000,0.05000,-0.98000,-34.89000,-255.00000
0.14000,0.23000,-3.69000,0.00000,0.00000,0.05000,-0.98000,-34.60000,-255.00000
0.14000,0.23000,-3.69000,0.00000,0.00000,0.05000,-0.98000,-34.60000,-255.00000
0.14000,0.23000,-3.69000,0.00000,0.00000,0.05000,-0.98000,-34.32000,-255.00000
0.14000,0.23000,-3.69000,0.00000,0.00000,0.05000,-0.98000,-34.32000,-255.00000
0.14000,0.23000,-3.69000,0.00000,0.00000,0.05000,-0.98000,-34.04000,-255.00000
0.14000,0.23000,-3.69000,0.00000,0.00000,0.05000,-0.98000,-34.04000,-255.00000
0.14000,0.23000,-3.69000,0.00000,0.00000,0.05000,-0.98000,-33.76000,-255.00000
0.14000,0.23000,-3.69000,0.00000,0.00000,0.05000,-0.98000,-33.76000,-255.00000
0.14000,0.23000,-3.69000,0.00000,0.00000,0.05000,-0.98000,-33.47000,-255.00000
0.14000,0.23000,-3.69000,0.00000,0.00000,0.05000,-0.98000,-33.47000,-255.00000
0.14000,0.23000,-3.69000,0.00000,0.00000,0.05000,-0.98000,-33.19000,-255.00000
0.14000,0.23000,-3.69000,0.00000,0.00000,0.05000,-0.98000,-33.19000,-255.00000
0.14000,0.23000,-3.69000,0.00000,0.00000,0.05000,-0.98000,-32.91000,-255.00000
0.14000,0.23000,-3.69000,0.00000,0.00000,0.05000,-0.98000,-32.91000,-255.00000
0.14000,0.23000,-3.69000,0.00000,0.00000,0.05000,-0.98000,-32.63000,-255.00000
0.14000,0.23000,-3.69000,0.00000,0.00000,0.05000,-0.98000,-32.63000,-255.00000
0.14000,0.23000,-3.69000,0.00000,0.00000,0.05000,-0.98000,-32.34000,-255.00000
0.14000,0.23000,-3.69000,0.00000,0.00000,0.05000,-0.98000,-32.34000,-255.00000
0.14000,0.23000,-3.69000,0.00000,0.00000,0.05000,-0.98000,-32.06000,-255.00000
0.14000,0.23000,-3.69000,0.00000,0.00000,0.05000,-0.98000,-32.06000,-255.00000
0.14000,0.23000,-3.69000,0.00000,0.00000,0.05000,-0.98000,-31.78000,-255.00000
0.14000,0.23000,-3.69000,0.00000,0.00000,0.05000,-0.98000,-31.78000,-255.00000
0.14000,0.23000,-3.69000,0.00000,0.00000,0.05000,-0.98000,-31.49000,-255.00000
0.14000,0.23000,-3.69000,0.00000,0.00000,0.05000,-0.98000,-31.49000,-255.00000
0.14000,0.23000,-3.69000,0.00000,0.00000,0.05000,-0.98000,-31.21000,-255.00000
0.14000,0.23000,-3.69000,0.00000,0.00000,0.05000,-0.98000,-31.21000,-255.00000
0.14000,0.23000,-3.69000,0.00000,0.00000,0.05000,-0.98000,-30.93000,-255.00000
0.14000,0.23000,-3.69000,0.00000,0.00000,0.05000,-0.98000,-30.93000,-255.00000
0.14000,0.23000,-3.69000,0.00000,0.00000,0.05000,-0.98000,-30.65000,-255.00000
0.14000,0.23000,-3.69000,0.00000,0.00000,0.05000,-0.98000,-30.65000,-255.00000
0.14000,0.23000,-3.69000,0.00000,0.00000,0.05000,-0.98000,-30.36000,-255.00000
0.14000,0.23000,-3.69000,0.00000,0.00000,0.05000,-0.98000,-30.36000,-255.00000
0.14000,0.23000,-3.69000,0.00000,0.00000,0.05000,-0.98000,-30.08000,-255.00000
0.14000,0.23000,-3.69000,0.00000,0.00000,0.05000,-0.98000,-30.08000,-255.00000
0.14000,0.23000,-3.69000,0.00000,0.00000,0.05000,-0.98000,-29.80000,-255.00000
0.14000,0.23000,-3.69000,0.00000,0.00000,0.05000,-0.98000,-29.80000,-255.00000
0.14000,0.23000,-3.69000,0.00000,0.00000,0.05000,-0.98000,-29.52000,-255.00000
0.14000,0.23000,-3.69000,0.00000,0.00000,0.05000,-0.98000,-29.52000,-255.00000
0.14000,0.23000,-3.69000,0.00000,0.00000,0.05000,-0.98000,-29.23000,-255.00000
0.14000,0.23000,-3.69000,0.00000,0.00000,0.05000,-0.98000,-29.23000,-255.00000
0.14000,0.23000,-3.69000,0.00000,0.00000,0.05000,-0.98000,-28.95000,-255.00000
0.14000,0.23000,-3.69000,0.00000,0.00000,0.05000,-0.98000,-28.95000,-255.00000
0.14000,0.23000,-3.69000,0.00000,0.00000,0.05000,-0.98000,-28.67000,-255.00000
0.14000,0.23000,-3.69000,0.00000,0.00000,0.05000,-0.98000,-28.67000,-255.00000
0.14000,0.23000,-3.69000,0.00000,0.00000,0.05000,-0.98000,-28.39000,-255.00000
0.14000,0.23000,-3.69000,0.00000,0.00000,0.05000,-0.98000,-28.39000,-255.00000
0.14000,0.23000,-3.69000,0.00000,0.00000,0.05000,-0.98000,-28.10000,-255.00000
0.14000,0.23000,-3.69000,0.00000,0.00000,0.05000,-0.98000,-28.10000,-255.00000
0.14000,0.23000,-3.69000,0.00000,0.00000,0.05000,-0.98000,-27.82000,-255.00000
0.14000,0.23000,-3.69000,0.00000,0.00000,0.05000,-0.98000,-27.82000,-255.00000
0.14000,0.23000,-3.69000,0.00000,0.00000,0.05000,-0.98000,-27.54000,-255.00000
0.14000,0.23000,-3.69000,0.00000,0.00000,0.05000,-0.98000,-27.54000,-255.00000
0.14000,0.23000,-3.69000,0.00000,0.00000,0.05000,-0.98000,-27.26000,-255.00000
0.14000,0.23000,-3.69000,0.00000,0.00000,0.05000,-0.98000,-27.26000,-255.00000
0.14000,0.23000,-3.69000,0.00000,0.00000,0.05000,-0.98000,-26.97000,-255.00000
0.14000,0.23000,-3.69000,0.00000,0.00000,0.05000,-0.98000,-26.97000,-255.00000
0.14000,0.23000,-3.69000,0.00000,0.00000,0.05000,-0.98000,-26.69000,-255.00000
0.14000,0.23000,-3.69000,0.00000,0.00000,0.05000,-0.98000,-26.69000,-255.00000
0.14000,0.23000,-3.69000,0.00000,0.00000,0.05000,-0.98000,-26.41000,-255.00000
0.14000,0.23000,-3.69000,0.00000,0.00000,0.05000,-0.98000,-26.41000,-255.00000
0.14000,0.23000,-3.69000,0.00000,0.00000,0.05000,-0.98000,-26.13000,-255.00000
0.14000,0.23000,-3.69000,0.00000,0.00000,0.05000,-0.98000,-26.13000,-255.00000
0.14000,0.23000,-3.69000,0.00000,0.00000,0.05000,-0.98000,-25.84000,-255.00000
0.14000,0.23000,-3.69000,0.00000,0.00000,0.05000,-0.98000,-25.84000,-255.00000
0.14000,0.23000,-3.69000,0.00000,0.00000,0.05000,-0.98000,-25.56000,-255.00000
0.14000,0.23000,-3.69000,0.00000,0.00000,0.05000,-0.98000,-25.56000,-255.00000
0.14000,0.23000,-3.69000,0.00000,0.00000,0.05000,-0.98000,-25.28000,-255.00000
0.14000,0.23000,-3.69000,0.00000,0.00000,0.05000,-0.98000,-25.28000,-255.00000
0.14000,0.23000,-3.69000,0.00000,-0.08000,0.05000,-0.98000,-25.00000,-255.00000
0.14000,0.23000,-3.65000,0.00000,-2.28000,0.05000,-0.98000,-25.00000,-255.00000
0.15000,0.22000,-3.59000,0.00000,-2.95000,0.09000,-0.94000,-24.09000,-234.85000
0.15000,0.22000,-3.54000,0.00000,-2.88000,0.15000,-0.88000,-24.09000,-234.85000
0.15000,0.22000,-3.49000,0.00000,-2.72000,0.22000,-0.82000,-21.66000,-215.96000
0.15000,0.22000,-3.45000,0.00000,-2.39000,0.28000,-0.76000,-21.66000,-215.96000
0.16000,0.22000,-3.41000,0.00000,-2.30000,0.33000,-0.71000,-18.64000,-209.37000
0.16000,0.22000,-3.37000,0.00000,-2.26000,0.37000,-0.66000,-18.64000,-209.37000
0.16000,0.22000,-3.33000,0.00000,-2.05000,0.41000,-0.62000,-15.47000,-199.89000
0.16000,0.22000,-3.29000,0.00000,-2.03000,0.43000,-0.59000,-15.47000,-199.89000
0.17000,0.22000,-3.26000,0.00000,-1.95000,0.45000,-0.56000,-12.45000,-192.48000
0.17000,0.22000,-3.22000,0.00000,-1.93000,0.45000,-0.52000,-12.45000,-192.48000
0.17000,0.22000,-3.19000,0.00000,-1.66000,0.44000,-0.49000,-9.90000,-184.17000
0.17000,0.22000,-3.16000,0.00000,-1.91000,0.42000,-0.46000,-9.90000,-184.17000
0.17000,0.22000,-3.12000,0.00000,-2.03000,0.39000,-0.41000,-8.04000,-174.63000
0.18000,0.22000,-3.09000,0.00000,-1.85000,0.34000,-0.35000,-8.04000,-174.63000
0.18000,0.22000,-3.05000,0.00000,-1.89000,-0.95000,-2.17000,-25.76000,-193.05000
0.18000,0.22000,-3.02000,0.00000,-1.99000,-0.96000,-2.17000,-25.76000,-193.05000
0.18000,0.22000,-2.98000,0.00000,-2.10000,-0.97000,-2.15000,-31.77000,-192.52000
0.18000,0.22000,-2.94000,0.00000,-2.16000,-0.98000,-2.14000,-31.77000,-192.52000
0.19000,0.22000,-2.90000,0.00000,-2.24000,-1.00000,-2.13000,-37.98000,-190.60000
0.19000,0.22000,-2.86000,0.00000,-2.24000,-1.01000,-2.12000,-37.98000,-190.60000
0.19000,0.22000,-2.82000,0.00000,-2.16000,-1.05000,-2.11000,-44.69000,-188.87000
0.19000,0.22000,-2.78000,0.00000,-2.18000,-3.16000,-3.19000,-44.69000,-188.87000
0.20000,0.22000,-2.74000,0.00000,-2.05000,-2.27000,-1.73000,-69.40000,-183.34000
0.20000,0.22000,-2.71000,0.00000,-1.87000,-2.11000,-1.01000,-69.40000,-183.34000
0.20000,0.22000,-2.68000,-0.02000,-1.85000,-2.17000,-0.90000,-81.42000,-172.90000
0.20000,0.22000,-2.65000,0.00000,-1.70000,-2.12000,-0.89000,-81.42000,-172.90000
0.20000,0.22000,-2.62000,-0.02000,-1.56000,-2.04000,-0.86000,-92.57000,-168.93000
0.21000,0.23000,-2.60000,-0.50000,-1.56000,-1.93000,-0.79000,-92.57000,-168.93000
0.21000,0.23000,-2.60000,-1.64000,-1.47000,-1.76000,-0.66000,-93.13000,-163.09000
0.21000,0.23000,-2.62000,-2.43000,-1.49000,-1.56000,-0.50000,-93.13000,-163.09000
0.22000,0.23000,-2.65000,-2.90000,-1.49000,-1.30000,-0.28000,-64.79000,-152.99000
0.22000,0.23000,-2.67000,-2.76000,-1.45000,-1.05000,-0.02000,-64.79000,-152.99000
0.22000,0.24000,-2.69000,-2.30000,-1.33000,-0.84000,0.19000,-46.21000,-139.23000
0.23000,0.24000,-2.69000,-1.60000,-1.27000,-0.70000,0.34000,-46.21000,-139.23000
0.23000,0.24000,-2.69000,-0.98000,-1.20000,-0.62000,0.41000,-48.74000,-128.81000
0.23000,0.24000,-2.68000,-0.71000,-1.02000,-0.55000,0.45000,-48.74000,-128.81000
0.23000,0.24000,-2.68000,-0.62000,-0.83000,-0.51000,0.44000,-54.61000,-122.02000
0.23000,0.24000,-2.68000,-0.60000,-0.69000,-0.46000,0.43000,-54.61000,-122.02000
0.24000,0.24000,-2.68000,-0.73000,-0.66000,-0.43000,0.40000,-53.73000,-118.91000
0.24000,0.24000,-2.69000,-0.85000,0.00000,-0.38000,0.36000,-53.73000,-118.91000
0.24000,0.24000,-2.71000,-0.85000,0.00000,-0.38000,0.36000,-48.21000,-123.25000
0.24000,0.24000,-2.72000,-0.56000,0.00000,-0.37000,0.36000,-48.21000,-123.25000
0.24000,0.24000,-2.73000,-0.48000,0.00000,-0.37000,0.35000,-49.60000,-121.19000
0.24000,0.24000,-2.74000,-0.46000,0.00000,-0.37000,0.35000,-49.60000,-121.19000
0.24000,0.24000,-2.74000,-0.37000,0.00000,-0.36000,0.35000,-49.92000,-119.15000
0.24000,0.24000,-2.75000,-0.27000,0.00000,-0.36000,0.35000,-49.92000,-119.15000
0.24000,0.24000,-2.75000,-0.37000,0.00000,-0.36000,0.35000,-52.11000,-117.11000
0.24000,0.24000,-2.76000,-0.44000,0.00000,-0.36000,0.34000,-52.11000,-117.11000
0.24000,0.24000,-2.77000,-0.37000,0.00000,-0.35000,0.34000,-50.07000,-115.10000
0.24000,0.24000,-2.78000,-0.46000,0.00000,-0.35000,0.34000,-50.07000,-115.10000
0.24000,0.24000,-2.79000,-0.50000,0.00000,-0.35000,0.34000,-49.18000,-113.13000
0.24000,0.24000,-2.79000,-0.42000,0.00000,-0.34000,0.33000,-49.18000,-113.13000
0.24000,0.24000,-2.80000,-0.29000,0.00000,-0.34000,0.33000,-49.06000,-111.21000
0.24000,0.24000,-2.81000,-0.37000,0.00000,-0.34000,0.33000,-49.06000,-111.21000
0.24000,0.24000,-2.81000,-0.42000,0.00000,-0.34000,0.33000,-49.17000,-109.29000
0.24000,0.24000,-2.82000,-0.17000,0.00000,-0.33000,0.32000,-49.17000,-109.29000
0.24000,0.25000,-2.82000,-0.21000,0.00000,-0.33000,0.32000,-52.00000,-107.39000
0.24000,0.25000,-2.83000,-0.42000,0.00000,-0.33000,0.32000,-52.00000,-107.39000
0.24000,0.25000,-2.84000,-0.42000,0.00000,-0.33000,0.32000,-49.19000,-105.53000
0.24000,0.25000,-2.84000,-0.33000,0.00000,-0.32000,0.31000,-49.19000,-105.53000
0.25000,0.25000,-2.85000,-0.42000,0.00000,-0.32000,0.31000,-49.82000,-103.70000
0.25000,0.25000,-2.86000,-0.42000,0.00000,-0.32000,0.31000,-49.82000,-103.70000
0.25000,0.25000,-2.86000,-0.33000,0.00000,-0.32000,0.31000,-48.42000,-101.92000
0.25000,0.25000,-2.87000,-0.29000,0.00000,-0.31000,0.30000,-48.42000,-101.92000
0.25000,0.25000,-2.87000,-0.33000,0.00000,-0.31000,0.30000,-49.61000,-100.15000
0.25000,0.25000,-2.88000,-0.35000,0.00000,-0.31000,0.30000,-49.61000,-100.15000
0.25000,0.25000,-2.88000,-0.27000,0.00000,-0.30000,0.30000,-48.71000,-98.42000
0.25000,0.25000,-2.89000,-0.29000,0.00000,-0.30000,0.29000,-48.71000,-98.42000
0.25000,0.25000,-2.90000,-0.31000,0.00000,-0.30000,0.29000,-49.29000,-96.71000
0.25000,0.25000,-2.90000,-0.29000,0.00000,-0.30000,0.29000,-49.29000,-96.71000
0.25000,0.25000,-2.91000,-0.31000,0.00000,-0.29000,0.29000,-49.27000,-95.03000
0.25000,0.25000,-2.91000,-0.37000,0.00000,-0.29000,0.28000,-49.27000,-95.03000
0.25000,0.25000,-2.92000,-0.42000,0.00000,-0.29000,0.28000,-47.95000,-93.39000
0.25000,0.25000,-2.93000,-0.27000,0.00000,-0.29000,0.28000,-47.95000,-93.39000
0.25000,0.25000,-2.93000,-0.27000,0.00000,-0.28000,0.28000,-48.91000,-91.79000
0.25000,0.25000,-2.94000,-0.33000,0.00000,-0.28000,0.27000,-48.91000,-91.79000
0.25000,0.25000,-2.94000,-0.27000,0.00000,-0.28000,0.27000,-47.97000,-90.21000
0.25000,0.25000,-2.94000,-0.17000,0.00000,-0.27000,0.27000,-47.97000,-90.21000
0.25000,0.25000,-2.95000,-0.27000,0.00000,-0.27000,0.27000,-50.07000,-88.64000
0.25000,0.25000,-2.96000,-0.37000,0.00000,-0.27000,0.26000,-50.07000,-88.64000
0.25000,0.25000,-2.96000,-0.33000,0.00000,-0.27000,0.26000,-47.51000,-87.13000
0.25000,0.25000,-2.97000,-0.33000,0.00000,-0.26000,0.26000,-47.51000,-87.13000
0.25000,0.25000,-2.98000,-0.39000,0.00000,-0.26000,0.26000,-47.40000,-85.65000
0.25000,0.25000,-2.98000,-0.27000,0.00000,-0.26000,0.25000,-47.40000,-85.65000
0.25000,0.25000,-2.98000,-0.17000,0.00000,-0.25000,0.25000,-47.82000,-84.21000
0.25000,0.25000,-2.99000,-0.29000,0.00000,-0.25000,0.25000,-47.82000,-84.21000
0.25000,0.25000,-3.00000,-0.37000,0.00000,-0.25000,0.25000,-47.35000,-82.77000
0.25000,0.25000,-3.00000,-0.25000,0.00000,-0.25000,0.24000,-47.35000,-82.77000
0.25000,0.25000,-3.00000,-0.17000,0.00000,-0.24000,0.24000,-47.64000,-81.39000
0.25000,0.25000,-3.01000,-0.33000,0.00000,-0.24000,0.24000,-47.64000,-81.39000
0.26000,0.25000,-3.01000,-0.31000,0.00000,-0.24000,0.23000,-46.29000,-80.02000
0.26000,0.25000,-3.02000,-0.19000,0.00000,-0.24000,0.23000,-46.29000,-80.02000
0.26000,0.25000,-3.02000,-0.23000,0.00000,-0.23000,0.23000,-47.85000,-78.68000
0.26000,0.25000,-3.03000,-0.35000,0.00000,-0.23000,0.23000,-47.85000,-78.68000
0.26000,0.25000,-3.03000,-0.29000,0.00000,-0.23000,0.22000,-45.56000,-77.38000
0.26000,0.25000,-3.04000,-0.25000,0.00000,-0.23000,0.22000,-45.56000,-77.38000
0.26000,0.25000,-3.04000,-0.29000,0.00000,-0.22000,0.22000,-46.29000,-76.11000
0.26000,0.25000,-3.05000,-0.29000,0.00000,-0.22000,0.22000,-46.29000,-76.11000
0.26000,0.25000,-3.05000,-0.17000,0.00000,-0.22000,0.21000,-45.43000,-74.88000
0.26000,0.25000,-3.06000,-0.23000,0.00000,-0.22000,0.21000,-45.43000,-74.88000
0.26000,0.25000,-3.06000,-0.27000,0.00000,-0.21000,0.21000,-45.87000,-73.65000
0.26000,0.25000,-3.07000,-0.29000,0.00000,-0.21000,0.21000,-45.87000,-73.65000
0.26000,0.25000,-3.07000,-0.10000,0.00000,-0.21000,0.20000,-44.76000,-72.47000
0.26000,0.25000,-3.07000,-0.23000,0.00000,-0.21000,0.20000,-44.76000,-72.47000
0.26000,0.25000,-3.07000,-0.17000,0.00000,-0.21000,0.20000,-45.15000,-71.29000
0.26000,0.25000,-3.08000,-0.17000,0.00000,-0.20000,0.20000,-45.15000,-71.29000
0.26000,0.25000,-3.08000,-0.23000,0.00000,-0.20000,0.20000,-45.89000,-70.13000
0.26000,0.25000,-3.09000,-0.27000,0.00000,-0.20000,0.20000,-45.89000,-70.13000
0.26000,0.25000,-3.09000,-0.21000,0.00000,-0.20000,0.19000,-44.48000,-69.01000
0.26000,0.25000,-3.09000,-0.17000,0.00000,-0.19000,0.19000,-44.48000,-69.01000
0.26000,0.25000,-3.10000,-0.27000,0.00000,-0.19000,0.19000,-45.54000,-67.91000
0.26000,0.25000,-3.10000,-0.27000,0.00000,-0.19000,0.19000,-45.54000,-67.91000
0.26000,0.25000,-3.11000,-0.17000,0.00000,-0.19000,0.18000,-44.06000,-66.85000
0.26000,0.25000,-3.11000,-0.12000,0.00000,-0.19000,0.18000,-44.06000,-66.85000
0.26000,0.25000,-3.11000,-0.19000,0.00000,-0.18000,0.18000,-45.70000,-65.78000
0.26000,0.25000,-3.12000,-0.27000,0.00000,-0.18000,0.18000,-45.70000,-65.78000
0.26000,0.25000,-3.12000,-0.21000,0.00000,-0.18000,0.18000,-43.81000,-64.76000
0.26000,0.25000,-3.12000,-0.21000,0.00000,-0.18000,0.18000,-43.81000,-64.76000
0.26000,0.25000,-3.13000,-0.21000,0.00000,-0.18000,0.17000,-44.14000,-63.75000
0.26000,0.25000,-3.13000,-0.04000,0.00000,-0.17000,0.17000,-44.14000,-63.75000
0.26000,0.25000,-3.13000,-0.19000,0.00000,-0.17000,0.17000,-46.41000,-62.75000
0.26000,0.25000,-3.14000,-0.35000,0.00000,-0.17000,0.17000,-46.41000,-62.75000
0.26000,0.25000,-3.14000,-0.33000,0.00000,-0.17000,0.17000,-42.45000,-61.80000
0.26000,0.25000,-3.15000,-0.21000,0.00000,-0.16000,0.16000,-42.45000,-61.80000
0.26000,0.25000,-3.15000,-0.25000,0.00000,-0.16000,0.16000,-43.43000,-60.89000
0.26000,0.25000,-3.16000,-0.21000,0.00000,-0.16000,0.16000,-43.43000,-60.89000
0.26000,0.25000,-3.16000,-0.12000,0.00000,-0.16000,0.16000,-43.10000,-59.99000
0.26000,0.25000,-3.16000,0.00000,0.00000,-0.16000,0.15000,-43.10000,-59.99000
0.26000,0.25000,-3.16000,0.00000,0.00000,-0.16000,0.15000,-45.89000,-59.08000
0.26000,0.25000,-3.16000,-0.02000,0.00000,-0.16000,0.15000,-45.89000,-59.08000
0.26000,0.25000,-3.16000,-0.15000,0.00000,-0.16000,0.15000,-46.52000,-58.15000
0.26000,0.25000,-3.16000,-0.15000,0.00000,-0.16000,0.15000,-46.52000,-58.15000
0.26000,0.25000,-3.17000,-0.35000,0.00000,-0.15000,0.15000,-45.42000,-57.27000
0.27000,0.25000,-3.18000,-0.31000,0.00000,-0.15000,0.15000,-45.42000,-57.27000
0.27000,0.25000,-3.18000,-0.25000,0.00000,-0.15000,0.15000,-42.88000,-56.45000
0.27000,0.25000,-3.19000,-0.27000,0.00000,-0.14000,0.14000,-42.88000,-56.45000
0.27000,0.25000,-3.19000,-0.23000,0.00000,-0.14000,0.14000,-42.44000,-55.66000
0.27000,0.25000,-3.19000,-0.10000,0.00000,-0.14000,0.14000,-42.44000,-55.66000
0.27000,0.25000,-3.19000,0.00000,0.00000,-0.14000,0.14000,-44.12000,-54.86000
0.27000,0.25000,-3.19000,0.00000,0.00000,-0.14000,0.14000,-44.12000,-54.86000
0.27000,0.25000,-3.19000,0.00000,0.00000,-0.14000,0.14000,-45.89000,-54.04000
0.27000,0.25000,-3.19000,0.00000,0.00000,-0.14000,0.14000,-45.89000,-54.04000
0.27000,0.25000,-3.19000,-0.17000,0.00000,-0.14000,0.14000,-46.72000,-53.22000
0.27000,0.25000,-3.20000,-0.21000,0.00000,-0.14000,0.14000,-46.72000,-53.22000
0.27000,0.25000,-3.20000,-0.27000,0.00000,-0.14000,0.13000,-44.38000,-52.45000
0.27000,0.25000,-3.21000,-0.31000,0.00000,-0.13000,0.13000,-44.38000,-52.45000
0.27000,0.25000,-3.21000,-0.31000,0.00000,-0.13000,0.13000,-42.31000,-51.73000
0.27000,0.25000,-3.22000,-0.23000,0.00000,-0.13000,0.13000,-42.31000,-51.73000
0.27000,0.25000,-3.22000,0.00000,0.00000,-0.12000,0.12000,-42.38000,-51.04000
0.27000,0.25000,-3.22000,-0.12000,0.00000,-0.12000,0.12000,-42.38000,-51.04000
0.27000,0.25000,-3.22000,-0.17000,0.00000,-0.12000,0.12000,-43.30000,-50.32000
0.27000,0.25000,-3.23000,-0.12000,0.00000,-0.12000,0.12000,-43.30000,-50.32000
0.27000,0.25000,-3.23000,-0.08000,0.00000,-0.12000,0.12000,-43.25000,-49.63000
0.27000,0.25000,-3.23000,0.00000,0.00000,-0.12000,0.12000,-43.25000,-49.63000
0.27000,0.25000,-3.23000,-0.02000,0.00000,-0.12000,0.12000,-45.08000,-48.92000
0.27000,0.25000,-3.23000,-0.15000,0.00000,-0.12000,0.12000,-45.08000,-48.92000
0.27000,0.25000,-3.23000,-0.19000,0.00000,-0.12000,0.12000,-43.59000,-48.24000
0.27000,0.25000,-3.24000,-0.15000,0.00000,-0.12000,0.11000,-43.59000,-48.24000
0.27000,0.25000,-3.24000,-0.04000,0.00000,-0.11000,0.11000,-43.38000,-47.58000
0.27000,0.25000,-3.24000,-0.17000,0.00000,-0.11000,0.11000,-43.38000,-47.58000
0.27000,0.25000,-3.24000,-0.21000,0.00000,-0.11000,0.11000,-42.86000,-46.93000
0.27000,0.25000,-3.25000,-0.08000,0.00000,-0.11000,0.11000,-42.86000,-46.93000
0.27000,0.25000,-3.25000,-0.04000,0.00000,-0.11000,0.11000,-43.74000,-46.30000
0.27000,0.25000,-3.25000,-0.12000,0.00000,-0.11000,0.11000,-43.74000,-46.30000
0.27000,0.25000,-3.25000,-0.08000,0.00000,-0.11000,0.11000,-43.26000,-45.67000
0.27000,0.25000,-3.25000,-0.08000,0.00000,-0.11000,0.11000,-43.26000,-45.67000
0.27000,0.25000,-3.25000,0.00000,0.00000,-0.11000,0.11000,-43.76000,-45.05000
0.27000,0.25000,-3.25000,0.00000,0.00000,-0.11000,0.11000,-43.76000,-45.05000
0.27000,0.25000,-3.25000,0.00000,0.00000,-0.11000,0.11000,-45.15000,-44.42000
0.27000,0.25000,-3.25000,0.00000,0.00000,-0.11000,0.11000,-45.15000,-44.42000
0.27000,0.25000,-3.25000,0.00000,0.00000,-0.11000,0.11000,-45.79000,-43.78000
0.27000,0.25000,-3.25000,-0.02000,0.00000,-0.11000,0.11000,-45.79000,-43.78000
0.27000,0.25000,-3.25000,-0.15000,0.00000,-0.11000,0.11000,-46.12000,-43.15000
0.27000,0.25000,-3.25000,0.00000,0.00000,-0.11000,0.10000,-46.12000,-43.15000
0.27000,0.25000,-3.26000,-0.12000,0.00000,-0.11000,0.10000,-46.93000,-42.53000
0.27000,0.25000,-3.26000,-0.27000,0.00000,-0.10000,0.10000,-46.93000,-42.53000
0.27000,0.25000,-3.27000,-0.23000,0.00000,-0.10000,0.10000,-43.46000,-41.96000
0.27000,0.25000,-3.27000,-0.19000,0.00000,-0.10000,0.10000,-43.46000,-41.96000
0.27000,0.25000,-3.27000,-0.02000,0.00000,-0.10000,0.10000,-43.63000,-41.41000
0.27000,0.25000,-3.27000,0.00000,0.00000,-0.10000,0.10000,-43.63000,-41.41000
0.27000,0.25000,-3.27000,-0.04000,0.00000,-0.10000,0.10000,-45.90000,-40.84000
0.27000,0.25000,-3.27000,-0.17000,0.00000,-0.10000,0.10000,-45.90000,-40.84000
0.27000,0.25000,-3.28000,-0.17000,0.00000,-0.10000,0.09000,-43.97000,-40.28000
0.27000,0.25000,-3.28000,-0.12000,0.00000,-0.09000,0.09000,-43.97000,-40.28000
0.27000,0.25000,-3.28000,0.00000,0.00000,-0.09000,0.09000,-44.13000,-39.75000
0.27000,0.25000,-3.28000,0.00000,0.00000,-0.09000,0.09000,-44.13000,-39.75000
0.27000,0.25000,-3.28000,0.00000,0.00000,-0.09000,0.09000,-45.81000,-39.20000
0.27000,0.25000,-3.28000,-0.17000,0.00000,-0.09000,0.09000,-45.81000,-39.20000
0.27000,0.25000,-3.28000,0.00000,0.00000,-0.09000,0.09000,-43.85000,-38.67000
0.27000,0.25000,-3.28000,0.00000,0.00000,-0.09000,0.09000,-43.85000,-38.67000
0.27000,0.25000,-3.28000,-0.04000,0.00000,-0.09000,0.09000,-45.90000,-38.13000
0.27000,0.25000,-3.28000,-0.12000,0.00000,-0.09000,0.09000,-45.90000,-38.13000
0.27000,0.25000,-3.28000,0.00000,0.00000,-0.09000,0.09000,-44.55000,-37.61000
0.27000,0.25000,-3.29000,-0.04000,0.00000,-0.09000,0.09000,-44.55000,-37.61000
0.27000,0.25000,-3.29000,-0.10000,0.00000,-0.09000,0.09000,-45.59000,-37.08000
0.27000,0.25000,-3.29000,0.00000,0.00000,-0.09000,0.09000,-45.59000,-37.08000
0.27000,0.25000,-3.29000,0.00000,0.00000,-0.09000,0.09000,-46.48000,-36.56000
0.27000,0.25000,-3.29000,0.00000,0.00000,-0.09000,0.09000,-46.48000,-36.56000
0.27000,0.25000,-3.29000,0.00000,0.00000,-0.09000,0.09000,-47.02000,-36.03000
0.27000,0.25000,-3.29000,-0.02000,0.00000,-0.09000,0.09000,-47.02000,-36.03000
0.27000,0.25000,-3.29000,0.00000,0.00000,-0.09000,0.09000,-47.23000,-35.51000
0.27000,0.25000,-3.29000,0.00000,0.00000,-0.09000,0.09000,-47.23000,-35.51000
0.27000,0.25000,-3.29000,0.00000,0.00000,-0.09000,0.09000,-47.95000,-34.98000
0.27000,0.25000,-3.29000,0.00000,0.00000,-0.09000,0.09000,-47.95000,-34.98000
0.27000,0.25000,-3.29000,0.00000,0.00000,-0.09000,0.09000,-48.48000,-34.45000
0.27000,0.25000,-3.29000,-0.04000,0.00000,-0.09000,0.09000,-48.48000,-34.45000
0.27000,0.25000,-3.29000,-0.17000,0.00000,-0.09000,0.09000,-48.39000,-33.93000
0.27000,0.25000,-3.30000,-0.27000,0.00000,-0.09000,0.09000,-48.39000,-33.93000
0.27000,0.25000,-3.30000,-0.27000,0.00000,-0.08000,0.08000,-45.18000,-33.47000
0.27000,0.25000,-3.31000,-0.23000,0.00000,-0.08000,0.08000,-45.18000,-33.47000
0.27000,0.25000,-3.31000,-0.02000,0.00000,-0.08000,0.08000,-44.62000,-33.03000
0.27000,0.25000,-3.31000,0.00000,0.00000,-0.08000,0.08000,-44.62000,-33.03000
0.27000,0.25000,-3.31000,-0.08000,0.00000,-0.08000,0.08000,-47.15000,-32.56000
0.27000,0.25000,-3.31000,-0.08000,0.00000,-0.08000,0.08000,-47.15000,-32.56000
0.27000,0.25000,-3.31000,0.00000,0.00000,-0.08000,0.08000,-46.36000,-32.11000
0.27000,0.25000,-3.31000,-0.17000,0.00000,-0.08000,0.08000,-46.36000,-32.11000
0.27000,0.25000,-3.31000,0.00000,0.00000,-0.08000,0.08000,-45.06000,-31.67000
0.27000,0.25000,-3.31000,0.00000,0.00000,-0.08000,0.08000,-45.06000,-31.67000
0.27000,0.25000,-3.31000,-0.02000,0.00000,-0.08000,0.08000,-47.01000,-31.22000
0.27000,0.25000,-3.31000,-0.10000,0.00000,-0.08000,0.08000,-47.01000,-31.22000
0.27000,0.25000,-3.32000,-0.21000,0.00000,-0.08000,0.07000,-45.90000,-30.78000
0.27000,0.25000,-3.32000,0.00000,0.00000,-0.07000,0.07000,-45.90000,-30.78000
0.27000,0.25000,-3.32000,0.00000,0.00000,-0.07000,0.07000,-47.26000,-30.36000
0.27000,0.25000,-3.32000,-0.17000,0.00000,-0.07000,0.07000,-47.26000,-30.36000
0.27000,0.25000,-3.32000,0.00000,0.00000,-0.07000,0.07000,-45.19000,-29.94000
0.27000,0.25000,-3.32000,0.00000,0.00000,-0.07000,0.07000,-45.19000,-29.94000
0.27000,0.25000,-3.32000,-0.02000,0.00000,-0.07000,0.07000,-47.11000,-29.52000
0.27000,0.25000,-3.32000,-0.15000,0.00000,-0.07000,0.07000,-47.11000,-29.52000
0.27000,0.25000,-3.32000,0.00000,0.00000,-0.07000,0.07000,-45.34000,-29.11000
0.27000,0.25000,-3.32000,0.00000,0.00000,-0.07000,0.07000,-45.34000,-29.11000
0.27000,0.25000,-3.32000,0.00000,0.00000,-0.07000,0.07000,-47.07000,-28.69000
0.27000,0.25000,-3.32000,-0.04000,0.00000,-0.07000,0.07000,-47.07000,-28.69000
0.27000,0.25000,-3.33000,-0.10000,0.00000,-0.07000,0.07000,-46.87000,-28.28000
0.27000,0.25000,-3.33000,0.00000,0.00000,-0.07000,0.07000,-46.87000,-28.28000
0.27000,0.25000,-3.33000,-0.02000,0.00000,-0.07000,0.07000,-47.65000,-27.87000
0.27000,0.25000,-3.33000,0.00000,0.00000,-0.07000,0.07000,-47.65000,-27.87000
0.27000,0.25000,-3.33000,0.00000,0.00000,-0.07000,0.07000,-48.06000,-27.46000
0.27000,0.25000,-3.33000,-0.04000,0.00000,-0.07000,0.07000,-48.06000,-27.46000
0.27000,0.25000,-3.33000,-0.12000,0.00000,-0.07000,0.07000,-47.85000,-27.06000
0.27000,0.25000,-3.33000,0.00000,0.00000,-0.07000,0.07000,-47.85000,-27.06000
0.27000,0.25000,-3.33000,-0.04000,0.00000,-0.07000,0.07000,-48.62000,-26.67000
0.27000,0.25000,-3.33000,-0.12000,0.00000,-0.07000,0.07000,-48.62000,-26.67000
0.27000,0.25000,-3.33000,-0.04000,0.00000,-0.07000,0.07000,-47.13000,-26.29000
0.28000,0.25000,-3.34000,-0.10000,0.00000,-0.07000,0.07000,-47.13000,-26.29000
0.28000,0.25000,-3.34000,0.00000,0.00000,-0.06000,0.06000,-47.07000,-25.91000
0.28000,0.25000,-3.34000,0.00000,0.00000,-0.06000,0.06000,-47.07000,-25.91000
0.28000,0.25000,-3.34000,-0.02000,0.00000,-0.06000,0.06000,-48.40000,-25.53000
0.28000,0.25000,-3.34000,0.00000,0.00000,-0.06000,0.06000,-48.40000,-25.53000
0.28000,0.25000,-3.34000,0.00000,0.00000,-0.06000,0.06000,-48.78000,-25.14000
0.28000,0.25000,-3.34000,0.00000,0.00000,-0.06000,0.06000,-48.78000,-25.14000
0.28000,0.25000,-3.34000,-0.04000,0.00000,-0.06000,0.06000,-49.17000,-24.76000
0.28000,0.25000,-3.34000,-0.12000,0.00000,-0.06000,0.06000,-49.17000,-24.76000
0.28000,0.25000,-3.34000,0.00000,0.00000,-0.06000,0.06000,-47.67000,-24.40000
0.28000,0.25000,-3.34000,0.00000,0.00000,-0.06000,0.06000,-47.67000,-24.40000
0.28000,0.25000,-3.34000,-0.04000,0.00000,-0.06000,0.06000,-49.17000,-24.02000
0.28000,0.25000,-3.34000,-0.12000,0.00000,-0.06000,0.06000,-49.17000,-24.02000
0.28000,0.25000,-3.34000,0.00000,0.00000,-0.06000,0.06000,-47.66000,-23.67000
0.28000,0.25000,-3.34000,0.00000,0.00000,-0.06000,0.06000,-47.66000,-23.67000
0.28000,0.25000,-3.34000,0.00000,0.00000,-0.06000,0.06000,-49.15000,-23.30000
0.28000,0.25000,-3.34000,-0.04000,0.00000,-0.06000,0.06000,-49.15000,-23.30000
0.28000,0.25000,-3.35000,-0.12000,0.00000,-0.06000,0.06000,-48.89000,-22.94000
0.28000,0.25000,-3.35000,0.00000,0.00000,-0.06000,0.06000,-48.89000,-22.94000
0.28000,0.25000,-3.35000,-0.02000,0.00000,-0.06000,0.06000,-49.62000,-22.59000
0.28000,0.25000,-3.35000,-0.15000,0.00000,-0.06000,0.06000,-49.62000,-22.59000
0.28000,0.25000,-3.35000,0.00000,0.00000,-0.06000,0.06000,-47.77000,-22.25000
0.28000,0.25000,-3.35000,-0.02000,0.00000,-0.06000,0.06000,-47.77000,-22.25000
0.28000,0.25000,-3.35000,-0.04000,0.00000,-0.06000,0.06000,-49.12000,-21.91000
0.28000,0.25000,-3.35000,-0.10000,0.00000,-0.06000,0.06000,-49.12000,-21.91000
0.28000,0.25000,-3.35000,0.00000,0.00000,-0.06000,0.06000,-48.08000,-21.57000
0.28000,0.25000,-3.35000,-0.10000,0.00000,-0.06000,0.06000,-48.08000,-21.57000
0.28000,0.25000,-3.35000,-0.06000,0.00000,-0.06000,0.06000,-47.79000,-21.25000
0.28000,0.25000,-3.35000,0.00000,0.00000,-0.06000,0.06000,-47.79000,-21.25000
0.28000,0.25000,-3.35000,0.00000,0.00000,-0.06000,0.06000,-49.06000,-20.92000
0.28000,0.25000,-3.36000,-0.06000,0.00000,-0.06000,0.06000,-49.06000,-20.92000
0.28000,0.25000,-3.36000,-0.08000,0.00000,-0.06000,0.05000,-48.45000,-20.60000
0.28000,0.25000,-3.36000,0.00000,0.00000,-0.05000,0.05000,-48.45000,-20.60000
0.28000,0.25000,-3.36000,0.00000,0.00000,-0.05000,0.05000,-49.33000,-20.28000
0.28000,0.25000,-3.36000,-0.02000,0.00000,-0.05000,0.05000,-49.33000,-20.28000
0.28000,0.25000,-3.36000,0.00000,0.00000,-0.05000,0.05000,-49.34000,-19.95000
0.28000,0.25000,-3.36000,0.00000,0.00000,-0.05000,0.05000,-49.34000,-19.95000
0.28000,0.25000,-3.36000,0.00000,0.00000,-0.05000,0.05000,-49.86000,-19.63000
0.28000,0.25000,-3.36000,0.00000,0.00000,-0.05000,0.05000,-49.86000,-19.63000
0.28000,0.25000,-3.36000,-0.04000,0.00000,-0.05000,0.05000,-50.18000,-19.31000
0.28000,0.25000,-3.36000,-0.10000,0.00000,-0.05000,0.05000,-50.18000,-19.31000
0.28000,0.25000,-3.36000,0.00000,0.00000,-0.05000,0.05000,-48.93000,-19.00000
0.28000,0.25000,-3.36000,0.00000,0.00000,-0.05000,0.05000,-48.93000,-19.00000
0.28000,0.25000,-3.36000,0.00000,0.00000,-0.05000,0.05000,-50.19000,-18.69000
0.28000,0.25000,-3.36000,0.00000,0.00000,-0.05000,0.05000,-50.19000,-18.69000
0.28000,0.25000,-3.36000,-0.02000,0.00000,-0.05000,0.05000,-50.51000,-18.37000
0.28000,0.25000,-3.36000,0.00000,0.00000,-0.05000,0.05000,-50.51000,-18.37000
0.28000,0.25000,-3.36000,0.00000,0.00000,-0.05000,0.05000,-50.82000,-18.06000
0.28000,0.25000,-3.36000,0.00000,0.00000,-0.05000,0.05000,-50.82000,-18.06000
0.28000,0.25000,-3.36000,0.00000,0.00000,-0.05000,0.05000,-51.14000,-17.74000
0.28000,0.25000,-3.36000,0.00000,0.00000,-0.05000,0.05000,-51.14000,-17.74000
0.28000,0.25000,-3.36000,-0.04000,0.00000,-0.05000,0.05000,-51.46000,-17.43000
0.28000,0.25000,-3.36000,-0.12000,0.00000,-0.05000,0.05000,-51.46000,-17.43000
0.28000,0.25000,-3.36000,0.00000,0.00000,-0.05000,0.05000,-49.89000,-17.13000
0.28000,0.25000,-3.36000,0.00000,0.00000,-0.05000,0.05000,-49.89000,-17.13000
0.28000,0.25000,-3.37000,-0.15000,0.00000,-0.05000,0.05000,-51.32000,-16.83000
0.28000,0.25000,-3.37000,0.00000,0.00000,-0.05000,0.05000,-51.32000,-16.83000
0.28000,0.25000,-3.37000,0.00000,0.00000,-0.05000,0.05000,-51.61000,-16.54000
0.28000,0.25000,-3.37000,0.00000,0.00000,-0.05000,0.05000,-51.61000,-16.54000
0.28000,0.25000,-3.37000,-0.02000,0.00000,-0.05000,0.05000,-51.91000,-16.24000
0.28000,0.25000,-3.37000,0.00000,0.00000,-0.05000,0.05000,-51.91000,-16.24000
0.28000,0.25000,-3.37000,0.00000,0.00000,-0.05000,0.05000,-52.21000,-15.94000
0.28000,0.25000,-3.37000,0.00000,0.00000,-0.05000,0.05000,-52.21000,-15.94000
0.28000,0.25000,-3.37000,-0.08000,0.00000,-0.05000,0.05000,-52.51000,-15.65000
0.28000,0.25000,-3.37000,-0.06000,0.00000,-0.05000,0.05000,-52.51000,-15.65000
0.28000,0.25000,-3.37000,-0.02000,0.00000,-0.05000,0.05000,-51.86000,-15.37000
0.28000,0.25000,-3.37000,0.00000,0.00000,-0.05000,0.05000,-51.86000,-15.37000
0.28000,0.25000,-3.37000,-0.02000,0.00000,-0.05000,0.05000,-52.71000,-15.08000
0.28000,0.25000,-3.37000,-0.15000,0.00000,-0.05000,0.05000,-52.71000,-15.08000
0.28000,0.25000,-3.37000,0.00000,0.00000,-0.05000,0.05000,-50.80000,-14.81000
0.28000,0.25000,-3.37000,0.00000,0.00000,-0.05000,0.05000,-50.80000,-14.81000
0.28000,0.25000,-3.37000,-0.04000,0.00000,-0.05000,0.05000,-52.39000,-14.53000
0.28000,0.25000,-3.37000,-0.10000,0.00000,-0.05000,0.05000,-52.39000,-14.53000
0.28000,0.25000,-3.37000,0.00000,0.00000,-0.05000,0.05000,-51.09000,-14.27000
0.28000,0.25000,-3.38000,-0.02000,0.00000,-0.05000,0.05000,-51.09000,-14.27000
0.28000,0.25000,-3.38000,0.00000,0.00000,-0.05000,0.05000,-51.99000,-14.00000
0.28000,0.25000,-3.38000,0.00000,0.00000,-0.05000,0.05000,-51.99000,-14.00000
0.28000,0.25000,-3.38000,0.00000,0.00000,-0.05000,0.05000,-52.45000,-13.72000
0.28000,0.25000,-3.38000,-0.17000,0.00000,-0.05000,0.05000,-52.45000,-13.72000
0.28000,0.25000,-3.38000,0.00000,0.00000,-0.04000,0.04000,-50.21000,-13.47000
0.28000,0.25000,-3.38000,0.00000,0.00000,-0.04000,0.04000,-50.21000,-13.47000
0.28000,0.25000,-3.38000,0.00000,0.00000,-0.04000,0.04000,-51.98000,-13.21000
0.28000,0.25000,-3.38000,0.00000,0.00000,-0.04000,0.04000,-51.98000,-13.21000
0.28000,0.25000,-3.38000,0.00000,0.00000,-0.04000,0.04000,-52.24000,-12.94000
0.28000,0.25000,-3.38000,-0.06000,0.00000,-0.04000,0.04000,-52.24000,-12.94000
0.28000,0.25000,-3.38000,-0.08000,0.00000,-0.04000,0.04000,-51.56000,-12.69000
0.28000,0.25000,-3.38000,0.00000,0.00000,-0.04000,0.04000,-51.56000,-12.69000
0.28000,0.25000,-3.38000,-0.02000,0.00000,-0.04000,0.04000,-52.38000,-12.44000
0.28000,0.25000,-3.38000,0.00000,0.00000,-0.04000,0.04000,-52.38000,-12.44000
0.28000,0.25000,-3.38000,0.00000,0.00000,-0.04000,0.04000,-52.63000,-12.18000
0.28000,0.25000,-3.38000,-0.17000,0.00000,-0.04000,0.04000,-52.63000,-12.18000
0.28000,0.25000,-3.38000,0.00000,0.00000,-0.04000,0.04000,-50.38000,-11.95000
0.28000,0.25000,-3.38000,-0.04000,0.00000,-0.04000,0.04000,-50.38000,-11.95000
0.28000,0.25000,-3.39000,-0.02000,0.00000,-0.04000,0.04000,-51.49000,-11.71000
0.28000,0.25000,-3.39000,-0.08000,0.00000,-0.04000,0.04000,-51.49000,-11.71000
0.28000,0.25000,-3.39000,0.00000,0.00000,-0.04000,0.04000,-50.85000,-11.48000
0.28000,0.25000,-3.39000,0.00000,0.00000,-0.04000,0.04000,-50.85000,-11.48000
0.28000,0.25000,-3.39000,-0.02000,0.00000,-0.04000,0.04000,-51.84000,-11.24000
0.28000,0.25000,-3.39000,0.00000,0.00000,-0.04000,0.04000,-51.84000,-11.24000
0.28000,0.25000,-3.39000,0.00000,0.00000,-0.04000,0.04000,-52.08000,-11.00000
0.28000,0.25000,-3.39000,-0.15000,0.00000,-0.04000,0.04000,-52.08000,-11.00000
0.28000,0.25000,-3.39000,-0.02000,0.00000,-0.04000,0.04000,-50.12000,-10.78000
0.28000,0.25000,-3.39000,0.00000,0.00000,-0.04000,0.04000,-50.12000,-10.78000
0.28000,0.25000,-3.39000,-0.02000,0.00000,-0.04000,0.04000,-51.66000,-10.55000
0.28000,0.25000,-3.39000,-0.08000,0.00000,-0.04000,0.04000,-51.66000,-10.55000
0.28000,0.25000,-3.39000,-0.02000,0.00000,-0.04000,0.04000,-50.63000,-10.34000
0.28000,0.25000,-3.39000,0.00000,0.00000,-0.04000,0.04000,-50.63000,-10.34000
0.28000,0.25000,-3.39000,0.00000,0.00000,-0.04000,0.04000,-51.61000,-10.12000
0.28000,0.25000,-3.39000,0.00000,0.00000,-0.04000,0.04000,-51.61000,-10.12000
0.28000,0.25000,-3.39000,0.00000,0.00000,-0.04000,0.04000,-51.83000,-9.89000
0.28000,0.25000,-3.39000,0.00000,0.00000,-0.04000,0.04000,-51.83000,-9.89000
0.28000,0.25000,-3.39000,0.00000,0.00000,-0.04000,0.04000,-52.06000,-9.67000
0.28000,0.25000,-3.39000,0.00000,0.00000,-0.04000,0.04000,-52.06000,-9.67000
0.28000,0.25000,-3.39000,0.00000,0.00000,-0.04000,0.04000,-52.28000,-9.45000
0.28000,0.25000,-3.39000,0.00000,0.00000,-0.04000,0.04000,-52.28000,-9.45000
0.28000,0.25000,-3.39000,-0.02000,0.00000,-0.04000,0.04000,-52.51000,-9.22000
0.28000,0.25000,-3.39000,0.00000,0.00000,-0.04000,0.04000,-52.51000,-9.22000
0.28000,0.25000,-3.39000,0.00000,0.00000,-0.04000,0.04000,-52.73000,-9.00000
0.28000,0.25000,-3.39000,0.00000,0.00000,-0.04000,0.04000,-52.73000,-9.00000
0.28000,0.25000,-3.39000,0.00000,0.00000,-0.04000,0.04000,-52.95000,-8.78000
0.28000,0.25000,-3.39000,0.00000,0.00000,-0.04000,0.04000,-52.95000,-8.78000
0.28000,0.25000,-3.39000,0.00000,0.00000,-0.04000,0.04000,-53.18000,-8.56000
0.28000,0.25000,-3.39000,0.00000,0.00000,-0.04000,0.04000,-53.18000,-8.56000
0.28000,0.25000,-3.39000,0.00000,0.00000,-0.04000,0.04000,-53.40000,-8.33000
0.28000,0.25000,-3.39000,0.00000,0.00000,-0.04000,0.04000,-53.40000,-8.33000
0.28000,0.25000,-3.39000,0.00000,0.00000,-0.04000,0.04000,-53.63000,-8.11000
0.28000,0.25000,-3.39000,0.00000,0.00000,-0.04000,0.04000,-53.63000,-8.11000
0.28000,0.25000,-3.39000,0.00000,0.00000,-0.04000,0.04000,-53.85000,-7.89000
0.28000,0.25000,-3.39000,0.00000,0.00000,-0.04000,0.04000,-53.85000,-7.89000
0.28000,0.25000,-3.39000,0.00000,0.00000,-0.04000,0.04000,-54.07000,-7.67000
0.28000,0.25000,-3.39000,0.00000,0.00000,-0.04000,0.04000,-54.07000,-7.67000
0.28000,0.25000,-3.39000,0.00000,0.00000,-0.04000,0.04000,-54.30000,-7.44000
0.28000,0.25000,-3.39000,0.00000,0.00000,-0.04000,0.04000,-54.30000,-7.44000
0.28000,0.25000,-3.39000,0.00000,0.00000,-0.04000,0.04000,-54.52000,-7.22000
0.28000,0.25000,-3.39000,0.00000,0.00000,-0.04000,0.04000,-54.52000,-7.22000
0.28000,0.25000,-3.39000,0.00000,0.00000,-0.04000,0.04000,-54.75000,-7.00000
0.28000,0.25000,-3.39000,0.00000,0.00000,-0.04000,0.04000,-54.75000,-7.00000
0.28000,0.25000,-3.39000,0.00000,0.00000,-0.04000,0.04000,-54.97000,-6.78000
0.28000,0.25000,-3.39000,0.00000,0.00000,-0.04000,0.04000,-54.97000,-6.78000
0.28000,0.25000,-3.39000,0.00000,0.00000,-0.04000,0.04000,-55.20000,-6.55000
0.28000,0.25000,-3.39000,0.00000,0.00000,-0.04000,0.04000,-55.20000,-6.55000
0.28000,0.25000,-3.39000,0.00000,0.00000,-0.04000,0.04000,-55.42000,-6.33000
0.28000,0.25000,-3.39000,0.00000,0.00000,-0.04000,0.04000,-55.42000,-6.33000
0.28000,0.25000,-3.39000,0.00000,0.00000,-0.04000,0.04000,-55.64000,-6.11000
0.28000,0.25000,-3.39000,0.00000,0.00000,-0.04000,0.04000,-55.64000,-6.11000
0.28000,0.25000,-3.39000,0.00000,0.00000,-0.04000,0.04000,-55.87000,-5.89000
0.28000,0.25000,-3.39000,0.00000,0.00000,-0.04000,0.04000,-55.87000,-5.89000
0.28000,0.25000,-3.39000,0.00000,0.00000,-0.04000,0.04000,-56.09000,-5.67000
0.28000,0.25000,-3.39000,0.00000,0.00000,-0.04000,0.04000,-56.09000,-5.67000
0.28000,0.25000,-3.39000,-0.02000,0.00000,-0.04000,0.04000,-56.32000,-5.44000
0.28000,0.25000,-3.39000,0.00000,0.00000,-0.04000,0.04000,-56.32000,-5.44000
0.28000,0.25000,-3.39000,-0.08000,0.00000,-0.04000,0.04000,-56.54000,-5.22000
0.28000,0.25000,-3.40000,-0.08000,0.00000,-0.04000,0.04000,-56.54000,-5.22000
0.28000,0.25000,-3.40000,-0.17000,0.00000,-0.04000,0.04000,-55.50000,-5.02000
0.28000,0.25000,-3.40000,0.00000,0.00000,-0.03000,0.03000,-55.50000,-5.02000
0.28000,0.25000,-3.40000,-0.12000,0.00000,-0.03000,0.03000,-56.44000,-4.83000
0.28000,0.25000,-3.40000,-0.02000,0.00000,-0.03000,0.03000,-56.44000,-4.83000
0.28000,0.25000,-3.40000,0.00000,0.00000,-0.03000,0.03000,-56.31000,-4.64000
0.28000,0.25000,-3.40000,0.00000,0.00000,-0.03000,0.03000,-56.31000,-4.64000
0.28000,0.25000,-3.40000,0.00000,0.00000,-0.03000,0.03000,-56.70000,-4.45000
0.28000,0.25000,-3.40000,0.00000,0.00000,-0.03000,0.03000,-56.70000,-4.45000
0.28000,0.25000,-3.40000,0.00000,0.00000,-0.03000,0.03000,-56.90000,-4.25000
0.28000,0.25000,-3.40000,0.00000,0.00000,-0.03000,0.03000,-56.90000,-4.25000
0.28000,0.25000,-3.40000,0.00000,0.00000,-0.03000,0.03000,-57.10000,-4.05000
0.28000,0.25000,-3.40000,0.00000,0.00000,-0.03000,0.03000,-57.10000,-4.05000
0.28000,0.25000,-3.40000,0.00000,0.00000,-0.03000,0.03000,-57.29000,-3.86000
0.28000,0.25000,-3.40000,0.00000,0.00000,-0.03000,0.03000,-57.29000,-3.86000
0.28000,0.25000,-3.40000,0.00000,0.00000,-0.03000,0.03000,-57.49000,-3.66000
0.28000,0.25000,-3.40000,0.00000,0.00000,-0.03000,0.03000,-57.49000,-3.66000
0.28000,0.25000,-3.40000,-0.02000,0.00000,-0.03000,0.03000,-57.69000,-3.46000
0.28000,0.25000,-3.40000,0.00000,0.00000,-0.03000,0.03000,-57.69000,-3.46000
0.28000,0.25000,-3.40000,0.00000,0.00000,-0.03000,0.03000,-57.89000,-3.27000
0.28000,0.25000,-3.40000,-0.08000,0.00000,-0.03000,0.03000,-57.89000,-3.27000
0.28000,0.25000,-3.40000,-0.06000,0.00000,-0.03000,0.03000,-56.83000,-3.08000
0.28000,0.25000,-3.41000,-0.02000,0.00000,-0.03000,0.03000,-56.83000,-3.08000
0.28000,0.25000,-3.41000,0.00000,0.00000,-0.03000,0.03000,-57.45000,-2.90000
0.28000,0.25000,-3.41000,-0.10000,0.00000,-0.03000,0.03000,-57.45000,-2.90000
0.28000,0.25000,-3.41000,-0.04000,0.00000,-0.03000,0.03000,-56.25000,-2.73000
0.28000,0.25000,-3.41000,0.00000,0.00000,-0.03000,0.03000,-56.25000,-2.73000
0.28000,0.25000,-3.41000,-0.02000,0.00000,-0.03000,0.03000,-57.37000,-2.55000
0.28000,0.25000,-3.41000,0.00000,0.00000,-0.03000,0.03000,-57.37000,-2.55000
0.28000,0.25000,-3.41000,0.00000,0.00000,-0.03000,0.03000,-57.54000,-2.37000
0.28000,0.25000,-3.41000,-0.02000,0.00000,-0.03000,0.03000,-57.54000,-2.37000
0.28000,0.25000,-3.41000,-0.06000,0.00000,-0.03000,0.03000,-57.41000,-2.20000
0.28000,0.25000,-3.41000,-0.04000,0.00000,-0.03000,0.03000,-57.41000,-2.20000
0.28000,0.25000,-3.41000,0.00000,0.00000,-0.03000,0.03000,-57.14000,-2.03000
0.28000,0.25000,-3.41000,0.00000,0.00000,-0.03000,0.03000,-57.14000,-2.03000
0.28000,0.25000,-3.41000,0.00000,0.00000,-0.03000,0.03000,-57.69000,-1.86000
0.28000,0.25000,-3.41000,0.00000,0.00000,-0.03000,0.03000,-57.69000,-1.86000
0.28000,0.25000,-3.41000,0.00000,0.00000,-0.03000,0.03000,-57.86000,-1.69000
0.28000,0.25000,-3.41000,0.00000,0.00000,-0.03000,0.03000,-57.86000,-1.69000
0.28000,0.25000,-3.41000,0.00000,0.00000,-0.03000,0.03000,-58.04000,-1.51000
0.28000,0.25000,-3.41000,-0.02000,0.00000,-0.03000,0.03000,-58.04000,-1.51000
0.28000,0.25000,-3.41000,0.00000,0.00000,-0.03000,0.03000,-57.90000,-1.34000
0.28000,0.25000,-3.41000,0.00000,0.00000,-0.03000,0.03000,-57.90000,-1.34000
0.28000,0.25000,-3.41000,0.00000,0.00000,-0.03000,0.03000,-58.26000,-1.17000
0.28000,0.25000,-3.41000,0.00000,0.00000,-0.03000,0.03000,-58.26000,-1.17000
0.28000,0.25000,-3.41000,0.00000,0.00000,-0.03000,0.03000,-58.43000,-1.00000
0.28000,0.25000,-3.41000,0.00000,0.00000,-0.03000,0.03000,-58.43000,-1.00000
0.28000,0.25000,-3.41000,0.00000,0.00000,-0.03000,0.03000,-58.60000,-0.83000
0.28000,0.25000,-3.41000,-0.02000,0.00000,-0.03000,0.03000,-58.60000,-0.83000
0.28000,0.25000,-3.41000,0.00000,0.00000,-0.03000,0.03000,-58.46000,-0.66000
0.28000,0.25000,-3.41000,-0.04000,0.00000,-0.03000,0.03000,-58.46000,-0.66000
0.28000,0.25000,-3.41000,-0.02000,0.00000,-0.03000,0.03000,-58.19000,-0.49000
0.28000,0.25000,-3.41000,-0.06000,0.00000,-0.03000,0.03000,-58.19000,-0.49000
0.28000,0.25000,-3.41000,0.00000,0.00000,-0.03000,0.03000,-57.79000,-0.34000
0.28000,0.25000,-3.41000,0.00000,0.00000,-0.03000,0.03000,-57.79000,-0.34000
0.28000,0.25000,-3.41000,-0.02000,0.00000,-0.03000,0.03000,-58.52000,-0.17000
0.28000,0.25000,-3.41000,0.00000,0.00000,-0.03000,0.03000,-58.52000,-0.17000
0.28000,0.25000,-3.41000,-0.02000,0.00000,-0.03000,0.03000,-58.68000,-0.01000
0.28000,0.25000,-3.41000,0.00000,0.00000,-0.03000,0.03000,-58.68000,-0.01000
0.28000,0.25000,-3.41000,0.00000,0.00000,-0.03000,0.03000,-58.84000,0.15000
0.28000,0.25000,-3.41000,0.00000,0.00000,-0.03000,0.03000,-58.84000,0.15000
0.28000,0.25000,-3.41000,-0.04000,0.00000,-0.03000,0.03000,-59.01000,0.31000
0.28000,0.25000,-3.42000,-0.04000,0.00000,-0.03000,0.03000,-59.01000,0.31000
0.28000,0.25000,-3.42000,-0.04000,0.00000,-0.03000,0.03000,-58.54000,0.47000
0.28000,0.25000,-3.42000,-0.02000,0.00000,-0.03000,0.03000,-58.54000,0.47000
0.28000,0.25000,-3.42000,0.00000,0.00000,-0.03000,0.03000,-58.75000,0.62000
0.28000,0.25000,-3.42000,-0.02000,0.00000,-0.03000,0.03000,-58.75000,0.62000
0.28000,0.25000,-3.42000,0.00000,0.00000,-0.03000,0.03000,-58.78000,0.77000
0.28000,0.25000,-3.42000,0.00000,0.00000,-0.03000,0.03000,-58.78000,0.77000
0.28000,0.25000,-3.42000,-0.04000,0.00000,-0.03000,0.03000,-59.12000,0.92000
0.28000,0.25000,-3.42000,-0.04000,0.00000,-0.03000,0.03000,-59.12000,0.92000
0.28000,0.25000,-3.42000,-0.04000,0.00000,-0.03000,0.02000,-58.64000,1.07000
0.28000,0.25000,-3.42000,0.00000,0.00000,-0.02000,0.02000,-58.64000,1.07000
0.28000,0.25000,-3.42000,0.00000,0.00000,-0.02000,0.02000,-59.16000,1.21000
0.28000,0.25000,-3.42000,0.00000,0.00000,-0.02000,0.02000,-59.16000,1.21000
0.28000,0.25000,-3.42000,0.00000,0.00000,-0.02000,0.02000,-59.31000,1.36000
0.28000,0.25000,-3.42000,0.00000,0.00000,-0.02000,0.02000,-59.31000,1.36000
0.28000,0.25000,-3.42000,0.00000,0.00000,-0.02000,0.02000,-59.46000,1.51000
0.28000,0.25000,-3.42000,-0.02000,0.00000,-0.02000,0.02000,-59.46000,1.51000
0.28000,0.25000,-3.42000,0.00000,0.00000,-0.02000,0.02000,-59.30000,1.65000
0.28000,0.25000,-3.42000,0.00000,0.00000,-0.02000,0.02000,-59.30000,1.65000
0.28000,0.25000,-3.42000,0.00000,0.00000,-0.02000,0.02000,-59.63000,1.80000
0.28000,0.25000,-3.42000,0.00000,0.00000,-0.02000,0.02000,-59.63000,1.80000
0.28000,0.25000,-3.42000,0.00000,0.00000,-0.02000,0.02000,-59.78000,1.94000
0.28000,0.25000,-3.42000,0.00000,0.00000,-0.02000,0.02000,-59.78000,1.94000
0.28000,0.25000,-3.42000,0.00000,0.00000,-0.02000,0.02000,-59.93000,2.09000
0.28000,0.25000,-3.42000,0.00000,0.00000,-0.02000,0.02000,-59.93000,2.09000
0.28000,0.25000,-3.42000,0.00000,0.00000,-0.02000,0.02000,-60.08000,2.24000
0.28000,0.25000,-3.42000,0.00000,0.00000,-0.02000,0.02000,-60.08000,2.24000
0.28000,0.25000,-3.42000,0.00000,0.00000,-0.02000,0.02000,-60.22000,2.38000
0.28000,0.25000,-3.42000,0.00000,0.00000,-0.02000,0.02000,-60.22000,2.38000
0.28000,0.25000,-3.42000,0.00000,0.00000,-0.02000,0.02000,-60.37000,2.53000
0.28000,0.25000,-3.42000,0.00000,0.00000,-0.02000,0.02000,-60.37000,2.53000
0.28000,0.25000,-3.42000,0.00000,0.00000,-0.02000,0.02000,-60.52000,2.68000
0.28000,0.25000,-3.42000,0.00000,0.00000,-0.02000,0.02000,-60.52000,2.68000
0.28000,0.25000,-3.42000,0.00000,0.00000,-0.02000,0.02000,-60.67000,2.82000
0.28000,0.25000,-3.42000,0.00000,0.00000,-0.02000,0.02000,-60.67000,2.82000
0.28000,0.25000,-3.42000,0.00000,0.00000,-0.02000,0.02000,-60.82000,2.97000
0.28000,0.25000,-3.42000,0.00000,0.00000,-0.02000,0.02000,-60.82000,2.97000
0.28000,0.25000,-3.42000,0.00000,0.00000,-0.02000,0.02000,-60.96000,3.12000
0.28000,0.25000,-3.42000,0.00000,0.00000,-0.02000,0.02000,-60.96000,3.12000
0.28000,0.25000,-3.42000,0.00000,0.00000,-0.02000,0.02000,-61.11000,3.26000
0.28000,0.25000,-3.42000,0.00000,0.00000,-0.02000,0.02000,-61.11000,3.26000
0.28000,0.25000,-3.42000,0.00000,0.00000,-0.02000,0.02000,-61.26000,3.41000
0.28000,0.25000,-3.42000,0.00000,0.00000,-0.02000,0.02000,-61.26000,3.41000
0.28000,0.25000,-3.42000,0.00000,0.00000,-0.02000,0.02000,-61.41000,3.56000
0.28000,0.25000,-3.42000,0.00000,0.00000,-0.02000,0.02000,-61.41000,3.56000
0.28000,0.25000,-3.42000,0.00000,0.00000,-0.02000,0.02000,-61.55000,3.70000
0.28000,0.25000,-3.42000,0.00000,0.00000,-0.02000,0.02000,-61.55000,3.70000
0.28000,0.25000,-3.42000,0.00000,0.00000,-0.02000,0.02000,-61.70000,3.85000
0.28000,0.25000,-3.42000,0.00000,0.00000,-0.02000,0.02000,-61.70000,3.85000
0.28000,0.25000,-3.42000,0.00000,0.00000,-0.02000,0.02000,-61.85000,4.00000
0.28000,0.25000,-3.42000,0.00000,0.00000,-0.02000,0.02000,-61.85000,4.00000
0.28000,0.25000,-3.42000,0.00000,0.00000,-0.02000,0.02000,-62.00000,4.15000
0.28000,0.25000,-3.42000,0.00000,0.00000,-0.02000,0.02000,-62.00000,4.15000
0.28000,0.25000,-3.42000,0.00000,0.00000,-0.02000,0.02000,-62.15000,4.29000
0.28000,0.25000,-3.42000,-0.02000,0.00000,-0.02000,0.02000,-62.15000,4.29000
0.28000,0.25000,-3.42000,0.00000,0.00000,-0.02000,0.02000,-61.98000,4.44000
0.28000,0.25000,-3.42000,0.00000,0.00000,-0.02000,0.02000,-61.98000,4.44000
0.28000,0.25000,-3.42000,-0.04000,0.00000,-0.02000,0.02000,-62.31000,4.58000
0.28000,0.25000,-3.42000,-0.02000,0.00000,-0.02000,0.02000,-62.31000,4.58000
0.28000,0.25000,-3.42000,-0.08000,0.00000,-0.02000,0.02000,-62.14000,4.72000
0.28000,0.25000,-3.42000,-0.02000,0.00000,-0.02000,0.02000,-62.14000,4.72000
0.28000,0.25000,-3.43000,-0.15000,0.00000,-0.02000,0.02000,-62.15000,4.85000
0.28000,0.25000,-3.43000,-0.02000,0.00000,-0.02000,0.02000,-62.15000,4.85000
0.28000,0.25000,-3.43000,0.00000,0.00000,-0.02000,0.02000,-62.14000,4.96000
0.28000,0.25000,-3.43000,-0.02000,0.00000,-0.02000,0.02000,-62.14000,4.96000
0.28000,0.25000,-3.43000,-0.12000,0.00000,-0.02000,0.02000,-62.14000,5.09000
0.28000,0.25000,-3.43000,-0.02000,0.00000,-0.02000,0.02000,-62.14000,5.09000
0.28000,0.25000,-3.43000,-0.02000,0.00000,-0.02000,0.02000,-62.13000,5.20000
0.28000,0.25000,-3.43000,-0.15000,0.00000,-0.02000,0.02000,-62.13000,5.20000
0.28000,0.25000,-3.43000,0.00000,0.00000,-0.02000,0.02000,-60.23000,5.30000
0.28000,0.25000,-3.43000,-0.04000,0.00000,-0.02000,0.02000,-60.23000,5.30000
0.28000,0.25000,-3.43000,-0.04000,0.00000,-0.02000,0.02000,-61.03000,5.41000
0.28000,0.25000,-3.43000,-0.06000,0.00000,-0.02000,0.02000,-61.03000,5.41000
0.28000,0.25000,-3.44000,-0.02000,0.00000,-0.02000,0.02000,-60.56000,5.50000
0.28000,0.25000,-3.44000,0.00000,0.00000,-0.02000,0.02000,-60.56000,5.50000
0.28000,0.25000,-3.44000,-0.12000,0.00000,-0.02000,0.02000,-61.23000,5.60000
0.28000,0.25000,-3.44000,-0.02000,0.00000,-0.02000,0.02000,-61.23000,5.60000
0.28000,0.25000,-3.44000,0.00000,0.00000,-0.02000,0.02000,-61.00000,5.69000
0.28000,0.25000,-3.44000,0.00000,0.00000,-0.02000,0.02000,-61.00000,5.69000
0.28000,0.25000,-3.44000,0.00000,0.00000,-0.02000,0.02000,-61.29000,5.79000
0.28000,0.25000,-3.44000,0.00000,0.00000,-0.02000,0.02000,-61.29000,5.79000
0.28000,0.25000,-3.44000,-0.02000,0.00000,-0.02000,0.02000,-61.38000,5.88000
0.28000,0.25000,-3.44000,0.00000,0.00000,-0.02000,0.02000,-61.38000,5.88000
0.28000,0.25000,-3.44000,0.00000,0.00000,-0.02000,0.02000,-61.48000,5.98000
0.28000,0.25000,-3.44000,-0.02000,0.00000,-0.02000,0.02000,-61.48000,5.98000
0.28000,0.25000,-3.44000,-0.02000,0.00000,-0.02000,0.02000,-61.26000,6.07000
0.28000,0.25000,-3.44000,-0.04000,0.00000,-0.02000,0.02000,-61.26000,6.07000
0.28000,0.25000,-3.44000,-0.06000,0.00000,-0.02000,0.02000,-60.91000,6.16000
0.28000,0.25000,-3.44000,0.00000,0.00000,-0.01000,0.01000,-60.91000,6.16000
0.28000,0.25000,-3.44000,0.00000,0.00000,-0.01000,0.01000,-61.37000,6.24000
0.28000,0.25000,-3.44000,-0.02000,0.00000,-0.01000,0.01000,-61.37000,6.24000
0.28000,0.25000,-3.44000,-0.06000,0.00000,-0.01000,0.01000,-61.14000,6.33000
0.28000,0.25000,-3.44000,-0.08000,0.00000,-0.01000,0.01000,-61.14000,6.33000
0.28000,0.25000,-3.44000,-0.02000,0.00000,-0.01000,0.01000,-60.15000,6.39000
0.28000,0.25000,-3.44000,0.00000,0.00000,-0.01000,0.01000,-60.15000,6.39000
0.28000,0.25000,-3.44000,-0.04000,0.00000,-0.01000,0.01000,-60.98000,6.47000
0.28000,0.25000,-3.45000,-0.04000,0.00000,-0.01000,0.01000,-60.98000,6.47000
0.28000,0.25000,-3.45000,-0.04000,0.00000,-0.01000,0.01000,-60.43000,6.54000
0.28000,0.25000,-3.45000,0.00000,0.00000,-0.01000,0.01000,-60.43000,6.54000
0.28000,0.25000,-3.45000,0.00000,0.00000,-0.01000,0.01000,-60.87000,6.61000
0.28000,0.25000,-3.45000,0.00000,0.00000,-0.01000,0.01000,-60.87000,6.61000
0.28000,0.25000,-3.45000,0.00000,0.00000,-0.01000,0.01000,-60.94000,6.68000
0.28000,0.25000,-3.45000,0.00000,0.00000,-0.01000,0.01000,-60.94000,6.68000
0.28000,0.25000,-3.45000,-0.02000,0.00000,-0.01000,0.01000,-61.01000,6.75000
0.28000,0.25000,-3.45000,0.00000,0.00000,-0.01000,0.01000,-61.01000,6.75000
0.28000,0.25000,-3.45000,0.00000,0.00000,-0.01000,0.01000,-61.08000,6.82000
0.28000,0.25000,-3.45000,-0.02000,0.00000,-0.01000,0.01000,-61.08000,6.82000
0.28000,0.25000,-3.45000,0.00000,0.00000,-0.01000,0.01000,-60.84000,6.89000
0.28000,0.25000,-3.45000,-0.04000,0.00000,-0.01000,0.01000,-60.84000,6.89000
0.28000,0.25000,-3.45000,-0.12000,0.00000,-0.01000,0.01000,-60.47000,6.96000
0.28000,0.25000,-3.45000,0.00000,0.00000,-0.01000,0.01000,-60.47000,6.96000
0.28000,0.25000,-3.45000,-0.15000,0.00000,-0.01000,0.01000,-60.90000,7.01000
0.28000,0.25000,-3.45000,-0.02000,0.00000,-0.01000,0.01000,-60.90000,7.01000
0.28000,0.25000,-3.45000,-0.04000,0.00000,-0.01000,0.01000,-60.63000,7.05000
0.28000,0.25000,-3.46000,-0.12000,0.00000,-0.01000,0.01000,-60.63000,7.05000
0.28000,0.25000,-3.46000,0.00000,0.00000,-0.01000,0.01000,-58.98000,7.08000
0.28000,0.25000,-3.46000,-0.04000,0.00000,-0.01000,0.01000,-58.98000,7.08000
0.28000,0.25000,-3.46000,-0.04000,0.00000,-0.01000,0.01000,-59.52000,7.12000
0.28000,0.25000,-3.46000,-0.06000,0.00000,-0.01000,0.01000,-59.52000,7.12000
0.28000,0.25000,-3.46000,0.00000,0.00000,-0.01000,0.01000,-58.99000,7.15000
0.28000,0.25000,-3.46000,-0.02000,0.00000,-0.01000,0.01000,-58.99000,7.15000
0.28000,0.25000,-3.46000,0.00000,0.00000,-0.01000,0.01000,-59.27000,7.19000
0.28000,0.25000,-3.46000,-0.02000,0.00000,-0.01000,0.01000,-59.27000,7.19000
0.28000,0.25000,-3.46000,-0.04000,0.00000,-0.01000,0.01000,-59.18000,7.22000
0.28000,0.25000,-3.46000,-0.06000,0.00000,-0.01000,0.01000,-59.18000,7.22000
0.28000,0.25000,-3.46000,0.00000,0.00000,-0.01000,0.01000,-58.46000,7.25000
0.28000,0.25000,-3.46000,0.00000,0.00000,-0.01000,0.01000,-58.46000,7.25000
0.28000,0.25000,-3.46000,-0.02000,0.00000,-0.01000,0.01000,-59.05000,7.28000
0.28000,0.25000,-3.46000,0.00000,0.00000,-0.00000,0.00000,-59.05000,7.28000
0.28000,0.25000,-3.46000,0.00000,0.00000,-0.00000,0.00000,-59.08000,7.30000
0.28000,0.25000,-3.46000,0.00000,0.00000,-0.00000,0.00000,-59.08000,7.30000
0.28000,0.25000,-3.46000,0.00000,0.00000,-0.00000,0.00000,-59.11000,7.33000
0.28000,0.25000,-3.46000,-0.02000,0.00000,-0.00000,0.00000,-59.11000,7.33000
0.28000,0.25000,-3.46000,0.00000,0.00000,-0.00000,0.00000,-58.82000,7.36000
0.28000,0.25000,-3.46000,0.00000,0.00000,-0.00000,0.00000,-58.82000,7.36000
0.28000,0.25000,-3.46000,-0.04000,0.00000,-0.00000,0.00000,-59.04000,7.39000
0.28000,0.25000,-3.46000,-0.02000,0.00000,-0.00000,0.00000,-59.04000,7.39000
0.28000,0.25000,-3.46000,-0.02000,0.00000,-0.00000,0.00000,-58.75000,7.41000
0.28000,0.25000,-3.46000,-0.04000,0.00000,-0.00000,0.00000,-58.75000,7.41000
0.28000,0.25000,-3.46000,0.00000,0.00000,-0.00000,0.00000,-58.33000,7.43000
0.28000,0.25000,-3.46000,0.00000,0.00000,-0.00000,0.00000,-58.33000,7.43000
0.28000,0.25000,-3.46000,0.00000,0.00000,-0.00000,0.00000,-58.73000,7.45000
0.28000,0.25000,-3.46000,0.00000,0.00000,-0.00000,0.00000,-58.73000,7.45000
0.28000,0.25000,-3.46000,0.00000,0.00000,-0.00000,0.00000,-58.75000,7.47000
0.28000,0.25000,-3.46000,0.00000,0.00000,-0.00000,0.00000,-58.75000,7.47000
0.28000,0.25000,-3.46000,0.00000,0.00000,-0.00000,0.00000,-58.77000,7.49000
0.28000,0.25000,-3.46000,0.00000,0.00000,-0.00000,0.00000,-58.77000,7.49000
0.28000,0.25000,-3.46000,0.00000,0.00000,-0.00000,0.00000,-58.79000,7.52000
0.28000,0.25000,-3.46000,0.00000,0.00000,-0.00000,0.00000,-58.79000,7.52000
0.28000,0.25000,-3.46000,0.00000,0.00000,-0.00000,0.00000,-58.82000,7.54000
0.28000,0.25000,-3.46000,0.00000,0.00000,-0.00000,0.00000,-58.82000,7.54000
0.28000,0.25000,-3.46000,0.00000,0.00000,-0.00000,0.00000,-58.84000,7.56000
0.28000,0.25000,-3.46000,0.00000,0.00000,-0.00000,0.00000,-58.84000,7.56000
0.28000,0.25000,-3.46000,0.00000,0.00000,-0.00000,0.00000,-58.86000,7.58000
0.28000,0.25000,-3.46000,0.00000,0.00000,-0.00000,0.00000,-58.86000,7.58000
0.28000,0.25000,-3.46000,0.00000,0.00000,-0.00000,0.00000,-58.88000,7.61000
0.28000,0.25000,-3.46000,0.00000,0.00000,-0.00000,0.00000,-58.88000,7.61000
0.28000,0.25000,-3.46000,0.00000,0.00000,-0.00000,0.00000,-58.91000,7.63000
0.28000,0.25000,-3.46000,0.00000,0.00000,-0.00000,0.00000,-58.91000,7.63000
0.28000,0.25000,-3.46000,0.00000,0.00000,-0.00000,0.00000,-58.93000,7.65000
0.28000,0.25000,-3.46000,0.00000,0.00000,-0.00000,0.00000,-58.93000,7.65000
0.28000,0.25000,-3.46000,0.00000,0.00000,-0.00000,0.00000,-58.95000,7.67000
0.28000,0.25000,-3.46000,0.00000,0.00000,-0.00000,0.00000,-58.95000,7.67000
0.28000,0.25000,-3.46000,0.00000,0.00000,-0.00000,0.00000,-58.97000,7.69000
0.28000,0.25000,-3.46000,0.00000,0.00000,-0.00000,0.00000,-58.97000,7.69000
0.28000,0.25000,-3.46000,0.00000,0.00000,-0.00000,0.00000,-59.00000,7.72000
0.28000,0.25000,-3.46000,0.00000,0.00000,-0.00000,0.00000,-59.00000,7.72000
0.28000,0.25000,-3.46000,0.00000,0.00000,-0.00000,0.00000,-59.02000,7.74000
0.28000,0.25000,-3.46000,0.00000,0.00000,-0.00000,0.00000,-59.02000,7.74000
0.28000,0.25000,-3.46000,0.00000,0.00000,-0.00000,0.00000,-59.04000,7.76000
0.28000,0.25000,-3.46000,0.00000,0.00000,-0.00000,0.00000,-59.04000,7.76000
0.28000,0.25000,-3.46000,0.00000,0.00000,-0.00000,0.00000,-59.06000,7.78000
0.28000,0.25000,-3.46000,0.00000,0.00000,-0.00000,0.00000,-59.06000,7.78000
0.28000,0.25000,-3.46000,0.00000,0.00000,-0.00000,0.00000,-59.09000,7.81000
0.28000,0.25000,-3.46000,0.00000,0.00000,-0.00000,0.00000,-59.09000,7.81000
0.28000,0.25000,-3.46000,0.00000,0.00000,-0.00000,0.00000,-59.11000,7.83000
0.28000,0.25000,-3.46000,0.00000,0.00000,-0.00000,0.00000,-59.11000,7.83000
0.28000,0.25000,-3.46000,0.00000,0.00000,-0.00000,0.00000,-59.13000,7.85000
0.28000,0.25000,-3.46000,0.00000,0.00000,-0.00000,0.00000,-59.13000,7.85000
0.28000,0.25000,-3.46000,0.00000,0.00000,-0.00000,0.00000,-59.15000,7.87000
