0.00000,0.00000,0.00000,0.00000,0.00000,3.28000,3.28000,49.25000,49.25000
0.00000,0.00000,0.00000,0.21000,0.00000,3.28000,3.28000,49.25000,49.25000
0.00000,0.00000,0.01000,0.31000,0.00000,3.26000,3.26000,65.51000,68.66000
0.00000,0.00000,0.02000,0.75000,0.00000,3.17000,3.18000,65.51000,68.66000
0.00000,0.00000,0.05000,1.33000,0.00000,2.52000,2.56000,64.60000,77.74000
0.00000,0.00000,0.07000,1.54000,0.00000,1.38000,1.76000,64.60000,77.74000
0.01000,0.00000,0.10000,1.66000,0.02000,1.28000,1.84000,44.80000,82.33000
0.01000,0.00000,0.13000,1.41000,0.00000,1.19000,1.93000,44.80000,82.33000
0.01000,0.00000,0.15000,0.87000,0.00000,1.13000,1.99000,42.91000,95.64000
0.01000,0.00000,0.15000,0.37000,0.00000,1.10000,2.03000,42.91000,95.64000
0.01000,0.00000,0.15000,0.02000,0.00000,1.09000,2.04000,56.13000,108.27000
0.01000,0.00000,0.15000,0.35000,0.35000,1.09000,2.04000,56.13000,108.27000
0.01000,0.00000,0.15000,0.60000,0.83000,1.09000,2.04000,60.70000,115.22000
0.01000,0.00000,0.14000,0.91000,1.33000,1.09000,2.03000,60.70000,115.22000
0.02000,0.00000,0.14000,1.22000,1.51000,1.11000,2.02000,56.99000,110.43000
0.02000,0.00000,0.13000,1.20000,1.60000,1.11000,2.01000,56.99000,110.43000
0.02000,0.00000,0.12000,1.08000,1.58000,1.13000,2.00000,54.11000,110.22000
0.03000,0.00000,0.11000,1.08000,1.54000,1.14000,1.98000,54.11000,110.22000
0.03000,0.00000,0.10000,1.04000,1.56000,1.16000,1.96000,56.01000,113.02000
0.03000,0.00000,0.09000,0.95000,1.62000,1.18000,1.94000,56.01000,113.02000
0.04000,0.00000,0.08000,1.00000,1.68000,1.21000,1.91000,59.15000,113.58000
0.04000,0.00000,0.07000,1.12000,1.66000,1.25000,1.88000,59.15000,113.58000
0.04000,0.00000,0.06000,1.20000,1.68000,1.27000,1.85000,59.13000,113.78000
0.04000,0.00000,0.05000,1.18000,1.72000,1.30000,1.82000,59.13000,113.78000
0.05000,0.00000,0.04000,1.27000,1.70000,1.33000,1.79000,59.99000,113.12000
0.05000,0.00000,0.03000,1.29000,1.68000,1.36000,1.77000,59.99000,113.12000
0.05000,0.00000,0.03000,1.29000,1.72000,1.40000,1.75000,60.29000,113.58000
0.06000,0.00000,0.02000,1.29000,1.68000,1.50000,1.80000,60.29000,113.58000
0.06000,0.01000,0.01000,1.37000,1.64000,1.79000,2.04000,66.92000,118.31000
0.07000,0.01000,0.01000,1.49000,1.72000,2.16000,2.37000,66.92000,118.31000
0.07000,0.01000,0.01000,1.56000,1.81000,2.57000,2.61000,78.49000,128.40000
0.07000,0.01000,0.01000,1.97000,1.95000,2.85000,2.88000,78.49000,128.40000
0.08000,0.01000,0.01000,2.41000,2.10000,2.82000,2.85000,81.59000,133.85000
0.08000,0.01000,0.02000,2.61000,2.26000,2.36000,2.48000,81.59000,133.85000
0.09000,0.01000,0.03000,2.74000,2.37000,1.78000,2.03000,61.38000,122.25000
0.09000,0.01000,0.03000,2.53000,2.18000,1.49000,1.79000,61.38000,122.25000
0.10000,0.01000,0.03000,2.08000,2.08000,1.40000,1.75000,51.87000,117.99000
0.10000,0.01000,0.02000,1.49000,1.93000,1.39000,1.75000,51.87000,117.99000
0.11000,0.01000,0.01000,1.16000,1.81000,1.49000,1.79000,61.98000,119.73000
0.11000,0.01000,-0.00000,1.10000,1.83000,2.10000,2.31000,61.98000,119.73000
0.11000,0.01000,-0.01000,1.16000,1.89000,3.03000,3.05000,91.05000,139.28000
0.12000,0.01000,-0.02000,1.91000,2.20000,3.28000,3.28000,91.05000,139.28000
0.12000,0.01000,-0.01000,2.84000,2.43000,3.26000,3.26000,93.91000,144.17000
0.13000,0.01000,-0.00000,3.28000,2.70000,3.27000,3.27000,93.91000,144.17000
0.14000,0.01000,0.01000,3.45000,2.76000,3.04000,3.05000,78.22000,140.02000
0.14000,0.01000,0.02000,3.36000,2.76000,2.14000,2.35000,78.22000,140.02000
0.15000,0.01000,0.03000,3.15000,2.76000,1.50000,1.80000,52.35000,122.36000
0.16000,0.01000,0.03000,2.47000,2.57000,1.39000,1.75000,52.35000,122.36000
0.16000,0.01000,0.02000,1.68000,2.24000,1.40000,1.75000,53.12000,118.73000
0.16000,0.01000,0.00000,1.33000,2.08000,1.58000,1.86000,53.12000,118.73000
0.17000,0.01000,-0.01000,1.08000,2.03000,2.60000,2.64000,81.86000,134.58000
0.17000,0.01000,-0.03000,1.51000,2.20000,3.25000,3.25000,81.86000,134.58000
0.18000,0.01000,-0.03000,2.26000,2.37000,3.22000,3.21000,95.90000,144.65000
0.18000,0.01000,-0.02000,2.88000,2.57000,3.18000,3.17000,95.90000,144.65000
0.19000,0.01000,-0.01000,3.38000,2.74000,3.26000,3.26000,86.26000,145.85000
0.20000,0.01000,0.00000,3.49000,2.82000,3.21000,3.22000,86.26000,145.85000
0.20000,0.01000,0.01000,3.57000,2.91000,2.75000,2.78000,71.88000,139.06000
0.21000,0.01000,0.02000,3.15000,2.88000,1.71000,1.97000,71.88000,139.06000
0.22000,0.01000,0.02000,2.72000,2.84000,1.50000,1.80000,53.60000,123.13000
0.22000,0.01000,0.01000,2.10000,2.57000,1.53000,1.82000,53.60000,123.13000
0.23000,0.01000,-0.01000,1.47000,2.35000,1.97000,2.19000,66.62000,127.21000
0.23000,0.01000,-0.03000,1.35000,2.34000,3.07000,3.08000,66.62000,127.21000
0.24000,0.01000,-0.04000,1.58000,2.37000,3.25000,3.25000,96.35000,144.23000
0.24000,0.01000,-0.04000,2.41000,2.57000,2.82000,2.79000,96.35000,144.23000
0.25000,0.01000,-0.04000,2.99000,2.82000,2.60000,2.56000,82.06000,135.83000
0.25000,0.01000,-0.04000,2.78000,2.74000,2.76000,2.73000,82.06000,135.83000
0.26000,0.00000,-0.04000,2.41000,2.57000,2.77000,2.75000,80.25000,136.10000
0.27000,0.00000,-0.05000,2.10000,2.51000,2.54000,2.49000,80.25000,136.10000
0.27000,0.00000,-0.06000,1.85000,2.59000,2.02000,1.77000,79.11000,124.86000
0.27000,0.00000,-0.08000,1.68000,2.39000,1.75000,1.39000,79.11000,124.86000
0.28000,0.00000,-0.09000,1.58000,2.20000,1.79000,1.33000,81.48000,115.76000
0.28000,0.00000,-0.10000,1.52000,2.01000,1.83000,1.29000,81.48000,115.76000
0.29000,0.00000,-0.10000,1.49000,1.85000,1.87000,1.26000,85.76000,113.93000
0.29000,0.00000,-0.11000,1.54000,1.66000,1.89000,1.24000,85.76000,113.93000
0.29000,0.00000,-0.11000,1.62000,1.58000,1.90000,1.23000,88.08000,114.19000
0.30000,0.00000,-0.10000,1.62000,1.60000,1.90000,1.22000,88.08000,114.19000
0.30000,0.00000,-0.10000,1.64000,1.60000,1.91000,1.22000,89.12000,112.42000
0.30000,0.00000,-0.10000,1.66000,1.47000,1.91000,1.22000,89.12000,112.42000
0.31000,0.00000,-0.10000,1.60000,1.45000,1.91000,1.22000,90.20000,112.04000
0.31000,0.00000,-0.10000,1.56000,1.45000,1.90000,1.22000,90.20000,112.04000
0.31000,0.00000,-0.09000,1.62000,1.45000,1.90000,1.22000,93.18000,110.89000
0.32000,-0.00000,-0.09000,1.74000,1.35000,1.90000,1.23000,93.18000,110.89000
0.32000,-0.00000,-0.08000,1.76000,1.39000,1.88000,1.24000,92.18000,111.37000
0.32000,-0.00000,-0.07000,1.76000,1.39000,1.87000,1.26000,92.18000,111.37000
0.33000,-0.00000,-0.06000,1.81000,1.35000,1.85000,1.27000,92.22000,110.56000
0.33000,-0.00000,-0.06000,1.78000,1.39000,1.83000,1.29000,92.22000,110.56000
0.34000,-0.00000,-0.05000,1.74000,1.35000,1.81000,1.31000,91.81000,110.46000
0.34000,-0.00000,-0.04000,1.70000,1.35000,1.79000,1.33000,91.81000,110.46000
0.34000,-0.00000,-0.04000,1.76000,1.33000,1.77000,1.35000,92.66000,111.21000
0.35000,-0.00000,-0.03000,1.74000,1.35000,1.76000,1.38000,92.66000,111.21000
0.35000,-0.00000,-0.02000,1.72000,1.41000,1.76000,1.44000,92.33000,112.51000
0.35000,-0.00000,-0.02000,1.72000,1.37000,1.83000,1.53000,92.33000,112.51000
0.36000,-0.00000,-0.01000,1.81000,1.39000,2.04000,1.79000,96.89000,118.07000
0.36000,-0.00000,-0.01000,1.74000,1.56000,2.49000,2.39000,96.89000,118.07000
0.36000,-0.00000,-0.00000,1.78000,1.60000,2.67000,2.64000,108.02000,130.51000
0.37000,-0.00000,0.00000,1.97000,1.76000,2.84000,2.82000,108.02000,130.51000
0.37000,-0.00000,0.00000,2.05000,1.95000,2.99000,2.98000,114.95000,138.96000
0.38000,-0.00000,0.00000,2.03000,2.12000,3.04000,3.03000,114.95000,138.96000
0.38000,-0.00000,-0.00000,2.08000,2.20000,2.96000,2.95000,119.70000,140.49000
0.39000,-0.00000,-0.00000,2.24000,2.32000,2.82000,2.79000,119.70000,140.49000
0.39000,-0.00000,-0.00000,2.30000,2.37000,2.67000,2.64000,117.81000,137.72000
0.40000,-0.00000,-0.00000,2.30000,2.39000,2.52000,2.46000,117.81000,137.72000
0.40000,-0.00000,-0.00000,2.28000,2.30000,2.36000,2.16000,114.76000,131.45000
0.41000,-0.00000,-0.00000,2.20000,2.20000,2.22000,2.00000,114.76000,131.45000
0.41000,-0.00000,-0.00000,2.18000,2.12000,2.12000,1.89000,113.06000,128.81000
0.42000,-0.00000,0.00000,2.20000,1.97000,2.09000,1.85000,113.06000,128.81000
0.42000,-0.00000,0.01000,2.18000,1.91000,2.26000,2.04000,114.63000,132.66000
0.43000,-0.00000,0.01000,2.20000,2.03000,2.48000,2.37000,114.63000,132.66000
0.43000,-0.00000,0.01000,2.18000,2.10000,2.57000,2.52000,119.60000,139.35000
0.44000,-0.00000,0.01000,2.26000,2.18000,2.56000,2.51000,119.60000,139.35000
0.44000,-0.00000,0.01000,2.24000,2.30000,2.54000,2.48000,120.46000,139.55000
0.45000,-0.00000,0.01000,2.28000,2.32000,2.34000,2.14000,120.46000,139.55000
0.45000,-0.00000,0.01000,2.28000,2.34000,2.11000,1.87000,115.31000,129.98000
0.46000,-0.00000,0.01000,2.20000,2.22000,1.89000,1.62000,115.31000,129.98000
0.46000,-0.00000,0.01000,2.20000,2.12000,1.79000,1.48000,110.76000,123.03000
0.47000,-0.00000,0.01000,2.05000,1.97000,1.76000,1.43000,110.76000,123.03000
0.47000,-0.00000,0.01000,1.89000,1.81000,1.75000,1.39000,109.94000,120.97000
0.47000,-0.00000,0.01000,1.78000,1.68000,1.76000,1.37000,109.94000,120.97000
0.48000,-0.00000,0.02000,1.78000,1.62000,0.07000,-0.07000,86.92000,99.93000
0.48000,-0.00000,0.02000,1.49000,1.18000,0.06000,-0.06000,86.92000,99.93000
0.48000,-0.00000,0.03000,1.29000,0.89000,0.06000,-0.06000,80.90000,96.98000
0.49000,-0.00000,0.04000,1.16000,0.83000,0.07000,-0.07000,80.90000,96.98000
0.49000,-0.00000,0.04000,1.04000,0.64000,0.07000,-0.07000,77.36000,94.73000
0.49000,-0.00000,0.05000,1.02000,0.42000,0.07000,-0.07000,77.36000,94.73000
0.49000,-0.00000,0.07000,0.98000,0.00000,0.08000,-0.08000,73.16000,95.38000
0.49000,-0.00000,0.09000,0.85000,0.00000,0.10000,-0.10000,73.16000,95.38000
0.49000,-0.00000,0.10000,0.81000,0.00000,0.12000,-0.11000,70.55000,98.13000
0.49000,-0.00000,0.12000,0.85000,0.00000,0.13000,-0.13000,70.55000,98.13000
0.49000,-0.00000,0.13000,0.77000,0.00000,0.15000,-0.15000,66.66000,96.94000
0.49000,-0.00000,0.14000,0.66000,0.00000,0.17000,-0.16000,66.66000,96.94000
0.50000,-0.00000,0.16000,0.66000,0.00000,0.18000,-0.18000,65.73000,95.58000
0.50000,-0.00000,0.17000,0.69000,0.00000,0.20000,-0.19000,65.73000,95.58000
0.50000,-0.00000,0.18000,0.58000,0.00000,0.21000,-0.21000,63.01000,94.04000
0.50000,-0.00000,0.19000,0.56000,0.00000,0.23000,-0.22000,63.01000,94.04000
0.50000,-0.00000,0.20000,0.66000,0.00000,0.24000,-0.24000,62.47000,92.37000
0.50000,-0.00000,0.21000,0.60000,0.00000,0.26000,-0.25000,62.47000,92.37000
0.50000,-0.00000,0.22000,0.54000,0.00000,0.28000,-0.27000,60.43000,90.48000
0.50000,0.00000,0.23000,0.52000,0.00000,0.29000,-0.28000,60.43000,90.48000
0.50000,0.00000,0.24000,0.54000,0.00000,0.30000,-0.29000,60.13000,88.48000
0.50000,0.00000,0.25000,0.46000,0.00000,0.32000,-0.31000,60.13000,88.48000
0.50000,0.00000,0.26000,0.42000,0.00000,0.33000,-0.32000,60.16000,86.35000
0.50000,0.00000,0.26000,0.52000,0.00000,0.34000,-0.33000,60.16000,86.35000
0.50000,0.00000,0.27000,0.52000,0.00000,0.35000,-0.34000,58.83000,84.11000
0.50000,0.00000,0.28000,0.42000,0.00000,0.37000,-0.35000,58.83000,84.11000
0.50000,0.00000,0.29000,0.37000,0.00000,0.38000,-0.36000,59.75000,81.76000
0.50000,0.00000,0.30000,0.50000,0.00000,0.39000,-0.37000,59.75000,81.76000
0.50000,0.00000,0.31000,0.48000,0.00000,0.40000,-0.38000,58.60000,79.33000
0.50000,0.00000,0.31000,0.44000,0.00000,0.41000,-0.39000,58.60000,79.33000
0.51000,0.00000,0.32000,0.46000,0.00000,0.42000,-0.40000,59.27000,76.80000
0.51000,0.00000,0.33000,0.50000,0.00000,0.43000,-0.40000,59.27000,76.80000
0.51000,0.00000,0.34000,0.46000,0.00000,0.44000,-0.41000,58.57000,74.18000
0.51000,0.00000,0.35000,0.48000,0.00000,0.45000,-0.42000,58.57000,74.18000
0.51000,0.00000,0.36000,0.48000,0.00000,0.46000,-0.42000,58.86000,71.51000
0.51000,0.00000,0.37000,0.48000,0.00000,0.47000,-0.43000,58.86000,71.51000
0.51000,0.00000,0.37000,0.42000,0.00000,0.48000,-0.44000,59.07000,68.80000
0.51000,0.00000,0.38000,0.48000,0.00000,0.49000,-0.44000,59.07000,68.80000
0.51000,0.00000,0.39000,0.54000,0.00000,0.50000,-0.44000,59.38000,66.08000
0.51000,0.00000,0.40000,0.46000,0.00000,0.51000,-0.45000,59.38000,66.08000
0.51000,0.00000,0.41000,0.50000,0.00000,0.52000,-0.45000,60.12000,63.35000
0.51000,0.00000,0.42000,0.58000,0.00000,0.53000,-0.45000,60.12000,63.35000
0.51000,0.00000,0.43000,0.58000,0.00000,0.54000,-0.45000,58.94000,60.65000
0.51000,0.00000,0.44000,0.54000,0.00000,0.55000,-0.45000,58.94000,60.65000
0.51000,0.00000,0.45000,0.50000,0.00000,0.56000,-0.45000,59.64000,58.01000
0.51000,0.00000,0.46000,0.56000,0.00000,0.57000,-0.44000,59.64000,58.01000
0.51000,0.00000,0.47000,0.52000,0.00000,0.58000,-0.44000,59.78000,55.48000
0.51000,0.01000,0.48000,0.54000,0.00000,0.59000,-0.43000,59.78000,55.48000
0.51000,0.01000,0.49000,0.58000,0.00000,0.61000,-0.42000,60.59000,53.08000
0.52000,0.01000,0.50000,0.60000,0.00000,0.62000,-0.41000,60.59000,53.08000
0.52000,0.01000,0.51000,0.56000,0.00000,0.64000,-0.40000,60.52000,50.91000
0.52000,0.01000,0.52000,0.60000,0.00000,0.65000,-0.38000,60.52000,50.91000
0.52000,0.01000,0.53000,0.64000,0.00000,0.67000,-0.37000,61.24000,48.99000
0.52000,0.01000,0.54000,0.62000,0.00000,0.69000,-0.35000,61.24000,48.99000
0.52000,0.01000,0.55000,0.62000,0.00000,0.72000,-0.32000,62.03000,47.47000
0.52000,0.01000,0.57000,0.66000,0.00000,0.74000,-0.29000,62.03000,47.47000
0.52000,0.01000,0.58000,0.69000,0.00000,0.78000,-0.26000,62.84000,46.44000
0.52000,0.01000,0.59000,0.69000,0.00000,0.81000,-0.22000,62.84000,46.44000
0.52000,0.01000,0.60000,0.66000,0.00000,0.85000,-0.18000,64.34000,46.08000
0.52000,0.01000,0.62000,0.77000,0.00000,0.89000,-0.14000,64.34000,46.08000
0.52000,0.01000,0.63000,0.77000,0.00000,0.95000,-0.08000,65.54000,46.52000
0.52000,0.01000,0.64000,0.75000,0.00000,1.01000,-0.02000,65.54000,46.52000
0.52000,0.01000,0.66000,0.79000,0.00000,1.07000,0.05000,68.83000,48.05000
0.52000,0.01000,0.67000,0.87000,0.00000,1.15000,0.13000,68.83000,48.05000
0.53000,0.01000,0.69000,0.87000,0.00000,1.23000,0.22000,71.33000,50.89000
0.53000,0.01000,0.71000,0.95000,0.00000,1.33000,0.31000,71.33000,50.89000
0.53000,0.01000,0.73000,1.00000,0.00000,1.44000,0.40000,75.35000,54.90000
0.53000,0.01000,0.74000,1.06000,0.00000,1.55000,0.49000,75.35000,54.90000
0.53000,0.02000,0.76000,1.10000,0.00000,1.64000,0.57000,79.77000,59.80000
0.53000,0.02000,0.79000,1.16000,0.00000,1.74000,0.64000,79.77000,59.80000
0.53000,0.02000,0.81000,1.25000,0.00000,1.82000,0.71000,84.40000,65.32000
0.53000,0.02000,0.83000,1.25000,0.00000,1.90000,0.76000,84.40000,65.32000
0.53000,0.02000,0.86000,1.35000,0.00000,1.96000,0.81000,89.18000,71.06000
0.53000,0.02000,0.88000,1.47000,0.00000,2.02000,0.84000,89.18000,71.06000
0.53000,0.02000,0.91000,1.39000,0.00000,2.07000,0.87000,91.61000,76.84000
0.54000,0.02000,0.93000,1.33000,0.00000,2.10000,0.88000,91.61000,76.84000
0.54000,0.02000,0.96000,1.39000,0.00000,2.13000,0.89000,98.27000,82.42000
0.54000,0.03000,0.98000,1.49000,0.00000,2.15000,0.90000,98.27000,82.42000
0.54000,0.03000,1.01000,1.56000,0.00000,2.17000,0.90000,101.20000,87.92000
0.54000,0.03000,1.04000,1.64000,0.00000,2.18000,0.91000,101.20000,87.92000
0.54000,0.03000,1.07000,1.66000,0.00000,2.20000,0.90000,103.46000,93.37000
0.54000,0.03000,1.10000,1.58000,0.00000,2.20000,0.91000,103.46000,93.37000
0.54000,0.03000,1.13000,1.58000,0.00000,2.21000,0.91000,107.92000,98.82000
0.54000,0.04000,1.16000,1.66000,0.00000,2.21000,0.91000,107.92000,98.82000
0.54000,0.04000,1.19000,1.66000,0.00000,2.21000,0.91000,110.51000,104.29000
0.54000,0.04000,1.22000,1.74000,0.00000,2.21000,0.91000,110.51000,104.29000
0.55000,0.04000,1.25000,1.78000,0.00000,2.21000,0.91000,112.58000,109.78000
0.55000,0.04000,1.28000,1.83000,0.00000,2.21000,0.91000,112.58000,109.78000
0.55000,0.04000,1.32000,1.83000,0.00000,2.21000,0.92000,114.10000,115.33000
0.55000,0.05000,1.35000,1.87000,0.00000,2.20000,0.92000,114.10000,115.33000
0.55000,0.05000,1.39000,1.89000,0.00000,2.19000,0.93000,115.54000,121.04000
0.55000,0.05000,1.42000,1.85000,0.00000,2.18000,0.95000,115.54000,121.04000
0.55000,0.05000,1.45000,1.85000,0.00000,2.16000,0.96000,117.30000,127.14000
0.55000,0.05000,1.49000,1.89000,0.00000,2.13000,0.99000,117.30000,127.14000
0.55000,0.06000,1.52000,1.87000,0.00000,2.10000,1.03000,117.61000,133.89000
0.55000,0.06000,1.55000,1.87000,0.00000,2.05000,1.08000,117.61000,133.89000
0.55000,0.06000,1.59000,1.81000,0.00000,1.98000,1.14000,117.45000,141.75000
0.55000,0.06000,1.61000,1.35000,0.00000,1.90000,1.22000,117.45000,141.75000
0.55000,0.06000,1.63000,1.10000,0.00000,1.83000,1.30000,123.58000,150.91000
0.55000,0.07000,1.63000,1.25000,1.04000,1.76000,1.37000,123.58000,150.91000
0.55000,0.07000,1.63000,1.33000,1.87000,1.75000,1.39000,126.93000,144.48000
0.55000,0.07000,1.61000,1.39000,2.05000,1.78000,1.34000,126.93000,144.48000
0.55000,0.08000,1.60000,1.41000,2.08000,1.83000,1.30000,128.87000,129.98000
0.55000,0.08000,1.59000,1.41000,1.89000,1.87000,1.26000,128.87000,129.98000
0.55000,0.08000,1.59000,1.43000,1.66000,1.90000,1.23000,132.22000,126.94000
0.55000,0.09000,1.59000,1.47000,1.49000,1.91000,1.22000,132.22000,126.94000
0.55000,0.09000,1.59000,1.52000,1.45000,1.91000,1.21000,134.45000,128.65000
0.55000,0.09000,1.59000,1.51000,1.45000,1.91000,1.21000,134.45000,128.65000
0.55000,0.10000,1.59000,1.70000,1.45000,1.91000,1.22000,136.43000,127.62000
0.55000,0.10000,1.61000,2.28000,1.47000,1.90000,1.23000,136.43000,127.62000
0.55000,0.11000,1.63000,2.45000,1.47000,1.86000,1.27000,126.52000,126.64000
0.55000,0.11000,1.64000,2.45000,1.49000,1.80000,1.32000,126.52000,126.64000
0.55000,0.12000,1.66000,2.28000,1.45000,1.75000,1.39000,119.92000,126.95000
0.55000,0.12000,1.67000,2.05000,1.54000,2.00000,1.74000,119.92000,126.95000
0.55000,0.12000,1.68000,1.97000,1.47000,2.59000,2.55000,134.18000,143.05000
0.55000,0.13000,1.68000,2.12000,1.76000,3.05000,3.04000,134.18000,143.05000
0.54000,0.13000,1.69000,2.30000,2.07000,3.21000,3.21000,145.84000,155.62000
0.54000,0.14000,1.69000,2.26000,2.32000,3.27000,3.26000,145.84000,155.62000
0.54000,0.14000,1.69000,2.41000,2.49000,3.25000,3.25000,150.84000,156.52000
0.54000,0.15000,1.68000,1.95000,2.53000,3.23000,3.23000,150.84000,156.52000
0.54000,0.15000,1.66000,1.79000,2.47000,2.93000,2.91000,156.57000,153.85000
0.54000,0.16000,1.65000,1.74000,2.45000,2.12000,1.89000,156.57000,153.85000
0.54000,0.16000,1.64000,1.70000,2.37000,1.76000,1.42000,147.99000,135.00000
0.54000,0.17000,1.63000,1.70000,2.10000,1.78000,1.35000,147.99000,135.00000
0.54000,0.17000,1.63000,1.76000,1.87000,1.80000,1.32000,149.40000,132.61000
0.54000,0.17000,1.63000,1.76000,1.81000,1.81000,1.31000,149.40000,132.61000
0.54000,0.18000,1.63000,1.76000,1.68000,1.82000,1.30000,149.29000,132.08000
0.54000,0.18000,1.63000,1.85000,1.66000,1.82000,1.31000,149.29000,132.08000
0.54000,0.19000,1.63000,1.76000,1.70000,1.81000,1.32000,148.21000,131.42000
0.54000,0.19000,1.64000,1.81000,1.64000,1.81000,1.32000,148.21000,131.42000
0.54000,0.19000,1.64000,1.83000,1.64000,1.80000,1.32000,148.47000,129.80000
0.54000,0.20000,1.64000,1.81000,1.62000,1.79000,1.33000,148.47000,129.80000
0.54000,0.20000,1.65000,1.83000,1.56000,1.78000,1.34000,148.16000,128.51000
0.54000,0.21000,1.65000,1.81000,1.58000,1.77000,1.36000,148.16000,128.51000
0.54000,0.21000,1.66000,1.83000,1.47000,1.76000,1.38000,147.68000,127.97000
0.54000,0.21000,1.66000,1.78000,1.51000,1.76000,1.42000,147.68000,127.97000
0.54000,0.22000,1.67000,1.74000,1.47000,1.79000,1.48000,148.15000,129.27000
0.54000,0.22000,1.67000,1.83000,1.54000,1.89000,1.62000,148.15000,129.27000
0.54000,0.22000,1.68000,1.83000,1.54000,2.13000,1.90000,152.75000,135.08000
0.54000,0.23000,1.68000,1.78000,1.64000,2.47000,2.35000,152.75000,135.08000
0.54000,0.23000,1.68000,1.83000,1.72000,2.62000,2.58000,162.49000,145.88000
0.54000,0.24000,1.69000,1.97000,1.83000,2.72000,2.69000,162.49000,145.88000
0.54000,0.24000,1.70000,2.70000,2.05000,2.86000,2.84000,168.28000,152.57000
0.53000,0.25000,1.72000,3.17000,2.24000,3.22000,3.22000,168.28000,152.57000
0.53000,0.25000,1.73000,3.40000,2.37000,3.16000,3.17000,160.14000,157.43000
0.53000,0.26000,1.74000,3.05000,2.49000,1.95000,2.18000,160.14000,157.43000
0.53000,0.27000,1.75000,2.84000,2.55000,1.46000,1.78000,136.38000,138.34000
0.53000,0.27000,1.76000,3.24000,2.45000,1.39000,1.75000,136.38000,138.34000
0.53000,0.28000,1.77000,2.84000,2.24000,1.32000,1.80000,122.00000,135.02000
0.53000,0.28000,1.78000,2.49000,2.14000,1.28000,1.84000,122.00000,135.02000
0.53000,0.29000,1.78000,2.30000,2.10000,1.26000,1.87000,120.75000,136.81000
0.53000,0.29000,1.79000,2.16000,2.12000,1.24000,1.88000,120.75000,136.81000
0.52000,0.30000,1.79000,2.16000,2.14000,1.23000,1.89000,117.97000,135.89000
0.52000,0.30000,1.79000,2.14000,2.10000,1.23000,1.90000,117.97000,135.89000
0.52000,0.31000,1.79000,2.28000,2.10000,1.22000,1.91000,112.51000,135.09000
0.52000,0.31000,1.80000,2.72000,2.16000,1.20000,1.92000,112.51000,135.09000
0.52000,0.32000,1.80000,2.32000,2.16000,1.17000,1.96000,97.51000,133.74000
0.52000,0.32000,1.80000,1.91000,2.14000,1.15000,1.97000,97.51000,133.74000
0.52000,0.32000,1.79000,1.66000,2.16000,1.16000,1.97000,100.17000,133.02000
0.52000,0.33000,1.78000,1.58000,2.12000,1.17000,1.95000,100.17000,133.02000
0.52000,0.33000,1.77000,1.78000,2.10000,1.19000,1.94000,101.12000,131.83000
0.52000,0.34000,1.77000,1.72000,2.05000,1.20000,1.93000,101.12000,131.83000
0.52000,0.34000,1.76000,1.72000,2.05000,1.21000,1.92000,96.87000,131.44000
0.51000,0.35000,1.76000,1.89000,2.05000,1.22000,1.91000,96.87000,131.44000
0.51000,0.35000,1.76000,2.01000,2.03000,1.22000,1.91000,91.43000,130.49000
0.51000,0.35000,1.76000,2.16000,2.12000,1.21000,1.92000,91.43000,130.49000
0.51000,0.36000,1.76000,2.43000,2.18000,1.20000,1.93000,83.07000,128.96000
0.51000,0.37000,1.77000,2.59000,2.14000,1.18000,1.95000,83.07000,128.96000
0.51000,0.37000,1.78000,2.57000,2.12000,1.15000,1.98000,70.00000,128.27000
0.51000,0.38000,1.78000,2.24000,2.22000,1.12000,2.01000,70.00000,128.27000
0.51000,0.38000,1.78000,1.93000,2.22000,1.11000,2.02000,66.01000,126.69000
0.51000,0.38000,1.77000,1.76000,2.16000,1.11000,2.02000,66.01000,126.69000
0.51000,0.39000,1.76000,1.64000,2.20000,1.11000,2.02000,66.41000,126.38000
0.50000,0.39000,1.75000,1.51000,2.20000,1.12000,2.01000,66.41000,126.38000
0.50000,0.40000,1.73000,1.45000,2.16000,1.13000,1.99000,66.58000,124.55000
0.50000,0.40000,1.72000,1.49000,2.12000,1.15000,1.97000,66.58000,124.55000
0.50000,0.40000,1.71000,1.41000,2.12000,1.16000,1.96000,65.06000,124.05000
0.50000,0.41000,1.70000,1.37000,2.08000,1.18000,1.94000,65.06000,124.05000
0.50000,0.41000,1.69000,1.43000,2.05000,1.21000,1.92000,65.58000,123.12000
0.50000,0.42000,1.67000,1.45000,2.08000,1.23000,1.90000,65.58000,123.12000
0.50000,0.42000,1.66000,1.35000,2.05000,1.25000,1.88000,63.96000,121.61000
0.50000,0.42000,1.65000,1.37000,1.99000,1.27000,1.85000,63.96000,121.61000
0.50000,0.43000,1.64000,1.39000,1.95000,1.29000,1.83000,64.69000,120.88000
0.50000,0.43000,1.63000,1.35000,1.95000,1.32000,1.81000,64.69000,120.88000
0.50000,0.43000,1.62000,1.29000,1.91000,1.34000,1.78000,65.30000,119.82000
0.50000,0.44000,1.61000,1.29000,1.87000,1.38000,1.76000,65.30000,119.82000
0.50000,0.44000,1.60000,1.29000,1.89000,1.45000,1.77000,67.82000,119.89000
0.50000,0.45000,1.59000,1.27000,1.89000,1.74000,2.00000,67.82000,119.89000
0.50000,0.45000,1.58000,1.35000,1.85000,2.56000,2.60000,85.75000,131.46000
0.50000,0.45000,1.57000,1.72000,2.01000,3.00000,3.01000,85.75000,131.46000
0.50000,0.46000,1.57000,2.07000,2.20000,3.13000,3.14000,95.21000,141.93000
0.50000,0.46000,1.57000,2.43000,2.34000,3.16000,3.16000,95.21000,141.93000
0.50000,0.47000,1.57000,2.61000,2.51000,3.07000,3.08000,92.19000,142.85000
0.50000,0.47000,1.57000,2.66000,2.57000,2.89000,2.91000,92.19000,142.85000
0.50000,0.48000,1.57000,2.70000,2.66000,2.53000,2.58000,84.53000,136.25000
0.50000,0.49000,1.58000,2.65000,2.57000,0.04000,-0.04000,84.53000,136.25000
0.50000,0.49000,1.58000,2.53000,2.49000,0.03000,-0.03000,46.33000,97.16000
0.50000,0.50000,1.58000,1.87000,1.95000,0.02000,-0.02000,46.33000,97.16000
0.50000,0.50000,1.57000,0.95000,1.35000,0.01000,-0.01000,42.09000,91.17000
0.50000,0.50000,1.56000,0.48000,0.95000,-0.00000,0.00000,42.09000,91.17000
0.50000,0.50000,1.55000,0.19000,0.73000,-0.01000,0.01000,51.44000,94.70000
0.50000,0.50000,1.54000,0.00000,0.81000,-0.03000,0.03000,51.44000,94.70000
0.50000,0.50000,1.53000,0.04000,0.60000,-0.04000,0.04000,55.21000,91.66000
0.50000,0.50000,1.52000,0.44000,0.50000,-0.05000,0.05000,55.21000,91.66000
0.50000,0.50000,1.53000,0.56000,0.00000,-0.06000,0.06000,48.18000,91.97000
0.50000,0.51000,1.54000,0.37000,0.00000,-0.05000,0.05000,48.18000,91.97000
0.50000,0.51000,1.55000,0.25000,0.00000,-0.04000,0.04000,46.38000,96.56000
0.50000,0.51000,1.55000,0.17000,0.00000,-0.04000,0.04000,46.38000,96.56000
0.50000,0.51000,1.55000,0.00000,0.00000,-0.04000,0.04000,47.10000,96.71000
0.50000,0.51000,1.55000,0.00000,0.00000,-0.04000,0.04000,47.10000,96.71000
0.50000,0.51000,1.55000,0.00000,0.00000,-0.04000,0.04000,48.39000,96.92000
0.50000,0.51000,1.55000,0.00000,0.00000,-0.04000,0.04000,48.39000,96.92000
0.50000,0.51000,1.55000,0.00000,0.00000,-0.04000,0.04000,48.17000,97.13000
0.50000,0.51000,1.55000,0.00000,0.00000,-0.04000,0.04000,48.17000,97.13000
0.50000,0.51000,1.55000,0.00000,0.00000,-0.04000,0.04000,47.96000,97.35000
0.50000,0.51000,1.55000,0.00000,0.00000,-0.04000,0.04000,47.96000,97.35000
0.50000,0.51000,1.55000,0.00000,0.00000,-0.04000,0.04000,47.75000,97.56000
0.50000,0.51000,1.55000,0.00000,0.00000,-0.04000,0.04000,47.75000,97.56000
0.50000,0.51000,1.55000,0.00000,0.00000,-0.04000,0.04000,47.53000,97.77000
0.50000,0.51000,1.55000,0.00000,0.00000,-0.04000,0.04000,47.53000,97.77000
0.50000,0.51000,1.55000,0.00000,0.00000,-0.04000,0.04000,47.32000,97.98000
0.50000,0.51000,1.55000,0.00000,0.00000,-0.04000,0.04000,47.32000,97.98000
0.50000,0.51000,1.55000,0.00000,0.00000,-0.04000,0.04000,47.11000,98.19000
0.50000,0.51000,1.55000,0.00000,0.00000,-0.04000,0.04000,47.11000,98.19000
0.50000,0.51000,1.55000,0.00000,0.00000,-0.04000,0.04000,46.89000,98.40000
0.50000,0.51000,1.55000,0.00000,0.00000,-0.04000,0.04000,46.89000,98.40000
0.50000,0.51000,1.55000,0.00000,0.00000,-0.04000,0.04000,46.68000,98.61000
0.50000,0.51000,1.55000,0.00000,0.00000,-0.04000,0.04000,46.68000,98.61000
0.50000,0.51000,1.55000,0.00000,0.00000,-0.04000,0.04000,46.47000,98.83000
0.50000,0.51000,1.55000,0.00000,0.00000,-0.04000,0.04000,46.47000,98.83000
0.50000,0.51000,1.55000,0.00000,0.00000,-0.04000,0.04000,46.26000,99.04000
0.50000,0.51000,1.55000,0.00000,0.00000,-0.04000,0.04000,46.26000,99.04000
0.50000,0.51000,1.55000,0.00000,0.00000,-0.04000,0.04000,46.04000,99.25000
0.50000,0.51000,1.55000,0.00000,0.00000,-0.04000,0.04000,46.04000,99.25000
0.50000,0.51000,1.55000,0.00000,0.00000,-0.04000,0.04000,45.83000,99.46000
0.50000,0.51000,1.55000,0.00000,0.00000,-0.04000,0.04000,45.83000,99.46000
0.50000,0.51000,1.55000,0.00000,0.00000,-0.04000,0.04000,45.62000,99.67000
0.50000,0.51000,1.55000,0.00000,0.00000,-0.04000,0.04000,45.62000,99.67000
0.50000,0.51000,1.55000,0.00000,0.00000,-0.04000,0.04000,45.40000,99.88000
0.50000,0.51000,1.55000,0.00000,0.00000,-0.04000,0.04000,45.40000,99.88000
0.50000,0.51000,1.55000,0.00000,0.00000,-0.04000,0.04000,45.19000,100.09000
0.50000,0.51000,1.55000,0.00000,0.00000,-0.04000,0.04000,45.19000,100.09000
0.50000,0.51000,1.55000,0.00000,0.00000,-0.04000,0.04000,44.98000,100.30000
0.50000,0.51000,1.55000,0.00000,0.00000,-0.04000,0.04000,44.98000,100.30000
0.50000,0.51000,1.55000,0.00000,0.00000,-0.04000,0.04000,44.76000,100.52000
0.50000,0.51000,1.55000,0.00000,0.00000,-0.04000,0.04000,44.76000,100.52000
0.50000,0.51000,1.55000,0.00000,0.00000,-0.04000,0.04000,44.55000,100.73000
0.50000,0.51000,1.55000,0.00000,0.00000,-0.04000,0.04000,44.55000,100.73000
0.50000,0.51000,1.55000,0.00000,0.00000,-0.04000,0.04000,44.34000,100.94000
0.50000,0.51000,1.55000,0.00000,0.00000,-0.04000,0.04000,44.34000,100.94000
0.50000,0.51000,1.55000,0.00000,0.00000,-0.04000,0.04000,44.12000,101.15000
0.50000,0.51000,1.55000,0.00000,0.00000,-0.04000,0.04000,44.12000,101.15000
0.50000,0.51000,1.55000,0.00000,0.00000,-0.04000,0.04000,43.91000,101.36000
0.50000,0.51000,1.55000,0.00000,0.00000,-0.04000,0.04000,43.91000,101.36000
0.50000,0.51000,1.55000,0.00000,0.00000,-0.04000,0.04000,43.70000,101.57000
0.50000,0.51000,1.55000,0.00000,0.00000,-0.04000,0.04000,43.70000,101.57000
0.50000,0.51000,1.55000,0.00000,0.00000,-0.04000,0.04000,43.48000,101.78000
0.50000,0.51000,1.55000,0.00000,0.00000,-0.04000,0.04000,43.48000,101.78000
0.50000,0.51000,1.55000,0.00000,0.00000,-0.04000,0.04000,43.27000,102.00000
0.50000,0.51000,1.55000,0.00000,0.00000,-0.04000,0.04000,43.27000,102.00000
0.50000,0.51000,1.55000,0.00000,0.00000,-0.04000,0.04000,43.06000,102.21000
0.50000,0.51000,1.55000,0.00000,0.00000,-0.04000,0.04000,43.06000,102.21000
0.50000,0.51000,1.55000,0.00000,0.00000,-0.04000,0.04000,42.84000,102.42000
0.50000,0.51000,1.55000,0.00000,0.00000,-0.04000,0.04000,42.84000,102.42000
0.50000,0.51000,1.55000,0.00000,0.00000,-0.04000,0.04000,42.63000,102.63000
0.50000,0.51000,1.55000,0.00000,0.00000,-0.04000,0.04000,42.63000,102.63000
0.50000,0.51000,1.55000,0.00000,0.00000,-0.04000,0.04000,42.42000,102.84000
0.50000,0.51000,1.55000,0.00000,0.00000,-0.04000,0.04000,42.42000,102.84000
0.50000,0.51000,1.55000,0.00000,0.00000,-0.04000,0.04000,42.21000,103.05000
0.50000,0.51000,1.55000,0.00000,0.00000,-0.04000,0.04000,42.21000,103.05000
0.50000,0.51000,1.55000,0.00000,0.00000,-0.04000,0.04000,41.99000,103.26000
0.50000,0.51000,1.55000,0.00000,0.00000,-0.04000,0.04000,41.99000,103.26000
0.50000,0.51000,1.55000,0.00000,0.00000,-0.04000,0.04000,41.78000,103.48000
0.50000,0.51000,1.55000,0.00000,0.00000,-0.04000,0.04000,41.78000,103.48000
0.50000,0.51000,1.55000,0.00000,0.00000,-0.04000,0.04000,41.57000,103.69000
0.50000,0.51000,1.55000,0.00000,0.00000,-0.04000,0.04000,41.57000,103.69000
0.50000,0.51000,1.55000,0.00000,0.00000,-0.04000,0.04000,41.35000,103.90000
0.50000,0.51000,1.55000,0.00000,0.00000,-0.04000,0.04000,41.35000,103.90000
0.50000,0.51000,1.55000,0.00000,0.00000,-0.04000,0.04000,41.14000,104.11000
0.50000,0.51000,1.55000,0.00000,0.00000,-0.04000,0.04000,41.14000,104.11000
0.50000,0.51000,1.55000,0.00000,0.00000,-0.04000,0.04000,40.93000,104.32000
0.50000,0.51000,1.55000,0.00000,0.00000,-0.04000,0.04000,40.93000,104.32000
0.50000,0.51000,1.55000,0.00000,0.00000,-0.04000,0.04000,40.71000,104.53000
0.50000,0.51000,1.55000,0.00000,0.00000,-0.04000,0.04000,40.71000,104.53000
0.50000,0.51000,1.55000,0.00000,0.00000,-0.04000,0.04000,40.50000,104.74000
0.50000,0.51000,1.55000,0.00000,0.00000,-0.04000,0.04000,40.50000,104.74000
0.50000,0.51000,1.55000,0.00000,0.00000,-0.04000,0.04000,40.29000,104.96000
0.50000,0.51000,1.55000,0.00000,0.00000,-0.04000,0.04000,40.29000,104.96000
0.50000,0.51000,1.55000,0.00000,0.00000,-0.04000,0.04000,40.07000,105.17000
0.50000,0.51000,1.55000,0.00000,0.00000,-0.04000,0.04000,40.07000,105.17000
0.50000,0.51000,1.55000,0.00000,0.00000,-0.04000,0.04000,39.86000,105.38000
0.50000,0.51000,1.55000,0.00000,0.00000,-0.04000,0.04000,39.86000,105.38000
0.50000,0.51000,1.55000,0.00000,0.00000,-0.04000,0.04000,39.65000,105.59000
0.50000,0.51000,1.55000,0.00000,0.00000,-0.04000,0.04000,39.65000,105.59000
0.50000,0.51000,1.55000,0.00000,0.00000,-0.04000,0.04000,39.43000,105.80000
0.50000,0.51000,1.55000,0.00000,0.00000,-0.04000,0.04000,39.43000,105.80000
0.50000,0.51000,1.55000,0.00000,0.00000,-0.04000,0.04000,39.22000,106.01000
0.50000,0.51000,1.55000,0.00000,0.00000,-0.04000,0.04000,39.22000,106.01000
0.50000,0.51000,1.55000,0.00000,0.00000,-0.04000,0.04000,39.01000,106.22000
0.50000,0.51000,1.55000,0.00000,0.00000,-0.04000,0.04000,39.01000,106.22000
0.50000,0.51000,1.55000,0.00000,0.00000,-0.04000,0.04000,38.79000,106.43000
0.50000,0.51000,1.55000,0.00000,0.00000,-0.04000,0.04000,38.79000,106.43000
0.50000,0.51000,1.55000,0.00000,0.00000,-0.04000,0.04000,38.58000,106.65000
0.50000,0.51000,1.55000,0.00000,0.00000,-0.04000,0.04000,38.58000,106.65000
0.50000,0.51000,1.55000,0.00000,0.00000,-0.04000,0.04000,38.37000,106.86000
0.50000,0.51000,1.55000,0.00000,0.00000,-0.04000,0.04000,38.37000,106.86000
0.50000,0.51000,1.55000,0.00000,0.00000,-0.04000,0.04000,38.15000,107.07000
0.50000,0.51000,1.55000,0.00000,0.00000,-0.04000,0.04000,38.15000,107.07000
0.50000,0.51000,1.55000,0.00000,0.00000,-0.04000,0.04000,37.94000,107.28000
0.50000,0.51000,1.55000,0.00000,0.00000,-0.04000,0.04000,37.94000,107.28000
0.50000,0.51000,1.55000,0.00000,0.00000,-0.04000,0.04000,37.73000,107.49000
0.50000,0.51000,1.55000,0.00000,0.00000,-0.04000,0.04000,37.73000,107.49000
0.50000,0.51000,1.55000,0.00000,0.00000,-0.04000,0.04000,37.52000,107.70000
0.50000,0.51000,1.55000,0.00000,0.00000,-0.04000,0.04000,37.52000,107.70000
0.50000,0.51000,1.55000,0.00000,0.00000,-0.04000,0.04000,37.30000,107.91000
0.50000,0.51000,1.55000,0.00000,0.00000,-0.04000,0.04000,37.30000,107.91000
0.50000,0.51000,1.55000,0.00000,0.00000,-0.04000,0.04000,37.09000,108.13000
0.50000,0.51000,1.55000,0.00000,0.00000,-0.04000,0.04000,37.09000,108.13000
0.50000,0.51000,1.55000,0.00000,0.00000,-0.04000,0.04000,36.88000,108.34000
0.50000,0.51000,1.55000,0.00000,0.00000,-0.04000,0.04000,36.88000,108.34000
0.50000,0.51000,1.55000,0.00000,0.00000,-0.04000,0.04000,36.66000,108.55000
0.50000,0.51000,1.55000,0.00000,0.00000,-0.04000,0.04000,36.66000,108.55000
0.50000,0.51000,1.55000,0.00000,0.00000,-0.04000,0.04000,36.45000,108.76000
0.50000,0.51000,1.55000,0.00000,0.00000,-0.04000,0.04000,36.45000,108.76000
0.50000,0.51000,1.55000,0.00000,0.00000,-0.04000,0.04000,36.24000,108.97000
0.50000,0.51000,1.55000,0.00000,0.00000,-0.04000,0.04000,36.24000,108.97000
0.50000,0.51000,1.55000,0.00000,0.00000,-0.04000,0.04000,36.02000,109.18000
0.50000,0.51000,1.55000,0.00000,0.00000,-0.04000,0.04000,36.02000,109.18000
0.50000,0.51000,1.55000,0.00000,0.00000,-0.04000,0.04000,35.81000,109.39000
0.50000,0.51000,1.55000,0.00000,0.00000,-0.04000,0.04000,35.81000,109.39000
0.50000,0.51000,1.55000,0.00000,0.00000,-0.04000,0.04000,35.60000,109.61000
0.50000,0.51000,1.55000,0.00000,0.00000,-0.04000,0.04000,35.60000,109.61000
0.50000,0.51000,1.55000,0.00000,0.00000,-0.04000,0.04000,35.38000,109.82000
0.50000,0.51000,1.55000,0.00000,0.00000,-0.04000,0.04000,35.38000,109.82000
0.50000,0.51000,1.55000,0.00000,0.00000,-0.04000,0.04000,35.17000,110.03000
0.50000,0.51000,1.55000,0.00000,0.00000,-0.04000,0.04000,35.17000,110.03000
0.50000,0.51000,1.55000,0.00000,0.00000,-0.04000,0.04000,34.96000,110.24000
0.50000,0.51000,1.55000,0.00000,0.00000,-0.04000,0.04000,34.96000,110.24000
0.50000,0.51000,1.55000,0.00000,0.00000,-0.04000,0.04000,34.74000,110.45000
0.50000,0.51000,1.55000,0.00000,0.00000,-0.04000,0.04000,34.74000,110.45000
0.50000,0.51000,1.55000,0.00000,0.00000,-0.04000,0.04000,34.53000,110.66000
0.50000,0.51000,1.55000,0.00000,0.00000,-0.04000,0.04000,34.53000,110.66000
0.50000,0.51000,1.55000,0.00000,0.00000,-0.04000,0.04000,34.32000,110.87000
0.50000,0.51000,1.55000,0.00000,0.00000,-0.04000,0.04000,34.32000,110.87000
0.50000,0.51000,1.55000,0.00000,0.00000,-0.04000,0.04000,34.10000,111.09000
0.50000,0.51000,1.55000,0.00000,0.00000,-0.04000,0.04000,34.10000,111.09000
0.50000,0.51000,1.55000,0.00000,0.00000,-0.04000,0.04000,33.89000,111.30000
0.50000,0.51000,1.55000,0.00000,0.00000,-0.04000,0.04000,33.89000,111.30000
0.50000,0.51000,1.55000,0.00000,0.00000,-0.04000,0.04000,33.68000,111.51000
0.50000,0.51000,1.55000,0.00000,0.00000,-0.04000,0.04000,33.68000,111.51000
0.50000,0.51000,1.55000,0.00000,0.00000,-0.04000,0.04000,33.47000,111.72000
0.50000,0.51000,1.55000,0.00000,0.00000,-0.04000,0.04000,33.47000,111.72000
0.50000,0.51000,1.55000,0.00000,0.00000,-0.04000,0.04000,33.25000,111.93000
0.50000,0.51000,1.55000,0.00000,0.00000,-0.04000,0.04000,33.25000,111.93000
0.50000,0.51000,1.55000,0.00000,0.00000,-0.04000,0.04000,33.04000,112.14000
0.50000,0.51000,1.55000,0.00000,0.00000,-0.04000,0.04000,33.04000,112.14000
0.50000,0.51000,1.55000,0.00000,0.00000,-0.04000,0.04000,32.83000,112.35000
0.50000,0.51000,1.55000,0.00000,0.00000,-0.04000,0.04000,32.83000,112.35000
0.50000,0.51000,1.55000,0.00000,0.00000,-0.04000,0.04000,32.61000,112.56000
0.50000,0.51000,1.55000,0.00000,0.00000,-0.04000,0.04000,32.61000,112.56000
0.50000,0.51000,1.55000,0.00000,0.00000,-0.04000,0.04000,32.40000,112.78000
0.50000,0.51000,1.55000,0.00000,0.00000,-0.04000,0.04000,32.40000,112.78000
0.50000,0.51000,1.55000,0.00000,0.00000,-0.04000,0.04000,32.19000,112.99000
0.50000,0.51000,1.55000,0.00000,0.00000,-0.04000,0.04000,32.19000,112.99000
0.50000,0.51000,1.55000,0.00000,0.00000,-0.04000,0.04000,31.97000,113.20000
0.50000,0.51000,1.55000,0.00000,0.00000,-0.04000,0.04000,31.97000,113.20000
0.50000,0.51000,1.55000,0.00000,0.00000,-0.04000,0.04000,31.76000,113.41000
0.50000,0.51000,1.55000,0.00000,0.00000,-0.04000,0.04000,31.76000,113.41000
0.50000,0.51000,1.55000,0.00000,0.00000,-0.04000,0.04000,31.55000,113.62000
0.50000,0.51000,1.55000,0.00000,0.00000,-0.04000,0.04000,31.55000,113.62000
0.50000,0.51000,1.55000,0.00000,0.00000,-0.04000,0.04000,31.33000,113.83000
0.50000,0.51000,1.55000,0.00000,0.00000,-0.04000,0.04000,31.33000,113.83000
0.50000,0.51000,1.55000,0.00000,0.00000,-0.04000,0.04000,31.12000,114.04000
0.50000,0.51000,1.55000,0.00000,0.00000,-0.04000,0.04000,31.12000,114.04000
0.50000,0.51000,1.55000,0.00000,0.00000,-0.04000,0.04000,30.91000,114.26000
0.50000,0.51000,1.55000,0.00000,0.00000,-0.04000,0.04000,30.91000,114.26000
0.50000,0.51000,1.55000,0.00000,0.00000,-0.04000,0.04000,30.69000,114.47000
0.50000,0.51000,1.55000,0.00000,0.00000,-0.04000,0.04000,30.69000,114.47000
0.50000,0.51000,1.55000,0.00000,0.00000,-0.04000,0.04000,30.48000,114.68000
0.50000,0.51000,1.55000,0.00000,0.00000,-0.04000,0.04000,30.48000,114.68000
0.50000,0.51000,1.55000,0.00000,0.00000,-0.04000,0.04000,30.27000,114.89000
0.50000,0.51000,1.55000,0.00000,0.00000,-0.04000,0.04000,30.27000,114.89000
0.50000,0.51000,1.55000,0.00000,0.00000,-0.04000,0.04000,30.05000,115.10000
0.50000,0.51000,1.55000,0.00000,0.00000,-0.04000,0.04000,30.05000,115.10000
0.50000,0.51000,1.55000,0.00000,0.00000,-0.04000,0.04000,29.84000,115.31000
0.50000,0.51000,1.55000,0.00000,0.00000,-0.04000,0.04000,29.84000,115.31000
0.50000,0.51000,1.55000,0.00000,0.00000,-0.04000,0.04000,29.63000,115.52000
0.50000,0.51000,1.55000,0.00000,0.00000,-0.04000,0.04000,29.63000,115.52000
0.50000,0.51000,1.55000,0.00000,0.00000,-0.04000,0.04000,29.42000,115.74000
0.50000,0.51000,1.55000,0.00000,0.00000,-0.04000,0.04000,29.42000,115.74000
0.50000,0.51000,1.55000,0.00000,0.00000,-0.04000,0.04000,29.20000,115.95000
0.50000,0.51000,1.55000,0.00000,0.00000,-0.04000,0.04000,29.20000,115.95000
0.50000,0.51000,1.55000,0.00000,0.00000,-0.04000,0.04000,28.99000,116.16000
0.50000,0.51000,1.55000,0.00000,0.00000,-0.04000,0.04000,28.99000,116.16000
0.50000,0.51000,1.55000,0.00000,0.00000,-0.04000,0.04000,28.78000,116.37000
0.50000,0.51000,1.55000,0.00000,0.00000,-0.04000,0.04000,28.78000,116.37000
0.50000,0.51000,1.55000,0.00000,0.00000,-0.04000,0.04000,28.56000,116.58000
0.50000,0.51000,1.55000,0.00000,0.00000,-0.04000,0.04000,28.56000,116.58000
0.50000,0.51000,1.55000,0.00000,0.00000,-0.04000,0.04000,28.35000,116.79000
0.50000,0.51000,1.55000,0.00000,0.00000,-0.04000,0.04000,28.35000,116.79000
0.50000,0.51000,1.55000,0.00000,0.00000,-0.04000,0.04000,28.14000,117.00000
0.50000,0.51000,1.55000,0.00000,0.00000,-0.04000,0.04000,28.14000,117.00000
0.50000,0.51000,1.55000,0.00000,0.00000,-0.04000,0.04000,27.92000,117.22000
0.50000,0.51000,1.55000,0.00000,0.00000,-0.04000,0.04000,27.92000,117.22000
0.50000,0.51000,1.55000,0.00000,0.00000,-0.04000,0.04000,27.71000,117.43000
0.50000,0.51000,1.55000,0.00000,0.00000,-0.04000,0.04000,27.71000,117.43000
0.50000,0.51000,1.55000,0.00000,0.00000,-0.04000,0.04000,27.50000,117.64000
0.50000,0.51000,1.55000,0.00000,0.00000,-0.04000,0.04000,27.50000,117.64000
0.50000,0.51000,1.55000,0.00000,0.00000,-0.04000,0.04000,27.28000,117.85000
0.50000,0.51000,1.55000,0.00000,0.00000,-0.04000,0.04000,27.28000,117.85000
0.50000,0.51000,1.55000,0.00000,0.00000,-0.04000,0.04000,27.07000,118.06000
0.50000,0.51000,1.55000,0.00000,0.00000,-0.04000,0.04000,27.07000,118.06000
0.50000,0.51000,1.55000,0.00000,0.00000,-0.04000,0.04000,26.86000,118.27000
0.50000,0.51000,1.55000,0.00000,0.00000,-0.04000,0.04000,26.86000,118.27000
0.50000,0.51000,1.55000,0.00000,0.00000,-0.04000,0.04000,26.64000,118.48000
0.50000,0.51000,1.55000,0.00000,0.00000,-0.04000,0.04000,26.64000,118.48000
0.50000,0.51000,1.55000,0.00000,0.00000,-0.04000,0.04000,26.43000,118.69000
0.50000,0.51000,1.55000,0.00000,0.00000,-0.04000,0.04000,26.43000,118.69000
0.50000,0.51000,1.55000,0.00000,0.00000,-0.04000,0.04000,26.22000,118.91000
0.50000,0.51000,1.55000,0.00000,0.00000,-0.04000,0.04000,26.22000,118.91000
0.50000,0.51000,1.55000,0.00000,0.00000,-0.04000,0.04000,26.00000,119.12000
0.50000,0.51000,1.55000,0.00000,0.00000,-0.04000,0.04000,26.00000,119.12000
0.50000,0.51000,1.55000,0.00000,0.00000,-0.04000,0.04000,25.79000,119.33000
0.50000,0.51000,1.55000,0.00000,0.00000,-0.04000,0.04000,25.79000,119.33000
0.50000,0.51000,1.55000,0.00000,0.00000,-0.04000,0.04000,25.58000,119.54000
0.50000,0.51000,1.55000,0.00000,0.00000,-0.04000,0.04000,25.58000,119.54000
0.50000,0.51000,1.55000,0.00000,0.00000,-0.04000,0.04000,25.37000,119.75000
0.50000,0.51000,1.55000,0.00000,0.00000,-0.04000,0.04000,25.37000,119.75000
0.50000,0.51000,1.55000,0.00000,0.00000,-0.04000,0.04000,25.15000,119.96000
0.50000,0.51000,1.55000,0.00000,0.00000,-0.04000,0.04000,25.15000,119.96000
0.50000,0.51000,1.55000,0.00000,0.00000,-0.04000,0.04000,24.94000,120.17000
0.50000,0.51000,1.55000,0.00000,0.00000,-0.04000,0.04000,24.94000,120.17000
0.50000,0.51000,1.55000,0.00000,0.00000,-0.04000,0.04000,24.73000,120.39000
0.50000,0.51000,1.55000,0.00000,0.00000,-0.04000,0.04000,24.73000,120.39000
0.50000,0.51000,1.55000,0.00000,0.00000,-0.04000,0.04000,24.51000,120.60000
0.50000,0.51000,1.55000,0.00000,0.00000,-0.04000,0.04000,24.51000,120.60000
0.50000,0.51000,1.55000,0.00000,0.00000,-0.04000,0.04000,24.30000,120.81000
0.50000,0.51000,1.55000,0.00000,0.00000,-0.04000,0.04000,24.30000,120.81000
0.50000,0.51000,1.55000,0.00000,0.00000,-0.04000,0.04000,24.09000,121.02000
0.50000,0.51000,1.55000,0.00000,0.00000,-0.04000,0.04000,24.09000,121.02000
0.50000,0.51000,1.55000,0.00000,0.00000,-0.04000,0.04000,23.87000,121.23000
0.50000,0.51000,1.55000,0.00000,0.00000,-0.04000,0.04000,23.87000,121.23000
0.50000,0.51000,1.55000,0.00000,0.00000,-0.04000,0.04000,23.66000,121.44000
0.50000,0.51000,1.55000,0.00000,0.00000,-0.04000,0.04000,23.66000,121.44000
0.50000,0.51000,1.55000,0.00000,0.00000,-0.04000,0.04000,23.45000,121.65000
0.50000,0.51000,1.55000,0.00000,0.00000,-0.04000,0.04000,23.45000,121.65000
0.50000,0.51000,1.55000,0.00000,0.00000,-0.04000,0.04000,23.23000,121.87000
0.50000,0.51000,1.55000,0.00000,0.00000,-0.04000,0.04000,23.23000,121.87000
0.50000,0.51000,1.55000,0.00000,0.00000,-0.04000,0.04000,23.02000,122.08000
0.50000,0.51000,1.55000,0.00000,0.00000,-0.04000,0.04000,23.02000,122.08000
0.50000,0.51000,1.55000,0.00000,0.00000,-0.04000,0.04000,22.81000,122.29000
0.50000,0.51000,1.55000,0.00000,0.00000,-0.04000,0.04000,22.81000,122.29000
0.50000,0.51000,1.55000,0.00000,0.00000,-0.04000,0.04000,22.59000,122.50000
0.50000,0.51000,1.55000,0.00000,0.00000,-0.04000,0.04000,22.59000,122.50000
0.50000,0.51000,1.55000,0.00000,0.00000,-0.04000,0.04000,22.38000,122.71000
0.50000,0.51000,1.55000,0.00000,0.00000,-0.04000,0.04000,22.38000,122.71000
0.50000,0.51000,1.55000,0.00000,0.00000,-0.04000,0.04000,22.17000,122.92000
0.50000,0.51000,1.55000,0.00000,0.00000,-0.04000,0.04000,22.17000,122.92000
0.50000,0.51000,1.55000,0.00000,0.00000,-0.04000,0.04000,21.95000,123.13000
0.50000,0.51000,1.55000,0.00000,0.00000,-0.04000,0.04000,21.95000,123.13000
0.50000,0.51000,1.55000,0.00000,0.00000,-0.04000,0.04000,21.74000,123.35000
0.50000,0.51000,1.55000,0.00000,0.00000,-0.04000,0.04000,21.74000,123.35000
0.50000,0.51000,1.55000,0.00000,0.00000,-0.04000,0.04000,21.53000,123.56000
0.50000,0.51000,1.55000,0.00000,0.00000,-0.04000,0.04000,21.53000,123.56000
0.50000,0.51000,1.55000,0.00000,0.00000,-0.04000,0.04000,21.32000,123.77000
0.50000,0.51000,1.55000,0.00000,0.00000,-0.04000,0.04000,21.32000,123.77000
0.50000,0.51000,1.55000,0.00000,0.00000,-0.04000,0.04000,21.10000,123.98000
0.50000,0.51000,1.55000,0.00000,0.00000,-0.04000,0.04000,21.10000,123.98000
0.50000,0.51000,1.55000,0.00000,0.00000,-0.04000,0.04000,20.89000,124.19000
0.50000,0.51000,1.55000,0.00000,0.00000,-0.04000,0.04000,20.89000,124.19000
0.50000,0.51000,1.55000,0.00000,0.00000,-0.04000,0.04000,20.68000,124.40000
0.50000,0.51000,1.55000,0.00000,0.00000,-0.04000,0.04000,20.68000,124.40000
0.50000,0.51000,1.55000,0.00000,0.00000,-0.04000,0.04000,20.46000,124.61000
0.50000,0.51000,1.55000,0.00000,0.00000,-0.04000,0.04000,20.46000,124.61000
0.50000,0.51000,1.55000,0.00000,0.00000,-0.04000,0.04000,20.25000,124.82000
0.50000,0.51000,1.55000,0.00000,0.00000,-0.04000,0.04000,20.25000,124.82000
0.50000,0.51000,1.55000,0.00000,0.00000,-0.04000,0.04000,20.04000,125.04000
0.50000,0.51000,1.55000,0.00000,0.00000,-0.04000,0.04000,20.04000,125.04000
0.50000,0.51000,1.55000,0.00000,0.00000,-0.04000,0.04000,19.82000,125.25000
0.50000,0.51000,1.55000,0.00000,0.00000,-0.04000,0.04000,19.82000,125.25000
0.50000,0.51000,1.55000,0.00000,0.00000,-0.04000,0.04000,19.61000,125.46000
0.50000,0.51000,1.55000,0.00000,0.00000,-0.04000,0.04000,19.61000,125.46000
0.50000,0.51000,1.55000,0.00000,0.00000,-0.04000,0.04000,19.40000,125.67000
0.50000,0.51000,1.55000,0.00000,0.00000,-0.04000,0.04000,19.40000,125.67000
0.50000,0.51000,1.55000,0.00000,0.00000,-0.04000,0.04000,19.18000,125.88000
0.50000,0.51000,1.55000,0.00000,0.00000,-0.04000,0.04000,19.18000,125.88000
0.50000,0.51000,1.55000,0.00000,0.00000,-0.04000,0.04000,18.97000,126.09000
0.50000,0.51000,1.55000,0.00000,0.00000,-0.04000,0.04000,18.97000,126.09000
0.50000,0.51000,1.55000,0.00000,0.00000,-0.04000,0.04000,18.76000,126.30000
0.50000,0.51000,1.55000,0.00000,0.00000,-0.04000,0.04000,18.76000,126.30000
0.50000,0.51000,1.55000,0.00000,0.00000,-0.04000,0.04000,18.54000,126.52000
0.50000,0.51000,1.55000,0.00000,0.00000,-0.04000,0.04000,18.54000,126.52000
0.50000,0.51000,1.55000,0.00000,0.00000,-0.04000,0.04000,18.33000,126.73000
0.50000,0.51000,1.55000,0.00000,0.00000,-0.04000,0.04000,18.33000,126.73000
0.50000,0.51000,1.55000,0.00000,0.00000,-0.04000,0.04000,18.12000,126.94000
0.50000,0.51000,1.55000,0.00000,0.00000,-0.04000,0.04000,18.12000,126.94000
0.50000,0.51000,1.55000,0.00000,0.00000,-0.04000,0.04000,17.90000,127.15000
0.50000,0.51000,1.55000,0.00000,0.00000,-0.04000,0.04000,17.90000,127.15000
0.50000,0.51000,1.55000,0.00000,0.00000,-0.04000,0.04000,17.69000,127.36000
0.50000,0.51000,1.55000,0.00000,0.00000,-0.04000,0.04000,17.69000,127.36000
0.50000,0.51000,1.55000,0.00000,0.00000,-0.04000,0.04000,17.48000,127.57000
0.50000,0.51000,1.55000,0.00000,0.00000,-0.04000,0.04000,17.48000,127.57000
0.50000,0.51000,1.55000,0.00000,0.00000,-0.04000,0.04000,17.26000,127.78000
0.50000,0.51000,1.55000,0.00000,0.00000,-0.04000,0.04000,17.26000,127.78000
0.50000,0.51000,1.55000,0.00000,0.00000,-0.04000,0.04000,17.05000,128.00000
0.50000,0.51000,1.55000,0.00000,0.00000,-0.04000,0.04000,17.05000,128.00000
0.50000,0.51000,1.55000,0.00000,0.00000,-0.04000,0.04000,16.84000,128.21000
0.50000,0.51000,1.55000,0.00000,0.00000,-0.04000,0.04000,16.84000,128.21000
0.50000,0.51000,1.55000,0.00000,0.00000,-0.04000,0.04000,16.63000,128.42000
0.50000,0.51000,1.55000,0.00000,0.00000,-0.04000,0.04000,16.63000,128.42000
0.50000,0.51000,1.55000,0.00000,0.00000,-0.04000,0.04000,16.41000,128.63000
0.50000,0.51000,1.55000,0.00000,0.00000,-0.04000,0.04000,16.41000,128.63000
0.50000,0.51000,1.55000,0.00000,0.00000,-0.04000,0.04000,16.20000,128.84000
0.50000,0.51000,1.55000,0.00000,0.00000,-0.04000,0.04000,16.20000,128.84000
0.50000,0.51000,1.55000,0.00000,0.00000,-0.04000,0.04000,15.99000,129.05000
0.50000,0.51000,1.55000,0.00000,0.00000,-0.04000,0.04000,15.99000,129.05000
0.50000,0.51000,1.55000,0.00000,0.00000,-0.04000,0.04000,15.77000,129.26000
0.50000,0.51000,1.55000,0.00000,0.00000,-0.04000,0.04000,15.77000,129.26000
0.50000,0.51000,1.55000,0.00000,0.00000,-0.04000,0.04000,15.56000,129.48000
0.50000,0.51000,1.55000,0.00000,0.00000,-0.04000,0.04000,15.56000,129.48000
0.50000,0.51000,1.55000,0.00000,0.00000,-0.04000,0.04000,15.35000,129.69000
0.50000,0.51000,1.55000,0.00000,0.00000,-0.04000,0.04000,15.35000,129.69000
0.50000,0.51000,1.55000,0.00000,0.00000,-0.04000,0.04000,15.13000,129.90000
0.50000,0.51000,1.55000,0.00000,0.00000,-0.04000,0.04000,15.13000,129.90000
0.50000,0.51000,1.55000,0.00000,0.00000,-0.04000,0.04000,14.92000,130.11000
0.50000,0.51000,1.55000,0.00000,0.00000,-0.04000,0.04000,14.92000,130.11000
0.50000,0.51000,1.55000,0.00000,0.00000,-0.04000,0.04000,14.71000,130.32000
0.50000,0.51000,1.55000,0.00000,0.00000,-0.04000,0.04000,14.71000,130.32000
0.50000,0.51000,1.55000,0.00000,0.00000,-0.04000,0.04000,14.49000,130.53000
0.50000,0.51000,1.55000,0.00000,0.00000,-0.04000,0.04000,14.49000,130.53000
0.50000,0.51000,1.55000,0.00000,0.00000,-0.04000,0.04000,14.28000,130.74000
0.50000,0.51000,1.55000,0.00000,0.00000,-0.04000,0.04000,14.28000,130.74000
0.50000,0.51000,1.55000,0.00000,0.00000,-0.04000,0.04000,14.07000,130.95000
0.50000,0.51000,1.55000,0.00000,0.00000,-0.04000,0.04000,14.07000,130.95000
0.50000,0.51000,1.55000,0.00000,0.00000,-0.04000,0.04000,13.85000,131.17000
0.50000,0.51000,1.55000,0.00000,0.00000,-0.04000,0.04000,13.85000,131.17000
0.50000,0.51000,1.55000,0.00000,0.00000,-0.04000,0.04000,13.64000,131.38000
0.50000,0.51000,1.55000,0.00000,0.00000,-0.04000,0.04000,13.64000,131.38000
0.50000,0.51000,1.55000,0.00000,0.00000,-0.04000,0.04000,13.43000,131.59000
0.50000,0.51000,1.55000,0.00000,0.00000,-0.04000,0.04000,13.43000,131.59000
0.50000,0.51000,1.55000,0.00000,0.00000,-0.04000,0.04000,13.21000,131.80000
0.50000,0.51000,1.55000,0.00000,0.00000,-0.04000,0.04000,13.21000,131.80000
0.50000,0.51000,1.55000,0.00000,0.00000,-0.04000,0.04000,13.00000,132.01000
0.50000,0.51000,1.55000,0.00000,0.00000,-0.04000,0.04000,13.00000,132.01000
0.50000,0.51000,1.55000,0.00000,0.00000,-0.04000,0.04000,12.79000,132.22000
0.50000,0.51000,1.55000,0.00000,0.00000,-0.04000,0.04000,12.79000,132.22000
0.50000,0.51000,1.55000,0.00000,0.00000,-0.04000,0.04000,12.58000,132.43000
0.50000,0.51000,1.55000,0.00000,0.00000,-0.04000,0.04000,12.58000,132.43000
0.50000,0.51000,1.55000,0.00000,0.00000,-0.04000,0.04000,12.36000,132.65000
0.50000,0.51000,1.55000,0.00000,0.00000,-0.04000,0.04000,12.36000,132.65000
0.50000,0.51000,1.55000,0.00000,0.00000,-0.04000,0.04000,12.15000,132.86000
0.50000,0.51000,1.55000,0.00000,0.00000,-0.04000,0.04000,12.15000,132.86000
0.50000,0.51000,1.55000,0.00000,0.00000,-0.04000,0.04000,11.94000,133.07000
0.50000,0.51000,1.55000,0.00000,0.00000,-0.04000,0.04000,11.94000,133.07000
0.50000,0.51000,1.55000,0.00000,0.00000,-0.04000,0.04000,11.72000,133.28000
0.50000,0.51000,1.55000,0.00000,0.00000,-0.04000,0.04000,11.72000,133.28000
0.50000,0.51000,1.55000,0.00000,0.00000,-0.04000,0.04000,11.51000,133.49000
0.50000,0.51000,1.55000,0.00000,0.00000,-0.04000,0.04000,11.51000,133.49000
0.50000,0.51000,1.55000,0.00000,0.00000,-0.04000,0.04000,11.30000,133.70000
0.50000,0.51000,1.55000,0.00000,0.00000,-0.04000,0.04000,11.30000,133.70000
0.50000,0.51000,1.55000,0.00000,0.00000,-0.04000,0.04000,11.08000,133.91000
0.50000,0.51000,1.55000,0.00000,0.00000,-0.04000,0.04000,11.08000,133.91000
0.50000,0.51000,1.55000,0.00000,0.00000,-0.04000,0.04000,10.87000,134.13000
0.50000,0.51000,1.55000,0.00000,0.00000,-0.04000,0.04000,10.87000,134.13000
0.50000,0.51000,1.55000,0.00000,0.00000,-0.04000,0.04000,10.66000,134.34000
0.50000,0.51000,1.55000,0.00000,0.00000,-0.04000,0.04000,10.66000,134.34000
0.50000,0.51000,1.55000,0.00000,0.00000,-0.04000,0.04000,10.44000,134.55000
0.50000,0.51000,1.55000,0.00000,0.00000,-0.04000,0.04000,10.44000,134.55000
0.50000,0.51000,1.55000,0.00000,0.00000,-0.04000,0.04000,10.23000,134.76000
0.50000,0.51000,1.55000,0.00000,0.00000,-0.04000,0.04000,10.23000,134.76000
0.50000,0.51000,1.55000,0.00000,0.00000,-0.04000,0.04000,10.02000,134.97000
0.50000,0.51000,1.55000,0.00000,0.00000,-0.04000,0.04000,10.02000,134.97000
0.50000,0.51000,1.55000,0.00000,0.00000,-0.04000,0.04000,9.80000,135.18000
0.50000,0.51000,1.55000,0.00000,0.00000,-0.04000,0.04000,9.80000,135.18000
0.50000,0.51000,1.55000,0.00000,0.00000,-0.04000,0.04000,9.59000,135.39000
0.50000,0.51000,1.55000,0.00000,0.00000,-0.04000,0.04000,9.59000,135.39000
0.50000,0.51000,1.55000,0.00000,0.00000,-0.04000,0.04000,9.38000,135.61000
0.50000,0.51000,1.55000,0.00000,0.00000,-0.04000,0.04000,9.38000,135.61000
0.50000,0.51000,1.55000,0.00000,0.00000,-0.04000,0.04000,9.16000,135.82000
0.50000,0.51000,1.55000,0.00000,0.00000,-0.04000,0.04000,9.16000,135.82000
0.50000,0.51000,1.55000,0.00000,0.00000,-0.04000,0.04000,8.95000,136.03000
0.50000,0.51000,1.55000,0.00000,0.00000,-0.04000,0.04000,8.95000,136.03000
0.50000,0.51000,1.55000,0.00000,0.00000,-0.04000,0.04000,8.74000,136.24000
0.50000,0.51000,1.55000,0.00000,0.00000,-0.04000,0.04000,8.74000,136.24000
0.50000,0.51000,1.55000,0.00000,0.00000,-0.04000,0.04000,8.53000,136.45000
0.50000,0.51000,1.55000,0.00000,0.00000,-0.04000,0.04000,8.53000,136.45000
0.50000,0.51000,1.55000,0.00000,0.00000,-0.04000,0.04000,8.31000,136.66000
0.50000,0.51000,1.55000,0.00000,0.00000,-0.04000,0.04000,8.31000,136.66000
0.50000,0.51000,1.55000,0.00000,0.00000,-0.04000,0.04000,8.10000,136.87000
0.50000,0.51000,1.55000,0.00000,0.00000,-0.04000,0.04000,8.10000,136.87000
0.50000,0.51000,1.55000,0.00000,0.00000,-0.04000,0.04000,7.89000,137.08000
0.50000,0.51000,1.55000,0.00000,0.00000,-0.04000,0.04000,7.89000,137.08000
0.50000,0.51000,1.55000,0.00000,0.00000,-0.04000,0.04000,7.67000,137.30000
0.50000,0.51000,1.55000,0.00000,0.00000,-0.04000,0.04000,7.67000,137.30000
0.50000,0.51000,1.55000,0.00000,0.00000,-0.04000,0.04000,7.46000,137.51000
0.50000,0.51000,1.55000,0.00000,0.00000,-0.04000,0.04000,7.46000,137.51000
0.50000,0.51000,1.55000,0.00000,0.00000,-0.04000,0.04000,7.25000,137.72000
0.50000,0.51000,1.55000,0.00000,0.00000,-0.04000,0.04000,7.25000,137.72000
0.50000,0.51000,1.55000,0.00000,0.00000,-0.04000,0.04000,7.03000,137.93000
0.50000,0.51000,1.55000,0.00000,0.00000,-0.04000,0.04000,7.03000,137.93000
0.50000,0.51000,1.55000,0.00000,0.00000,-0.04000,0.04000,6.82000,138.14000
0.50000,0.51000,1.55000,0.00000,0.00000,-0.04000,0.04000,6.82000,138.14000
0.50000,0.51000,1.55000,0.00000,0.00000,-0.04000,0.04000,6.61000,138.35000
0.50000,0.51000,1.55000,0.00000,0.00000,-0.04000,0.04000,6.61000,138.35000
0.50000,0.51000,1.55000,0.00000,0.00000,-0.04000,0.04000,6.39000,138.56000
0.50000,0.51000,1.55000,0.00000,0.00000,-0.04000,0.04000,6.39000,138.56000
0.50000,0.51000,1.55000,0.00000,0.00000,-0.04000,0.04000,6.18000,138.78000
0.50000,0.51000,1.55000,0.00000,0.00000,-0.04000,0.04000,6.18000,138.78000
0.50000,0.51000,1.55000,0.00000,0.00000,-0.04000,0.04000,5.97000,138.99000
0.50000,0.51000,1.55000,0.00000,0.00000,-0.04000,0.04000,5.97000,138.99000
0.50000,0.51000,1.55000,0.00000,0.00000,-0.04000,0.04000,5.75000,139.20000
0.50000,0.51000,1.55000,0.00000,0.00000,-0.04000,0.04000,5.75000,139.20000
0.50000,0.51000,1.55000,0.00000,0.00000,-0.04000,0.04000,5.54000,139.41000
0.50000,0.51000,1.55000,0.00000,0.00000,-0.04000,0.04000,5.54000,139.41000
0.50000,0.51000,1.55000,0.00000,0.00000,-0.04000,0.04000,5.33000,139.62000
0.50000,0.51000,1.55000,0.00000,0.00000,-0.04000,0.04000,5.33000,139.62000
0.50000,0.51000,1.55000,0.00000,0.00000,-0.04000,0.04000,5.11000,139.83000
0.50000,0.51000,1.55000,0.00000,0.00000,-0.04000,0.04000,5.11000,139.83000
0.50000,0.51000,1.55000,0.00000,0.00000,-0.04000,0.04000,4.90000,140.04000
0.50000,0.51000,1.55000,0.00000,0.00000,-0.04000,0.04000,4.90000,140.04000
0.50000,0.51000,1.55000,0.00000,0.00000,-0.04000,0.04000,4.69000,140.26000
0.50000,0.51000,1.55000,0.00000,0.00000,-0.04000,0.04000,4.69000,140.26000
0.50000,0.51000,1.55000,0.00000,0.00000,-0.04000,0.04000,4.48000,140.47000
0.50000,0.51000,1.54000,0.00000,0.44000,-0.04000,0.04000,4.48000,140.47000
0.50000,0.51000,1.51000,0.00000,1.72000,-0.04000,0.04000,4.12000,134.28000
0.50000,0.51000,1.47000,0.00000,2.12000,-0.08000,0.08000,4.12000,134.28000
0.50000,0.51000,1.43000,0.00000,2.18000,-0.14000,0.13000,2.48000,108.08000
0.50000,0.52000,1.40000,0.00000,1.83000,-0.20000,0.20000,2.48000,108.08000
0.50000,0.52000,1.37000,0.00000,1.56000,-0.26000,0.25000,-0.15000,102.29000
0.50000,0.52000,1.35000,0.00000,1.29000,-0.31000,0.30000,-0.15000,102.29000
0.50000,0.52000,1.33000,0.00000,1.16000,-0.35000,0.34000,-3.12000,102.24000
0.50000,0.52000,1.31000,0.00000,1.12000,-0.39000,0.37000,-3.12000,102.24000
0.50000,0.52000,1.29000,0.00000,1.12000,-0.42000,0.40000,-6.31000,99.94000
0.50000,0.52000,1.27000,0.00000,1.08000,-0.46000,0.42000,-6.31000,99.94000
0.50000,0.52000,1.25000,0.00000,1.04000,-0.48000,0.44000,-9.77000,96.79000
0.50000,0.53000,1.23000,0.00000,0.95000,-0.51000,0.45000,-9.77000,96.79000
0.50000,0.53000,1.21000,0.00000,0.89000,-0.53000,0.45000,-13.41000,94.99000
0.50000,0.53000,1.20000,0.00000,0.81000,-0.55000,0.45000,-13.41000,94.99000
0.50000,0.53000,1.18000,0.00000,0.79000,-0.58000,0.44000,-17.23000,94.01000
0.50000,0.53000,1.17000,0.00000,0.83000,-0.60000,0.43000,-17.23000,94.01000
0.50000,0.53000,1.16000,0.00000,0.79000,-0.62000,0.41000,-21.37000,91.04000
0.50000,0.53000,1.15000,-0.02000,0.54000,-0.65000,0.39000,-21.37000,91.04000
0.51000,0.53000,1.13000,0.00000,0.66000,-0.67000,0.37000,-25.50000,92.26000
0.51000,0.53000,1.13000,0.00000,0.44000,-0.70000,0.34000,-25.50000,92.26000
0.51000,0.53000,1.11000,0.00000,0.60000,-0.72000,0.32000,-30.42000,92.08000
0.51000,0.53000,1.10000,-0.02000,0.73000,-0.75000,0.29000,-30.42000,92.08000
0.51000,0.53000,1.09000,0.00000,0.42000,-0.79000,0.24000,-35.57000,85.83000
0.51000,0.53000,1.08000,0.00000,0.64000,-0.82000,0.21000,-35.57000,85.83000
0.51000,0.53000,1.08000,0.00000,0.02000,-0.87000,0.16000,-41.68000,82.94000
0.51000,0.53000,1.08000,0.00000,0.00000,-0.87000,0.16000,-41.68000,82.94000
0.51000,0.53000,1.08000,0.00000,0.00000,-0.87000,0.16000,-46.93000,89.67000
0.51000,0.53000,1.08000,0.00000,0.00000,-0.87000,0.16000,-46.93000,89.67000
0.51000,0.53000,1.08000,0.00000,0.00000,-0.87000,0.16000,-52.17000,90.62000
0.51000,0.53000,1.08000,-0.02000,0.00000,-0.87000,0.16000,-52.17000,90.62000
0.51000,0.53000,1.08000,0.00000,0.00000,-0.87000,0.16000,-57.12000,91.55000
0.51000,0.53000,1.08000,0.00000,0.00000,-0.87000,0.16000,-57.12000,91.55000
0.51000,0.53000,1.08000,0.00000,0.00000,-0.87000,0.16000,-62.55000,92.49000
0.51000,0.53000,1.08000,-0.02000,0.02000,-0.87000,0.16000,-62.55000,92.49000
0.51000,0.53000,1.08000,-0.27000,0.00000,-0.88000,0.15000,-67.53000,93.07000
0.51000,0.53000,1.07000,-0.50000,0.00000,-0.90000,0.14000,-67.53000,93.07000
0.51000,0.53000,1.05000,-0.81000,0.00000,-0.93000,0.10000,-66.30000,93.35000
0.51000,0.53000,1.03000,-1.00000,0.00000,-0.99000,0.03000,-66.30000,93.35000
0.50000,0.53000,1.01000,-1.06000,0.00000,-1.08000,-0.06000,-63.65000,91.58000
0.50000,0.53000,1.00000,-1.10000,0.00000,-1.18000,-0.16000,-63.65000,91.58000
0.50000,0.53000,0.97000,-1.25000,0.00000,-1.29000,-0.28000,-65.79000,87.91000
0.50000,0.53000,0.95000,-1.22000,0.00000,-1.44000,-0.40000,-65.79000,87.91000
0.50000,0.53000,0.93000,-1.22000,0.00000,-1.57000,-0.50000,-69.19000,82.88000
0.50000,0.52000,0.90000,-1.41000,0.00000,-1.68000,-0.59000,-69.19000,82.88000
0.50000,0.52000,0.87000,-1.62000,0.00000,-1.79000,-0.68000,-71.80000,77.15000
0.50000,0.52000,0.84000,-1.64000,0.00000,-1.89000,-0.76000,-71.80000,77.15000
0.50000,0.52000,0.81000,-1.76000,0.02000,-1.97000,-0.82000,-73.41000,71.06000
0.50000,0.52000,0.78000,-1.93000,0.00000,-2.04000,-0.86000,-73.41000,71.06000
0.49000,0.52000,0.74000,-2.01000,0.00000,-2.10000,-0.88000,-72.88000,65.17000
0.49000,0.52000,0.70000,-1.97000,0.00000,-2.14000,-0.90000,-72.88000,65.17000
0.49000,0.51000,0.67000,-2.01000,0.00000,-2.16000,-0.90000,-74.27000,59.58000
0.49000,0.51000,0.63000,-2.16000,0.00000,-2.19000,-0.91000,-74.27000,59.58000
0.49000,0.51000,0.59000,-2.20000,0.00000,-2.20000,-0.90000,-73.14000,54.13000
0.48000,0.51000,0.55000,-2.22000,0.00000,-2.21000,-0.91000,-73.14000,54.13000
0.48000,0.51000,0.51000,-2.32000,0.00000,-2.21000,-0.91000,-72.64000,48.66000
0.48000,0.51000,0.46000,-2.35000,0.00000,-2.21000,-0.91000,-72.64000,48.66000
0.48000,0.51000,0.42000,-2.35000,0.00000,-2.21000,-0.91000,-70.75000,43.19000
0.48000,0.50000,0.38000,-2.35000,0.00000,-2.21000,-0.91000,-70.75000,43.19000
0.47000,0.50000,0.34000,-2.32000,0.00000,-2.21000,-0.91000,-69.94000,37.68000
0.47000,0.50000,0.30000,-2.28000,0.00000,-2.21000,-0.92000,-69.94000,37.68000
0.47000,0.50000,0.26000,-2.26000,0.00000,-2.20000,-0.93000,-69.87000,31.99000
0.47000,0.50000,0.21000,-2.26000,0.00000,-2.19000,-0.94000,-69.87000,31.99000
0.46000,0.50000,0.17000,-2.24000,0.00000,-2.17000,-0.95000,-69.25000,26.03000
0.46000,0.50000,0.13000,-2.18000,0.00000,-2.15000,-0.97000,-69.25000,26.03000
0.46000,0.50000,0.10000,-2.18000,0.00000,-2.14000,-0.99000,-69.47000,19.78000
0.46000,0.50000,0.05000,-2.28000,0.00000,-2.12000,-1.00000,-69.47000,19.78000
0.45000,0.50000,0.01000,-2.37000,0.00000,-2.11000,-1.02000,-67.18000,13.37000
0.45000,0.50000,-0.03000,-2.30000,0.00000,-3.13000,-3.10000,-67.18000,13.37000
0.45000,0.50000,-0.07000,-2.26000,0.00000,-1.70000,-2.26000,-59.65000,-11.39000
0.45000,0.50000,-0.11000,-2.12000,0.00000,-1.01000,-2.11000,-59.65000,-11.39000
0.44000,0.50000,-0.14000,-1.87000,0.00000,-1.00000,-2.13000,-48.33000,-22.92000
0.44000,0.50000,-0.17000,-1.47000,0.00000,-0.98000,-2.14000,-48.33000,-22.92000
0.44000,0.50000,-0.19000,-1.06000,0.00000,-0.97000,-2.15000,-50.86000,-36.07000
0.44000,0.50000,-0.20000,-0.83000,0.00000,-0.96000,-2.16000,-50.86000,-36.07000
0.44000,0.50000,-0.22000,-0.66000,0.00000,-0.96000,-2.17000,-57.27000,-49.22000
0.44000,0.50000,-0.23000,-0.81000,0.00000,-0.95000,-2.17000,-57.27000,-49.22000
0.44000,0.50000,-0.25000,-1.00000,0.00000,-0.95000,-2.18000,-58.18000,-62.41000
0.44000,0.50000,-0.27000,-1.06000,0.00000,-0.94000,-2.19000,-58.18000,-62.41000
0.43000,0.50000,-0.29000,-1.08000,0.00000,-0.93000,-2.19000,-55.05000,-75.67000
0.43000,0.50000,-0.31000,-1.08000,0.00000,-0.93000,-2.20000,-55.05000,-75.67000
0.43000,0.50000,-0.32000,-0.96000,0.00000,-0.92000,-2.20000,-53.82000,-89.00000
0.43000,0.50000,-0.34000,-0.79000,0.00000,-0.92000,-2.21000,-53.82000,-89.00000
0.43000,0.50000,-0.35000,-0.71000,0.00000,-0.91000,-2.21000,-57.13000,-102.30000
0.43000,0.50000,-0.36000,-0.71000,-0.02000,-0.91000,-2.21000,-57.13000,-102.30000
0.43000,0.50000,-0.38000,-0.66000,0.00000,-0.91000,-2.21000,-59.10000,-115.29000
0.43000,0.50000,-0.39000,-0.75000,0.00000,-0.91000,-2.21000,-59.10000,-115.29000
0.43000,0.50000,-0.40000,-0.87000,0.00000,-0.91000,-2.21000,-59.70000,-128.77000
0.43000,0.50000,-0.42000,-0.79000,0.00000,-0.91000,-2.21000,-59.70000,-128.77000
0.43000,0.51000,-0.43000,-0.71000,0.00000,-0.91000,-2.21000,-60.03000,-142.06000
0.43000,0.51000,-0.44000,-0.79000,-0.08000,-0.91000,-2.21000,-60.03000,-142.06000
0.42000,0.51000,-0.46000,-0.71000,0.00000,-0.91000,-2.21000,-60.75000,-154.09000
0.42000,0.51000,-0.47000,-0.62000,0.00000,-0.91000,-2.21000,-60.75000,-154.09000
0.42000,0.51000,-0.48000,-0.62000,0.00000,-0.91000,-2.21000,-63.95000,-168.11000
0.42000,0.51000,-0.49000,-0.71000,0.00000,-0.91000,-2.21000,-63.95000,-168.11000
0.42000,0.51000,-0.50000,-0.62000,0.00000,-0.91000,-2.21000,-64.41000,-181.37000
0.42000,0.51000,-0.52000,-0.64000,0.00000,-0.91000,-2.21000,-64.41000,-181.37000
0.42000,0.51000,-0.53000,-0.73000,0.00000,-0.91000,-2.21000,-66.54000,-194.63000
0.42000,0.51000,-0.54000,-0.71000,0.00000,-0.91000,-2.21000,-66.54000,-194.63000
0.42000,0.51000,-0.55000,-0.64000,0.00000,-0.91000,-2.21000,-67.18000,-207.85000
0.42000,0.51000,-0.57000,-0.69000,0.00000,-0.91000,-2.21000,-67.18000,-207.85000
0.42000,0.51000,-0.58000,-0.62000,0.00000,-0.91000,-2.20000,-68.68000,-221.02000
0.42000,0.51000,-0.59000,-0.58000,0.00000,-0.90000,-2.20000,-68.68000,-221.02000
0.42000,0.51000,-0.60000,-0.58000,0.00000,-0.90000,-2.20000,-71.55000,-234.13000
0.42000,0.51000,-0.61000,-0.62000,0.00000,-0.90000,-2.19000,-71.55000,-234.13000
0.42000,0.51000,-0.62000,-0.56000,0.00000,-0.91000,-2.19000,-72.87000,-247.18000
0.42000,0.51000,-0.63000,-0.56000,0.00000,-0.91000,-2.18000,-72.87000,-247.18000
0.42000,0.51000,-0.64000,-0.54000,0.00000,-0.90000,-2.18000,-75.49000,-255.00000
0.41000,0.51000,-0.65000,-0.58000,0.00000,-0.90000,-2.17000,-75.49000,-255.00000
0.41000,0.51000,-0.66000,-0.62000,0.00000,-0.90000,-2.16000,-77.20000,-255.00000
0.41000,0.51000,-0.67000,-0.62000,0.00000,-0.90000,-2.15000,-77.20000,-255.00000
0.41000,0.51000,-0.68000,-0.66000,0.00000,-0.90000,-2.14000,-78.44000,-255.00000
0.41000,0.51000,-0.70000,-0.71000,0.00000,-0.89000,-2.12000,-78.44000,-255.00000
0.41000,0.51000,-0.71000,-0.77000,0.00000,-0.89000,-2.11000,-78.68000,-255.00000
0.41000,0.52000,-0.72000,-0.77000,0.00000,-0.88000,-2.09000,-78.68000,-255.00000
0.41000,0.52000,-0.74000,-0.75000,0.00000,-0.87000,-2.06000,-78.55000,-255.00000
0.41000,0.52000,-0.75000,-0.79000,0.00000,-0.85000,-2.03000,-78.55000,-255.00000
0.41000,0.52000,-0.77000,-0.79000,0.00000,-0.83000,-2.00000,-78.27000,-255.00000
0.41000,0.52000,-0.78000,-0.79000,0.00000,-0.80000,-1.95000,-78.27000,-255.00000
0.41000,0.52000,-0.80000,-0.79000,0.00000,-0.77000,-1.91000,-77.61000,-255.00000
0.41000,0.52000,-0.81000,-0.79000,0.00000,-0.73000,-1.85000,-77.61000,-255.00000
0.41000,0.52000,-0.82000,-0.75000,0.00000,-0.68000,-1.79000,-76.15000,-255.00000
0.41000,0.52000,-0.84000,-0.75000,0.00000,-0.62000,-1.71000,-76.15000,-255.00000
0.41000,0.52000,-0.85000,-0.71000,0.00000,-0.56000,-1.63000,-74.28000,-255.00000
0.40000,0.52000,-0.86000,-0.64000,0.00000,-0.49000,-1.55000,-74.28000,-255.00000
0.40000,0.52000,-0.87000,-0.60000,0.00000,-0.42000,-1.47000,-72.69000,-255.00000
0.40000,0.52000,-0.88000,-0.54000,0.00000,-0.35000,-1.38000,-72.69000,-255.00000
0.40000,0.52000,-0.89000,-0.46000,0.00000,-0.29000,-1.30000,-70.91000,-255.00000
0.40000,0.52000,-0.90000,-0.39000,0.00000,-0.23000,-1.24000,-70.91000,-255.00000
0.40000,0.52000,-0.90000,-0.33000,0.00000,-0.18000,-1.19000,-69.92000,-255.00000
0.40000,0.52000,-0.91000,-0.23000,0.00000,-0.14000,-1.15000,-69.92000,-255.00000
0.40000,0.52000,-0.91000,-0.08000,0.00000,-0.11000,-1.13000,-70.06000,-255.00000
0.40000,0.52000,-0.91000,-0.15000,0.00000,-0.10000,-1.12000,-70.06000,-255.00000
0.40000,0.52000,-0.91000,-0.19000,0.00000,-0.08000,-1.10000,-70.15000,-255.00000
0.40000,0.52000,-0.92000,-0.17000,0.00000,-0.06000,-1.08000,-70.15000,-255.00000
0.40000,0.52000,-0.92000,-0.17000,0.00000,-0.04000,-1.06000,-68.79000,-255.00000
0.40000,0.52000,-0.92000,-0.04000,0.00000,-0.02000,-1.04000,-68.79000,-255.00000
0.40000,0.52000,-0.92000,-0.12000,0.00000,-0.01000,-1.03000,-69.51000,-255.00000
0.40000,0.52000,-0.92000,0.00000,0.00000,0.00000,-1.02000,-69.51000,-255.00000
0.40000,0.52000,-0.92000,0.00000,0.00000,0.00000,-1.02000,-69.73000,-255.00000
0.40000,0.52000,-0.92000,0.00000,0.00000,0.00000,-1.02000,-69.73000,-255.00000
0.40000,0.52000,-0.92000,-0.02000,0.00000,0.00000,-1.02000,-69.71000,-255.00000
0.40000,0.52000,-0.92000,-0.02000,0.00000,0.01000,-1.02000,-69.71000,-255.00000
0.40000,0.52000,-0.92000,0.00000,0.00000,0.01000,-1.02000,-69.31000,-255.00000
0.40000,0.52000,-0.93000,-0.06000,0.00000,0.01000,-1.02000,-69.31000,-255.00000
0.40000,0.52000,-0.93000,-0.04000,0.00000,0.01000,-1.01000,-68.41000,-255.00000
0.40000,0.52000,-0.93000,0.00000,0.00000,0.02000,-1.00000,-68.41000,-255.00000
0.40000,0.52000,-0.93000,0.00000,0.00000,0.02000,-1.00000,-68.82000,-255.00000
0.40000,0.52000,-0.93000,0.00000,0.00000,0.02000,-1.00000,-68.82000,-255.00000
0.40000,0.52000,-0.93000,0.00000,0.00000,0.02000,-1.00000,-68.70000,-255.00000
0.40000,0.52000,-0.93000,0.00000,0.00000,0.02000,-1.00000,-68.70000,-255.00000
0.40000,0.52000,-0.93000,0.00000,0.00000,0.02000,-1.00000,-68.58000,-255.00000
0.40000,0.52000,-0.93000,0.00000,0.00000,0.02000,-1.00000,-68.58000,-255.00000
0.40000,0.52000,-0.93000,0.00000,0.00000,0.02000,-1.00000,-68.47000,-255.00000
0.40000,0.52000,-0.93000,0.00000,0.00000,0.02000,-1.00000,-68.47000,-255.00000
0.40000,0.52000,-0.93000,0.00000,0.00000,0.02000,-1.00000,-68.35000,-255.00000
0.40000,0.52000,-0.93000,0.00000,0.00000,0.02000,-1.00000,-68.35000,-255.00000
0.40000,0.52000,-0.93000,0.00000,0.00000,0.02000,-1.00000,-68.24000,-255.00000
0.40000,0.52000,-0.93000,0.00000,0.00000,0.02000,-1.00000,-68.24000,-255.00000
0.40000,0.52000,-0.93000,0.00000,0.00000,0.02000,-1.00000,-68.12000,-255.00000
0.40000,0.52000,-0.93000,0.00000,0.00000,0.02000,-1.00000,-68.12000,-255.00000
0.40000,0.52000,-0.93000,0.00000,0.00000,0.02000,-1.00000,-68.00000,-255.00000
0.40000,0.52000,-0.93000,0.00000,0.00000,0.02000,-1.00000,-68.00000,-255.00000
0.40000,0.52000,-0.93000,0.00000,0.00000,0.02000,-1.00000,-67.89000,-255.00000
0.40000,0.52000,-0.93000,0.00000,0.00000,0.02000,-1.00000,-67.89000,-255.00000
0.40000,0.52000,-0.93000,0.00000,0.00000,0.02000,-1.00000,-67.77000,-255.00000
0.40000,0.52000,-0.93000,0.00000,0.00000,0.02000,-1.00000,-67.77000,-255.00000
0.40000,0.52000,-0.93000,0.00000,0.00000,0.02000,-1.00000,-67.66000,-255.00000
0.40000,0.52000,-0.93000,0.00000,0.00000,0.02000,-1.00000,-67.66000,-255.00000
0.40000,0.52000,-0.93000,0.00000,0.00000,0.02000,-1.00000,-67.54000,-255.00000
0.40000,0.52000,-0.93000,0.00000,0.00000,0.02000,-1.00000,-67.54000,-255.00000
0.40000,0.52000,-0.93000,0.00000,0.00000,0.02000,-1.00000,-67.42000,-255.00000
0.40000,0.52000,-0.93000,0.00000,0.00000,0.02000,-1.00000,-67.42000,-255.00000
0.40000,0.52000,-0.93000,0.00000,0.00000,0.02000,-1.00000,-67.31000,-255.00000
0.40000,0.52000,-0.93000,0.00000,0.00000,0.02000,-1.00000,-67.31000,-255.00000
0.40000,0.52000,-0.93000,0.00000,0.00000,0.02000,-1.00000,-67.19000,-255.00000
0.40000,0.52000,-0.93000,0.00000,0.00000,0.02000,-1.00000,-67.19000,-255.00000
0.40000,0.52000,-0.93000,0.00000,0.00000,0.02000,-1.00000,-67.08000,-255.00000
0.40000,0.52000,-0.93000,0.00000,0.00000,0.02000,-1.00000,-67.08000,-255.00000
0.40000,0.52000,-0.93000,0.00000,0.00000,0.02000,-1.00000,-66.96000,-255.00000
0.40000,0.52000,-0.93000,0.00000,0.00000,0.02000,-1.00000,-66.96000,-255.00000
0.40000,0.52000,-0.93000,0.00000,0.00000,0.02000,-1.00000,-66.85000,-255.00000
0.40000,0.52000,-0.93000,0.00000,0.00000,0.02000,-1.00000,-66.85000,-255.00000
0.40000,0.52000,-0.93000,0.00000,0.00000,0.02000,-1.00000,-66.73000,-255.00000
0.40000,0.52000,-0.93000,0.00000,0.00000,0.02000,-1.00000,-66.73000,-255.00000
0.40000,0.52000,-0.93000,0.00000,0.00000,0.02000,-1.00000,-66.61000,-255.00000
0.40000,0.52000,-0.93000,0.00000,0.00000,0.02000,-1.00000,-66.61000,-255.00000
0.40000,0.52000,-0.93000,0.00000,0.00000,0.02000,-1.00000,-66.50000,-255.00000
0.40000,0.52000,-0.93000,0.00000,0.00000,0.02000,-1.00000,-66.50000,-255.00000
0.40000,0.52000,-0.93000,0.00000,0.00000,0.02000,-1.00000,-66.38000,-255.00000
0.40000,0.52000,-0.93000,0.00000,0.00000,0.02000,-1.00000,-66.38000,-255.00000
0.40000,0.52000,-0.93000,0.00000,0.00000,0.02000,-1.00000,-66.27000,-255.00000
0.40000,0.52000,-0.93000,0.00000,0.00000,0.02000,-1.00000,-66.27000,-255.00000
0.40000,0.52000,-0.93000,0.00000,0.00000,0.02000,-1.00000,-66.15000,-255.00000
0.40000,0.52000,-0.93000,0.00000,0.00000,0.02000,-1.00000,-66.15000,-255.00000
0.40000,0.52000,-0.93000,0.00000,0.00000,0.02000,-1.00000,-66.03000,-255.00000
0.40000,0.52000,-0.93000,0.00000,0.00000,0.02000,-1.00000,-66.03000,-255.00000
0.40000,0.52000,-0.93000,0.00000,0.00000,0.02000,-1.00000,-65.92000,-255.00000
0.40000,0.52000,-0.93000,0.00000,0.00000,0.02000,-1.00000,-65.92000,-255.00000
0.40000,0.52000,-0.93000,0.00000,0.00000,0.02000,-1.00000,-65.80000,-255.00000
0.40000,0.52000,-0.93000,0.00000,0.00000,0.02000,-1.00000,-65.80000,-255.00000
0.40000,0.52000,-0.93000,0.00000,0.00000,0.02000,-1.00000,-65.69000,-255.00000
0.40000,0.52000,-0.93000,0.00000,0.00000,0.02000,-1.00000,-65.69000,-255.00000
0.40000,0.52000,-0.93000,0.00000,0.00000,0.02000,-1.00000,-65.57000,-255.00000
0.40000,0.52000,-0.93000,0.00000,0.00000,0.02000,-1.00000,-65.57000,-255.00000
0.40000,0.52000,-0.93000,0.00000,0.00000,0.02000,-1.00000,-65.45000,-255.00000
0.40000,0.52000,-0.93000,0.00000,0.00000,0.02000,-1.00000,-65.45000,-255.00000
0.40000,0.52000,-0.93000,0.00000,0.00000,0.02000,-1.00000,-65.34000,-255.00000
0.40000,0.52000,-0.93000,0.00000,0.00000,0.02000,-1.00000,-65.34000,-255.00000
0.40000,0.52000,-0.93000,0.00000,0.00000,0.02000,-1.00000,-65.22000,-255.00000
0.40000,0.52000,-0.93000,0.00000,0.00000,0.02000,-1.00000,-65.22000,-255.00000
0.40000,0.52000,-0.93000,0.00000,0.00000,0.02000,-1.00000,-65.11000,-255.00000
0.40000,0.52000,-0.93000,0.00000,0.00000,0.02000,-1.00000,-65.11000,-255.00000
0.40000,0.52000,-0.93000,0.00000,0.00000,0.02000,-1.00000,-64.99000,-255.00000
0.40000,0.52000,-0.93000,0.00000,0.00000,0.02000,-1.00000,-64.99000,-255.00000
0.40000,0.52000,-0.93000,0.00000,0.00000,0.02000,-1.00000,-64.87000,-255.00000
0.40000,0.52000,-0.93000,0.00000,0.00000,0.02000,-1.00000,-64.87000,-255.00000
0.40000,0.52000,-0.93000,0.00000,0.00000,0.02000,-1.00000,-64.76000,-255.00000
0.40000,0.52000,-0.93000,0.00000,0.00000,0.02000,-1.00000,-64.76000,-255.00000
0.40000,0.52000,-0.93000,0.00000,0.00000,0.02000,-1.00000,-64.64000,-255.00000
0.40000,0.52000,-0.93000,0.00000,0.00000,0.02000,-1.00000,-64.64000,-255.00000
0.40000,0.52000,-0.93000,0.00000,0.00000,0.02000,-1.00000,-64.53000,-255.00000
0.40000,0.52000,-0.93000,0.00000,0.00000,0.02000,-1.00000,-64.53000,-255.00000
0.40000,0.52000,-0.93000,0.00000,0.00000,0.02000,-1.00000,-64.41000,-255.00000
0.40000,0.52000,-0.93000,0.00000,0.00000,0.02000,-1.00000,-64.41000,-255.00000
0.40000,0.52000,-0.93000,0.00000,0.00000,0.02000,-1.00000,-64.30000,-255.00000
0.40000,0.52000,-0.93000,0.00000,0.00000,0.02000,-1.00000,-64.30000,-255.00000
0.40000,0.52000,-0.93000,0.00000,0.00000,0.02000,-1.00000,-64.18000,-255.00000
0.40000,0.52000,-0.93000,0.00000,0.00000,0.02000,-1.00000,-64.18000,-255.00000
0.40000,0.52000,-0.93000,0.00000,0.00000,0.02000,-1.00000,-64.06000,-255.00000
0.40000,0.52000,-0.93000,0.00000,0.00000,0.02000,-1.00000,-64.06000,-255.00000
0.40000,0.52000,-0.93000,0.00000,0.00000,0.02000,-1.00000,-63.95000,-255.00000
0.40000,0.52000,-0.93000,0.00000,0.00000,0.02000,-1.00000,-63.95000,-255.00000
0.40000,0.52000,-0.93000,0.00000,0.00000,0.02000,-1.00000,-63.83000,-255.00000
0.40000,0.52000,-0.93000,0.00000,0.00000,0.02000,-1.00000,-63.83000,-255.00000
0.40000,0.52000,-0.93000,0.00000,0.00000,0.02000,-1.00000,-63.72000,-255.00000
0.40000,0.52000,-0.93000,0.00000,0.00000,0.02000,-1.00000,-63.72000,-255.00000
0.40000,0.52000,-0.93000,0.00000,0.00000,0.02000,-1.00000,-63.60000,-255.00000
0.40000,0.52000,-0.93000,0.00000,0.00000,0.02000,-1.00000,-63.60000,-255.00000
0.40000,0.52000,-0.93000,0.00000,0.00000,0.02000,-1.00000,-63.48000,-255.00000
0.40000,0.52000,-0.93000,0.00000,0.00000,0.02000,-1.00000,-63.48000,-255.00000
0.40000,0.52000,-0.93000,0.00000,0.00000,0.02000,-1.00000,-63.37000,-255.00000
0.40000,0.52000,-0.93000,0.00000,0.00000,0.02000,-1.00000,-63.37000,-255.00000
0.40000,0.52000,-0.93000,0.00000,0.00000,0.02000,-1.00000,-63.25000,-255.00000
0.40000,0.52000,-0.93000,0.00000,0.00000,0.02000,-1.00000,-63.25000,-255.00000
0.40000,0.52000,-0.93000,0.00000,0.00000,0.02000,-1.00000,-63.14000,-255.00000
0.40000,0.52000,-0.93000,0.00000,0.00000,0.02000,-1.00000,-63.14000,-255.00000
0.40000,0.52000,-0.93000,0.00000,0.00000,0.02000,-1.00000,-63.02000,-255.00000
0.40000,0.52000,-0.93000,0.00000,0.00000,0.02000,-1.00000,-63.02000,-255.00000
0.40000,0.52000,-0.93000,0.00000,0.00000,0.02000,-1.00000,-62.90000,-255.00000
0.40000,0.52000,-0.93000,0.00000,0.00000,0.02000,-1.00000,-62.90000,-255.00000
0.40000,0.52000,-0.93000,0.00000,0.00000,0.02000,-1.00000,-62.79000,-255.00000
0.40000,0.52000,-0.93000,0.00000,0.00000,0.02000,-1.00000,-62.79000,-255.00000
0.40000,0.52000,-0.93000,0.00000,0.00000,0.02000,-1.00000,-62.67000,-255.00000
0.40000,0.52000,-0.93000,0.00000,0.00000,0.02000,-1.00000,-62.67000,-255.00000
0.40000,0.52000,-0.93000,0.00000,0.00000,0.02000,-1.00000,-62.56000,-255.00000
0.40000,0.52000,-0.93000,0.00000,0.00000,0.02000,-1.00000,-62.56000,-255.00000
0.40000,0.52000,-0.93000,0.00000,0.00000,0.02000,-1.00000,-62.44000,-255.00000
0.40000,0.52000,-0.93000,0.00000,0.00000,0.02000,-1.00000,-62.44000,-255.00000
0.40000,0.52000,-0.93000,0.00000,0.00000,0.02000,-1.00000,-62.33000,-255.00000
0.40000,0.52000,-0.93000,0.00000,0.00000,0.02000,-1.00000,-62.33000,-255.00000
0.40000,0.52000,-0.93000,0.00000,0.00000,0.02000,-1.00000,-62.21000,-255.00000
0.40000,0.52000,-0.93000,0.00000,0.00000,0.02000,-1.00000,-62.21000,-255.00000
0.40000,0.52000,-0.93000,0.00000,0.00000,0.02000,-1.00000,-62.09000,-255.00000
0.40000,0.52000,-0.93000,0.00000,0.00000,0.02000,-1.00000,-62.09000,-255.00000
0.40000,0.52000,-0.93000,0.00000,0.00000,0.02000,-1.00000,-61.98000,-255.00000
0.40000,0.52000,-0.93000,0.00000,0.00000,0.02000,-1.00000,-61.98000,-255.00000
0.40000,0.52000,-0.93000,0.00000,0.00000,0.02000,-1.00000,-61.86000,-255.00000
0.40000,0.52000,-0.93000,0.00000,0.00000,0.02000,-1.00000,-61.86000,-255.00000
0.40000,0.52000,-0.93000,0.00000,0.00000,0.02000,-1.00000,-61.75000,-255.00000
0.40000,0.52000,-0.93000,0.00000,0.00000,0.02000,-1.00000,-61.75000,-255.00000
0.40000,0.52000,-0.93000,0.00000,0.00000,0.02000,-1.00000,-61.63000,-255.00000
0.40000,0.52000,-0.93000,0.00000,0.00000,0.02000,-1.00000,-61.63000,-255.00000
0.40000,0.52000,-0.93000,0.00000,0.00000,0.02000,-1.00000,-61.51000,-255.00000
0.40000,0.52000,-0.93000,0.00000,0.00000,0.02000,-1.00000,-61.51000,-255.00000
0.40000,0.52000,-0.93000,0.00000,0.00000,0.02000,-1.00000,-61.40000,-255.00000
0.40000,0.52000,-0.93000,0.00000,0.00000,0.02000,-1.00000,-61.40000,-255.00000
0.40000,0.52000,-0.93000,0.00000,0.00000,0.02000,-1.00000,-61.28000,-255.00000
0.40000,0.52000,-0.93000,0.00000,0.00000,0.02000,-1.00000,-61.28000,-255.00000
0.40000,0.52000,-0.93000,0.00000,0.00000,0.02000,-1.00000,-61.17000,-255.00000
0.40000,0.52000,-0.93000,0.00000,0.00000,0.02000,-1.00000,-61.17000,-255.00000
0.40000,0.52000,-0.93000,0.00000,0.00000,0.02000,-1.00000,-61.05000,-255.00000
0.40000,0.52000,-0.93000,0.00000,0.00000,0.02000,-1.00000,-61.05000,-255.00000
0.40000,0.52000,-0.93000,0.00000,0.00000,0.02000,-1.00000,-60.93000,-255.00000
0.40000,0.52000,-0.93000,0.00000,0.00000,0.02000,-1.00000,-60.93000,-255.00000
0.40000,0.52000,-0.93000,0.00000,0.00000,0.02000,-1.00000,-60.82000,-255.00000
0.40000,0.52000,-0.93000,0.00000,0.00000,0.02000,-1.00000,-60.82000,-255.00000
0.40000,0.52000,-0.93000,0.00000,0.00000,0.02000,-1.00000,-60.70000,-255.00000
0.40000,0.52000,-0.93000,0.00000,0.00000,0.02000,-1.00000,-60.70000,-255.00000
0.40000,0.52000,-0.93000,0.00000,0.00000,0.02000,-1.00000,-60.59000,-255.00000
0.40000,0.52000,-0.93000,0.00000,0.00000,0.02000,-1.00000,-60.59000,-255.00000
0.40000,0.52000,-0.93000,0.00000,0.00000,0.02000,-1.00000,-60.47000,-255.00000
0.40000,0.52000,-0.93000,0.00000,0.00000,0.02000,-1.00000,-60.47000,-255.00000
0.40000,0.52000,-0.93000,0.00000,0.00000,0.02000,-1.00000,-60.36000,-255.00000
0.40000,0.52000,-0.93000,0.00000,0.00000,0.02000,-1.00000,-60.36000,-255.00000
0.40000,0.52000,-0.93000,0.00000,0.00000,0.02000,-1.00000,-60.24000,-255.00000
0.40000,0.52000,-0.93000,0.00000,0.00000,0.02000,-1.00000,-60.24000,-255.00000
0.40000,0.52000,-0.93000,0.00000,0.00000,0.02000,-1.00000,-60.12000,-255.00000
0.40000,0.52000,-0.93000,0.00000,0.00000,0.02000,-1.00000,-60.12000,-255.00000
0.40000,0.52000,-0.93000,0.00000,0.00000,0.02000,-1.00000,-60.01000,-255.00000
0.40000,0.52000,-0.93000,0.00000,0.00000,0.02000,-1.00000,-60.01000,-255.00000
0.40000,0.52000,-0.93000,0.00000,0.00000,0.02000,-1.00000,-59.89000,-255.00000
0.40000,0.52000,-0.93000,0.00000,0.00000,0.02000,-1.00000,-59.89000,-255.00000
0.40000,0.52000,-0.93000,0.00000,0.00000,0.02000,-1.00000,-59.78000,-255.00000
0.40000,0.52000,-0.93000,0.00000,0.00000,0.02000,-1.00000,-59.78000,-255.00000
0.40000,0.52000,-0.93000,0.00000,0.00000,0.02000,-1.00000,-59.66000,-255.00000
0.40000,0.52000,-0.93000,0.00000,0.00000,0.02000,-1.00000,-59.66000,-255.00000
0.40000,0.52000,-0.93000,0.00000,0.00000,0.02000,-1.00000,-59.54000,-255.00000
0.40000,0.52000,-0.93000,0.00000,0.00000,0.02000,-1.00000,-59.54000,-255.00000
0.40000,0.52000,-0.93000,0.00000,0.00000,0.02000,-1.00000,-59.43000,-255.00000
0.40000,0.52000,-0.93000,0.00000,0.00000,0.02000,-1.00000,-59.43000,-255.00000
0.40000,0.52000,-0.93000,0.00000,0.00000,0.02000,-1.00000,-59.31000,-255.00000
0.40000,0.52000,-0.93000,0.00000,0.00000,0.02000,-1.00000,-59.31000,-255.00000
0.40000,0.52000,-0.93000,0.00000,0.00000,0.02000,-1.00000,-59.20000,-255.00000
0.40000,0.52000,-0.93000,0.00000,0.00000,0.02000,-1.00000,-59.20000,-255.00000
0.40000,0.52000,-0.93000,0.00000,0.00000,0.02000,-1.00000,-59.08000,-255.00000
0.40000,0.52000,-0.93000,0.00000,0.00000,0.02000,-1.00000,-59.08000,-255.00000
0.40000,0.52000,-0.93000,0.00000,0.00000,0.02000,-1.00000,-58.96000,-255.00000
0.40000,0.52000,-0.93000,0.00000,0.00000,0.02000,-1.00000,-58.96000,-255.00000
0.40000,0.52000,-0.93000,0.00000,0.00000,0.02000,-1.00000,-58.85000,-255.00000
0.40000,0.52000,-0.93000,0.00000,0.00000,0.02000,-1.00000,-58.85000,-255.00000
0.40000,0.52000,-0.93000,0.00000,0.00000,0.02000,-1.00000,-58.73000,-255.00000
0.40000,0.52000,-0.93000,0.00000,0.00000,0.02000,-1.00000,-58.73000,-255.00000
0.40000,0.52000,-0.93000,0.00000,0.00000,0.02000,-1.00000,-58.62000,-255.00000
0.40000,0.52000,-0.93000,0.00000,0.00000,0.02000,-1.00000,-58.62000,-255.00000
0.40000,0.52000,-0.93000,0.00000,0.00000,0.02000,-1.00000,-58.50000,-255.00000
0.40000,0.52000,-0.93000,0.00000,0.00000,0.02000,-1.00000,-58.50000,-255.00000
0.40000,0.52000,-0.93000,0.00000,0.00000,0.02000,-1.00000,-58.39000,-255.00000
0.40000,0.52000,-0.93000,0.00000,0.00000,0.02000,-1.00000,-58.39000,-255.00000
0.40000,0.52000,-0.93000,0.00000,0.00000,0.02000,-1.00000,-58.27000,-255.00000
0.40000,0.52000,-0.93000,0.00000,0.00000,0.02000,-1.00000,-58.27000,-255.00000
0.40000,0.52000,-0.93000,0.00000,0.00000,0.02000,-1.00000,-58.15000,-255.00000
0.40000,0.52000,-0.93000,0.00000,0.00000,0.02000,-1.00000,-58.15000,-255.00000
0.40000,0.52000,-0.93000,0.00000,0.00000,0.02000,-1.00000,-58.04000,-255.00000
0.40000,0.52000,-0.93000,0.00000,0.00000,0.02000,-1.00000,-58.04000,-255.00000
0.40000,0.52000,-0.93000,0.00000,0.00000,0.02000,-1.00000,-57.92000,-255.00000
0.40000,0.52000,-0.93000,0.00000,0.00000,0.02000,-1.00000,-57.92000,-255.00000
0.40000,0.52000,-0.93000,0.00000,0.00000,0.02000,-1.00000,-57.81000,-255.00000
0.40000,0.52000,-0.93000,0.00000,0.00000,0.02000,-1.00000,-57.81000,-255.00000
0.40000,0.52000,-0.93000,0.00000,0.00000,0.02000,-1.00000,-57.69000,-255.00000
0.40000,0.52000,-0.93000,0.00000,0.00000,0.02000,-1.00000,-57.69000,-255.00000
0.40000,0.52000,-0.93000,0.00000,0.00000,0.02000,-1.00000,-57.57000,-255.00000
0.40000,0.52000,-0.93000,0.00000,0.00000,0.02000,-1.00000,-57.57000,-255.00000
0.40000,0.52000,-0.93000,0.00000,0.00000,0.02000,-1.00000,-57.46000,-255.00000
0.40000,0.52000,-0.93000,0.00000,0.00000,0.02000,-1.00000,-57.46000,-255.00000
0.40000,0.52000,-0.93000,0.00000,0.00000,0.02000,-1.00000,-57.34000,-255.00000
0.40000,0.52000,-0.93000,0.00000,0.00000,0.02000,-1.00000,-57.34000,-255.00000
0.40000,0.52000,-0.93000,0.00000,0.00000,0.02000,-1.00000,-57.23000,-255.00000
0.40000,0.52000,-0.93000,0.00000,0.00000,0.02000,-1.00000,-57.23000,-255.00000
0.40000,0.52000,-0.93000,0.00000,0.00000,0.02000,-1.00000,-57.11000,-255.00000
0.40000,0.52000,-0.93000,0.00000,0.00000,0.02000,-1.00000,-57.11000,-255.00000
0.40000,0.52000,-0.93000,0.00000,0.00000,0.02000,-1.00000,-56.99000,-255.00000
0.40000,0.52000,-0.93000,0.00000,0.00000,0.02000,-1.00000,-56.99000,-255.00000
0.40000,0.52000,-0.93000,0.00000,0.00000,0.02000,-1.00000,-56.88000,-255.00000
0.40000,0.52000,-0.93000,0.00000,0.00000,0.02000,-1.00000,-56.88000,-255.00000
0.40000,0.52000,-0.93000,0.00000,0.00000,0.02000,-1.00000,-56.76000,-255.00000
0.40000,0.52000,-0.93000,0.00000,0.00000,0.02000,-1.00000,-56.76000,-255.00000
0.40000,0.52000,-0.93000,0.00000,0.00000,0.02000,-1.00000,-56.65000,-255.00000
0.40000,0.52000,-0.93000,0.00000,0.00000,0.02000,-1.00000,-56.65000,-255.00000
0.40000,0.52000,-0.93000,0.00000,0.00000,0.02000,-1.00000,-56.53000,-255.00000
0.40000,0.52000,-0.93000,0.00000,0.00000,0.02000,-1.00000,-56.53000,-255.00000
0.40000,0.52000,-0.93000,0.00000,0.00000,0.02000,-1.00000,-56.41000,-255.00000
0.40000,0.52000,-0.93000,0.00000,0.00000,0.02000,-1.00000,-56.41000,-255.00000
0.40000,0.52000,-0.93000,0.00000,0.00000,0.02000,-1.00000,-56.30000,-255.00000
0.40000,0.52000,-0.93000,0.00000,0.00000,0.02000,-1.00000,-56.30000,-255.00000
0.40000,0.52000,-0.93000,0.00000,0.00000,0.02000,-1.00000,-56.18000,-255.00000
0.40000,0.52000,-0.93000,0.00000,0.00000,0.02000,-1.00000,-56.18000,-255.00000
0.40000,0.52000,-0.93000,0.00000,0.00000,0.02000,-1.00000,-56.07000,-255.00000
0.40000,0.52000,-0.93000,0.00000,0.00000,0.02000,-1.00000,-56.07000,-255.00000
0.40000,0.52000,-0.93000,0.00000,0.00000,0.02000,-1.00000,-55.95000,-255.00000
0.40000,0.52000,-0.93000,0.00000,0.00000,0.02000,-1.00000,-55.95000,-255.00000
0.40000,0.52000,-0.93000,0.00000,0.00000,0.02000,-1.00000,-55.84000,-255.00000
0.40000,0.52000,-0.93000,0.00000,0.00000,0.02000,-1.00000,-55.84000,-255.00000
0.40000,0.52000,-0.93000,0.00000,0.00000,0.02000,-1.00000,-55.72000,-255.00000
0.40000,0.52000,-0.93000,0.00000,0.00000,0.02000,-1.00000,-55.72000,-255.00000
0.40000,0.52000,-0.93000,0.00000,0.00000,0.02000,-1.00000,-55.60000,-255.00000
0.40000,0.52000,-0.93000,0.00000,0.00000,0.02000,-1.00000,-55.60000,-255.00000
0.40000,0.52000,-0.93000,0.00000,0.00000,0.02000,-1.00000,-55.49000,-255.00000
0.40000,0.52000,-0.93000,0.00000,0.00000,0.02000,-1.00000,-55.49000,-255.00000
0.40000,0.52000,-0.93000,0.00000,0.00000,0.02000,-1.00000,-55.37000,-255.00000
0.40000,0.52000,-0.93000,0.00000,0.00000,0.02000,-1.00000,-55.37000,-255.00000
0.40000,0.52000,-0.93000,0.00000,0.00000,0.02000,-1.00000,-55.26000,-255.00000
0.40000,0.52000,-0.93000,0.00000,0.00000,0.02000,-1.00000,-55.26000,-255.00000
0.40000,0.52000,-0.93000,0.00000,0.00000,0.02000,-1.00000,-55.14000,-255.00000
0.40000,0.52000,-0.93000,0.00000,0.00000,0.02000,-1.00000,-55.14000,-255.00000
0.40000,0.52000,-0.93000,0.00000,0.00000,0.02000,-1.00000,-55.02000,-255.00000
0.40000,0.52000,-0.93000,0.00000,0.00000,0.02000,-1.00000,-55.02000,-255.00000
0.40000,0.52000,-0.93000,0.00000,0.00000,0.02000,-1.00000,-54.91000,-255.00000
0.40000,0.52000,-0.93000,0.00000,0.00000,0.02000,-1.00000,-54.91000,-255.00000
0.40000,0.52000,-0.93000,0.00000,0.00000,0.02000,-1.00000,-54.79000,-255.00000
0.40000,0.52000,-0.93000,0.00000,0.00000,0.02000,-1.00000,-54.79000,-255.00000
0.40000,0.52000,-0.93000,0.00000,0.00000,0.02000,-1.00000,-54.68000,-255.00000
0.40000,0.52000,-0.93000,0.00000,0.00000,0.02000,-1.00000,-54.68000,-255.00000
0.40000,0.52000,-0.93000,0.00000,0.00000,0.02000,-1.00000,-54.56000,-255.00000
0.40000,0.52000,-0.93000,0.00000,0.00000,0.02000,-1.00000,-54.56000,-255.00000
0.40000,0.52000,-0.93000,0.00000,0.00000,0.02000,-1.00000,-54.44000,-255.00000
0.40000,0.52000,-0.93000,0.00000,0.00000,0.02000,-1.00000,-54.44000,-255.00000
0.40000,0.52000,-0.93000,0.00000,0.00000,0.02000,-1.00000,-54.33000,-255.00000
0.40000,0.52000,-0.93000,0.00000,0.00000,0.02000,-1.00000,-54.33000,-255.00000
0.40000,0.52000,-0.93000,0.00000,0.00000,0.02000,-1.00000,-54.21000,-255.00000
0.40000,0.52000,-0.93000,0.00000,0.00000,0.02000,-1.00000,-54.21000,-255.00000
0.40000,0.52000,-0.93000,0.00000,0.00000,0.02000,-1.00000,-54.10000,-255.00000
0.40000,0.52000,-0.93000,0.00000,0.00000,0.02000,-1.00000,-54.10000,-255.00000
0.40000,0.52000,-0.93000,0.00000,0.00000,0.02000,-1.00000,-53.98000,-255.00000
0.40000,0.52000,-0.93000,0.00000,0.00000,0.02000,-1.00000,-53.98000,-255.00000
0.40000,0.52000,-0.93000,0.00000,0.00000,0.02000,-1.00000,-53.87000,-255.00000
0.40000,0.52000,-0.93000,0.00000,0.00000,0.02000,-1.00000,-53.87000,-255.00000
0.40000,0.52000,-0.93000,0.00000,0.00000,0.02000,-1.00000,-53.75000,-255.00000
0.40000,0.52000,-0.93000,0.00000,0.00000,0.02000,-1.00000,-53.75000,-255.00000
0.40000,0.52000,-0.93000,0.00000,0.00000,0.02000,-1.00000,-53.63000,-255.00000
0.40000,0.52000,-0.93000,0.00000,0.00000,0.02000,-1.00000,-53.63000,-255.00000
0.40000,0.52000,-0.93000,0.00000,0.00000,0.02000,-1.00000,-53.52000,-255.00000
0.40000,0.52000,-0.93000,0.00000,0.00000,0.02000,-1.00000,-53.52000,-255.00000
0.40000,0.52000,-0.93000,0.00000,0.00000,0.02000,-1.00000,-53.40000,-255.00000
0.40000,0.52000,-0.93000,0.00000,0.00000,0.02000,-1.00000,-53.40000,-255.00000
0.40000,0.52000,-0.93000,0.00000,0.00000,0.02000,-1.00000,-53.29000,-255.00000
0.40000,0.52000,-0.93000,0.00000,0.00000,0.02000,-1.00000,-53.29000,-255.00000
0.40000,0.52000,-0.93000,0.00000,0.00000,0.02000,-1.00000,-53.17000,-255.00000
0.40000,0.52000,-0.93000,0.00000,0.00000,0.02000,-1.00000,-53.17000,-255.00000
0.40000,0.52000,-0.93000,0.00000,0.00000,0.02000,-1.00000,-53.05000,-255.00000
0.40000,0.52000,-0.93000,0.00000,0.00000,0.02000,-1.00000,-53.05000,-255.00000
0.40000,0.52000,-0.93000,0.00000,0.00000,0.02000,-1.00000,-52.94000,-255.00000
0.40000,0.52000,-0.93000,0.00000,0.00000,0.02000,-1.00000,-52.94000,-255.00000
0.40000,0.52000,-0.93000,0.00000,0.00000,0.02000,-1.00000,-52.82000,-255.00000
0.40000,0.52000,-0.93000,0.00000,0.00000,0.02000,-1.00000,-52.82000,-255.00000
0.40000,0.52000,-0.93000,0.00000,0.00000,0.02000,-1.00000,-52.71000,-255.00000
0.40000,0.52000,-0.93000,0.00000,0.00000,0.02000,-1.00000,-52.71000,-255.00000
0.40000,0.52000,-0.93000,0.00000,0.00000,0.02000,-1.00000,-52.59000,-255.00000
0.40000,0.52000,-0.93000,0.00000,0.00000,0.02000,-1.00000,-52.59000,-255.00000
0.40000,0.52000,-0.93000,0.00000,0.00000,0.02000,-1.00000,-52.47000,-255.00000
0.40000,0.52000,-0.93000,0.00000,0.00000,0.02000,-1.00000,-52.47000,-255.00000
0.40000,0.52000,-0.93000,0.00000,0.00000,0.02000,-1.00000,-52.36000,-255.00000
0.40000,0.52000,-0.93000,0.00000,0.00000,0.02000,-1.00000,-52.36000,-255.00000
0.40000,0.52000,-0.93000,0.00000,0.00000,0.02000,-1.00000,-52.24000,-255.00000
0.40000,0.52000,-0.93000,0.00000,0.00000,0.02000,-1.00000,-52.24000,-255.00000
0.40000,0.52000,-0.93000,0.00000,0.00000,0.02000,-1.00000,-52.13000,-255.00000
0.40000,0.52000,-0.93000,0.00000,0.00000,0.02000,-1.00000,-52.13000,-255.00000
0.40000,0.52000,-0.93000,0.00000,0.00000,0.02000,-1.00000,-52.01000,-255.00000
0.40000,0.52000,-0.93000,0.00000,0.00000,0.02000,-1.00000,-52.01000,-255.00000
0.40000,0.52000,-0.93000,0.00000,0.00000,0.02000,-1.00000,-51.90000,-255.00000
0.40000,0.52000,-0.93000,0.00000,0.00000,0.02000,-1.00000,-51.90000,-255.00000
0.40000,0.52000,-0.93000,0.00000,0.00000,0.02000,-1.00000,-51.78000,-255.00000
0.40000,0.52000,-0.93000,0.00000,0.00000,0.02000,-1.00000,-51.78000,-255.00000
0.40000,0.52000,-0.93000,0.00000,0.00000,0.02000,-1.00000,-51.66000,-255.00000
0.40000,0.52000,-0.93000,0.00000,0.00000,0.02000,-1.00000,-51.66000,-255.00000
0.40000,0.52000,-0.93000,0.00000,0.00000,0.02000,-1.00000,-51.55000,-255.00000
0.40000,0.52000,-0.93000,0.00000,0.00000,0.02000,-1.00000,-51.55000,-255.00000
0.40000,0.52000,-0.93000,0.02000,0.00000,0.02000,-1.00000,-51.43000,-255.00000
0.40000,0.52000,-0.93000,0.00000,0.00000,0.02000,-1.01000,-51.43000,-255.00000
0.40000,0.52000,-0.93000,0.00000,0.00000,0.02000,-1.01000,-51.35000,-255.00000
0.40000,0.52000,-0.93000,0.00000,0.00000,0.02000,-1.01000,-51.35000,-255.00000
0.40000,0.52000,-0.93000,0.00000,0.00000,0.02000,-1.01000,-51.25000,-255.00000
0.40000,0.52000,-0.93000,0.00000,0.00000,0.02000,-1.01000,-51.25000,-255.00000
0.40000,0.52000,-0.93000,0.00000,0.00000,0.02000,-1.01000,-51.14000,-255.00000
0.40000,0.52000,-0.93000,0.00000,0.00000,0.02000,-1.01000,-51.14000,-255.00000
0.40000,0.52000,-0.93000,0.00000,0.00000,0.02000,-1.01000,-51.04000,-255.00000
0.40000,0.52000,-0.93000,0.00000,0.00000,0.02000,-1.01000,-51.04000,-255.00000
0.40000,0.52000,-0.93000,0.00000,0.00000,0.02000,-1.01000,-50.94000,-255.00000
0.40000,0.52000,-0.93000,0.00000,0.00000,0.02000,-1.01000,-50.94000,-255.00000
0.40000,0.52000,-0.93000,0.00000,0.00000,0.02000,-1.01000,-50.84000,-255.00000
0.40000,0.52000,-0.93000,0.00000,0.00000,0.02000,-1.01000,-50.84000,-255.00000
0.40000,0.52000,-0.93000,0.00000,0.00000,0.02000,-1.01000,-50.74000,-255.00000
0.40000,0.52000,-0.93000,0.00000,0.00000,0.02000,-1.01000,-50.74000,-255.00000
0.40000,0.52000,-0.93000,0.00000,0.00000,0.02000,-1.01000,-50.63000,-255.00000
0.40000,0.52000,-0.93000,0.00000,0.00000,0.02000,-1.01000,-50.63000,-255.00000
0.40000,0.52000,-0.93000,0.00000,0.00000,0.02000,-1.01000,-50.53000,-255.00000
0.40000,0.52000,-0.93000,0.00000,0.00000,0.02000,-1.01000,-50.53000,-255.00000
0.40000,0.52000,-0.93000,0.00000,0.00000,0.02000,-1.01000,-50.43000,-255.00000
0.40000,0.52000,-0.93000,0.00000,0.00000,0.02000,-1.01000,-50.43000,-255.00000
0.40000,0.52000,-0.93000,0.00000,0.00000,0.02000,-1.01000,-50.33000,-255.00000
0.40000,0.52000,-0.93000,0.00000,0.00000,0.02000,-1.01000,-50.33000,-255.00000
0.40000,0.52000,-0.93000,0.00000,0.00000,0.02000,-1.01000,-50.22000,-255.00000
0.40000,0.52000,-0.93000,0.00000,0.00000,0.02000,-1.01000,-50.22000,-255.00000
0.40000,0.52000,-0.93000,0.00000,0.00000,0.02000,-1.01000,-50.12000,-255.00000
0.40000,0.52000,-0.93000,0.00000,0.00000,0.02000,-1.01000,-50.12000,-255.00000
0.40000,0.52000,-0.93000,0.00000,0.00000,0.02000,-1.01000,-50.02000,-255.00000
0.40000,0.52000,-0.93000,0.00000,0.00000,0.02000,-1.01000,-50.02000,-255.00000
0.40000,0.52000,-0.93000,0.00000,0.00000,0.02000,-1.01000,-49.92000,-255.00000
0.40000,0.52000,-0.93000,0.00000,0.00000,0.02000,-1.01000,-49.92000,-255.00000
0.40000,0.52000,-0.93000,0.00000,0.00000,0.02000,-1.01000,-49.81000,-255.00000
0.40000,0.52000,-0.93000,0.00000,0.00000,0.02000,-1.01000,-49.81000,-255.00000
0.40000,0.52000,-0.93000,0.00000,0.00000,0.02000,-1.01000,-49.71000,-255.00000
0.40000,0.52000,-0.93000,0.00000,0.00000,0.02000,-1.01000,-49.71000,-255.00000
0.40000,0.52000,-0.93000,0.00000,0.00000,0.02000,-1.01000,-49.61000,-255.00000
0.40000,0.52000,-0.93000,0.00000,0.00000,0.02000,-1.01000,-49.61000,-255.00000
0.40000,0.52000,-0.93000,0.00000,0.00000,0.02000,-1.01000,-49.51000,-255.00000
0.40000,0.52000,-0.93000,0.00000,0.00000,0.02000,-1.01000,-49.51000,-255.00000
0.40000,0.52000,-0.93000,0.00000,0.00000,0.02000,-1.01000,-49.40000,-255.00000
0.40000,0.52000,-0.93000,0.00000,0.00000,0.02000,-1.01000,-49.40000,-255.00000
0.40000,0.52000,-0.93000,0.00000,0.00000,0.02000,-1.01000,-49.30000,-255.00000
0.40000,0.52000,-0.93000,0.00000,0.00000,0.02000,-1.01000,-49.30000,-255.00000
0.40000,0.52000,-0.93000,0.00000,0.00000,0.02000,-1.01000,-49.20000,-255.00000
0.40000,0.52000,-0.93000,0.00000,0.00000,0.02000,-1.01000,-49.20000,-255.00000
0.40000,0.52000,-0.93000,0.00000,0.00000,0.02000,-1.01000,-49.10000,-255.00000
0.40000,0.52000,-0.93000,0.00000,0.00000,0.02000,-1.01000,-49.10000,-255.00000
0.40000,0.52000,-0.93000,0.00000,0.00000,0.02000,-1.01000,-49.00000,-255.00000
0.40000,0.52000,-0.93000,0.00000,0.00000,0.02000,-1.01000,-49.00000,-255.00000
0.40000,0.52000,-0.93000,0.00000,0.00000,0.02000,-1.01000,-48.89000,-255.00000
0.40000,0.52000,-0.93000,0.00000,0.00000,0.02000,-1.01000,-48.89000,-255.00000
0.40000,0.52000,-0.93000,0.00000,0.00000,0.02000,-1.01000,-48.79000,-255.00000
0.40000,0.52000,-0.93000,0.00000,0.00000,0.02000,-1.01000,-48.79000,-255.00000
0.40000,0.52000,-0.93000,0.00000,0.00000,0.02000,-1.01000,-48.69000,-255.00000
0.40000,0.52000,-0.93000,0.00000,0.00000,0.02000,-1.01000,-48.69000,-255.00000
0.40000,0.52000,-0.93000,0.00000,0.00000,0.02000,-1.01000,-48.59000,-255.00000
0.40000,0.52000,-0.93000,0.00000,0.00000,0.02000,-1.01000,-48.59000,-255.00000
0.40000,0.52000,-0.93000,0.00000,0.00000,0.02000,-1.01000,-48.48000,-255.00000
0.40000,0.52000,-0.93000,0.00000,0.00000,0.02000,-1.01000,-48.48000,-255.00000
0.40000,0.52000,-0.93000,0.00000,0.00000,0.02000,-1.01000,-48.38000,-255.00000
0.40000,0.52000,-0.93000,0.00000,0.00000,0.02000,-1.01000,-48.38000,-255.00000
0.40000,0.52000,-0.93000,0.00000,0.00000,0.02000,-1.01000,-48.28000,-255.00000
0.40000,0.52000,-0.93000,0.00000,0.00000,0.02000,-1.01000,-48.28000,-255.00000
0.40000,0.52000,-0.93000,0.00000,0.00000,0.02000,-1.01000,-48.18000,-255.00000
0.40000,0.52000,-0.93000,0.00000,0.00000,0.02000,-1.01000,-48.18000,-255.00000
0.40000,0.52000,-0.93000,0.00000,0.00000,0.02000,-1.01000,-48.07000,-255.00000
0.40000,0.52000,-0.93000,0.00000,0.00000,0.02000,-1.01000,-48.07000,-255.00000
0.40000,0.52000,-0.93000,0.00000,0.00000,0.02000,-1.01000,-47.97000,-255.00000
0.40000,0.52000,-0.93000,0.00000,0.00000,0.02000,-1.01000,-47.97000,-255.00000
0.40000,0.52000,-0.93000,0.00000,0.00000,0.02000,-1.01000,-47.87000,-255.00000
0.40000,0.52000,-0.93000,0.00000,0.00000,0.02000,-1.01000,-47.87000,-255.00000
0.40000,0.52000,-0.93000,0.00000,0.00000,0.02000,-1.01000,-47.77000,-255.00000
0.40000,0.52000,-0.93000,0.00000,0.00000,0.02000,-1.01000,-47.77000,-255.00000
0.40000,0.52000,-0.93000,0.00000,0.00000,0.02000,-1.01000,-47.66000,-255.00000
0.40000,0.52000,-0.93000,0.00000,0.00000,0.02000,-1.01000,-47.66000,-255.00000
0.40000,0.52000,-0.93000,0.00000,0.00000,0.02000,-1.01000,-47.56000,-255.00000
0.40000,0.52000,-0.93000,0.00000,0.00000,0.02000,-1.01000,-47.56000,-255.00000
0.40000,0.52000,-0.93000,0.00000,0.00000,0.02000,-1.01000,-47.46000,-255.00000
0.40000,0.52000,-0.93000,0.00000,0.00000,0.02000,-1.01000,-47.46000,-255.00000
0.40000,0.52000,-0.93000,0.00000,0.00000,0.02000,-1.01000,-47.36000,-255.00000
0.40000,0.52000,-0.93000,0.00000,0.00000,0.02000,-1.01000,-47.36000,-255.00000
0.40000,0.52000,-0.93000,0.00000,0.00000,0.02000,-1.01000,-47.25000,-255.00000
0.40000,0.52000,-0.93000,0.00000,0.00000,0.02000,-1.01000,-47.25000,-255.00000
0.40000,0.52000,-0.93000,0.00000,0.00000,0.02000,-1.01000,-47.15000,-255.00000
0.40000,0.52000,-0.93000,0.00000,0.00000,0.02000,-1.01000,-47.15000,-255.00000
0.40000,0.52000,-0.93000,0.00000,0.00000,0.02000,-1.01000,-47.05000,-255.00000
0.40000,0.52000,-0.93000,0.00000,0.00000,0.02000,-1.01000,-47.05000,-255.00000
0.40000,0.52000,-0.93000,0.00000,0.00000,0.02000,-1.01000,-46.95000,-255.00000
0.40000,0.52000,-0.93000,0.00000,0.00000,0.02000,-1.01000,-46.95000,-255.00000
0.40000,0.52000,-0.93000,0.00000,0.00000,0.02000,-1.01000,-46.85000,-255.00000
0.40000,0.52000,-0.93000,0.00000,0.00000,0.02000,-1.01000,-46.85000,-255.00000
0.40000,0.52000,-0.93000,0.00000,0.00000,0.02000,-1.01000,-46.74000,-255.00000
0.40000,0.52000,-0.93000,0.00000,0.00000,0.02000,-1.01000,-46.74000,-255.00000
0.40000,0.52000,-0.93000,0.00000,0.00000,0.02000,-1.01000,-46.64000,-255.00000
0.40000,0.52000,-0.93000,0.00000,0.00000,0.02000,-1.01000,-46.64000,-255.00000
0.40000,0.52000,-0.93000,0.00000,0.00000,0.02000,-1.01000,-46.54000,-255.00000
0.40000,0.52000,-0.93000,0.00000,0.00000,0.02000,-1.01000,-46.54000,-255.00000
0.40000,0.52000,-0.93000,0.00000,0.00000,0.02000,-1.01000,-46.44000,-255.00000
0.40000,0.52000,-0.93000,0.00000,0.00000,0.02000,-1.01000,-46.44000,-255.00000
0.40000,0.52000,-0.93000,0.00000,0.00000,0.02000,-1.01000,-46.33000,-255.00000
0.40000,0.52000,-0.93000,0.00000,0.00000,0.02000,-1.01000,-46.33000,-255.00000
0.40000,0.52000,-0.93000,0.00000,0.00000,0.02000,-1.01000,-46.23000,-255.00000
0.40000,0.52000,-0.93000,0.00000,0.00000,0.02000,-1.01000,-46.23000,-255.00000
0.40000,0.52000,-0.93000,0.00000,0.00000,0.02000,-1.01000,-46.13000,-255.00000
0.40000,0.52000,-0.93000,0.00000,0.00000,0.02000,-1.01000,-46.13000,-255.00000
0.40000,0.52000,-0.93000,0.00000,0.00000,0.02000,-1.01000,-46.03000,-255.00000
0.40000,0.52000,-0.93000,0.00000,0.00000,0.02000,-1.01000,-46.03000,-255.00000
0.40000,0.52000,-0.93000,0.00000,0.00000,0.02000,-1.01000,-45.92000,-255.00000
0.40000,0.52000,-0.93000,0.00000,0.00000,0.02000,-1.01000,-45.92000,-255.00000
0.40000,0.52000,-0.93000,0.00000,0.00000,0.02000,-1.01000,-45.82000,-255.00000
0.40000,0.52000,-0.93000,0.00000,0.00000,0.02000,-1.01000,-45.82000,-255.00000
0.40000,0.52000,-0.93000,0.00000,0.00000,0.02000,-1.01000,-45.72000,-255.00000
0.40000,0.52000,-0.93000,0.00000,0.00000,0.02000,-1.01000,-45.72000,-255.00000
0.40000,0.52000,-0.93000,0.00000,0.00000,0.02000,-1.01000,-45.62000,-255.00000
0.40000,0.52000,-0.93000,0.00000,0.00000,0.02000,-1.01000,-45.62000,-255.00000
0.40000,0.52000,-0.93000,0.00000,0.00000,0.02000,-1.01000,-45.51000,-255.00000
0.40000,0.52000,-0.93000,0.00000,0.00000,0.02000,-1.01000,-45.51000,-255.00000
0.40000,0.52000,-0.93000,0.00000,0.00000,0.02000,-1.01000,-45.41000,-255.00000
0.40000,0.52000,-0.93000,0.00000,0.00000,0.02000,-1.01000,-45.41000,-255.00000
0.40000,0.52000,-0.93000,0.00000,0.00000,0.02000,-1.01000,-45.31000,-255.00000
0.40000,0.52000,-0.93000,0.00000,0.00000,0.02000,-1.01000,-45.31000,-255.00000
0.40000,0.52000,-0.93000,0.00000,0.00000,0.02000,-1.01000,-45.21000,-255.00000
0.40000,0.52000,-0.93000,0.00000,0.00000,0.02000,-1.01000,-45.21000,-255.00000
0.40000,0.52000,-0.93000,0.00000,0.00000,0.02000,-1.01000,-45.10000,-255.00000
0.40000,0.52000,-0.93000,0.00000,0.00000,0.02000,-1.01000,-45.10000,-255.00000
0.40000,0.52000,-0.93000,0.00000,0.00000,0.02000,-1.01000,-45.00000,-255.00000
0.40000,0.52000,-0.93000,0.00000,0.00000,0.02000,-1.01000,-45.00000,-255.00000
0.40000,0.52000,-0.93000,0.00000,0.00000,0.02000,-1.01000,-44.90000,-255.00000
0.40000,0.52000,-0.93000,0.00000,0.00000,0.02000,-1.01000,-44.90000,-255.00000
0.40000,0.52000,-0.93000,0.00000,0.00000,0.02000,-1.01000,-44.80000,-255.00000
0.40000,0.52000,-0.93000,0.00000,0.00000,0.02000,-1.01000,-44.80000,-255.00000
0.40000,0.52000,-0.93000,0.00000,0.00000,0.02000,-1.01000,-44.70000,-255.00000
0.40000,0.52000,-0.93000,0.00000,0.00000,0.02000,-1.01000,-44.70000,-255.00000
0.40000,0.52000,-0.93000,0.00000,0.00000,0.02000,-1.01000,-44.59000,-255.00000
0.40000,0.52000,-0.93000,0.00000,0.00000,0.02000,-1.01000,-44.59000,-255.00000
0.40000,0.52000,-0.93000,0.00000,0.00000,0.02000,-1.01000,-44.49000,-255.00000
0.40000,0.52000,-0.93000,0.00000,0.00000,0.02000,-1.01000,-44.49000,-255.00000
0.40000,0.52000,-0.93000,0.00000,0.00000,0.02000,-1.01000,-44.39000,-255.00000
0.40000,0.52000,-0.93000,0.00000,0.00000,0.02000,-1.01000,-44.39000,-255.00000
0.40000,0.52000,-0.93000,0.00000,0.00000,0.02000,-1.01000,-44.29000,-255.00000
0.40000,0.52000,-0.93000,0.00000,0.00000,0.02000,-1.01000,-44.29000,-255.00000
0.40000,0.52000,-0.93000,0.00000,0.00000,0.02000,-1.01000,-44.18000,-255.00000
0.40000,0.52000,-0.93000,0.00000,0.00000,0.02000,-1.01000,-44.18000,-255.00000
0.40000,0.52000,-0.93000,0.00000,0.00000,0.02000,-1.01000,-44.08000,-255.00000
0.40000,0.52000,-0.93000,0.00000,0.00000,0.02000,-1.01000,-44.08000,-255.00000
0.40000,0.52000,-0.93000,0.00000,0.00000,0.02000,-1.01000,-43.98000,-255.00000
0.40000,0.52000,-0.93000,0.00000,0.00000,0.02000,-1.01000,-43.98000,-255.00000
0.40000,0.52000,-0.93000,0.00000,0.00000,0.02000,-1.01000,-43.88000,-255.00000
0.40000,0.52000,-0.93000,0.00000,0.00000,0.02000,-1.01000,-43.88000,-255.00000
0.40000,0.52000,-0.93000,0.00000,0.00000,0.02000,-1.01000,-43.77000,-255.00000
0.40000,0.52000,-0.93000,0.00000,0.00000,0.02000,-1.01000,-43.77000,-255.00000
0.40000,0.52000,-0.93000,0.00000,0.00000,0.02000,-1.01000,-43.67000,-255.00000
0.40000,0.52000,-0.93000,0.00000,0.00000,0.02000,-1.01000,-43.67000,-255.00000
0.40000,0.52000,-0.93000,0.00000,0.00000,0.02000,-1.01000,-43.57000,-255.00000
0.40000,0.52000,-0.93000,0.00000,0.00000,0.02000,-1.01000,-43.57000,-255.00000
0.40000,0.52000,-0.93000,0.00000,0.00000,0.02000,-1.01000,-43.47000,-255.00000
0.40000,0.52000,-0.93000,0.00000,0.00000,0.02000,-1.01000,-43.47000,-255.00000
0.40000,0.52000,-0.93000,0.00000,0.00000,0.02000,-1.01000,-43.36000,-255.00000
0.40000,0.52000,-0.93000,0.00000,0.00000,0.02000,-1.01000,-43.36000,-255.00000
0.40000,0.52000,-0.93000,0.00000,0.00000,0.02000,-1.01000,-43.26000,-255.00000
0.40000,0.52000,-0.93000,0.00000,0.00000,0.02000,-1.01000,-43.26000,-255.00000
0.40000,0.52000,-0.93000,0.00000,0.00000,0.02000,-1.01000,-43.16000,-255.00000
0.40000,0.52000,-0.93000,0.00000,0.00000,0.02000,-1.01000,-43.16000,-255.00000
0.40000,0.52000,-0.93000,0.00000,0.00000,0.02000,-1.01000,-43.06000,-255.00000
0.40000,0.52000,-0.93000,0.00000,0.00000,0.02000,-1.01000,-43.06000,-255.00000
0.40000,0.52000,-0.93000,0.00000,0.00000,0.02000,-1.01000,-42.96000,-255.00000
0.40000,0.52000,-0.93000,0.00000,0.00000,0.02000,-1.01000,-42.96000,-255.00000
0.40000,0.52000,-0.93000,0.00000,0.00000,0.02000,-1.01000,-42.85000,-255.00000
0.40000,0.52000,-0.93000,0.00000,0.00000,0.02000,-1.01000,-42.85000,-255.00000
0.40000,0.52000,-0.93000,0.00000,0.00000,0.02000,-1.01000,-42.75000,-255.00000
0.40000,0.52000,-0.93000,0.00000,0.00000,0.02000,-1.01000,-42.75000,-255.00000
0.40000,0.52000,-0.93000,0.00000,0.00000,0.02000,-1.01000,-42.65000,-255.00000
0.40000,0.52000,-0.93000,0.00000,0.00000,0.02000,-1.01000,-42.65000,-255.00000
0.40000,0.52000,-0.93000,0.00000,0.00000,0.02000,-1.01000,-42.55000,-255.00000
0.40000,0.52000,-0.93000,0.00000,0.00000,0.02000,-1.01000,-42.55000,-255.00000
0.40000,0.52000,-0.93000,0.00000,0.00000,0.02000,-1.01000,-42.44000,-255.00000
0.40000,0.52000,-0.93000,0.00000,0.00000,0.02000,-1.01000,-42.44000,-255.00000
0.40000,0.52000,-0.93000,0.00000,0.00000,0.02000,-1.01000,-42.34000,-255.00000
0.40000,0.52000,-0.93000,0.00000,0.00000,0.02000,-1.01000,-42.34000,-255.00000
0.40000,0.52000,-0.93000,0.00000,0.00000,0.02000,-1.01000,-42.24000,-255.00000
0.40000,0.52000,-0.93000,0.00000,0.00000,0.02000,-1.01000,-42.24000,-255.00000
0.40000,0.52000,-0.93000,0.00000,0.00000,0.02000,-1.01000,-42.14000,-255.00000
0.40000,0.52000,-0.93000,0.00000,0.00000,0.02000,-1.01000,-42.14000,-255.00000
0.40000,0.52000,-0.93000,0.00000,0.00000,0.02000,-1.01000,-42.03000,-255.00000
0.40000,0.52000,-0.93000,0.00000,0.00000,0.02000,-1.01000,-42.03000,-255.00000
0.40000,0.52000,-0.93000,0.00000,0.00000,0.02000,-1.01000,-41.93000,-255.00000
0.40000,0.52000,-0.93000,0.00000,0.00000,0.02000,-1.01000,-41.93000,-255.00000
0.40000,0.52000,-0.93000,0.00000,0.00000,0.02000,-1.01000,-41.83000,-255.00000
0.40000,0.52000,-0.93000,0.00000,0.00000,0.02000,-1.01000,-41.83000,-255.00000
0.40000,0.52000,-0.93000,0.00000,0.00000,0.02000,-1.01000,-41.73000,-255.00000
0.40000,0.52000,-0.93000,0.00000,0.00000,0.02000,-1.01000,-41.73000,-255.00000
0.40000,0.52000,-0.93000,0.00000,0.00000,0.02000,-1.01000,-41.62000,-255.00000
0.40000,0.52000,-0.93000,0.00000,0.00000,0.02000,-1.01000,-41.62000,-255.00000
0.40000,0.52000,-0.93000,0.00000,0.00000,0.02000,-1.01000,-41.52000,-255.00000
0.40000,0.52000,-0.93000,0.00000,0.00000,0.02000,-1.01000,-41.52000,-255.00000
0.40000,0.52000,-0.93000,0.00000,0.00000,0.02000,-1.01000,-41.42000,-255.00000
0.40000,0.52000,-0.93000,0.00000,0.00000,0.02000,-1.01000,-41.42000,-255.00000
0.40000,0.52000,-0.93000,0.00000,0.00000,0.02000,-1.01000,-41.32000,-255.00000
0.40000,0.52000,-0.93000,0.00000,0.00000,0.02000,-1.01000,-41.32000,-255.00000
0.40000,0.52000,-0.93000,0.00000,0.00000,0.02000,-1.01000,-41.21000,-255.00000
0.40000,0.52000,-0.93000,0.00000,0.00000,0.02000,-1.01000,-41.21000,-255.00000
0.40000,0.52000,-0.93000,0.00000,0.00000,0.02000,-1.01000,-41.11000,-255.00000
0.40000,0.52000,-0.93000,0.00000,0.00000,0.02000,-1.01000,-41.11000,-255.00000
0.40000,0.52000,-0.93000,0.00000,0.00000,0.02000,-1.01000,-41.01000,-255.00000
0.40000,0.52000,-0.93000,0.00000,0.00000,0.02000,-1.01000,-41.01000,-255.00000
0.40000,0.52000,-0.93000,0.00000,0.00000,0.02000,-1.01000,-40.91000,-255.00000
0.40000,0.52000,-0.93000,0.00000,0.00000,0.02000,-1.01000,-40.91000,-255.00000
0.40000,0.52000,-0.93000,0.00000,0.00000,0.02000,-1.01000,-40.81000,-255.00000
0.40000,0.52000,-0.93000,0.00000,0.00000,0.02000,-1.01000,-40.81000,-255.00000
0.40000,0.52000,-0.93000,0.00000,0.00000,0.02000,-1.01000,-40.70000,-255.00000
0.40000,0.52000,-0.93000,0.00000,0.00000,0.02000,-1.01000,-40.70000,-255.00000
0.40000,0.52000,-0.93000,0.00000,0.00000,0.02000,-1.01000,-40.60000,-255.00000
0.40000,0.52000,-0.93000,0.00000,0.00000,0.02000,-1.01000,-40.60000,-255.00000
0.40000,0.52000,-0.93000,0.00000,0.00000,0.02000,-1.01000,-40.50000,-255.00000
0.40000,0.52000,-0.93000,0.00000,0.00000,0.02000,-1.01000,-40.50000,-255.00000
0.40000,0.52000,-0.93000,0.00000,0.00000,0.02000,-1.01000,-40.40000,-255.00000
0.40000,0.52000,-0.93000,0.00000,0.00000,0.02000,-1.01000,-40.40000,-255.00000
0.40000,0.52000,-0.93000,0.00000,0.00000,0.02000,-1.01000,-40.29000,-255.00000
0.40000,0.52000,-0.93000,0.00000,0.00000,0.02000,-1.01000,-40.29000,-255.00000
0.40000,0.52000,-0.93000,0.00000,0.00000,0.02000,-1.01000,-40.19000,-255.00000
0.40000,0.52000,-0.93000,0.00000,0.00000,0.02000,-1.01000,-40.19000,-255.00000
0.40000,0.52000,-0.93000,0.00000,0.00000,0.02000,-1.01000,-40.09000,-255.00000
0.40000,0.52000,-0.93000,0.00000,0.00000,0.02000,-1.01000,-40.09000,-255.00000
0.40000,0.52000,-0.93000,0.00000,0.00000,0.02000,-1.01000,-39.99000,-255.00000
0.40000,0.52000,-0.93000,0.00000,0.00000,0.02000,-1.01000,-39.99000,-255.00000
0.40000,0.52000,-0.93000,0.00000,0.00000,0.02000,-1.01000,-39.88000,-255.00000
0.40000,0.52000,-0.93000,0.00000,0.00000,0.02000,-1.01000,-39.88000,-255.00000
0.40000,0.52000,-0.93000,0.00000,0.00000,0.02000,-1.01000,-39.78000,-255.00000
0.40000,0.52000,-0.93000,0.00000,0.00000,0.02000,-1.01000,-39.78000,-255.00000
0.40000,0.52000,-0.93000,0.00000,0.00000,0.02000,-1.01000,-39.68000,-255.00000
0.40000,0.52000,-0.93000,0.00000,0.00000,0.02000,-1.01000,-39.68000,-255.00000
0.40000,0.52000,-0.93000,0.00000,0.00000,0.02000,-1.01000,-39.58000,-255.00000
0.40000,0.52000,-0.93000,0.00000,0.00000,0.02000,-1.01000,-39.58000,-255.00000
0.40000,0.52000,-0.93000,0.00000,0.00000,0.02000,-1.01000,-39.47000,-255.00000
0.40000,0.52000,-0.93000,0.00000,0.00000,0.02000,-1.01000,-39.47000,-255.00000
0.40000,0.52000,-0.93000,0.00000,0.00000,0.02000,-1.01000,-39.37000,-255.00000
0.40000,0.52000,-0.93000,0.00000,0.00000,0.02000,-1.01000,-39.37000,-255.00000
0.40000,0.52000,-0.93000,0.00000,0.00000,0.02000,-1.01000,-39.27000,-255.00000
0.40000,0.52000,-0.93000,0.00000,0.00000,0.02000,-1.01000,-39.27000,-255.00000
0.40000,0.52000,-0.93000,0.00000,0.00000,0.02000,-1.01000,-39.17000,-255.00000
0.40000,0.52000,-0.93000,0.00000,0.00000,0.02000,-1.01000,-39.17000,-255.00000
0.40000,0.52000,-0.93000,0.00000,0.00000,0.02000,-1.01000,-39.07000,-255.00000
0.40000,0.52000,-0.93000,0.00000,0.00000,0.02000,-1.01000,-39.07000,-255.00000
0.40000,0.52000,-0.93000,0.00000,0.00000,0.02000,-1.01000,-38.96000,-255.00000
0.40000,0.52000,-0.93000,0.00000,0.00000,0.02000,-1.01000,-38.96000,-255.00000
0.40000,0.52000,-0.93000,0.00000,0.00000,0.02000,-1.01000,-38.86000,-255.00000
0.40000,0.52000,-0.93000,0.00000,0.00000,0.02000,-1.01000,-38.86000,-255.00000
0.40000,0.52000,-0.93000,0.00000,0.00000,0.02000,-1.01000,-38.76000,-255.00000
0.40000,0.52000,-0.93000,0.00000,0.00000,0.02000,-1.01000,-38.76000,-255.00000
0.40000,0.52000,-0.93000,0.00000,0.00000,0.02000,-1.01000,-38.66000,-255.00000
0.40000,0.52000,-0.93000,0.00000,0.00000,0.02000,-1.01000,-38.66000,-255.00000
0.40000,0.52000,-0.93000,0.00000,0.00000,0.02000,-1.01000,-38.55000,-255.00000
0.40000,0.52000,-0.93000,0.00000,0.00000,0.02000,-1.01000,-38.55000,-255.00000
0.40000,0.52000,-0.93000,0.00000,0.00000,0.02000,-1.01000,-38.45000,-255.00000
0.40000,0.52000,-0.93000,0.00000,0.00000,0.02000,-1.01000,-38.45000,-255.00000
0.40000,0.52000,-0.93000,0.00000,0.00000,0.02000,-1.01000,-38.35000,-255.00000
0.40000,0.52000,-0.93000,0.00000,0.00000,0.02000,-1.01000,-38.35000,-255.00000
0.40000,0.52000,-0.93000,0.00000,0.00000,0.02000,-1.01000,-38.25000,-255.00000
0.40000,0.52000,-0.93000,0.00000,0.00000,0.02000,-1.01000,-38.25000,-255.00000
0.40000,0.52000,-0.93000,0.00000,0.00000,0.02000,-1.01000,-38.14000,-255.00000
0.40000,0.52000,-0.93000,0.00000,0.00000,0.02000,-1.01000,-38.14000,-255.00000
0.40000,0.52000,-0.93000,0.00000,0.00000,0.02000,-1.01000,-38.04000,-255.00000
0.40000,0.52000,-0.93000,0.00000,0.00000,0.02000,-1.01000,-38.04000,-255.00000
0.40000,0.52000,-0.93000,0.00000,0.00000,0.02000,-1.01000,-37.94000,-255.00000
0.40000,0.52000,-0.93000,0.00000,0.00000,0.02000,-1.01000,-37.94000,-255.00000
0.40000,0.52000,-0.93000,0.00000,0.00000,0.02000,-1.01000,-37.84000,-255.00000
0.40000,0.52000,-0.93000,0.00000,0.00000,0.02000,-1.01000,-37.84000,-255.00000
0.40000,0.52000,-0.93000,0.00000,0.00000,0.02000,-1.01000,-37.73000,-255.00000
0.40000,0.52000,-0.93000,0.00000,0.00000,0.02000,-1.01000,-37.73000,-255.00000
0.40000,0.52000,-0.93000,0.00000,0.00000,0.02000,-1.01000,-37.63000,-255.00000
0.40000,0.52000,-0.93000,0.00000,0.00000,0.02000,-1.01000,-37.63000,-255.00000
0.40000,0.52000,-0.93000,0.00000,0.00000,0.02000,-1.01000,-37.53000,-255.00000
0.40000,0.52000,-0.93000,0.00000,0.00000,0.02000,-1.01000,-37.53000,-255.00000
0.40000,0.52000,-0.93000,0.00000,0.00000,0.02000,-1.01000,-37.43000,-255.00000
0.40000,0.52000,-0.93000,0.00000,0.00000,0.02000,-1.01000,-37.43000,-255.00000
0.40000,0.52000,-0.93000,0.00000,0.00000,0.02000,-1.01000,-37.32000,-255.00000
0.40000,0.52000,-0.93000,0.00000,0.00000,0.02000,-1.01000,-37.32000,-255.00000
0.40000,0.52000,-0.93000,0.00000,0.00000,0.02000,-1.01000,-37.22000,-255.00000
0.40000,0.52000,-0.93000,0.00000,0.00000,0.02000,-1.01000,-37.22000,-255.00000
0.40000,0.52000,-0.93000,0.00000,0.00000,0.02000,-1.01000,-37.12000,-255.00000
0.40000,0.52000,-0.93000,0.00000,0.00000,0.02000,-1.01000,-37.12000,-255.00000
0.40000,0.52000,-0.93000,0.00000,0.00000,0.02000,-1.01000,-37.02000,-255.00000
0.40000,0.52000,-0.93000,0.00000,0.00000,0.02000,-1.01000,-37.02000,-255.00000
0.40000,0.52000,-0.93000,0.00000,0.00000,0.02000,-1.01000,-36.92000,-255.00000
0.40000,0.52000,-0.93000,0.00000,0.00000,0.02000,-1.01000,-36.92000,-255.00000
0.40000,0.52000,-0.93000,0.00000,0.00000,0.02000,-1.01000,-36.81000,-255.00000
0.40000,0.52000,-0.93000,0.00000,0.00000,0.02000,-1.01000,-36.81000,-255.00000
0.40000,0.52000,-0.93000,0.00000,0.00000,0.02000,-1.01000,-36.71000,-255.00000
0.40000,0.52000,-0.93000,0.00000,0.00000,0.02000,-1.01000,-36.71000,-255.00000
0.40000,0.52000,-0.93000,0.00000,0.00000,0.02000,-1.01000,-36.61000,-255.00000
0.40000,0.52000,-0.93000,0.00000,0.00000,0.02000,-1.01000,-36.61000,-255.00000
0.40000,0.52000,-0.93000,0.00000,0.00000,0.02000,-1.01000,-36.51000,-255.00000
0.40000,0.52000,-0.93000,0.00000,0.00000,0.02000,-1.01000,-36.51000,-255.00000
0.40000,0.52000,-0.93000,0.00000,0.00000,0.02000,-1.01000,-36.40000,-255.00000
0.40000,0.52000,-0.93000,0.00000,0.00000,0.02000,-1.01000,-36.40000,-255.00000
0.40000,0.52000,-0.93000,0.00000,0.00000,0.02000,-1.01000,-36.30000,-255.00000
0.40000,0.52000,-0.93000,0.00000,0.00000,0.02000,-1.01000,-36.30000,-255.00000
0.40000,0.52000,-0.93000,0.00000,0.00000,0.02000,-1.01000,-36.20000,-255.00000
0.40000,0.52000,-0.93000,0.00000,0.00000,0.02000,-1.01000,-36.20000,-255.00000
0.40000,0.52000,-0.93000,0.00000,0.00000,0.02000,-1.01000,-36.10000,-255.00000
0.40000,0.52000,-0.93000,0.00000,0.00000,0.02000,-1.01000,-36.10000,-255.00000
0.40000,0.52000,-0.93000,0.00000,0.00000,0.02000,-1.01000,-35.99000,-255.00000
0.40000,0.52000,-0.93000,0.00000,0.00000,0.02000,-1.01000,-35.99000,-255.00000
0.40000,0.52000,-0.93000,0.00000,0.00000,0.02000,-1.01000,-35.89000,-255.00000
0.40000,0.52000,-0.93000,0.00000,0.00000,0.02000,-1.01000,-35.89000,-255.00000
0.40000,0.52000,-0.93000,0.00000,0.00000,0.02000,-1.01000,-35.79000,-255.00000
0.40000,0.52000,-0.93000,0.00000,0.00000,0.02000,-1.01000,-35.79000,-255.00000
0.40000,0.52000,-0.93000,0.00000,0.00000,0.02000,-1.01000,-35.69000,-255.00000
0.40000,0.52000,-0.93000,0.00000,0.00000,0.02000,-1.01000,-35.69000,-255.00000
0.40000,0.52000,-0.93000,0.00000,0.00000,0.02000,-1.01000,-35.58000,-255.00000
0.40000,0.52000,-0.93000,0.00000,0.00000,0.02000,-1.01000,-35.58000,-255.00000
0.40000,0.52000,-0.93000,0.00000,0.00000,0.02000,-1.01000,-35.48000,-255.00000
0.40000,0.52000,-0.93000,0.00000,0.00000,0.02000,-1.01000,-35.48000,-255.00000
0.40000,0.52000,-0.93000,0.00000,0.00000,0.02000,-1.01000,-35.38000,-255.00000
0.40000,0.52000,-0.93000,0.00000,0.00000,0.02000,-1.01000,-35.38000,-255.00000
0.40000,0.52000,-0.93000,0.00000,0.00000,0.02000,-1.01000,-35.28000,-255.00000
0.40000,0.52000,-0.93000,0.00000,0.00000,0.02000,-1.01000,-35.28000,-255.00000
0.40000,0.52000,-0.93000,0.00000,0.00000,0.02000,-1.01000,-35.17000,-255.00000
0.40000,0.52000,-0.93000,0.00000,0.00000,0.02000,-1.01000,-35.17000,-255.00000
0.40000,0.52000,-0.93000,0.00000,0.00000,0.02000,-1.01000,-35.07000,-255.00000
0.40000,0.52000,-0.93000,0.00000,0.00000,0.02000,-1.01000,-35.07000,-255.00000
0.40000,0.52000,-0.93000,0.00000,0.00000,0.02000,-1.01000,-34.97000,-255.00000
0.40000,0.52000,-0.93000,0.00000,0.00000,0.02000,-1.01000,-34.97000,-255.00000
0.40000,0.52000,-0.93000,0.00000,0.00000,0.02000,-1.01000,-34.87000,-255.00000
0.40000,0.52000,-0.93000,0.00000,0.00000,0.02000,-1.01000,-34.87000,-255.00000
0.40000,0.52000,-0.93000,0.00000,0.00000,0.02000,-1.01000,-34.77000,-255.00000
0.40000,0.52000,-0.93000,0.00000,0.00000,0.02000,-1.01000,-34.77000,-255.00000
0.40000,0.52000,-0.93000,0.00000,0.00000,0.02000,-1.01000,-34.66000,-255.00000
0.40000,0.52000,-0.93000,0.00000,0.00000,0.02000,-1.01000,-34.66000,-255.00000
0.40000,0.52000,-0.93000,0.00000,0.00000,0.02000,-1.01000,-34.56000,-255.00000
0.40000,0.52000,-0.93000,0.00000,0.00000,0.02000,-1.01000,-34.56000,-255.00000
0.40000,0.52000,-0.93000,0.00000,0.00000,0.02000,-1.01000,-34.46000,-255.00000
0.40000,0.52000,-0.93000,0.00000,0.00000,0.02000,-1.01000,-34.46000,-255.00000
0.40000,0.52000,-0.93000,0.00000,0.00000,0.02000,-1.01000,-34.36000,-255.00000
0.40000,0.52000,-0.93000,0.00000,0.00000,0.02000,-1.01000,-34.36000,-255.00000
0.40000,0.52000,-0.93000,0.00000,0.00000,0.02000,-1.01000,-34.25000,-255.00000
0.40000,0.52000,-0.93000,0.00000,0.00000,0.02000,-1.01000,-34.25000,-255.00000
0.40000,0.52000,-0.93000,0.00000,0.00000,0.02000,-1.01000,-34.15000,-255.00000
0.40000,0.52000,-0.93000,0.00000,0.00000,0.02000,-1.01000,-34.15000,-255.00000
0.40000,0.52000,-0.93000,0.00000,0.00000,0.02000,-1.01000,-34.05000,-255.00000
0.40000,0.52000,-0.93000,0.00000,0.00000,0.02000,-1.01000,-34.05000,-255.00000
0.40000,0.52000,-0.93000,0.00000,0.00000,0.02000,-1.01000,-33.95000,-255.00000
0.40000,0.52000,-0.93000,0.00000,0.00000,0.02000,-1.01000,-33.95000,-255.00000
0.40000,0.52000,-0.93000,0.00000,0.00000,0.02000,-1.01000,-33.84000,-255.00000
0.40000,0.52000,-0.93000,0.00000,0.00000,0.02000,-1.01000,-33.84000,-255.00000
0.40000,0.52000,-0.93000,0.00000,0.00000,0.02000,-1.01000,-33.74000,-255.00000
0.40000,0.52000,-0.93000,0.00000,0.00000,0.02000,-1.01000,-33.74000,-255.00000
0.40000,0.52000,-0.93000,0.00000,0.00000,0.02000,-1.01000,-33.64000,-255.00000
0.40000,0.52000,-0.93000,0.00000,0.00000,0.02000,-1.01000,-33.64000,-255.00000
0.40000,0.52000,-0.93000,0.00000,0.00000,0.02000,-1.01000,-33.54000,-255.00000
0.40000,0.52000,-0.93000,0.00000,0.00000,0.02000,-1.01000,-33.54000,-255.00000
0.40000,0.52000,-0.93000,0.00000,0.00000,0.02000,-1.01000,-33.43000,-255.00000
0.40000,0.52000,-0.93000,0.00000,0.00000,0.02000,-1.01000,-33.43000,-255.00000
0.40000,0.52000,-0.93000,0.00000,0.00000,0.02000,-1.01000,-33.33000,-255.00000
0.40000,0.52000,-0.93000,0.00000,0.00000,0.02000,-1.01000,-33.33000,-255.00000
0.40000,0.52000,-0.93000,0.00000,0.00000,0.02000,-1.01000,-33.23000,-255.00000
0.40000,0.52000,-0.93000,0.00000,0.00000,0.02000,-1.01000,-33.23000,-255.00000
0.40000,0.52000,-0.93000,0.00000,0.00000,0.02000,-1.01000,-33.13000,-255.00000
0.40000,0.52000,-0.93000,0.00000,0.00000,0.02000,-1.01000,-33.13000,-255.00000
0.40000,0.52000,-0.93000,0.00000,0.00000,0.02000,-1.01000,-33.03000,-255.00000
0.40000,0.52000,-0.93000,0.00000,0.00000,0.02000,-1.01000,-33.03000,-255.00000
0.40000,0.52000,-0.93000,0.00000,0.00000,0.02000,-1.01000,-32.92000,-255.00000
0.40000,0.52000,-0.93000,0.00000,0.00000,0.02000,-1.01000,-32.92000,-255.00000
0.40000,0.52000,-0.93000,0.00000,0.00000,0.02000,-1.01000,-32.82000,-255.00000
0.40000,0.52000,-0.93000,0.00000,0.00000,0.02000,-1.01000,-32.82000,-255.00000
0.40000,0.52000,-0.93000,0.00000,0.00000,0.02000,-1.01000,-32.72000,-255.00000
0.40000,0.52000,-0.93000,0.00000,0.00000,0.02000,-1.01000,-32.72000,-255.00000
0.40000,0.52000,-0.93000,0.00000,0.00000,0.02000,-1.01000,-32.62000,-255.00000
0.40000,0.52000,-0.93000,0.00000,0.00000,0.02000,-1.01000,-32.62000,-255.00000
0.40000,0.52000,-0.93000,0.00000,0.00000,0.02000,-1.01000,-32.51000,-255.00000
0.40000,0.52000,-0.93000,0.00000,0.00000,0.02000,-1.01000,-32.51000,-255.00000
0.40000,0.52000,-0.93000,0.00000,0.00000,0.02000,-1.01000,-32.41000,-255.00000
0.40000,0.52000,-0.93000,0.00000,0.00000,0.02000,-1.01000,-32.41000,-255.00000
0.40000,0.52000,-0.93000,0.00000,0.00000,0.02000,-1.01000,-32.31000,-255.00000
0.40000,0.52000,-0.93000,0.00000,0.00000,0.02000,-1.01000,-32.31000,-255.00000
0.40000,0.52000,-0.93000,0.00000,0.00000,0.02000,-1.01000,-32.21000,-255.00000
0.40000,0.52000,-0.93000,0.00000,0.00000,0.02000,-1.01000,-32.21000,-255.00000
0.40000,0.52000,-0.93000,0.00000,0.00000,0.02000,-1.01000,-32.10000,-255.00000
0.40000,0.52000,-0.93000,0.00000,0.00000,0.02000,-1.01000,-32.10000,-255.00000
0.40000,0.52000,-0.93000,0.00000,0.00000,0.02000,-1.01000,-32.00000,-255.00000
0.40000,0.52000,-0.93000,0.00000,0.00000,0.02000,-1.01000,-32.00000,-255.00000
0.40000,0.52000,-0.93000,0.00000,0.00000,0.02000,-1.01000,-31.90000,-255.00000
0.40000,0.52000,-0.93000,0.00000,0.00000,0.02000,-1.01000,-31.90000,-255.00000
0.40000,0.52000,-0.93000,0.00000,0.00000,0.02000,-1.01000,-31.80000,-255.00000
0.40000,0.52000,-0.93000,0.00000,0.00000,0.02000,-1.01000,-31.80000,-255.00000
0.40000,0.52000,-0.93000,0.00000,0.00000,0.02000,-1.01000,-31.69000,-255.00000
0.40000,0.52000,-0.93000,0.00000,0.00000,0.02000,-1.01000,-31.69000,-255.00000
0.40000,0.52000,-0.93000,0.00000,0.00000,0.02000,-1.01000,-31.59000,-255.00000
0.40000,0.52000,-0.93000,0.00000,0.00000,0.02000,-1.01000,-31.59000,-255.00000
0.40000,0.52000,-0.93000,0.00000,0.00000,0.02000,-1.01000,-31.49000,-255.00000
0.40000,0.52000,-0.93000,0.00000,0.00000,0.02000,-1.01000,-31.49000,-255.00000
0.40000,0.52000,-0.93000,0.00000,0.00000,0.02000,-1.01000,-31.39000,-255.00000
0.40000,0.52000,-0.93000,0.00000,0.00000,0.02000,-1.01000,-31.39000,-255.00000
0.40000,0.52000,-0.93000,0.00000,0.00000,0.02000,-1.01000,-31.28000,-255.00000
0.40000,0.52000,-0.93000,0.00000,0.00000,0.02000,-1.01000,-31.28000,-255.00000
0.40000,0.52000,-0.93000,0.00000,0.00000,0.02000,-1.01000,-31.18000,-255.00000
0.40000,0.52000,-0.93000,0.00000,0.00000,0.02000,-1.01000,-31.18000,-255.00000
0.40000,0.52000,-0.93000,0.00000,0.00000,0.02000,-1.01000,-31.08000,-255.00000
0.40000,0.52000,-0.93000,0.00000,0.00000,0.02000,-1.01000,-31.08000,-255.00000
0.40000,0.52000,-0.93000,0.00000,0.00000,0.02000,-1.01000,-30.98000,-255.00000
0.40000,0.52000,-0.93000,0.00000,0.00000,0.02000,-1.01000,-30.98000,-255.00000
0.40000,0.52000,-0.93000,0.00000,0.00000,0.02000,-1.01000,-30.88000,-255.00000
0.40000,0.52000,-0.93000,0.00000,0.00000,0.02000,-1.01000,-30.88000,-255.00000
0.40000,0.52000,-0.93000,0.00000,0.00000,0.02000,-1.01000,-30.77000,-255.00000
0.40000,0.52000,-0.93000,0.00000,0.00000,0.02000,-1.01000,-30.77000,-255.00000
0.40000,0.52000,-0.93000,0.00000,0.00000,0.02000,-1.01000,-30.67000,-255.00000
0.40000,0.52000,-0.93000,0.00000,0.00000,0.02000,-1.01000,-30.67000,-255.00000
0.40000,0.52000,-0.93000,0.00000,0.00000,0.02000,-1.01000,-30.57000,-255.00000
0.40000,0.52000,-0.93000,0.00000,0.00000,0.02000,-1.01000,-30.57000,-255.00000
0.40000,0.52000,-0.93000,0.00000,0.00000,0.02000,-1.01000,-30.47000,-255.00000
0.40000,0.52000,-0.93000,0.00000,0.00000,0.02000,-1.01000,-30.47000,-255.00000
0.40000,0.52000,-0.93000,0.00000,0.00000,0.02000,-1.01000,-30.36000,-255.00000
0.40000,0.52000,-0.93000,0.00000,0.00000,0.02000,-1.01000,-30.36000,-255.00000
0.40000,0.52000,-0.93000,0.00000,0.00000,0.02000,-1.01000,-30.26000,-255.00000
0.40000,0.52000,-0.93000,0.00000,0.00000,0.02000,-1.01000,-30.26000,-255.00000
0.40000,0.52000,-0.93000,0.00000,0.00000,0.02000,-1.01000,-30.16000,-255.00000
0.40000,0.52000,-0.93000,0.00000,0.00000,0.02000,-1.01000,-30.16000,-255.00000
0.40000,0.52000,-0.93000,0.00000,0.00000,0.02000,-1.01000,-30.06000,-255.00000
0.40000,0.52000,-0.93000,0.00000,0.00000,0.02000,-1.01000,-30.06000,-255.00000
0.40000,0.52000,-0.93000,0.00000,0.00000,0.02000,-1.01000,-29.95000,-255.00000
0.40000,0.52000,-0.93000,0.00000,0.00000,0.02000,-1.01000,-29.95000,-255.00000
0.40000,0.52000,-0.93000,0.00000,0.00000,0.02000,-1.01000,-29.85000,-255.00000
0.40000,0.52000,-0.93000,0.00000,0.00000,0.02000,-1.01000,-29.85000,-255.00000
0.40000,0.52000,-0.93000,0.00000,0.00000,0.02000,-1.01000,-29.75000,-255.00000
0.40000,0.52000,-0.93000,0.00000,0.00000,0.02000,-1.01000,-29.75000,-255.00000
0.40000,0.52000,-0.93000,0.00000,0.00000,0.02000,-1.01000,-29.65000,-255.00000
0.40000,0.52000,-0.93000,0.00000,0.00000,0.02000,-1.01000,-29.65000,-255.00000
0.40000,0.52000,-0.93000,0.00000,0.00000,0.02000,-1.01000,-29.54000,-255.00000
0.40000,0.52000,-0.93000,0.00000,0.00000,0.02000,-1.01000,-29.54000,-255.00000
0.40000,0.52000,-0.93000,0.00000,0.00000,0.02000,-1.01000,-29.44000,-255.00000
0.40000,0.52000,-0.93000,0.00000,0.00000,0.02000,-1.01000,-29.44000,-255.00000
0.40000,0.52000,-0.93000,0.00000,0.00000,0.02000,-1.01000,-29.34000,-255.00000
0.40000,0.52000,-0.93000,0.00000,0.00000,0.02000,-1.01000,-29.34000,-255.00000
0.40000,0.52000,-0.93000,0.00000,0.00000,0.02000,-1.01000,-29.24000,-255.00000
0.40000,0.52000,-0.93000,0.00000,0.00000,0.02000,-1.01000,-29.24000,-255.00000
0.40000,0.52000,-0.93000,0.00000,0.00000,0.02000,-1.01000,-29.14000,-255.00000
0.40000,0.52000,-0.93000,0.00000,0.00000,0.02000,-1.01000,-29.14000,-255.00000
0.40000,0.52000,-0.93000,0.00000,0.00000,0.02000,-1.01000,-29.03000,-255.00000
0.40000,0.52000,-0.93000,0.00000,0.00000,0.02000,-1.01000,-29.03000,-255.00000
0.40000,0.52000,-0.93000,0.00000,0.00000,0.02000,-1.01000,-28.93000,-255.00000
0.40000,0.52000,-0.93000,0.00000,0.00000,0.02000,-1.01000,-28.93000,-255.00000
0.40000,0.52000,-0.93000,0.00000,0.00000,0.02000,-1.01000,-28.83000,-255.00000
0.40000,0.52000,-0.93000,0.00000,0.00000,0.02000,-1.01000,-28.83000,-255.00000
0.40000,0.52000,-0.93000,0.00000,0.00000,0.02000,-1.01000,-28.73000,-255.00000
0.40000,0.52000,-0.93000,0.00000,0.00000,0.02000,-1.01000,-28.73000,-255.00000
0.40000,0.52000,-0.93000,0.00000,0.00000,0.02000,-1.01000,-28.62000,-255.00000
0.40000,0.52000,-0.93000,0.00000,0.00000,0.02000,-1.01000,-28.62000,-255.00000
0.40000,0.52000,-0.93000,0.00000,0.00000,0.02000,-1.01000,-28.52000,-255.00000
0.40000,0.52000,-0.93000,0.00000,0.00000,0.02000,-1.01000,-28.52000,-255.00000
0.40000,0.52000,-0.93000,0.00000,0.00000,0.02000,-1.01000,-28.42000,-255.00000
0.40000,0.52000,-0.93000,0.00000,0.00000,0.02000,-1.01000,-28.42000,-255.00000
0.40000,0.52000,-0.93000,0.00000,0.00000,0.02000,-1.01000,-28.32000,-255.00000
0.40000,0.52000,-0.93000,0.00000,0.00000,0.02000,-1.01000,-28.32000,-255.00000
0.40000,0.52000,-0.93000,0.00000,0.00000,0.02000,-1.01000,-28.21000,-255.00000
0.40000,0.52000,-0.93000,0.00000,0.00000,0.02000,-1.01000,-28.21000,-255.00000
0.40000,0.52000,-0.93000,0.00000,0.00000,0.02000,-1.01000,-28.11000,-255.00000
0.40000,0.52000,-0.93000,0.00000,0.00000,0.02000,-1.01000,-28.11000,-255.00000
0.40000,0.52000,-0.93000,0.00000,0.00000,0.02000,-1.01000,-28.01000,-255.00000
0.40000,0.52000,-0.93000,0.00000,0.00000,0.02000,-1.01000,-28.01000,-255.00000
0.40000,0.52000,-0.93000,0.00000,0.00000,0.02000,-1.01000,-27.91000,-255.00000
0.40000,0.52000,-0.93000,0.00000,0.00000,0.02000,-1.01000,-27.91000,-255.00000
0.40000,0.52000,-0.93000,0.00000,0.00000,0.02000,-1.01000,-27.80000,-255.00000
0.40000,0.52000,-0.93000,0.00000,0.00000,0.02000,-1.01000,-27.80000,-255.00000
0.40000,0.52000,-0.93000,0.00000,0.00000,0.02000,-1.01000,-27.70000,-255.00000
0.40000,0.52000,-0.93000,0.00000,0.00000,0.02000,-1.01000,-27.70000,-255.00000
