0.00000,0.00000,0.00000,0.00000,0.00000,3.28000,3.28000,49.25000,49.25000
0.00000,0.00000,0.00000,0.08000,0.00000,3.28000,3.28000,49.25000,49.25000
0.00000,0.00000,0.00000,0.00000,0.00000,3.28000,3.28000,67.62000,68.89000
0.00000,0.00000,0.02000,0.75000,0.00000,3.28000,3.28000,67.62000,68.89000
0.00000,0.00000,0.04000,1.49000,0.00000,2.99000,3.01000,72.57000,84.50000
0.00000,0.00000,0.08000,2.08000,0.00000,1.42000,1.76000,72.57000,84.50000
0.01000,0.00000,0.12000,2.49000,0.17000,1.27000,1.86000,40.20000,85.32000
0.01000,0.00000,0.16000,2.06000,0.00000,1.15000,1.97000,40.20000,85.32000
0.01000,0.00000,0.18000,1.10000,0.00000,1.08000,2.05000,32.80000,99.30000
0.01000,0.00000,0.18000,0.31000,0.02000,1.05000,2.08000,32.80000,99.30000
0.01000,0.00000,0.18000,0.00000,0.06000,1.04000,2.09000,52.52000,111.88000
0.01000,0.00000,0.18000,0.02000,0.08000,1.04000,2.09000,52.52000,111.88000
0.01000,0.00000,0.18000,0.00000,0.00000,1.04000,2.09000,61.28000,123.30000
0.01000,0.00000,0.17000,0.00000,0.37000,1.04000,2.09000,61.28000,123.30000
0.01000,0.00000,0.14000,0.00000,1.70000,1.05000,2.07000,67.85000,130.80000
0.02000,0.00000,0.10000,0.46000,2.64000,1.10000,2.02000,67.85000,130.80000
0.02000,0.00000,0.07000,1.27000,3.30000,1.19000,1.94000,69.35000,105.04000
0.03000,0.00000,0.05000,1.87000,3.07000,1.29000,1.83000,69.35000,105.04000
0.03000,0.00000,0.04000,2.26000,2.55000,1.37000,1.76000,55.29000,91.67000
0.04000,0.00000,0.04000,2.12000,2.01000,1.40000,1.75000,55.29000,91.67000
0.04000,0.00000,0.05000,1.79000,1.45000,1.38000,1.76000,48.77000,99.60000
0.04000,0.00000,0.05000,1.45000,1.25000,1.35000,1.77000,48.77000,99.60000
0.05000,0.00000,0.05000,1.06000,1.43000,1.34000,1.79000,53.66000,110.03000
0.05000,0.00000,0.03000,0.89000,1.70000,1.36000,1.77000,53.66000,110.03000
0.05000,0.00000,0.01000,0.95000,2.03000,1.53000,1.82000,64.18000,106.90000
0.06000,0.00000,-0.00000,1.31000,2.10000,2.89000,2.91000,64.18000,106.90000
0.06000,0.00000,-0.01000,1.68000,2.14000,3.27000,3.27000,87.88000,123.45000
0.07000,0.00000,-0.01000,2.51000,2.39000,3.25000,3.25000,87.88000,123.45000
0.07000,0.00000,0.00000,3.47000,2.80000,3.27000,3.27000,81.66000,126.15000
0.08000,0.00000,0.02000,3.78000,3.13000,3.18000,3.18000,81.66000,126.15000
0.09000,0.00000,0.02000,3.78000,3.45000,2.67000,2.71000,58.26000,111.78000
0.10000,0.00000,0.02000,3.34000,3.26000,2.08000,2.29000,58.26000,111.78000
0.10000,0.00000,0.02000,2.68000,2.97000,1.93000,2.16000,46.97000,99.09000
0.11000,0.00000,0.01000,1.95000,2.62000,2.40000,2.50000,46.97000,99.09000
0.11000,0.00000,-0.01000,1.29000,2.20000,3.09000,3.10000,76.86000,116.36000
0.12000,0.00000,-0.02000,1.70000,2.20000,3.26000,3.26000,76.86000,116.36000
0.12000,0.00000,-0.02000,2.41000,2.51000,3.07000,3.06000,87.12000,124.86000
0.13000,0.00000,-0.02000,2.91000,2.84000,3.00000,2.98000,87.12000,124.86000
0.14000,0.00000,-0.01000,3.53000,3.07000,3.03000,3.02000,76.73000,119.80000
0.14000,0.00000,-0.00000,3.69000,3.15000,3.24000,3.23000,76.73000,119.80000
0.15000,0.00000,0.00000,3.57000,3.24000,3.26000,3.27000,69.13000,119.88000
0.16000,0.00000,0.01000,3.38000,3.26000,3.17000,3.18000,69.13000,119.88000
0.17000,0.00000,0.01000,3.22000,3.20000,3.11000,3.11000,68.83000,116.72000
0.17000,0.00000,0.00000,2.99000,3.22000,3.09000,3.10000,68.83000,116.72000
0.18000,0.00000,-0.00000,2.84000,3.15000,3.19000,3.20000,74.38000,117.73000
0.19000,0.00000,-0.01000,2.95000,3.11000,3.27000,3.27000,74.38000,117.73000
0.19000,0.00000,-0.00000,3.22000,3.05000,3.28000,3.28000,77.60000,120.46000
0.20000,0.00000,-0.00000,3.36000,3.15000,3.27000,3.27000,77.60000,120.46000
0.21000,0.00000,0.00000,3.53000,3.24000,3.22000,3.23000,72.50000,120.03000
0.22000,0.00000,0.01000,3.53000,3.22000,3.10000,3.11000,72.50000,120.03000
0.22000,0.00000,0.01000,3.44000,3.32000,2.86000,2.88000,63.70000,114.31000
0.23000,0.00000,0.01000,3.05000,3.24000,2.71000,2.74000,63.70000,114.31000
0.24000,0.00000,0.00000,2.76000,3.03000,2.89000,2.91000,67.29000,112.40000
0.24000,0.00000,0.00000,2.66000,2.82000,3.08000,3.09000,67.29000,112.40000
0.25000,0.00000,-0.00000,2.66000,2.74000,3.16000,3.17000,76.32000,120.56000
0.26000,0.00000,-0.00000,2.74000,2.80000,3.19000,3.20000,76.32000,120.56000
0.26000,0.00000,0.00000,3.15000,2.95000,3.21000,3.22000,78.86000,123.67000
0.27000,0.00000,0.01000,3.38000,3.11000,3.12000,3.13000,78.86000,123.67000
0.28000,0.00000,0.01000,3.51000,3.34000,2.94000,2.95000,67.93000,117.55000
0.29000,0.00000,0.01000,3.36000,3.28000,2.76000,2.78000,67.93000,117.55000
0.29000,0.00000,0.01000,3.18000,3.18000,2.63000,2.67000,61.00000,109.82000
0.30000,0.00000,0.01000,2.86000,3.01000,2.61000,2.65000,61.00000,109.82000
0.31000,0.00000,0.00000,2.55000,2.80000,2.77000,2.79000,66.08000,112.04000
0.31000,0.00000,0.00000,2.55000,2.63000,2.98000,3.00000,66.08000,112.04000
0.32000,0.00000,0.00000,2.53000,2.61000,3.03000,3.05000,74.22000,120.19000
0.32000,0.00000,-0.00000,2.64000,2.84000,3.08000,3.09000,74.22000,120.19000
0.33000,0.00000,-0.01000,2.82000,3.01000,3.18000,3.18000,78.00000,121.60000
0.34000,0.00000,-0.01000,3.01000,3.07000,3.24000,3.24000,78.00000,121.60000
0.34000,0.00000,-0.01000,3.18000,3.24000,3.25000,3.25000,76.73000,121.26000
0.35000,0.00000,-0.01000,3.28000,3.30000,3.26000,3.26000,76.73000,121.26000
0.36000,0.00000,-0.00000,3.42000,3.24000,3.26000,3.27000,74.34000,119.12000
0.37000,0.00000,-0.00000,3.42000,3.20000,3.22000,3.22000,74.34000,119.12000
0.37000,0.00000,0.00000,3.30000,3.24000,3.12000,3.13000,69.98000,118.48000
0.38000,0.00000,0.00000,3.22000,3.17000,3.08000,3.09000,69.98000,118.48000
0.39000,0.00000,0.00000,3.07000,3.11000,3.05000,3.06000,70.17000,117.34000
0.39000,0.00000,-0.00000,2.99000,3.09000,3.07000,3.08000,70.17000,117.34000
0.40000,0.00000,-0.01000,2.86000,3.09000,3.12000,3.13000,73.60000,118.86000
0.41000,0.00000,-0.01000,2.99000,3.01000,3.21000,3.21000,73.60000,118.86000
0.41000,0.00000,-0.00000,3.07000,3.01000,3.21000,3.22000,75.80000,121.69000
0.42000,0.00000,-0.00000,3.07000,3.09000,3.19000,3.19000,75.80000,121.69000
0.43000,0.00000,-0.00000,3.13000,3.13000,3.19000,3.20000,75.58000,121.39000
0.44000,0.00000,-0.00000,3.22000,3.13000,3.19000,3.19000,75.58000,121.39000
0.44000,0.00000,-0.00000,3.22000,3.20000,3.15000,3.15000,73.45000,120.76000
0.45000,0.00000,-0.00000,3.11000,3.20000,3.13000,3.14000,73.45000,120.76000
0.46000,0.00000,-0.00000,3.13000,3.13000,3.16000,3.17000,74.82000,120.17000
0.46000,0.00000,-0.00000,3.15000,3.13000,3.16000,3.16000,74.82000,120.17000
0.47000,0.00000,-0.01000,3.11000,3.24000,3.14000,3.15000,74.15000,120.62000
0.48000,0.00000,-0.01000,3.15000,3.24000,3.19000,3.19000,74.15000,120.62000
0.49000,0.00000,-0.01000,3.26000,3.22000,3.21000,3.22000,75.13000,120.18000
0.49000,0.00000,-0.01000,3.26000,3.30000,3.19000,3.20000,75.13000,120.18000
0.50000,0.00000,-0.01000,3.28000,3.32000,3.20000,3.21000,73.78000,118.99000
0.51000,0.00000,-0.01000,3.32000,3.22000,3.21000,3.22000,73.78000,118.99000
0.51000,0.00000,-0.00000,3.28000,3.18000,3.17000,3.17000,71.98000,119.17000
0.52000,0.00000,-0.01000,3.15000,3.22000,3.11000,3.12000,71.98000,119.17000
0.53000,0.00000,-0.01000,3.01000,3.22000,3.13000,3.14000,72.99000,118.38000
0.54000,0.00000,-0.01000,3.01000,3.15000,3.21000,3.21000,72.99000,118.38000
0.54000,0.00000,-0.02000,3.01000,3.18000,3.24000,3.25000,76.74000,120.49000
0.55000,0.00000,-0.02000,3.09000,3.22000,3.27000,3.27000,76.74000,120.49000
0.56000,0.00000,-0.02000,3.22000,3.20000,3.28000,3.28000,77.49000,120.65000
0.56000,0.00000,-0.02000,3.34000,3.24000,3.28000,3.28000,77.49000,120.65000
0.57000,0.00000,-0.01000,3.36000,3.32000,3.27000,3.27000,74.72000,120.58000
0.58000,0.00000,-0.01000,3.36000,3.28000,3.26000,3.27000,74.72000,120.58000
0.59000,0.00000,-0.01000,3.40000,3.28000,3.25000,3.25000,73.60000,119.81000
0.59000,0.00000,-0.01000,3.32000,3.32000,3.21000,3.21000,73.60000,119.81000
0.60000,0.00000,-0.01000,3.20000,3.30000,3.20000,3.20000,72.82000,118.34000
0.61000,0.00000,-0.01000,3.15000,3.22000,3.22000,3.23000,72.82000,118.34000
0.62000,0.00000,-0.01000,3.11000,3.15000,3.23000,3.24000,75.13000,119.72000
0.62000,0.00000,-0.02000,3.07000,3.22000,3.24000,3.24000,75.13000,119.72000
0.63000,0.00000,-0.02000,3.20000,3.24000,3.27000,3.27000,77.32000,120.29000
0.64000,0.00000,-0.02000,3.32000,3.15000,3.27000,3.27000,77.32000,120.29000
0.64000,0.00000,-0.01000,3.38000,3.24000,3.23000,3.24000,74.29000,121.10000
0.65000,0.00000,-0.01000,3.30000,3.36000,3.18000,3.18000,74.29000,121.10000
0.66000,0.00000,-0.01000,3.24000,3.30000,3.18000,3.19000,73.31000,117.75000
0.67000,0.00000,-0.01000,3.24000,3.22000,3.19000,3.19000,73.31000,117.75000
0.67000,0.00000,-0.02000,3.07000,3.20000,3.16000,3.17000,73.16000,118.54000
0.68000,0.00000,-0.02000,3.07000,3.17000,3.18000,3.19000,73.16000,118.54000
0.69000,0.00000,-0.02000,3.20000,3.09000,3.20000,3.20000,75.76000,119.42000
0.69000,0.00000,-0.02000,3.22000,3.15000,3.12000,3.13000,75.76000,119.42000
0.70000,0.00000,-0.01000,3.28000,3.24000,3.01000,3.02000,71.51000,117.18000
0.71000,0.00000,-0.01000,3.28000,3.18000,2.80000,2.82000,71.51000,117.18000
0.72000,0.00000,-0.01000,3.26000,3.11000,2.11000,2.32000,55.86000,105.52000
0.72000,0.00000,-0.01000,2.78000,2.90000,-0.28000,0.28000,55.86000,105.52000
0.73000,0.00000,-0.02000,2.12000,2.59000,-0.31000,0.30000,20.05000,74.15000
0.73000,0.00000,-0.03000,1.00000,1.74000,-0.34000,0.33000,20.05000,74.15000
0.73000,0.00000,-0.05000,0.00000,0.66000,-0.37000,0.35000,27.35000,76.76000
0.73000,0.00000,-0.05000,0.00000,0.25000,-0.39000,0.37000,27.35000,76.76000
0.73000,0.00000,-0.05000,0.00000,0.00000,-0.40000,0.38000,33.66000,91.21000
0.73000,0.00000,-0.05000,0.02000,0.00000,-0.40000,0.38000,33.66000,91.21000
0.73000,0.00000,-0.05000,0.00000,0.02000,-0.40000,0.38000,30.97000,95.72000
0.73000,0.00000,-0.05000,0.00000,0.00000,-0.40000,0.38000,30.97000,95.72000
0.73000,0.00000,-0.05000,0.00000,0.00000,-0.40000,0.38000,28.76000,97.99000
0.73000,0.00000,-0.05000,0.00000,0.02000,-0.40000,0.38000,28.76000,97.99000
0.73000,0.00000,-0.05000,0.00000,0.00000,-0.40000,0.38000,26.35000,99.96000
0.73000,0.00000,-0.05000,0.00000,0.00000,-0.40000,0.38000,26.35000,99.96000
0.73000,0.00000,-0.05000,0.00000,0.02000,-0.40000,0.38000,23.95000,102.43000
0.73000,0.00000,-0.05000,0.00000,0.15000,-0.40000,0.38000,23.95000,102.43000
0.73000,0.00000,-0.07000,0.00000,0.75000,-0.40000,0.38000,21.48000,102.58000
0.73000,0.00000,-0.09000,0.00000,1.29000,-0.43000,0.40000,21.48000,102.58000
0.74000,0.00000,-0.12000,0.00000,1.64000,-0.46000,0.43000,18.17000,87.51000
0.74000,0.00000,-0.15000,0.00000,1.39000,-0.51000,0.44000,18.17000,87.51000
0.74000,-0.00000,-0.16000,0.00000,1.02000,-0.54000,0.45000,14.26000,81.14000
0.74000,-0.00000,-0.18000,0.00000,0.77000,-0.56000,0.44000,14.26000,81.14000
0.74000,-0.00000,-0.18000,0.00000,0.04000,-0.58000,0.44000,10.37000,84.64000
0.74000,-0.00000,-0.18000,0.00000,0.06000,-0.58000,0.44000,10.37000,84.64000
0.74000,-0.00000,-0.18000,0.00000,0.00000,-0.59000,0.44000,6.83000,93.22000
0.74000,-0.00000,-0.18000,0.00000,0.02000,-0.59000,0.44000,6.83000,93.22000
0.74000,-0.00000,-0.18000,0.00000,0.00000,-0.59000,0.43000,3.31000,96.07000
0.74000,-0.00000,-0.18000,0.00000,0.00000,-0.59000,0.43000,3.31000,96.07000
0.74000,-0.00000,-0.19000,0.00000,0.56000,-0.59000,0.43000,-0.21000,98.87000
0.74000,-0.00000,-0.21000,0.00000,1.14000,-0.60000,0.43000,-0.21000,98.87000
0.74000,-0.00000,-0.24000,0.00000,1.33000,-0.64000,0.40000,-4.50000,83.79000
0.74000,-0.00000,-0.25000,0.00000,1.08000,-0.69000,0.35000,-4.50000,83.79000
0.75000,-0.00000,-0.27000,0.00000,0.79000,-0.74000,0.30000,-9.88000,78.75000
0.75000,-0.00000,-0.27000,0.00000,0.06000,-0.79000,0.25000,-9.88000,78.75000
0.75000,-0.00000,-0.27000,0.00000,0.00000,-0.79000,0.24000,-15.09000,88.52000
0.75000,-0.00000,-0.27000,0.00000,0.02000,-0.79000,0.24000,-15.09000,88.52000
0.75000,-0.00000,-0.27000,0.00000,0.00000,-0.79000,0.24000,-19.86000,90.21000
0.75000,-0.00000,-0.27000,0.00000,0.02000,-0.79000,0.24000,-19.86000,90.21000
0.75000,-0.00000,-0.28000,0.00000,0.39000,-0.79000,0.24000,-24.64000,91.52000
0.75000,-0.00000,-0.29000,0.00000,0.77000,-0.82000,0.21000,-24.64000,91.52000
0.75000,-0.00000,-0.31000,0.00000,0.89000,-0.88000,0.15000,-30.69000,80.28000
0.75000,-0.00000,-0.32000,0.00000,0.75000,-0.96000,0.07000,-30.69000,80.28000
0.75000,-0.00000,-0.32000,0.00000,0.02000,-1.03000,-0.01000,-38.24000,74.49000
0.75000,-0.00000,-0.32000,-0.02000,0.02000,-1.03000,-0.01000,-38.24000,74.49000
0.75000,-0.00000,-0.32000,0.00000,0.00000,-1.04000,-0.02000,-44.21000,80.76000
0.75000,-0.00000,-0.32000,-0.04000,0.00000,-1.04000,-0.02000,-44.21000,80.76000
0.75000,-0.00000,-0.33000,-0.06000,0.02000,-1.04000,-0.02000,-50.06000,80.79000
0.75000,-0.00000,-0.33000,0.00000,0.02000,-1.05000,-0.03000,-50.06000,80.79000
0.75000,-0.00000,-0.33000,0.00000,0.00000,-1.05000,-0.03000,-56.83000,80.20000
0.75000,-0.00000,-0.33000,0.00000,0.04000,-1.05000,-0.03000,-56.83000,80.20000
0.75000,-0.00000,-0.33000,0.00000,0.00000,-1.06000,-0.03000,-63.21000,79.51000
0.75000,-0.00000,-0.33000,-0.02000,0.02000,-1.06000,-0.03000,-63.21000,79.51000
0.75000,-0.00000,-0.34000,-0.50000,0.00000,-1.06000,-0.04000,-69.30000,79.30000
0.75000,-0.00000,-0.36000,-1.16000,0.00000,-1.11000,-0.09000,-69.30000,79.30000
0.75000,-0.00000,-0.39000,-1.76000,0.00000,-1.22000,-0.21000,-60.81000,76.74000
0.74000,-0.00000,-0.42000,-1.93000,0.02000,-1.42000,-0.38000,-60.81000,76.74000
0.74000,0.00000,-0.46000,-1.93000,0.00000,-1.62000,-0.55000,-55.64000,70.08000
0.74000,0.00000,-0.49000,-1.85000,0.00000,-1.78000,-0.68000,-55.64000,70.08000
0.74000,0.00000,-0.52000,-1.66000,0.00000,-1.90000,-0.76000,-59.20000,63.73000
0.74000,0.00000,-0.55000,-1.68000,0.00000,-1.98000,-0.82000,-59.20000,63.73000
0.73000,0.00000,-0.59000,-1.81000,0.00000,-2.04000,-0.86000,-64.17000,57.74000
0.73000,0.01000,-0.62000,-2.03000,0.00000,-2.09000,-0.88000,-64.17000,57.74000
0.73000,0.01000,-0.66000,-2.28000,0.00000,-2.14000,-0.90000,-62.43000,52.01000
0.73000,0.01000,-0.71000,-2.37000,0.00000,-2.17000,-0.90000,-62.43000,52.01000
0.73000,0.01000,-0.75000,-2.47000,0.00000,-2.19000,-0.91000,-58.87000,46.50000
0.72000,0.01000,-0.79000,-2.35000,0.00000,-2.20000,-0.91000,-58.87000,46.50000
0.72000,0.01000,-0.83000,-2.16000,0.00000,-2.21000,-0.91000,-58.42000,41.05000
0.72000,0.02000,-0.87000,-2.08000,0.00000,-2.21000,-0.91000,-58.42000,41.05000
0.72000,0.02000,-0.91000,-1.99000,0.00000,-2.21000,-0.91000,-61.71000,35.58000
0.72000,0.02000,-0.94000,-2.08000,0.00000,-2.21000,-0.91000,-61.71000,35.58000
0.72000,0.02000,-0.98000,-2.20000,0.00000,-2.21000,-0.91000,-62.55000,30.10000
0.72000,0.02000,-1.03000,-2.39000,0.00000,-2.21000,-0.91000,-62.55000,30.10000
0.71000,0.03000,-1.07000,-2.47000,0.00000,-2.21000,-0.92000,-58.60000,24.53000
0.71000,0.03000,-1.11000,-2.41000,0.00000,-2.20000,-0.93000,-58.60000,24.53000
0.71000,0.03000,-1.16000,-2.32000,0.00000,-2.18000,-0.94000,-56.87000,18.66000
0.71000,0.03000,-1.20000,-2.24000,0.00000,-2.17000,-0.96000,-56.87000,18.66000
0.71000,0.04000,-1.24000,-2.14000,0.00000,-2.15000,-0.97000,-57.50000,12.52000
0.71000,0.04000,-1.27000,-2.14000,0.00000,-2.13000,-0.99000,-57.50000,12.52000
0.71000,0.04000,-1.31000,-2.16000,0.00000,-2.12000,-1.01000,-58.06000,6.17000
0.71000,0.04000,-1.35000,-2.20000,0.00000,-2.11000,-1.03000,-58.06000,6.17000
0.71000,0.04000,-1.39000,-2.20000,0.00000,-3.19000,-3.16000,-73.05000,-32.13000
0.71000,0.05000,-1.44000,-2.64000,0.00000,-1.65000,-2.25000,-73.05000,-32.13000
0.71000,0.05000,-1.50000,-3.15000,0.00000,-1.01000,-2.11000,-39.77000,-35.42000
0.71000,0.05000,-1.55000,-2.66000,0.00000,-0.99000,-2.14000,-39.77000,-35.42000
0.71000,0.06000,-1.58000,-1.62000,0.00000,-0.97000,-2.16000,-29.04000,-48.80000
0.71000,0.06000,-1.59000,-0.66000,0.00000,-0.95000,-2.17000,-29.04000,-48.80000
0.71000,0.06000,-1.59000,-0.04000,0.00000,-0.95000,-2.18000,-48.51000,-62.01000
0.71000,0.06000,-1.59000,0.00000,0.00000,-0.95000,-2.18000,-48.51000,-62.01000
0.71000,0.06000,-1.59000,0.00000,0.00000,-0.95000,-2.18000,-60.17000,-75.08000
0.71000,0.06000,-1.59000,-0.02000,-0.02000,-0.95000,-2.18000,-60.17000,-75.08000
0.71000,0.06000,-1.59000,-0.04000,-0.02000,-0.95000,-2.18000,-65.54000,-87.83000
0.71000,0.06000,-1.60000,-0.87000,0.00000,-0.95000,-2.18000,-65.54000,-87.83000
0.71000,0.06000,-1.63000,-1.60000,0.00000,-0.94000,-2.18000,-58.25000,-101.18000
0.71000,0.06000,-1.67000,-1.83000,0.00000,-0.93000,-2.19000,-58.25000,-101.18000
0.71000,0.06000,-1.70000,-1.81000,0.00000,-0.92000,-2.20000,-44.06000,-114.57000
0.71000,0.07000,-1.72000,-1.43000,-0.02000,-0.92000,-2.21000,-44.06000,-114.57000
0.71000,0.07000,-1.74000,-0.95000,-0.10000,-0.91000,-2.21000,-44.40000,-127.62000
0.71000,0.07000,-1.75000,-0.52000,-0.06000,-0.91000,-2.21000,-44.40000,-127.62000
0.71000,0.07000,-1.75000,-0.29000,-0.06000,-0.91000,-2.21000,-54.96000,-140.16000
0.71000,0.07000,-1.74000,-0.50000,-1.20000,-0.91000,-2.21000,-54.96000,-140.16000
0.71000,0.07000,-1.71000,-0.66000,-2.39000,-0.91000,-2.21000,-57.64000,-135.95000
0.71000,0.08000,-1.67000,-0.91000,-2.97000,-0.91000,-2.21000,-57.64000,-135.95000
0.71000,0.08000,-1.63000,-1.16000,-3.20000,-0.92000,-2.21000,-54.00000,-115.47000
0.71000,0.09000,-1.60000,-1.24000,-2.86000,-0.93000,-2.20000,-54.00000,-115.47000
0.71000,0.09000,-1.58000,-1.12000,-2.61000,-0.93000,-2.19000,-49.28000,-112.23000
0.71000,0.09000,-1.55000,-1.04000,-2.53000,-0.94000,-2.18000,-49.28000,-112.23000
0.71000,0.10000,-1.52000,-0.91000,-2.39000,-0.95000,-2.17000,-50.78000,-112.90000
0.71000,0.10000,-1.50000,-0.83000,-2.43000,-0.96000,-2.16000,-50.78000,-112.90000
0.71000,0.11000,-1.47000,-0.79000,-2.41000,-0.97000,-2.15000,-53.71000,-111.97000
0.71000,0.11000,-1.44000,-0.91000,-2.30000,-0.99000,-2.14000,-53.71000,-111.97000
0.71000,0.11000,-1.42000,-1.00000,-2.28000,-1.00000,-2.13000,-53.66000,-111.85000
0.71000,0.12000,-1.39000,-1.00000,-2.30000,-1.01000,-2.12000,-53.66000,-111.85000
0.71000,0.12000,-1.37000,-1.02000,-2.22000,-1.01000,-2.11000,-53.17000,-110.51000
0.71000,0.12000,-1.35000,-1.14000,-2.20000,-1.03000,-2.11000,-53.17000,-110.51000
0.70000,0.13000,-1.33000,-1.16000,-2.26000,-1.77000,-2.29000,-62.45000,-113.57000
0.70000,0.13000,-1.32000,-1.37000,-2.30000,-3.16000,-3.19000,-62.45000,-113.57000
0.70000,0.14000,-1.31000,-1.78000,-2.34000,-3.23000,-3.20000,-84.72000,-126.28000
0.70000,0.14000,-1.30000,-2.57000,-2.66000,-2.92000,-2.87000,-84.72000,-126.28000
0.70000,0.15000,-1.31000,-3.36000,-2.99000,-2.82000,-2.76000,-71.75000,-119.82000
0.70000,0.16000,-1.32000,-3.53000,-3.03000,-3.10000,-3.06000,-71.75000,-119.82000
0.70000,0.16000,-1.33000,-3.49000,-2.90000,-3.27000,-3.25000,-65.65000,-122.08000
0.69000,0.17000,-1.33000,-3.19000,-3.01000,-3.22000,-3.25000,-65.65000,-122.08000
0.69000,0.18000,-1.33000,-2.86000,-3.09000,-3.15000,-3.18000,-67.26000,-122.71000
0.69000,0.18000,-1.33000,-2.84000,-3.03000,-3.22000,-3.25000,-67.26000,-122.71000
0.69000,0.19000,-1.32000,-2.80000,-3.07000,-3.26000,-3.28000,-73.92000,-125.00000
0.69000,0.20000,-1.32000,-2.86000,-3.19000,-3.29000,-3.26000,-73.92000,-125.00000
0.69000,0.20000,-1.31000,-3.05000,-3.28000,-3.21000,-3.18000,-75.42000,-122.54000
0.68000,0.21000,-1.31000,-3.30000,-3.20000,-3.11000,-3.07000,-75.42000,-122.54000
0.68000,0.22000,-1.32000,-3.40000,-3.18000,-3.15000,-3.12000,-70.06000,-121.50000
0.68000,0.22000,-1.32000,-3.36000,-3.17000,-3.23000,-3.20000,-70.06000,-121.50000
0.68000,0.23000,-1.32000,-3.28000,-3.15000,-3.27000,-3.25000,-70.08000,-123.28000
0.68000,0.24000,-1.32000,-3.24000,-3.17000,-3.29000,-3.26000,-70.08000,-123.28000
0.67000,0.24000,-1.32000,-3.03000,-3.32000,-3.29000,-3.27000,-71.74000,-124.05000
0.67000,0.25000,-1.31000,-3.11000,-3.36000,-3.25000,-3.22000,-71.74000,-124.05000
0.67000,0.26000,-1.31000,-3.20000,-3.42000,-3.16000,-3.13000,-71.94000,-119.71000
0.67000,0.27000,-1.31000,-3.20000,-3.38000,-3.02000,-2.98000,-71.94000,-119.71000
0.67000,0.27000,-1.31000,-3.17000,-3.26000,-2.84000,-2.78000,-66.18000,-112.80000
0.67000,0.28000,-1.31000,-3.13000,-3.03000,-2.72000,-2.64000,-66.18000,-112.80000
0.66000,0.29000,-1.31000,-2.99000,-2.82000,-2.79000,-2.73000,-64.28000,-113.70000
0.66000,0.29000,-1.31000,-2.68000,-2.78000,-2.92000,-2.87000,-64.28000,-113.70000
0.66000,0.30000,-1.30000,-2.51000,-2.74000,-2.80000,-2.73000,-69.14000,-115.69000
0.66000,0.30000,-1.30000,-2.57000,-2.61000,-2.50000,-2.33000,-69.14000,-115.69000
0.66000,0.31000,-1.30000,-2.66000,-2.74000,-2.43000,-2.16000,-65.92000,-109.28000
0.66000,0.31000,-1.30000,-2.66000,-2.70000,-2.33000,-1.89000,-65.92000,-109.28000
0.65000,0.32000,-1.30000,-2.61000,-2.51000,-2.27000,-1.71000,-61.37000,-98.54000
0.65000,0.32000,-1.31000,-2.57000,-2.22000,-2.30000,-1.81000,-61.37000,-98.54000
0.65000,0.33000,-1.32000,-2.45000,-1.87000,-2.57000,-2.46000,-64.78000,-111.10000
0.65000,0.33000,-1.33000,-2.37000,-1.91000,-3.08000,-3.04000,-64.78000,-111.10000
0.65000,0.34000,-1.34000,-2.51000,-2.16000,-3.26000,-3.23000,-78.21000,-128.72000
0.65000,0.35000,-1.34000,-2.84000,-2.66000,-3.27000,-3.29000,-78.21000,-128.72000
0.65000,0.35000,-1.34000,-3.24000,-3.19000,-3.25000,-3.27000,-76.25000,-126.09000
0.64000,0.36000,-1.34000,-3.49000,-3.36000,-3.23000,-3.26000,-76.25000,-126.09000
0.64000,0.37000,-1.34000,-3.57000,-3.44000,-3.20000,-3.22000,-68.28000,-118.50000
0.64000,0.37000,-1.34000,-3.38000,-3.42000,-3.14000,-3.17000,-68.28000,-118.50000
0.64000,0.38000,-1.34000,-3.13000,-3.28000,-3.14000,-3.17000,-67.28000,-115.96000
0.64000,0.39000,-1.34000,-3.05000,-3.07000,-3.19000,-3.22000,-67.28000,-115.96000
0.64000,0.40000,-1.34000,-2.93000,-2.95000,-3.19000,-3.21000,-71.46000,-120.36000
0.63000,0.40000,-1.34000,-2.84000,-3.05000,-3.18000,-3.21000,-71.46000,-120.36000
0.63000,0.41000,-1.33000,-3.01000,-3.13000,-3.23000,-3.26000,-76.14000,-122.25000
0.63000,0.42000,-1.33000,-3.22000,-3.24000,-3.25000,-3.28000,-76.14000,-122.25000
0.63000,0.42000,-1.33000,-3.38000,-3.38000,-3.26000,-3.28000,-73.21000,-121.03000
0.63000,0.43000,-1.33000,-3.40000,-3.42000,-3.25000,-3.28000,-73.21000,-121.03000
0.63000,0.44000,-1.33000,-3.40000,-3.36000,-3.25000,-3.28000,-70.62000,-118.47000
0.62000,0.44000,-1.33000,-3.44000,-3.38000,-3.24000,-3.27000,-70.62000,-118.47000
0.62000,0.45000,-1.33000,-3.32000,-3.42000,-3.22000,-3.25000,-68.59000,-117.73000
0.62000,0.46000,-1.33000,-3.26000,-3.38000,-3.23000,-3.26000,-68.59000,-117.73000
0.62000,0.47000,-1.33000,-3.17000,-3.34000,-3.25000,-3.28000,-70.48000,-117.35000
0.62000,0.47000,-1.32000,-3.15000,-3.38000,-3.27000,-3.29000,-70.48000,-117.35000
0.62000,0.48000,-1.32000,-3.11000,-3.38000,-3.29000,-3.26000,-72.57000,-116.52000
0.61000,0.49000,-1.32000,-3.28000,-3.26000,-1.69000,-2.26000,-72.57000,-116.52000
0.61000,0.49000,-1.32000,-3.32000,-3.28000,-1.60000,-2.24000,-46.26000,-102.26000
0.61000,0.50000,-1.31000,-2.68000,-3.01000,-1.49000,-2.20000,-46.26000,-102.26000
0.61000,0.51000,-1.30000,-1.78000,-2.59000,-2.08000,-2.40000,-52.32000,-102.31000
0.61000,0.51000,-1.28000,-1.35000,-2.32000,-3.08000,-3.12000,-52.32000,-102.31000
0.61000,0.51000,-1.26000,-1.18000,-2.24000,-3.26000,-3.23000,-86.36000,-121.41000
0.61000,0.52000,-1.25000,-1.93000,-2.47000,-2.50000,-2.31000,-86.36000,-121.41000
0.60000,0.52000,-1.26000,-3.11000,-2.82000,-2.16000,-1.31000,-72.62000,-95.89000
0.60000,0.53000,-1.28000,-3.49000,-2.51000,-2.26000,-1.69000,-72.62000,-95.89000
0.60000,0.54000,-1.30000,-3.46000,-1.95000,-3.10000,-3.07000,-64.78000,-114.63000
0.60000,0.54000,-1.33000,-3.30000,-2.03000,-3.00000,-3.04000,-64.78000,-114.63000
0.60000,0.55000,-1.34000,-3.07000,-2.41000,-1.17000,-2.13000,-36.39000,-111.07000
0.60000,0.55000,-1.33000,-2.20000,-2.66000,-1.03000,-2.11000,-36.39000,-111.07000
0.59000,0.56000,-1.30000,-1.08000,-2.74000,-1.07000,-2.11000,-38.49000,-102.01000
0.59000,0.56000,-1.26000,-0.37000,-2.51000,-3.05000,-3.09000,-38.49000,-102.01000
0.59000,0.56000,-1.22000,-0.02000,-2.26000,-2.45000,-2.20000,-79.83000,-102.30000
0.59000,0.57000,-1.20000,-0.77000,-2.10000,-2.11000,-1.01000,-79.83000,-102.30000
0.59000,0.57000,-1.20000,-2.16000,-1.87000,-2.12000,-1.01000,-81.44000,-88.74000
0.59000,0.58000,-1.23000,-3.05000,-1.47000,-2.12000,-1.01000,-81.44000,-88.74000
0.59000,0.58000,-1.28000,-3.59000,-0.98000,-2.11000,-1.02000,-55.13000,-91.72000
0.58000,0.58000,-1.33000,-3.28000,-0.60000,-3.10000,-3.06000,-55.13000,-91.72000
0.58000,0.59000,-1.36000,-2.64000,-0.62000,-1.27000,-2.15000,-33.48000,-119.02000
0.58000,0.59000,-1.37000,-1.66000,-1.35000,-1.01000,-2.11000,-33.48000,-119.02000
0.58000,0.59000,-1.33000,-0.52000,-2.34000,-1.01000,-2.11000,-41.82000,-116.58000
0.58000,0.60000,-1.28000,-0.02000,-2.82000,-1.04000,-2.11000,-41.82000,-116.58000
0.58000,0.60000,-1.23000,-0.02000,-2.97000,-3.27000,-3.25000,-96.45000,-116.07000
0.58000,0.61000,-1.20000,-1.37000,-3.05000,-2.11000,-1.02000,-96.45000,-116.07000
0.58000,0.61000,-1.20000,-3.17000,-2.99000,-2.12000,-1.01000,-78.44000,-81.63000
0.57000,0.62000,-1.23000,-3.88000,-2.20000,-2.12000,-1.01000,-78.44000,-81.63000
0.57000,0.62000,-1.29000,-4.05000,-1.10000,-2.11000,-1.02000,-45.09000,-82.28000
0.57000,0.63000,-1.34000,-3.34000,-0.35000,-3.24000,-3.22000,-45.09000,-82.28000
0.57000,0.63000,-1.37000,-2.20000,-0.54000,-1.03000,-2.11000,-26.42000,-119.20000
0.57000,0.63000,-1.39000,-1.02000,0.00000,-1.01000,-2.11000,-26.42000,-119.20000
0.57000,0.63000,-1.39000,-0.02000,0.00000,-1.00000,-2.12000,-46.99000,-135.26000
0.57000,0.63000,-1.39000,-0.04000,-0.04000,-1.00000,-2.12000,-46.99000,-135.26000
0.57000,0.63000,-1.37000,-0.08000,-1.20000,-1.00000,-2.12000,-61.55000,-147.37000
0.57000,0.64000,-1.32000,-0.21000,-3.03000,-1.01000,-2.11000,-61.55000,-147.37000
0.57000,0.64000,-1.26000,-0.79000,-4.23000,-1.99000,-2.37000,-79.66000,-118.70000
0.57000,0.65000,-1.21000,-1.74000,-4.25000,-2.16000,-1.31000,-79.66000,-118.70000
0.56000,0.66000,-1.19000,-2.72000,-3.80000,-2.12000,-1.01000,-69.20000,-76.03000
0.56000,0.66000,-1.20000,-3.05000,-2.74000,-2.12000,-1.00000,-69.20000,-76.03000
0.56000,0.67000,-1.23000,-3.07000,-1.43000,-2.12000,-1.00000,-51.94000,-79.18000
0.56000,0.67000,-1.27000,-2.57000,-0.25000,-2.11000,-1.01000,-51.94000,-79.18000
0.56000,0.67000,-1.30000,-1.99000,-0.02000,-2.25000,-1.64000,-55.38000,-115.69000
0.56000,0.67000,-1.32000,-1.58000,-0.83000,-3.24000,-3.26000,-55.38000,-115.69000
0.56000,0.68000,-1.31000,-1.41000,-1.78000,-2.80000,-2.86000,-76.73000,-133.62000
0.55000,0.68000,-1.30000,-1.91000,-2.66000,-3.09000,-3.12000,-76.73000,-133.62000
0.55000,0.69000,-1.28000,-2.53000,-3.55000,-3.29000,-3.27000,-86.45000,-124.53000
0.55000,0.70000,-1.27000,-3.15000,-3.80000,-2.80000,-2.74000,-86.45000,-124.53000
0.55000,0.70000,-1.27000,-3.74000,-3.76000,-2.21000,-1.50000,-59.77000,-84.60000
0.55000,0.71000,-1.28000,-3.57000,-2.97000,-2.18000,-1.38000,-59.77000,-84.60000
0.54000,0.72000,-1.30000,-2.91000,-1.91000,-2.54000,-2.41000,-52.87000,-96.84000
0.54000,0.72000,-1.31000,-2.32000,-1.58000,-3.25000,-3.22000,-52.87000,-96.84000
0.54000,0.72000,-1.32000,-1.87000,-1.39000,-3.21000,-3.23000,-75.37000,-126.75000
0.54000,0.73000,-1.32000,-2.09000,-2.12000,-2.95000,-2.99000,-75.37000,-126.75000
0.54000,0.73000,-1.31000,-2.59000,-2.97000,-2.95000,-2.99000,-80.20000,-124.95000
0.54000,0.74000,-1.31000,-3.11000,-3.28000,-3.16000,-3.19000,-80.20000,-124.95000
0.54000,0.75000,-1.31000,-3.53000,-3.49000,-3.21000,-3.24000,-73.98000,-116.45000
0.53000,0.76000,-1.31000,-3.57000,-3.49000,-3.19000,-3.22000,-73.98000,-116.45000
0.53000,0.76000,-1.31000,-3.49000,-3.32000,-3.15000,-3.18000,-66.79000,-112.21000
0.53000,0.77000,-1.32000,-3.36000,-3.11000,-3.05000,-3.08000,-66.79000,-112.21000
0.53000,0.78000,-1.32000,-3.07000,-3.03000,-2.81000,-2.87000,-62.31000,-111.28000
0.53000,0.78000,-1.32000,-2.78000,-2.97000,-2.71000,-2.78000,-62.31000,-111.28000
0.52000,0.79000,-1.31000,-2.53000,-2.90000,-2.86000,-2.91000,-68.42000,-112.62000
0.52000,0.80000,-1.30000,-2.61000,-2.86000,-3.10000,-3.13000,-68.42000,-112.62000
0.52000,0.80000,-1.30000,-2.68000,-2.93000,-3.19000,-3.22000,-76.44000,-118.54000
0.52000,0.81000,-1.30000,-2.97000,-3.03000,-3.25000,-3.28000,-76.44000,-118.54000
0.52000,0.82000,-1.30000,-3.32000,-3.11000,-3.26000,-3.28000,-75.60000,-119.14000
0.52000,0.82000,-1.31000,-3.46000,-3.28000,-3.21000,-3.24000,-75.60000,-119.14000
0.51000,0.83000,-1.31000,-3.47000,-3.42000,-3.13000,-3.16000,-67.98000,-115.12000
0.51000,0.84000,-1.31000,-3.36000,-3.34000,-3.08000,-3.12000,-67.98000,-115.12000
0.51000,0.84000,-1.31000,-3.20000,-3.22000,-3.04000,-3.07000,-66.10000,-112.14000
0.51000,0.85000,-1.30000,-2.99000,-3.17000,-3.00000,-3.04000,-66.10000,-112.14000
0.51000,0.86000,-1.30000,-2.86000,-3.03000,-3.07000,-3.11000,-70.34000,-113.58000
0.50000,0.86000,-1.30000,-2.90000,-2.97000,-3.13000,-3.16000,-70.34000,-113.58000
0.50000,0.87000,-1.30000,-2.97000,-2.97000,-3.12000,-3.16000,-72.83000,-116.99000
0.50000,0.88000,-1.30000,-3.01000,-3.05000,-3.08000,-3.12000,-72.83000,-116.99000
0.50000,0.88000,-1.30000,-3.15000,-3.03000,-3.04000,-3.08000,-71.41000,-115.77000
0.50000,0.89000,-1.30000,-3.19000,-3.05000,-2.83000,-2.89000,-71.41000,-115.77000
0.50000,0.90000,-1.30000,-3.13000,-3.09000,-2.28000,-2.48000,-57.40000,-106.99000
0.49000,0.90000,-1.30000,-2.80000,-2.93000,-1.43000,-2.19000,-57.40000,-106.99000
0.49000,0.91000,-1.30000,-2.37000,-2.61000,-1.01000,-2.11000,-38.80000,-99.84000
0.49000,0.91000,-1.28000,-1.66000,-2.37000,-1.02000,-2.11000,-38.80000,-99.84000
0.49000,0.92000,-1.26000,-0.75000,-2.05000,-1.02000,-2.11000,-45.33000,-103.28000
0.49000,0.92000,-1.23000,-0.25000,-1.95000,-1.85000,-2.31000,-45.33000,-103.28000
0.49000,0.92000,-1.20000,-0.21000,-1.95000,-3.29000,-3.26000,-96.65000,-125.30000
0.49000,0.92000,-1.18000,-1.58000,-2.41000,-2.17000,-1.37000,-96.65000,-125.30000
0.48000,0.93000,-1.19000,-3.24000,-2.93000,-2.11000,-1.03000,-77.23000,-92.82000
0.48000,0.94000,-1.21000,-3.90000,-2.55000,-2.11000,-1.05000,-77.23000,-92.82000
0.48000,0.94000,-1.25000,-4.03000,-1.81000,-2.72000,-2.65000,-54.79000,-106.67000
0.48000,0.95000,-1.28000,-3.49000,-1.83000,-2.79000,-2.85000,-54.79000,-106.67000
0.48000,0.95000,-1.30000,-2.74000,-1.99000,-1.03000,-2.11000,-28.53000,-109.99000
0.47000,0.96000,-1.29000,-1.66000,-2.24000,-1.02000,-2.11000,-28.53000,-109.99000
0.47000,0.96000,-1.25000,-0.37000,-2.51000,-1.02000,-2.11000,-41.06000,-105.45000
0.47000,0.96000,-1.20000,0.00000,-2.55000,-2.95000,-3.00000,-41.06000,-105.45000
0.47000,0.97000,-1.16000,0.00000,-2.37000,-2.25000,-1.65000,-80.54000,-93.09000
0.47000,0.97000,-1.14000,-0.93000,-1.95000,-2.11000,-1.01000,-80.54000,-93.09000
0.47000,0.97000,-1.15000,-2.20000,-1.41000,-2.12000,-1.01000,-78.11000,-87.07000
0.47000,0.98000,-1.19000,-2.97000,-0.93000,-2.11000,-1.01000,-78.11000,-87.07000
0.47000,0.98000,-1.24000,-3.45000,-0.60000,-2.11000,-1.05000,-54.54000,-97.37000
0.46000,0.99000,-1.30000,-3.15000,-0.04000,-3.21000,-3.24000,-54.54000,-97.37000
0.46000,0.99000,-1.34000,-2.41000,-0.10000,-1.02000,-2.11000,-30.19000,-127.28000
0.46000,0.99000,-1.35000,-1.37000,-0.98000,-1.00000,-2.13000,-30.19000,-127.28000
0.46000,0.99000,-1.31000,-0.25000,-2.45000,-1.00000,-2.13000,-43.83000,-125.98000
0.46000,1.00000,-1.25000,0.00000,-3.24000,-1.01000,-2.11000,-43.83000,-125.98000
0.46000,1.00000,-1.19000,0.00000,-3.57000,-2.87000,-2.92000,-90.18000,-110.80000
0.46000,1.01000,-1.14000,-1.00000,-3.28000,-2.11000,-1.03000,-90.18000,-110.80000
0.46000,1.01000,-1.14000,-2.66000,-2.99000,-2.12000,-1.01000,-81.25000,-79.63000
0.45000,1.02000,-1.16000,-3.44000,-2.12000,-2.12000,-1.00000,-81.25000,-79.63000
0.45000,1.02000,-1.21000,-3.82000,-1.08000,-2.11000,-1.01000,-51.15000,-83.48000
0.45000,1.03000,-1.27000,-3.42000,-0.08000,-2.36000,-1.98000,-51.15000,-83.48000
0.45000,1.03000,-1.32000,-2.55000,0.00000,-1.44000,-2.19000,-33.37000,-125.03000
0.45000,1.03000,-1.33000,-1.49000,-1.08000,-1.01000,-2.11000,-33.37000,-125.03000
0.45000,1.03000,-1.29000,-0.42000,-2.45000,-1.01000,-2.12000,-43.95000,-121.67000
0.45000,1.04000,-1.23000,0.00000,-3.11000,-1.02000,-2.11000,-43.95000,-121.67000
0.44000,1.04000,-1.17000,0.00000,-3.40000,-3.28000,-3.25000,-97.48000,-114.41000
0.44000,1.05000,-1.14000,-1.58000,-3.26000,-2.11000,-1.01000,-97.48000,-114.41000
0.44000,1.05000,-1.15000,-3.36000,-3.01000,-2.12000,-1.00000,-76.17000,-79.35000
0.44000,1.06000,-1.18000,-3.94000,-2.20000,-2.12000,-1.01000,-76.17000,-79.35000
0.43000,1.06000,-1.23000,-3.90000,-1.06000,-2.11000,-1.01000,-43.76000,-81.86000
0.43000,1.07000,-1.28000,-3.15000,-0.33000,-3.01000,-2.96000,-43.76000,-81.86000
0.43000,1.07000,-1.32000,-1.99000,0.00000,-1.27000,-2.15000,-31.99000,-119.77000
0.43000,1.07000,-1.33000,-0.87000,-0.02000,-1.01000,-2.11000,-31.99000,-119.77000
0.43000,1.07000,-1.32000,-0.08000,-0.68000,-1.01000,-2.12000,-50.99000,-134.90000
0.43000,1.07000,-1.28000,0.00000,-2.34000,-1.01000,-2.11000,-50.99000,-134.90000
0.43000,1.08000,-1.22000,0.00000,-3.49000,-1.26000,-2.15000,-68.66000,-113.05000
0.43000,1.08000,-1.15000,-0.04000,-3.57000,-2.38000,-2.04000,-68.66000,-113.05000
0.43000,1.09000,-1.10000,-0.25000,-3.26000,-2.12000,-1.01000,-88.51000,-76.38000
0.43000,1.09000,-1.09000,-1.70000,-2.34000,-2.14000,-0.98000,-88.51000,-76.38000
0.42000,1.09000,-1.12000,-2.95000,-1.12000,-2.15000,-0.97000,-76.52000,-78.91000
0.42000,1.10000,-1.18000,-3.46000,-0.10000,-2.14000,-0.99000,-76.52000,-78.91000
0.42000,1.10000,-1.25000,-3.63000,0.00000,-2.11000,-1.01000,-52.20000,-104.84000
0.42000,1.10000,-1.30000,-3.09000,-0.02000,-3.13000,-3.09000,-52.20000,-104.84000
0.42000,1.11000,-1.34000,-2.28000,-0.04000,-1.06000,-2.11000,-33.86000,-127.99000
0.42000,1.11000,-1.34000,-1.31000,-1.18000,-1.01000,-2.12000,-33.86000,-127.99000
0.42000,1.11000,-1.30000,-0.29000,-2.59000,-1.01000,-2.12000,-47.68000,-123.25000
0.42000,1.12000,-1.24000,0.00000,-3.26000,-1.03000,-2.11000,-47.68000,-123.25000
0.41000,1.12000,-1.18000,-0.12000,-3.44000,-3.19000,-3.16000,-98.20000,-113.34000
0.41000,1.12000,-1.15000,-1.47000,-3.26000,-2.11000,-1.01000,-98.20000,-113.34000
0.41000,1.13000,-1.16000,-3.26000,-3.01000,-2.12000,-1.00000,-79.28000,-80.38000
0.41000,1.14000,-1.19000,-3.98000,-2.12000,-2.12000,-1.00000,-79.28000,-80.38000
0.41000,1.14000,-1.25000,-4.07000,-0.98000,-2.11000,-1.01000,-45.38000,-84.12000
0.40000,1.15000,-1.31000,-3.45000,-0.02000,-2.53000,-2.39000,-45.38000,-84.12000
0.40000,1.15000,-1.35000,-2.24000,0.00000,-1.18000,-2.13000,-28.28000,-125.71000
0.40000,1.15000,-1.36000,-1.02000,-0.56000,-1.01000,-2.11000,-28.28000,-125.71000
0.40000,1.15000,-1.32000,-0.08000,-2.03000,-1.01000,-2.12000,-48.50000,-130.11000
0.40000,1.16000,-1.27000,0.00000,-3.03000,-1.02000,-2.11000,-48.50000,-130.11000
0.40000,1.16000,-1.20000,0.00000,-3.63000,-3.27000,-3.29000,-97.59000,-120.04000
0.40000,1.17000,-1.16000,-1.27000,-3.67000,-2.11000,-1.01000,-97.59000,-120.04000
0.40000,1.17000,-1.15000,-3.03000,-3.48000,-2.13000,-1.00000,-81.11000,-77.54000
0.39000,1.18000,-1.17000,-3.84000,-2.59000,-2.13000,-0.99000,-81.11000,-77.54000
0.39000,1.18000,-1.22000,-4.09000,-1.14000,-2.13000,-0.99000,-47.72000,-77.64000
0.39000,1.19000,-1.28000,-3.51000,-0.64000,-2.11000,-1.01000,-47.72000,-77.64000
0.39000,1.19000,-1.32000,-2.51000,-0.04000,-2.68000,-2.60000,-50.72000,-121.40000
0.39000,1.19000,-1.35000,-1.79000,-0.25000,-2.54000,-2.63000,-50.72000,-121.40000
0.39000,1.20000,-1.35000,-1.41000,-1.39000,-1.02000,-2.11000,-46.74000,-131.62000
0.39000,1.20000,-1.32000,-1.00000,-2.55000,-1.02000,-2.11000,-46.74000,-131.62000
0.38000,1.20000,-1.27000,-0.58000,-3.47000,-1.88000,-2.33000,-66.93000,-111.53000
0.38000,1.21000,-1.22000,-1.00000,-3.51000,-2.65000,-2.56000,-66.93000,-111.53000
0.38000,1.21000,-1.20000,-1.64000,-3.15000,-2.11000,-1.01000,-75.63000,-76.16000
0.38000,1.22000,-1.20000,-2.32000,-2.22000,-2.12000,-1.00000,-75.63000,-76.16000
0.38000,1.22000,-1.23000,-2.92000,-1.04000,-2.13000,-1.00000,-62.67000,-80.25000
0.38000,1.23000,-1.28000,-2.99000,-0.41000,-2.12000,-1.01000,-62.67000,-80.25000
0.38000,1.23000,-1.33000,-2.78000,0.00000,-2.11000,-1.03000,-51.19000,-100.42000
0.37000,1.23000,-1.37000,-2.26000,0.00000,-3.27000,-3.25000,-51.19000,-100.42000
0.37000,1.23000,-1.40000,-1.68000,0.00000,-1.21000,-2.14000,-43.37000,-126.97000
0.37000,1.24000,-1.42000,-1.16000,-0.02000,-1.01000,-2.11000,-43.37000,-126.97000
0.37000,1.24000,-1.43000,-0.58000,-0.15000,-1.01000,-2.12000,-50.48000,-139.24000
0.37000,1.24000,-1.40000,-0.41000,-1.91000,-1.00000,-2.12000,-50.48000,-139.24000
0.37000,1.24000,-1.35000,-0.42000,-3.32000,-1.01000,-2.12000,-60.80000,-123.48000
0.37000,1.25000,-1.29000,-0.75000,-3.84000,-0.97000,-2.15000,-60.80000,-123.48000
0.37000,1.25000,-1.24000,-1.10000,-3.88000,-1.00000,-2.13000,-59.19000,-95.95000
0.37000,1.26000,-1.21000,-1.41000,-3.26000,-1.01000,-2.11000,-59.19000,-95.95000
0.37000,1.26000,-1.20000,-1.64000,-2.41000,-1.43000,-2.19000,-57.18000,-95.27000
0.37000,1.27000,-1.19000,-1.66000,-1.89000,-2.75000,-2.81000,-57.18000,-95.27000
0.36000,1.27000,-1.19000,-1.56000,-1.62000,-2.96000,-3.00000,-76.50000,-121.59000
0.36000,1.27000,-1.19000,-2.01000,-1.91000,-3.00000,-3.04000,-76.50000,-121.59000
0.36000,1.28000,-1.19000,-2.43000,-2.53000,-2.90000,-2.95000,-78.21000,-127.23000
0.36000,1.29000,-1.18000,-2.68000,-3.11000,-2.98000,-3.02000,-78.21000,-127.23000
0.36000,1.29000,-1.17000,-3.03000,-3.46000,-3.20000,-3.23000,-77.99000,-119.55000
0.35000,1.30000,-1.17000,-3.28000,-3.49000,-3.30000,-3.27000,-77.99000,-119.55000
0.35000,1.31000,-1.17000,-3.36000,-3.44000,-3.27000,-3.25000,-73.25000,-114.97000
0.35000,1.31000,-1.17000,-3.32000,-3.30000,-3.26000,-3.23000,-73.25000,-114.97000
0.34000,1.32000,-1.17000,-3.28000,-3.11000,-3.26000,-3.23000,-72.40000,-116.12000
0.34000,1.33000,-1.18000,-3.28000,-3.03000,-3.29000,-3.26000,-72.40000,-116.12000
0.34000,1.33000,-1.18000,-3.15000,-3.11000,-3.26000,-3.29000,-72.70000,-120.60000
0.34000,1.34000,-1.18000,-3.11000,-3.11000,-3.26000,-3.28000,-72.70000,-120.60000
0.33000,1.35000,-1.18000,-3.15000,-3.22000,-3.26000,-3.28000,-75.01000,-120.82000
0.33000,1.35000,-1.17000,-3.19000,-3.36000,-3.26000,-3.29000,-75.01000,-120.82000
0.33000,1.36000,-1.17000,-3.24000,-3.44000,-3.29000,-3.27000,-75.18000,-117.90000
0.32000,1.37000,-1.17000,-3.34000,-3.36000,-3.26000,-3.24000,-75.18000,-117.90000
0.32000,1.37000,-1.17000,-3.47000,-3.26000,-3.26000,-3.23000,-73.07000,-116.79000
0.32000,1.38000,-1.18000,-3.36000,-3.24000,-3.29000,-3.26000,-73.07000,-116.79000
0.32000,1.39000,-1.18000,-3.28000,-3.13000,-3.27000,-3.29000,-72.44000,-118.84000
0.31000,1.39000,-1.18000,-3.36000,-3.13000,-3.26000,-3.28000,-72.44000,-118.84000
0.31000,1.40000,-1.18000,-3.28000,-3.28000,-3.20000,-3.23000,-70.90000,-119.79000
0.31000,1.41000,-1.18000,-3.17000,-3.36000,-3.20000,-3.23000,-70.90000,-119.79000
0.30000,1.41000,-1.18000,-3.17000,-3.36000,-3.24000,-3.27000,-73.33000,-117.52000
0.30000,1.42000,-1.17000,-3.20000,-3.32000,-3.27000,-3.29000,-73.33000,-117.52000
0.30000,1.43000,-1.17000,-3.15000,-3.28000,-3.29000,-3.27000,-74.20000,-117.58000
0.30000,1.43000,-1.17000,-3.20000,-3.22000,-3.28000,-3.26000,-74.20000,-117.58000
0.29000,1.44000,-1.17000,-3.32000,-3.15000,-3.28000,-3.25000,-74.53000,-118.56000
0.29000,1.45000,-1.17000,-3.32000,-3.26000,-3.29000,-3.27000,-74.53000,-118.56000
0.29000,1.45000,-1.17000,-3.28000,-3.32000,-3.27000,-3.30000,-73.08000,-118.83000
0.28000,1.46000,-1.17000,-3.32000,-3.30000,-3.29000,-3.27000,-73.08000,-118.83000
0.28000,1.47000,-1.17000,-3.32000,-3.30000,-3.30000,-3.27000,-73.15000,-118.06000
0.28000,1.47000,-1.17000,-3.20000,-3.38000,-3.27000,-3.30000,-73.15000,-118.06000
0.28000,1.48000,-1.17000,-3.15000,-3.38000,-3.28000,-3.25000,-74.65000,-116.41000
0.27000,1.49000,-1.17000,-3.22000,-3.26000,-3.22000,-3.20000,-74.65000,-116.41000
0.27000,1.49000,-1.17000,-3.28000,-3.17000,-3.20000,-3.17000,-73.59000,-116.19000
0.27000,1.50000,-1.17000,-3.24000,-3.15000,-3.21000,-3.19000,-73.59000,-116.19000
0.26000,1.51000,-1.17000,-3.26000,-3.03000,-3.22000,-3.20000,-73.58000,-117.64000
0.26000,1.51000,-1.18000,-3.32000,-2.99000,-3.27000,-3.24000,-73.58000,-117.64000
0.26000,1.52000,-1.18000,-3.28000,-3.09000,-3.27000,-3.29000,-72.92000,-121.85000
0.26000,1.53000,-1.18000,-3.22000,-3.17000,-3.24000,-3.27000,-72.92000,-121.85000
0.25000,1.53000,-1.18000,-3.22000,-3.26000,-3.22000,-3.25000,-73.47000,-120.21000
0.25000,1.54000,-1.18000,-3.22000,-3.34000,-3.21000,-3.23000,-73.47000,-120.21000
0.25000,1.55000,-1.18000,-3.13000,-3.38000,-1.01000,-2.11000,-40.36000,-101.12000
0.25000,1.55000,-1.17000,-2.47000,-3.05000,-1.01000,-2.11000,-40.36000,-101.12000
0.24000,1.56000,-1.14000,-1.41000,-2.61000,-1.02000,-2.11000,-38.39000,-98.03000
0.24000,1.56000,-1.11000,-0.58000,-2.26000,-1.08000,-2.11000,-38.39000,-98.03000
0.24000,1.56000,-1.08000,-0.06000,-1.87000,-3.09000,-3.13000,-89.16000,-119.49000
0.24000,1.57000,-1.06000,-1.14000,-2.07000,-2.74000,-2.67000,-89.16000,-119.49000
0.24000,1.57000,-1.07000,-2.72000,-2.59000,-2.13000,-1.16000,-81.34000,-98.05000
0.23000,1.58000,-1.08000,-3.44000,-2.47000,-2.14000,-1.22000,-81.34000,-98.05000
0.23000,1.58000,-1.12000,-3.73000,-2.03000,-2.79000,-2.73000,-62.67000,-110.10000
0.23000,1.59000,-1.14000,-3.48000,-2.05000,-3.13000,-3.17000,-62.67000,-110.10000
0.23000,1.59000,-1.15000,-2.99000,-2.37000,-1.21000,-2.14000,-34.45000,-109.03000
0.22000,1.60000,-1.14000,-2.01000,-2.51000,-1.03000,-2.11000,-34.45000,-109.03000
0.22000,1.60000,-1.11000,-0.87000,-2.64000,-1.09000,-2.11000,-41.07000,-102.33000
0.22000,1.60000,-1.07000,-0.19000,-2.51000,-3.15000,-3.18000,-41.07000,-102.33000
0.22000,1.61000,-1.03000,0.00000,-2.39000,-2.20000,-1.48000,-79.57000,-90.43000
0.22000,1.61000,-1.01000,-0.91000,-1.83000,-2.11000,-1.01000,-79.57000,-90.43000
0.22000,1.61000,-1.03000,-2.24000,-1.22000,-2.12000,-1.01000,-79.58000,-87.41000
0.21000,1.62000,-1.07000,-2.99000,-0.85000,-2.11000,-1.01000,-79.58000,-87.41000
0.21000,1.62000,-1.12000,-3.24000,-0.25000,-2.12000,-1.12000,-55.66000,-98.76000
0.21000,1.62000,-1.17000,-2.91000,0.00000,-3.04000,-3.07000,-55.66000,-98.76000
0.21000,1.62000,-1.21000,-2.24000,-0.02000,-1.01000,-2.11000,-35.12000,-128.01000
0.21000,1.63000,-1.22000,-1.27000,-1.00000,-1.00000,-2.13000,-35.12000,-128.01000
0.21000,1.63000,-1.18000,-0.31000,-2.39000,-1.00000,-2.13000,-48.08000,-126.01000
0.21000,1.63000,-1.12000,0.00000,-3.20000,-1.01000,-2.11000,-48.08000,-126.01000
0.20000,1.64000,-1.06000,0.00000,-3.65000,-2.59000,-2.67000,-89.42000,-108.01000
0.20000,1.64000,-1.01000,-1.02000,-3.44000,-2.11000,-1.05000,-89.42000,-108.01000
0.20000,1.65000,-1.01000,-2.61000,-2.90000,-2.12000,-1.01000,-82.63000,-76.16000
0.20000,1.65000,-1.04000,-3.42000,-1.91000,-2.12000,-1.00000,-82.63000,-76.16000
0.19000,1.66000,-1.09000,-3.69000,-0.77000,-2.11000,-1.01000,-53.03000,-84.63000
0.19000,1.66000,-1.14000,-3.24000,-0.48000,-2.58000,-2.48000,-53.03000,-84.63000
0.19000,1.66000,-1.18000,-2.45000,0.00000,-2.11000,-2.41000,-47.84000,-121.68000
0.19000,1.66000,-1.21000,-1.72000,0.00000,-1.01000,-2.11000,-47.84000,-121.68000
0.19000,1.66000,-1.23000,-0.98000,-0.02000,-1.00000,-2.12000,-47.20000,-136.16000
0.19000,1.67000,-1.23000,-0.66000,-0.54000,-0.99000,-2.13000,-47.20000,-136.16000
0.19000,1.67000,-1.20000,-0.41000,-2.43000,-0.99000,-2.13000,-58.61000,-140.94000
0.19000,1.67000,-1.14000,-0.52000,-3.55000,-1.01000,-2.12000,-58.61000,-140.94000
0.18000,1.68000,-1.08000,-0.85000,-4.21000,-1.13000,-2.12000,-64.88000,-105.21000
0.18000,1.68000,-1.04000,-1.33000,-3.86000,-2.77000,-2.70000,-64.88000,-105.21000
0.18000,1.69000,-1.01000,-1.72000,-3.15000,-2.11000,-1.01000,-71.08000,-75.39000
0.18000,1.69000,-1.01000,-2.18000,-2.10000,-2.12000,-1.00000,-71.08000,-75.39000
0.17000,1.70000,-1.04000,-2.55000,-0.89000,-2.12000,-1.00000,-63.20000,-84.60000
0.17000,1.70000,-1.08000,-2.59000,-0.17000,-2.11000,-1.01000,-63.20000,-84.60000
0.17000,1.70000,-1.13000,-2.45000,0.00000,-2.28000,-1.74000,-58.94000,-118.00000
0.17000,1.70000,-1.17000,-2.20000,0.00000,-3.02000,-3.06000,-58.94000,-118.00000
0.17000,1.71000,-1.20000,-1.99000,0.00000,-1.02000,-2.11000,-44.10000,-135.44000
0.17000,1.71000,-1.23000,-1.41000,-0.02000,-1.01000,-2.12000,-44.10000,-135.44000
0.17000,1.71000,-1.24000,-0.71000,-0.33000,-0.99000,-2.13000,-48.45000,-148.12000
0.17000,1.71000,-1.20000,-0.37000,-2.22000,-0.99000,-2.13000,-48.45000,-148.12000
0.16000,1.71000,-1.14000,-0.29000,-3.78000,-1.00000,-2.12000,-61.67000,-127.68000
0.16000,1.72000,-1.07000,-0.56000,-4.21000,-1.16000,-2.13000,-61.67000,-127.68000
0.16000,1.72000,-1.02000,-1.06000,-4.17000,-2.43000,-2.16000,-84.04000,-97.72000
0.16000,1.73000,-0.99000,-1.99000,-3.46000,-2.12000,-1.01000,-84.04000,-97.72000
0.15000,1.74000,-1.00000,-3.05000,-2.61000,-2.13000,-0.99000,-69.28000,-79.16000
0.15000,1.74000,-1.03000,-3.26000,-1.68000,-2.13000,-0.99000,-69.28000,-79.16000
0.15000,1.74000,-1.07000,-3.15000,-0.60000,-2.12000,-1.00000,-51.05000,-91.22000
0.15000,1.75000,-1.12000,-2.72000,-0.21000,-2.11000,-1.02000,-51.05000,-91.22000
0.14000,1.75000,-1.14000,-2.01000,-0.75000,-2.76000,-2.69000,-61.80000,-134.50000
0.14000,1.75000,-1.15000,-1.78000,-1.49000,-3.27000,-3.29000,-61.80000,-134.50000
0.14000,1.76000,-1.13000,-1.85000,-2.88000,-3.21000,-3.24000,-82.90000,-138.40000
0.14000,1.76000,-1.10000,-2.34000,-3.75000,-3.14000,-3.11000,-82.90000,-138.40000
0.13000,1.77000,-1.08000,-2.97000,-4.27000,-2.12000,-1.14000,-66.71000,-83.39000
0.13000,1.78000,-1.07000,-3.13000,-3.49000,-2.11000,-1.01000,-66.71000,-83.39000
0.13000,1.78000,-1.09000,-2.90000,-2.10000,-2.12000,-1.00000,-53.56000,-69.69000
0.13000,1.79000,-1.12000,-2.49000,-0.87000,-1.03000,-2.11000,-53.56000,-69.69000
0.13000,1.79000,-1.15000,-1.99000,0.00000,-1.01000,-2.12000,-40.44000,-110.71000
0.12000,1.79000,-1.17000,-1.29000,-0.58000,-0.99000,-2.13000,-40.44000,-110.71000
0.12000,1.79000,-1.15000,-0.62000,-1.41000,-0.99000,-2.14000,-49.31000,-122.84000
0.12000,1.79000,-1.12000,-0.25000,-2.10000,-0.99000,-2.13000,-49.31000,-122.84000
0.12000,1.80000,-1.07000,-0.35000,-2.80000,-1.01000,-2.12000,-63.38000,-109.19000
0.12000,1.80000,-1.04000,-0.79000,-2.90000,-1.07000,-2.11000,-63.38000,-109.19000
0.12000,1.80000,-1.01000,-1.31000,-2.74000,-3.23000,-3.26000,-93.24000,-114.35000
0.11000,1.81000,-1.00000,-2.41000,-2.74000,-2.74000,-2.67000,-93.24000,-114.35000
0.11000,1.82000,-1.02000,-3.63000,-2.64000,-2.36000,-1.99000,-70.58000,-99.85000
0.11000,1.82000,-1.05000,-3.82000,-2.32000,-3.17000,-3.14000,-70.58000,-99.85000
0.10000,1.83000,-1.07000,-3.42000,-2.05000,-2.91000,-2.96000,-57.37000,-116.13000
0.10000,1.83000,-1.09000,-2.95000,-2.26000,-1.08000,-2.11000,-57.37000,-116.13000
0.10000,1.84000,-1.08000,-2.32000,-2.68000,-1.02000,-2.11000,-36.64000,-108.10000
0.10000,1.84000,-1.06000,-1.47000,-2.78000,-1.02000,-2.11000,-36.64000,-108.10000
0.09000,1.84000,-1.01000,-0.44000,-2.76000,-1.86000,-2.32000,-59.73000,-102.52000
0.09000,1.85000,-0.98000,-0.44000,-2.43000,-3.09000,-3.05000,-59.73000,-102.52000
0.09000,1.85000,-0.95000,-0.89000,-2.22000,-2.11000,-1.03000,-81.31000,-85.70000
0.09000,1.85000,-0.96000,-1.74000,-1.60000,-2.11000,-1.01000,-81.31000,-85.70000
0.09000,1.86000,-0.99000,-2.72000,-0.87000,-2.11000,-1.01000,-71.82000,-89.51000
0.08000,1.86000,-1.05000,-3.13000,-0.04000,-2.11000,-1.08000,-71.82000,-89.51000
0.08000,1.86000,-1.10000,-3.07000,-0.02000,-3.05000,-3.08000,-67.21000,-140.42000
0.08000,1.87000,-1.13000,-2.86000,-1.35000,-1.01000,-2.11000,-67.21000,-140.42000
0.08000,1.87000,-1.12000,-2.74000,-2.97000,-1.00000,-2.12000,-40.10000,-124.66000
0.07000,1.88000,-1.10000,-2.03000,-3.61000,-1.00000,-2.12000,-40.10000,-124.66000
0.07000,1.88000,-1.05000,-1.04000,-3.80000,-1.01000,-2.11000,-41.50000,-95.21000
0.07000,1.89000,-0.99000,-0.44000,-3.30000,-2.00000,-2.37000,-41.50000,-95.21000
0.07000,1.89000,-0.95000,-0.04000,-2.49000,-2.53000,-2.40000,-82.18000,-95.14000
0.07000,1.89000,-0.93000,-1.08000,-1.97000,-2.11000,-1.01000,-82.18000,-95.14000
0.06000,1.90000,-0.95000,-2.34000,-1.56000,-2.12000,-1.01000,-78.89000,-88.84000
0.06000,1.90000,-0.98000,-3.05000,-1.06000,-2.11000,-1.01000,-78.89000,-88.84000
0.06000,1.90000,-1.03000,-3.42000,-0.75000,-2.11000,-1.07000,-55.43000,-97.66000
0.06000,1.91000,-1.08000,-3.05000,-0.29000,-3.24000,-3.27000,-55.43000,-97.66000
0.06000,1.91000,-1.11000,-2.35000,-0.91000,-1.02000,-2.11000,-33.46000,-124.79000
0.05000,1.91000,-1.10000,-1.39000,-1.78000,-1.01000,-2.12000,-33.46000,-124.79000
0.05000,1.92000,-1.06000,-0.27000,-2.80000,-1.01000,-2.11000,-46.02000,-113.40000
0.05000,1.92000,-1.00000,-0.02000,-3.13000,-1.30000,-2.16000,-46.02000,-113.40000
0.05000,1.92000,-0.94000,-0.02000,-3.07000,-2.77000,-2.70000,-90.63000,-103.93000
0.05000,1.93000,-0.92000,-1.29000,-2.70000,-2.11000,-1.01000,-90.63000,-103.93000
0.04000,1.93000,-0.93000,-2.78000,-2.34000,-2.13000,-1.00000,-78.50000,-82.36000
0.04000,1.93000,-0.96000,-3.40000,-1.68000,-2.12000,-1.00000,-78.50000,-82.36000
0.04000,1.94000,-1.01000,-3.65000,-0.75000,-2.12000,-1.01000,-51.67000,-87.59000
0.03000,1.94000,-1.06000,-3.24000,-0.37000,-2.16000,-1.30000,-51.67000,-87.59000
0.03000,1.94000,-1.10000,-2.32000,0.00000,-2.99000,-3.03000,-59.45000,-133.41000
0.03000,1.95000,-1.12000,-1.95000,-1.10000,-1.02000,-2.11000,-59.45000,-133.41000
0.03000,1.95000,-1.11000,-1.87000,-2.63000,-1.01000,-2.11000,-47.64000,-124.74000
0.03000,1.96000,-1.07000,-1.43000,-3.36000,-1.01000,-2.11000,-47.64000,-124.74000
0.02000,1.96000,-1.02000,-0.98000,-3.63000,-1.08000,-2.11000,-50.85000,-96.89000
0.02000,1.96000,-0.98000,-0.85000,-3.17000,-3.29000,-3.26000,-50.85000,-96.89000
0.02000,1.97000,-0.95000,-0.81000,-2.49000,-2.11000,-1.05000,-72.84000,-76.26000
0.02000,1.97000,-0.95000,-1.39000,-1.58000,-2.11000,-1.01000,-72.84000,-76.26000
0.02000,1.97000,-0.98000,-2.22000,-0.62000,-2.12000,-1.01000,-72.48000,-86.83000
0.01000,1.98000,-1.02000,-2.74000,-0.27000,-2.11000,-1.01000,-72.48000,-86.83000
0.01000,1.98000,-1.07000,-2.95000,-0.02000,-2.17000,-1.34000,-57.30000,-108.01000
0.01000,1.98000,-1.12000,-2.66000,0.00000,0.64000,-0.40000,-57.30000,-108.01000
0.01000,1.98000,-1.16000,-2.22000,0.00000,0.57000,-0.44000,-14.01000,-104.99000
0.01000,1.98000,-1.18000,-0.98000,0.00000,0.53000,-0.45000,-14.01000,-104.99000
0.01000,1.98000,-1.18000,0.00000,0.00000,0.51000,-0.45000,-20.80000,-107.70000
0.01000,1.98000,-1.18000,0.00000,0.00000,0.51000,-0.45000,-20.80000,-107.70000
0.01000,1.98000,-1.18000,0.00000,0.00000,0.51000,-0.45000,-26.52000,-110.37000
0.01000,1.98000,-1.18000,0.00000,0.00000,0.51000,-0.45000,-26.52000,-110.37000
0.01000,1.98000,-1.18000,0.00000,0.00000,0.51000,-0.45000,-23.46000,-113.04000
0.01000,1.98000,-1.18000,0.00000,0.00000,0.51000,-0.45000,-23.46000,-113.04000
0.01000,1.98000,-1.18000,0.00000,0.00000,0.51000,-0.45000,-20.40000,-115.72000
0.01000,1.98000,-1.18000,0.00000,0.00000,0.51000,-0.45000,-20.40000,-115.72000
0.01000,1.98000,-1.18000,0.00000,0.00000,0.51000,-0.45000,-17.34000,-118.39000
0.01000,1.98000,-1.18000,0.00000,0.00000,0.51000,-0.45000,-17.34000,-118.39000
0.01000,1.98000,-1.18000,0.00000,0.00000,0.51000,-0.45000,-14.28000,-121.06000
0.01000,1.98000,-1.18000,0.00000,0.00000,0.51000,-0.45000,-14.28000,-121.06000
0.01000,1.98000,-1.18000,0.00000,0.00000,0.51000,-0.45000,-11.22000,-123.73000
0.01000,1.98000,-1.18000,0.00000,0.00000,0.51000,-0.45000,-11.22000,-123.73000
0.01000,1.98000,-1.18000,0.00000,0.00000,0.51000,-0.45000,-8.16000,-126.40000
0.01000,1.98000,-1.18000,0.00000,0.00000,0.51000,-0.45000,-8.16000,-126.40000
0.01000,1.98000,-1.18000,0.00000,0.00000,0.51000,-0.45000,-5.10000,-129.07000
0.01000,1.98000,-1.18000,0.00000,0.00000,0.51000,-0.45000,-5.10000,-129.07000
0.01000,1.98000,-1.18000,0.00000,0.00000,0.51000,-0.45000,-2.04000,-131.75000
0.01000,1.98000,-1.18000,0.00000,0.00000,0.51000,-0.45000,-2.04000,-131.75000
0.01000,1.98000,-1.18000,0.00000,0.00000,0.51000,-0.45000,1.02000,-134.42000
0.01000,1.98000,-1.18000,0.00000,0.00000,0.51000,-0.45000,1.02000,-134.42000
0.01000,1.98000,-1.18000,0.00000,0.00000,0.51000,-0.45000,4.08000,-137.09000
0.01000,1.98000,-1.18000,0.00000,0.00000,0.51000,-0.45000,4.08000,-137.09000
0.01000,1.98000,-1.18000,0.00000,0.00000,0.51000,-0.45000,7.14000,-139.76000
0.01000,1.98000,-1.18000,0.00000,0.00000,0.51000,-0.45000,7.14000,-139.76000
0.01000,1.98000,-1.18000,0.00000,0.00000,0.51000,-0.45000,10.20000,-142.43000
0.01000,1.98000,-1.18000,0.00000,0.00000,0.51000,-0.45000,10.20000,-142.43000
0.01000,1.98000,-1.18000,0.00000,0.00000,0.51000,-0.45000,13.26000,-145.10000
0.01000,1.98000,-1.18000,0.00000,-0.02000,0.51000,-0.45000,13.26000,-145.10000
0.01000,1.99000,-1.17000,0.00000,-0.50000,0.51000,-0.45000,16.33000,-147.46000
0.01000,1.99000,-1.12000,0.00000,-2.72000,0.52000,-0.45000,16.33000,-147.46000
0.01000,1.99000,-1.05000,0.00000,-4.09000,0.59000,-0.43000,20.53000,-109.40000
0.00000,2.00000,-0.97000,0.00000,-4.15000,0.73000,-0.30000,20.53000,-109.40000
0.00000,2.00000,-0.91000,0.00000,-3.61000,1.06000,0.04000,31.12000,-67.16000
-0.00000,2.00000,-0.86000,0.00000,-2.35000,1.51000,0.46000,31.12000,-67.16000
-0.00000,2.00000,-0.85000,0.00000,-0.69000,1.76000,0.66000,47.99000,-59.76000
-0.00000,2.00000,-0.85000,0.00000,0.00000,1.82000,0.70000,47.99000,-59.76000
-0.00000,2.00000,-0.85000,0.02000,0.00000,1.82000,0.70000,59.40000,-76.25000
-0.00000,2.00000,-0.85000,0.00000,0.00000,1.82000,0.70000,59.40000,-76.25000
-0.00000,2.00000,-0.85000,0.02000,0.00000,1.82000,0.70000,70.32000,-72.01000
-0.00000,2.00000,-0.85000,0.00000,0.00000,1.82000,0.71000,70.32000,-72.01000
-0.00000,2.00000,-0.85000,0.21000,0.00000,1.82000,0.71000,81.25000,-67.77000
-0.00000,2.00000,-0.82000,1.22000,0.00000,1.83000,0.72000,81.25000,-67.77000
0.00000,2.00000,-0.78000,2.22000,0.00000,1.91000,0.77000,75.13000,-62.55000
0.00000,2.00000,-0.73000,2.78000,0.00000,2.01000,0.84000,75.13000,-62.55000
0.01000,1.99000,-0.68000,2.99000,0.00000,2.10000,0.88000,58.73000,-56.24000
0.01000,1.99000,-0.63000,2.84000,0.00000,2.15000,0.90000,58.73000,-56.24000
0.01000,1.99000,-0.58000,2.43000,0.00000,2.19000,0.91000,55.02000,-50.61000
0.01000,1.99000,-0.55000,2.10000,0.00000,2.20000,0.91000,55.02000,-50.61000
0.01000,1.99000,-0.51000,1.85000,0.00000,2.21000,0.91000,62.60000,-45.16000
0.02000,1.99000,-0.48000,1.87000,0.00000,2.21000,0.91000,62.60000,-45.16000
0.02000,1.99000,-0.44000,2.03000,0.00000,2.21000,0.91000,66.75000,-39.69000
0.02000,1.99000,-0.40000,2.22000,0.00000,2.21000,0.91000,66.75000,-39.69000
0.02000,1.98000,-0.36000,2.39000,0.00000,2.21000,0.91000,63.52000,-34.18000
0.03000,1.98000,-0.31000,2.45000,0.00000,2.21000,0.92000,63.52000,-34.18000
0.03000,1.98000,-0.27000,2.37000,0.00000,2.20000,0.93000,59.85000,-28.51000
0.03000,1.98000,-0.23000,2.24000,0.00000,2.18000,0.94000,59.85000,-28.51000
0.03000,1.98000,-0.19000,2.08000,0.00000,2.16000,0.96000,60.88000,-22.37000
0.04000,1.98000,-0.16000,2.03000,0.00000,2.13000,1.00000,60.88000,-22.37000
0.04000,1.98000,-0.12000,1.99000,0.00000,2.09000,1.04000,62.41000,-15.46000
0.04000,1.98000,-0.09000,1.97000,0.00000,2.03000,1.09000,62.41000,-15.46000
0.04000,1.98000,-0.05000,2.05000,0.00000,1.95000,1.17000,61.67000,-7.28000
0.04000,1.98000,-0.01000,2.08000,0.00000,1.85000,1.27000,61.67000,-7.28000
0.05000,1.98000,0.03000,2.08000,0.00000,1.77000,1.45000,57.27000,4.00000
0.05000,1.98000,0.06000,1.99000,0.00000,3.27000,3.27000,57.27000,4.00000
0.05000,1.98000,0.10000,1.87000,0.00000,1.65000,1.91000,54.82000,19.64000
0.05000,1.98000,0.13000,1.70000,0.00000,1.30000,1.82000,54.82000,19.64000
0.05000,1.98000,0.15000,1.52000,0.00000,1.21000,1.91000,50.56000,31.13000
0.06000,1.98000,0.18000,1.33000,0.00000,1.14000,1.98000,50.56000,31.13000
0.06000,1.98000,0.20000,1.10000,0.00000,1.09000,2.03000,51.45000,44.38000
0.06000,1.98000,0.22000,0.96000,0.00000,1.06000,2.07000,51.45000,44.38000
0.06000,1.98000,0.23000,0.89000,0.00000,1.03000,2.09000,54.77000,57.46000
0.06000,1.98000,0.25000,0.95000,0.00000,1.01000,2.11000,54.77000,57.46000
0.06000,1.98000,0.27000,1.00000,0.00000,0.99000,2.13000,54.64000,70.58000
0.06000,1.98000,0.29000,1.06000,0.02000,0.98000,2.15000,54.64000,70.58000
0.06000,1.98000,0.31000,1.08000,0.00000,0.96000,2.16000,52.85000,83.52000
0.06000,1.98000,0.33000,1.08000,0.00000,0.95000,2.17000,52.85000,83.52000
0.07000,1.98000,0.34000,0.91000,0.02000,0.94000,2.19000,51.63000,97.03000
0.07000,1.98000,0.36000,0.87000,0.00000,0.93000,2.19000,51.63000,97.03000
0.07000,1.98000,0.37000,0.81000,0.00000,0.93000,2.20000,53.71000,110.32000
0.07000,1.98000,0.38000,0.73000,0.02000,0.92000,2.20000,53.71000,110.32000
0.07000,1.98000,0.40000,0.66000,0.00000,0.92000,2.20000,56.12000,123.30000
0.07000,1.98000,0.41000,0.79000,0.12000,0.92000,2.21000,56.12000,123.30000
0.07000,1.99000,0.42000,0.77000,0.02000,0.92000,2.21000,56.29000,134.91000
0.07000,1.99000,0.43000,0.73000,0.02000,0.91000,2.21000,56.29000,134.91000
0.07000,1.99000,0.45000,0.83000,0.00000,0.91000,2.21000,57.94000,149.00000
0.07000,1.99000,0.45000,0.83000,0.83000,0.91000,2.21000,57.94000,149.00000
0.08000,1.99000,0.42000,0.79000,2.53000,0.91000,2.21000,57.50000,150.01000
0.08000,1.99000,0.37000,0.79000,3.28000,0.91000,2.21000,57.50000,150.01000
0.09000,1.99000,0.32000,0.87000,3.65000,0.92000,2.20000,58.74000,121.47000
0.09000,1.99000,0.28000,0.91000,3.44000,0.94000,2.19000,58.74000,121.47000
0.10000,1.99000,0.24000,1.00000,2.80000,0.96000,2.17000,58.22000,111.96000
0.10000,2.00000,0.22000,1.08000,2.16000,0.98000,2.14000,58.22000,111.96000
0.10000,2.00000,0.22000,1.20000,1.74000,1.00000,2.13000,56.60000,122.97000
0.11000,2.00000,0.20000,1.08000,1.93000,1.01000,2.12000,56.60000,122.97000
0.11000,2.00000,0.18000,1.00000,2.16000,1.02000,2.10000,56.52000,125.83000
0.11000,2.00000,0.15000,1.04000,2.37000,1.05000,2.07000,56.52000,125.83000
0.12000,2.00000,0.13000,1.02000,2.57000,1.09000,2.04000,57.79000,119.35000
0.12000,2.00000,0.10000,0.98000,2.61000,1.14000,1.98000,57.79000,119.35000
0.12000,2.00000,0.07000,1.06000,2.43000,1.22000,1.91000,60.94000,111.74000
0.13000,2.00000,0.05000,1.22000,2.26000,1.29000,1.83000,60.94000,111.74000
0.13000,2.00000,0.04000,1.35000,2.12000,1.35000,1.77000,60.69000,110.76000
0.14000,2.00000,0.03000,1.39000,2.08000,1.45000,1.77000,60.69000,110.76000
0.14000,2.00000,0.02000,1.54000,1.95000,1.99000,2.21000,68.50000,117.18000
0.14000,2.00000,0.01000,1.74000,2.03000,2.67000,2.71000,68.50000,117.18000
0.15000,2.00000,0.01000,1.99000,2.22000,2.96000,2.98000,81.40000,130.12000
0.15000,2.00000,0.01000,2.47000,2.47000,3.11000,3.12000,81.40000,130.12000
0.16000,2.00000,0.01000,3.01000,2.80000,3.10000,3.11000,79.96000,131.30000
0.17000,2.00000,0.01000,3.15000,3.11000,2.96000,2.98000,79.96000,131.30000
0.18000,2.00000,0.01000,3.24000,3.26000,2.92000,2.94000,70.70000,122.84000
0.18000,2.00000,0.02000,3.20000,3.15000,2.93000,2.94000,70.70000,122.84000
0.19000,2.00000,0.02000,2.99000,2.99000,2.88000,2.90000,68.04000,120.57000
0.20000,2.00000,0.01000,2.78000,2.91000,2.87000,2.89000,68.04000,120.57000
0.20000,2.00000,0.01000,2.70000,2.78000,2.96000,2.98000,73.67000,124.01000
0.21000,2.00000,0.01000,2.74000,2.72000,3.02000,3.03000,73.67000,124.01000
0.21000,2.00000,0.01000,2.74000,2.84000,3.00000,3.01000,75.89000,127.73000
0.22000,2.00000,0.01000,2.82000,2.88000,3.06000,3.07000,75.89000,127.73000
0.23000,2.00000,0.01000,2.99000,2.86000,3.09000,3.10000,77.63000,128.37000
0.23000,2.00000,0.01000,3.07000,2.97000,3.01000,3.02000,77.63000,128.37000
0.24000,2.00000,0.01000,3.01000,3.07000,2.92000,2.93000,72.85000,125.89000
0.25000,2.00000,0.01000,2.97000,3.05000,2.96000,2.97000,72.85000,125.89000
0.25000,2.00000,0.01000,3.03000,3.05000,3.01000,3.02000,74.90000,125.81000
0.26000,2.00000,0.01000,2.99000,3.13000,3.02000,3.03000,74.90000,125.81000
0.27000,2.00000,0.01000,3.07000,3.18000,3.10000,3.11000,76.21000,125.71000
0.28000,2.00000,0.01000,3.20000,3.11000,3.15000,3.16000,76.21000,125.71000
0.28000,2.00000,0.01000,3.28000,3.11000,3.10000,3.11000,73.79000,125.89000
0.29000,2.00000,0.01000,3.24000,3.20000,2.99000,3.00000,73.79000,125.89000
0.30000,2.00000,0.01000,3.11000,3.15000,2.94000,2.96000,70.24000,122.38000
0.30000,2.00000,0.01000,2.82000,3.07000,2.97000,2.98000,70.24000,122.38000
0.31000,2.00000,-0.00000,2.57000,3.09000,3.12000,3.13000,77.32000,125.34000
0.32000,2.00000,-0.01000,2.72000,3.11000,3.27000,3.28000,77.32000,125.34000
0.32000,2.00000,-0.01000,2.99000,3.13000,3.25000,3.25000,82.66000,126.88000
0.33000,2.00000,-0.01000,3.22000,3.15000,3.21000,3.21000,82.66000,126.88000
0.34000,2.00000,-0.01000,3.40000,3.28000,3.23000,3.23000,78.06000,126.72000
0.34000,2.00000,-0.01000,3.49000,3.24000,3.26000,3.25000,78.06000,126.72000
0.35000,2.00000,-0.00000,3.53000,3.24000,3.28000,3.28000,74.90000,126.77000
0.36000,2.00000,0.00000,3.42000,3.26000,3.25000,3.25000,74.90000,126.77000
0.37000,2.00000,0.00000,3.26000,3.28000,3.19000,3.20000,73.29000,125.50000
0.37000,2.00000,-0.00000,3.15000,3.26000,3.20000,3.20000,73.29000,125.50000
0.38000,2.00000,-0.00000,3.05000,3.22000,3.23000,3.23000,76.47000,125.65000
0.39000,2.00000,-0.01000,3.09000,3.28000,3.26000,3.27000,76.47000,125.65000
0.40000,2.00000,-0.01000,3.20000,3.28000,3.28000,3.28000,78.66000,125.93000
0.40000,2.00000,-0.01000,3.38000,3.26000,3.28000,3.28000,78.66000,125.93000
0.41000,2.00000,-0.00000,3.38000,3.28000,3.28000,3.28000,75.42000,126.25000
0.42000,2.00000,-0.00000,3.20000,3.26000,3.27000,3.27000,75.42000,126.25000
0.43000,2.00000,-0.00000,3.22000,3.18000,3.28000,3.28000,77.56000,126.34000
0.43000,2.00000,-0.00000,3.24000,3.22000,3.27000,3.27000,77.56000,126.34000
0.44000,2.00000,-0.00000,3.22000,3.26000,3.27000,3.27000,77.30000,126.98000
0.45000,2.00000,-0.00000,3.28000,3.24000,3.27000,3.28000,77.30000,126.98000
0.45000,2.00000,-0.00000,3.26000,3.22000,3.27000,3.27000,76.85000,126.97000
0.46000,2.00000,-0.00000,3.24000,3.30000,3.26000,3.26000,76.85000,126.97000
0.47000,2.00000,-0.01000,3.22000,3.36000,3.27000,3.27000,77.42000,126.25000
0.48000,2.00000,-0.01000,3.36000,3.28000,3.28000,3.28000,77.42000,126.25000
0.48000,2.00000,-0.01000,3.32000,3.32000,3.28000,3.28000,75.85000,126.48000
0.49000,2.00000,-0.01000,3.24000,3.40000,3.28000,3.28000,75.85000,126.48000
0.50000,2.00000,-0.01000,3.20000,3.32000,3.28000,3.28000,77.28000,124.66000
0.51000,2.00000,-0.01000,3.28000,3.26000,3.27000,3.27000,77.28000,124.66000
0.51000,2.00000,-0.01000,3.26000,3.22000,3.27000,3.27000,76.76000,125.92000
0.52000,2.00000,-0.01000,3.22000,3.28000,3.27000,3.27000,76.76000,125.92000
0.53000,2.00000,-0.01000,3.24000,3.20000,3.27000,3.26000,77.57000,125.59000
0.54000,2.00000,-0.01000,3.30000,3.26000,3.27000,3.27000,77.57000,125.59000
0.54000,2.00000,-0.01000,3.26000,3.30000,3.28000,3.27000,76.77000,125.97000
0.55000,2.00000,-0.01000,3.24000,3.28000,3.27000,3.27000,76.77000,125.97000
0.56000,2.00000,-0.01000,3.36000,3.26000,3.26000,3.26000,77.36000,125.53000
0.56000,2.00000,-0.01000,3.36000,3.28000,3.28000,3.27000,77.36000,125.53000
0.57000,2.00000,-0.01000,3.32000,3.32000,3.28000,3.28000,75.93000,125.74000
0.58000,2.00000,-0.00000,3.40000,3.26000,3.28000,3.28000,75.93000,125.74000
0.59000,2.00000,-0.00000,3.34000,3.28000,3.28000,3.28000,74.77000,126.03000
0.59000,2.00000,-0.01000,3.26000,3.38000,3.27000,3.27000,74.77000,126.03000
0.60000,2.00000,-0.01000,3.20000,3.40000,3.28000,3.28000,76.25000,124.34000
0.61000,2.00000,-0.01000,3.24000,3.30000,3.27000,3.27000,76.25000,124.34000
0.62000,2.00000,-0.01000,3.24000,3.30000,3.26000,3.26000,76.38000,124.60000
0.62000,2.00000,-0.01000,3.20000,3.26000,3.24000,3.24000,76.38000,124.60000
0.63000,2.00000,-0.01000,3.20000,3.17000,3.22000,3.22000,76.55000,124.36000
0.64000,2.00000,-0.01000,3.26000,3.13000,3.22000,3.21000,76.55000,124.36000
0.65000,2.00000,-0.01000,3.22000,3.20000,3.24000,3.24000,76.12000,126.34000
0.65000,2.00000,-0.01000,3.15000,3.20000,3.24000,3.24000,76.12000,126.34000
0.66000,2.00000,-0.01000,3.20000,3.22000,3.22000,3.22000,77.30000,125.74000
0.67000,2.00000,-0.01000,3.22000,3.30000,3.21000,3.20000,77.30000,125.74000
0.67000,2.00000,-0.01000,3.26000,3.30000,3.15000,3.15000,75.75000,123.24000
0.68000,2.00000,-0.01000,3.28000,3.22000,3.10000,3.09000,75.75000,123.24000
0.69000,2.00000,-0.01000,3.24000,3.15000,3.08000,3.07000,73.27000,122.35000
0.70000,2.00000,-0.01000,3.18000,3.18000,3.06000,3.04000,73.27000,122.35000
0.70000,2.00000,-0.01000,3.09000,3.13000,2.95000,2.93000,71.70000,120.06000
0.71000,2.00000,-0.01000,3.03000,2.99000,2.69000,2.66000,71.70000,120.06000
0.72000,2.00000,-0.01000,2.95000,2.97000,0.42000,-0.61000,34.60000,68.30000
0.72000,2.00000,-0.01000,1.93000,1.95000,0.39000,-0.65000,34.60000,68.30000
0.72000,2.00000,-0.00000,0.69000,0.27000,0.36000,-0.68000,34.48000,61.18000
0.72000,2.00000,-0.00000,0.00000,0.00000,0.33000,-0.71000,34.48000,61.18000
0.72000,2.00000,-0.00000,0.00000,0.00000,0.33000,-0.71000,53.60000,74.25000
0.72000,2.00000,-0.00000,0.00000,0.00000,0.33000,-0.71000,53.60000,74.25000
0.72000,2.00000,-0.00000,0.12000,0.00000,0.33000,-0.71000,55.58000,70.01000
0.72000,2.00000,0.01000,0.48000,0.00000,0.32000,-0.71000,55.58000,70.01000
0.72000,2.00000,0.02000,0.66000,0.00000,0.30000,-0.74000,49.87000,65.24000
0.72000,2.00000,0.03000,0.64000,0.00000,0.25000,-0.79000,49.87000,65.24000
0.72000,2.00000,0.04000,0.52000,0.00000,0.20000,-0.84000,44.80000,59.36000
0.72000,2.00000,0.05000,0.39000,0.00000,0.15000,-0.88000,44.80000,59.36000
0.72000,2.00000,0.05000,0.17000,0.00000,0.11000,-0.92000,44.57000,53.13000
0.72000,2.00000,0.05000,0.00000,0.00000,0.09000,-0.93000,44.57000,53.13000
0.72000,2.00000,0.05000,0.00000,0.00000,0.09000,-0.93000,48.53000,47.38000
0.72000,2.00000,0.05000,0.00000,0.00000,0.09000,-0.93000,48.53000,47.38000
0.72000,2.00000,0.05000,0.00000,0.00000,0.09000,-0.93000,49.09000,41.77000
0.72000,2.00000,0.05000,0.00000,0.00000,0.09000,-0.93000,49.09000,41.77000
0.72000,2.00000,0.05000,0.00000,0.00000,0.09000,-0.93000,49.65000,36.16000
0.72000,2.00000,0.05000,0.00000,0.00000,0.09000,-0.93000,49.65000,36.16000
0.73000,2.00000,0.05000,0.08000,0.00000,0.09000,-0.93000,50.22000,30.56000
0.73000,2.00000,0.06000,0.33000,0.00000,0.08000,-0.94000,50.22000,30.56000
0.73000,2.00000,0.07000,0.48000,0.00000,0.05000,-0.98000,45.11000,24.30000
0.73000,2.00000,0.07000,0.39000,0.00000,-0.01000,-1.03000,45.11000,24.30000
0.73000,2.00000,0.08000,0.29000,0.00000,-0.06000,-1.08000,40.85000,16.90000
0.73000,2.00000,0.08000,0.08000,0.00000,-0.10000,-1.12000,40.85000,16.90000
0.73000,2.00000,0.08000,0.02000,0.00000,-0.11000,-1.13000,42.03000,9.69000
0.73000,2.00000,0.08000,0.02000,0.00000,-0.11000,-1.13000,42.03000,9.69000
0.73000,2.00000,0.08000,0.02000,0.00000,-0.12000,-1.13000,41.72000,2.84000
0.73000,2.00000,0.08000,0.02000,0.00000,-0.12000,-1.14000,41.72000,2.84000
0.73000,2.00000,0.08000,0.00000,0.00000,-0.12000,-1.14000,40.81000,-4.05000
0.73000,2.00000,0.08000,0.06000,0.00000,-0.12000,-1.14000,40.81000,-4.05000
0.73000,2.00000,0.08000,0.00000,0.00000,-0.13000,-1.15000,39.20000,-11.00000
0.73000,2.00000,0.08000,0.00000,0.00000,-0.13000,-1.15000,39.20000,-11.00000
0.73000,2.00000,0.08000,0.00000,0.00000,-0.13000,-1.15000,38.98000,-17.89000
0.73000,2.00000,0.08000,0.00000,0.00000,-0.13000,-1.15000,38.98000,-17.89000
0.73000,2.00000,0.08000,0.00000,0.00000,-0.13000,-1.15000,38.20000,-24.77000
0.73000,2.00000,0.08000,0.00000,0.00000,-0.13000,-1.15000,38.20000,-24.77000
0.73000,2.00000,0.08000,0.00000,0.00000,-0.13000,-1.15000,37.42000,-31.66000
0.73000,2.00000,0.08000,0.00000,0.00000,-0.13000,-1.15000,37.42000,-31.66000
0.73000,2.00000,0.08000,0.00000,0.00000,-0.13000,-1.15000,36.63000,-38.54000
0.73000,2.00000,0.08000,0.00000,0.00000,-0.13000,-1.15000,36.63000,-38.54000
0.73000,2.00000,0.08000,0.00000,0.00000,-0.13000,-1.15000,35.85000,-45.43000
0.73000,2.00000,0.08000,0.00000,0.00000,-0.13000,-1.15000,35.85000,-45.43000
0.73000,2.00000,0.08000,0.00000,0.00000,-0.13000,-1.15000,35.07000,-52.31000
0.73000,2.00000,0.08000,0.00000,0.00000,-0.13000,-1.15000,35.07000,-52.31000
0.73000,2.00000,0.08000,0.00000,0.00000,-0.13000,-1.15000,34.28000,-59.20000
0.73000,2.00000,0.08000,0.00000,0.00000,-0.13000,-1.15000,34.28000,-59.20000
0.73000,2.00000,0.08000,0.00000,0.00000,-0.13000,-1.15000,33.50000,-66.08000
0.73000,2.00000,0.08000,0.00000,0.00000,-0.13000,-1.15000,33.50000,-66.08000
0.73000,2.00000,0.08000,0.00000,0.00000,-0.13000,-1.15000,32.72000,-72.96000
0.73000,2.00000,0.08000,0.00000,0.00000,-0.13000,-1.15000,32.72000,-72.96000
0.73000,2.00000,0.08000,0.00000,0.00000,-0.13000,-1.15000,31.94000,-79.85000
0.73000,2.00000,0.08000,0.00000,0.00000,-0.13000,-1.15000,31.94000,-79.85000
0.73000,2.00000,0.08000,0.00000,0.00000,-0.13000,-1.15000,31.15000,-86.73000
0.73000,2.00000,0.08000,0.00000,0.00000,-0.13000,-1.15000,31.15000,-86.73000
0.73000,2.00000,0.08000,0.00000,0.00000,-0.13000,-1.15000,30.37000,-93.62000
0.73000,2.00000,0.08000,0.00000,0.00000,-0.13000,-1.15000,30.37000,-93.62000
0.73000,2.00000,0.08000,0.00000,0.00000,-0.13000,-1.15000,29.59000,-100.50000
0.73000,2.00000,0.08000,0.00000,0.00000,-0.13000,-1.15000,29.59000,-100.50000
0.73000,2.00000,0.08000,0.00000,0.00000,-0.13000,-1.15000,28.81000,-107.39000
0.73000,2.00000,0.08000,0.00000,0.00000,-0.13000,-1.15000,28.81000,-107.39000
0.73000,2.00000,0.08000,0.00000,0.00000,-0.13000,-1.15000,28.02000,-114.27000
0.73000,2.00000,0.08000,0.00000,0.00000,-0.13000,-1.15000,28.02000,-114.27000
0.73000,2.00000,0.08000,0.00000,0.00000,-0.13000,-1.15000,27.24000,-121.15000
0.73000,2.00000,0.08000,0.00000,0.00000,-0.13000,-1.15000,27.24000,-121.15000
0.73000,2.00000,0.08000,0.00000,0.00000,-0.13000,-1.15000,26.46000,-128.04000
0.73000,2.00000,0.08000,0.00000,0.00000,-0.13000,-1.15000,26.46000,-128.04000
0.73000,2.00000,0.08000,0.00000,0.00000,-0.13000,-1.15000,25.67000,-134.92000
0.73000,2.00000,0.08000,0.00000,0.00000,-0.13000,-1.15000,25.67000,-134.92000
0.73000,2.00000,0.08000,0.00000,0.00000,-0.13000,-1.15000,24.89000,-141.81000
0.73000,2.00000,0.08000,0.00000,0.00000,-0.13000,-1.15000,24.89000,-141.81000
0.73000,2.00000,0.08000,0.00000,0.00000,-0.13000,-1.15000,24.11000,-148.69000
0.73000,2.00000,0.08000,0.00000,0.00000,-0.13000,-1.15000,24.11000,-148.69000
0.73000,2.00000,0.08000,0.00000,0.00000,-0.13000,-1.15000,23.33000,-155.58000
0.73000,2.00000,0.08000,0.00000,0.00000,-0.13000,-1.15000,23.33000,-155.58000
0.73000,2.00000,0.08000,0.00000,0.00000,-0.13000,-1.15000,22.54000,-162.46000
0.73000,2.00000,0.08000,0.00000,0.00000,-0.13000,-1.15000,22.54000,-162.46000
0.73000,2.00000,0.10000,0.00000,-0.83000,-0.13000,-1.15000,21.76000,-169.35000
0.72000,2.00000,0.15000,0.00000,-3.03000,-0.20000,-1.22000,21.76000,-169.35000
0.72000,2.00000,0.23000,0.00000,-4.34000,-0.46000,-1.51000,16.07000,-136.25000
0.71000,2.00000,0.31000,0.00000,-4.54000,-0.71000,-1.83000,16.07000,-136.25000
0.71000,2.00000,0.39000,0.00000,-4.40000,-0.85000,-2.02000,7.49000,-112.13000
0.70000,1.99000,0.46000,0.00000,-3.94000,-0.89000,-2.13000,7.49000,-112.13000
0.70000,1.99000,0.53000,0.00000,-3.38000,-0.90000,-2.18000,1.55000,-108.30000
0.70000,1.99000,0.58000,0.00000,-3.01000,-0.90000,-2.20000,1.55000,-108.30000
0.70000,1.99000,0.63000,0.00000,-2.72000,-0.91000,-2.21000,-3.91000,-112.19000
0.69000,1.99000,0.68000,0.00000,-2.61000,-0.91000,-2.21000,-3.91000,-112.19000
0.69000,1.99000,0.72000,0.00000,-2.59000,-0.91000,-2.21000,-9.38000,-113.38000
0.69000,1.98000,0.77000,0.00000,-2.66000,-0.91000,-2.21000,-9.38000,-113.38000
0.69000,1.98000,0.82000,0.00000,-2.66000,-0.91000,-2.21000,-14.87000,-110.37000
0.68000,1.98000,0.87000,0.00000,-2.63000,-0.91000,-2.21000,-14.87000,-110.37000
0.68000,1.98000,0.91000,0.00000,-2.55000,-0.92000,-2.20000,-20.48000,-107.88000
0.68000,1.98000,0.96000,0.00000,-2.35000,-0.93000,-2.19000,-20.48000,-107.88000
0.68000,1.97000,1.00000,0.00000,-2.26000,-0.95000,-2.18000,-26.38000,-109.28000
0.68000,1.97000,1.04000,0.00000,-2.22000,-0.96000,-2.16000,-26.38000,-109.28000
0.68000,1.97000,1.08000,-0.02000,-2.30000,-0.98000,-2.15000,-32.51000,-109.68000
0.68000,1.97000,1.12000,0.00000,-2.35000,-0.99000,-2.13000,-32.51000,-109.68000
0.67000,1.96000,1.16000,0.00000,-2.37000,-1.01000,-2.11000,-38.88000,-106.88000
0.67000,1.96000,1.20000,0.00000,-2.28000,-1.17000,-2.13000,-38.88000,-106.88000
0.67000,1.96000,1.24000,0.00000,-2.22000,-3.28000,-3.26000,-79.02000,-123.55000
0.67000,1.96000,1.28000,-0.58000,-2.45000,-2.11000,-1.06000,-79.02000,-123.55000
0.67000,1.95000,1.30000,-1.60000,-2.68000,-2.11000,-1.01000,-72.48000,-93.23000
0.67000,1.95000,1.30000,-2.14000,-2.34000,-2.12000,-1.00000,-72.48000,-93.23000
0.67000,1.94000,1.29000,-2.41000,-1.64000,-2.13000,-1.00000,-58.51000,-85.99000
0.67000,1.94000,1.26000,-2.37000,-0.91000,-2.12000,-1.00000,-58.51000,-85.99000
0.67000,1.94000,1.23000,-2.10000,-0.60000,-2.11000,-1.01000,-54.79000,-99.58000
0.66000,1.93000,1.20000,-1.76000,0.00000,-2.11000,-1.04000,-54.79000,-99.58000
0.66000,1.93000,1.18000,-1.52000,-0.02000,-3.02000,-2.98000,-75.91000,-143.37000
0.66000,1.93000,1.15000,-1.85000,-0.50000,-3.10000,-3.13000,-75.91000,-143.37000
0.66000,1.93000,1.15000,-2.32000,-2.47000,-1.22000,-2.14000,-55.22000,-141.17000
0.66000,1.92000,1.18000,-2.20000,-3.55000,-1.28000,-2.15000,-55.22000,-141.17000
0.66000,1.91000,1.22000,-1.85000,-4.09000,-3.07000,-3.11000,-73.93000,-119.77000
0.65000,1.91000,1.25000,-2.05000,-3.94000,-2.36000,-1.98000,-73.93000,-119.77000
0.65000,1.90000,1.27000,-2.47000,-3.57000,-2.11000,-1.02000,-66.90000,-79.86000
0.65000,1.89000,1.27000,-2.63000,-2.49000,-2.12000,-1.01000,-66.90000,-79.86000
0.65000,1.89000,1.24000,-2.61000,-1.18000,-2.12000,-1.01000,-58.69000,-83.97000
0.65000,1.89000,1.20000,-2.43000,-0.12000,-2.11000,-1.01000,-58.69000,-83.97000
0.65000,1.89000,1.17000,-2.10000,-0.02000,-2.36000,-1.99000,-62.35000,-125.24000
0.65000,1.88000,1.14000,-1.99000,-0.58000,-3.15000,-3.18000,-62.35000,-125.24000
0.64000,1.88000,1.14000,-1.97000,-1.91000,-1.27000,-2.15000,-52.07000,-131.99000
0.64000,1.87000,1.16000,-1.64000,-2.80000,-1.15000,-2.12000,-52.07000,-131.99000
0.64000,1.87000,1.20000,-1.29000,-3.38000,-2.74000,-2.80000,-75.08000,-117.89000
0.64000,1.86000,1.23000,-1.70000,-3.34000,-2.94000,-2.89000,-75.08000,-117.89000
0.64000,1.86000,1.24000,-2.37000,-3.15000,-2.11000,-1.03000,-71.24000,-83.24000
0.63000,1.85000,1.23000,-2.70000,-2.34000,-2.11000,-1.01000,-71.24000,-83.24000
0.63000,1.85000,1.20000,-2.95000,-1.29000,-2.11000,-1.01000,-58.78000,-84.07000
0.63000,1.85000,1.16000,-2.76000,-0.25000,-2.11000,-1.07000,-58.78000,-84.07000
0.63000,1.84000,1.12000,-2.39000,-0.02000,-3.30000,-3.27000,-72.10000,-141.37000
0.63000,1.84000,1.10000,-2.32000,-1.33000,-1.06000,-2.11000,-72.10000,-141.37000
0.62000,1.83000,1.10000,-2.66000,-2.90000,-1.01000,-2.11000,-47.66000,-125.89000
0.62000,1.83000,1.13000,-2.20000,-3.46000,-1.01000,-2.11000,-47.66000,-125.89000
0.62000,1.82000,1.16000,-1.45000,-3.55000,-1.02000,-2.11000,-41.69000,-98.50000
0.62000,1.82000,1.20000,-0.87000,-3.01000,-1.17000,-2.13000,-41.69000,-98.50000
0.62000,1.82000,1.24000,-0.37000,-2.32000,-2.12000,-1.01000,-71.07000,-80.67000
0.62000,1.81000,1.25000,-0.85000,-1.37000,-2.13000,-0.99000,-71.07000,-80.67000
0.62000,1.81000,1.23000,-1.72000,-0.66000,-2.14000,-0.99000,-79.17000,-92.95000
0.61000,1.81000,1.18000,-2.55000,-0.04000,-2.13000,-0.99000,-79.17000,-92.95000
0.61000,1.81000,1.13000,-3.20000,-0.02000,-2.11000,-1.01000,-60.99000,-110.94000
0.61000,1.80000,1.07000,-2.99000,-0.06000,-2.76000,-2.69000,-60.99000,-110.94000
0.61000,1.80000,1.03000,-2.55000,0.00000,-1.47000,-2.20000,-42.10000,-134.23000
0.61000,1.80000,0.99000,-1.85000,-0.02000,-1.01000,-2.11000,-42.10000,-134.23000
0.61000,1.80000,0.98000,-0.93000,-0.10000,-1.00000,-2.13000,-43.03000,-146.62000
0.61000,1.80000,1.00000,-0.35000,-1.83000,-0.99000,-2.13000,-43.03000,-146.62000
0.60000,1.79000,1.06000,-0.10000,-3.40000,-1.00000,-2.12000,-60.42000,-132.14000
0.60000,1.79000,1.13000,-0.21000,-3.98000,-1.05000,-2.11000,-60.42000,-132.14000
0.60000,1.78000,1.19000,-0.77000,-4.11000,-2.57000,-2.48000,-90.09000,-106.87000
0.60000,1.78000,1.22000,-1.91000,-3.53000,-2.12000,-1.01000,-90.09000,-106.87000
0.60000,1.77000,1.21000,-3.19000,-2.74000,-2.13000,-0.99000,-72.09000,-82.45000
0.59000,1.77000,1.19000,-3.48000,-1.91000,-2.13000,-1.00000,-72.09000,-82.45000
0.59000,1.76000,1.14000,-3.34000,-1.00000,-2.12000,-1.01000,-49.61000,-91.74000
0.59000,1.76000,1.10000,-2.78000,-0.46000,-2.11000,-1.05000,-49.61000,-91.74000
0.59000,1.76000,1.07000,-1.95000,0.00000,-3.28000,-3.26000,-69.45000,-141.86000
0.59000,1.75000,1.06000,-1.82000,-1.35000,-1.46000,-2.19000,-69.45000,-141.86000
0.58000,1.75000,1.07000,-2.14000,-2.99000,-1.08000,-2.11000,-53.73000,-128.10000
0.58000,1.74000,1.10000,-2.05000,-3.61000,-1.97000,-2.36000,-53.73000,-128.10000
0.58000,1.74000,1.14000,-1.60000,-3.86000,-3.27000,-3.30000,-78.71000,-116.52000
0.58000,1.73000,1.17000,-1.97000,-3.67000,-2.11000,-1.09000,-78.71000,-116.52000
0.57000,1.72000,1.18000,-2.70000,-3.28000,-2.11000,-1.01000,-69.86000,-79.44000
0.57000,1.72000,1.17000,-2.99000,-2.28000,-2.12000,-1.01000,-69.86000,-79.44000
0.57000,1.71000,1.14000,-2.99000,-1.10000,-2.11000,-1.01000,-55.48000,-84.32000
0.57000,1.71000,1.10000,-2.62000,-0.60000,-2.11000,-1.05000,-55.48000,-84.32000
0.57000,1.71000,1.06000,-2.16000,0.00000,-3.21000,-3.18000,-72.25000,-134.43000
0.57000,1.71000,1.02000,-2.10000,-0.02000,-1.63000,-2.24000,-72.25000,-134.43000
0.56000,1.70000,0.99000,-2.30000,-0.21000,-1.01000,-2.11000,-50.66000,-142.56000
0.56000,1.70000,0.99000,-2.01000,-2.01000,-1.00000,-2.13000,-50.66000,-142.56000
0.56000,1.70000,1.02000,-1.39000,-3.42000,-1.00000,-2.13000,-45.19000,-125.48000
0.56000,1.69000,1.08000,-0.87000,-3.90000,-1.01000,-2.11000,-45.19000,-125.48000
0.55000,1.69000,1.14000,-0.52000,-3.84000,-2.19000,-2.45000,-74.16000,-102.62000
0.55000,1.68000,1.18000,-1.10000,-3.32000,-2.17000,-1.37000,-74.16000,-102.62000
0.55000,1.68000,1.19000,-2.05000,-2.64000,-2.11000,-1.01000,-77.45000,-81.09000
0.55000,1.67000,1.17000,-2.68000,-1.74000,-2.12000,-1.01000,-77.45000,-81.09000
0.55000,1.67000,1.13000,-3.15000,-0.81000,-2.11000,-1.01000,-59.88000,-90.90000
0.54000,1.67000,1.07000,-3.07000,0.00000,-2.15000,-1.28000,-59.88000,-90.90000
0.54000,1.66000,1.03000,-2.55000,-0.02000,-2.75000,-2.81000,-60.16000,-139.68000
0.54000,1.66000,0.99000,-2.26000,-0.17000,-1.01000,-2.11000,-60.16000,-139.68000
0.54000,1.66000,0.99000,-2.07000,-1.89000,-1.00000,-2.12000,-44.11000,-143.75000
0.54000,1.65000,1.02000,-1.49000,-3.32000,-1.00000,-2.13000,-44.11000,-143.75000
0.53000,1.65000,1.08000,-0.87000,-4.23000,-1.01000,-2.12000,-48.19000,-108.09000
0.53000,1.64000,1.14000,-0.60000,-3.90000,-1.75000,-2.28000,-48.19000,-108.09000
0.53000,1.64000,1.19000,-0.60000,-3.26000,-2.30000,-1.81000,-78.01000,-87.47000
0.53000,1.64000,1.21000,-1.31000,-2.39000,-2.11000,-1.01000,-78.01000,-87.47000
0.53000,1.63000,1.19000,-2.39000,-1.45000,-2.12000,-1.00000,-74.98000,-85.56000
0.52000,1.63000,1.14000,-2.97000,-0.48000,-2.12000,-1.01000,-74.98000,-85.56000
0.52000,1.63000,1.09000,-3.18000,0.00000,-2.11000,-1.03000,-54.70000,-106.28000
0.52000,1.62000,1.05000,-2.80000,-0.52000,-3.22000,-3.25000,-54.70000,-106.28000
0.52000,1.62000,1.03000,-2.22000,-1.20000,-1.03000,-2.11000,-35.92000,-125.13000
0.52000,1.62000,1.04000,-1.33000,-1.91000,-1.01000,-2.11000,-35.92000,-125.13000
0.52000,1.61000,1.08000,-0.39000,-2.78000,-1.02000,-2.11000,-47.17000,-113.83000
0.51000,1.61000,1.14000,0.00000,-2.97000,-2.53000,-2.62000,-47.17000,-113.83000
0.51000,1.61000,1.19000,0.00000,-2.84000,-2.26000,-1.69000,-83.90000,-92.89000
0.51000,1.60000,1.21000,-0.81000,-2.34000,-2.12000,-1.01000,-83.90000,-92.89000
0.51000,1.60000,1.20000,-2.22000,-1.60000,-2.13000,-0.99000,-83.34000,-84.13000
0.51000,1.60000,1.16000,-3.11000,-0.87000,-2.13000,-0.99000,-83.34000,-84.13000
0.51000,1.59000,1.11000,-3.63000,-0.64000,-2.12000,-1.01000,-56.57000,-98.33000
0.51000,1.59000,1.05000,-3.15000,-0.06000,-2.11000,-1.05000,-56.57000,-98.33000
0.50000,1.59000,1.01000,-2.39000,0.00000,-3.21000,-3.24000,-66.35000,-144.74000
0.50000,1.58000,0.97000,-2.14000,-0.06000,-1.02000,-2.11000,-66.35000,-144.74000
0.50000,1.58000,0.96000,-2.07000,-1.64000,-1.01000,-2.12000,-48.88000,-147.04000
0.50000,1.58000,0.99000,-1.62000,-3.32000,-0.96000,-2.17000,-48.88000,-147.04000
0.49000,1.57000,1.05000,-1.12000,-4.31000,-0.97000,-2.15000,-49.33000,-111.04000
0.49000,1.57000,1.11000,-0.83000,-4.17000,-0.99000,-2.13000,-49.33000,-111.04000
0.49000,1.56000,1.17000,-0.66000,-3.59000,-1.02000,-2.11000,-57.96000,-90.57000
0.49000,1.56000,1.20000,-0.83000,-2.78000,-3.17000,-3.20000,-57.96000,-90.57000
0.49000,1.55000,1.21000,-1.12000,-1.76000,-2.42000,-2.13000,-80.10000,-99.33000
0.48000,1.55000,1.21000,-1.87000,-1.47000,-2.13000,-1.16000,-80.10000,-99.33000
0.48000,1.55000,1.18000,-2.70000,-1.45000,-2.22000,-1.55000,-71.11000,-106.42000
0.48000,1.54000,1.16000,-3.07000,-1.54000,-3.19000,-3.16000,-71.11000,-106.42000
0.48000,1.54000,1.13000,-3.07000,-1.70000,-2.82000,-2.87000,-64.16000,-125.77000
0.48000,1.53000,1.12000,-2.84000,-2.32000,-1.06000,-2.11000,-64.16000,-125.77000
0.47000,1.53000,1.13000,-2.51000,-2.99000,-1.02000,-2.11000,-39.11000,-110.46000
0.47000,1.52000,1.15000,-1.80000,-3.03000,-1.04000,-2.11000,-39.11000,-110.46000
0.47000,1.52000,1.19000,-0.85000,-2.93000,-2.26000,-2.47000,-62.27000,-104.06000
0.47000,1.51000,1.22000,-0.79000,-2.68000,-3.12000,-3.08000,-62.27000,-104.06000
0.47000,1.51000,1.24000,-1.22000,-2.32000,-2.11000,-1.04000,-77.96000,-84.47000
0.47000,1.51000,1.24000,-1.99000,-1.58000,-2.11000,-1.01000,-77.96000,-84.47000
0.46000,1.50000,1.20000,-2.72000,-0.66000,-2.11000,-1.02000,-67.84000,-90.84000
0.46000,1.50000,1.16000,-2.91000,-0.54000,-2.51000,-2.34000,-67.84000,-90.84000
0.46000,1.50000,1.10000,-2.86000,0.00000,-2.83000,-2.89000,-65.71000,-131.08000
0.46000,1.49000,1.07000,-2.72000,-1.04000,-1.01000,-2.11000,-65.71000,-131.08000
0.46000,1.49000,1.07000,-2.47000,-2.41000,-1.00000,-2.12000,-40.63000,-126.26000
0.45000,1.48000,1.09000,-1.91000,-3.07000,-1.00000,-2.12000,-40.63000,-126.26000
0.45000,1.48000,1.14000,-1.00000,-3.40000,-1.01000,-2.12000,-42.57000,-102.21000
0.45000,1.47000,1.18000,-0.42000,-3.05000,-1.04000,-2.11000,-42.57000,-102.21000
0.45000,1.47000,1.23000,-0.17000,-2.53000,-3.29000,-3.26000,-93.79000,-113.97000
0.45000,1.47000,1.25000,-1.22000,-2.34000,-2.11000,-1.05000,-93.79000,-113.97000
0.45000,1.46000,1.24000,-2.93000,-2.28000,-2.11000,-1.01000,-81.19000,-92.11000
0.44000,1.46000,1.20000,-3.65000,-1.91000,-2.11000,-1.02000,-81.19000,-92.11000
0.44000,1.45000,1.16000,-3.82000,-1.14000,-2.42000,-2.12000,-54.71000,-107.28000
0.44000,1.45000,1.12000,-3.40000,-1.27000,-2.60000,-2.68000,-54.71000,-107.28000
0.44000,1.44000,1.10000,-2.61000,-1.64000,-1.02000,-2.11000,-30.03000,-117.98000
0.44000,1.44000,1.11000,-1.49000,-2.10000,-1.01000,-2.12000,-30.03000,-117.98000
0.43000,1.44000,1.15000,-0.29000,-2.55000,-1.01000,-2.11000,-44.27000,-110.62000
0.43000,1.43000,1.20000,-0.02000,-2.61000,-1.57000,-2.23000,-44.27000,-110.62000
0.43000,1.43000,1.25000,-0.02000,-2.59000,-3.01000,-2.97000,-93.50000,-115.84000
0.43000,1.43000,1.27000,-1.31000,-2.51000,-2.11000,-1.02000,-93.50000,-115.84000
0.43000,1.42000,1.26000,-2.95000,-2.43000,-2.12000,-1.01000,-78.74000,-90.12000
0.43000,1.41000,1.23000,-3.51000,-1.91000,-2.11000,-1.01000,-78.74000,-90.12000
0.43000,1.41000,1.18000,-3.65000,-1.22000,-2.11000,-1.02000,-50.42000,-90.32000
0.42000,1.41000,1.14000,-3.15000,-0.87000,-3.15000,-3.11000,-50.42000,-90.32000
0.42000,1.40000,1.11000,-2.26000,-0.37000,-1.70000,-2.27000,-41.27000,-119.22000
0.42000,1.40000,1.11000,-1.39000,-1.52000,-1.01000,-2.11000,-41.27000,-119.22000
0.42000,1.40000,1.14000,-0.62000,-2.26000,-1.02000,-2.11000,-48.70000,-115.56000
0.42000,1.39000,1.18000,-0.29000,-2.59000,-1.26000,-2.15000,-48.70000,-115.56000
0.42000,1.39000,1.23000,-0.29000,-2.74000,-3.26000,-3.23000,-96.61000,-119.81000
0.42000,1.39000,1.25000,-1.49000,-2.84000,-2.11000,-1.03000,-96.61000,-119.81000
0.41000,1.38000,1.25000,-3.15000,-2.78000,-2.11000,-1.01000,-79.18000,-86.60000
0.41000,1.37000,1.21000,-3.84000,-2.12000,-2.11000,-1.01000,-79.18000,-86.60000
0.41000,1.37000,1.17000,-3.92000,-1.27000,-2.11000,-1.04000,-47.62000,-86.89000
0.41000,1.36000,1.12000,-3.26000,-0.52000,-3.29000,-3.27000,-47.62000,-86.89000
0.41000,1.36000,1.08000,-2.22000,-0.04000,-1.03000,-2.11000,-29.76000,-120.39000
0.41000,1.36000,1.08000,-1.10000,-1.29000,-1.01000,-2.12000,-29.76000,-120.39000
0.40000,1.36000,1.12000,-0.06000,-2.28000,-1.01000,-2.12000,-48.45000,-118.61000
0.40000,1.35000,1.17000,-0.19000,-2.68000,-1.03000,-2.11000,-48.45000,-118.61000
0.40000,1.35000,1.21000,-0.17000,-2.88000,-3.20000,-3.23000,-94.54000,-119.44000
0.40000,1.35000,1.24000,-1.35000,-2.92000,-2.11000,-1.08000,-94.54000,-119.44000
0.40000,1.34000,1.24000,-2.95000,-2.86000,-2.11000,-1.01000,-78.83000,-85.75000
0.40000,1.33000,1.21000,-3.69000,-2.12000,-2.11000,-1.01000,-78.83000,-85.75000
0.39000,1.33000,1.16000,-3.84000,-1.16000,-2.11000,-1.02000,-48.14000,-86.51000
0.39000,1.33000,1.12000,-3.18000,-0.62000,-3.13000,-3.10000,-48.14000,-86.51000
0.39000,1.32000,1.08000,-2.20000,-0.04000,-1.36000,-2.17000,-35.26000,-119.61000
0.39000,1.32000,1.06000,-1.22000,-0.02000,-1.01000,-2.11000,-35.26000,-119.61000
0.39000,1.32000,1.06000,-0.31000,-0.62000,-1.00000,-2.12000,-48.25000,-137.20000
0.39000,1.32000,1.10000,0.00000,-2.24000,-1.01000,-2.12000,-48.25000,-137.20000
0.39000,1.32000,1.16000,0.00000,-3.32000,-1.02000,-2.11000,-65.51000,-116.27000
0.38000,1.31000,1.22000,-0.46000,-3.46000,-3.27000,-3.29000,-65.51000,-116.27000
0.38000,1.31000,1.26000,-1.10000,-3.28000,-2.11000,-1.02000,-81.08000,-80.84000
0.38000,1.30000,1.26000,-2.03000,-2.32000,-2.12000,-1.00000,-81.08000,-80.84000
0.38000,1.30000,1.23000,-2.99000,-1.12000,-2.13000,-0.99000,-67.68000,-82.89000
0.38000,1.29000,1.18000,-3.18000,-0.39000,-2.12000,-1.00000,-67.68000,-82.89000
0.38000,1.29000,1.12000,-3.03000,0.00000,-2.11000,-1.02000,-50.80000,-104.18000
0.38000,1.29000,1.08000,-2.57000,0.00000,-1.00000,-2.12000,-50.80000,-104.18000
0.38000,1.29000,1.04000,-1.87000,-0.02000,-0.98000,-2.14000,-36.53000,-130.74000
0.37000,1.28000,1.04000,-1.08000,-1.12000,-0.97000,-2.16000,-36.53000,-130.74000
0.37000,1.28000,1.08000,-0.29000,-2.47000,-0.97000,-2.16000,-49.18000,-127.03000
0.37000,1.28000,1.14000,0.00000,-3.09000,-0.98000,-2.14000,-49.18000,-127.03000
0.37000,1.27000,1.20000,0.00000,-3.49000,-1.01000,-2.12000,-65.29000,-103.12000
0.37000,1.27000,1.26000,-0.04000,-3.11000,-1.85000,-2.32000,-65.29000,-103.12000
0.37000,1.27000,1.29000,-0.87000,-2.49000,-2.38000,-2.03000,-91.31000,-95.62000
0.37000,1.26000,1.28000,-2.12000,-1.93000,-2.11000,-1.02000,-91.31000,-95.62000
0.36000,1.26000,1.25000,-3.36000,-1.47000,-2.11000,-1.02000,-70.10000,-91.74000
0.36000,1.25000,1.20000,-3.61000,-1.02000,-2.76000,-2.69000,-70.10000,-91.74000
0.36000,1.25000,1.16000,-3.34000,-0.81000,-2.11000,-2.41000,-47.73000,-120.84000
0.36000,1.25000,1.13000,-2.55000,-1.18000,-1.01000,-2.11000,-47.73000,-120.84000
0.36000,1.24000,1.14000,-1.62000,-2.18000,-1.00000,-2.12000,-37.98000,-122.39000
0.36000,1.24000,1.18000,-0.87000,-2.78000,-1.01000,-2.12000,-37.98000,-122.39000
0.35000,1.23000,1.23000,-0.19000,-3.22000,-1.02000,-2.11000,-54.14000,-103.81000
0.35000,1.23000,1.29000,0.00000,-2.99000,-3.27000,-3.29000,-54.14000,-103.81000
0.35000,1.23000,1.33000,-0.02000,-2.51000,-2.11000,-1.02000,-84.39000,-80.39000
0.35000,1.23000,1.34000,-0.91000,-1.54000,-2.12000,-1.00000,-84.39000,-80.39000
0.35000,1.22000,1.31000,-2.34000,-0.44000,-2.13000,-1.00000,-83.65000,-90.01000
0.35000,1.22000,1.25000,-3.17000,-0.02000,-2.11000,-1.01000,-83.65000,-90.01000
0.35000,1.22000,1.18000,-3.71000,0.00000,-2.75000,-2.68000,-66.36000,-134.75000
0.35000,1.21000,1.14000,-3.55000,-1.12000,-1.04000,-2.11000,-66.36000,-134.75000
0.34000,1.20000,1.13000,-3.07000,-2.61000,-1.01000,-2.12000,-32.07000,-125.82000
0.34000,1.20000,1.15000,-2.03000,-3.30000,-1.00000,-2.12000,-32.07000,-125.82000
0.34000,1.19000,1.21000,-0.75000,-3.65000,-1.01000,-2.12000,-39.58000,-99.06000
0.34000,1.19000,1.27000,-0.06000,-3.32000,-1.76000,-2.28000,-39.58000,-99.06000
0.34000,1.19000,1.31000,-0.02000,-2.68000,-2.28000,-1.76000,-82.10000,-86.25000
0.34000,1.19000,1.33000,-1.08000,-1.78000,-2.11000,-1.01000,-82.10000,-86.25000
0.34000,1.18000,1.30000,-2.39000,-0.83000,-2.12000,-1.01000,-77.74000,-88.66000
0.33000,1.18000,1.26000,-3.05000,-0.66000,-2.11000,-1.01000,-77.74000,-88.66000
0.33000,1.17000,1.20000,-3.36000,0.00000,-2.64000,-2.56000,-62.26000,-124.07000
0.33000,1.17000,1.15000,-3.19000,-0.87000,-1.15000,-2.12000,-62.26000,-124.07000
0.33000,1.16000,1.14000,-2.74000,-2.01000,-1.01000,-2.12000,-33.15000,-125.69000
0.33000,1.16000,1.16000,-1.78000,-2.80000,-1.00000,-2.12000,-33.15000,-125.69000
0.33000,1.16000,1.20000,-0.62000,-3.07000,-1.01000,-2.11000,-41.20000,-104.20000
0.32000,1.15000,1.25000,0.00000,-2.86000,-1.22000,-2.14000,-41.20000,-104.20000
0.32000,1.15000,1.30000,-0.02000,-2.55000,-3.03000,-2.99000,-93.55000,-112.21000
0.32000,1.15000,1.32000,-1.37000,-2.45000,-2.11000,-1.02000,-93.55000,-112.21000
0.32000,1.14000,1.31000,-3.01000,-2.32000,-2.12000,-1.01000,-77.53000,-89.54000
0.32000,1.14000,1.27000,-3.59000,-1.68000,-2.11000,-1.01000,-77.53000,-89.54000
0.32000,1.13000,1.23000,-3.63000,-1.00000,-2.12000,-1.15000,-48.81000,-94.45000
0.32000,1.13000,1.18000,-3.07000,-0.39000,-3.18000,-3.21000,-48.81000,-94.45000
0.32000,1.12000,1.14000,-2.16000,0.00000,-1.02000,-2.11000,-31.22000,-124.95000
0.31000,1.12000,1.14000,-1.12000,-1.16000,-1.00000,-2.12000,-31.22000,-124.95000
0.31000,1.12000,1.18000,-0.12000,-2.26000,-1.00000,-2.12000,-47.94000,-123.94000
0.31000,1.12000,1.23000,-0.08000,-2.76000,-1.02000,-2.11000,-47.94000,-123.94000
0.31000,1.11000,1.28000,-0.08000,-3.11000,-3.09000,-3.12000,-94.09000,-120.76000
0.31000,1.11000,1.32000,-1.24000,-3.21000,-2.11000,-1.07000,-94.09000,-120.76000
0.31000,1.10000,1.32000,-2.95000,-3.05000,-2.11000,-1.01000,-80.08000,-84.42000
0.31000,1.10000,1.29000,-3.73000,-2.28000,-2.12000,-1.01000,-80.08000,-84.42000
0.30000,1.09000,1.24000,-3.94000,-1.20000,-2.11000,-1.02000,-47.85000,-85.28000
0.30000,1.09000,1.19000,-3.36000,-0.73000,-3.09000,-3.05000,-47.85000,-85.28000
0.30000,1.08000,1.15000,-2.37000,0.00000,-1.34000,-2.16000,-32.10000,-118.23000
0.30000,1.08000,1.14000,-1.31000,-0.60000,-1.01000,-2.11000,-32.10000,-118.23000
0.30000,1.08000,1.17000,-0.23000,-1.76000,-1.01000,-2.12000,-45.82000,-128.07000
0.30000,1.08000,1.21000,-0.04000,-2.53000,-1.01000,-2.11000,-45.82000,-128.07000
0.30000,1.07000,1.26000,-0.06000,-2.99000,-2.66000,-2.74000,-87.85000,-117.47000
0.30000,1.07000,1.30000,-0.85000,-2.90000,-2.21000,-1.52000,-87.85000,-117.47000
0.30000,1.06000,1.31000,-2.37000,-2.57000,-2.11000,-1.01000,-83.15000,-87.25000
0.29000,1.06000,1.28000,-3.30000,-1.87000,-2.11000,-1.01000,-83.15000,-87.25000
0.29000,1.05000,1.23000,-3.80000,-1.02000,-2.11000,-1.02000,-53.91000,-91.59000
0.29000,1.05000,1.18000,-3.32000,-0.81000,-3.26000,-3.24000,-53.91000,-91.59000
0.29000,1.05000,1.15000,-2.53000,-0.56000,-1.10000,-2.12000,-31.34000,-118.79000
0.29000,1.04000,1.15000,-1.49000,-1.35000,-1.01000,-2.11000,-31.34000,-118.79000
0.29000,1.04000,1.18000,-0.31000,-2.22000,-1.01000,-2.12000,-44.06000,-118.55000
0.29000,1.04000,1.23000,-0.02000,-2.64000,-1.03000,-2.11000,-44.06000,-118.55000
0.28000,1.03000,1.28000,-0.02000,-2.86000,-3.26000,-3.28000,-96.98000,-121.37000
0.28000,1.03000,1.31000,-1.35000,-2.94000,-2.11000,-1.03000,-96.98000,-121.37000
0.28000,1.02000,1.31000,-2.99000,-2.99000,-2.11000,-1.01000,-79.35000,-86.51000
0.28000,1.02000,1.28000,-3.67000,-2.26000,-2.12000,-1.01000,-79.35000,-86.51000
0.28000,1.01000,1.23000,-3.82000,-1.18000,-2.11000,-1.01000,-48.99000,-85.23000
0.28000,1.01000,1.19000,-3.18000,-0.77000,-2.76000,-2.70000,-48.99000,-85.23000
0.28000,1.00000,1.15000,-2.12000,-0.02000,-2.54000,-2.63000,-53.58000,-124.40000
0.27000,1.00000,1.14000,-1.62000,-0.75000,-1.02000,-2.11000,-53.58000,-124.40000
0.27000,1.00000,1.15000,-1.33000,-2.05000,-1.01000,-2.11000,-50.15000,-128.14000
0.27000,0.99000,1.18000,-1.02000,-2.88000,-1.01000,-2.11000,-50.15000,-128.14000
0.27000,0.99000,1.23000,-0.85000,-3.36000,-1.14000,-2.12000,-57.43000,-104.42000
0.27000,0.99000,1.27000,-0.95000,-3.13000,-3.27000,-3.25000,-57.43000,-104.42000
0.27000,0.98000,1.30000,-1.20000,-2.70000,-2.11000,-1.05000,-73.65000,-80.07000
0.27000,0.98000,1.30000,-1.70000,-1.85000,-2.11000,-1.01000,-73.65000,-80.07000
0.26000,0.97000,1.27000,-2.45000,-0.75000,-2.12000,-1.01000,-69.48000,-86.23000
0.26000,0.97000,1.23000,-2.78000,-0.42000,-2.11000,-1.02000,-69.48000,-86.23000
0.26000,0.97000,1.17000,-2.82000,0.00000,-2.98000,-2.93000,-68.69000,-131.52000
0.26000,0.97000,1.12000,-2.78000,0.00000,-1.35000,-2.17000,-68.69000,-131.52000
0.26000,0.96000,1.08000,-2.66000,-0.02000,-1.01000,-2.12000,-40.35000,-140.65000
0.26000,0.96000,1.06000,-1.91000,-0.93000,-0.99000,-2.14000,-40.35000,-140.65000
0.26000,0.96000,1.09000,-0.85000,-2.76000,-0.97000,-2.15000,-42.25000,-139.85000
0.25000,0.95000,1.15000,-0.33000,-3.75000,-0.98000,-2.14000,-42.25000,-139.85000
0.25000,0.95000,1.23000,-0.06000,-4.34000,-1.00000,-2.13000,-60.67000,-104.47000
0.25000,0.94000,1.30000,0.00000,-3.98000,-1.03000,-2.11000,-60.67000,-104.47000
0.25000,0.94000,1.36000,-0.21000,-3.13000,-2.92000,-2.87000,-98.52000,-102.46000
0.25000,0.94000,1.37000,-1.78000,-2.47000,-2.11000,-1.01000,-98.52000,-102.46000
0.25000,0.93000,1.35000,-3.28000,-2.03000,-2.12000,-1.01000,-77.21000,-90.57000
0.25000,0.92000,1.31000,-3.76000,-1.60000,-2.11000,-1.02000,-77.21000,-90.57000
0.25000,0.92000,1.26000,-3.80000,-1.04000,-2.53000,-2.39000,-55.84000,-115.54000
0.24000,0.91000,1.22000,-3.36000,-1.29000,-2.17000,-2.44000,-55.84000,-115.54000
0.24000,0.91000,1.21000,-2.57000,-2.07000,-1.02000,-2.11000,-31.69000,-120.77000
0.24000,0.90000,1.23000,-1.54000,-2.64000,-1.01000,-2.11000,-31.69000,-120.77000
0.24000,0.90000,1.28000,-0.37000,-3.03000,-1.02000,-2.11000,-45.07000,-105.43000
0.24000,0.90000,1.33000,-0.06000,-2.93000,-3.21000,-3.24000,-45.07000,-105.43000
0.24000,0.89000,1.38000,0.00000,-2.59000,-2.11000,-1.04000,-80.37000,-81.97000
0.24000,0.89000,1.39000,-0.81000,-1.64000,-2.12000,-1.01000,-80.37000,-81.97000
0.24000,0.89000,1.37000,-2.16000,-0.62000,-2.13000,-1.00000,-81.72000,-89.29000
0.24000,0.89000,1.31000,-2.95000,0.00000,-2.12000,-1.01000,-81.72000,-89.29000
0.23000,0.88000,1.25000,-3.49000,-0.02000,-2.32000,-1.86000,-60.45000,-123.01000
0.23000,0.88000,1.21000,-3.26000,-0.85000,-1.34000,-2.17000,-60.45000,-123.01000
0.23000,0.87000,1.19000,-2.72000,-1.99000,-1.01000,-2.11000,-32.41000,-125.20000
0.23000,0.87000,1.21000,-1.66000,-2.74000,-1.01000,-2.12000,-32.41000,-125.20000
0.23000,0.86000,1.26000,-0.46000,-3.20000,-1.01000,-2.11000,-42.91000,-104.43000
0.23000,0.86000,1.32000,-0.04000,-3.07000,-2.24000,-2.46000,-42.91000,-104.43000
0.23000,0.86000,1.37000,-0.04000,-2.72000,-2.28000,-1.74000,-82.30000,-90.15000
0.23000,0.85000,1.39000,-0.93000,-2.10000,-2.11000,-1.01000,-82.30000,-90.15000
0.22000,0.85000,1.37000,-2.26000,-1.37000,-2.12000,-1.00000,-80.01000,-85.70000
0.22000,0.85000,1.33000,-3.03000,-0.87000,-2.12000,-1.01000,-80.01000,-85.70000
0.22000,0.84000,1.27000,-3.38000,-0.06000,-2.11000,-1.04000,-55.44000,-98.00000
0.22000,0.84000,1.22000,-2.99000,-0.06000,-3.06000,-3.10000,-55.44000,-98.00000
0.22000,0.84000,1.18000,-2.30000,-0.02000,-1.01000,-2.11000,-34.14000,-127.22000
0.22000,0.83000,1.17000,-1.27000,-1.04000,-1.00000,-2.13000,-34.14000,-127.22000
0.22000,0.83000,1.21000,-0.27000,-2.43000,-1.00000,-2.13000,-47.86000,-125.15000
0.22000,0.83000,1.27000,0.00000,-3.07000,-1.01000,-2.11000,-47.86000,-125.15000
0.22000,0.82000,1.33000,0.00000,-3.49000,-2.74000,-2.80000,-91.33000,-111.26000
0.22000,0.82000,1.37000,-0.87000,-3.34000,-2.11000,-1.06000,-91.33000,-111.26000
0.21000,0.81000,1.38000,-2.47000,-2.86000,-2.12000,-1.01000,-85.43000,-78.73000
0.21000,0.81000,1.36000,-3.34000,-1.93000,-2.12000,-1.00000,-85.43000,-78.73000
0.21000,0.80000,1.30000,-3.71000,-0.77000,-2.11000,-1.01000,-55.78000,-85.96000
0.21000,0.80000,1.24000,-3.34000,0.00000,-2.70000,-2.62000,-55.78000,-85.96000
0.21000,0.80000,1.20000,-2.62000,0.00000,-1.14000,-2.12000,-33.75000,-126.04000
0.21000,0.79000,1.19000,-1.60000,-1.27000,-1.01000,-2.12000,-33.75000,-126.04000
0.21000,0.79000,1.23000,-0.46000,-2.53000,-1.01000,-2.12000,-44.72000,-119.78000
0.21000,0.79000,1.28000,-0.04000,-2.99000,-1.02000,-2.11000,-44.72000,-119.78000
0.21000,0.78000,1.34000,0.00000,-3.11000,-3.24000,-3.27000,-98.09000,-116.32000
0.20000,0.78000,1.37000,-1.18000,-3.11000,-2.11000,-1.02000,-98.09000,-116.32000
0.20000,0.77000,1.37000,-3.03000,-2.90000,-2.12000,-1.01000,-83.32000,-82.23000
0.20000,0.77000,1.34000,-3.82000,-2.07000,-2.12000,-1.01000,-83.32000,-82.23000
0.20000,0.76000,1.28000,-4.07000,-0.98000,-2.11000,-1.02000,-49.22000,-85.31000
0.20000,0.76000,1.23000,-3.44000,-0.68000,-3.28000,-3.25000,-49.22000,-85.31000
0.20000,0.75000,1.19000,-2.41000,-0.08000,-1.04000,-2.11000,-28.50000,-116.13000
0.20000,0.75000,1.17000,-1.16000,-0.02000,-1.01000,-2.12000,-28.50000,-116.13000
0.20000,0.75000,1.17000,-0.12000,0.00000,-1.00000,-2.13000,-47.69000,-134.93000
0.20000,0.75000,1.18000,0.00000,-0.66000,-1.00000,-2.13000,-47.69000,-134.93000
0.20000,0.75000,1.22000,0.00000,-2.30000,-1.00000,-2.12000,-64.21000,-137.87000
0.19000,0.75000,1.28000,-0.02000,-3.28000,-1.02000,-2.11000,-64.21000,-137.87000
0.19000,0.74000,1.35000,-0.02000,-3.86000,-3.26000,-3.29000,-103.83000,-124.90000
0.19000,0.74000,1.39000,-1.47000,-3.75000,-2.11000,-1.01000,-103.83000,-124.90000
0.19000,0.73000,1.39000,-3.36000,-3.44000,-2.13000,-1.00000,-84.46000,-83.44000
0.19000,0.72000,1.36000,-4.00000,-2.51000,-2.13000,-0.99000,-84.46000,-83.44000
0.19000,0.72000,1.31000,-4.15000,-1.24000,-2.12000,-1.01000,-50.32000,-85.69000
0.19000,0.71000,1.26000,-3.61000,-0.60000,-2.11000,-1.07000,-50.32000,-85.69000
0.19000,0.71000,1.21000,-2.66000,-0.23000,-3.10000,-3.14000,-59.64000,-137.23000
0.19000,0.71000,1.18000,-1.99000,0.00000,-1.02000,-2.11000,-59.64000,-137.23000
0.18000,0.70000,1.15000,-1.76000,-0.02000,-1.01000,-2.12000,-49.42000,-146.24000
0.18000,0.70000,1.13000,-1.43000,-0.73000,-0.99000,-2.13000,-49.42000,-146.24000
0.18000,0.70000,1.17000,-0.98000,-2.78000,-0.99000,-2.14000,-51.62000,-148.37000
0.18000,0.69000,1.22000,-0.77000,-3.86000,-1.00000,-2.13000,-51.62000,-148.37000
0.18000,0.69000,1.29000,-0.75000,-4.50000,-1.02000,-2.11000,-59.41000,-109.36000
0.18000,0.68000,1.35000,-0.95000,-4.19000,-3.17000,-3.14000,-59.41000,-109.36000
0.17000,0.68000,1.39000,-1.24000,-3.47000,-2.11000,-1.01000,-74.47000,-77.46000
0.17000,0.67000,1.40000,-1.83000,-2.32000,-2.13000,-1.00000,-74.47000,-77.46000
0.17000,0.67000,1.37000,-2.57000,-1.04000,-2.13000,-0.99000,-68.66000,-86.07000
0.17000,0.67000,1.32000,-2.78000,-0.02000,-2.12000,-1.00000,-68.66000,-86.07000
0.17000,0.66000,1.27000,-2.70000,0.00000,-2.11000,-1.03000,-55.78000,-113.14000
0.17000,0.66000,1.23000,-2.45000,-0.02000,-3.29000,-3.26000,-55.78000,-113.14000
0.17000,0.66000,1.20000,-1.95000,-0.39000,-1.08000,-2.11000,-41.31000,-135.46000
0.17000,0.65000,1.21000,-1.22000,-2.05000,-1.01000,-2.11000,-41.31000,-135.46000
0.17000,0.65000,1.26000,-0.52000,-3.13000,-1.02000,-2.11000,-50.56000,-117.43000
0.17000,0.65000,1.32000,-0.33000,-3.36000,-3.11000,-3.14000,-50.56000,-117.43000
0.17000,0.64000,1.37000,-0.25000,-3.32000,-2.11000,-1.06000,-79.06000,-82.42000
0.16000,0.64000,1.40000,-1.08000,-2.53000,-2.12000,-1.00000,-79.06000,-82.42000
0.16000,0.63000,1.38000,-2.24000,-1.27000,-2.14000,-0.99000,-78.91000,-80.03000
0.16000,0.63000,1.34000,-2.95000,-0.60000,-2.13000,-0.99000,-78.91000,-80.03000
0.16000,0.63000,1.28000,-3.28000,-0.15000,-2.11000,-1.01000,-56.91000,-100.04000
0.16000,0.62000,1.23000,-2.95000,-0.06000,-2.68000,-2.60000,-56.91000,-100.04000
0.16000,0.62000,1.19000,-2.32000,-0.02000,-1.68000,-2.26000,-45.43000,-129.30000
0.16000,0.62000,1.16000,-1.54000,0.00000,-1.01000,-2.11000,-45.43000,-129.30000
0.16000,0.62000,1.15000,-0.79000,0.00000,-1.00000,-2.12000,-48.80000,-141.39000
0.16000,0.62000,1.14000,-0.46000,-0.04000,-0.99000,-2.13000,-48.80000,-141.39000
0.16000,0.62000,1.16000,-0.25000,-1.41000,-0.99000,-2.13000,-61.63000,-153.64000
0.16000,0.61000,1.22000,-0.08000,-3.32000,-1.00000,-2.12000,-61.63000,-153.64000
0.15000,0.61000,1.29000,-0.66000,-4.44000,-1.03000,-2.11000,-70.96000,-116.61000
0.15000,0.60000,1.34000,-1.33000,-4.32000,-2.99000,-2.95000,-70.96000,-116.61000
0.15000,0.60000,1.37000,-1.91000,-3.69000,-2.11000,-1.01000,-74.21000,-77.98000
0.15000,0.59000,1.37000,-2.41000,-2.53000,-2.13000,-1.00000,-74.21000,-77.98000
0.15000,0.59000,1.34000,-2.86000,-1.16000,-2.13000,-0.99000,-63.00000,-84.66000
0.15000,0.58000,1.29000,-2.88000,-0.04000,-2.12000,-1.01000,-63.00000,-84.66000
0.15000,0.58000,1.24000,-2.64000,0.00000,-2.11000,-1.06000,-53.86000,-113.70000
0.15000,0.58000,1.21000,-2.16000,-0.42000,-3.26000,-3.29000,-53.86000,-113.70000
0.15000,0.57000,1.21000,-1.74000,-1.41000,-1.34000,-2.17000,-48.63000,-130.84000
0.14000,0.57000,1.23000,-1.24000,-2.32000,-1.08000,-2.11000,-48.63000,-130.84000
0.14000,0.57000,1.27000,-0.83000,-3.11000,-2.32000,-2.50000,-72.07000,-117.72000
0.14000,0.56000,1.30000,-1.20000,-3.17000,-3.02000,-2.97000,-72.07000,-117.72000
0.14000,0.56000,1.32000,-1.99000,-2.99000,-2.11000,-1.02000,-75.93000,-83.87000
0.14000,0.55000,1.32000,-2.47000,-2.28000,-2.11000,-1.01000,-75.93000,-83.87000
0.14000,0.55000,1.29000,-2.86000,-1.22000,-2.12000,-1.01000,-62.50000,-84.14000
0.14000,0.54000,1.24000,-2.84000,-0.15000,-2.11000,-1.02000,-62.50000,-84.14000
0.14000,0.54000,1.19000,-2.57000,0.00000,-3.08000,-3.04000,-69.18000,-139.00000
0.13000,0.54000,1.17000,-2.49000,-1.47000,-1.49000,-2.20000,-69.18000,-139.00000
0.13000,0.53000,1.18000,-2.53000,-2.88000,-1.02000,-2.11000,-45.05000,-122.45000
0.13000,0.52000,1.21000,-2.05000,-3.40000,-1.02000,-2.11000,-45.05000,-122.45000
0.13000,0.52000,1.25000,-1.29000,-3.55000,-0.99000,-2.13000,-42.34000,-97.69000
0.13000,0.52000,1.29000,-0.68000,-3.05000,-1.01000,-2.12000,-42.34000,-97.69000
0.13000,0.51000,1.33000,-0.31000,-2.32000,-1.08000,-2.11000,-57.85000,-95.05000
0.12000,0.51000,1.35000,-0.50000,-1.78000,-3.23000,-3.26000,-57.85000,-95.05000
0.12000,0.51000,1.36000,-0.83000,-1.45000,-2.89000,-2.84000,-90.17000,-119.30000
0.12000,0.50000,1.35000,-1.93000,-1.64000,-2.28000,-1.75000,-90.17000,-119.30000
0.12000,0.50000,1.34000,-3.19000,-2.10000,-2.51000,-2.34000,-77.35000,-120.37000
0.12000,0.49000,1.32000,-3.57000,-2.51000,-3.27000,-3.24000,-77.35000,-120.37000
0.12000,0.48000,1.30000,-3.59000,-2.76000,-3.01000,-3.04000,-63.68000,-122.06000
0.12000,0.48000,1.29000,-3.34000,-2.90000,-1.72000,-2.27000,-63.68000,-122.06000
0.11000,0.47000,1.30000,-2.90000,-3.13000,-1.16000,-2.13000,-36.07000,-105.57000
0.11000,0.47000,1.32000,-1.97000,-2.97000,-1.33000,-2.16000,-36.07000,-105.57000
0.11000,0.46000,1.35000,-0.81000,-2.62000,-2.90000,-2.95000,-69.67000,-112.34000
0.11000,0.46000,1.37000,-0.95000,-2.45000,-2.99000,-2.95000,-69.67000,-112.34000
0.11000,0.45000,1.39000,-1.58000,-2.47000,-2.11000,-1.06000,-78.60000,-91.69000
0.11000,0.45000,1.39000,-2.24000,-1.91000,-2.11000,-1.02000,-78.60000,-91.69000
0.11000,0.44000,1.35000,-2.90000,-1.20000,-2.11000,-1.02000,-66.17000,-90.84000
0.11000,0.44000,1.31000,-2.99000,-0.66000,-2.53000,-2.39000,-66.17000,-90.84000
0.11000,0.44000,1.27000,-2.68000,-0.46000,-2.84000,-2.89000,-65.18000,-132.27000
0.11000,0.43000,1.25000,-2.47000,-1.08000,-1.02000,-2.11000,-65.18000,-132.27000
0.10000,0.43000,1.25000,-2.34000,-2.37000,-1.01000,-2.12000,-44.62000,-127.79000
0.10000,0.42000,1.27000,-1.72000,-3.09000,-1.01000,-2.12000,-44.62000,-127.79000
0.10000,0.42000,1.32000,-0.95000,-3.40000,-1.02000,-2.11000,-47.17000,-103.68000
0.10000,0.42000,1.36000,-0.54000,-3.05000,-2.88000,-2.93000,-47.17000,-103.68000
0.10000,0.41000,1.40000,-0.39000,-2.51000,-2.33000,-1.89000,-80.37000,-95.20000
0.10000,0.41000,1.42000,-1.06000,-2.01000,-2.11000,-1.01000,-80.37000,-95.20000
0.10000,0.40000,1.40000,-2.18000,-1.29000,-2.12000,-1.01000,-80.15000,-90.56000
0.10000,0.40000,1.36000,-2.92000,-0.54000,-2.11000,-1.01000,-80.15000,-90.56000
0.10000,0.40000,1.31000,-3.32000,-0.52000,-2.40000,-2.08000,-62.72000,-122.67000
0.10000,0.39000,1.25000,-3.15000,-0.06000,-2.39000,-2.53000,-62.72000,-122.67000
0.09000,0.39000,1.22000,-2.66000,-1.00000,-1.01000,-2.12000,-35.30000,-139.61000
0.09000,0.38000,1.23000,-1.74000,-2.39000,-1.00000,-2.13000,-35.30000,-139.61000
0.09000,0.38000,1.29000,-0.58000,-3.49000,-1.00000,-2.12000,-43.49000,-117.20000
0.09000,0.38000,1.35000,-0.12000,-3.59000,-1.03000,-2.11000,-43.49000,-117.20000
0.09000,0.37000,1.41000,-0.02000,-3.24000,-3.09000,-3.06000,-94.68000,-111.58000
0.09000,0.37000,1.44000,-1.02000,-2.95000,-2.11000,-1.01000,-94.68000,-111.58000
0.09000,0.36000,1.44000,-2.68000,-2.53000,-2.13000,-1.00000,-84.60000,-87.17000
0.09000,0.36000,1.41000,-3.55000,-1.80000,-2.13000,-1.00000,-84.60000,-87.17000
0.09000,0.35000,1.35000,-3.86000,-0.91000,-2.11000,-1.01000,-53.11000,-92.78000
0.09000,0.35000,1.29000,-3.36000,-0.10000,-2.52000,-2.36000,-53.11000,-92.78000
0.08000,0.35000,1.25000,-2.43000,0.00000,-1.31000,-2.16000,-35.30000,-130.75000
0.08000,0.34000,1.24000,-1.47000,-0.91000,-1.01000,-2.11000,-35.30000,-130.75000
0.08000,0.34000,1.28000,-0.39000,-2.39000,-1.01000,-2.12000,-46.74000,-130.36000
0.08000,0.34000,1.33000,0.00000,-3.19000,-1.02000,-2.11000,-46.74000,-130.36000
0.08000,0.33000,1.40000,0.00000,-3.55000,-3.28000,-3.26000,-100.17000,-120.42000
0.08000,0.33000,1.44000,-1.24000,-3.40000,-2.11000,-1.01000,-100.17000,-120.42000
0.08000,0.32000,1.44000,-3.07000,-3.15000,-2.13000,-1.00000,-83.84000,-83.82000
0.08000,0.31000,1.41000,-3.84000,-2.26000,-2.13000,-1.00000,-83.84000,-83.82000
0.08000,0.31000,1.35000,-4.15000,-1.06000,-2.12000,-1.01000,-50.12000,-86.67000
0.08000,0.30000,1.30000,-3.46000,-0.48000,-2.24000,-1.63000,-50.12000,-86.67000
0.08000,0.30000,1.26000,-2.47000,-0.35000,-2.48000,-2.58000,-50.82000,-129.42000
0.07000,0.30000,1.23000,-1.81000,0.00000,-1.02000,-2.11000,-50.82000,-129.42000
0.07000,0.30000,1.21000,-1.35000,-0.02000,-1.00000,-2.12000,-47.67000,-142.35000
0.07000,0.30000,1.20000,-0.87000,-0.39000,-0.99000,-2.13000,-47.67000,-142.35000
0.07000,0.29000,1.23000,-0.54000,-2.28000,-0.99000,-2.13000,-56.66000,-149.37000
0.07000,0.29000,1.28000,-0.66000,-3.53000,-1.00000,-2.12000,-56.66000,-149.37000
0.07000,0.28000,1.34000,-0.85000,-4.31000,-1.03000,-2.11000,-61.10000,-112.38000
0.07000,0.28000,1.40000,-1.10000,-4.13000,-3.07000,-3.03000,-61.10000,-112.38000
0.07000,0.27000,1.43000,-1.45000,-3.44000,-2.11000,-1.01000,-72.94000,-78.44000
0.07000,0.27000,1.44000,-2.01000,-2.32000,-2.13000,-1.00000,-72.94000,-78.44000
0.07000,0.26000,1.41000,-2.55000,-1.10000,-2.13000,-1.00000,-65.58000,-86.56000
0.07000,0.26000,1.37000,-2.64000,-0.39000,-2.12000,-1.01000,-65.58000,-86.56000
0.06000,0.26000,1.33000,-2.62000,0.00000,-2.11000,-1.03000,-56.59000,-107.99000
0.06000,0.25000,1.28000,-2.30000,-0.02000,-3.28000,-3.26000,-56.59000,-107.99000
0.06000,0.25000,1.25000,-1.87000,-0.21000,-1.15000,-2.13000,-44.11000,-133.87000
0.06000,0.25000,1.26000,-1.29000,-1.62000,-1.01000,-2.11000,-44.11000,-133.87000
0.06000,0.24000,1.30000,-0.71000,-2.86000,-1.02000,-2.11000,-50.40000,-122.28000
0.06000,0.24000,1.35000,-0.46000,-3.32000,-2.21000,-2.45000,-50.40000,-122.28000
0.06000,0.24000,1.40000,-0.41000,-3.34000,-2.42000,-2.14000,-82.34000,-100.20000
0.06000,0.23000,1.43000,-1.31000,-2.80000,-2.11000,-1.01000,-82.34000,-100.20000
0.06000,0.23000,1.43000,-2.43000,-2.16000,-2.13000,-1.00000,-76.92000,-83.76000
0.06000,0.22000,1.40000,-2.90000,-1.45000,-2.13000,-1.00000,-76.92000,-83.76000
0.06000,0.22000,1.35000,-3.11000,-0.31000,-2.12000,-1.01000,-57.72000,-93.35000
0.06000,0.22000,1.30000,-2.86000,-0.04000,-2.20000,-1.49000,-57.72000,-93.35000
0.05000,0.21000,1.27000,-2.28000,-0.77000,-2.81000,-2.86000,-63.96000,-139.66000
0.05000,0.21000,1.26000,-2.03000,-1.66000,-1.04000,-2.11000,-63.96000,-139.66000
0.05000,0.20000,1.28000,-2.03000,-2.99000,-1.02000,-2.11000,-49.30000,-120.96000
0.05000,0.20000,1.31000,-1.70000,-3.44000,-1.16000,-2.13000,-49.30000,-120.96000
0.05000,0.19000,1.35000,-1.12000,-3.44000,-3.20000,-3.23000,-80.84000,-113.65000
0.05000,0.19000,1.38000,-1.66000,-3.17000,-2.16000,-1.33000,-80.84000,-113.65000
0.05000,0.18000,1.39000,-2.57000,-2.86000,-2.11000,-1.02000,-74.10000,-83.25000
0.05000,0.18000,1.37000,-3.01000,-2.12000,-2.11000,-1.01000,-74.10000,-83.25000
0.04000,0.17000,1.34000,-3.17000,-1.18000,-2.11000,-1.02000,-56.53000,-86.22000
0.04000,0.17000,1.29000,-2.82000,-0.21000,-2.69000,-2.61000,-56.53000,-86.22000
0.04000,0.16000,1.25000,-2.26000,0.00000,-2.21000,-2.45000,-55.53000,-129.79000
0.04000,0.16000,1.22000,-1.78000,-0.41000,-1.01000,-2.11000,-55.53000,-129.79000
0.04000,0.16000,1.23000,-1.49000,-1.99000,-1.01000,-2.12000,-49.33000,-135.16000
0.04000,0.15000,1.27000,-1.20000,-3.07000,-1.01000,-2.12000,-49.33000,-135.16000
0.04000,0.15000,1.32000,-0.85000,-3.78000,-1.02000,-2.11000,-53.60000,-105.35000
0.04000,0.14000,1.37000,-0.71000,-3.59000,-3.25000,-3.28000,-53.60000,-105.35000
0.04000,0.14000,1.41000,-0.83000,-2.95000,-2.11000,-1.03000,-76.23000,-75.61000
0.04000,0.14000,1.41000,-1.49000,-1.81000,-2.12000,-1.01000,-76.23000,-75.61000
0.03000,0.13000,1.38000,-2.37000,-0.35000,-2.12000,-1.00000,-73.06000,-86.64000
0.03000,0.13000,1.33000,-2.76000,0.00000,-2.11000,-1.02000,-73.06000,-86.64000
0.03000,0.13000,1.27000,-2.97000,0.00000,-3.07000,-3.03000,-72.08000,-139.37000
0.03000,0.12000,1.25000,-2.99000,-1.43000,-1.11000,-2.12000,-72.08000,-139.37000
0.03000,0.12000,1.25000,-2.95000,-2.95000,-1.01000,-2.11000,-39.67000,-122.23000
0.03000,0.11000,1.27000,-2.26000,-3.40000,-1.01000,-2.11000,-39.67000,-122.23000
0.03000,0.11000,1.31000,-1.18000,-3.53000,-1.02000,-2.11000,-38.79000,-96.68000
0.03000,0.10000,1.36000,-0.37000,-2.95000,-2.89000,-2.94000,-38.79000,-96.68000
0.02000,0.10000,1.40000,-0.02000,-2.24000,-2.29000,-1.79000,-78.79000,-91.02000
0.02000,0.10000,1.41000,-0.68000,-1.56000,-2.11000,-1.01000,-78.79000,-91.02000
0.02000,0.09000,1.40000,-1.95000,-1.04000,-2.12000,-1.01000,-83.02000,-93.20000
0.02000,0.09000,1.36000,-2.86000,-0.85000,-2.11000,-1.01000,-83.02000,-93.20000
0.02000,0.08000,1.31000,-3.49000,-0.64000,-2.11000,-1.09000,-58.87000,-101.75000
0.02000,0.08000,1.26000,-3.32000,-0.64000,-3.18000,-3.21000,-58.87000,-101.75000
0.02000,0.08000,1.23000,-2.64000,-1.12000,-1.02000,-2.11000,-31.11000,-121.53000
0.02000,0.07000,1.24000,-1.60000,-1.85000,-1.01000,-2.12000,-31.11000,-121.53000
0.02000,0.07000,1.28000,-0.42000,-2.61000,-1.01000,-2.12000,-42.97000,-112.45000
0.02000,0.07000,1.33000,0.00000,-2.80000,-1.02000,-2.11000,-42.97000,-112.45000
0.02000,0.06000,1.38000,0.00000,-2.82000,-3.25000,-3.27000,-97.00000,-117.09000
0.01000,0.06000,1.40000,-1.45000,-2.68000,-2.11000,-1.03000,-97.00000,-117.09000
0.01000,0.05000,1.39000,-3.18000,-2.59000,-2.11000,-1.01000,-77.65000,-87.87000
0.01000,0.05000,1.36000,-3.63000,-2.03000,-2.11000,-1.01000,-77.65000,-87.87000
0.01000,0.04000,1.31000,-3.67000,-1.12000,-2.11000,-1.02000,-48.82000,-87.70000
0.01000,0.04000,1.27000,-3.03000,-0.79000,-3.14000,-3.10000,-48.82000,-87.70000
0.01000,0.03000,1.24000,-2.08000,-0.08000,-1.94000,-2.34000,-46.13000,-120.12000
0.01000,0.03000,1.23000,-1.31000,-0.83000,-1.01000,-2.11000,-46.13000,-120.12000
0.01000,0.03000,1.25000,-0.83000,-1.91000,-1.01000,-2.11000,-51.53000,-125.39000
0.01000,0.03000,1.28000,-0.64000,-2.59000,-1.01000,-2.11000,-51.53000,-125.39000
0.01000,0.02000,1.33000,-0.52000,-3.15000,-1.09000,-2.11000,-60.87000,-106.63000
0.00000,0.02000,1.37000,-0.75000,-3.01000,-0.26000,0.27000,-60.87000,-106.63000
0.00000,0.01000,1.40000,-1.18000,-2.55000,-0.21000,0.21000,-48.79000,-62.65000
0.00000,0.01000,1.40000,-1.18000,-1.39000,-0.18000,0.18000,-48.79000,-62.65000
0.00000,0.01000,1.39000,-0.95000,-0.25000,-0.18000,0.18000,-38.60000,-68.02000
0.00000,0.01000,1.38000,-0.50000,0.00000,-0.20000,0.21000,-38.60000,-68.02000
0.00000,0.01000,1.38000,-0.15000,0.00000,-0.22000,0.22000,-43.39000,-78.88000
0.00000,0.01000,1.38000,0.00000,0.00000,-0.22000,0.22000,-43.39000,-78.88000
0.00000,0.01000,1.38000,0.00000,0.00000,-0.22000,0.22000,-49.24000,-77.50000
0.00000,0.01000,1.38000,0.00000,0.00000,-0.22000,0.22000,-49.24000,-77.50000
0.00000,0.01000,1.38000,0.00000,0.00000,-0.22000,0.22000,-50.56000,-76.15000
0.00000,0.01000,1.38000,0.00000,0.00000,-0.22000,0.22000,-50.56000,-76.15000
0.00000,0.01000,1.38000,0.00000,0.00000,-0.22000,0.22000,-51.88000,-74.80000
0.00000,0.01000,1.38000,0.00000,0.00000,-0.22000,0.22000,-51.88000,-74.80000
0.00000,0.01000,1.38000,0.00000,0.00000,-0.22000,0.22000,-53.20000,-73.46000
0.00000,0.01000,1.38000,0.00000,0.00000,-0.22000,0.22000,-53.20000,-73.46000
0.00000,0.01000,1.38000,0.00000,0.00000,-0.22000,0.22000,-54.52000,-72.11000
0.00000,0.01000,1.38000,0.00000,0.00000,-0.22000,0.22000,-54.52000,-72.11000
0.00000,0.01000,1.38000,0.00000,0.00000,-0.22000,0.22000,-55.84000,-70.76000
0.00000,0.01000,1.38000,-0.02000,0.00000,-0.22000,0.22000,-55.84000,-70.76000
0.00000,0.01000,1.38000,0.00000,0.00000,-0.22000,0.23000,-56.86000,-69.41000
0.00000,0.01000,1.37000,-0.21000,0.00000,-0.22000,0.23000,-56.86000,-69.41000
0.00000,0.01000,1.36000,-0.64000,0.00000,-0.23000,0.23000,-55.35000,-67.96000
0.00000,0.01000,1.34000,-0.98000,0.00000,-0.25000,0.25000,-55.35000,-67.96000
0.00000,0.01000,1.32000,-1.16000,0.00000,-0.28000,0.28000,-44.68000,-65.80000
0.00000,0.00000,1.30000,-1.00000,0.00000,-0.31000,0.32000,-44.68000,-65.80000
0.00000,0.00000,1.29000,-0.66000,0.00000,-0.34000,0.35000,-41.12000,-63.06000
0.00000,0.00000,1.29000,-0.37000,0.00000,-0.36000,0.37000,-41.12000,-63.06000
0.00000,0.00000,1.28000,-0.12000,0.00000,-0.37000,0.38000,-46.94000,-60.46000
0.00000,0.00000,1.28000,0.00000,0.00000,-0.37000,0.39000,-46.94000,-60.46000
0.00000,0.00000,1.28000,0.00000,0.00000,-0.37000,0.39000,-52.56000,-58.09000
0.00000,0.00000,1.28000,-0.37000,0.00000,-0.37000,0.39000,-52.56000,-58.09000
0.00000,0.00000,1.26000,-0.62000,0.00000,-0.38000,0.40000,-49.31000,-55.59000
0.00000,0.00000,1.25000,-0.71000,0.00000,-0.39000,0.42000,-49.31000,-55.59000
0.00000,0.00000,1.24000,-0.75000,0.00000,-0.41000,0.44000,-44.80000,-52.61000
0.00000,0.00000,1.23000,-0.66000,0.00000,-0.42000,0.46000,-44.80000,-52.61000
0.00000,-0.00000,1.22000,-0.44000,0.00000,-0.43000,0.48000,-43.99000,-49.42000
0.00000,-0.00000,1.21000,-0.29000,0.00000,-0.44000,0.49000,-43.99000,-49.42000
-0.00000,-0.00000,1.21000,-0.19000,0.00000,-0.44000,0.49000,-48.32000,-46.29000
-0.00000,-0.00000,1.20000,-0.29000,0.00000,-0.44000,0.50000,-48.32000,-46.29000
-0.00000,-0.00000,1.20000,-0.37000,0.00000,-0.44000,0.51000,-49.28000,-43.15000
-0.00000,-0.00000,1.19000,-0.54000,0.00000,-0.45000,0.51000,-49.28000,-43.15000
-0.00000,-0.00000,1.18000,-0.66000,0.00000,-0.45000,0.53000,-46.53000,-39.80000
-0.00000,-0.00000,1.17000,-0.62000,0.00000,-0.45000,0.54000,-46.53000,-39.80000
-0.00000,-0.00000,1.15000,-0.56000,0.00000,-0.45000,0.56000,-44.71000,-36.19000
-0.00000,-0.00000,1.15000,-0.48000,0.00000,-0.44000,0.57000,-44.71000,-36.19000
-0.00000,-0.00000,1.14000,-0.37000,0.00000,-0.44000,0.58000,-45.68000,-32.47000
-0.00000,-0.01000,1.13000,-0.35000,0.00000,-0.43000,0.59000,-45.68000,-32.47000
-0.00000,-0.01000,1.13000,-0.27000,0.00000,-0.43000,0.60000,-47.14000,-28.69000
-0.00000,-0.01000,1.12000,-0.42000,0.00000,-0.42000,0.61000,-47.14000,-28.69000
-0.00000,-0.01000,1.11000,-0.50000,0.00000,-0.41000,0.62000,-46.42000,-24.78000
-0.00000,-0.01000,1.10000,-0.50000,0.00000,-0.40000,0.64000,-46.42000,-24.78000
-0.00000,-0.01000,1.09000,-0.52000,0.00000,-0.38000,0.65000,-44.72000,-20.55000
-0.00000,-0.01000,1.08000,-0.48000,0.00000,-0.36000,0.67000,-44.72000,-20.55000
-0.00000,-0.01000,1.08000,-0.37000,0.00000,-0.35000,0.69000,-43.78000,-16.05000
-0.00000,-0.01000,1.07000,-0.21000,0.00000,-0.33000,0.71000,-43.78000,-16.05000
-0.00000,-0.01000,1.07000,-0.17000,0.00000,-0.32000,0.72000,-46.63000,-11.48000
-0.00000,-0.01000,1.07000,-0.25000,0.00000,-0.31000,0.73000,-46.63000,-11.48000
-0.00000,-0.01000,1.06000,-0.35000,0.00000,-0.30000,0.74000,-46.35000,-6.84000
-0.00000,-0.01000,1.05000,-0.35000,0.00000,-0.28000,0.76000,-46.35000,-6.84000
-0.00000,-0.01000,1.05000,-0.46000,0.00000,-0.25000,0.78000,-44.44000,-1.79000
-0.00000,-0.01000,1.04000,-0.35000,0.00000,-0.22000,0.81000,-44.44000,-1.79000
-0.00000,-0.01000,1.03000,-0.31000,0.00000,-0.20000,0.84000,-42.99000,3.72000
-0.00000,-0.01000,1.03000,-0.17000,0.00000,-0.17000,0.86000,-42.99000,3.72000
-0.00000,-0.01000,1.03000,-0.17000,0.00000,-0.16000,0.87000,-44.31000,9.26000
-0.00000,-0.01000,1.03000,0.00000,0.00000,-0.15000,0.88000,-44.31000,9.26000
-0.00000,-0.01000,1.03000,0.00000,0.00000,-0.15000,0.88000,-46.56000,14.68000
-0.01000,-0.01000,1.02000,-0.17000,0.00000,-0.15000,0.88000,-46.56000,14.68000
-0.01000,-0.01000,1.02000,-0.17000,0.00000,-0.13000,0.90000,-44.74000,20.18000
-0.01000,-0.01000,1.02000,-0.17000,0.00000,-0.12000,0.91000,-44.74000,20.18000
-0.01000,-0.01000,1.01000,-0.23000,0.00000,-0.10000,0.92000,-44.11000,25.97000
-0.01000,-0.01000,1.01000,-0.27000,0.00000,-0.08000,0.94000,-44.11000,25.97000
-0.01000,-0.01000,1.01000,-0.17000,0.00000,-0.06000,0.97000,-41.47000,32.19000
-0.01000,-0.01000,1.01000,-0.02000,0.00000,-0.04000,0.98000,-41.47000,32.19000
-0.01000,-0.01000,1.01000,-0.02000,0.00000,-0.04000,0.99000,-43.65000,38.27000
-0.01000,-0.01000,1.01000,0.00000,0.00000,-0.04000,0.99000,-43.65000,38.27000
-0.01000,-0.01000,1.01000,-0.04000,0.00000,-0.04000,0.99000,-44.03000,44.22000
-0.01000,-0.01000,1.00000,-0.06000,0.00000,-0.03000,0.99000,-44.03000,44.22000
-0.01000,-0.01000,1.00000,0.00000,0.00000,-0.03000,1.00000,-43.16000,50.30000
-0.01000,-0.01000,1.00000,0.00000,0.00000,-0.03000,1.00000,-43.16000,50.30000
-0.01000,-0.01000,1.00000,0.00000,0.00000,-0.03000,1.00000,-43.87000,56.30000
-0.01000,-0.01000,1.00000,0.00000,0.00000,-0.03000,1.00000,-43.87000,56.30000
-0.01000,-0.01000,1.00000,0.00000,0.00000,-0.03000,1.00000,-44.02000,62.29000
-0.01000,-0.01000,1.00000,0.00000,0.00000,-0.03000,1.00000,-44.02000,62.29000
-0.01000,-0.01000,1.00000,-0.02000,0.00000,-0.03000,1.00000,-44.18000,68.28000
-0.01000,-0.01000,1.00000,0.00000,0.00000,-0.02000,1.00000,-44.18000,68.28000
-0.01000,-0.01000,1.00000,0.00000,0.00000,-0.02000,1.00000,-44.30000,74.31000
-0.01000,-0.01000,1.00000,0.00000,0.00000,-0.02000,1.00000,-44.30000,74.31000
-0.01000,-0.01000,1.00000,0.00000,0.00000,-0.02000,1.00000,-44.44000,80.31000
-0.01000,-0.01000,1.00000,0.00000,0.00000,-0.02000,1.00000,-44.44000,80.31000
-0.01000,-0.01000,1.00000,0.00000,0.00000,-0.02000,1.00000,-44.58000,86.32000
-0.01000,-0.01000,1.00000,0.00000,0.00000,-0.02000,1.00000,-44.58000,86.32000
-0.01000,-0.01000,1.00000,0.00000,0.02000,-0.02000,1.00000,-44.72000,92.32000
-0.01000,-0.01000,1.00000,0.00000,0.00000,-0.02000,1.00000,-44.72000,92.32000
-0.01000,-0.01000,1.00000,0.00000,0.00000,-0.02000,1.00000,-44.83000,98.35000
-0.01000,-0.01000,1.00000,0.00000,0.02000,-0.02000,1.00000,-44.83000,98.35000
-0.01000,-0.01000,1.00000,0.00000,0.00000,-0.02000,1.00000,-44.93000,104.08000
-0.01000,-0.01000,1.00000,0.00000,0.02000,-0.02000,1.00000,-44.93000,104.08000
-0.01000,-0.01000,0.99000,0.00000,0.52000,-0.02000,1.01000,-45.02000,110.01000
-0.01000,-0.01000,0.98000,0.00000,0.54000,0.03000,1.05000,-45.02000,110.01000
-0.00000,-0.01000,0.97000,0.00000,0.93000,0.09000,1.11000,-43.57000,109.62000
-0.00000,-0.01000,0.95000,0.00000,1.02000,0.18000,1.20000,-43.57000,109.62000
-0.00000,-0.01000,0.93000,0.00000,1.25000,0.29000,1.31000,-39.95000,108.90000
-0.00000,-0.01000,0.90000,0.00000,1.47000,0.42000,1.46000,-39.95000,108.90000
-0.00000,-0.01000,0.87000,0.00000,1.43000,0.54000,1.61000,-34.48000,108.35000
0.00000,-0.00000,0.84000,0.00000,1.62000,0.64000,1.74000,-34.48000,108.35000
0.00000,-0.00000,0.81000,0.00000,1.70000,0.73000,1.86000,-28.34000,110.67000
0.00000,-0.00000,0.78000,0.00000,1.83000,0.80000,1.95000,-28.34000,110.67000
0.00000,0.00000,0.74000,0.00000,1.97000,0.85000,2.03000,-22.21000,111.55000
0.01000,0.00000,0.71000,0.00000,2.10000,0.88000,2.09000,-22.21000,111.55000
0.01000,0.00000,0.67000,0.00000,2.16000,0.90000,2.13000,-16.40000,110.31000
0.01000,0.00000,0.63000,0.00000,2.14000,0.90000,2.17000,-16.40000,110.31000
0.01000,0.01000,0.59000,0.00000,2.10000,0.91000,2.19000,-10.89000,110.71000
0.01000,0.01000,0.55000,0.00000,2.16000,0.90000,2.20000,-10.89000,110.71000
0.02000,0.01000,0.51000,0.00000,2.18000,0.91000,2.21000,-5.44000,111.00000
0.02000,0.01000,0.47000,0.00000,2.32000,0.91000,2.21000,-5.44000,111.00000
0.02000,0.01000,0.43000,0.00000,2.39000,0.91000,2.21000,0.04000,108.88000
0.02000,0.01000,0.38000,0.00000,2.37000,0.91000,2.21000,0.04000,108.88000
0.03000,0.01000,0.34000,0.00000,2.37000,0.91000,2.21000,5.58000,107.55000
0.03000,0.01000,0.30000,0.00000,2.28000,0.92000,2.20000,5.58000,107.55000
0.03000,0.02000,0.26000,0.00000,2.22000,0.93000,2.19000,11.32000,107.61000
0.03000,0.02000,0.22000,0.00000,2.22000,0.95000,2.18000,11.32000,107.61000
0.03000,0.02000,0.18000,0.00000,2.18000,0.98000,2.15000,17.59000,107.35000
0.04000,0.02000,0.14000,0.02000,2.14000,1.01000,2.11000,17.59000,107.35000
0.04000,0.02000,0.10000,0.00000,2.14000,1.06000,2.06000,24.46000,106.80000
0.04000,0.02000,0.07000,0.02000,2.08000,1.14000,1.99000,24.46000,106.80000
0.04000,0.02000,0.03000,0.00000,2.01000,1.23000,1.90000,33.22000,104.82000
0.05000,0.02000,-0.01000,0.00000,1.99000,1.35000,1.78000,33.22000,104.82000
0.05000,0.02000,-0.04000,0.00000,1.95000,2.77000,2.80000,63.88000,118.49000
0.05000,0.02000,-0.08000,0.04000,2.08000,2.98000,2.96000,63.88000,118.49000
0.05000,0.02000,-0.12000,0.00000,2.37000,1.77000,1.36000,64.87000,100.49000
0.06000,0.02000,-0.16000,0.00000,2.22000,1.91000,1.22000,64.87000,100.49000
0.06000,0.02000,-0.19000,0.15000,1.76000,2.01000,1.12000,79.41000,90.46000
0.06000,0.02000,-0.19000,1.12000,1.25000,2.06000,1.07000,79.41000,90.46000
0.06000,0.02000,-0.17000,1.97000,0.66000,2.06000,1.06000,75.48000,97.59000
0.07000,0.01000,-0.14000,2.37000,0.73000,2.02000,1.10000,75.48000,97.59000
0.07000,0.01000,-0.11000,2.64000,0.85000,1.96000,1.16000,60.94000,105.78000
0.08000,0.01000,-0.08000,2.55000,0.95000,1.88000,1.25000,60.94000,105.78000
0.08000,0.01000,-0.06000,2.20000,1.35000,1.78000,1.34000,53.05000,107.65000
0.08000,0.01000,-0.06000,1.78000,1.60000,1.76000,1.43000,53.05000,107.65000
0.09000,0.01000,-0.06000,1.49000,1.70000,1.78000,1.47000,59.94000,102.32000
0.09000,0.01000,-0.07000,1.37000,1.66000,1.76000,1.42000,59.94000,102.32000
0.09000,0.01000,-0.07000,1.43000,1.62000,1.76000,1.38000,65.77000,99.19000
0.10000,0.01000,-0.07000,1.68000,1.41000,1.77000,1.36000,65.77000,99.19000
0.10000,0.01000,-0.06000,1.91000,1.31000,1.76000,1.38000,63.41000,101.31000
0.10000,0.01000,-0.04000,1.95000,1.31000,1.82000,1.53000,63.41000,101.31000
0.11000,0.01000,-0.03000,1.83000,1.27000,2.43000,2.26000,69.89000,115.80000
0.11000,0.01000,-0.03000,2.03000,1.60000,3.00000,2.98000,69.89000,115.80000
0.12000,0.01000,-0.02000,2.20000,1.99000,3.22000,3.21000,83.33000,131.45000
0.12000,0.01000,-0.02000,2.57000,2.49000,3.26000,3.26000,83.33000,131.45000
0.13000,0.01000,-0.02000,3.07000,2.97000,3.27000,3.27000,83.22000,128.69000
0.14000,0.01000,-0.02000,3.40000,3.17000,3.28000,3.28000,83.22000,128.69000
0.14000,0.01000,-0.01000,3.53000,3.34000,3.26000,3.27000,74.79000,122.99000
0.15000,0.01000,-0.01000,3.49000,3.26000,3.22000,3.22000,74.79000,122.99000
0.16000,0.01000,-0.00000,3.36000,3.11000,3.12000,3.13000,70.59000,120.27000
0.17000,0.01000,-0.00000,3.15000,3.05000,2.95000,2.97000,70.59000,120.27000
0.17000,0.01000,-0.00000,2.89000,3.03000,2.85000,2.87000,69.34000,118.75000
0.18000,0.01000,-0.00000,2.84000,2.91000,2.97000,2.98000,69.34000,118.75000
0.18000,0.01000,-0.01000,2.78000,2.84000,3.01000,3.02000,74.54000,122.11000
0.19000,0.01000,-0.01000,2.74000,2.93000,3.05000,3.06000,74.54000,122.11000
0.20000,0.01000,-0.01000,2.91000,3.01000,3.14000,3.15000,79.14000,124.46000
0.20000,0.01000,-0.01000,3.07000,3.01000,3.19000,3.19000,79.14000,124.46000
0.21000,0.01000,-0.01000,3.28000,3.09000,3.16000,3.16000,76.78000,124.76000
0.22000,0.01000,-0.00000,3.26000,3.13000,3.05000,3.06000,76.78000,124.76000
0.23000,0.01000,-0.00000,3.24000,3.11000,2.96000,2.97000,71.47000,120.92000
0.23000,0.01000,-0.00000,3.13000,3.01000,2.83000,2.85000,71.47000,120.92000
0.24000,0.01000,-0.00000,2.88000,2.97000,2.67000,2.70000,67.27000,117.82000
0.25000,0.01000,-0.00000,2.68000,2.84000,2.75000,2.78000,67.27000,117.82000
0.25000,0.01000,-0.01000,2.57000,2.72000,2.91000,2.93000,74.89000,121.80000
0.26000,0.01000,-0.01000,2.61000,2.76000,3.01000,3.03000,74.89000,121.80000
0.26000,0.01000,-0.01000,2.72000,2.86000,3.10000,3.11000,80.08000,126.29000
0.27000,0.01000,-0.01000,2.97000,2.93000,3.17000,3.17000,80.08000,126.29000
0.28000,0.01000,-0.01000,3.28000,3.05000,3.14000,3.15000,78.37000,126.55000
0.28000,0.01000,-0.01000,3.32000,3.22000,3.00000,3.02000,78.37000,126.55000
0.29000,0.01000,-0.01000,3.32000,3.30000,2.91000,2.93000,70.61000,120.17000
0.30000,0.01000,-0.00000,3.24000,3.15000,2.88000,2.90000,70.61000,120.17000
0.31000,0.01000,-0.01000,2.99000,3.09000,2.77000,2.80000,67.37000,117.46000
0.31000,0.01000,-0.01000,2.72000,3.01000,2.86000,2.88000,67.37000,117.46000
0.32000,0.01000,-0.02000,2.47000,2.82000,3.08000,3.09000,76.90000,121.82000
0.32000,0.01000,-0.02000,2.57000,2.78000,3.23000,3.23000,76.90000,121.82000
0.33000,0.01000,-0.02000,2.76000,2.91000,3.27000,3.27000,84.12000,128.47000
0.34000,0.01000,-0.02000,3.03000,3.03000,3.28000,3.28000,84.12000,128.47000
0.35000,0.01000,-0.02000,3.44000,3.18000,3.28000,3.28000,81.65000,127.86000
0.35000,0.01000,-0.01000,3.59000,3.26000,3.24000,3.25000,81.65000,127.86000
0.36000,0.01000,-0.01000,3.63000,3.36000,3.12000,3.13000,72.32000,123.64000
0.37000,0.01000,-0.00000,3.47000,3.28000,2.93000,2.95000,72.32000,123.64000
0.38000,0.01000,-0.00000,3.24000,3.18000,2.72000,2.75000,65.36000,116.84000
0.38000,0.01000,-0.01000,2.91000,3.07000,2.61000,2.65000,65.36000,116.84000
0.39000,0.01000,-0.01000,2.53000,2.89000,2.79000,2.81000,70.28000,117.71000
0.39000,0.01000,-0.02000,2.49000,2.74000,3.07000,3.08000,70.28000,117.71000
0.40000,0.01000,-0.02000,2.47000,2.74000,3.18000,3.19000,81.75000,126.81000
0.41000,0.01000,-0.03000,2.64000,2.91000,3.26000,3.26000,81.75000,126.81000
0.41000,0.01000,-0.03000,2.93000,3.07000,3.28000,3.28000,85.21000,128.40000
0.42000,0.01000,-0.03000,3.15000,3.15000,3.27000,3.27000,85.21000,128.40000
0.43000,0.01000,-0.03000,3.30000,3.28000,3.27000,3.26000,81.09000,126.68000
0.43000,0.01000,-0.03000,3.32000,3.34000,3.27000,3.27000,81.09000,126.68000
0.44000,0.01000,-0.03000,3.28000,3.24000,3.27000,3.26000,79.27000,124.53000
0.45000,0.01000,-0.03000,3.24000,3.20000,3.27000,3.27000,79.27000,124.53000
0.46000,0.01000,-0.03000,3.07000,3.22000,3.28000,3.27000,80.33000,126.40000
0.46000,0.01000,-0.03000,3.11000,3.17000,3.25000,3.25000,80.33000,126.40000
0.47000,0.01000,-0.03000,3.22000,3.18000,3.24000,3.23000,81.84000,126.55000
0.48000,0.01000,-0.03000,3.24000,3.22000,3.24000,3.24000,81.84000,126.55000
0.49000,0.01000,-0.03000,3.26000,3.26000,3.25000,3.24000,80.88000,126.45000
0.49000,0.01000,-0.03000,3.36000,3.22000,3.24000,3.24000,80.88000,126.45000
0.50000,0.01000,-0.02000,3.40000,3.22000,3.27000,3.27000,79.41000,126.97000
0.51000,0.01000,-0.02000,3.32000,3.28000,3.28000,3.28000,79.41000,126.97000
0.51000,0.01000,-0.02000,3.36000,3.28000,3.28000,3.28000,79.64000,126.54000
0.52000,0.01000,-0.02000,3.36000,3.20000,3.27000,3.27000,79.64000,126.54000
0.53000,0.01000,-0.02000,3.32000,3.28000,3.24000,3.24000,78.17000,127.24000
0.54000,0.00000,-0.02000,3.28000,3.32000,3.23000,3.23000,78.17000,127.24000
0.54000,0.00000,-0.02000,3.32000,3.28000,3.23000,3.24000,78.59000,125.57000
0.55000,0.00000,-0.02000,3.11000,3.28000,3.22000,3.22000,78.59000,125.57000
0.56000,0.00000,-0.03000,2.99000,3.28000,3.26000,3.26000,81.14000,126.02000
0.57000,0.00000,-0.03000,3.22000,3.30000,3.28000,3.28000,81.14000,126.02000
0.57000,0.00000,-0.03000,3.42000,3.30000,3.28000,3.27000,80.74000,125.82000
0.58000,0.00000,-0.02000,3.40000,3.32000,3.28000,3.28000,80.74000,125.82000
0.59000,0.00000,-0.02000,3.40000,3.34000,3.28000,3.28000,78.35000,125.44000
0.60000,0.00000,-0.02000,3.30000,3.28000,3.27000,3.27000,78.35000,125.44000
0.60000,0.00000,-0.02000,3.26000,3.28000,3.27000,3.27000,78.99000,125.67000
0.61000,0.00000,-0.03000,3.24000,3.36000,3.27000,3.27000,78.99000,125.67000
0.62000,0.00000,-0.03000,3.30000,3.34000,3.28000,3.28000,79.94000,124.56000
0.63000,0.00000,-0.02000,3.42000,3.26000,3.28000,3.28000,79.94000,124.56000
0.63000,0.00000,-0.02000,3.45000,3.24000,3.27000,3.27000,77.20000,125.46000
0.64000,0.00000,-0.02000,3.36000,3.24000,3.22000,3.22000,77.20000,125.46000
0.65000,0.00000,-0.02000,3.36000,3.22000,3.16000,3.17000,75.57000,124.29000
0.66000,0.00000,-0.01000,3.36000,3.24000,3.06000,3.07000,75.57000,124.29000
0.66000,0.00000,-0.01000,3.24000,3.28000,2.91000,2.93000,70.59000,120.27000
0.67000,0.00000,-0.02000,3.07000,3.26000,2.86000,2.88000,70.59000,120.27000
0.68000,0.00000,-0.02000,2.95000,3.09000,2.93000,2.94000,72.48000,118.33000
0.68000,0.00000,-0.02000,2.84000,3.05000,2.95000,2.97000,72.48000,118.33000
0.69000,0.00000,-0.03000,2.78000,2.99000,3.02000,3.03000,76.48000,120.93000
0.70000,0.00000,-0.03000,2.90000,2.92000,3.08000,3.09000,76.48000,120.93000
0.70000,0.00000,-0.02000,3.01000,2.86000,3.01000,3.02000,76.44000,122.54000
0.71000,0.00000,-0.02000,2.99000,2.93000,2.70000,2.73000,76.44000,122.54000
