0.00000,0.00000,0.00000,0.00000,0.00000,3.28000,3.28000,49.25000,49.25000
0.00000,0.00000,0.00000,0.27000,0.00000,3.28000,3.28000,49.25000,49.25000
0.00000,0.00000,0.01000,0.37000,0.00000,3.25000,3.25000,64.39000,68.49000
0.00000,0.00000,0.03000,0.83000,0.00000,3.11000,3.12000,64.39000,68.49000
0.00000,0.00000,0.05000,1.49000,0.00000,2.12000,2.33000,56.92000,74.12000
0.01000,0.00000,0.08000,1.58000,0.00000,1.35000,1.77000,56.92000,74.12000
0.01000,0.00000,0.11000,1.58000,0.00000,1.26000,1.87000,40.51000,81.21000
0.01000,0.00000,0.13000,1.22000,0.00000,1.18000,1.95000,40.51000,81.21000
0.01000,0.00000,0.14000,0.60000,0.04000,1.13000,2.00000,41.91000,94.39000
0.01000,0.00000,0.15000,0.29000,0.00000,1.11000,2.02000,41.91000,94.39000
0.01000,0.00000,0.15000,0.04000,0.00000,1.10000,2.03000,54.87000,106.84000
0.01000,0.00000,0.15000,0.08000,0.02000,1.09000,2.03000,54.87000,106.84000
0.01000,0.00000,0.16000,0.50000,0.02000,1.09000,2.03000,62.76000,118.76000
0.01000,0.00000,0.18000,1.04000,0.00000,1.08000,2.05000,62.76000,118.76000
0.01000,0.00000,0.20000,1.56000,0.27000,1.05000,2.08000,53.81000,131.83000
0.02000,0.00000,0.20000,1.49000,1.60000,1.02000,2.11000,53.81000,131.83000
0.02000,0.00000,0.18000,1.31000,2.37000,1.02000,2.11000,46.57000,120.77000
0.02000,0.00000,0.15000,1.10000,2.53000,1.04000,2.09000,46.57000,120.77000
0.03000,0.00000,0.12000,0.85000,2.53000,1.08000,2.05000,50.53000,108.91000
0.03000,0.00000,0.09000,0.71000,2.41000,1.13000,1.99000,50.53000,108.91000
0.04000,0.00000,0.07000,0.79000,2.12000,1.21000,1.92000,58.28000,105.92000
0.04000,0.01000,0.05000,1.12000,1.91000,1.28000,1.85000,58.28000,105.92000
0.04000,0.01000,0.05000,1.43000,1.74000,1.32000,1.80000,56.81000,108.70000
0.05000,0.01000,0.04000,1.51000,1.83000,1.34000,1.78000,56.81000,108.70000
0.05000,0.01000,0.04000,1.56000,1.81000,1.36000,1.76000,52.72000,108.76000
0.05000,0.01000,0.03000,1.51000,1.85000,1.39000,1.76000,52.72000,108.76000
0.06000,0.01000,0.02000,1.35000,1.95000,1.44000,1.76000,52.91000,108.06000
0.06000,0.01000,0.01000,1.22000,1.97000,1.82000,2.06000,52.91000,108.06000
0.06000,0.01000,-0.01000,1.20000,1.97000,2.90000,2.92000,78.76000,123.04000
0.07000,0.01000,-0.01000,1.87000,2.36000,3.27000,3.27000,78.76000,123.04000
0.08000,0.01000,-0.02000,2.70000,2.78000,3.24000,3.24000,84.30000,127.60000
0.08000,0.01000,-0.01000,3.36000,3.03000,3.22000,3.21000,84.30000,127.60000
0.09000,0.01000,0.00000,3.90000,3.24000,3.28000,3.28000,70.70000,123.49000
0.10000,0.01000,0.01000,3.80000,3.40000,3.14000,3.15000,70.70000,123.49000
0.11000,0.01000,0.01000,3.53000,3.38000,2.86000,2.88000,57.33000,113.36000
0.11000,0.01000,0.01000,3.13000,3.17000,2.68000,2.71000,57.33000,113.36000
0.12000,0.01000,0.00000,2.59000,2.99000,2.72000,2.75000,59.55000,111.67000
0.13000,0.01000,-0.01000,2.26000,2.82000,3.06000,3.07000,59.55000,111.67000
0.13000,0.01000,-0.01000,2.16000,2.61000,3.27000,3.27000,78.36000,122.21000
0.14000,0.01000,-0.02000,2.57000,2.74000,3.25000,3.25000,78.36000,122.21000
0.14000,0.01000,-0.02000,3.11000,3.01000,3.21000,3.20000,78.83000,125.13000
0.15000,0.01000,-0.01000,3.44000,3.22000,3.24000,3.23000,78.83000,125.13000
0.16000,0.01000,-0.00000,3.74000,3.34000,3.28000,3.27000,70.59000,121.84000
0.17000,0.01000,-0.00000,3.57000,3.40000,3.25000,3.25000,70.59000,121.84000
0.17000,0.01000,-0.00000,3.30000,3.45000,3.20000,3.21000,66.57000,118.35000
0.18000,0.01000,-0.01000,3.13000,3.30000,3.24000,3.24000,66.57000,118.35000
0.19000,0.01000,-0.01000,3.03000,3.22000,3.27000,3.27000,71.97000,119.74000
0.20000,0.01000,-0.01000,3.01000,3.24000,3.28000,3.28000,71.97000,119.74000
0.20000,0.01000,-0.02000,3.13000,3.24000,3.25000,3.25000,74.37000,120.15000
0.21000,0.01000,-0.01000,3.40000,3.18000,3.23000,3.22000,74.37000,120.15000
0.22000,0.00000,-0.01000,3.53000,3.22000,3.27000,3.27000,70.21000,121.47000
0.22000,0.00000,-0.00000,3.44000,3.32000,3.27000,3.27000,70.21000,121.47000
0.23000,0.00000,-0.00000,3.38000,3.30000,3.25000,3.25000,68.42000,119.57000
0.24000,0.00000,-0.00000,3.30000,3.26000,3.22000,3.23000,68.42000,119.57000
0.25000,0.00000,-0.00000,3.20000,3.30000,3.21000,3.22000,68.86000,119.55000
0.25000,0.00000,-0.01000,3.07000,3.26000,3.24000,3.24000,68.86000,119.55000
0.26000,0.00000,-0.01000,3.11000,3.13000,3.27000,3.27000,72.70000,120.19000
0.27000,0.00000,-0.01000,3.17000,3.20000,3.27000,3.28000,72.70000,120.19000
0.28000,0.00000,-0.01000,3.26000,3.24000,3.28000,3.28000,72.41000,121.27000
0.28000,0.00000,-0.01000,3.40000,3.26000,3.27000,3.28000,72.41000,121.27000
0.29000,0.00000,-0.00000,3.51000,3.32000,3.25000,3.25000,69.18000,120.45000
0.30000,0.00000,-0.00000,3.44000,3.49000,3.19000,3.20000,69.18000,120.45000
0.31000,0.00000,-0.01000,3.34000,3.51000,3.21000,3.21000,66.99000,116.39000
0.31000,0.00000,-0.01000,3.30000,3.42000,3.25000,3.25000,66.99000,116.39000
0.32000,0.00000,-0.01000,3.18000,3.34000,3.27000,3.27000,68.72000,116.60000
0.33000,0.00000,-0.02000,3.11000,3.36000,3.28000,3.28000,68.72000,116.60000
0.34000,0.00000,-0.02000,3.11000,3.26000,3.25000,3.25000,71.08000,116.28000
0.34000,0.00000,-0.02000,3.30000,3.22000,3.21000,3.21000,71.08000,116.28000
0.35000,0.00000,-0.01000,3.34000,3.22000,3.24000,3.23000,68.87000,117.52000
0.36000,0.00000,-0.01000,3.30000,3.24000,3.26000,3.26000,68.87000,117.52000
0.36000,0.00000,-0.01000,3.26000,3.22000,3.27000,3.27000,69.00000,117.85000
0.37000,0.00000,-0.01000,3.17000,3.24000,3.28000,3.27000,69.00000,117.85000
0.38000,0.00000,-0.02000,3.13000,3.28000,3.27000,3.26000,70.64000,117.97000
0.39000,0.00000,-0.02000,3.20000,3.22000,3.24000,3.23000,70.64000,117.97000
0.39000,0.00000,-0.01000,3.28000,3.18000,3.23000,3.22000,70.32000,117.85000
0.40000,0.00000,-0.01000,3.24000,3.22000,3.25000,3.25000,70.32000,117.85000
0.41000,0.00000,-0.01000,3.24000,3.24000,3.25000,3.25000,70.29000,118.31000
0.42000,0.00000,-0.01000,3.24000,3.20000,3.25000,3.25000,70.29000,118.31000
0.42000,0.00000,-0.02000,3.15000,3.26000,3.26000,3.26000,70.48000,118.92000
0.43000,0.00000,-0.02000,3.07000,3.34000,3.24000,3.23000,70.48000,118.92000
0.44000,0.00000,-0.02000,3.11000,3.30000,3.14000,3.13000,71.24000,115.17000
0.44000,0.00000,-0.02000,3.26000,3.22000,3.02000,3.00000,71.24000,115.17000
0.45000,0.00000,-0.02000,3.30000,3.20000,3.03000,3.02000,67.27000,114.13000
0.46000,0.00000,-0.02000,3.17000,3.17000,3.08000,3.07000,67.27000,114.13000
0.47000,0.00000,-0.02000,3.09000,3.03000,3.07000,3.06000,67.79000,114.21000
0.47000,0.00000,-0.02000,2.99000,2.97000,3.10000,3.09000,67.79000,114.21000
0.48000,0.00000,-0.02000,2.91000,3.03000,3.10000,3.09000,70.38000,117.06000
0.49000,0.00000,-0.02000,2.88000,3.01000,3.01000,3.00000,70.38000,117.06000
0.49000,0.00000,-0.03000,2.93000,3.09000,2.89000,2.87000,69.51000,113.93000
0.50000,0.00000,-0.03000,2.99000,3.09000,2.69000,2.66000,69.51000,113.93000
0.51000,0.00000,-0.03000,3.07000,3.03000,2.52000,2.45000,62.42000,105.54000
0.51000,0.00000,-0.03000,2.95000,2.78000,2.52000,2.46000,62.42000,105.54000
0.52000,0.00000,-0.02000,2.70000,2.45000,2.68000,2.65000,62.68000,109.34000
0.52000,0.00000,-0.02000,2.57000,2.49000,2.91000,2.89000,62.68000,109.34000
0.53000,0.00000,-0.02000,2.47000,2.45000,2.96000,2.94000,70.79000,117.26000
0.53000,0.00000,-0.02000,2.68000,2.61000,2.95000,2.94000,70.79000,117.26000
0.54000,0.00000,-0.02000,2.91000,2.91000,2.98000,2.97000,71.91000,118.48000
0.55000,0.00000,-0.02000,2.99000,3.03000,2.96000,2.94000,71.91000,118.48000
0.56000,0.00000,-0.02000,3.15000,3.05000,2.89000,2.87000,67.77000,113.00000
0.56000,-0.00000,-0.01000,3.15000,3.01000,2.95000,2.93000,67.77000,113.00000
0.57000,-0.00000,-0.01000,3.01000,2.99000,3.03000,3.02000,66.75000,114.52000
0.58000,-0.00000,-0.01000,2.86000,2.90000,3.02000,3.01000,66.75000,114.52000
0.58000,-0.00000,-0.01000,2.82000,2.82000,2.97000,2.95000,69.44000,115.15000
0.59000,-0.00000,-0.02000,2.82000,2.88000,2.94000,2.92000,69.44000,115.15000
0.59000,-0.00000,-0.02000,2.84000,2.97000,2.85000,2.82000,68.85000,113.80000
0.60000,-0.00000,-0.02000,2.99000,2.91000,2.65000,2.62000,68.85000,113.80000
0.61000,-0.00000,-0.01000,3.07000,2.82000,2.68000,2.65000,64.05000,110.50000
0.61000,-0.00000,-0.01000,2.86000,2.82000,2.88000,2.86000,64.05000,110.50000
0.62000,-0.00000,-0.01000,2.78000,2.70000,2.87000,2.85000,66.89000,113.20000
0.63000,-0.00000,-0.01000,2.80000,2.61000,2.89000,2.87000,66.89000,113.20000
0.63000,-0.00000,-0.00000,2.82000,2.72000,3.00000,2.99000,69.83000,118.54000
0.64000,-0.00000,-0.00000,2.84000,2.88000,3.04000,3.02000,69.83000,118.54000
0.65000,-0.00000,-0.00000,3.07000,2.97000,2.97000,2.95000,69.91000,116.22000
0.65000,-0.00000,-0.00000,3.11000,3.01000,2.99000,2.98000,69.91000,116.22000
0.66000,-0.00000,-0.00000,3.11000,3.11000,3.02000,3.00000,67.33000,115.49000
0.67000,-0.00000,-0.00000,3.03000,3.05000,2.96000,2.94000,67.33000,115.49000
0.67000,-0.00000,-0.00000,2.99000,2.97000,2.86000,2.84000,65.63000,112.35000
0.68000,-0.00000,-0.00000,2.91000,2.95000,2.76000,2.73000,65.63000,112.35000
0.69000,-0.00000,-0.00000,2.74000,2.91000,2.54000,2.49000,61.74000,107.48000
0.69000,-0.00000,-0.01000,2.59000,2.70000,2.13000,1.90000,61.74000,107.48000
0.70000,-0.00000,-0.01000,2.47000,2.49000,1.85000,1.56000,53.78000,94.52000
0.70000,-0.00000,-0.01000,2.18000,2.18000,1.76000,1.43000,53.78000,94.52000
0.71000,-0.00000,-0.01000,1.76000,1.72000,1.76000,1.38000,54.19000,92.72000
0.71000,-0.00000,-0.00000,1.62000,1.41000,1.78000,1.35000,54.19000,92.72000
0.71000,-0.00000,0.00000,1.58000,1.16000,0.24000,-0.24000,37.26000,75.13000
0.71000,-0.00000,0.01000,1.04000,0.64000,0.26000,-0.26000,37.26000,75.13000
0.72000,-0.00000,0.01000,0.42000,0.29000,0.27000,-0.28000,38.24000,76.14000
0.72000,-0.00000,0.01000,0.00000,0.02000,0.28000,-0.29000,38.24000,76.14000
0.72000,-0.00000,0.01000,0.00000,0.00000,0.28000,-0.29000,49.31000,79.84000
0.72000,-0.00000,0.02000,0.25000,0.00000,0.28000,-0.29000,49.31000,79.84000
0.72000,-0.00000,0.03000,0.42000,0.00000,0.29000,-0.30000,47.37000,78.18000
0.72000,-0.00000,0.03000,0.46000,0.02000,0.30000,-0.31000,47.37000,78.18000
0.72000,-0.00000,0.04000,0.46000,0.00000,0.31000,-0.32000,44.88000,75.67000
0.72000,-0.00000,0.05000,0.46000,0.00000,0.33000,-0.34000,44.88000,75.67000
0.72000,-0.00000,0.06000,0.37000,0.00000,0.34000,-0.35000,44.43000,73.46000
0.72000,-0.00000,0.06000,0.33000,0.00000,0.35000,-0.37000,44.43000,73.46000
0.72000,-0.00000,0.07000,0.29000,0.00000,0.36000,-0.38000,45.90000,70.99000
0.72000,-0.00000,0.07000,0.29000,0.00000,0.37000,-0.39000,45.90000,70.99000
0.72000,-0.00000,0.08000,0.33000,0.00000,0.38000,-0.40000,46.92000,68.45000
0.72000,-0.00000,0.09000,0.37000,0.00000,0.38000,-0.41000,46.92000,68.45000
0.72000,-0.00000,0.09000,0.37000,0.00000,0.39000,-0.42000,46.44000,65.75000
0.72000,-0.00000,0.10000,0.35000,0.00000,0.40000,-0.43000,46.44000,65.75000
0.72000,-0.00000,0.11000,0.39000,0.00000,0.41000,-0.44000,47.11000,62.93000
0.72000,-0.00000,0.11000,0.42000,0.00000,0.42000,-0.45000,47.11000,62.93000
0.72000,-0.00000,0.12000,0.54000,0.00000,0.42000,-0.46000,46.73000,59.96000
0.72000,-0.00000,0.13000,0.56000,0.00000,0.43000,-0.48000,46.73000,59.96000
0.72000,-0.00000,0.14000,0.56000,0.00000,0.44000,-0.49000,44.82000,56.76000
0.72000,-0.00000,0.15000,0.50000,0.00000,0.44000,-0.50000,44.82000,56.76000
0.72000,-0.00000,0.16000,0.42000,0.00000,0.45000,-0.52000,45.15000,53.42000
0.72000,-0.00000,0.17000,0.29000,0.00000,0.45000,-0.53000,45.15000,53.42000
0.73000,-0.00000,0.17000,0.29000,0.00000,0.45000,-0.53000,47.99000,50.08000
0.73000,-0.00000,0.18000,0.37000,0.00000,0.45000,-0.54000,47.99000,50.08000
0.73000,-0.00000,0.19000,0.46000,0.00000,0.45000,-0.55000,47.68000,46.64000
0.73000,-0.00000,0.20000,0.58000,0.00000,0.45000,-0.56000,47.68000,46.64000
0.73000,-0.00000,0.21000,0.52000,0.00000,0.44000,-0.57000,44.90000,42.97000
0.73000,0.00000,0.21000,0.48000,0.00000,0.43000,-0.59000,44.90000,42.97000
0.73000,0.00000,0.22000,0.42000,0.00000,0.43000,-0.60000,45.39000,39.12000
0.73000,0.00000,0.23000,0.37000,0.00000,0.42000,-0.61000,45.39000,39.12000
0.73000,0.00000,0.23000,0.29000,0.00000,0.41000,-0.63000,46.37000,35.15000
0.73000,0.00000,0.24000,0.39000,0.00000,0.40000,-0.63000,46.37000,35.15000
0.73000,0.00000,0.25000,0.42000,0.00000,0.39000,-0.65000,45.96000,31.05000
0.73000,0.00000,0.26000,0.39000,0.00000,0.37000,-0.66000,45.96000,31.05000
0.73000,0.00000,0.26000,0.44000,0.00000,0.36000,-0.68000,45.49000,26.70000
0.73000,0.00000,0.27000,0.44000,0.00000,0.34000,-0.70000,45.49000,26.70000
0.73000,0.00000,0.28000,0.44000,0.00000,0.32000,-0.72000,44.06000,22.03000
0.73000,0.00000,0.29000,0.44000,0.00000,0.30000,-0.74000,44.06000,22.03000
0.73000,0.00000,0.30000,0.44000,0.00000,0.27000,-0.77000,42.61000,16.99000
0.73000,0.00000,0.30000,0.35000,0.00000,0.24000,-0.79000,42.61000,16.99000
0.73000,0.00000,0.30000,0.17000,0.00000,0.22000,-0.82000,42.05000,11.62000
0.73000,0.00000,0.30000,0.00000,0.00000,0.20000,-0.83000,42.05000,11.62000
0.73000,0.00000,0.31000,0.04000,0.00000,0.20000,-0.83000,46.33000,6.52000
0.73000,0.00000,0.31000,0.31000,0.00000,0.20000,-0.83000,46.33000,6.52000
0.73000,0.00000,0.32000,0.44000,0.00000,0.18000,-0.86000,42.46000,1.14000
0.73000,0.00000,0.33000,0.37000,0.00000,0.14000,-0.89000,42.46000,1.14000
0.73000,0.00000,0.33000,0.29000,0.00000,0.11000,-0.92000,39.67000,-4.99000
0.73000,0.00000,0.33000,0.21000,0.00000,0.08000,-0.95000,39.67000,-4.99000
0.73000,0.00000,0.33000,0.00000,0.00000,0.06000,-0.97000,39.82000,-11.21000
0.73000,0.00000,0.33000,0.00000,0.00000,0.06000,-0.97000,39.82000,-11.21000
0.73000,0.00000,0.33000,0.00000,0.00000,0.06000,-0.97000,42.04000,-17.02000
0.73000,0.00000,0.33000,0.00000,0.00000,0.06000,-0.97000,42.04000,-17.02000
0.73000,0.00000,0.33000,0.00000,0.00000,0.06000,-0.97000,42.38000,-22.84000
0.73000,0.00000,0.33000,0.00000,0.00000,0.06000,-0.97000,42.38000,-22.84000
0.73000,0.00000,0.33000,0.00000,0.00000,0.06000,-0.97000,42.72000,-28.65000
0.73000,0.00000,0.33000,0.00000,0.00000,0.06000,-0.97000,42.72000,-28.65000
0.73000,0.00000,0.33000,0.00000,0.00000,0.06000,-0.97000,43.07000,-34.46000
0.73000,0.00000,0.33000,0.00000,0.00000,0.06000,-0.97000,43.07000,-34.46000
0.73000,0.00000,0.33000,0.00000,0.00000,0.06000,-0.97000,43.41000,-40.28000
0.73000,0.00000,0.33000,0.00000,0.00000,0.06000,-0.97000,43.41000,-40.28000
0.73000,0.00000,0.33000,0.00000,0.00000,0.06000,-0.97000,43.75000,-46.09000
0.73000,0.00000,0.33000,0.00000,0.00000,0.06000,-0.97000,43.75000,-46.09000
0.73000,0.00000,0.33000,0.00000,0.00000,0.06000,-0.97000,44.10000,-51.90000
0.73000,0.00000,0.33000,0.00000,0.00000,0.06000,-0.97000,44.10000,-51.90000
0.73000,0.00000,0.33000,0.00000,0.00000,0.06000,-0.97000,44.44000,-57.71000
0.73000,0.00000,0.33000,0.00000,0.00000,0.06000,-0.97000,44.44000,-57.71000
0.73000,0.00000,0.33000,0.00000,0.00000,0.06000,-0.97000,44.78000,-63.53000
0.73000,0.00000,0.34000,0.04000,0.00000,0.06000,-0.97000,44.78000,-63.53000
0.74000,0.00000,0.34000,0.12000,0.00000,0.05000,-0.97000,44.44000,-69.40000
0.74000,0.00000,0.34000,0.00000,0.00000,0.04000,-0.98000,44.44000,-69.40000
0.74000,0.00000,0.34000,0.00000,0.00000,0.04000,-0.98000,44.94000,-75.42000
0.74000,0.00000,0.34000,0.10000,0.00000,0.04000,-0.98000,44.94000,-75.42000
0.74000,0.00000,0.34000,0.06000,0.00000,0.03000,-1.00000,43.46000,-81.48000
0.74000,0.00000,0.34000,0.00000,0.00000,0.02000,-1.00000,43.46000,-81.48000
0.74000,0.00000,0.34000,0.00000,0.00000,0.02000,-1.00000,44.48000,-87.54000
0.74000,0.00000,0.34000,0.17000,0.00000,0.02000,-1.00000,44.48000,-87.54000
0.74000,0.00000,0.35000,0.17000,0.00000,0.01000,-1.02000,41.86000,-93.80000
0.74000,0.00000,0.35000,0.00000,-0.02000,-0.01000,-1.04000,41.86000,-93.80000
0.74000,0.00000,0.35000,0.08000,0.00000,-0.02000,-1.04000,43.08000,-99.89000
0.74000,0.00000,0.35000,0.08000,0.00000,-0.02000,-1.05000,43.08000,-99.89000
0.74000,0.00000,0.35000,0.00000,0.00000,-0.03000,-1.06000,41.45000,-106.58000
0.74000,0.00000,0.35000,0.00000,-0.02000,-0.03000,-1.06000,41.45000,-106.58000
0.74000,0.00000,0.35000,0.00000,0.00000,-0.04000,-1.06000,41.96000,-112.63000
0.74000,0.00000,0.35000,0.00000,-0.08000,-0.04000,-1.06000,41.96000,-112.63000
0.73000,0.00000,0.37000,0.00000,-0.81000,-0.04000,-1.07000,41.62000,-118.03000
0.73000,0.00000,0.39000,0.00000,-1.49000,-0.13000,-1.14000,41.62000,-118.03000
0.73000,0.00000,0.43000,0.00000,-2.08000,-0.28000,-1.29000,37.81000,-106.18000
0.73000,-0.00000,0.47000,0.00000,-1.97000,-0.47000,-1.53000,37.81000,-106.18000
0.73000,-0.00000,0.50000,0.00000,-1.87000,-0.62000,-1.71000,31.06000,-104.04000
0.73000,-0.00000,0.53000,0.00000,-1.89000,-0.73000,-1.85000,31.06000,-104.04000
0.72000,-0.00000,0.57000,0.00000,-1.87000,-0.80000,-1.95000,24.61000,-107.33000
0.72000,-0.00000,0.60000,0.00000,-1.93000,-0.85000,-2.03000,24.61000,-107.33000
0.72000,-0.01000,0.64000,0.00000,-2.05000,-0.88000,-2.08000,18.64000,-109.10000
0.72000,-0.01000,0.68000,0.00000,-2.20000,-0.90000,-2.13000,18.64000,-109.10000
0.72000,-0.01000,0.72000,0.00000,-2.30000,-0.90000,-2.16000,13.02000,-107.14000
0.71000,-0.01000,0.76000,0.00000,-2.34000,-0.91000,-2.19000,13.02000,-107.14000
0.71000,-0.01000,0.81000,0.00000,-2.32000,-0.90000,-2.20000,7.57000,-105.31000
0.71000,-0.01000,0.85000,0.00000,-2.28000,-0.91000,-2.21000,7.57000,-105.31000
0.71000,-0.02000,0.89000,0.00000,-2.24000,-0.91000,-2.21000,2.10000,-105.54000
0.71000,-0.02000,0.93000,0.00000,-2.28000,-0.91000,-2.21000,2.10000,-105.54000
0.71000,-0.02000,0.97000,0.00000,-2.22000,-0.91000,-2.21000,-3.37000,-105.16000
0.70000,-0.02000,1.01000,0.00000,-2.20000,-0.91000,-2.21000,-3.37000,-105.16000
0.70000,-0.02000,1.05000,0.00000,-2.22000,-0.91000,-2.21000,-8.89000,-105.96000
0.70000,-0.03000,1.09000,0.00000,-2.18000,-0.92000,-2.21000,-8.89000,-105.96000
0.70000,-0.03000,1.13000,0.00000,-2.18000,-0.93000,-2.20000,-14.57000,-106.15000
0.70000,-0.03000,1.17000,0.00000,-2.20000,-0.94000,-2.19000,-14.57000,-106.15000
0.70000,-0.03000,1.21000,0.00000,-2.24000,-0.95000,-2.17000,-20.50000,-105.56000
0.70000,-0.04000,1.25000,-0.02000,-2.26000,-0.97000,-2.16000,-20.50000,-105.56000
0.70000,-0.04000,1.29000,0.00000,-2.22000,-0.99000,-2.14000,-26.44000,-103.96000
0.70000,-0.04000,1.33000,0.00000,-2.14000,-1.00000,-2.12000,-26.44000,-103.96000
0.70000,-0.04000,1.37000,-0.02000,-2.08000,-1.02000,-2.11000,-33.00000,-104.60000
0.69000,-0.04000,1.40000,0.00000,-2.03000,-2.57000,-2.65000,-33.00000,-104.60000
0.69000,-0.05000,1.44000,0.00000,-2.01000,-3.04000,-3.00000,-69.39000,-119.32000
0.69000,-0.05000,1.48000,-0.10000,-2.39000,-2.11000,-1.02000,-69.39000,-119.32000
0.69000,-0.05000,1.51000,-0.85000,-2.76000,-2.12000,-1.01000,-72.32000,-89.96000
0.69000,-0.06000,1.52000,-1.66000,-2.20000,-2.13000,-0.99000,-72.32000,-89.96000
0.69000,-0.06000,1.51000,-2.22000,-1.33000,-2.14000,-0.99000,-61.38000,-84.19000
0.69000,-0.07000,1.48000,-2.30000,-0.87000,-2.13000,-0.99000,-61.38000,-84.19000
0.69000,-0.07000,1.44000,-2.14000,-0.06000,-2.12000,-1.00000,-54.35000,-97.07000
0.69000,-0.07000,1.41000,-1.93000,-0.08000,-2.11000,-1.02000,-54.35000,-97.07000
0.69000,-0.07000,1.38000,-1.58000,-0.06000,-2.29000,-1.77000,-61.33000,-121.20000
0.69000,-0.08000,1.38000,-1.54000,-1.43000,-3.29000,-3.26000,-61.33000,-121.20000
0.69000,-0.08000,1.39000,-1.66000,-2.36000,-3.30000,-3.27000,-84.52000,-133.60000
0.69000,-0.09000,1.41000,-2.28000,-3.09000,-3.10000,-3.06000,-84.52000,-133.60000
0.69000,-0.09000,1.42000,-2.95000,-3.71000,-2.35000,-1.95000,-69.68000,-99.88000
0.69000,-0.10000,1.42000,-3.20000,-3.26000,-2.11000,-1.07000,-69.68000,-99.88000
0.69000,-0.11000,1.41000,-3.20000,-2.32000,-2.11000,-1.05000,-52.76000,-77.12000
0.69000,-0.11000,1.38000,-2.78000,-1.41000,-2.30000,-1.81000,-52.76000,-77.12000
0.69000,-0.11000,1.35000,-2.14000,-0.17000,-3.27000,-3.24000,-69.90000,-124.45000
0.68000,-0.12000,1.33000,-2.14000,-1.02000,-1.56000,-2.22000,-69.90000,-124.45000
0.68000,-0.12000,1.32000,-2.43000,-2.16000,-1.02000,-2.11000,-48.79000,-124.29000
0.68000,-0.13000,1.34000,-2.07000,-2.88000,-1.02000,-2.11000,-48.79000,-124.29000
0.68000,-0.13000,1.37000,-1.45000,-3.24000,-1.06000,-2.11000,-43.52000,-102.85000
0.68000,-0.14000,1.41000,-1.02000,-2.99000,-3.09000,-3.12000,-43.52000,-102.85000
0.68000,-0.14000,1.44000,-0.60000,-2.53000,-2.55000,-2.43000,-75.69000,-101.42000
0.68000,-0.14000,1.46000,-1.14000,-2.16000,-2.11000,-1.02000,-75.69000,-101.42000
0.68000,-0.15000,1.45000,-2.16000,-1.85000,-2.11000,-1.01000,-76.48000,-89.26000
0.68000,-0.15000,1.43000,-2.78000,-1.29000,-2.11000,-1.01000,-76.48000,-89.26000
0.68000,-0.16000,1.39000,-3.11000,-0.91000,-2.11000,-1.03000,-57.60000,-95.81000
0.68000,-0.16000,1.35000,-2.86000,-0.81000,-3.22000,-3.19000,-57.60000,-95.81000
0.68000,-0.17000,1.32000,-2.45000,-0.71000,-1.75000,-2.28000,-47.02000,-120.16000
0.67000,-0.17000,1.31000,-1.83000,-1.58000,-1.02000,-2.11000,-47.02000,-120.16000
0.67000,-0.17000,1.33000,-1.22000,-2.39000,-1.01000,-2.11000,-44.84000,-114.89000
0.67000,-0.18000,1.37000,-0.75000,-2.64000,-1.04000,-2.11000,-44.84000,-114.89000
0.67000,-0.18000,1.41000,-0.44000,-2.66000,-3.07000,-3.11000,-87.04000,-117.20000
0.67000,-0.18000,1.43000,-1.35000,-2.78000,-2.35000,-1.95000,-87.04000,-117.20000
0.67000,-0.19000,1.44000,-2.68000,-2.74000,-2.11000,-1.02000,-77.46000,-86.56000
0.67000,-0.20000,1.41000,-3.28000,-2.03000,-2.11000,-1.02000,-77.46000,-86.56000
0.67000,-0.20000,1.37000,-3.53000,-1.12000,-2.16000,-1.32000,-53.86000,-91.62000
0.67000,-0.21000,1.33000,-3.01000,-0.58000,-3.18000,-3.21000,-53.86000,-91.62000
0.67000,-0.21000,1.30000,-2.28000,-0.77000,-1.02000,-2.11000,-34.13000,-120.94000
0.67000,-0.21000,1.30000,-1.35000,-1.18000,-1.01000,-2.12000,-34.13000,-120.94000
0.67000,-0.21000,1.33000,-0.31000,-2.28000,-1.01000,-2.12000,-46.91000,-121.24000
0.66000,-0.22000,1.38000,-0.12000,-2.82000,-1.03000,-2.11000,-46.91000,-121.24000
0.66000,-0.22000,1.43000,-0.02000,-3.05000,-3.27000,-3.29000,-97.12000,-119.90000
0.66000,-0.23000,1.47000,-1.26000,-3.13000,-2.11000,-1.02000,-97.12000,-119.90000
0.66000,-0.23000,1.47000,-2.99000,-3.11000,-2.12000,-1.01000,-81.65000,-83.81000
0.66000,-0.24000,1.44000,-3.71000,-2.28000,-2.12000,-1.01000,-81.65000,-83.81000
0.66000,-0.24000,1.39000,-4.01000,-1.12000,-2.11000,-1.01000,-49.89000,-83.88000
0.66000,-0.25000,1.34000,-3.42000,-0.44000,-2.86000,-2.80000,-49.89000,-83.88000
0.66000,-0.25000,1.30000,-2.35000,-0.44000,-1.28000,-2.15000,-32.17000,-121.03000
0.66000,-0.25000,1.28000,-1.33000,0.00000,-1.01000,-2.11000,-32.17000,-121.03000
0.66000,-0.25000,1.27000,-0.31000,-0.02000,-1.00000,-2.12000,-46.61000,-137.42000
0.66000,-0.25000,1.29000,0.00000,-0.73000,-1.00000,-2.12000,-46.61000,-137.42000
0.66000,-0.26000,1.33000,0.00000,-2.55000,-1.01000,-2.12000,-64.65000,-139.22000
0.66000,-0.26000,1.40000,-0.04000,-3.59000,-1.07000,-2.11000,-64.65000,-139.22000
0.66000,-0.27000,1.47000,-0.04000,-4.21000,-2.69000,-2.61000,-95.25000,-111.97000
0.66000,-0.27000,1.52000,-1.53000,-3.88000,-2.12000,-1.00000,-95.25000,-111.97000
0.66000,-0.28000,1.52000,-3.15000,-3.17000,-2.14000,-0.98000,-80.55000,-77.39000
0.66000,-0.29000,1.48000,-3.84000,-2.03000,-2.14000,-0.98000,-80.55000,-77.39000
0.65000,-0.29000,1.43000,-3.96000,-0.81000,-2.13000,-0.99000,-49.46000,-87.83000
0.65000,-0.29000,1.37000,-3.32000,-0.08000,-2.11000,-1.01000,-49.46000,-87.83000
0.65000,-0.30000,1.32000,-2.43000,0.00000,-3.23000,-3.20000,-63.46000,-143.97000
0.65000,-0.30000,1.32000,-1.97000,-1.58000,-1.22000,-2.14000,-63.46000,-143.97000
0.65000,-0.31000,1.34000,-1.91000,-3.42000,-1.05000,-2.11000,-50.48000,-123.87000
0.65000,-0.31000,1.38000,-1.66000,-3.88000,-2.82000,-2.88000,-50.48000,-123.87000
0.65000,-0.32000,1.43000,-1.31000,-3.90000,-2.70000,-2.62000,-74.35000,-100.22000
0.65000,-0.32000,1.46000,-1.60000,-3.36000,-2.11000,-1.01000,-74.35000,-100.22000
0.65000,-0.33000,1.47000,-2.32000,-2.66000,-2.12000,-1.00000,-72.90000,-76.14000
0.65000,-0.34000,1.45000,-2.82000,-1.58000,-2.13000,-1.00000,-72.90000,-76.14000
0.65000,-0.34000,1.40000,-3.11000,-0.41000,-2.12000,-1.01000,-57.65000,-88.81000
0.65000,-0.34000,1.35000,-2.86000,-0.04000,-2.11000,-1.04000,-57.65000,-88.81000
0.65000,-0.34000,1.30000,-2.41000,-0.04000,-3.25000,-3.28000,-69.73000,-142.46000
0.64000,-0.35000,1.29000,-2.36000,-1.68000,-1.04000,-2.11000,-69.73000,-142.46000
0.64000,-0.36000,1.31000,-2.43000,-3.44000,-1.02000,-2.11000,-46.06000,-119.77000
0.64000,-0.36000,1.34000,-2.01000,-3.88000,-1.05000,-2.11000,-46.06000,-119.77000
0.64000,-0.37000,1.39000,-1.41000,-3.73000,-3.06000,-3.09000,-73.87000,-104.13000
0.64000,-0.37000,1.41000,-1.70000,-3.28000,-2.31000,-1.84000,-73.87000,-104.13000
0.64000,-0.38000,1.42000,-2.37000,-2.78000,-2.11000,-1.02000,-70.54000,-77.30000
0.64000,-0.38000,1.41000,-2.72000,-1.78000,-2.11000,-1.01000,-70.54000,-77.30000
0.64000,-0.39000,1.36000,-3.01000,-0.39000,-2.11000,-1.02000,-57.70000,-86.18000
0.64000,-0.39000,1.32000,-2.82000,-0.46000,-3.20000,-3.17000,-57.70000,-86.18000
0.63000,-0.39000,1.28000,-2.39000,-0.37000,-1.37000,-2.17000,-41.48000,-118.81000
0.63000,-0.40000,1.26000,-1.72000,-0.52000,-1.01000,-2.11000,-41.48000,-118.81000
0.63000,-0.40000,1.27000,-0.91000,-1.87000,-1.01000,-2.12000,-43.77000,-127.40000
0.63000,-0.40000,1.32000,-0.41000,-2.82000,-1.01000,-2.12000,-43.77000,-127.40000
0.63000,-0.41000,1.38000,-0.04000,-3.40000,-1.12000,-2.12000,-60.87000,-102.46000
0.63000,-0.41000,1.43000,-0.42000,-3.18000,-2.78000,-2.71000,-60.87000,-102.46000
0.63000,-0.41000,1.46000,-0.98000,-2.66000,-2.11000,-1.01000,-79.90000,-76.32000
0.63000,-0.42000,1.46000,-1.76000,-1.68000,-2.12000,-1.00000,-79.90000,-76.32000
0.63000,-0.42000,1.42000,-2.78000,-0.73000,-2.13000,-1.00000,-70.08000,-85.55000
0.63000,-0.43000,1.36000,-3.11000,-0.04000,-2.11000,-1.01000,-70.08000,-85.55000
0.63000,-0.43000,1.31000,-3.11000,-0.02000,-2.55000,-2.43000,-58.42000,-127.59000
0.63000,-0.43000,1.26000,-2.82000,0.00000,-1.55000,-2.22000,-58.42000,-127.59000
0.63000,-0.44000,1.21000,-2.43000,-0.02000,-1.01000,-2.12000,-36.26000,-137.81000
0.62000,-0.44000,1.20000,-1.60000,-0.97000,-0.99000,-2.14000,-36.26000,-137.81000
0.62000,-0.44000,1.24000,-0.62000,-2.90000,-0.98000,-2.14000,-43.35000,-136.29000
0.62000,-0.45000,1.31000,-0.17000,-3.92000,-0.99000,-2.13000,-43.35000,-136.29000
0.62000,-0.45000,1.39000,-0.10000,-4.52000,-1.02000,-2.11000,-61.68000,-98.55000
0.62000,-0.46000,1.46000,-0.02000,-3.94000,-2.92000,-2.88000,-61.68000,-98.55000
0.62000,-0.46000,1.51000,-0.31000,-2.93000,-2.12000,-1.01000,-85.49000,-70.84000
0.62000,-0.46000,1.51000,-1.76000,-1.62000,-2.14000,-0.98000,-85.49000,-70.84000
0.62000,-0.47000,1.45000,-3.09000,-0.12000,-2.15000,-0.98000,-72.35000,-87.67000
0.62000,-0.47000,1.39000,-3.53000,-0.04000,-2.13000,-0.99000,-72.35000,-87.67000
0.62000,-0.47000,1.33000,-3.59000,-0.08000,-2.11000,-1.01000,-47.63000,-108.00000
0.62000,-0.48000,1.27000,-2.99000,-0.02000,-3.05000,-3.01000,-47.63000,-108.00000
0.62000,-0.48000,1.25000,-2.12000,-0.98000,-3.01000,-3.05000,-60.76000,-144.72000
0.61000,-0.49000,1.27000,-1.80000,-2.55000,-1.29000,-2.15000,-60.76000,-144.72000
0.61000,-0.49000,1.30000,-1.85000,-3.94000,-2.58000,-2.67000,-72.22000,-119.16000
0.61000,-0.50000,1.34000,-2.16000,-4.17000,-2.99000,-2.95000,-72.22000,-119.16000
0.61000,-0.51000,1.36000,-2.57000,-3.86000,-2.11000,-1.02000,-64.43000,-70.91000
0.61000,-0.51000,1.36000,-2.78000,-2.53000,-2.11000,-1.01000,-64.43000,-70.91000
0.61000,-0.52000,1.33000,-2.74000,-0.87000,-2.11000,-1.01000,-54.85000,-76.43000
0.61000,-0.52000,1.28000,-2.45000,0.00000,-2.12000,-1.11000,-54.85000,-76.43000
0.61000,-0.52000,1.25000,-2.01000,0.00000,-3.25000,-3.27000,-72.86000,-139.23000
0.60000,-0.52000,1.23000,-2.20000,-1.33000,-1.10000,-2.12000,-72.86000,-139.23000
0.60000,-0.53000,1.24000,-2.59000,-3.19000,-1.02000,-2.11000,-47.97000,-121.44000
0.60000,-0.54000,1.27000,-2.28000,-3.73000,-1.04000,-2.11000,-47.97000,-121.44000
0.60000,-0.54000,1.30000,-1.62000,-3.69000,-2.64000,-2.71000,-63.97000,-99.15000
0.60000,-0.55000,1.33000,-1.62000,-3.20000,-2.98000,-2.93000,-63.97000,-99.15000
0.60000,-0.55000,1.35000,-1.89000,-2.57000,-2.11000,-1.05000,-68.07000,-76.07000
0.59000,-0.56000,1.33000,-2.22000,-1.58000,-2.11000,-1.02000,-68.07000,-76.07000
0.59000,-0.56000,1.29000,-2.64000,-0.48000,-2.11000,-1.03000,-61.95000,-87.29000
0.59000,-0.56000,1.25000,-2.64000,0.00000,-3.21000,-3.18000,-61.95000,-87.29000
0.59000,-0.57000,1.20000,-2.43000,0.00000,-1.12000,-2.12000,-40.30000,-123.96000
0.59000,-0.57000,1.18000,-1.81000,-0.73000,-1.01000,-2.12000,-40.30000,-123.96000
0.59000,-0.57000,1.21000,-0.95000,-2.16000,-1.00000,-2.12000,-41.84000,-125.86000
0.59000,-0.57000,1.25000,-0.37000,-2.97000,-1.01000,-2.12000,-41.84000,-125.86000
0.59000,-0.58000,1.31000,-0.08000,-3.42000,-1.20000,-2.13000,-61.49000,-100.79000
0.59000,-0.58000,1.37000,-0.02000,-3.05000,-2.57000,-2.47000,-61.49000,-100.79000
0.59000,-0.58000,1.40000,-0.64000,-2.47000,-2.11000,-1.01000,-85.45000,-77.68000
0.58000,-0.59000,1.40000,-1.74000,-1.51000,-2.13000,-1.00000,-85.45000,-77.68000
0.58000,-0.59000,1.35000,-3.07000,-0.60000,-2.13000,-1.00000,-72.36000,-88.29000
0.58000,-0.60000,1.29000,-3.49000,0.00000,-2.11000,-1.01000,-72.36000,-88.29000
0.58000,-0.60000,1.23000,-3.44000,0.00000,-3.28000,-3.25000,-65.80000,-141.74000
0.58000,-0.60000,1.17000,-3.15000,-0.08000,-1.02000,-2.11000,-65.80000,-141.74000
0.58000,-0.61000,1.15000,-2.82000,-1.74000,-0.99000,-2.13000,-35.27000,-143.14000
0.58000,-0.61000,1.18000,-1.91000,-3.44000,-0.99000,-2.14000,-35.27000,-143.14000
0.57000,-0.62000,1.25000,-0.71000,-4.40000,-1.00000,-2.13000,-41.03000,-104.98000
0.57000,-0.62000,1.32000,-0.17000,-4.09000,-1.04000,-2.11000,-41.03000,-104.98000
0.57000,-0.63000,1.38000,-0.06000,-3.30000,-2.53000,-2.40000,-84.77000,-91.45000
0.57000,-0.63000,1.41000,-0.73000,-2.51000,-2.12000,-1.01000,-84.77000,-91.45000
0.57000,-0.64000,1.40000,-2.20000,-1.72000,-2.13000,-0.99000,-84.49000,-83.95000
0.57000,-0.64000,1.36000,-3.19000,-1.00000,-2.13000,-1.00000,-84.49000,-83.95000
0.57000,-0.64000,1.30000,-3.78000,-0.64000,-2.11000,-1.01000,-55.60000,-97.83000
0.57000,-0.65000,1.24000,-3.42000,-0.02000,-3.00000,-2.96000,-55.60000,-97.83000
0.57000,-0.65000,1.19000,-2.68000,-0.12000,-1.04000,-2.11000,-29.60000,-128.96000
0.57000,-0.65000,1.19000,-1.62000,-1.39000,-1.01000,-2.12000,-29.60000,-128.96000
0.56000,-0.66000,1.23000,-0.33000,-2.78000,-1.00000,-2.12000,-41.84000,-121.19000
0.56000,-0.66000,1.30000,0.00000,-3.34000,-1.02000,-2.11000,-41.84000,-121.19000
0.56000,-0.66000,1.36000,0.00000,-3.47000,-3.26000,-3.24000,-96.31000,-113.03000
0.56000,-0.67000,1.39000,-1.41000,-3.30000,-2.11000,-1.01000,-96.31000,-113.03000
0.56000,-0.68000,1.39000,-3.15000,-3.05000,-2.12000,-1.00000,-77.65000,-79.50000
0.56000,-0.68000,1.36000,-3.82000,-2.14000,-2.12000,-1.00000,-77.65000,-79.50000
0.56000,-0.69000,1.31000,-3.86000,-1.04000,-2.11000,-1.01000,-45.67000,-83.29000
0.56000,-0.69000,1.26000,-3.20000,-0.29000,-2.36000,-1.98000,-45.67000,-83.29000
0.56000,-0.69000,1.22000,-2.08000,0.00000,-2.29000,-2.49000,-47.38000,-126.35000
0.55000,-0.70000,1.21000,-1.43000,-1.08000,-1.02000,-2.11000,-47.38000,-126.35000
0.55000,-0.70000,1.24000,-0.98000,-2.53000,-1.01000,-2.11000,-49.27000,-122.06000
0.55000,-0.71000,1.29000,-0.66000,-3.19000,-1.06000,-2.11000,-49.27000,-122.06000
0.55000,-0.71000,1.34000,-0.62000,-3.42000,-3.29000,-3.26000,-92.39000,-113.79000
0.55000,-0.72000,1.36000,-1.74000,-3.26000,-2.11000,-1.02000,-92.39000,-113.79000
0.55000,-0.72000,1.36000,-3.15000,-3.07000,-2.12000,-1.01000,-74.39000,-79.48000
0.55000,-0.73000,1.34000,-3.69000,-2.18000,-2.12000,-1.01000,-74.39000,-79.48000
0.54000,-0.73000,1.29000,-3.65000,-1.06000,-2.11000,-1.02000,-47.24000,-82.30000
0.54000,-0.74000,1.23000,-3.11000,-0.12000,-3.09000,-3.06000,-47.24000,-82.30000
0.54000,-0.74000,1.19000,-2.20000,0.00000,-1.09000,-2.11000,-31.19000,-122.58000
0.54000,-0.74000,1.19000,-1.16000,-1.04000,-1.01000,-2.12000,-31.19000,-122.58000
0.54000,-0.74000,1.23000,-0.23000,-2.28000,-1.01000,-2.12000,-47.09000,-120.88000
0.54000,-0.75000,1.28000,0.00000,-2.97000,-1.03000,-2.11000,-47.09000,-120.88000
0.54000,-0.75000,1.34000,0.00000,-3.17000,-3.27000,-3.25000,-97.54000,-115.33000
0.54000,-0.76000,1.37000,-1.27000,-3.05000,-2.11000,-1.02000,-97.54000,-115.33000
0.54000,-0.76000,1.37000,-3.11000,-2.90000,-2.12000,-1.00000,-80.94000,-82.15000
0.54000,-0.77000,1.34000,-3.77000,-2.20000,-2.12000,-1.00000,-80.94000,-82.15000
0.53000,-0.77000,1.29000,-3.92000,-1.18000,-2.11000,-1.01000,-48.27000,-82.76000
0.53000,-0.78000,1.23000,-3.38000,-0.25000,-2.50000,-2.31000,-48.27000,-82.76000
0.53000,-0.78000,1.19000,-2.45000,0.00000,-1.54000,-2.22000,-35.63000,-122.96000
0.53000,-0.78000,1.17000,-1.37000,-0.39000,-1.01000,-2.11000,-35.63000,-122.96000
0.53000,-0.78000,1.20000,-0.42000,-1.68000,-1.00000,-2.12000,-46.73000,-131.16000
0.53000,-0.79000,1.24000,-0.08000,-2.80000,-1.01000,-2.11000,-46.73000,-131.16000
0.53000,-0.79000,1.31000,0.00000,-3.57000,-2.11000,-2.41000,-80.35000,-109.74000
0.53000,-0.80000,1.36000,-0.75000,-3.36000,-2.13000,-1.18000,-80.35000,-109.74000
0.53000,-0.80000,1.37000,-2.07000,-2.84000,-2.12000,-1.01000,-82.72000,-77.98000
0.52000,-0.81000,1.35000,-2.84000,-1.91000,-2.12000,-1.00000,-82.72000,-77.98000
0.52000,-0.81000,1.31000,-3.34000,-0.71000,-2.12000,-1.01000,-59.56000,-85.62000
0.52000,-0.81000,1.26000,-3.09000,-0.50000,-2.11000,-1.03000,-59.56000,-85.62000
0.52000,-0.82000,1.21000,-2.59000,0.00000,-3.29000,-3.26000,-68.97000,-135.18000
0.52000,-0.82000,1.17000,-2.28000,-0.02000,-1.05000,-2.11000,-68.97000,-135.18000
0.52000,-0.82000,1.13000,-2.08000,0.00000,-1.01000,-2.12000,-48.10000,-141.79000
0.52000,-0.82000,1.10000,-1.58000,0.00000,-0.99000,-2.13000,-48.10000,-141.79000
0.52000,-0.82000,1.09000,-0.83000,0.00000,-0.98000,-2.15000,-50.57000,-155.11000
0.52000,-0.83000,1.09000,-0.41000,-0.41000,-0.97000,-2.15000,-50.57000,-155.11000
0.52000,-0.83000,1.14000,-0.35000,-2.92000,-0.97000,-2.15000,-64.29000,-161.88000
0.51000,-0.83000,1.21000,-0.68000,-4.52000,-0.99000,-2.14000,-64.29000,-161.88000
0.51000,-0.84000,1.28000,-1.12000,-5.33000,-1.01000,-2.11000,-64.20000,-110.07000
0.51000,-0.85000,1.34000,-1.54000,-4.81000,-3.24000,-3.27000,-64.20000,-110.07000
0.51000,-0.85000,1.38000,-1.91000,-3.80000,-2.11000,-1.02000,-69.81000,-74.86000
0.51000,-0.86000,1.38000,-2.24000,-2.45000,-2.12000,-1.01000,-69.81000,-74.86000
0.51000,-0.86000,1.35000,-2.55000,-0.98000,-2.12000,-1.00000,-62.94000,-87.28000
0.51000,-0.87000,1.32000,-2.59000,-0.66000,-2.12000,-1.01000,-62.94000,-87.28000
0.50000,-0.87000,1.27000,-2.49000,0.00000,-2.11000,-1.02000,-56.67000,-105.67000
0.50000,-0.87000,1.23000,-2.18000,-0.02000,-3.13000,-3.10000,-56.67000,-105.67000
0.50000,-0.87000,1.20000,-1.89000,-0.21000,-2.04000,-2.38000,-58.91000,-137.88000
0.50000,-0.88000,1.20000,-1.76000,-1.93000,-1.02000,-2.11000,-58.91000,-137.88000
0.50000,-0.88000,1.24000,-1.64000,-3.38000,-1.02000,-2.11000,-49.00000,-119.30000
0.50000,-0.89000,1.28000,-1.29000,-3.82000,-1.15000,-2.12000,-49.00000,-119.30000
0.50000,-0.89000,1.33000,-1.06000,-3.75000,-3.29000,-3.27000,-85.83000,-109.46000
0.49000,-0.90000,1.36000,-1.80000,-3.44000,-2.11000,-1.03000,-85.83000,-109.46000
0.49000,-0.91000,1.37000,-2.82000,-3.15000,-2.13000,-0.99000,-72.69000,-77.61000
0.49000,-0.91000,1.35000,-3.19000,-2.18000,-2.14000,-0.99000,-72.69000,-77.61000
0.49000,-0.92000,1.31000,-3.28000,-0.98000,-2.13000,-0.99000,-53.75000,-81.92000
0.49000,-0.92000,1.26000,-2.82000,-0.04000,-2.11000,-1.01000,-53.75000,-81.92000
0.49000,-0.92000,1.22000,-2.16000,0.00000,-2.37000,-2.01000,-56.55000,-122.04000
0.49000,-0.92000,1.19000,-1.83000,-0.35000,-3.10000,-3.13000,-56.55000,-122.04000
0.49000,-0.93000,1.19000,-1.64000,-1.87000,-1.15000,-2.12000,-50.41000,-130.93000
0.49000,-0.93000,1.22000,-1.27000,-2.95000,-1.30000,-2.16000,-50.41000,-130.93000
0.48000,-0.94000,1.27000,-1.00000,-3.61000,-3.24000,-3.26000,-86.13000,-119.77000
0.48000,-0.94000,1.30000,-1.85000,-3.65000,-2.11000,-1.07000,-86.13000,-119.77000
0.48000,-0.95000,1.32000,-2.97000,-3.55000,-2.11000,-1.01000,-72.37000,-77.30000
0.48000,-0.96000,1.30000,-3.36000,-2.55000,-2.12000,-1.01000,-72.37000,-77.30000
0.48000,-0.96000,1.26000,-3.36000,-1.22000,-2.11000,-1.01000,-51.25000,-77.95000
0.48000,-0.96000,1.21000,-2.95000,-0.15000,-2.13000,-1.17000,-51.25000,-77.95000
0.47000,-0.97000,1.17000,-2.24000,0.00000,-3.07000,-3.10000,-64.30000,-136.18000
0.47000,-0.97000,1.14000,-1.99000,-0.29000,-1.02000,-2.11000,-64.30000,-136.18000
0.47000,-0.97000,1.14000,-2.05000,-2.20000,-1.01000,-2.12000,-48.48000,-136.97000
0.47000,-0.98000,1.18000,-1.72000,-3.53000,-1.01000,-2.12000,-48.48000,-136.97000
0.47000,-0.98000,1.23000,-1.16000,-4.27000,-1.02000,-2.11000,-46.83000,-99.21000
0.47000,-0.99000,1.29000,-0.79000,-3.86000,-3.28000,-3.26000,-46.83000,-99.21000
0.46000,-0.99000,1.33000,-0.58000,-3.01000,-2.11000,-1.02000,-72.90000,-69.38000
0.46000,-1.00000,1.34000,-1.10000,-1.83000,-2.12000,-1.00000,-72.90000,-69.38000
0.46000,-1.00000,1.32000,-1.85000,-0.52000,-2.13000,-0.99000,-76.47000,-82.46000
0.46000,-1.00000,1.28000,-2.41000,-0.31000,-2.12000,-1.00000,-76.47000,-82.46000
0.46000,-1.01000,1.23000,-2.86000,-0.02000,-2.11000,-1.02000,-62.70000,-100.56000
0.46000,-1.01000,1.18000,-2.78000,-0.08000,-3.23000,-3.20000,-62.70000,-100.56000
0.46000,-1.01000,1.14000,-2.45000,0.00000,-1.08000,-2.11000,-39.90000,-124.63000
0.46000,-1.01000,1.11000,-1.74000,0.00000,-1.01000,-2.12000,-39.90000,-124.63000
0.46000,-1.01000,1.09000,-0.79000,-0.08000,-0.99000,-2.13000,-43.94000,-138.31000
0.46000,-1.02000,1.12000,-0.15000,-1.54000,-0.99000,-2.14000,-43.94000,-138.31000
0.46000,-1.02000,1.18000,-0.08000,-3.22000,-1.00000,-2.13000,-63.50000,-128.00000
0.45000,-1.02000,1.24000,-0.44000,-3.94000,-1.02000,-2.11000,-63.50000,-128.00000
0.45000,-1.03000,1.30000,-0.93000,-4.17000,-3.17000,-3.14000,-96.81000,-110.63000
0.45000,-1.03000,1.33000,-2.18000,-3.82000,-2.11000,-1.01000,-96.81000,-110.63000
0.45000,-1.04000,1.32000,-3.48000,-3.28000,-2.12000,-1.00000,-71.39000,-75.64000
0.45000,-1.05000,1.30000,-3.73000,-2.20000,-2.12000,-1.00000,-71.39000,-75.64000
0.45000,-1.05000,1.25000,-3.53000,-0.98000,-2.11000,-1.01000,-47.55000,-83.15000
0.44000,-1.06000,1.21000,-2.88000,-0.68000,-2.24000,-1.62000,-47.55000,-83.15000
0.44000,-1.06000,1.17000,-2.01000,0.00000,-3.18000,-3.20000,-66.52000,-131.65000
0.44000,-1.06000,1.14000,-1.79000,-0.02000,-1.04000,-2.11000,-66.52000,-131.65000
0.44000,-1.06000,1.12000,-1.99000,-0.77000,-1.01000,-2.11000,-52.28000,-140.36000
0.44000,-1.07000,1.13000,-1.85000,-2.72000,-1.00000,-2.12000,-52.28000,-140.36000
0.44000,-1.07000,1.18000,-1.43000,-4.04000,-1.01000,-2.12000,-46.68000,-112.55000
0.43000,-1.08000,1.24000,-1.06000,-4.11000,-1.07000,-2.11000,-46.68000,-112.55000
0.43000,-1.08000,1.29000,-0.77000,-3.69000,-3.14000,-3.11000,-85.51000,-102.99000
0.43000,-1.09000,1.32000,-1.58000,-3.15000,-2.11000,-1.01000,-85.51000,-102.99000
0.43000,-1.10000,1.32000,-2.74000,-2.72000,-2.12000,-1.00000,-74.91000,-79.72000
0.43000,-1.10000,1.29000,-3.26000,-1.85000,-2.12000,-1.00000,-74.91000,-79.72000
0.43000,-1.11000,1.25000,-3.47000,-0.85000,-2.11000,-1.01000,-52.84000,-86.53000
0.43000,-1.11000,1.19000,-3.09000,-0.02000,-2.26000,-1.68000,-52.84000,-86.53000
0.42000,-1.11000,1.15000,-2.39000,-0.04000,-2.27000,-2.48000,-50.73000,-130.87000
0.42000,-1.11000,1.14000,-1.85000,-1.24000,-1.01000,-2.11000,-50.73000,-130.87000
0.42000,-1.12000,1.16000,-1.45000,-2.78000,-1.01000,-2.12000,-45.63000,-121.84000
0.42000,-1.12000,1.20000,-1.02000,-3.38000,-1.02000,-2.11000,-45.63000,-121.84000
0.42000,-1.13000,1.26000,-0.71000,-3.59000,-2.86000,-2.91000,-80.83000,-106.97000
0.42000,-1.13000,1.29000,-1.45000,-3.26000,-2.17000,-1.34000,-80.83000,-106.97000
0.41000,-1.14000,1.30000,-2.49000,-2.88000,-2.11000,-1.01000,-74.09000,-77.53000
0.41000,-1.14000,1.28000,-2.97000,-2.01000,-2.11000,-1.01000,-74.09000,-77.53000
0.41000,-1.15000,1.24000,-3.15000,-0.83000,-2.11000,-1.02000,-55.28000,-82.76000
0.41000,-1.15000,1.18000,-2.88000,-0.02000,-2.51000,-2.34000,-55.28000,-82.76000
0.41000,-1.15000,1.14000,-2.26000,0.00000,-2.04000,-2.38000,-50.28000,-127.16000
0.41000,-1.16000,1.13000,-1.72000,-1.00000,-1.01000,-2.11000,-50.28000,-127.16000
0.41000,-1.16000,1.15000,-1.35000,-2.57000,-1.01000,-2.12000,-47.23000,-122.72000
0.40000,-1.16000,1.19000,-0.97000,-3.32000,-1.01000,-2.11000,-47.23000,-122.72000
0.40000,-1.17000,1.25000,-0.62000,-3.67000,-2.30000,-2.49000,-73.50000,-100.20000
0.40000,-1.17000,1.29000,-1.18000,-3.30000,-2.28000,-1.75000,-73.50000,-100.20000
0.40000,-1.18000,1.30000,-2.05000,-2.61000,-2.11000,-1.01000,-75.49000,-73.37000
0.40000,-1.18000,1.28000,-2.57000,-1.66000,-2.12000,-1.01000,-75.49000,-73.37000
0.40000,-1.19000,1.24000,-2.88000,-0.62000,-2.11000,-1.01000,-60.21000,-84.23000
0.40000,-1.19000,1.19000,-2.80000,0.00000,-2.18000,-1.39000,-60.21000,-84.23000
0.39000,-1.19000,1.15000,-2.43000,0.00000,-2.93000,-2.98000,-66.35000,-134.73000
0.39000,-1.20000,1.11000,-2.20000,-0.08000,-1.02000,-2.11000,-66.35000,-134.73000
0.39000,-1.20000,1.10000,-2.22000,-1.51000,-1.00000,-2.12000,-47.20000,-138.53000
0.39000,-1.20000,1.12000,-1.82000,-3.26000,-0.99000,-2.13000,-47.20000,-138.53000
0.39000,-1.21000,1.18000,-1.16000,-4.27000,-1.00000,-2.12000,-45.61000,-103.20000
0.38000,-1.21000,1.24000,-0.71000,-4.03000,-1.02000,-2.11000,-45.61000,-103.20000
0.38000,-1.22000,1.29000,-0.48000,-3.28000,-3.26000,-3.28000,-91.32000,-102.26000
0.38000,-1.22000,1.31000,-1.43000,-2.72000,-2.11000,-1.03000,-91.32000,-102.26000
0.38000,-1.23000,1.30000,-2.78000,-2.28000,-2.11000,-1.01000,-78.57000,-83.34000
0.38000,-1.23000,1.27000,-3.36000,-1.60000,-2.11000,-1.01000,-78.57000,-83.34000
0.38000,-1.24000,1.22000,-3.49000,-0.87000,-2.11000,-1.02000,-53.60000,-90.01000
0.38000,-1.24000,1.17000,-2.99000,-0.19000,-2.87000,-2.82000,-53.60000,-90.01000
0.38000,-1.24000,1.14000,-2.20000,-0.25000,-1.68000,-2.26000,-45.28000,-126.29000
0.37000,-1.25000,1.14000,-1.49000,-1.64000,-1.18000,-2.13000,-45.28000,-126.29000
0.37000,-1.25000,1.18000,-0.85000,-2.82000,-1.28000,-2.15000,-53.86000,-115.33000
0.37000,-1.26000,1.22000,-0.60000,-3.24000,-3.30000,-3.27000,-53.86000,-115.33000
0.37000,-1.26000,1.27000,-0.62000,-3.24000,-2.11000,-1.03000,-78.33000,-77.65000
0.37000,-1.26000,1.29000,-1.33000,-2.34000,-2.12000,-1.00000,-78.33000,-77.65000
0.37000,-1.27000,1.27000,-2.32000,-1.18000,-2.13000,-0.99000,-76.81000,-77.25000
0.37000,-1.27000,1.22000,-2.82000,-0.12000,-2.12000,-1.00000,-76.81000,-77.25000
0.36000,-1.27000,1.16000,-3.15000,0.00000,-2.11000,-1.03000,-58.85000,-102.97000
0.36000,-1.28000,1.12000,-2.84000,-0.39000,-3.19000,-3.21000,-58.85000,-102.97000
0.36000,-1.28000,1.10000,-2.28000,-1.31000,-1.02000,-2.11000,-38.00000,-120.49000
0.36000,-1.28000,1.11000,-1.51000,-2.05000,-1.01000,-2.11000,-38.00000,-120.49000
0.36000,-1.29000,1.15000,-0.66000,-2.76000,-1.02000,-2.11000,-46.90000,-105.89000
0.36000,-1.29000,1.20000,-0.17000,-2.84000,-2.26000,-2.47000,-46.90000,-105.89000
0.36000,-1.29000,1.24000,-0.06000,-2.64000,-2.57000,-2.48000,-87.52000,-99.91000
0.35000,-1.30000,1.27000,-1.02000,-2.24000,-2.11000,-1.01000,-87.52000,-99.91000
0.35000,-1.30000,1.25000,-2.57000,-1.95000,-2.12000,-1.01000,-82.41000,-84.69000
0.35000,-1.31000,1.22000,-3.22000,-1.47000,-2.12000,-1.01000,-82.41000,-84.69000
0.35000,-1.31000,1.17000,-3.59000,-0.60000,-2.11000,-1.02000,-55.82000,-89.03000
0.35000,-1.32000,1.12000,-3.28000,-0.71000,-3.29000,-3.27000,-55.82000,-89.03000
0.35000,-1.32000,1.08000,-2.51000,-0.06000,-1.04000,-2.11000,-32.19000,-114.10000
0.34000,-1.32000,1.07000,-1.43000,-0.85000,-1.01000,-2.12000,-32.19000,-114.10000
0.34000,-1.32000,1.10000,-0.33000,-1.99000,-1.00000,-2.12000,-45.90000,-120.59000
0.34000,-1.33000,1.15000,0.00000,-2.74000,-1.01000,-2.11000,-45.90000,-120.59000
0.34000,-1.33000,1.21000,0.00000,-3.24000,-2.29000,-2.49000,-84.08000,-105.33000
0.34000,-1.33000,1.25000,-0.79000,-3.03000,-2.18000,-1.39000,-84.08000,-105.33000
0.34000,-1.34000,1.25000,-2.20000,-2.59000,-2.11000,-1.01000,-83.36000,-77.34000
0.34000,-1.34000,1.23000,-2.99000,-1.72000,-2.12000,-1.01000,-83.36000,-77.34000
0.33000,-1.35000,1.18000,-3.36000,-0.66000,-2.11000,-1.02000,-58.26000,-84.92000
0.33000,-1.35000,1.13000,-3.11000,-0.02000,-3.03000,-2.99000,-58.26000,-84.92000
0.33000,-1.35000,1.08000,-2.57000,-0.06000,-1.09000,-2.11000,-35.82000,-122.67000
0.33000,-1.35000,1.06000,-1.51000,-0.58000,-1.01000,-2.12000,-35.82000,-122.67000
0.33000,-1.36000,1.09000,-0.39000,-1.97000,-1.00000,-2.12000,-46.31000,-126.99000
0.33000,-1.36000,1.14000,-0.04000,-2.95000,-1.01000,-2.11000,-46.31000,-126.99000
0.33000,-1.36000,1.21000,0.00000,-3.61000,-2.13000,-2.42000,-82.20000,-105.16000
0.32000,-1.37000,1.25000,-0.95000,-3.44000,-2.12000,-1.14000,-82.20000,-105.16000
0.32000,-1.37000,1.27000,-2.07000,-2.88000,-2.12000,-1.01000,-80.90000,-73.42000
0.32000,-1.38000,1.25000,-2.82000,-1.87000,-2.12000,-1.00000,-80.90000,-73.42000
0.32000,-1.38000,1.20000,-3.18000,-0.56000,-2.12000,-1.01000,-59.89000,-82.44000
0.32000,-1.39000,1.15000,-2.93000,-0.06000,-2.11000,-1.08000,-59.89000,-82.44000
0.32000,-1.39000,1.11000,-2.49000,0.00000,-3.16000,-3.19000,-69.74000,-137.10000
0.32000,-1.39000,1.09000,-2.28000,-1.27000,-1.02000,-2.11000,-69.74000,-137.10000
0.31000,-1.40000,1.11000,-2.24000,-3.15000,-1.01000,-2.11000,-48.56000,-121.64000
0.31000,-1.40000,1.14000,-1.91000,-3.71000,-1.02000,-2.11000,-48.56000,-121.64000
0.31000,-1.41000,1.19000,-1.25000,-3.86000,-1.71000,-2.27000,-57.04000,-92.35000
0.31000,-1.41000,1.23000,-1.04000,-3.30000,-2.96000,-2.91000,-57.04000,-92.35000
0.30000,-1.42000,1.25000,-1.12000,-2.41000,-2.11000,-1.02000,-74.85000,-71.13000
0.30000,-1.42000,1.24000,-1.66000,-1.27000,-2.12000,-1.01000,-74.85000,-71.13000
0.30000,-1.42000,1.21000,-2.30000,-0.44000,-2.11000,-1.01000,-72.03000,-87.83000
0.30000,-1.43000,1.17000,-2.51000,-0.35000,-2.11000,-1.04000,-72.03000,-87.83000
0.30000,-1.43000,1.12000,-2.70000,0.00000,-3.23000,-3.20000,-78.76000,-132.90000
0.30000,-1.43000,1.07000,-2.86000,0.00000,-1.08000,-2.11000,-78.76000,-132.90000
0.30000,-1.43000,1.02000,-2.86000,-0.08000,-1.01000,-2.12000,-44.39000,-139.06000
0.29000,-1.44000,1.01000,-2.28000,-1.66000,-0.98000,-2.14000,-44.39000,-139.06000
0.29000,-1.44000,1.05000,-1.33000,-3.40000,-0.97000,-2.15000,-41.51000,-127.31000
0.29000,-1.45000,1.11000,-0.62000,-4.13000,-0.99000,-2.14000,-41.51000,-127.31000
0.29000,-1.45000,1.19000,-0.06000,-4.38000,-1.01000,-2.11000,-59.11000,-92.67000
0.29000,-1.46000,1.25000,-0.44000,-3.67000,-3.30000,-3.27000,-59.11000,-92.67000
0.28000,-1.46000,1.28000,-0.87000,-2.68000,-2.11000,-1.02000,-80.67000,-70.99000
0.28000,-1.46000,1.28000,-1.66000,-1.54000,-2.12000,-1.01000,-80.67000,-70.99000
0.28000,-1.47000,1.24000,-2.51000,-0.37000,-2.12000,-1.01000,-72.56000,-86.92000
0.28000,-1.47000,1.18000,-2.88000,0.00000,-2.11000,-1.02000,-72.56000,-86.92000
0.28000,-1.47000,1.13000,-2.95000,-0.02000,-3.21000,-3.18000,-73.23000,-139.34000
0.28000,-1.48000,1.09000,-2.90000,-0.64000,-1.05000,-2.11000,-73.23000,-139.34000
0.28000,-1.48000,1.09000,-2.86000,-2.70000,-1.01000,-2.12000,-41.91000,-132.90000
0.27000,-1.49000,1.12000,-2.20000,-3.84000,-1.00000,-2.12000,-41.91000,-132.90000
0.27000,-1.49000,1.18000,-1.12000,-4.44000,-1.01000,-2.11000,-41.14000,-93.73000
0.27000,-1.50000,1.24000,-0.44000,-3.92000,-2.57000,-2.65000,-41.14000,-93.73000
0.27000,-1.50000,1.29000,-0.06000,-2.86000,-2.12000,-1.12000,-77.09000,-67.26000
0.27000,-1.50000,1.30000,-0.91000,-1.58000,-2.12000,-1.01000,-77.09000,-67.26000
0.27000,-1.51000,1.27000,-2.03000,-0.10000,-2.13000,-1.00000,-80.13000,-83.77000
0.26000,-1.51000,1.22000,-2.78000,0.00000,-2.11000,-1.01000,-80.13000,-83.77000
0.26000,-1.51000,1.16000,-3.24000,0.00000,-2.19000,-1.46000,-60.42000,-110.83000
0.26000,-1.52000,1.12000,-3.05000,-0.73000,-2.41000,-2.54000,-60.42000,-110.83000
0.26000,-1.52000,1.10000,-2.47000,-1.72000,-1.01000,-2.11000,-35.16000,-118.47000
0.26000,-1.52000,1.12000,-1.66000,-2.51000,-1.01000,-2.12000,-35.16000,-118.47000
0.26000,-1.53000,1.17000,-0.60000,-3.11000,-1.01000,-2.12000,-43.72000,-100.14000
0.25000,-1.53000,1.22000,-0.02000,-3.07000,-1.02000,-2.11000,-43.72000,-100.14000
0.25000,-1.53000,1.27000,0.00000,-2.57000,-3.26000,-3.29000,-98.20000,-106.93000
0.25000,-1.54000,1.28000,-1.39000,-2.32000,-2.15000,-0.98000,-98.20000,-106.93000
0.25000,-1.54000,1.27000,-3.09000,-2.34000,-2.15000,-0.97000,-80.48000,-84.68000
0.25000,-1.55000,1.24000,-3.65000,-1.83000,-2.15000,-0.97000,-80.48000,-84.68000
0.25000,-1.55000,1.19000,-3.80000,-1.10000,-2.14000,-0.99000,-50.91000,-84.30000
0.24000,-1.56000,1.14000,-3.20000,-0.60000,-2.12000,-1.01000,-50.91000,-84.30000
0.24000,-1.56000,1.10000,-2.18000,-0.08000,-2.11000,-1.08000,-48.26000,-98.95000
0.24000,-1.56000,1.09000,-1.49000,-0.93000,-3.27000,-3.24000,-48.26000,-98.95000
0.24000,-1.57000,1.09000,-1.06000,-1.12000,-3.23000,-3.25000,-83.99000,-129.46000
0.24000,-1.57000,1.10000,-1.60000,-2.16000,-3.24000,-3.27000,-83.99000,-129.46000
0.24000,-1.57000,1.12000,-2.53000,-3.22000,-3.26000,-3.23000,-93.34000,-124.72000
0.23000,-1.58000,1.12000,-3.40000,-3.59000,-2.90000,-2.84000,-93.34000,-124.72000
0.23000,-1.59000,1.12000,-4.03000,-3.76000,-2.67000,-2.58000,-67.33000,-99.96000
0.23000,-1.60000,1.11000,-3.94000,-3.44000,-2.90000,-2.85000,-67.33000,-99.96000
0.22000,-1.60000,1.09000,-3.49000,-2.78000,-3.19000,-3.16000,-62.66000,-104.73000
0.22000,-1.61000,1.08000,-3.11000,-2.51000,-3.26000,-3.28000,-62.66000,-104.73000
0.22000,-1.61000,1.08000,-2.70000,-2.49000,-3.02000,-3.06000,-68.04000,-115.50000
0.21000,-1.62000,1.08000,-2.49000,-2.72000,-2.83000,-2.88000,-68.04000,-115.50000
0.21000,-1.62000,1.09000,-2.53000,-2.93000,-3.00000,-3.04000,-76.50000,-115.37000
0.21000,-1.63000,1.10000,-2.74000,-3.11000,-3.19000,-3.22000,-76.50000,-115.37000
0.20000,-1.64000,1.10000,-2.95000,-3.20000,-3.27000,-3.29000,-79.85000,-115.19000
0.20000,-1.64000,1.10000,-3.15000,-3.17000,-3.28000,-3.26000,-79.85000,-115.19000
0.20000,-1.65000,1.10000,-3.40000,-3.17000,-3.28000,-3.25000,-76.97000,-114.74000
0.20000,-1.66000,1.09000,-3.49000,-3.22000,-3.27000,-3.29000,-76.97000,-114.74000
0.19000,-1.66000,1.09000,-3.44000,-3.22000,-3.23000,-3.26000,-72.03000,-114.68000
0.19000,-1.67000,1.08000,-3.44000,-3.20000,-3.15000,-3.18000,-72.03000,-114.68000
0.18000,-1.68000,1.08000,-3.34000,-3.24000,-2.99000,-3.03000,-67.51000,-111.83000
0.18000,-1.68000,1.08000,-3.11000,-3.24000,-2.87000,-2.92000,-67.51000,-111.83000
0.18000,-1.69000,1.09000,-2.84000,-3.13000,-2.93000,-2.98000,-68.88000,-109.40000
0.18000,-1.69000,1.09000,-2.76000,-2.97000,-3.10000,-3.13000,-68.88000,-109.40000
0.17000,-1.70000,1.10000,-2.66000,-2.88000,-3.18000,-3.21000,-76.77000,-115.33000
0.17000,-1.71000,1.10000,-2.76000,-2.97000,-3.24000,-3.26000,-76.77000,-115.33000
0.17000,-1.71000,1.10000,-3.03000,-3.07000,-3.27000,-3.29000,-80.61000,-118.04000
0.16000,-1.72000,1.10000,-3.24000,-3.20000,-3.27000,-3.29000,-80.61000,-118.04000
0.16000,-1.72000,1.10000,-3.36000,-3.36000,-3.26000,-3.29000,-76.47000,-116.55000
0.16000,-1.73000,1.10000,-3.34000,-3.32000,-3.26000,-3.29000,-76.47000,-116.55000
0.15000,-1.74000,1.10000,-3.32000,-3.32000,-3.26000,-3.29000,-75.03000,-115.20000
0.15000,-1.74000,1.10000,-3.17000,-3.36000,-3.26000,-3.28000,-75.03000,-115.20000
0.15000,-1.75000,1.11000,-3.07000,-3.40000,-3.29000,-3.27000,-77.55000,-114.13000
0.14000,-1.76000,1.11000,-3.15000,-3.32000,-3.24000,-3.22000,-77.55000,-114.13000
0.14000,-1.76000,1.11000,-3.26000,-3.28000,-3.17000,-3.13000,-76.66000,-112.18000
0.14000,-1.77000,1.11000,-3.26000,-3.19000,-3.10000,-3.07000,-76.66000,-112.18000
0.13000,-1.78000,1.11000,-3.22000,-3.09000,-3.04000,-3.00000,-73.33000,-110.97000
0.13000,-1.78000,1.11000,-3.22000,-3.01000,-2.97000,-2.92000,-73.33000,-110.97000
0.13000,-1.79000,1.10000,-3.07000,-2.97000,-2.11000,-1.01000,-58.73000,-82.73000
0.12000,-1.79000,1.10000,-2.70000,-2.28000,-2.11000,-1.01000,-58.73000,-82.73000
0.12000,-1.80000,1.08000,-2.20000,-1.25000,-2.11000,-1.01000,-59.84000,-81.64000
0.12000,-1.80000,1.06000,-1.95000,-0.58000,-2.11000,-1.02000,-59.84000,-81.64000
0.12000,-1.80000,1.03000,-1.70000,-0.06000,-2.20000,-1.49000,-68.90000,-106.75000
0.12000,-1.80000,1.00000,-1.68000,0.00000,-3.28000,-3.26000,-68.90000,-106.75000
0.12000,-1.81000,0.96000,-1.89000,-0.02000,-1.93000,-2.34000,-70.39000,-133.69000
0.12000,-1.81000,0.94000,-1.99000,-1.06000,-1.02000,-2.11000,-70.39000,-133.69000
0.11000,-1.81000,0.95000,-2.07000,-2.57000,-1.01000,-2.11000,-53.42000,-128.46000
0.11000,-1.82000,0.98000,-1.87000,-3.40000,-1.01000,-2.11000,-53.42000,-128.46000
0.11000,-1.82000,1.02000,-1.45000,-3.84000,-1.04000,-2.11000,-49.78000,-99.50000
0.10000,-1.83000,1.07000,-1.04000,-3.57000,-3.24000,-3.26000,-49.78000,-99.50000
0.10000,-1.83000,1.11000,-0.75000,-2.88000,-2.11000,-1.09000,-73.41000,-74.02000
0.10000,-1.83000,1.12000,-1.22000,-1.76000,-2.12000,-1.01000,-73.41000,-74.02000
0.10000,-1.84000,1.09000,-2.01000,-0.64000,-2.12000,-1.01000,-77.16000,-84.94000
0.10000,-1.84000,1.05000,-2.53000,-0.02000,-2.11000,-1.01000,-77.16000,-84.94000
0.10000,-1.84000,1.00000,-2.91000,0.00000,-2.54000,-2.41000,-69.27000,-127.65000
0.09000,-1.84000,0.95000,-2.99000,-0.23000,-1.85000,-2.31000,-69.27000,-127.65000
0.09000,-1.85000,0.93000,-2.63000,-1.60000,-1.01000,-2.11000,-39.51000,-134.41000
0.09000,-1.85000,0.95000,-1.85000,-2.97000,-1.00000,-2.12000,-39.51000,-134.41000
0.09000,-1.86000,1.00000,-0.87000,-3.92000,-1.01000,-2.12000,-44.76000,-104.69000
0.08000,-1.86000,1.07000,-0.33000,-3.86000,-1.67000,-2.25000,-44.76000,-104.69000
0.08000,-1.86000,1.13000,-0.04000,-3.34000,-2.19000,-1.43000,-80.12000,-75.93000
0.08000,-1.87000,1.15000,-1.06000,-2.22000,-2.12000,-1.01000,-80.12000,-75.93000
0.08000,-1.87000,1.12000,-2.41000,-0.93000,-2.13000,-0.99000,-79.48000,-79.38000
0.08000,-1.87000,1.06000,-3.09000,0.00000,-2.12000,-1.01000,-79.48000,-79.38000
0.07000,-1.88000,1.00000,-3.40000,0.00000,-2.12000,-1.13000,-55.29000,-107.39000
0.07000,-1.88000,0.95000,-3.09000,-0.02000,-2.60000,-2.68000,-55.29000,-107.39000
0.07000,-1.88000,0.92000,-2.43000,-0.89000,-1.01000,-2.11000,-32.79000,-128.60000
0.07000,-1.89000,0.94000,-1.35000,-2.26000,-1.00000,-2.13000,-32.79000,-128.60000
0.07000,-1.89000,0.99000,-0.29000,-3.40000,-1.01000,-2.12000,-46.38000,-107.66000
0.06000,-1.89000,1.05000,-0.15000,-3.49000,-1.09000,-2.11000,-46.38000,-107.66000
0.06000,-1.90000,1.11000,0.00000,-3.22000,-2.89000,-2.83000,-90.59000,-99.14000
0.06000,-1.90000,1.14000,-1.16000,-2.74000,-2.11000,-1.01000,-90.59000,-99.14000
0.06000,-1.91000,1.13000,-2.68000,-2.26000,-2.13000,-1.00000,-80.38000,-78.90000
0.06000,-1.91000,1.10000,-3.34000,-1.47000,-2.13000,-1.00000,-80.38000,-78.90000
0.05000,-1.91000,1.04000,-3.42000,-0.46000,-2.11000,-1.01000,-53.31000,-87.63000
0.05000,-1.92000,1.00000,-2.84000,-0.54000,-2.36000,-1.97000,-53.31000,-87.63000
0.05000,-1.92000,0.96000,-2.14000,-0.02000,-3.05000,-3.09000,-67.43000,-129.97000
0.05000,-1.92000,0.93000,-1.89000,-0.19000,-1.02000,-2.11000,-67.43000,-129.97000
0.05000,-1.92000,0.93000,-1.95000,-1.83000,-1.01000,-2.12000,-52.40000,-136.02000
0.04000,-1.93000,0.96000,-1.78000,-3.17000,-1.01000,-2.12000,-52.40000,-136.02000
0.04000,-1.93000,1.01000,-1.37000,-4.11000,-1.01000,-2.11000,-48.73000,-102.70000
0.04000,-1.94000,1.06000,-0.98000,-3.96000,-1.99000,-2.36000,-48.73000,-102.70000
0.03000,-1.94000,1.11000,-0.71000,-3.28000,-2.49000,-2.29000,-78.36000,-87.21000
0.03000,-1.95000,1.13000,-1.35000,-2.45000,-2.11000,-1.01000,-78.36000,-87.21000
0.03000,-1.95000,1.12000,-2.22000,-1.68000,-2.12000,-1.00000,-76.36000,-80.57000
0.03000,-1.95000,1.09000,-2.68000,-1.06000,-2.12000,-1.00000,-76.36000,-80.57000
0.03000,-1.96000,1.04000,-2.95000,-0.21000,-2.11000,-1.01000,-60.92000,-92.88000
0.03000,-1.96000,0.99000,-2.74000,-0.04000,-2.29000,-1.79000,-60.92000,-92.88000
0.02000,-1.96000,0.95000,-2.28000,-0.08000,-2.84000,-2.90000,-67.56000,-136.11000
0.02000,-1.97000,0.94000,-2.07000,-1.49000,-1.02000,-2.11000,-67.56000,-136.11000
0.02000,-1.97000,0.96000,-2.12000,-3.20000,-1.01000,-2.11000,-50.69000,-119.71000
0.01000,-1.98000,1.00000,-1.78000,-3.84000,-1.01000,-2.11000,-50.69000,-119.71000
0.01000,-1.98000,1.04000,-1.24000,-3.90000,-1.04000,-2.11000,-49.06000,-88.16000
0.01000,-1.98000,1.08000,-0.95000,-3.17000,-0.34000,0.70000,-49.06000,-88.16000
0.01000,-1.99000,1.11000,-0.73000,-2.26000,-0.40000,0.63000,-47.49000,-46.64000
0.01000,-1.99000,1.12000,-0.60000,-0.79000,-0.43000,0.60000,-47.49000,-46.64000
0.01000,-1.99000,1.11000,-0.37000,0.00000,-0.43000,0.59000,-49.88000,-60.16000
0.01000,-1.99000,1.10000,-0.39000,-0.02000,-0.42000,0.60000,-49.88000,-60.16000
0.01000,-1.99000,1.10000,-0.31000,0.00000,-0.42000,0.62000,-51.74000,-63.07000
0.01000,-1.99000,1.09000,-0.25000,0.00000,-0.41000,0.62000,-51.74000,-63.07000
0.01000,-1.99000,1.08000,-0.39000,0.00000,-0.40000,0.63000,-53.84000,-59.29000
0.01000,-1.99000,1.07000,-0.60000,0.00000,-0.39000,0.65000,-53.84000,-59.29000
0.01000,-1.99000,1.06000,-0.75000,0.00000,-0.37000,0.67000,-48.99000,-54.98000
0.00000,-1.99000,1.05000,-0.66000,0.00000,-0.34000,0.70000,-48.99000,-54.98000
0.00000,-1.99000,1.04000,-0.60000,0.00000,-0.31000,0.73000,-45.74000,-50.04000
0.00000,-1.99000,1.03000,-0.52000,0.00000,-0.27000,0.76000,-45.74000,-50.04000
0.00000,-1.99000,1.02000,-0.37000,0.00000,-0.24000,0.79000,-44.78000,-44.70000
0.00000,-1.99000,1.02000,-0.25000,0.00000,-0.22000,0.82000,-44.78000,-44.70000
0.00000,-1.99000,1.01000,-0.17000,0.00000,-0.20000,0.84000,-46.49000,-39.29000
0.00000,-1.99000,1.01000,-0.27000,0.00000,-0.18000,0.85000,-46.49000,-39.29000
0.00000,-1.99000,1.01000,-0.19000,0.00000,-0.16000,0.87000,-45.36000,-33.79000
0.00000,-1.99000,1.00000,-0.04000,0.00000,-0.15000,0.88000,-45.36000,-33.79000
0.00000,-1.99000,1.00000,0.00000,0.00000,-0.14000,0.89000,-47.86000,-28.32000
0.00000,-1.99000,1.00000,-0.17000,0.00000,-0.14000,0.89000,-47.86000,-28.32000
0.00000,-1.99000,1.00000,-0.25000,0.00000,-0.13000,0.90000,-46.40000,-22.80000
0.00000,-2.00000,0.99000,-0.33000,0.00000,-0.11000,0.92000,-46.40000,-22.80000
0.00000,-2.00000,0.98000,-0.35000,0.00000,-0.08000,0.95000,-42.90000,-16.66000
0.00000,-2.00000,0.98000,-0.25000,0.00000,-0.04000,0.98000,-42.90000,-16.66000
0.00000,-2.00000,0.98000,-0.15000,0.00000,-0.02000,1.01000,-41.73000,-10.11000
0.00000,-2.00000,0.98000,0.00000,0.00000,-0.00000,1.02000,-41.73000,-10.11000
0.00000,-2.00000,0.98000,0.00000,0.00000,-0.00000,1.02000,-43.85000,-3.86000
0.00000,-2.00000,0.98000,0.00000,0.00000,-0.00000,1.02000,-43.85000,-3.86000
0.00000,-2.00000,0.98000,0.00000,0.00000,-0.00000,1.02000,-43.87000,2.27000
0.00000,-2.00000,0.98000,0.00000,0.00000,-0.00000,1.02000,-43.87000,2.27000
0.00000,-2.00000,0.98000,0.00000,0.00000,-0.00000,1.02000,-43.88000,8.39000
0.00000,-2.00000,0.98000,0.00000,0.00000,-0.00000,1.02000,-43.88000,8.39000
0.00000,-2.00000,0.98000,0.00000,0.00000,-0.00000,1.02000,-43.90000,14.51000
0.00000,-2.00000,0.98000,-0.08000,0.00000,-0.00000,1.02000,-43.90000,14.51000
0.00000,-2.00000,0.97000,-0.08000,0.00000,0.01000,1.03000,-42.54000,20.76000
0.00000,-2.00000,0.97000,0.00000,0.00000,0.02000,1.04000,-42.54000,20.76000
0.00000,-2.00000,0.97000,0.00000,0.00000,0.02000,1.04000,-43.11000,27.07000
0.00000,-2.00000,0.97000,-0.02000,0.00000,0.02000,1.04000,-43.11000,27.07000
0.00000,-2.00000,0.97000,-0.10000,0.00000,0.02000,1.04000,-42.67000,33.33000
0.00000,-2.00000,0.97000,-0.02000,0.00000,0.03000,1.05000,-42.67000,33.33000
0.00000,-2.00000,0.97000,0.00000,0.00000,0.03000,1.05000,-42.23000,39.77000
0.00000,-2.00000,0.97000,0.00000,0.00000,0.03000,1.05000,-42.23000,39.77000
0.00000,-2.00000,0.97000,0.00000,0.00000,0.03000,1.05000,-42.22000,46.09000
0.00000,-2.00000,0.97000,0.00000,0.00000,0.03000,1.05000,-42.22000,46.09000
0.00000,-2.00000,0.97000,0.00000,0.00000,0.03000,1.05000,-42.03000,52.41000
0.00000,-2.00000,0.97000,0.00000,0.00000,0.03000,1.05000,-42.03000,52.41000
0.00000,-2.00000,0.97000,0.00000,0.00000,0.03000,1.05000,-41.84000,58.73000
0.00000,-2.00000,0.97000,0.00000,0.00000,0.03000,1.05000,-41.84000,58.73000
0.00000,-2.00000,0.97000,0.00000,0.00000,0.03000,1.05000,-41.65000,65.05000
0.00000,-2.00000,0.97000,0.00000,0.00000,0.03000,1.05000,-41.65000,65.05000
0.00000,-2.00000,0.97000,0.00000,0.00000,0.03000,1.05000,-41.46000,71.37000
0.00000,-2.00000,0.97000,0.00000,0.00000,0.03000,1.05000,-41.46000,71.37000
0.00000,-2.00000,0.97000,0.00000,0.00000,0.03000,1.05000,-41.26000,77.69000
0.00000,-2.00000,0.97000,0.00000,0.02000,0.03000,1.05000,-41.26000,77.69000
0.00000,-2.00000,0.97000,0.00000,0.02000,0.03000,1.06000,-41.04000,83.73000
0.00000,-2.00000,0.97000,0.00000,0.00000,0.04000,1.06000,-41.04000,83.73000
0.00000,-2.00000,0.97000,0.00000,0.04000,0.04000,1.06000,-40.81000,90.27000
0.00000,-2.00000,0.97000,0.00000,0.00000,0.04000,1.06000,-40.81000,90.27000
0.00000,-2.00000,0.97000,0.00000,0.02000,0.04000,1.06000,-40.53000,96.68000
0.00000,-2.00000,0.97000,0.00000,0.02000,0.04000,1.06000,-40.53000,96.68000
0.00000,-2.00000,0.97000,0.00000,0.00000,0.04000,1.07000,-40.23000,102.79000
0.00000,-2.00000,0.97000,0.00000,0.02000,0.04000,1.07000,-40.23000,102.79000
0.00000,-2.00000,0.96000,0.00000,0.64000,0.05000,1.07000,-39.93000,109.09000
0.00000,-1.99000,0.94000,0.00000,0.75000,0.11000,1.13000,-39.93000,109.09000
0.00000,-1.99000,0.92000,0.00000,1.29000,0.19000,1.20000,-37.49000,106.54000
0.00000,-1.99000,0.90000,0.00000,1.39000,0.33000,1.35000,-37.49000,106.54000
0.01000,-1.99000,0.87000,0.00000,1.52000,0.46000,1.51000,-32.32000,104.23000
0.01000,-1.99000,0.84000,0.00000,1.52000,0.58000,1.66000,-32.32000,104.23000
0.01000,-1.99000,0.81000,0.00000,1.64000,0.68000,1.79000,-26.24000,107.22000
0.01000,-1.99000,0.78000,0.00000,1.70000,0.76000,1.89000,-26.24000,107.22000
0.01000,-1.99000,0.75000,0.00000,1.87000,0.82000,1.98000,-20.06000,108.94000
0.01000,-1.98000,0.71000,0.00000,2.05000,0.86000,2.05000,-20.06000,108.94000
0.01000,-1.98000,0.67000,0.00000,2.16000,0.89000,2.11000,-14.15000,107.20000
0.02000,-1.98000,0.63000,0.00000,2.16000,0.90000,2.15000,-14.15000,107.20000
0.02000,-1.98000,0.59000,0.00000,2.20000,0.90000,2.17000,-8.57000,106.99000
0.02000,-1.98000,0.55000,0.00000,2.22000,0.90000,2.19000,-8.57000,106.99000
0.02000,-1.98000,0.51000,0.00000,2.24000,0.91000,2.20000,-3.12000,106.59000
0.03000,-1.98000,0.47000,0.00000,2.30000,0.91000,2.21000,-3.12000,106.59000
0.03000,-1.97000,0.43000,0.00000,2.26000,0.91000,2.21000,2.36000,105.37000
0.03000,-1.97000,0.39000,0.00000,2.26000,0.91000,2.21000,2.36000,105.37000
0.03000,-1.97000,0.35000,0.00000,2.26000,0.91000,2.21000,7.87000,105.42000
0.03000,-1.97000,0.31000,0.00000,2.24000,0.92000,2.21000,7.87000,105.42000
0.04000,-1.97000,0.27000,0.00000,2.22000,0.92000,2.20000,13.50000,105.28000
0.04000,-1.97000,0.23000,0.00000,2.22000,0.94000,2.19000,13.50000,105.28000
0.04000,-1.97000,0.19000,0.00000,2.22000,0.96000,2.17000,19.54000,104.84000
0.04000,-1.97000,0.15000,0.00000,2.20000,0.99000,2.14000,19.54000,104.84000
0.05000,-1.97000,0.11000,0.02000,2.14000,1.03000,2.10000,26.40000,103.76000
0.05000,-1.97000,0.07000,0.00000,2.08000,1.09000,2.04000,26.40000,103.76000
0.05000,-1.97000,0.03000,0.00000,2.03000,1.16000,1.96000,34.57000,102.95000
0.05000,-1.97000,-0.00000,0.00000,1.95000,1.27000,1.86000,34.57000,102.95000
0.06000,-1.97000,-0.04000,0.00000,1.91000,1.40000,1.75000,45.09000,101.03000
0.06000,-1.97000,-0.07000,0.00000,1.72000,3.15000,3.15000,45.09000,101.03000
0.06000,-1.97000,-0.10000,0.02000,1.62000,2.72000,2.69000,73.26000,117.26000
0.06000,-1.97000,-0.13000,0.02000,2.01000,1.76000,1.37000,73.26000,117.26000
0.06000,-1.97000,-0.17000,0.08000,2.37000,1.88000,1.25000,76.69000,97.11000
0.07000,-1.97000,-0.19000,0.95000,2.05000,1.99000,1.14000,76.69000,97.11000
0.07000,-1.97000,-0.19000,1.70000,1.58000,2.03000,1.10000,76.06000,89.65000
0.07000,-1.97000,-0.17000,2.26000,1.22000,2.03000,1.10000,76.06000,89.65000
0.08000,-1.97000,-0.14000,2.64000,0.60000,1.99000,1.14000,62.31000,96.94000
0.08000,-1.97000,-0.11000,2.49000,0.85000,1.90000,1.23000,62.31000,96.94000
0.09000,-1.97000,-0.08000,2.16000,0.98000,1.81000,1.32000,54.49000,104.72000
0.09000,-1.97000,-0.07000,1.72000,1.16000,1.76000,1.42000,54.49000,104.72000
0.09000,-1.97000,-0.08000,1.43000,1.47000,1.95000,1.69000,64.09000,108.47000
0.10000,-1.97000,-0.08000,1.41000,1.74000,1.91000,1.65000,64.09000,108.47000
0.10000,-1.97000,-0.09000,1.58000,1.99000,1.77000,1.46000,67.48000,99.44000
0.10000,-1.97000,-0.09000,1.83000,1.83000,1.76000,1.38000,67.48000,99.44000
0.11000,-1.97000,-0.08000,2.07000,1.62000,1.76000,1.38000,63.16000,95.31000
0.11000,-1.97000,-0.07000,2.08000,1.39000,1.77000,1.46000,63.16000,95.31000
0.12000,-1.97000,-0.06000,1.97000,1.25000,2.25000,2.04000,66.44000,109.00000
0.12000,-1.98000,-0.04000,2.03000,1.45000,3.02000,3.01000,66.44000,109.00000
0.12000,-1.98000,-0.04000,2.10000,1.81000,3.26000,3.26000,83.24000,130.25000
0.13000,-1.98000,-0.04000,2.53000,2.47000,3.28000,3.28000,83.24000,130.25000
0.14000,-1.98000,-0.04000,3.17000,3.11000,3.27000,3.28000,83.36000,126.13000
0.14000,-1.98000,-0.03000,3.57000,3.38000,3.27000,3.27000,83.36000,126.13000
0.15000,-1.98000,-0.03000,3.67000,3.49000,3.22000,3.23000,71.49000,116.56000
0.16000,-1.98000,-0.03000,3.44000,3.38000,3.15000,3.16000,71.49000,116.56000
0.17000,-1.98000,-0.03000,3.13000,3.11000,3.12000,3.13000,69.71000,114.12000
0.17000,-1.98000,-0.03000,2.88000,3.01000,3.10000,3.11000,69.71000,114.12000
0.18000,-1.98000,-0.04000,2.61000,2.91000,3.16000,3.17000,76.79000,118.80000
0.19000,-1.98000,-0.04000,2.76000,2.86000,3.25000,3.25000,76.79000,118.80000
0.19000,-1.98000,-0.04000,3.05000,2.88000,3.27000,3.27000,81.96000,123.50000
0.20000,-1.98000,-0.03000,3.15000,3.07000,3.24000,3.24000,81.96000,123.50000
0.21000,-1.98000,-0.03000,3.28000,3.22000,3.21000,3.22000,78.22000,122.00000
0.21000,-1.98000,-0.03000,3.36000,3.22000,3.19000,3.19000,78.22000,122.00000
0.22000,-1.98000,-0.03000,3.36000,3.26000,3.12000,3.13000,74.05000,119.35000
0.23000,-1.98000,-0.03000,3.20000,3.28000,3.05000,3.06000,74.05000,119.35000
0.24000,-1.98000,-0.03000,3.15000,3.20000,3.10000,3.11000,74.74000,117.56000
0.24000,-1.98000,-0.03000,3.11000,3.13000,3.11000,3.12000,74.74000,117.56000
0.25000,-1.98000,-0.03000,2.99000,3.13000,3.12000,3.13000,75.74000,119.04000
0.26000,-1.98000,-0.04000,2.91000,3.11000,3.18000,3.19000,75.74000,119.04000
0.26000,-1.98000,-0.04000,2.99000,3.09000,3.24000,3.25000,80.76000,121.11000
0.27000,-1.98000,-0.04000,3.11000,3.17000,3.26000,3.27000,80.76000,121.11000
0.28000,-1.98000,-0.04000,3.11000,3.28000,3.27000,3.27000,80.12000,121.39000
0.28000,-1.98000,-0.04000,3.28000,3.26000,3.28000,3.28000,80.12000,121.39000
0.29000,-1.98000,-0.04000,3.47000,3.28000,3.28000,3.28000,78.74000,120.87000
0.30000,-1.98000,-0.04000,3.49000,3.36000,3.27000,3.27000,78.74000,120.87000
0.31000,-1.98000,-0.03000,3.49000,3.34000,3.24000,3.24000,75.02000,118.89000
0.32000,-1.98000,-0.03000,3.44000,3.24000,3.20000,3.20000,75.02000,118.89000
0.32000,-1.98000,-0.03000,3.32000,3.22000,3.10000,3.11000,72.01000,117.99000
0.33000,-1.98000,-0.03000,3.13000,3.22000,3.02000,3.04000,72.01000,117.99000
0.34000,-1.98000,-0.03000,3.01000,3.18000,3.07000,3.08000,74.19000,117.13000
0.34000,-1.98000,-0.03000,3.01000,3.09000,3.15000,3.16000,74.19000,117.13000
0.35000,-1.98000,-0.04000,2.99000,3.15000,3.18000,3.19000,77.36000,119.80000
0.36000,-1.98000,-0.04000,3.07000,3.20000,3.23000,3.24000,77.36000,119.80000
0.36000,-1.98000,-0.04000,3.11000,3.17000,3.26000,3.26000,78.63000,119.93000
0.37000,-1.98000,-0.04000,3.20000,3.20000,3.27000,3.27000,78.63000,119.93000
0.38000,-1.98000,-0.04000,3.22000,3.30000,3.27000,3.27000,78.03000,120.46000
0.39000,-1.98000,-0.04000,3.28000,3.24000,3.28000,3.28000,78.03000,120.46000
0.39000,-1.98000,-0.04000,3.38000,3.24000,3.27000,3.28000,77.30000,120.36000
0.40000,-1.99000,-0.04000,3.36000,3.28000,3.25000,3.25000,77.30000,120.36000
0.41000,-1.99000,-0.04000,3.34000,3.28000,3.23000,3.23000,75.31000,119.29000
0.42000,-1.99000,-0.03000,3.38000,3.26000,3.20000,3.21000,75.31000,119.29000
0.42000,-1.99000,-0.03000,3.30000,3.26000,3.15000,3.16000,73.05000,118.23000
0.43000,-1.99000,-0.04000,3.11000,3.20000,3.12000,3.13000,73.05000,118.23000
0.44000,-1.99000,-0.04000,3.05000,3.11000,3.16000,3.16000,75.79000,118.65000
0.44000,-1.99000,-0.04000,2.99000,2.99000,3.18000,3.18000,75.79000,118.65000
0.45000,-1.99000,-0.04000,2.99000,3.03000,3.17000,3.18000,78.15000,121.79000
0.46000,-1.99000,-0.04000,3.07000,3.07000,3.18000,3.19000,78.15000,121.79000
0.46000,-1.99000,-0.03000,3.24000,3.03000,3.18000,3.19000,78.12000,121.79000
0.47000,-1.99000,-0.03000,3.24000,3.11000,3.07000,3.08000,78.12000,121.79000
0.48000,-1.99000,-0.03000,3.15000,3.20000,2.97000,2.98000,73.12000,118.83000
0.49000,-1.99000,-0.03000,2.99000,3.13000,2.98000,3.00000,73.12000,118.83000
0.49000,-1.99000,-0.04000,2.99000,3.05000,3.07000,3.08000,76.70000,119.14000
0.50000,-1.99000,-0.04000,3.03000,3.07000,3.09000,3.10000,76.70000,119.14000
0.51000,-1.99000,-0.04000,3.07000,3.11000,3.10000,3.11000,77.09000,120.26000
0.51000,-1.99000,-0.03000,3.20000,3.03000,3.11000,3.12000,77.09000,120.26000
0.52000,-1.99000,-0.03000,3.34000,3.09000,3.00000,3.01000,73.45000,119.61000
0.53000,-1.99000,-0.03000,3.22000,3.20000,2.74000,2.76000,73.45000,119.61000
0.53000,-1.99000,-0.03000,3.11000,3.18000,2.66000,2.70000,66.94000,112.29000
0.54000,-1.99000,-0.03000,2.99000,3.03000,2.69000,2.72000,66.94000,112.29000
0.55000,-1.99000,-0.03000,2.68000,2.86000,2.69000,2.72000,67.48000,112.18000
0.55000,-1.99000,-0.04000,2.51000,2.78000,2.86000,2.88000,67.48000,112.18000
0.56000,-1.99000,-0.04000,2.53000,2.70000,3.05000,3.06000,78.18000,119.11000
0.57000,-1.99000,-0.04000,2.70000,2.74000,3.13000,3.14000,78.18000,119.11000
0.57000,-1.99000,-0.05000,2.86000,2.99000,3.14000,3.14000,79.94000,122.70000
0.58000,-1.99000,-0.05000,3.03000,3.11000,3.18000,3.19000,79.94000,122.70000
0.59000,-1.99000,-0.05000,3.28000,3.20000,3.20000,3.21000,78.59000,120.49000
0.59000,-1.99000,-0.04000,3.32000,3.26000,3.16000,3.17000,78.59000,120.49000
0.60000,-1.99000,-0.04000,3.32000,3.26000,3.12000,3.13000,74.03000,117.69000
0.61000,-1.99000,-0.04000,3.20000,3.15000,3.06000,3.08000,74.03000,117.69000
0.61000,-1.99000,-0.04000,3.15000,3.05000,3.01000,3.02000,73.03000,116.87000
0.62000,-1.99000,-0.04000,2.99000,3.05000,2.88000,2.90000,73.03000,116.87000
0.63000,-1.99000,-0.04000,3.01000,2.99000,2.89000,2.91000,73.19000,115.90000
0.64000,-1.99000,-0.04000,3.09000,2.91000,2.81000,2.83000,73.19000,115.90000
0.64000,-1.99000,-0.04000,3.03000,2.88000,2.46000,2.53000,64.62000,111.50000
0.65000,-1.99000,-0.04000,2.82000,2.82000,2.02000,2.24000,64.62000,111.50000
0.65000,-1.99000,-0.04000,2.51000,2.66000,1.86000,2.09000,55.81000,103.99000
0.66000,-1.99000,-0.04000,2.18000,2.45000,1.89000,2.12000,55.81000,103.99000
0.66000,-2.00000,-0.05000,1.70000,2.22000,2.12000,2.32000,63.57000,108.67000
0.67000,-2.00000,-0.06000,1.60000,2.16000,2.79000,2.82000,63.57000,108.67000
0.67000,-2.00000,-0.07000,1.76000,2.16000,3.15000,3.16000,87.47000,124.84000
0.68000,-2.00000,-0.07000,2.39000,2.55000,3.26000,3.26000,87.47000,124.84000
0.68000,-2.00000,-0.07000,3.11000,3.01000,3.28000,3.28000,86.89000,126.75000
0.69000,-2.00000,-0.06000,3.59000,3.24000,3.27000,3.27000,86.89000,126.75000
0.70000,-2.00000,-0.06000,3.84000,3.38000,3.15000,3.16000,72.29000,119.05000
0.71000,-2.00000,-0.05000,3.63000,3.47000,2.67000,2.71000,72.29000,119.05000
0.72000,-2.00000,-0.05000,3.30000,3.34000,1.81000,2.05000,48.81000,98.48000
0.72000,-2.00000,-0.06000,2.59000,2.84000,-0.81000,0.22000,48.81000,98.48000
0.73000,-2.00000,-0.07000,1.78000,2.26000,-0.92000,0.11000,12.55000,70.23000
0.73000,-2.00000,-0.08000,0.52000,1.35000,-1.04000,-0.02000,12.55000,70.23000
0.73000,-2.00000,-0.08000,0.00000,0.08000,-1.17000,-0.16000,18.77000,72.21000
0.73000,-2.00000,-0.08000,0.00000,0.02000,-1.19000,-0.17000,18.77000,72.21000
0.73000,-2.00000,-0.08000,0.00000,0.00000,-1.19000,-0.17000,16.19000,82.88000
0.73000,-2.00000,-0.08000,0.00000,0.02000,-1.19000,-0.17000,16.19000,82.88000
0.73000,-2.00000,-0.08000,0.00000,0.00000,-1.19000,-0.18000,9.03000,81.67000
0.73000,-2.00000,-0.08000,0.00000,0.04000,-1.19000,-0.18000,9.03000,81.67000
0.73000,-2.00000,-0.08000,0.00000,0.00000,-1.20000,-0.18000,1.80000,80.10000
0.73000,-2.00000,-0.09000,0.00000,0.04000,-1.20000,-0.18000,1.80000,80.10000
0.73000,-2.00000,-0.09000,0.00000,0.00000,-1.20000,-0.19000,-5.46000,78.67000
0.73000,-2.00000,-0.09000,0.00000,0.00000,-1.20000,-0.19000,-5.46000,78.67000
0.73000,-2.00000,-0.09000,0.00000,0.02000,-1.20000,-0.19000,-12.67000,77.92000
0.73000,-2.00000,-0.09000,0.00000,0.00000,-1.20000,-0.19000,-12.67000,77.92000
0.73000,-2.00000,-0.09000,0.00000,0.00000,-1.20000,-0.19000,-19.92000,76.75000
0.73000,-2.00000,-0.09000,0.00000,0.02000,-1.20000,-0.19000,-19.92000,76.75000
0.73000,-2.00000,-0.09000,0.00000,0.00000,-1.21000,-0.19000,-27.19000,75.26000
0.73000,-2.00000,-0.09000,0.00000,0.00000,-1.21000,-0.19000,-27.19000,75.26000
0.73000,-2.00000,-0.09000,-0.02000,0.00000,-1.21000,-0.19000,-34.44000,74.28000
0.73000,-2.00000,-0.09000,0.00000,0.00000,-1.21000,-0.20000,-34.44000,74.28000
0.73000,-2.00000,-0.09000,0.00000,0.02000,-1.21000,-0.20000,-41.71000,73.10000
0.73000,-2.00000,-0.09000,0.00000,0.00000,-1.21000,-0.20000,-41.71000,73.10000
0.73000,-2.00000,-0.09000,0.00000,0.04000,-1.21000,-0.20000,-49.00000,71.88000
0.73000,-2.00000,-0.09000,0.00000,0.08000,-1.22000,-0.20000,-49.00000,71.88000
0.73000,-2.00000,-0.09000,0.00000,0.00000,-1.23000,-0.22000,-56.53000,69.18000
0.73000,-2.00000,-0.09000,-0.02000,0.00000,-1.23000,-0.22000,-56.53000,69.18000
0.73000,-2.00000,-0.09000,0.00000,0.00000,-1.23000,-0.22000,-63.62000,68.61000
0.73000,-2.00000,-0.09000,-0.02000,0.00000,-1.23000,-0.22000,-63.62000,68.61000
0.73000,-2.00000,-0.10000,-0.54000,0.00000,-1.23000,-0.22000,-70.90000,67.27000
0.73000,-2.00000,-0.12000,-1.25000,0.00000,-1.28000,-0.27000,-70.90000,67.27000
0.72000,-2.00000,-0.16000,-1.83000,0.00000,-1.41000,-0.37000,-62.43000,63.65000
0.72000,-2.00000,-0.19000,-2.08000,0.00000,-1.58000,-0.51000,-62.43000,63.65000
0.72000,-2.00000,-0.23000,-2.14000,0.00000,-1.74000,-0.64000,-55.87000,57.41000
0.72000,-2.00000,-0.27000,-2.01000,0.00000,-1.87000,-0.74000,-55.87000,57.41000
0.72000,-2.00000,-0.30000,-1.79000,0.00000,-1.96000,-0.81000,-58.11000,51.08000
0.71000,-2.00000,-0.33000,-1.74000,0.00000,-2.02000,-0.85000,-58.11000,51.08000
0.71000,-2.00000,-0.36000,-1.79000,0.00000,-2.07000,-0.87000,-63.52000,45.24000
0.71000,-1.99000,-0.40000,-1.95000,0.00000,-2.11000,-0.89000,-63.52000,45.24000
0.71000,-1.99000,-0.44000,-2.12000,0.00000,-2.14000,-0.90000,-63.44000,39.62000
0.71000,-1.99000,-0.48000,-2.22000,0.00000,-2.17000,-0.90000,-63.44000,39.62000
0.70000,-1.99000,-0.52000,-2.32000,0.00000,-2.19000,-0.91000,-61.21000,34.13000
0.70000,-1.99000,-0.56000,-2.34000,0.00000,-2.20000,-0.90000,-61.21000,34.13000
0.70000,-1.99000,-0.60000,-2.32000,0.00000,-2.21000,-0.91000,-59.45000,28.68000
0.70000,-1.99000,-0.64000,-2.20000,0.00000,-2.21000,-0.91000,-59.45000,28.68000
0.69000,-1.99000,-0.68000,-2.10000,0.00000,-2.21000,-0.91000,-60.88000,23.22000
0.69000,-1.98000,-0.72000,-2.10000,0.00000,-2.21000,-0.91000,-60.88000,23.22000
0.69000,-1.98000,-0.76000,-2.12000,0.00000,-2.21000,-0.91000,-62.53000,17.74000
0.69000,-1.98000,-0.80000,-2.20000,0.00000,-2.21000,-0.91000,-62.53000,17.74000
0.69000,-1.98000,-0.84000,-2.26000,0.00000,-2.21000,-0.91000,-61.65000,12.23000
0.69000,-1.98000,-0.88000,-2.30000,0.00000,-2.21000,-0.92000,-61.65000,12.23000
0.68000,-1.98000,-0.92000,-2.26000,0.00000,-2.20000,-0.93000,-59.96000,6.55000
0.68000,-1.97000,-0.96000,-2.18000,0.00000,-2.19000,-0.94000,-59.96000,6.55000
0.68000,-1.97000,-1.00000,-2.14000,0.00000,-2.17000,-0.95000,-60.81000,0.62000
0.68000,-1.97000,-1.04000,-2.12000,0.00000,-2.16000,-0.97000,-60.81000,0.62000
0.68000,-1.97000,-1.08000,-2.12000,0.00000,-2.14000,-0.98000,-61.25000,-5.57000
0.68000,-1.97000,-1.11000,-2.14000,0.00000,-2.13000,-1.00000,-61.25000,-5.57000
0.68000,-1.96000,-1.15000,-2.16000,0.00000,-2.11000,-1.01000,-60.61000,-11.90000
0.68000,-1.96000,-1.19000,-2.16000,0.00000,-2.18000,-1.41000,-60.61000,-11.90000
0.67000,-1.96000,-1.23000,-2.12000,0.00000,-3.23000,-3.26000,-76.92000,-51.63000
0.67000,-1.96000,-1.28000,-2.49000,0.00000,-1.05000,-2.11000,-76.92000,-51.63000
0.67000,-1.95000,-1.33000,-2.99000,0.00000,-1.01000,-2.12000,-45.03000,-54.13000
0.67000,-1.95000,-1.38000,-2.51000,-0.02000,-0.98000,-2.14000,-45.03000,-54.13000
0.67000,-1.95000,-1.40000,-1.60000,0.00000,-0.96000,-2.16000,-35.15000,-67.19000
0.67000,-1.95000,-1.42000,-0.79000,0.00000,-0.95000,-2.18000,-35.15000,-67.19000
0.67000,-1.95000,-1.42000,-0.08000,0.00000,-0.94000,-2.18000,-51.41000,-80.64000
0.67000,-1.95000,-1.42000,0.00000,0.00000,-0.94000,-2.18000,-51.41000,-80.64000
0.67000,-1.95000,-1.42000,-0.19000,0.00000,-0.94000,-2.18000,-64.16000,-93.74000
0.67000,-1.95000,-1.44000,-0.77000,0.00000,-0.94000,-2.18000,-64.16000,-93.74000
0.67000,-1.95000,-1.46000,-1.25000,0.00000,-0.94000,-2.19000,-58.19000,-106.93000
0.67000,-1.94000,-1.49000,-1.45000,-0.02000,-0.93000,-2.20000,-58.19000,-106.93000
0.67000,-1.94000,-1.51000,-1.54000,-0.19000,-0.92000,-2.20000,-48.70000,-119.98000
0.67000,-1.94000,-1.53000,-1.25000,-0.12000,-0.92000,-2.21000,-48.70000,-119.98000
0.67000,-1.94000,-1.54000,-0.69000,0.00000,-0.91000,-2.21000,-48.50000,-131.64000
0.67000,-1.94000,-1.55000,-0.39000,0.00000,-0.91000,-2.21000,-48.50000,-131.64000
0.67000,-1.94000,-1.55000,-0.19000,0.00000,-0.91000,-2.21000,-59.25000,-146.05000
0.67000,-1.94000,-1.56000,-0.23000,0.00000,-0.91000,-2.21000,-59.25000,-146.05000
0.67000,-1.94000,-1.57000,-0.48000,0.00000,-0.91000,-2.21000,-64.83000,-159.34000
0.67000,-1.94000,-1.58000,-0.77000,0.00000,-0.91000,-2.21000,-64.83000,-159.34000
0.67000,-1.94000,-1.60000,-0.89000,0.00000,-0.91000,-2.21000,-60.82000,-172.62000
0.67000,-1.94000,-1.61000,-0.87000,0.00000,-0.91000,-2.21000,-60.82000,-172.62000
0.67000,-1.93000,-1.63000,-0.89000,0.00000,-0.91000,-2.21000,-60.09000,-185.90000
0.67000,-1.93000,-1.64000,-0.79000,-0.02000,-0.91000,-2.21000,-60.09000,-185.90000
0.67000,-1.93000,-1.65000,-0.66000,-0.04000,-0.91000,-2.21000,-61.55000,-198.86000
0.67000,-1.93000,-1.63000,-0.75000,-2.22000,-0.91000,-2.21000,-61.55000,-198.86000
0.67000,-1.92000,-1.58000,-0.89000,-3.65000,-0.91000,-2.21000,-62.90000,-179.03000
0.67000,-1.92000,-1.51000,-1.00000,-4.60000,-0.91000,-2.21000,-62.90000,-179.03000
0.67000,-1.91000,-1.43000,-1.22000,-5.50000,-0.91000,-2.21000,-60.17000,-143.25000
0.67000,-1.90000,-1.36000,-1.41000,-5.37000,-0.91000,-2.21000,-60.17000,-143.25000
0.67000,-1.90000,-1.30000,-1.54000,-5.06000,-0.92000,-2.20000,-53.59000,-117.25000
0.67000,-1.89000,-1.24000,-1.41000,-4.56000,-0.93000,-2.19000,-53.59000,-117.25000
0.66000,-1.88000,-1.19000,-1.18000,-3.98000,-0.95000,-2.18000,-51.04000,-110.00000
0.66000,-1.88000,-1.15000,-1.10000,-3.46000,-0.96000,-2.16000,-51.04000,-110.00000
0.66000,-1.87000,-1.11000,-0.95000,-3.17000,-0.97000,-2.15000,-53.34000,-111.72000
0.66000,-1.87000,-1.07000,-0.85000,-3.07000,-0.99000,-2.14000,-53.34000,-111.72000
0.66000,-1.87000,-1.03000,-0.93000,-2.95000,-1.00000,-2.12000,-56.76000,-109.33000
0.65000,-1.86000,-1.00000,-1.00000,-2.86000,-1.01000,-2.11000,-56.76000,-109.33000
0.65000,-1.86000,-0.97000,-1.08000,-2.82000,-1.27000,-2.15000,-59.50000,-107.15000
0.65000,-1.86000,-0.94000,-1.20000,-2.74000,-3.22000,-3.25000,-59.50000,-107.15000
0.65000,-1.85000,-0.92000,-1.41000,-2.57000,-2.69000,-2.61000,-79.31000,-111.65000
0.64000,-1.85000,-0.90000,-1.91000,-2.59000,-2.11000,-1.05000,-79.31000,-111.65000
0.64000,-1.84000,-0.90000,-2.61000,-2.72000,-2.11000,-1.02000,-68.91000,-89.17000
0.64000,-1.84000,-0.92000,-2.82000,-2.14000,-2.11000,-1.01000,-68.91000,-89.17000
0.63000,-1.84000,-0.94000,-2.84000,-1.52000,-2.11000,-1.02000,-56.42000,-86.52000
0.63000,-1.83000,-0.96000,-2.51000,-1.08000,-2.11000,-1.03000,-56.42000,-86.52000
0.63000,-1.83000,-0.99000,-2.07000,-0.48000,-2.40000,-2.09000,-61.24000,-111.80000
0.63000,-1.83000,-1.01000,-1.95000,-1.27000,-3.27000,-3.29000,-61.24000,-111.80000
0.63000,-1.82000,-1.01000,-1.95000,-1.87000,-3.06000,-3.10000,-78.87000,-130.16000
0.62000,-1.82000,-1.00000,-2.24000,-2.74000,-2.92000,-2.97000,-78.87000,-130.16000
0.62000,-1.81000,-0.99000,-2.74000,-3.40000,-2.12000,-1.00000,-67.09000,-87.68000
0.62000,-1.81000,-0.99000,-2.97000,-2.86000,-2.13000,-1.00000,-67.09000,-87.68000
0.61000,-1.80000,-1.01000,-2.88000,-1.91000,-2.13000,-1.00000,-55.56000,-75.30000
0.61000,-1.80000,-1.03000,-2.53000,-1.02000,-2.12000,-1.01000,-55.56000,-75.30000
0.61000,-1.80000,-1.07000,-2.16000,-0.31000,-2.11000,-1.01000,-56.78000,-92.03000
0.61000,-1.79000,-1.10000,-1.93000,-0.06000,-2.15000,-1.25000,-56.78000,-92.03000
0.61000,-1.79000,-1.13000,-1.72000,-0.02000,-3.29000,-3.26000,-80.94000,-140.06000
0.61000,-1.79000,-1.17000,-2.08000,0.00000,-1.84000,-2.31000,-80.94000,-140.06000
0.60000,-1.79000,-1.22000,-2.76000,-0.06000,-1.01000,-2.11000,-52.81000,-142.90000
0.60000,-1.78000,-1.23000,-2.47000,-1.68000,-0.99000,-2.13000,-52.81000,-142.90000
0.60000,-1.78000,-1.20000,-1.83000,-3.38000,-0.99000,-2.14000,-40.17000,-130.77000
0.60000,-1.77000,-1.15000,-1.24000,-4.09000,-1.00000,-2.13000,-40.17000,-130.77000
0.60000,-1.77000,-1.08000,-0.52000,-4.38000,-1.02000,-2.11000,-50.08000,-96.97000
0.59000,-1.76000,-1.02000,-0.31000,-3.80000,-3.18000,-3.15000,-50.08000,-96.97000
0.59000,-1.76000,-0.98000,-0.39000,-2.86000,-2.11000,-1.01000,-79.13000,-72.99000
0.59000,-1.76000,-0.97000,-1.31000,-1.66000,-2.13000,-0.99000,-79.13000,-72.99000
0.59000,-1.76000,-1.01000,-2.37000,-0.19000,-2.13000,-0.99000,-75.33000,-88.03000
0.59000,-1.75000,-1.06000,-2.82000,0.00000,-2.12000,-1.01000,-75.33000,-88.03000
0.59000,-1.75000,-1.11000,-3.11000,-0.12000,-2.12000,-1.12000,-57.33000,-110.79000
0.58000,-1.75000,-1.14000,-2.82000,-1.14000,-3.03000,-3.07000,-57.33000,-110.79000
0.58000,-1.74000,-1.15000,-2.28000,-1.85000,-1.05000,-2.11000,-37.07000,-115.24000
0.58000,-1.74000,-1.14000,-1.47000,-2.39000,-1.02000,-2.11000,-37.07000,-115.24000
0.58000,-1.73000,-1.10000,-0.62000,-2.80000,-1.16000,-2.13000,-48.35000,-102.65000
0.58000,-1.73000,-1.05000,-0.33000,-2.80000,-3.29000,-3.27000,-48.35000,-102.65000
0.58000,-1.73000,-1.01000,-0.31000,-2.49000,-2.11000,-1.04000,-77.77000,-78.61000
0.57000,-1.73000,-1.00000,-1.04000,-1.45000,-2.12000,-1.01000,-77.77000,-78.61000
0.57000,-1.72000,-1.03000,-2.12000,-0.68000,-2.12000,-1.01000,-78.06000,-87.72000
0.57000,-1.72000,-1.08000,-2.74000,-0.02000,-2.11000,-1.01000,-78.06000,-87.72000
0.57000,-1.72000,-1.14000,-3.15000,0.00000,-2.65000,-2.57000,-66.98000,-129.93000
0.57000,-1.71000,-1.19000,-3.07000,0.00000,-1.31000,-2.16000,-66.98000,-129.93000
0.57000,-1.71000,-1.24000,-2.74000,-0.02000,-1.01000,-2.12000,-36.80000,-138.83000
0.57000,-1.71000,-1.26000,-1.87000,-0.77000,-0.99000,-2.14000,-36.80000,-138.83000
0.56000,-1.70000,-1.23000,-0.79000,-2.74000,-0.97000,-2.15000,-41.98000,-140.48000
0.56000,-1.70000,-1.16000,-0.25000,-3.94000,-0.99000,-2.14000,-41.98000,-140.48000
0.56000,-1.70000,-1.08000,0.00000,-4.61000,-1.01000,-2.11000,-61.48000,-100.55000
0.56000,-1.69000,-1.00000,-0.02000,-4.07000,-3.14000,-3.11000,-61.48000,-100.55000
0.56000,-1.69000,-0.96000,-0.60000,-3.11000,-2.12000,-1.01000,-86.06000,-71.17000
0.55000,-1.68000,-0.95000,-1.78000,-1.91000,-2.14000,-0.99000,-86.06000,-71.17000
0.55000,-1.68000,-0.99000,-2.95000,-0.73000,-2.14000,-0.99000,-72.52000,-84.86000
0.55000,-1.68000,-1.05000,-3.32000,-0.02000,-2.12000,-1.00000,-72.52000,-84.86000
0.55000,-1.67000,-1.11000,-3.34000,0.00000,-2.11000,-1.04000,-51.12000,-108.43000
0.55000,-1.67000,-1.17000,-2.82000,0.00000,-3.05000,-3.09000,-51.12000,-108.43000
0.55000,-1.67000,-1.20000,-2.03000,0.00000,-1.01000,-2.11000,-34.93000,-130.89000
0.54000,-1.67000,-1.22000,-1.16000,-0.02000,-1.00000,-2.12000,-34.93000,-130.89000
0.54000,-1.67000,-1.22000,-0.23000,-0.48000,-0.99000,-2.13000,-48.63000,-143.60000
0.54000,-1.67000,-1.17000,0.00000,-2.61000,-0.99000,-2.13000,-48.63000,-143.60000
0.54000,-1.66000,-1.10000,0.00000,-3.90000,-1.01000,-2.11000,-65.33000,-117.08000
0.54000,-1.66000,-1.04000,-0.62000,-4.11000,-3.18000,-3.21000,-65.33000,-117.08000
0.54000,-1.65000,-0.99000,-1.20000,-3.84000,-2.11000,-1.02000,-78.48000,-75.29000
0.53000,-1.65000,-0.98000,-1.99000,-2.72000,-2.12000,-1.00000,-78.48000,-75.29000
0.53000,-1.64000,-1.01000,-2.82000,-1.25000,-2.13000,-0.99000,-67.24000,-77.18000
0.53000,-1.64000,-1.06000,-3.07000,-0.12000,-2.12000,-1.00000,-67.24000,-77.18000
0.53000,-1.64000,-1.11000,-2.95000,-0.04000,-2.11000,-1.02000,-51.49000,-106.20000
0.53000,-1.63000,-1.16000,-2.53000,0.00000,-3.29000,-3.27000,-51.49000,-106.20000
0.53000,-1.63000,-1.19000,-1.95000,-0.02000,-1.04000,-2.11000,-37.87000,-129.70000
0.52000,-1.63000,-1.19000,-1.16000,-1.31000,-1.01000,-2.12000,-37.87000,-129.70000
0.52000,-1.63000,-1.15000,-0.42000,-2.78000,-1.01000,-2.12000,-48.98000,-122.87000
0.52000,-1.62000,-1.09000,-0.04000,-3.40000,-1.07000,-2.11000,-48.98000,-122.87000
0.52000,-1.62000,-1.02000,0.00000,-3.67000,-2.96000,-2.92000,-94.19000,-108.34000
0.52000,-1.62000,-0.98000,-1.26000,-3.46000,-2.12000,-1.01000,-94.19000,-108.34000
0.51000,-1.61000,-0.98000,-3.03000,-2.97000,-2.14000,-0.99000,-80.95000,-75.59000
0.51000,-1.60000,-1.01000,-3.80000,-1.93000,-2.14000,-0.98000,-80.95000,-75.59000
0.51000,-1.60000,-1.07000,-3.98000,-0.79000,-2.14000,-0.99000,-48.19000,-83.76000
0.50000,-1.60000,-1.13000,-3.36000,-0.42000,-2.12000,-1.01000,-48.19000,-83.76000
0.50000,-1.59000,-1.17000,-2.41000,0.00000,-2.11000,-1.08000,-44.38000,-102.11000
0.50000,-1.59000,-1.20000,-1.62000,0.00000,-3.29000,-3.27000,-44.38000,-102.11000
0.50000,-1.59000,-1.21000,-0.91000,-0.02000,-1.91000,-2.33000,-59.93000,-131.18000
0.50000,-1.59000,-1.23000,-0.83000,-0.19000,-1.05000,-2.11000,-59.93000,-131.18000
0.50000,-1.59000,-1.21000,-1.10000,-1.87000,-1.02000,-2.11000,-60.17000,-138.97000
0.50000,-1.58000,-1.18000,-1.20000,-3.24000,-1.03000,-2.11000,-60.17000,-138.97000
0.50000,-1.58000,-1.12000,-1.33000,-4.13000,-2.49000,-2.59000,-77.82000,-111.96000
0.49000,-1.57000,-1.09000,-1.89000,-4.00000,-2.11000,-1.04000,-77.82000,-111.96000
0.49000,-1.56000,-1.07000,-2.59000,-3.51000,-2.12000,-1.01000,-69.67000,-72.88000
0.49000,-1.56000,-1.08000,-2.88000,-2.41000,-2.12000,-1.00000,-69.67000,-72.88000
0.49000,-1.56000,-1.12000,-2.95000,-0.93000,-2.12000,-1.00000,-56.18000,-78.80000
0.48000,-1.55000,-1.15000,-2.74000,-0.54000,-2.11000,-1.02000,-56.18000,-78.80000
0.48000,-1.55000,-1.20000,-2.30000,-0.02000,-2.63000,-2.54000,-61.33000,-121.40000
0.48000,-1.55000,-1.23000,-2.10000,-0.39000,-2.80000,-2.85000,-61.33000,-121.40000
0.48000,-1.54000,-1.23000,-2.05000,-1.76000,-1.03000,-2.11000,-46.32000,-129.08000
0.48000,-1.54000,-1.21000,-1.64000,-2.84000,-1.02000,-2.11000,-46.32000,-129.08000
0.48000,-1.53000,-1.16000,-1.08000,-3.63000,-1.30000,-2.16000,-50.84000,-103.38000
0.48000,-1.53000,-1.12000,-0.79000,-3.51000,-3.16000,-3.13000,-50.84000,-103.38000
0.47000,-1.53000,-1.08000,-0.79000,-2.97000,-2.11000,-1.02000,-73.68000,-72.22000
0.47000,-1.52000,-1.07000,-1.37000,-1.95000,-2.12000,-1.00000,-73.68000,-72.22000
0.47000,-1.52000,-1.09000,-2.20000,-0.81000,-2.13000,-1.00000,-73.18000,-80.31000
0.47000,-1.52000,-1.14000,-2.74000,-0.04000,-2.12000,-1.01000,-73.18000,-80.31000
0.47000,-1.51000,-1.19000,-3.07000,-0.02000,-2.11000,-1.09000,-56.99000,-104.68000
0.47000,-1.51000,-1.24000,-2.74000,-0.06000,-3.02000,-3.06000,-56.99000,-104.68000
0.47000,-1.51000,-1.28000,-2.24000,0.00000,-1.02000,-2.11000,-36.75000,-125.89000
0.46000,-1.51000,-1.31000,-1.43000,-0.02000,-1.00000,-2.12000,-36.75000,-125.89000
0.46000,-1.51000,-1.32000,-0.48000,-0.08000,-0.99000,-2.14000,-45.62000,-139.21000
0.46000,-1.50000,-1.28000,0.00000,-1.74000,-0.99000,-2.14000,-45.62000,-139.21000
0.46000,-1.50000,-1.22000,0.00000,-3.34000,-1.00000,-2.13000,-64.59000,-125.91000
0.46000,-1.50000,-1.16000,-0.48000,-3.92000,-1.03000,-2.11000,-64.59000,-125.91000
0.46000,-1.49000,-1.11000,-1.02000,-4.07000,-3.08000,-3.04000,-94.65000,-109.31000
0.46000,-1.48000,-1.08000,-2.20000,-3.67000,-2.11000,-1.01000,-94.65000,-109.31000
0.45000,-1.48000,-1.09000,-3.53000,-3.07000,-2.12000,-1.00000,-70.07000,-77.18000
0.45000,-1.47000,-1.12000,-3.78000,-2.18000,-2.12000,-1.01000,-70.07000,-77.18000
0.45000,-1.47000,-1.16000,-3.49000,-1.04000,-2.11000,-1.01000,-45.75000,-83.73000
0.45000,-1.46000,-1.20000,-2.82000,-0.68000,-2.55000,-2.43000,-45.75000,-83.73000
0.44000,-1.46000,-1.23000,-1.91000,-0.10000,-2.99000,-3.03000,-63.34000,-129.46000
0.44000,-1.46000,-1.26000,-1.62000,-0.19000,-1.03000,-2.11000,-63.34000,-129.46000
0.44000,-1.46000,-1.26000,-1.76000,-1.83000,-1.01000,-2.11000,-52.68000,-137.18000
0.44000,-1.45000,-1.23000,-1.68000,-3.17000,-1.01000,-2.11000,-52.68000,-137.18000
0.44000,-1.44000,-1.18000,-1.33000,-4.17000,-1.03000,-2.11000,-48.36000,-103.83000
0.44000,-1.44000,-1.13000,-1.00000,-3.96000,-3.29000,-3.27000,-48.36000,-103.83000
0.44000,-1.44000,-1.08000,-0.77000,-3.22000,-2.11000,-1.02000,-70.88000,-69.32000
0.43000,-1.43000,-1.07000,-1.24000,-1.99000,-2.12000,-1.00000,-70.88000,-69.32000
0.43000,-1.43000,-1.09000,-1.99000,-0.48000,-2.13000,-0.99000,-74.15000,-80.84000
0.43000,-1.43000,-1.14000,-2.51000,-0.06000,-2.12000,-1.01000,-74.15000,-80.84000
0.43000,-1.42000,-1.19000,-2.97000,0.00000,-2.11000,-1.03000,-60.12000,-104.38000
0.43000,-1.42000,-1.24000,-2.84000,0.00000,-3.23000,-3.26000,-60.12000,-104.38000
0.43000,-1.42000,-1.29000,-2.45000,-0.02000,-1.02000,-2.11000,-36.40000,-127.23000
0.43000,-1.42000,-1.30000,-1.66000,-1.20000,-1.00000,-2.12000,-36.40000,-127.23000
0.43000,-1.41000,-1.26000,-0.68000,-2.74000,-1.00000,-2.13000,-42.86000,-122.14000
0.42000,-1.41000,-1.20000,-0.08000,-3.42000,-1.01000,-2.11000,-42.86000,-122.14000
0.42000,-1.40000,-1.13000,0.00000,-3.69000,-2.75000,-2.81000,-88.80000,-104.61000
0.42000,-1.40000,-1.09000,-0.93000,-3.32000,-2.11000,-1.04000,-88.80000,-104.61000
0.42000,-1.39000,-1.08000,-2.47000,-2.78000,-2.12000,-1.01000,-82.62000,-75.45000
0.42000,-1.39000,-1.11000,-3.24000,-1.89000,-2.12000,-1.00000,-82.62000,-75.45000
0.41000,-1.39000,-1.16000,-3.65000,-0.71000,-2.12000,-1.01000,-55.14000,-83.10000
0.41000,-1.38000,-1.22000,-3.34000,-0.02000,-2.23000,-1.59000,-55.14000,-83.10000
0.41000,-1.38000,-1.27000,-2.66000,0.00000,-1.87000,-2.32000,-43.24000,-125.52000
0.41000,-1.38000,-1.28000,-1.83000,-1.04000,-1.01000,-2.11000,-43.24000,-125.52000
0.41000,-1.37000,-1.26000,-1.12000,-2.47000,-1.01000,-2.12000,-44.12000,-121.06000
0.41000,-1.37000,-1.21000,-0.62000,-3.20000,-1.01000,-2.11000,-44.12000,-121.06000
0.41000,-1.36000,-1.15000,-0.31000,-3.55000,-1.83000,-2.31000,-69.65000,-98.00000
0.40000,-1.36000,-1.11000,-0.83000,-3.11000,-2.30000,-1.81000,-69.65000,-98.00000
0.40000,-1.36000,-1.10000,-1.64000,-2.49000,-2.11000,-1.01000,-77.97000,-74.49000
0.40000,-1.35000,-1.11000,-2.36000,-1.53000,-2.12000,-1.01000,-77.97000,-74.49000
0.40000,-1.35000,-1.16000,-2.91000,-0.50000,-2.11000,-1.01000,-62.70000,-85.52000
0.40000,-1.35000,-1.21000,-2.91000,0.00000,-2.12000,-1.12000,-62.70000,-85.52000
0.40000,-1.34000,-1.26000,-2.66000,0.00000,-3.10000,-3.14000,-67.93000,-137.29000
0.39000,-1.34000,-1.30000,-2.47000,-0.17000,-1.02000,-2.11000,-67.93000,-137.29000
0.39000,-1.34000,-1.31000,-2.47000,-1.91000,-1.00000,-2.12000,-44.11000,-138.44000
0.39000,-1.33000,-1.28000,-1.99000,-3.38000,-0.99000,-2.13000,-44.11000,-138.44000
0.39000,-1.32000,-1.23000,-1.16000,-4.25000,-1.00000,-2.13000,-42.44000,-101.97000
0.39000,-1.32000,-1.17000,-0.60000,-3.98000,-1.02000,-2.11000,-42.44000,-101.97000
0.39000,-1.32000,-1.11000,-0.27000,-3.15000,-3.22000,-3.25000,-90.67000,-102.26000
0.38000,-1.31000,-1.09000,-1.33000,-2.66000,-2.11000,-1.04000,-90.67000,-102.26000
0.38000,-1.31000,-1.10000,-2.76000,-2.37000,-2.11000,-1.01000,-78.85000,-84.20000
0.38000,-1.30000,-1.13000,-3.38000,-1.76000,-2.11000,-1.01000,-78.85000,-84.20000
0.38000,-1.30000,-1.17000,-3.63000,-1.06000,-2.11000,-1.02000,-52.66000,-87.80000
0.38000,-1.29000,-1.22000,-3.15000,-0.54000,-2.52000,-2.37000,-52.66000,-87.80000
0.37000,-1.29000,-1.25000,-2.35000,-0.75000,-2.75000,-2.81000,-58.04000,-128.58000
0.37000,-1.29000,-1.26000,-1.99000,-1.33000,-2.86000,-2.91000,-58.04000,-128.58000
0.37000,-1.28000,-1.24000,-1.78000,-2.78000,-1.71000,-2.27000,-57.55000,-122.27000
0.37000,-1.28000,-1.21000,-1.56000,-3.40000,-3.09000,-3.12000,-57.55000,-122.27000
0.37000,-1.27000,-1.17000,-1.51000,-3.61000,-2.71000,-2.63000,-77.33000,-102.25000
0.37000,-1.26000,-1.15000,-2.05000,-3.24000,-2.11000,-1.02000,-77.33000,-102.25000
0.36000,-1.26000,-1.15000,-2.72000,-2.74000,-2.12000,-1.01000,-67.90000,-75.78000
0.36000,-1.25000,-1.17000,-2.90000,-1.87000,-2.12000,-1.01000,-67.90000,-75.78000
0.36000,-1.25000,-1.21000,-2.91000,-0.81000,-2.11000,-1.01000,-55.39000,-83.02000
0.36000,-1.25000,-1.25000,-2.64000,-0.06000,-2.30000,-1.80000,-55.39000,-83.02000
0.36000,-1.25000,-1.29000,-2.16000,0.00000,-2.87000,-2.92000,-66.05000,-133.55000
0.36000,-1.24000,-1.33000,-2.08000,0.00000,-1.02000,-2.11000,-66.05000,-133.55000
0.36000,-1.24000,-1.37000,-2.20000,-0.02000,-1.00000,-2.12000,-47.90000,-139.66000
0.36000,-1.24000,-1.38000,-1.74000,-1.06000,-0.99000,-2.14000,-47.90000,-139.66000
0.35000,-1.23000,-1.35000,-1.12000,-2.99000,-0.98000,-2.14000,-46.12000,-136.86000
0.35000,-1.23000,-1.29000,-0.77000,-3.98000,-0.99000,-2.13000,-46.12000,-136.86000
0.35000,-1.22000,-1.22000,-0.50000,-4.46000,-1.02000,-2.11000,-56.71000,-98.94000
0.35000,-1.22000,-1.16000,-0.44000,-3.88000,-3.16000,-3.13000,-56.71000,-98.94000
0.35000,-1.21000,-1.12000,-0.81000,-2.91000,-2.11000,-1.01000,-79.60000,-72.80000
0.35000,-1.21000,-1.12000,-1.62000,-1.70000,-2.13000,-1.00000,-79.60000,-72.80000
0.35000,-1.21000,-1.15000,-2.59000,-0.62000,-2.13000,-1.00000,-72.17000,-88.02000
0.34000,-1.20000,-1.20000,-2.88000,-0.29000,-2.12000,-1.01000,-72.17000,-88.02000
0.34000,-1.20000,-1.25000,-2.97000,0.00000,-2.16000,-1.32000,-56.74000,-109.89000
0.34000,-1.20000,-1.30000,-2.72000,0.00000,-2.78000,-2.84000,-56.74000,-109.89000
0.34000,-1.20000,-1.34000,-2.12000,-0.02000,-1.01000,-2.11000,-37.66000,-132.23000
0.34000,-1.19000,-1.35000,-1.31000,-0.64000,-1.00000,-2.13000,-37.66000,-132.23000
0.34000,-1.19000,-1.31000,-0.48000,-2.51000,-0.99000,-2.13000,-48.29000,-135.54000
0.34000,-1.19000,-1.25000,-0.17000,-3.63000,-1.01000,-2.12000,-48.29000,-135.54000
0.34000,-1.18000,-1.18000,-0.21000,-4.27000,-2.51000,-2.60000,-86.25000,-106.72000
0.34000,-1.18000,-1.13000,-1.27000,-3.86000,-2.11000,-1.03000,-86.25000,-106.72000
0.33000,-1.17000,-1.12000,-2.63000,-3.11000,-2.12000,-1.00000,-78.03000,-73.14000
0.33000,-1.17000,-1.14000,-3.22000,-2.05000,-2.13000,-1.00000,-78.03000,-73.14000
0.33000,-1.16000,-1.19000,-3.44000,-0.81000,-2.12000,-1.01000,-53.89000,-83.14000
0.33000,-1.16000,-1.25000,-3.09000,0.00000,-2.11000,-1.05000,-53.89000,-83.14000
0.33000,-1.16000,-1.29000,-2.37000,0.00000,-3.13000,-3.17000,-64.38000,-140.05000
0.33000,-1.15000,-1.32000,-2.05000,-0.31000,-1.02000,-2.11000,-64.38000,-140.05000
0.32000,-1.15000,-1.32000,-2.07000,-2.28000,-1.01000,-2.12000,-48.32000,-138.66000
0.32000,-1.14000,-1.28000,-1.72000,-3.63000,-1.01000,-2.12000,-48.32000,-138.66000
0.32000,-1.14000,-1.23000,-1.16000,-4.36000,-1.02000,-2.11000,-47.27000,-99.53000
0.32000,-1.13000,-1.17000,-0.77000,-3.92000,-3.26000,-3.23000,-47.27000,-99.53000
0.32000,-1.13000,-1.12000,-0.60000,-3.05000,-2.11000,-1.02000,-73.64000,-69.66000
0.32000,-1.12000,-1.11000,-1.20000,-1.80000,-2.13000,-1.00000,-73.64000,-69.66000
0.31000,-1.12000,-1.14000,-2.01000,-0.56000,-2.13000,-0.99000,-75.49000,-83.63000
0.31000,-1.12000,-1.19000,-2.59000,0.00000,-2.12000,-1.00000,-75.49000,-83.63000
0.31000,-1.12000,-1.24000,-2.95000,0.00000,-2.11000,-1.03000,-59.82000,-106.32000
0.31000,-1.11000,-1.29000,-2.80000,0.00000,-3.26000,-3.29000,-59.82000,-106.32000
0.31000,-1.11000,-1.33000,-2.35000,-0.02000,-1.02000,-2.11000,-37.52000,-128.67000
0.31000,-1.11000,-1.36000,-1.58000,-0.06000,-1.00000,-2.12000,-37.52000,-128.67000
0.31000,-1.11000,-1.35000,-0.66000,-1.45000,-0.99000,-2.13000,-44.75000,-140.77000
0.31000,-1.10000,-1.29000,-0.21000,-3.11000,-1.00000,-2.13000,-44.75000,-140.77000
0.31000,-1.10000,-1.22000,-0.04000,-4.15000,-1.02000,-2.11000,-62.16000,-107.07000
0.31000,-1.09000,-1.15000,-0.12000,-3.98000,-3.12000,-3.08000,-62.16000,-107.07000
0.30000,-1.09000,-1.10000,-0.79000,-3.40000,-2.12000,-1.01000,-84.76000,-71.52000
0.30000,-1.09000,-1.09000,-1.78000,-2.20000,-2.14000,-0.99000,-84.76000,-71.52000
0.30000,-1.08000,-1.13000,-2.91000,-0.71000,-2.14000,-0.98000,-72.19000,-80.06000
0.30000,-1.08000,-1.19000,-3.28000,0.00000,-2.13000,-1.00000,-72.19000,-80.06000
0.30000,-1.08000,-1.25000,-3.22000,0.00000,-2.11000,-1.03000,-51.37000,-106.40000
0.30000,-1.07000,-1.30000,-2.76000,-0.02000,-3.19000,-3.22000,-51.37000,-106.40000
0.30000,-1.07000,-1.33000,-2.12000,-0.58000,-1.02000,-2.11000,-35.80000,-128.44000
0.29000,-1.07000,-1.31000,-1.20000,-2.14000,-1.01000,-2.12000,-35.80000,-128.44000
0.29000,-1.06000,-1.26000,-0.27000,-3.24000,-1.01000,-2.11000,-48.61000,-109.27000
0.29000,-1.06000,-1.20000,-0.10000,-3.38000,-2.72000,-2.79000,-48.61000,-109.27000
0.29000,-1.05000,-1.14000,-0.04000,-3.17000,-2.12000,-1.13000,-80.60000,-75.78000
0.29000,-1.05000,-1.12000,-0.97000,-2.24000,-2.12000,-1.00000,-80.60000,-75.78000
0.29000,-1.05000,-1.14000,-2.22000,-1.00000,-2.13000,-0.99000,-79.78000,-77.29000
0.29000,-1.05000,-1.20000,-3.03000,0.00000,-2.12000,-1.00000,-79.78000,-77.29000
0.28000,-1.04000,-1.26000,-3.36000,0.00000,-2.11000,-1.02000,-55.52000,-103.89000
0.28000,-1.04000,-1.31000,-3.03000,-0.02000,-3.18000,-3.21000,-55.52000,-103.89000
0.28000,-1.04000,-1.35000,-2.41000,0.00000,-1.02000,-2.11000,-33.61000,-125.98000
0.28000,-1.03000,-1.37000,-1.39000,-0.81000,-1.00000,-2.13000,-33.61000,-125.98000
0.28000,-1.03000,-1.33000,-0.33000,-2.32000,-0.99000,-2.13000,-45.77000,-127.02000
0.28000,-1.03000,-1.27000,0.00000,-3.11000,-1.01000,-2.12000,-45.77000,-127.02000
0.28000,-1.02000,-1.21000,0.00000,-3.61000,-1.34000,-2.16000,-69.42000,-100.91000
0.28000,-1.02000,-1.15000,-0.02000,-3.34000,-2.26000,-1.69000,-69.42000,-100.91000
0.28000,-1.02000,-1.10000,-0.33000,-2.72000,-2.12000,-1.01000,-88.88000,-74.43000
0.28000,-1.01000,-1.11000,-1.70000,-1.66000,-2.14000,-0.99000,-88.88000,-74.43000
0.27000,-1.01000,-1.15000,-2.93000,-0.39000,-2.14000,-0.99000,-76.58000,-85.32000
0.27000,-1.01000,-1.21000,-3.28000,-0.02000,-2.12000,-1.00000,-76.58000,-85.32000
0.27000,-1.00000,-1.27000,-3.34000,-0.08000,-2.11000,-1.04000,-55.04000,-106.62000
0.27000,-1.00000,-1.32000,-2.95000,-0.02000,-3.14000,-3.17000,-55.04000,-106.62000
0.27000,-1.00000,-1.35000,-2.28000,-0.85000,-1.02000,-2.11000,-36.61000,-128.79000
0.27000,-0.99000,-1.33000,-1.37000,-2.10000,-1.01000,-2.12000,-36.61000,-128.79000
0.27000,-0.99000,-1.29000,-0.52000,-3.13000,-1.01000,-2.12000,-48.59000,-110.32000
0.27000,-0.99000,-1.23000,-0.15000,-3.26000,-1.08000,-2.11000,-48.59000,-110.32000
0.26000,-0.98000,-1.18000,-0.08000,-3.15000,-3.10000,-3.06000,-96.15000,-107.23000
0.26000,-0.98000,-1.15000,-1.27000,-2.86000,-2.11000,-1.01000,-96.15000,-107.23000
0.26000,-0.97000,-1.15000,-3.03000,-2.57000,-2.12000,-1.00000,-82.45000,-81.04000
0.26000,-0.97000,-1.19000,-3.65000,-1.89000,-2.13000,-1.00000,-82.45000,-81.04000
0.26000,-0.96000,-1.24000,-3.80000,-1.06000,-2.12000,-1.01000,-51.74000,-84.59000
0.25000,-0.96000,-1.28000,-3.28000,-0.60000,-2.11000,-1.03000,-51.74000,-84.59000
0.25000,-0.95000,-1.32000,-2.45000,-0.29000,-3.22000,-3.19000,-64.66000,-131.39000
0.25000,-0.95000,-1.34000,-2.01000,-1.20000,-1.62000,-2.24000,-64.66000,-131.39000
0.25000,-0.95000,-1.32000,-1.95000,-2.70000,-1.03000,-2.11000,-50.43000,-121.60000
0.25000,-0.94000,-1.30000,-1.70000,-3.22000,-1.05000,-2.11000,-50.43000,-121.60000
0.25000,-0.93000,-1.26000,-1.18000,-3.53000,-3.10000,-3.13000,-80.26000,-112.24000
0.25000,-0.93000,-1.22000,-1.62000,-3.44000,-2.24000,-1.62000,-80.26000,-112.24000
0.25000,-0.92000,-1.21000,-2.49000,-3.13000,-2.11000,-1.02000,-75.03000,-76.56000
0.24000,-0.92000,-1.22000,-2.95000,-2.18000,-2.11000,-1.01000,-75.03000,-76.56000
0.24000,-0.91000,-1.26000,-3.18000,-1.10000,-2.11000,-1.02000,-58.02000,-80.95000
0.24000,-0.91000,-1.31000,-2.91000,-0.39000,-2.38000,-2.03000,-58.02000,-80.95000
0.24000,-0.91000,-1.35000,-2.47000,0.00000,-2.82000,-2.88000,-64.32000,-128.66000
0.24000,-0.90000,-1.38000,-2.22000,-0.62000,-1.02000,-2.11000,-64.32000,-128.66000
0.24000,-0.90000,-1.38000,-2.10000,-2.30000,-1.01000,-2.12000,-46.88000,-128.80000
0.24000,-0.89000,-1.35000,-1.70000,-3.22000,-1.01000,-2.12000,-46.88000,-128.80000
0.24000,-0.89000,-1.30000,-1.14000,-3.76000,-1.02000,-2.11000,-47.51000,-98.69000
0.23000,-0.88000,-1.25000,-0.81000,-3.44000,-2.88000,-2.93000,-47.51000,-98.69000
0.23000,-0.88000,-1.21000,-0.58000,-2.80000,-2.25000,-1.65000,-75.29000,-81.76000
0.23000,-0.88000,-1.21000,-1.33000,-1.85000,-2.11000,-1.01000,-75.29000,-81.76000
0.23000,-0.87000,-1.23000,-2.28000,-1.00000,-2.12000,-1.01000,-74.13000,-85.35000
0.23000,-0.87000,-1.27000,-2.80000,-0.29000,-2.11000,-1.02000,-74.13000,-85.35000
0.23000,-0.87000,-1.32000,-3.13000,-0.62000,-3.08000,-3.04000,-71.23000,-134.18000
0.23000,-0.86000,-1.37000,-3.13000,-0.25000,-1.51000,-2.21000,-71.23000,-134.18000
0.23000,-0.86000,-1.39000,-2.97000,-2.01000,-1.01000,-2.12000,-36.87000,-137.43000
0.23000,-0.85000,-1.37000,-2.18000,-3.26000,-1.00000,-2.12000,-36.87000,-137.43000
0.22000,-0.85000,-1.32000,-1.08000,-3.98000,-1.01000,-2.12000,-38.44000,-103.52000
0.22000,-0.84000,-1.26000,-0.33000,-3.69000,-1.35000,-2.17000,-38.44000,-103.52000
0.22000,-0.84000,-1.20000,0.00000,-3.03000,-2.40000,-2.08000,-79.98000,-89.59000
0.22000,-0.84000,-1.17000,-0.56000,-2.24000,-2.12000,-1.01000,-79.98000,-89.59000
0.22000,-0.83000,-1.18000,-1.95000,-1.54000,-2.13000,-1.00000,-84.88000,-85.43000
0.22000,-0.83000,-1.21000,-2.82000,-1.04000,-2.13000,-1.00000,-84.88000,-85.43000
0.22000,-0.82000,-1.26000,-3.40000,-0.68000,-2.11000,-1.01000,-60.15000,-96.24000
0.21000,-0.82000,-1.31000,-3.26000,-0.48000,-2.36000,-1.97000,-60.15000,-96.24000
0.21000,-0.82000,-1.34000,-2.76000,-0.95000,-2.52000,-2.61000,-55.50000,-128.52000
0.21000,-0.81000,-1.35000,-2.24000,-1.93000,-1.02000,-2.11000,-55.50000,-128.52000
0.21000,-0.81000,-1.33000,-1.87000,-3.01000,-1.02000,-2.11000,-43.75000,-111.97000
0.21000,-0.80000,-1.29000,-1.41000,-3.22000,-1.07000,-2.11000,-43.75000,-111.97000
0.21000,-0.80000,-1.25000,-0.79000,-3.18000,-3.13000,-3.17000,-80.61000,-109.60000
0.21000,-0.79000,-1.22000,-1.37000,-3.01000,-2.19000,-1.45000,-80.61000,-109.60000
0.21000,-0.79000,-1.22000,-2.47000,-2.76000,-2.11000,-1.02000,-76.19000,-80.18000
0.20000,-0.78000,-1.24000,-3.09000,-2.01000,-2.11000,-1.01000,-76.19000,-80.18000
0.20000,-0.78000,-1.28000,-3.32000,-1.06000,-2.11000,-1.02000,-54.74000,-83.28000
0.20000,-0.77000,-1.32000,-2.99000,-0.56000,-3.15000,-3.12000,-54.74000,-83.28000
0.20000,-0.77000,-1.37000,-2.47000,-0.02000,-1.44000,-2.19000,-40.39000,-116.61000
0.20000,-0.77000,-1.38000,-1.68000,-0.91000,-1.01000,-2.11000,-40.39000,-116.61000
0.20000,-0.76000,-1.36000,-0.83000,-1.99000,-1.01000,-2.12000,-44.21000,-120.07000
0.20000,-0.76000,-1.32000,-0.42000,-2.70000,-1.01000,-2.11000,-44.21000,-120.07000
0.20000,-0.76000,-1.26000,-0.19000,-3.15000,-1.52000,-2.21000,-66.86000,-101.90000
0.20000,-0.75000,-1.22000,-0.56000,-2.97000,-2.69000,-2.61000,-66.86000,-101.90000
0.19000,-0.75000,-1.20000,-1.33000,-2.43000,-2.11000,-1.01000,-80.14000,-76.98000
0.19000,-0.74000,-1.21000,-2.20000,-1.54000,-2.12000,-1.01000,-80.14000,-76.98000
0.19000,-0.74000,-1.26000,-2.97000,-0.33000,-2.11000,-1.01000,-64.91000,-86.70000
0.19000,-0.74000,-1.31000,-2.99000,0.00000,-2.28000,-1.76000,-64.91000,-86.70000
0.19000,-0.74000,-1.36000,-2.80000,0.00000,-2.33000,-2.50000,-55.76000,-128.96000
0.19000,-0.73000,-1.39000,-2.36000,-0.91000,-1.01000,-2.11000,-55.76000,-128.96000
0.19000,-0.73000,-1.38000,-1.87000,-2.49000,-1.00000,-2.12000,-41.26000,-124.61000
0.19000,-0.72000,-1.34000,-1.33000,-3.24000,-1.01000,-2.12000,-41.26000,-124.61000
0.19000,-0.72000,-1.29000,-0.68000,-3.59000,-1.02000,-2.11000,-48.86000,-96.77000
0.18000,-0.71000,-1.24000,-0.46000,-3.17000,-3.14000,-3.17000,-48.86000,-96.77000
0.18000,-0.71000,-1.21000,-0.44000,-2.47000,-2.12000,-1.13000,-76.64000,-76.30000
0.18000,-0.71000,-1.20000,-1.24000,-1.45000,-2.11000,-1.01000,-76.64000,-76.30000
0.18000,-0.70000,-1.23000,-2.28000,-0.52000,-2.12000,-1.01000,-74.72000,-88.04000
0.18000,-0.70000,-1.28000,-2.82000,-0.08000,-2.11000,-1.03000,-74.72000,-88.04000
0.18000,-0.70000,-1.34000,-3.11000,0.00000,-3.29000,-3.27000,-73.89000,-139.75000
0.18000,-0.69000,-1.37000,-3.21000,-1.43000,-1.02000,-2.11000,-73.89000,-139.75000
0.18000,-0.69000,-1.37000,-3.17000,-3.22000,-1.01000,-2.12000,-36.59000,-121.44000
0.18000,-0.68000,-1.35000,-2.41000,-3.65000,-1.01000,-2.12000,-36.59000,-121.44000
0.17000,-0.67000,-1.31000,-1.25000,-3.59000,-1.01000,-2.11000,-35.52000,-92.13000
0.17000,-0.67000,-1.26000,-0.42000,-3.03000,-1.55000,-2.22000,-35.52000,-92.13000
0.17000,-0.67000,-1.22000,0.00000,-2.20000,-3.01000,-2.97000,-87.07000,-105.15000
0.17000,-0.66000,-1.21000,-1.16000,-1.97000,-2.11000,-1.02000,-87.07000,-105.15000
0.17000,-0.66000,-1.22000,-2.70000,-1.93000,-2.11000,-1.01000,-77.90000,-91.27000
0.17000,-0.65000,-1.25000,-3.32000,-1.72000,-2.11000,-1.02000,-77.90000,-91.27000
0.17000,-0.65000,-1.29000,-3.53000,-1.29000,-2.19000,-1.45000,-52.46000,-95.85000
0.16000,-0.64000,-1.32000,-3.15000,-1.20000,-3.21000,-3.24000,-52.46000,-95.85000
0.16000,-0.64000,-1.34000,-2.41000,-1.24000,-1.07000,-2.11000,-31.33000,-111.89000
0.16000,-0.64000,-1.34000,-1.33000,-1.70000,-1.01000,-2.11000,-31.33000,-111.89000
0.16000,-0.63000,-1.30000,-0.25000,-2.32000,-1.02000,-2.11000,-45.44000,-109.80000
0.16000,-0.63000,-1.25000,0.00000,-2.53000,-2.48000,-2.58000,-45.44000,-109.80000
0.16000,-0.63000,-1.21000,-0.02000,-2.68000,-2.64000,-2.55000,-87.80000,-106.45000
0.16000,-0.62000,-1.18000,-1.14000,-2.61000,-2.11000,-1.01000,-87.80000,-106.45000
0.16000,-0.62000,-1.18000,-2.51000,-2.39000,-2.12000,-1.00000,-78.79000,-82.10000
0.15000,-0.61000,-1.21000,-3.24000,-1.78000,-2.12000,-1.00000,-78.79000,-82.10000
0.15000,-0.61000,-1.25000,-3.49000,-1.02000,-2.12000,-1.01000,-53.15000,-85.00000
0.15000,-0.61000,-1.30000,-3.11000,-0.31000,-2.12000,-1.12000,-53.15000,-85.00000
0.15000,-0.60000,-1.35000,-2.43000,-0.02000,-3.15000,-3.18000,-63.81000,-135.02000
0.15000,-0.60000,-1.36000,-2.14000,-1.35000,-1.02000,-2.11000,-63.81000,-135.02000
0.15000,-0.59000,-1.34000,-2.01000,-3.01000,-1.01000,-2.11000,-46.60000,-120.61000
0.15000,-0.59000,-1.31000,-1.66000,-3.49000,-1.02000,-2.11000,-46.60000,-120.61000
0.15000,-0.58000,-1.27000,-1.12000,-3.61000,-2.08000,-2.40000,-63.03000,-97.46000
0.14000,-0.58000,-1.23000,-1.16000,-3.13000,-2.94000,-2.89000,-63.03000,-97.46000
0.14000,-0.57000,-1.21000,-1.54000,-2.41000,-2.11000,-1.02000,-73.40000,-75.56000
0.14000,-0.57000,-1.22000,-2.12000,-1.54000,-2.11000,-1.01000,-73.40000,-75.56000
0.14000,-0.57000,-1.27000,-2.68000,-0.31000,-2.11000,-1.01000,-64.79000,-86.74000
0.14000,-0.56000,-1.32000,-2.70000,-0.06000,-2.39000,-2.07000,-64.79000,-86.74000
0.14000,-0.56000,-1.36000,-2.57000,0.00000,-2.73000,-2.79000,-65.27000,-132.35000
0.14000,-0.56000,-1.39000,-2.51000,-1.20000,-1.01000,-2.11000,-65.27000,-132.35000
0.14000,-0.55000,-1.38000,-2.32000,-2.86000,-1.00000,-2.12000,-42.44000,-121.58000
0.14000,-0.55000,-1.34000,-1.70000,-3.49000,-1.00000,-2.12000,-42.44000,-121.58000
0.13000,-0.54000,-1.29000,-0.95000,-3.65000,-1.01000,-2.11000,-45.63000,-92.72000
0.13000,-0.54000,-1.25000,-0.54000,-3.17000,-1.19000,-2.13000,-45.63000,-92.72000
0.13000,-0.53000,-1.21000,-0.25000,-2.39000,-3.25000,-3.22000,-92.43000,-105.72000
0.13000,-0.53000,-1.20000,-1.29000,-1.99000,-2.11000,-1.04000,-92.43000,-105.72000
0.13000,-0.53000,-1.21000,-2.86000,-2.01000,-2.11000,-1.02000,-80.41000,-90.70000
0.13000,-0.52000,-1.24000,-3.57000,-1.80000,-2.11000,-1.02000,-80.41000,-90.70000
0.13000,-0.51000,-1.29000,-3.78000,-1.35000,-2.12000,-1.01000,-51.28000,-87.53000
0.12000,-0.51000,-1.33000,-3.36000,-1.02000,-2.11000,-1.04000,-51.28000,-87.53000
0.12000,-0.51000,-1.36000,-2.59000,-0.85000,-3.28000,-3.26000,-63.11000,-128.28000
0.12000,-0.50000,-1.37000,-2.22000,-1.62000,-1.85000,-2.31000,-63.11000,-128.28000
0.12000,-0.50000,-1.36000,-2.24000,-2.86000,-1.12000,-2.12000,-47.31000,-115.64000
0.12000,-0.49000,-1.34000,-1.91000,-3.28000,-1.82000,-2.30000,-47.31000,-115.64000
0.12000,-0.49000,-1.30000,-1.31000,-3.32000,-3.24000,-3.27000,-77.26000,-111.02000
0.12000,-0.48000,-1.27000,-1.68000,-3.17000,-2.20000,-1.49000,-77.26000,-111.02000
0.12000,-0.47000,-1.26000,-2.49000,-2.99000,-2.11000,-1.02000,-71.64000,-78.75000
0.11000,-0.47000,-1.28000,-2.90000,-2.16000,-2.11000,-1.01000,-71.64000,-78.75000
0.11000,-0.46000,-1.31000,-3.03000,-1.16000,-2.11000,-1.02000,-55.82000,-81.07000
0.11000,-0.46000,-1.35000,-2.74000,-0.33000,-2.56000,-2.46000,-55.82000,-81.07000
0.11000,-0.46000,-1.40000,-2.32000,-0.02000,-2.71000,-2.78000,-62.56000,-127.98000
0.11000,-0.46000,-1.41000,-2.03000,-1.14000,-1.02000,-2.11000,-62.56000,-127.98000
0.11000,-0.45000,-1.40000,-1.91000,-2.57000,-1.01000,-2.11000,-47.49000,-120.58000
0.11000,-0.45000,-1.37000,-1.58000,-3.15000,-1.01000,-2.11000,-47.49000,-120.58000
0.11000,-0.44000,-1.33000,-1.04000,-3.44000,-1.12000,-2.12000,-49.81000,-96.31000
0.11000,-0.44000,-1.28000,-0.71000,-3.15000,-3.28000,-3.25000,-49.81000,-96.31000
0.11000,-0.43000,-1.25000,-0.58000,-2.51000,-2.11000,-1.03000,-74.94000,-73.77000
0.10000,-0.43000,-1.24000,-1.16000,-1.47000,-2.12000,-1.01000,-74.94000,-73.77000
0.10000,-0.43000,-1.27000,-2.03000,-0.42000,-2.12000,-1.01000,-76.71000,-85.89000
0.10000,-0.42000,-1.32000,-2.57000,0.00000,-2.11000,-1.02000,-76.71000,-85.89000
0.10000,-0.42000,-1.37000,-2.95000,0.00000,-3.04000,-3.00000,-75.11000,-135.12000
0.10000,-0.42000,-1.42000,-3.09000,-0.23000,-1.14000,-2.12000,-75.11000,-135.12000
0.10000,-0.41000,-1.44000,-3.01000,-2.07000,-1.01000,-2.12000,-39.63000,-136.48000
0.10000,-0.41000,-1.42000,-2.28000,-3.38000,-1.00000,-2.13000,-39.63000,-136.48000
0.10000,-0.40000,-1.37000,-1.20000,-4.09000,-1.01000,-2.12000,-39.26000,-100.53000
0.10000,-0.40000,-1.31000,-0.46000,-3.84000,-1.11000,-2.12000,-39.26000,-100.53000
0.10000,-0.39000,-1.25000,-0.06000,-3.11000,-2.73000,-2.65000,-84.81000,-94.12000
0.10000,-0.39000,-1.23000,-0.85000,-2.32000,-2.11000,-1.01000,-84.81000,-94.12000
0.09000,-0.38000,-1.24000,-2.32000,-1.72000,-2.12000,-1.00000,-83.47000,-84.93000
0.09000,-0.38000,-1.27000,-3.11000,-1.22000,-2.12000,-1.01000,-83.47000,-84.93000
0.09000,-0.38000,-1.32000,-3.61000,-0.68000,-2.11000,-1.02000,-56.93000,-93.73000
0.09000,-0.37000,-1.38000,-3.28000,-0.42000,-3.20000,-3.17000,-56.93000,-93.73000
0.09000,-0.37000,-1.42000,-2.57000,-0.33000,-1.06000,-2.11000,-32.72000,-121.00000
0.09000,-0.36000,-1.41000,-1.56000,-1.68000,-1.01000,-2.12000,-32.72000,-121.00000
0.09000,-0.36000,-1.37000,-0.46000,-2.61000,-1.01000,-2.12000,-44.47000,-112.29000
0.09000,-0.36000,-1.32000,0.00000,-2.97000,-1.05000,-2.11000,-44.47000,-112.29000
0.09000,-0.35000,-1.27000,0.00000,-3.01000,-3.20000,-3.17000,-97.33000,-111.36000
0.09000,-0.35000,-1.23000,-1.12000,-2.86000,-2.11000,-1.02000,-97.33000,-111.36000
0.08000,-0.34000,-1.24000,-2.92000,-2.68000,-2.12000,-1.00000,-83.60000,-81.69000
0.08000,-0.34000,-1.27000,-3.69000,-1.99000,-2.12000,-1.01000,-83.60000,-81.69000
0.08000,-0.33000,-1.32000,-3.86000,-1.06000,-2.11000,-1.02000,-50.82000,-83.77000
0.08000,-0.33000,-1.37000,-3.28000,-0.60000,-3.05000,-3.01000,-50.82000,-83.77000
0.08000,-0.33000,-1.41000,-2.41000,-0.04000,-1.36000,-2.17000,-36.24000,-116.07000
0.08000,-0.32000,-1.42000,-1.37000,-0.93000,-1.01000,-2.11000,-36.24000,-116.07000
0.08000,-0.32000,-1.39000,-0.46000,-2.10000,-1.01000,-2.12000,-48.13000,-119.73000
0.08000,-0.32000,-1.34000,-0.17000,-2.76000,-1.02000,-2.11000,-48.13000,-119.73000
0.08000,-0.31000,-1.29000,-0.21000,-3.20000,-3.14000,-3.17000,-96.01000,-115.27000
0.07000,-0.31000,-1.26000,-1.45000,-3.28000,-2.11000,-1.05000,-96.01000,-115.27000
0.07000,-0.30000,-1.25000,-3.07000,-3.15000,-2.11000,-1.01000,-79.16000,-77.54000
0.07000,-0.30000,-1.28000,-3.65000,-2.26000,-2.12000,-1.01000,-79.16000,-77.54000
0.07000,-0.29000,-1.33000,-3.71000,-1.14000,-2.11000,-1.02000,-50.03000,-79.30000
0.07000,-0.29000,-1.38000,-3.11000,-0.17000,-3.13000,-3.09000,-50.03000,-79.30000
0.07000,-0.28000,-1.42000,-2.26000,0.00000,-1.08000,-2.11000,-33.51000,-119.69000
0.07000,-0.28000,-1.44000,-1.25000,-0.15000,-1.01000,-2.12000,-33.51000,-119.69000
0.07000,-0.28000,-1.41000,-0.23000,-1.66000,-1.00000,-2.12000,-48.09000,-131.85000
0.07000,-0.28000,-1.37000,-0.12000,-2.78000,-1.01000,-2.11000,-48.09000,-131.85000
0.07000,-0.27000,-1.31000,-0.19000,-3.59000,-1.63000,-2.24000,-72.86000,-105.98000
0.06000,-0.27000,-1.26000,-0.77000,-3.49000,-2.24000,-1.63000,-72.86000,-105.98000
0.06000,-0.26000,-1.23000,-1.64000,-2.97000,-2.12000,-1.01000,-79.54000,-73.69000
0.06000,-0.26000,-1.24000,-2.45000,-1.87000,-2.13000,-1.00000,-79.54000,-73.69000
0.06000,-0.26000,-1.29000,-3.03000,-0.44000,-2.12000,-1.00000,-62.52000,-83.01000
0.06000,-0.25000,-1.34000,-2.91000,0.00000,-2.11000,-1.02000,-62.52000,-83.01000
0.06000,-0.25000,-1.39000,-2.49000,-0.02000,-3.27000,-3.30000,-70.93000,-140.22000
0.06000,-0.25000,-1.40000,-2.41000,-1.41000,-1.05000,-2.11000,-70.93000,-140.22000
0.06000,-0.24000,-1.39000,-2.32000,-3.26000,-1.02000,-2.11000,-46.78000,-121.02000
0.06000,-0.23000,-1.35000,-1.87000,-3.82000,-1.03000,-2.11000,-46.78000,-121.02000
0.05000,-0.23000,-1.31000,-1.20000,-3.80000,-3.01000,-3.05000,-76.41000,-103.19000
0.05000,-0.22000,-1.27000,-1.47000,-3.42000,-2.20000,-1.48000,-76.41000,-103.19000
0.05000,-0.22000,-1.26000,-2.22000,-2.88000,-2.11000,-1.01000,-75.69000,-73.97000
0.05000,-0.21000,-1.27000,-2.74000,-1.83000,-2.12000,-1.01000,-75.69000,-73.97000
0.05000,-0.21000,-1.32000,-3.05000,-0.48000,-2.11000,-1.01000,-60.52000,-83.48000
0.05000,-0.21000,-1.37000,-2.80000,0.00000,-2.64000,-2.55000,-60.52000,-83.48000
0.05000,-0.20000,-1.42000,-2.39000,0.00000,-1.88000,-2.32000,-52.38000,-125.66000
0.05000,-0.20000,-1.44000,-1.93000,-0.54000,-1.01000,-2.11000,-52.38000,-125.66000
0.05000,-0.20000,-1.43000,-1.47000,-2.24000,-1.00000,-2.12000,-46.77000,-128.48000
0.05000,-0.19000,-1.39000,-0.98000,-3.22000,-1.01000,-2.12000,-46.77000,-128.48000
0.04000,-0.19000,-1.33000,-0.62000,-3.75000,-1.03000,-2.11000,-55.97000,-97.58000
0.04000,-0.18000,-1.28000,-0.68000,-3.30000,-3.22000,-3.19000,-55.97000,-97.58000
0.04000,-0.18000,-1.25000,-0.85000,-2.59000,-2.11000,-1.02000,-76.77000,-73.37000
0.04000,-0.17000,-1.25000,-1.49000,-1.51000,-2.12000,-1.01000,-76.77000,-73.37000
0.04000,-0.17000,-1.28000,-2.28000,-0.52000,-2.12000,-1.01000,-73.37000,-86.28000
0.04000,-0.17000,-1.33000,-2.55000,-0.02000,-2.11000,-1.02000,-73.37000,-86.28000
0.04000,-0.17000,-1.37000,-2.57000,-0.04000,-3.02000,-2.98000,-74.71000,-135.18000
0.04000,-0.16000,-1.42000,-2.59000,-0.06000,-1.64000,-2.25000,-74.71000,-135.18000
0.04000,-0.16000,-1.44000,-2.65000,-1.29000,-1.01000,-2.11000,-46.78000,-139.35000
0.04000,-0.15000,-1.43000,-2.14000,-2.99000,-1.00000,-2.12000,-46.78000,-139.35000
0.04000,-0.15000,-1.38000,-1.27000,-3.90000,-1.01000,-2.12000,-44.07000,-107.89000
0.03000,-0.14000,-1.33000,-0.75000,-3.78000,-1.03000,-2.11000,-44.07000,-107.89000
0.03000,-0.14000,-1.27000,-0.39000,-3.28000,-3.26000,-3.23000,-91.92000,-107.52000
0.03000,-0.13000,-1.24000,-1.29000,-2.95000,-2.11000,-1.02000,-91.92000,-107.52000
0.03000,-0.13000,-1.25000,-2.80000,-2.65000,-2.12000,-1.01000,-81.82000,-83.34000
0.03000,-0.12000,-1.28000,-3.49000,-1.91000,-2.12000,-1.01000,-81.82000,-83.34000
0.03000,-0.12000,-1.32000,-3.65000,-1.14000,-2.11000,-1.01000,-53.68000,-87.37000
0.03000,-0.11000,-1.37000,-3.11000,-0.60000,-2.49000,-2.30000,-53.68000,-87.37000
0.03000,-0.11000,-1.40000,-2.37000,-0.46000,-2.72000,-2.79000,-60.19000,-128.19000
0.02000,-0.11000,-1.41000,-1.95000,-1.18000,-1.02000,-2.11000,-60.19000,-128.19000
0.02000,-0.10000,-1.40000,-1.74000,-2.68000,-1.01000,-2.11000,-49.64000,-122.44000
0.02000,-0.10000,-1.36000,-1.41000,-3.28000,-1.02000,-2.11000,-49.64000,-122.44000
0.02000,-0.09000,-1.32000,-1.02000,-3.51000,-2.10000,-2.41000,-68.39000,-101.02000
0.02000,-0.09000,-1.28000,-1.22000,-3.24000,-2.92000,-2.87000,-68.39000,-101.02000
0.02000,-0.08000,-1.27000,-1.74000,-2.68000,-2.11000,-1.02000,-75.43000,-75.61000
0.02000,-0.08000,-1.28000,-2.30000,-1.68000,-2.11000,-1.01000,-75.43000,-75.61000
0.02000,-0.07000,-1.32000,-2.82000,-0.60000,-2.11000,-1.01000,-64.58000,-85.54000
0.02000,-0.07000,-1.37000,-2.80000,-0.02000,-2.23000,-1.59000,-64.58000,-85.54000
0.02000,-0.07000,-1.41000,-2.53000,0.00000,-2.84000,-2.89000,-66.86000,-134.59000
0.01000,-0.07000,-1.45000,-2.43000,-0.50000,-1.01000,-2.11000,-66.86000,-134.59000
0.01000,-0.06000,-1.45000,-2.26000,-2.41000,-1.00000,-2.12000,-45.16000,-133.16000
0.01000,-0.05000,-1.41000,-1.66000,-3.49000,-1.00000,-2.13000,-45.16000,-133.16000
0.01000,-0.05000,-1.36000,-1.00000,-4.07000,-1.01000,-2.12000,-48.22000,-98.03000
0.01000,-0.04000,-1.30000,-0.62000,-3.65000,-1.09000,-2.11000,-48.22000,-98.03000
0.01000,-0.04000,-1.26000,-0.42000,-2.88000,-3.19000,-3.16000,-92.61000,-102.96000
0.01000,-0.04000,-1.24000,-1.41000,-2.39000,-2.11000,-1.02000,-92.61000,-102.96000
0.01000,-0.03000,-1.25000,-2.86000,-2.10000,-2.11000,-1.01000,-80.05000,-86.76000
0.01000,-0.03000,-1.29000,-3.47000,-1.64000,-2.11000,-1.01000,-80.05000,-86.76000
0.00000,-0.02000,-1.33000,-3.59000,-1.10000,-2.11000,-1.02000,-53.35000,-89.78000
