0.00000,0.00000,0.00000,0.00000,0.00000,3.28000,3.28000,49.25000,49.25000
0.00000,0.00000,0.00000,0.00000,0.00000,3.28000,3.28000,49.25000,49.25000
0.00000,0.00000,0.00000,0.02000,0.00000,3.28000,3.28000,68.95000,68.95000
0.00000,0.00000,0.00000,0.02000,0.00000,3.28000,3.28000,68.95000,68.95000
0.00000,0.00000,0.00000,0.00000,0.00000,3.28000,3.28000,88.31000,88.62000
0.00000,0.00000,0.01000,0.37000,0.00000,3.28000,3.28000,88.31000,88.62000
0.00000,0.00000,0.03000,1.29000,0.02000,3.21000,3.22000,101.50000,107.32000
0.00000,0.00000,0.06000,1.83000,0.00000,1.82000,2.06000,101.50000,107.32000
0.01000,0.00000,0.10000,2.01000,0.02000,1.32000,1.81000,68.33000,105.47000
0.01000,0.00000,0.13000,1.60000,0.00000,1.21000,1.92000,68.33000,105.47000
0.01000,0.00000,0.15000,1.12000,0.00000,1.14000,1.99000,65.98000,119.06000
0.01000,0.00000,0.16000,0.79000,0.00000,1.09000,2.03000,65.98000,119.06000
0.01000,0.00000,0.17000,0.50000,0.00000,1.07000,2.05000,74.33000,131.98000
0.01000,0.00000,0.18000,0.54000,0.00000,1.05000,2.07000,74.33000,131.98000
0.01000,0.00000,0.19000,0.66000,0.00000,1.04000,2.08000,79.34000,144.76000
0.01000,0.00000,0.21000,0.75000,0.00000,1.03000,2.10000,79.34000,144.76000
0.01000,0.00000,0.22000,0.71000,0.00000,1.01000,2.12000,78.74000,157.73000
0.01000,0.00000,0.23000,0.79000,0.00000,0.99000,2.13000,78.74000,157.73000
0.02000,0.00000,0.25000,0.66000,0.00000,0.98000,2.14000,79.29000,170.85000
0.02000,0.00000,0.26000,0.56000,0.00000,0.97000,2.15000,79.29000,170.85000
0.02000,0.00000,0.27000,0.56000,0.00000,0.96000,2.16000,83.60000,183.97000
0.02000,0.00000,0.28000,0.58000,0.00000,0.96000,2.17000,83.60000,183.97000
0.02000,0.00000,0.29000,0.54000,0.00000,0.95000,2.17000,85.50000,197.14000
0.02000,0.00000,0.30000,0.50000,0.00000,0.95000,2.18000,85.50000,197.14000
0.02000,0.00000,0.31000,0.52000,0.00000,0.94000,2.19000,88.82000,210.34000
0.02000,0.00000,0.31000,0.48000,0.00000,0.94000,2.19000,88.82000,210.34000
0.02000,0.00000,0.32000,0.42000,0.00000,0.93000,2.19000,91.66000,223.56000
0.02000,0.00000,0.33000,0.44000,0.00000,0.93000,2.19000,91.66000,223.56000
0.02000,0.00000,0.34000,0.44000,0.00000,0.93000,2.20000,94.93000,236.79000
0.02000,0.00000,0.34000,0.42000,0.00000,0.92000,2.20000,94.93000,236.79000
0.02000,0.00000,0.35000,0.37000,0.00000,0.92000,2.20000,98.12000,250.04000
0.02000,0.00000,0.36000,0.33000,0.00000,0.92000,2.20000,98.12000,250.04000
0.02000,0.00000,0.36000,0.33000,0.00000,0.92000,2.20000,102.37000,255.00000
0.02000,0.00000,0.37000,0.37000,0.00000,0.92000,2.21000,102.37000,255.00000
0.02000,0.00000,0.38000,0.37000,0.00000,0.92000,2.21000,105.25000,255.00000
0.02000,0.00000,0.38000,0.42000,0.00000,0.92000,2.21000,105.25000,255.00000
0.02000,0.00000,0.39000,0.42000,0.00000,0.92000,2.21000,107.86000,255.00000
0.02000,0.00000,0.40000,0.46000,0.00000,0.91000,2.21000,107.86000,255.00000
0.02000,0.00000,0.41000,0.42000,0.00000,0.91000,2.21000,110.21000,255.00000
0.03000,0.01000,0.42000,0.50000,0.00000,0.91000,2.21000,110.21000,255.00000
0.03000,0.01000,0.43000,0.52000,0.00000,0.91000,2.21000,112.31000,255.00000
0.03000,0.01000,0.44000,0.54000,0.00000,0.91000,2.21000,112.31000,255.00000
0.03000,0.01000,0.45000,0.54000,0.00000,0.91000,2.21000,114.15000,255.00000
0.03000,0.01000,0.46000,0.56000,0.00000,0.91000,2.21000,114.15000,255.00000
0.03000,0.01000,0.47000,0.54000,0.00000,0.91000,2.21000,116.05000,255.00000
0.03000,0.01000,0.48000,0.60000,0.00000,0.91000,2.21000,116.05000,255.00000
0.03000,0.01000,0.49000,0.62000,0.00000,0.91000,2.21000,117.51000,255.00000
0.03000,0.01000,0.50000,0.58000,0.00000,0.91000,2.21000,117.51000,255.00000
0.03000,0.01000,0.51000,0.60000,0.00000,0.91000,2.21000,119.65000,255.00000
0.03000,0.01000,0.52000,0.66000,0.00000,0.91000,2.21000,119.65000,255.00000
0.03000,0.01000,0.53000,0.66000,0.00000,0.91000,2.21000,120.36000,255.00000
0.03000,0.01000,0.54000,0.64000,0.00000,0.91000,2.21000,120.36000,255.00000
0.03000,0.01000,0.56000,0.69000,0.00000,0.91000,2.21000,122.12000,255.00000
0.03000,0.01000,0.57000,0.69000,0.00000,0.91000,2.21000,122.12000,255.00000
0.03000,0.01000,0.58000,0.73000,0.00000,0.91000,2.20000,123.06000,255.00000
0.03000,0.01000,0.59000,0.69000,0.00000,0.91000,2.20000,123.06000,255.00000
0.04000,0.01000,0.61000,0.73000,0.00000,0.90000,2.20000,124.37000,255.00000
0.04000,0.01000,0.62000,0.71000,0.00000,0.91000,2.19000,124.37000,255.00000
0.04000,0.01000,0.63000,0.71000,0.00000,0.91000,2.19000,125.38000,255.00000
0.04000,0.01000,0.65000,0.71000,0.00000,0.90000,2.18000,125.38000,255.00000
0.04000,0.01000,0.66000,0.71000,0.00000,0.90000,2.17000,126.54000,255.00000
0.04000,0.01000,0.67000,0.75000,0.00000,0.90000,2.16000,126.54000,255.00000
0.04000,0.01000,0.69000,0.75000,0.00000,0.90000,2.15000,127.05000,255.00000
0.04000,0.01000,0.70000,0.75000,0.00000,0.90000,2.14000,127.05000,255.00000
0.04000,0.01000,0.71000,0.77000,0.00000,0.89000,2.12000,127.84000,255.00000
0.04000,0.02000,0.73000,0.77000,0.00000,0.88000,2.10000,127.84000,255.00000
0.04000,0.02000,0.74000,0.79000,0.00000,0.88000,2.08000,128.16000,255.00000
0.04000,0.02000,0.76000,0.77000,0.00000,0.86000,2.05000,128.16000,255.00000
0.04000,0.02000,0.77000,0.77000,0.00000,0.85000,2.02000,128.35000,255.00000
0.04000,0.02000,0.78000,0.77000,0.00000,0.82000,1.99000,128.35000,255.00000
0.04000,0.02000,0.80000,0.77000,0.00000,0.80000,1.95000,128.12000,255.00000
0.05000,0.02000,0.81000,0.75000,0.00000,0.77000,1.90000,128.12000,255.00000
0.05000,0.02000,0.82000,0.73000,0.00000,0.73000,1.85000,127.56000,255.00000
0.05000,0.02000,0.84000,0.73000,0.00000,0.69000,1.79000,127.56000,255.00000
0.05000,0.02000,0.85000,0.71000,0.00000,0.63000,1.73000,126.32000,255.00000
0.05000,0.02000,0.86000,0.69000,0.00000,0.58000,1.66000,126.32000,255.00000
0.05000,0.02000,0.87000,0.69000,0.00000,0.52000,1.58000,124.63000,255.00000
0.05000,0.02000,0.89000,0.66000,0.00000,0.45000,1.50000,124.63000,255.00000
0.05000,0.02000,0.90000,0.62000,0.00000,0.38000,1.41000,121.84000,255.00000
0.05000,0.02000,0.91000,0.58000,0.00000,0.31000,1.32000,121.84000,255.00000
0.05000,0.02000,0.92000,0.54000,0.00000,0.24000,1.25000,119.24000,255.00000
0.05000,0.02000,0.93000,0.50000,0.00000,0.17000,1.18000,119.24000,255.00000
0.05000,0.02000,0.94000,0.46000,0.00000,0.11000,1.13000,116.50000,255.00000
0.05000,0.03000,0.94000,0.44000,0.00000,0.05000,1.07000,116.50000,255.00000
0.05000,0.03000,0.95000,0.37000,0.00000,0.00000,1.03000,113.53000,255.00000
0.05000,0.03000,0.96000,0.35000,0.00000,-0.04000,0.99000,113.53000,255.00000
0.05000,0.03000,0.96000,0.31000,0.00000,-0.07000,0.96000,111.07000,255.00000
0.05000,0.03000,0.97000,0.27000,0.00000,-0.10000,0.93000,111.07000,255.00000
0.05000,0.03000,0.97000,0.25000,0.00000,-0.12000,0.91000,108.97000,255.00000
0.05000,0.03000,0.97000,0.08000,0.00000,-0.15000,0.89000,108.97000,255.00000
0.05000,0.03000,0.97000,0.08000,0.00000,-0.15000,0.88000,108.98000,255.00000
0.05000,0.03000,0.98000,0.08000,0.00000,-0.16000,0.87000,108.98000,255.00000
0.05000,0.03000,0.98000,0.00000,0.00000,-0.17000,0.87000,107.36000,255.00000
0.05000,0.03000,0.98000,0.00000,0.00000,-0.17000,0.87000,107.36000,255.00000
0.05000,0.03000,0.98000,0.00000,0.00000,-0.17000,0.87000,107.12000,255.00000
0.05000,0.03000,0.98000,0.00000,0.00000,-0.17000,0.87000,107.12000,255.00000
0.05000,0.03000,0.98000,0.08000,0.00000,-0.17000,0.87000,106.12000,255.00000
0.05000,0.03000,0.98000,0.08000,0.00000,-0.17000,0.86000,106.12000,255.00000
0.05000,0.03000,0.98000,0.00000,0.00000,-0.18000,0.85000,103.68000,255.00000
0.05000,0.03000,0.98000,0.00000,0.00000,-0.18000,0.85000,103.68000,255.00000
0.05000,0.03000,0.98000,0.00000,0.00000,-0.18000,0.85000,103.36000,255.00000
0.05000,0.03000,0.98000,0.00000,0.00000,-0.18000,0.85000,103.36000,255.00000
0.05000,0.03000,0.98000,0.00000,0.00000,-0.18000,0.85000,102.28000,255.00000
0.05000,0.03000,0.98000,0.02000,0.00000,-0.18000,0.85000,102.28000,255.00000
0.05000,0.03000,0.98000,0.02000,0.00000,-0.18000,0.85000,100.87000,255.00000
0.05000,0.03000,0.98000,0.00000,0.00000,-0.18000,0.85000,100.87000,255.00000
0.05000,0.03000,0.98000,0.02000,0.00000,-0.18000,0.85000,99.95000,255.00000
0.05000,0.03000,0.98000,0.00000,0.00000,-0.18000,0.85000,99.95000,255.00000
0.05000,0.03000,0.98000,0.02000,0.00000,-0.18000,0.85000,98.84000,255.00000
0.05000,0.03000,0.98000,0.00000,0.00000,-0.19000,0.85000,98.84000,255.00000
0.05000,0.03000,0.98000,0.06000,0.00000,-0.19000,0.85000,97.71000,255.00000
0.05000,0.03000,0.98000,0.00000,0.00000,-0.19000,0.84000,97.71000,255.00000
0.05000,0.03000,0.98000,0.00000,0.00000,-0.19000,0.84000,96.52000,255.00000
0.05000,0.03000,0.98000,0.00000,0.00000,-0.19000,0.84000,96.52000,255.00000
0.05000,0.03000,0.98000,0.00000,0.00000,-0.19000,0.84000,95.38000,255.00000
0.05000,0.03000,0.98000,0.00000,0.00000,-0.19000,0.84000,95.38000,255.00000
0.05000,0.03000,0.98000,0.00000,0.00000,-0.19000,0.84000,94.24000,255.00000
0.05000,0.03000,0.98000,0.00000,0.00000,-0.19000,0.84000,94.24000,255.00000
0.05000,0.03000,0.98000,0.00000,0.00000,-0.19000,0.84000,93.10000,255.00000
0.05000,0.03000,0.98000,0.00000,0.00000,-0.19000,0.84000,93.10000,255.00000
0.05000,0.03000,0.98000,0.00000,0.00000,-0.19000,0.84000,91.96000,255.00000
0.05000,0.03000,0.98000,0.00000,0.00000,-0.19000,0.84000,91.96000,255.00000
0.05000,0.03000,0.98000,0.00000,0.00000,-0.19000,0.84000,90.82000,255.00000
0.05000,0.03000,0.98000,0.00000,0.00000,-0.19000,0.84000,90.82000,255.00000
0.05000,0.03000,0.98000,0.00000,0.00000,-0.19000,0.84000,89.68000,255.00000
0.05000,0.03000,0.98000,0.00000,0.00000,-0.19000,0.84000,89.68000,255.00000
0.05000,0.03000,0.98000,0.00000,0.00000,-0.19000,0.84000,88.54000,255.00000
0.05000,0.03000,0.98000,0.00000,0.00000,-0.19000,0.84000,88.54000,255.00000
0.05000,0.03000,0.98000,0.00000,0.00000,-0.19000,0.84000,87.40000,255.00000
0.05000,0.03000,0.98000,0.00000,0.00000,-0.19000,0.84000,87.40000,255.00000
0.05000,0.03000,0.98000,0.00000,0.00000,-0.19000,0.84000,86.26000,255.00000
0.05000,0.03000,0.98000,0.00000,0.00000,-0.19000,0.84000,86.26000,255.00000
0.05000,0.03000,0.98000,0.00000,0.00000,-0.19000,0.84000,85.11000,255.00000
0.05000,0.03000,0.98000,0.00000,0.00000,-0.19000,0.84000,85.11000,255.00000
0.05000,0.03000,0.98000,0.00000,0.00000,-0.19000,0.84000,83.97000,255.00000
0.05000,0.03000,0.98000,0.00000,0.00000,-0.19000,0.84000,83.97000,255.00000
0.05000,0.03000,0.98000,0.00000,0.00000,-0.19000,0.84000,82.83000,255.00000
0.05000,0.03000,0.98000,0.00000,0.00000,-0.19000,0.84000,82.83000,255.00000
0.05000,0.03000,0.98000,0.00000,0.00000,-0.19000,0.84000,81.69000,255.00000
0.05000,0.03000,0.98000,0.00000,0.00000,-0.19000,0.84000,81.69000,255.00000
0.05000,0.03000,0.98000,0.00000,0.00000,-0.19000,0.84000,80.55000,255.00000
0.05000,0.03000,0.98000,0.00000,0.00000,-0.19000,0.84000,80.55000,255.00000
0.05000,0.03000,0.98000,0.00000,0.00000,-0.19000,0.84000,79.41000,255.00000
0.05000,0.03000,0.98000,0.00000,0.00000,-0.19000,0.84000,79.41000,255.00000
0.05000,0.03000,0.98000,0.00000,0.00000,-0.19000,0.84000,78.27000,255.00000
0.05000,0.03000,0.98000,0.00000,0.00000,-0.19000,0.84000,78.27000,255.00000
0.05000,0.03000,0.98000,0.00000,0.00000,-0.19000,0.84000,77.13000,255.00000
0.05000,0.03000,0.98000,0.00000,0.00000,-0.19000,0.84000,77.13000,255.00000
0.05000,0.03000,0.98000,0.00000,0.00000,-0.19000,0.84000,75.99000,255.00000
0.05000,0.03000,0.98000,0.00000,0.00000,-0.19000,0.84000,75.99000,255.00000
0.05000,0.03000,0.98000,0.00000,0.00000,-0.19000,0.84000,74.85000,255.00000
0.05000,0.03000,0.98000,0.00000,0.00000,-0.19000,0.84000,74.85000,255.00000
0.05000,0.03000,0.98000,0.00000,0.00000,-0.19000,0.84000,73.70000,255.00000
0.05000,0.03000,0.98000,0.00000,0.00000,-0.19000,0.84000,73.70000,255.00000
0.05000,0.03000,0.98000,0.00000,0.00000,-0.19000,0.84000,72.56000,255.00000
0.05000,0.03000,0.98000,0.00000,0.00000,-0.19000,0.84000,72.56000,255.00000
0.05000,0.03000,0.98000,0.00000,0.00000,-0.19000,0.84000,71.42000,255.00000
0.05000,0.03000,0.98000,0.00000,0.00000,-0.19000,0.84000,71.42000,255.00000
0.05000,0.03000,0.98000,0.00000,0.00000,-0.19000,0.84000,70.28000,255.00000
0.05000,0.03000,0.98000,0.00000,0.00000,-0.19000,0.84000,70.28000,255.00000
0.05000,0.03000,0.98000,0.00000,0.00000,-0.19000,0.84000,69.14000,255.00000
0.05000,0.03000,0.98000,0.00000,0.00000,-0.19000,0.84000,69.14000,255.00000
0.05000,0.03000,0.98000,0.00000,0.00000,-0.19000,0.84000,68.00000,255.00000
0.05000,0.03000,0.98000,0.00000,0.00000,-0.19000,0.84000,68.00000,255.00000
0.05000,0.03000,0.98000,0.00000,0.00000,-0.19000,0.84000,66.86000,255.00000
0.05000,0.03000,0.98000,0.00000,0.00000,-0.19000,0.84000,66.86000,255.00000
0.05000,0.03000,0.98000,0.00000,0.00000,-0.19000,0.84000,65.72000,255.00000
0.05000,0.03000,0.98000,0.00000,0.00000,-0.19000,0.84000,65.72000,255.00000
0.05000,0.03000,0.98000,0.00000,0.00000,-0.19000,0.84000,64.58000,255.00000
0.05000,0.03000,0.98000,0.00000,0.00000,-0.19000,0.84000,64.58000,255.00000
0.05000,0.03000,0.98000,0.00000,0.00000,-0.19000,0.84000,63.43000,255.00000
0.05000,0.03000,0.98000,0.00000,0.00000,-0.19000,0.84000,63.43000,255.00000
0.05000,0.03000,0.98000,0.00000,0.00000,-0.19000,0.84000,62.29000,255.00000
0.05000,0.03000,0.98000,0.00000,0.00000,-0.19000,0.84000,62.29000,255.00000
0.05000,0.03000,0.98000,0.00000,0.00000,-0.19000,0.84000,61.15000,255.00000
0.05000,0.03000,0.98000,0.00000,0.00000,-0.19000,0.84000,61.15000,255.00000
0.05000,0.03000,0.98000,0.00000,0.00000,-0.19000,0.84000,60.01000,255.00000
0.05000,0.03000,0.98000,0.00000,0.00000,-0.19000,0.84000,60.01000,255.00000
0.05000,0.03000,0.98000,0.00000,0.00000,-0.19000,0.84000,58.87000,255.00000
0.05000,0.03000,0.98000,0.00000,0.00000,-0.19000,0.84000,58.87000,255.00000
0.05000,0.03000,0.98000,0.00000,0.00000,-0.19000,0.84000,57.73000,255.00000
0.05000,0.03000,0.98000,0.00000,0.00000,-0.19000,0.84000,57.73000,255.00000
0.05000,0.03000,0.98000,0.00000,0.00000,-0.19000,0.84000,56.59000,255.00000
0.05000,0.03000,0.98000,0.00000,0.00000,-0.19000,0.84000,56.59000,255.00000
0.05000,0.03000,0.98000,0.00000,0.00000,-0.19000,0.84000,55.45000,255.00000
0.05000,0.03000,0.98000,0.00000,0.00000,-0.19000,0.84000,55.45000,255.00000
0.05000,0.03000,0.98000,0.00000,0.00000,-0.19000,0.84000,54.31000,255.00000
0.05000,0.03000,0.98000,0.00000,0.00000,-0.19000,0.84000,54.31000,255.00000
0.05000,0.03000,0.98000,0.00000,0.00000,-0.19000,0.84000,53.17000,255.00000
0.05000,0.03000,0.98000,0.00000,0.00000,-0.19000,0.84000,53.17000,255.00000
0.05000,0.03000,0.98000,0.00000,0.00000,-0.19000,0.84000,52.02000,255.00000
0.05000,0.03000,0.98000,0.00000,0.00000,-0.19000,0.84000,52.02000,255.00000
0.05000,0.03000,0.98000,0.00000,0.00000,-0.19000,0.84000,50.88000,255.00000
0.05000,0.03000,0.98000,0.00000,0.00000,-0.19000,0.84000,50.88000,255.00000
0.05000,0.03000,0.98000,0.00000,0.00000,-0.19000,0.84000,49.74000,255.00000
0.05000,0.03000,0.98000,0.00000,0.00000,-0.19000,0.84000,49.74000,255.00000
0.05000,0.03000,0.98000,0.00000,0.00000,-0.19000,0.84000,48.60000,255.00000
0.05000,0.03000,0.98000,0.00000,0.00000,-0.19000,0.84000,48.60000,255.00000
0.05000,0.03000,0.98000,0.00000,0.00000,-0.19000,0.84000,47.46000,255.00000
0.05000,0.03000,0.98000,0.00000,0.00000,-0.19000,0.84000,47.46000,255.00000
0.05000,0.03000,0.98000,0.00000,0.00000,-0.19000,0.84000,46.32000,255.00000
0.05000,0.03000,0.98000,0.00000,0.00000,-0.19000,0.84000,46.32000,255.00000
0.05000,0.03000,0.98000,0.00000,0.00000,-0.19000,0.84000,45.18000,255.00000
0.05000,0.03000,0.98000,0.00000,0.00000,-0.19000,0.84000,45.18000,255.00000
0.05000,0.03000,0.98000,0.00000,0.00000,-0.19000,0.84000,44.04000,255.00000
0.05000,0.03000,0.98000,0.00000,0.00000,-0.19000,0.84000,44.04000,255.00000
0.05000,0.03000,0.98000,0.00000,0.00000,-0.19000,0.84000,42.90000,255.00000
0.05000,0.03000,0.98000,0.00000,0.00000,-0.19000,0.84000,42.90000,255.00000
0.05000,0.03000,0.98000,0.00000,0.00000,-0.19000,0.84000,41.76000,255.00000
0.05000,0.03000,0.98000,0.00000,0.00000,-0.19000,0.84000,41.76000,255.00000
0.05000,0.03000,0.98000,0.00000,0.00000,-0.19000,0.84000,40.61000,255.00000
0.05000,0.03000,0.98000,0.00000,0.00000,-0.19000,0.84000,40.61000,255.00000
0.05000,0.03000,0.98000,0.00000,0.00000,-0.19000,0.84000,39.47000,255.00000
0.05000,0.03000,0.98000,0.00000,0.00000,-0.19000,0.84000,39.47000,255.00000
0.05000,0.03000,0.98000,0.00000,0.00000,-0.19000,0.84000,38.33000,255.00000
0.05000,0.03000,0.98000,0.00000,0.00000,-0.19000,0.84000,38.33000,255.00000
0.05000,0.03000,0.98000,0.00000,0.00000,-0.19000,0.84000,37.19000,255.00000
0.05000,0.03000,0.98000,0.00000,0.00000,-0.19000,0.84000,37.19000,255.00000
0.05000,0.03000,0.98000,0.00000,0.00000,-0.19000,0.84000,36.05000,255.00000
0.05000,0.03000,0.98000,0.00000,0.00000,-0.19000,0.84000,36.05000,255.00000
0.05000,0.03000,0.98000,0.00000,0.00000,-0.19000,0.84000,34.91000,255.00000
0.05000,0.03000,0.98000,0.00000,0.00000,-0.19000,0.84000,34.91000,255.00000
0.05000,0.03000,0.98000,0.00000,0.00000,-0.19000,0.84000,33.77000,255.00000
0.05000,0.03000,0.98000,0.00000,0.00000,-0.19000,0.84000,33.77000,255.00000
0.05000,0.03000,0.98000,0.00000,0.00000,-0.19000,0.84000,32.63000,255.00000
0.05000,0.03000,0.98000,0.00000,0.00000,-0.19000,0.84000,32.63000,255.00000
0.05000,0.03000,0.98000,0.00000,0.00000,-0.19000,0.84000,31.49000,255.00000
0.05000,0.03000,0.98000,0.00000,0.00000,-0.19000,0.84000,31.49000,255.00000
0.05000,0.03000,0.98000,0.00000,0.00000,-0.19000,0.84000,30.34000,255.00000
0.05000,0.03000,0.98000,0.00000,0.00000,-0.19000,0.84000,30.34000,255.00000
0.05000,0.03000,0.98000,0.00000,0.00000,-0.19000,0.84000,29.20000,255.00000
0.05000,0.03000,0.98000,0.00000,0.00000,-0.19000,0.84000,29.20000,255.00000
0.05000,0.03000,0.98000,0.00000,0.00000,-0.19000,0.84000,28.06000,255.00000
0.05000,0.03000,0.98000,0.00000,0.00000,-0.19000,0.84000,28.06000,255.00000
0.05000,0.03000,0.98000,0.00000,0.00000,-0.19000,0.84000,26.92000,255.00000
0.05000,0.03000,0.98000,0.00000,0.00000,-0.19000,0.84000,26.92000,255.00000
0.05000,0.03000,0.98000,0.00000,0.00000,-0.19000,0.84000,25.78000,255.00000
0.05000,0.03000,0.98000,0.00000,0.00000,-0.19000,0.84000,25.78000,255.00000
0.05000,0.03000,0.98000,0.00000,0.00000,-0.19000,0.84000,24.64000,255.00000
0.05000,0.03000,0.98000,0.00000,0.00000,-0.19000,0.84000,24.64000,255.00000
0.05000,0.03000,0.98000,0.00000,0.00000,-0.19000,0.84000,23.50000,255.00000
0.05000,0.03000,0.98000,0.00000,0.00000,-0.19000,0.84000,23.50000,255.00000
0.05000,0.03000,0.98000,0.00000,0.00000,-0.19000,0.84000,22.36000,255.00000
0.05000,0.03000,0.98000,0.00000,0.00000,-0.19000,0.84000,22.36000,255.00000
0.05000,0.03000,0.98000,0.00000,0.00000,-0.19000,0.84000,21.22000,255.00000
0.05000,0.03000,0.98000,0.00000,0.00000,-0.19000,0.84000,21.22000,255.00000
0.05000,0.03000,0.98000,0.00000,0.00000,-0.19000,0.84000,20.08000,255.00000
0.05000,0.03000,0.98000,0.00000,0.00000,-0.19000,0.84000,20.08000,255.00000
0.05000,0.03000,0.98000,0.00000,0.00000,-0.19000,0.84000,18.93000,255.00000
0.05000,0.03000,0.98000,0.00000,0.00000,-0.19000,0.84000,18.93000,255.00000
0.05000,0.03000,0.98000,0.00000,0.00000,-0.19000,0.84000,17.79000,255.00000
0.05000,0.03000,0.98000,0.00000,0.00000,-0.19000,0.84000,17.79000,255.00000
0.05000,0.03000,0.98000,0.00000,0.00000,-0.19000,0.84000,16.65000,255.00000
0.05000,0.03000,0.98000,0.00000,0.00000,-0.19000,0.84000,16.65000,255.00000
0.05000,0.03000,0.98000,0.00000,0.00000,-0.19000,0.84000,15.51000,255.00000
0.05000,0.03000,0.98000,0.00000,0.00000,-0.19000,0.84000,15.51000,255.00000
0.05000,0.03000,0.98000,0.00000,0.00000,-0.19000,0.84000,14.37000,255.00000
0.05000,0.03000,0.98000,0.00000,0.00000,-0.19000,0.84000,14.37000,255.00000
0.05000,0.03000,0.98000,0.00000,0.00000,-0.19000,0.84000,13.23000,255.00000
0.05000,0.03000,0.98000,0.00000,0.00000,-0.19000,0.84000,13.23000,255.00000
0.05000,0.03000,0.98000,0.00000,0.00000,-0.19000,0.84000,12.09000,255.00000
0.05000,0.03000,0.98000,0.00000,0.00000,-0.19000,0.84000,12.09000,255.00000
0.05000,0.03000,0.98000,0.00000,0.00000,-0.19000,0.84000,10.95000,255.00000
0.05000,0.03000,0.98000,0.00000,0.00000,-0.19000,0.84000,10.95000,255.00000
0.05000,0.03000,0.98000,0.00000,0.00000,-0.19000,0.84000,9.81000,255.00000
0.05000,0.03000,0.98000,0.00000,0.00000,-0.19000,0.84000,9.81000,255.00000
0.05000,0.03000,0.98000,0.00000,0.00000,-0.19000,0.84000,8.67000,255.00000
0.05000,0.03000,0.98000,0.00000,0.00000,-0.19000,0.84000,8.67000,255.00000
0.05000,0.03000,0.98000,0.00000,0.00000,-0.19000,0.84000,7.52000,255.00000
0.05000,0.03000,0.98000,0.00000,0.00000,-0.19000,0.84000,7.52000,255.00000
0.05000,0.03000,0.98000,0.00000,0.00000,-0.19000,0.84000,6.38000,255.00000
0.05000,0.03000,0.98000,0.00000,0.00000,-0.19000,0.84000,6.38000,255.00000
0.05000,0.03000,0.98000,0.00000,0.00000,-0.19000,0.84000,5.24000,255.00000
0.05000,0.03000,0.98000,0.00000,0.00000,-0.19000,0.84000,5.24000,255.00000
0.05000,0.03000,0.98000,0.00000,0.00000,-0.19000,0.84000,4.10000,255.00000
0.05000,0.03000,0.98000,0.00000,0.00000,-0.19000,0.84000,4.10000,255.00000
0.05000,0.03000,0.98000,0.00000,0.00000,-0.19000,0.84000,2.96000,255.00000
0.05000,0.03000,0.98000,0.00000,0.00000,-0.19000,0.84000,2.96000,255.00000
0.05000,0.03000,0.98000,0.00000,0.00000,-0.19000,0.84000,1.82000,255.00000
0.05000,0.03000,0.98000,0.00000,0.00000,-0.19000,0.84000,1.82000,255.00000
0.05000,0.03000,0.98000,0.00000,0.00000,-0.19000,0.84000,0.68000,255.00000
0.05000,0.03000,0.98000,0.00000,0.00000,-0.19000,0.84000,0.68000,255.00000
0.05000,0.03000,0.98000,0.00000,0.00000,-0.19000,0.84000,-0.46000,255.00000
0.05000,0.03000,0.98000,0.00000,0.00000,-0.19000,0.84000,-0.46000,255.00000
0.05000,0.03000,0.98000,0.00000,0.00000,-0.19000,0.84000,-1.60000,255.00000
0.05000,0.03000,0.98000,0.00000,0.00000,-0.19000,0.84000,-1.60000,255.00000
0.05000,0.03000,0.98000,0.00000,0.00000,-0.19000,0.84000,-2.75000,255.00000
0.05000,0.03000,0.98000,0.00000,0.00000,-0.19000,0.84000,-2.75000,255.00000
0.05000,0.03000,0.98000,0.00000,0.00000,-0.19000,0.84000,-3.89000,255.00000
0.05000,0.03000,0.98000,0.00000,0.00000,-0.19000,0.84000,-3.89000,255.00000
0.05000,0.03000,0.98000,0.00000,0.00000,-0.19000,0.84000,-5.03000,255.00000
0.05000,0.03000,0.98000,0.00000,0.00000,-0.19000,0.84000,-5.03000,255.00000
0.05000,0.03000,0.98000,0.00000,0.00000,-0.19000,0.84000,-6.17000,255.00000
0.05000,0.03000,0.98000,0.00000,0.00000,-0.19000,0.84000,-6.17000,255.00000
0.05000,0.03000,0.98000,0.00000,0.00000,-0.19000,0.84000,-7.31000,255.00000
0.05000,0.03000,0.98000,0.00000,0.00000,-0.19000,0.84000,-7.31000,255.00000
0.05000,0.03000,0.98000,0.00000,0.00000,-0.19000,0.84000,-8.45000,255.00000
0.05000,0.03000,0.98000,0.00000,0.00000,-0.19000,0.84000,-8.45000,255.00000
0.05000,0.03000,0.98000,0.00000,0.00000,-0.19000,0.84000,-9.59000,255.00000
0.05000,0.03000,0.98000,0.00000,0.00000,-0.19000,0.84000,-9.59000,255.00000
0.05000,0.03000,0.98000,0.00000,0.00000,-0.19000,0.84000,-10.73000,255.00000
0.05000,0.03000,0.98000,0.00000,0.00000,-0.19000,0.84000,-10.73000,255.00000
0.05000,0.03000,0.98000,0.00000,0.00000,-0.19000,0.84000,-11.87000,255.00000
0.05000,0.03000,0.98000,0.00000,0.00000,-0.19000,0.84000,-11.87000,255.00000
0.05000,0.03000,0.98000,0.00000,0.00000,-0.19000,0.84000,-13.01000,255.00000
0.05000,0.03000,0.98000,0.00000,0.00000,-0.19000,0.84000,-13.01000,255.00000
0.05000,0.03000,0.98000,0.00000,0.00000,-0.19000,0.84000,-14.16000,255.00000
0.05000,0.03000,0.98000,0.00000,0.00000,-0.19000,0.84000,-14.16000,255.00000
0.05000,0.03000,0.98000,0.00000,0.00000,-0.19000,0.84000,-15.30000,255.00000
0.05000,0.03000,0.98000,0.00000,0.00000,-0.19000,0.84000,-15.30000,255.00000
0.05000,0.03000,0.98000,0.00000,0.00000,-0.19000,0.84000,-16.44000,255.00000
0.05000,0.03000,0.98000,0.00000,0.00000,-0.19000,0.84000,-16.44000,255.00000
0.05000,0.03000,0.98000,0.00000,0.00000,-0.19000,0.84000,-17.58000,255.00000
0.05000,0.03000,0.98000,0.00000,0.00000,-0.19000,0.84000,-17.58000,255.00000
0.05000,0.03000,0.98000,0.00000,0.00000,-0.19000,0.84000,-18.72000,255.00000
0.05000,0.03000,0.98000,0.00000,0.00000,-0.19000,0.84000,-18.72000,255.00000
0.05000,0.03000,0.98000,0.00000,0.00000,-0.19000,0.84000,-19.86000,255.00000
0.05000,0.03000,0.98000,0.00000,0.00000,-0.19000,0.84000,-19.86000,255.00000
0.05000,0.03000,0.98000,0.00000,0.00000,-0.19000,0.84000,-21.00000,255.00000
0.05000,0.03000,0.98000,0.00000,0.00000,-0.19000,0.84000,-21.00000,255.00000
0.05000,0.03000,0.98000,0.00000,0.00000,-0.19000,0.84000,-22.14000,255.00000
0.05000,0.03000,0.98000,0.00000,0.00000,-0.19000,0.84000,-22.14000,255.00000
0.05000,0.03000,0.98000,0.00000,0.00000,-0.19000,0.84000,-23.28000,255.00000
0.05000,0.03000,0.98000,0.00000,0.00000,-0.19000,0.84000,-23.28000,255.00000
0.05000,0.03000,0.98000,0.00000,0.00000,-0.19000,0.84000,-24.42000,255.00000
0.05000,0.03000,0.98000,0.00000,0.00000,-0.19000,0.84000,-24.42000,255.00000
0.05000,0.03000,0.98000,0.00000,0.00000,-0.19000,0.84000,-25.57000,255.00000
0.05000,0.03000,0.98000,0.00000,0.00000,-0.19000,0.84000,-25.57000,255.00000
0.05000,0.03000,0.98000,0.00000,0.00000,-0.19000,0.84000,-26.71000,255.00000
0.05000,0.03000,0.98000,0.00000,0.00000,-0.19000,0.84000,-26.71000,255.00000
0.05000,0.03000,0.98000,0.00000,0.00000,-0.19000,0.84000,-27.85000,255.00000
0.05000,0.03000,0.98000,0.00000,0.00000,-0.19000,0.84000,-27.85000,255.00000
0.05000,0.03000,0.98000,0.00000,0.00000,-0.19000,0.84000,-28.99000,255.00000
0.05000,0.03000,0.98000,0.00000,0.00000,-0.19000,0.84000,-28.99000,255.00000
0.05000,0.03000,0.98000,0.00000,0.00000,-0.19000,0.84000,-30.13000,255.00000
0.05000,0.03000,0.98000,0.00000,0.00000,-0.19000,0.84000,-30.13000,255.00000
0.05000,0.03000,0.98000,0.00000,0.00000,-0.19000,0.84000,-31.27000,255.00000
0.05000,0.03000,0.98000,0.00000,0.00000,-0.19000,0.84000,-31.27000,255.00000
0.05000,0.03000,0.98000,0.00000,0.00000,-0.19000,0.84000,-32.41000,255.00000
0.05000,0.03000,0.98000,0.00000,0.00000,-0.19000,0.84000,-32.41000,255.00000
0.05000,0.03000,0.98000,0.00000,0.00000,-0.19000,0.84000,-33.55000,255.00000
0.05000,0.03000,0.98000,0.00000,0.00000,-0.19000,0.84000,-33.55000,255.00000
0.05000,0.03000,0.98000,0.00000,0.00000,-0.19000,0.84000,-34.69000,255.00000
0.05000,0.03000,0.98000,0.00000,0.00000,-0.19000,0.84000,-34.69000,255.00000
0.05000,0.03000,0.98000,0.00000,0.00000,-0.19000,0.84000,-35.84000,255.00000
0.05000,0.03000,0.98000,0.00000,0.00000,-0.19000,0.84000,-35.84000,255.00000
0.05000,0.03000,0.98000,0.00000,0.00000,-0.19000,0.84000,-36.98000,255.00000
0.05000,0.03000,0.98000,0.00000,0.00000,-0.19000,0.84000,-36.98000,255.00000
0.05000,0.03000,0.98000,0.00000,0.00000,-0.19000,0.84000,-38.12000,255.00000
0.05000,0.03000,0.98000,0.00000,0.00000,-0.19000,0.84000,-38.12000,255.00000
0.05000,0.03000,0.98000,0.00000,0.00000,-0.19000,0.84000,-39.26000,255.00000
0.05000,0.03000,0.98000,0.00000,0.00000,-0.19000,0.84000,-39.26000,255.00000
0.05000,0.03000,0.98000,0.00000,0.00000,-0.19000,0.84000,-40.40000,255.00000
0.05000,0.03000,0.98000,0.00000,0.00000,-0.19000,0.84000,-40.40000,255.00000
0.05000,0.03000,0.98000,0.00000,0.00000,-0.19000,0.84000,-41.54000,255.00000
0.05000,0.03000,0.98000,0.00000,0.00000,-0.19000,0.84000,-41.54000,255.00000
0.05000,0.03000,0.98000,0.00000,0.00000,-0.19000,0.84000,-42.68000,255.00000
0.05000,0.03000,0.98000,0.00000,0.00000,-0.19000,0.84000,-42.68000,255.00000
0.05000,0.03000,0.98000,0.00000,0.00000,-0.19000,0.84000,-43.82000,255.00000
0.05000,0.03000,0.98000,0.00000,0.00000,-0.19000,0.84000,-43.82000,255.00000
0.05000,0.03000,0.98000,0.00000,0.00000,-0.19000,0.84000,-44.96000,255.00000
0.05000,0.03000,0.98000,0.00000,0.00000,-0.19000,0.84000,-44.96000,255.00000
0.05000,0.03000,0.98000,0.00000,0.00000,-0.19000,0.84000,-46.10000,255.00000
0.05000,0.03000,0.98000,0.00000,0.00000,-0.19000,0.84000,-46.10000,255.00000
0.05000,0.03000,0.98000,0.00000,0.00000,-0.19000,0.84000,-47.25000,255.00000
0.05000,0.03000,0.98000,0.00000,0.00000,-0.19000,0.84000,-47.25000,255.00000
0.05000,0.03000,0.98000,0.00000,0.00000,-0.19000,0.84000,-48.39000,255.00000
0.05000,0.03000,0.98000,0.00000,0.00000,-0.19000,0.84000,-48.39000,255.00000
0.05000,0.03000,0.98000,0.00000,0.00000,-0.19000,0.84000,-49.53000,255.00000
0.05000,0.03000,0.98000,0.00000,0.00000,-0.19000,0.84000,-49.53000,255.00000
0.05000,0.03000,0.98000,0.00000,0.00000,-0.19000,0.84000,-50.67000,255.00000
0.05000,0.03000,0.98000,0.00000,0.00000,-0.19000,0.84000,-50.67000,255.00000
0.05000,0.03000,0.98000,0.00000,0.00000,-0.19000,0.84000,-51.81000,255.00000
0.05000,0.03000,0.98000,0.00000,0.00000,-0.19000,0.84000,-51.81000,255.00000
0.05000,0.03000,0.98000,0.00000,0.00000,-0.19000,0.84000,-52.95000,255.00000
0.05000,0.03000,0.98000,0.00000,0.00000,-0.19000,0.84000,-52.95000,255.00000
0.05000,0.03000,0.98000,0.00000,0.00000,-0.19000,0.84000,-54.09000,255.00000
0.05000,0.03000,0.98000,0.00000,0.00000,-0.19000,0.84000,-54.09000,255.00000
0.05000,0.03000,0.98000,0.00000,0.00000,-0.19000,0.84000,-55.23000,255.00000
0.05000,0.03000,0.98000,0.00000,0.00000,-0.19000,0.84000,-55.23000,255.00000
0.05000,0.03000,0.98000,0.00000,0.00000,-0.19000,0.84000,-56.37000,255.00000
0.05000,0.03000,0.98000,0.00000,0.00000,-0.19000,0.84000,-56.37000,255.00000
0.05000,0.03000,0.98000,0.00000,0.00000,-0.19000,0.84000,-57.51000,255.00000
0.05000,0.03000,0.98000,0.00000,0.00000,-0.19000,0.84000,-57.51000,255.00000
0.05000,0.03000,0.98000,0.00000,0.00000,-0.19000,0.84000,-58.66000,255.00000
0.05000,0.03000,0.98000,0.00000,0.00000,-0.19000,0.84000,-58.66000,255.00000
0.05000,0.03000,0.98000,0.00000,0.00000,-0.19000,0.84000,-59.80000,255.00000
0.05000,0.03000,0.98000,0.00000,0.00000,-0.19000,0.84000,-59.80000,255.00000
0.05000,0.03000,0.98000,0.00000,0.00000,-0.19000,0.84000,-60.94000,255.00000
0.05000,0.03000,0.98000,0.00000,0.00000,-0.19000,0.84000,-60.94000,255.00000
0.05000,0.03000,0.98000,0.00000,0.00000,-0.19000,0.84000,-62.08000,255.00000
0.05000,0.03000,0.98000,0.00000,0.00000,-0.19000,0.84000,-62.08000,255.00000
0.05000,0.03000,0.98000,0.00000,0.00000,-0.19000,0.84000,-63.22000,255.00000
0.05000,0.03000,0.98000,0.00000,0.00000,-0.19000,0.84000,-63.22000,255.00000
0.05000,0.03000,0.98000,0.00000,0.00000,-0.19000,0.84000,-64.36000,255.00000
0.05000,0.03000,0.98000,0.00000,0.00000,-0.19000,0.84000,-64.36000,255.00000
0.05000,0.03000,0.98000,0.00000,0.00000,-0.19000,0.84000,-65.50000,255.00000
0.05000,0.03000,0.98000,0.00000,0.00000,-0.19000,0.84000,-65.50000,255.00000
0.05000,0.03000,0.98000,0.00000,0.00000,-0.19000,0.84000,-66.64000,255.00000
0.05000,0.03000,0.98000,0.00000,0.00000,-0.19000,0.84000,-66.64000,255.00000
0.05000,0.03000,0.98000,0.00000,0.00000,-0.19000,0.84000,-67.78000,255.00000
0.05000,0.03000,0.98000,0.00000,0.00000,-0.19000,0.84000,-67.78000,255.00000
0.05000,0.03000,0.98000,0.00000,0.00000,-0.19000,0.84000,-68.93000,255.00000
0.05000,0.03000,0.98000,0.00000,0.00000,-0.19000,0.84000,-68.93000,255.00000
0.05000,0.03000,0.98000,0.00000,0.00000,-0.19000,0.84000,-70.07000,255.00000
0.05000,0.03000,0.98000,0.00000,0.00000,-0.19000,0.84000,-70.07000,255.00000
0.05000,0.03000,0.98000,0.00000,0.00000,-0.19000,0.84000,-71.21000,255.00000
0.05000,0.03000,0.98000,0.00000,0.00000,-0.19000,0.84000,-71.21000,255.00000
0.05000,0.03000,0.98000,0.00000,0.00000,-0.19000,0.84000,-72.35000,255.00000
0.05000,0.03000,0.98000,0.00000,0.00000,-0.19000,0.84000,-72.35000,255.00000
0.05000,0.03000,0.98000,0.00000,0.00000,-0.19000,0.84000,-73.49000,255.00000
0.05000,0.03000,0.98000,0.00000,0.00000,-0.19000,0.84000,-73.49000,255.00000
0.05000,0.03000,0.98000,0.00000,0.00000,-0.19000,0.84000,-74.63000,255.00000
0.05000,0.03000,0.98000,0.00000,0.00000,-0.19000,0.84000,-74.63000,255.00000
0.05000,0.03000,0.98000,0.00000,0.00000,-0.19000,0.84000,-75.77000,255.00000
0.05000,0.03000,0.98000,0.00000,0.00000,-0.19000,0.84000,-75.77000,255.00000
0.05000,0.03000,0.98000,0.00000,0.00000,-0.19000,0.84000,-76.91000,255.00000
0.05000,0.03000,0.98000,0.00000,0.00000,-0.19000,0.84000,-76.91000,255.00000
0.05000,0.03000,0.98000,0.00000,0.00000,-0.19000,0.84000,-78.05000,255.00000
0.05000,0.03000,0.98000,0.00000,0.00000,-0.19000,0.84000,-78.05000,255.00000
0.05000,0.03000,0.98000,0.00000,0.00000,-0.19000,0.84000,-79.19000,255.00000
0.05000,0.03000,0.98000,0.00000,0.00000,-0.19000,0.84000,-79.19000,255.00000
0.05000,0.03000,0.98000,-0.02000,0.00000,-0.19000,0.84000,-80.34000,255.00000
0.05000,0.03000,0.98000,0.00000,0.00000,-0.19000,0.84000,-80.34000,255.00000
0.05000,0.03000,0.98000,0.00000,0.00000,-0.19000,0.84000,-81.45000,255.00000
0.05000,0.03000,0.98000,0.00000,0.00000,-0.19000,0.84000,-81.45000,255.00000
0.05000,0.03000,0.98000,0.00000,0.00000,-0.19000,0.84000,-82.58000,255.00000
0.05000,0.03000,0.98000,0.00000,0.00000,-0.19000,0.84000,-82.58000,255.00000
0.05000,0.03000,0.98000,0.00000,0.00000,-0.19000,0.84000,-83.72000,255.00000
0.05000,0.03000,0.98000,0.00000,0.00000,-0.19000,0.84000,-83.72000,255.00000
0.05000,0.03000,0.98000,0.00000,0.00000,-0.19000,0.84000,-84.85000,255.00000
0.05000,0.03000,0.98000,0.00000,0.00000,-0.19000,0.84000,-84.85000,255.00000
0.05000,0.03000,0.98000,0.00000,0.00000,-0.19000,0.84000,-85.98000,255.00000
0.05000,0.03000,0.98000,0.00000,0.00000,-0.19000,0.84000,-85.98000,255.00000
0.05000,0.03000,0.98000,0.00000,0.00000,-0.19000,0.84000,-87.11000,255.00000
0.05000,0.03000,0.98000,0.00000,0.00000,-0.19000,0.84000,-87.11000,255.00000
0.05000,0.03000,0.98000,0.00000,0.00000,-0.19000,0.84000,-88.24000,255.00000
0.05000,0.03000,0.98000,0.00000,0.00000,-0.19000,0.84000,-88.24000,255.00000
0.05000,0.03000,0.98000,0.00000,0.00000,-0.19000,0.84000,-89.37000,255.00000
0.05000,0.03000,0.98000,0.00000,0.00000,-0.19000,0.84000,-89.37000,255.00000
0.05000,0.03000,0.98000,0.00000,0.00000,-0.19000,0.84000,-90.51000,255.00000
0.05000,0.03000,0.98000,0.00000,0.00000,-0.19000,0.84000,-90.51000,255.00000
0.05000,0.03000,0.98000,0.00000,0.00000,-0.19000,0.84000,-91.64000,255.00000
0.05000,0.03000,0.98000,0.00000,0.00000,-0.19000,0.84000,-91.64000,255.00000
0.05000,0.03000,0.98000,0.00000,0.00000,-0.19000,0.84000,-92.77000,255.00000
0.05000,0.03000,0.98000,0.00000,0.00000,-0.19000,0.84000,-92.77000,255.00000
0.05000,0.03000,0.98000,0.00000,0.00000,-0.19000,0.84000,-93.90000,255.00000
0.05000,0.03000,0.98000,0.00000,0.00000,-0.19000,0.84000,-93.90000,255.00000
0.05000,0.03000,0.98000,0.00000,0.00000,-0.19000,0.84000,-95.03000,255.00000
0.05000,0.03000,0.98000,0.00000,0.00000,-0.19000,0.84000,-95.03000,255.00000
0.05000,0.03000,0.98000,0.00000,0.00000,-0.19000,0.84000,-96.16000,255.00000
0.05000,0.03000,0.98000,0.00000,0.00000,-0.19000,0.84000,-96.16000,255.00000
0.05000,0.03000,0.98000,0.00000,0.00000,-0.19000,0.84000,-97.29000,255.00000
0.05000,0.03000,0.98000,0.00000,0.00000,-0.19000,0.84000,-97.29000,255.00000
0.05000,0.03000,0.98000,0.00000,0.00000,-0.19000,0.84000,-98.43000,255.00000
0.05000,0.03000,0.98000,0.00000,0.00000,-0.19000,0.84000,-98.43000,255.00000
0.05000,0.03000,0.98000,0.00000,0.00000,-0.19000,0.84000,-99.56000,255.00000
0.05000,0.03000,0.98000,0.00000,0.00000,-0.19000,0.84000,-99.56000,255.00000
0.05000,0.03000,0.98000,0.00000,0.00000,-0.19000,0.84000,-100.69000,255.00000
0.05000,0.03000,0.98000,0.00000,0.00000,-0.19000,0.84000,-100.69000,255.00000
0.05000,0.03000,0.98000,0.00000,0.00000,-0.19000,0.84000,-101.82000,255.00000
0.05000,0.03000,0.98000,0.00000,0.00000,-0.19000,0.84000,-101.82000,255.00000
0.05000,0.03000,0.98000,0.00000,0.00000,-0.19000,0.84000,-102.95000,255.00000
0.05000,0.03000,0.98000,0.00000,0.00000,-0.19000,0.84000,-102.95000,255.00000
0.05000,0.03000,0.98000,0.00000,0.00000,-0.19000,0.84000,-104.08000,255.00000
0.05000,0.03000,0.98000,0.00000,0.00000,-0.19000,0.84000,-104.08000,255.00000
0.05000,0.03000,0.98000,0.00000,0.00000,-0.19000,0.84000,-105.22000,255.00000
0.05000,0.03000,0.98000,0.00000,0.00000,-0.19000,0.84000,-105.22000,255.00000
0.05000,0.03000,0.98000,0.00000,0.00000,-0.19000,0.84000,-106.35000,255.00000
0.05000,0.03000,0.98000,0.00000,0.00000,-0.19000,0.84000,-106.35000,255.00000
0.05000,0.03000,0.98000,0.00000,0.00000,-0.19000,0.84000,-107.48000,255.00000
0.05000,0.03000,0.98000,0.00000,0.00000,-0.19000,0.84000,-107.48000,255.00000
0.05000,0.03000,0.98000,0.00000,0.00000,-0.19000,0.84000,-108.61000,255.00000
0.05000,0.03000,0.98000,0.00000,0.00000,-0.19000,0.84000,-108.61000,255.00000
0.05000,0.03000,0.98000,0.00000,0.00000,-0.19000,0.84000,-109.74000,255.00000
0.05000,0.03000,0.98000,0.00000,0.00000,-0.19000,0.84000,-109.74000,255.00000
0.05000,0.03000,0.98000,0.00000,0.00000,-0.19000,0.84000,-110.87000,255.00000
0.05000,0.03000,0.98000,0.00000,0.00000,-0.19000,0.84000,-110.87000,255.00000
0.05000,0.03000,0.98000,0.00000,0.00000,-0.19000,0.84000,-112.00000,255.00000
0.05000,0.03000,0.98000,0.00000,0.00000,-0.19000,0.84000,-112.00000,255.00000
0.05000,0.03000,0.98000,0.00000,0.00000,-0.19000,0.84000,-113.14000,255.00000
0.05000,0.03000,0.98000,0.00000,0.00000,-0.19000,0.84000,-113.14000,255.00000
0.05000,0.03000,0.98000,0.00000,0.00000,-0.19000,0.84000,-114.27000,255.00000
0.05000,0.03000,0.98000,0.00000,0.00000,-0.19000,0.84000,-114.27000,255.00000
0.05000,0.03000,0.98000,0.00000,0.00000,-0.19000,0.84000,-115.40000,255.00000
0.05000,0.03000,0.98000,0.00000,0.00000,-0.19000,0.84000,-115.40000,255.00000
0.05000,0.03000,0.98000,0.00000,0.00000,-0.19000,0.84000,-116.53000,255.00000
0.05000,0.03000,0.98000,0.00000,0.00000,-0.19000,0.84000,-116.53000,255.00000
0.05000,0.03000,0.98000,0.00000,0.00000,-0.19000,0.84000,-117.66000,255.00000
0.05000,0.03000,0.98000,0.00000,0.00000,-0.19000,0.84000,-117.66000,255.00000
0.05000,0.03000,0.98000,0.00000,0.00000,-0.19000,0.84000,-118.79000,255.00000
0.05000,0.03000,0.98000,0.00000,0.00000,-0.19000,0.84000,-118.79000,255.00000
0.05000,0.03000,0.98000,0.00000,0.00000,-0.19000,0.84000,-119.93000,255.00000
0.05000,0.03000,0.98000,0.00000,0.00000,-0.19000,0.84000,-119.93000,255.00000
0.05000,0.03000,0.98000,0.00000,0.00000,-0.19000,0.84000,-121.06000,255.00000
0.05000,0.03000,0.98000,0.00000,0.00000,-0.19000,0.84000,-121.06000,255.00000
0.05000,0.03000,0.98000,0.00000,0.00000,-0.19000,0.84000,-122.19000,255.00000
0.05000,0.03000,0.98000,0.00000,0.00000,-0.19000,0.84000,-122.19000,255.00000
0.05000,0.03000,0.98000,0.00000,0.00000,-0.19000,0.84000,-123.32000,255.00000
0.05000,0.03000,0.98000,0.00000,0.00000,-0.19000,0.84000,-123.32000,255.00000
0.05000,0.03000,0.98000,0.00000,0.00000,-0.19000,0.84000,-124.45000,255.00000
0.05000,0.03000,0.98000,0.00000,0.00000,-0.19000,0.84000,-124.45000,255.00000
0.05000,0.03000,0.98000,0.00000,0.00000,-0.19000,0.84000,-125.58000,255.00000
0.05000,0.03000,0.98000,0.00000,0.00000,-0.19000,0.84000,-125.58000,255.00000
0.05000,0.03000,0.98000,0.00000,0.00000,-0.19000,0.84000,-126.71000,255.00000
0.05000,0.03000,0.98000,0.00000,0.00000,-0.19000,0.84000,-126.71000,255.00000
0.05000,0.03000,0.98000,0.00000,0.00000,-0.19000,0.84000,-127.85000,255.00000
0.05000,0.03000,0.98000,0.00000,0.00000,-0.19000,0.84000,-127.85000,255.00000
0.05000,0.03000,0.98000,0.00000,0.00000,-0.19000,0.84000,-128.98000,255.00000
0.05000,0.03000,0.98000,0.00000,0.00000,-0.19000,0.84000,-128.98000,255.00000
0.05000,0.03000,0.98000,0.00000,0.00000,-0.19000,0.84000,-130.11000,255.00000
0.05000,0.03000,0.98000,0.00000,0.00000,-0.19000,0.84000,-130.11000,255.00000
0.05000,0.03000,0.98000,0.00000,0.00000,-0.19000,0.84000,-131.24000,255.00000
0.05000,0.03000,0.98000,0.00000,0.00000,-0.19000,0.84000,-131.24000,255.00000
0.05000,0.03000,0.98000,0.00000,0.00000,-0.19000,0.84000,-132.37000,255.00000
0.05000,0.03000,0.98000,0.00000,0.00000,-0.19000,0.84000,-132.37000,255.00000
0.05000,0.03000,0.98000,0.00000,0.00000,-0.19000,0.84000,-133.50000,255.00000
0.05000,0.03000,0.98000,0.00000,0.00000,-0.19000,0.84000,-133.50000,255.00000
0.05000,0.03000,0.98000,0.00000,0.00000,-0.19000,0.84000,-134.64000,255.00000
0.05000,0.03000,0.98000,0.00000,0.00000,-0.19000,0.84000,-134.64000,255.00000
0.05000,0.03000,0.98000,0.00000,0.00000,-0.19000,0.84000,-135.77000,255.00000
0.05000,0.03000,0.98000,0.00000,0.00000,-0.19000,0.84000,-135.77000,255.00000
0.05000,0.03000,0.98000,0.00000,0.00000,-0.19000,0.84000,-136.90000,255.00000
0.05000,0.03000,0.98000,0.00000,0.00000,-0.19000,0.84000,-136.90000,255.00000
0.05000,0.03000,0.98000,0.00000,0.00000,-0.19000,0.84000,-138.03000,255.00000
0.05000,0.03000,0.98000,0.00000,0.00000,-0.19000,0.84000,-138.03000,255.00000
0.05000,0.03000,0.98000,0.00000,0.00000,-0.19000,0.84000,-139.16000,255.00000
0.05000,0.03000,0.98000,0.00000,0.00000,-0.19000,0.84000,-139.16000,255.00000
0.05000,0.03000,0.98000,0.00000,0.00000,-0.19000,0.84000,-140.29000,255.00000
0.05000,0.03000,0.98000,0.00000,0.00000,-0.19000,0.84000,-140.29000,255.00000
0.05000,0.03000,0.98000,0.00000,0.00000,-0.19000,0.84000,-141.43000,255.00000
0.05000,0.03000,0.98000,0.00000,0.00000,-0.19000,0.84000,-141.43000,255.00000
0.05000,0.03000,0.98000,0.00000,0.00000,-0.19000,0.84000,-142.56000,255.00000
0.05000,0.03000,0.98000,0.00000,0.00000,-0.19000,0.84000,-142.56000,255.00000
0.05000,0.03000,0.98000,0.00000,0.00000,-0.19000,0.84000,-143.69000,255.00000
0.05000,0.03000,0.98000,0.00000,0.00000,-0.19000,0.84000,-143.69000,255.00000
0.05000,0.03000,0.98000,0.00000,0.00000,-0.19000,0.84000,-144.82000,255.00000
0.05000,0.03000,0.98000,0.00000,0.00000,-0.19000,0.84000,-144.82000,255.00000
0.05000,0.03000,0.98000,0.00000,0.00000,-0.19000,0.84000,-145.95000,255.00000
0.05000,0.03000,0.98000,0.00000,0.00000,-0.19000,0.84000,-145.95000,255.00000
0.05000,0.03000,0.98000,0.00000,0.00000,-0.19000,0.84000,-147.08000,255.00000
0.05000,0.03000,0.98000,0.00000,0.00000,-0.19000,0.84000,-147.08000,255.00000
0.05000,0.03000,0.98000,0.00000,0.00000,-0.19000,0.84000,-148.21000,255.00000
0.05000,0.03000,0.98000,0.00000,0.00000,-0.19000,0.84000,-148.21000,255.00000
0.05000,0.03000,0.98000,0.00000,0.00000,-0.19000,0.84000,-149.35000,255.00000
0.05000,0.03000,0.98000,0.00000,0.00000,-0.19000,0.84000,-149.35000,255.00000
0.05000,0.03000,0.98000,0.00000,0.00000,-0.19000,0.84000,-150.48000,255.00000
0.05000,0.03000,0.98000,0.00000,0.00000,-0.19000,0.84000,-150.48000,255.00000
0.05000,0.03000,0.98000,0.00000,0.00000,-0.19000,0.84000,-151.61000,255.00000
0.05000,0.03000,0.98000,0.00000,0.00000,-0.19000,0.84000,-151.61000,255.00000
0.05000,0.03000,0.98000,0.00000,0.00000,-0.19000,0.84000,-152.74000,255.00000
0.05000,0.03000,0.98000,0.00000,0.00000,-0.19000,0.84000,-152.74000,255.00000
0.05000,0.03000,0.98000,0.00000,0.00000,-0.19000,0.84000,-153.87000,255.00000
0.05000,0.03000,0.98000,0.00000,0.00000,-0.19000,0.84000,-153.87000,255.00000
0.05000,0.03000,0.98000,0.00000,0.00000,-0.19000,0.84000,-155.00000,255.00000
0.05000,0.03000,0.98000,0.00000,0.00000,-0.19000,0.84000,-155.00000,255.00000
0.05000,0.03000,0.98000,0.00000,0.00000,-0.19000,0.84000,-156.14000,255.00000
0.05000,0.03000,0.98000,0.00000,0.00000,-0.19000,0.84000,-156.14000,255.00000
0.05000,0.03000,0.98000,0.00000,0.00000,-0.19000,0.84000,-157.27000,255.00000
0.05000,0.03000,0.98000,0.00000,0.00000,-0.19000,0.84000,-157.27000,255.00000
0.05000,0.03000,0.98000,0.00000,0.00000,-0.19000,0.84000,-158.40000,255.00000
0.05000,0.03000,0.98000,0.00000,0.00000,-0.19000,0.84000,-158.40000,255.00000
0.05000,0.03000,0.98000,0.00000,0.00000,-0.19000,0.84000,-159.53000,255.00000
0.05000,0.03000,0.98000,0.00000,0.00000,-0.19000,0.84000,-159.53000,255.00000
0.05000,0.03000,0.98000,0.00000,0.00000,-0.19000,0.84000,-160.66000,255.00000
0.05000,0.03000,0.98000,0.00000,0.00000,-0.19000,0.84000,-160.66000,255.00000
0.05000,0.03000,0.98000,0.00000,0.00000,-0.19000,0.84000,-161.79000,255.00000
0.05000,0.03000,0.98000,0.00000,0.00000,-0.19000,0.84000,-161.79000,255.00000
0.05000,0.03000,0.98000,0.00000,0.00000,-0.19000,0.84000,-162.92000,255.00000
0.05000,0.03000,0.98000,0.00000,0.00000,-0.19000,0.84000,-162.92000,255.00000
0.05000,0.03000,0.98000,0.00000,0.00000,-0.19000,0.84000,-164.06000,255.00000
0.05000,0.03000,0.98000,0.00000,0.00000,-0.19000,0.84000,-164.06000,255.00000
0.05000,0.03000,0.98000,0.00000,0.00000,-0.19000,0.84000,-165.19000,255.00000
0.05000,0.03000,0.98000,0.00000,0.00000,-0.19000,0.84000,-165.19000,255.00000
0.05000,0.03000,0.98000,0.00000,0.00000,-0.19000,0.84000,-166.32000,255.00000
0.05000,0.03000,0.98000,0.00000,0.00000,-0.19000,0.84000,-166.32000,255.00000
0.05000,0.03000,0.98000,0.00000,0.00000,-0.19000,0.84000,-167.45000,255.00000
0.05000,0.03000,0.98000,0.00000,0.00000,-0.19000,0.84000,-167.45000,255.00000
0.05000,0.03000,0.98000,0.00000,0.00000,-0.19000,0.84000,-168.58000,255.00000
0.05000,0.03000,0.98000,0.00000,0.00000,-0.19000,0.84000,-168.58000,255.00000
0.05000,0.03000,0.98000,0.00000,0.00000,-0.19000,0.84000,-169.71000,255.00000
0.05000,0.03000,0.98000,0.00000,0.00000,-0.19000,0.84000,-169.71000,255.00000
0.05000,0.03000,0.98000,0.00000,0.00000,-0.19000,0.84000,-170.85000,255.00000
0.05000,0.03000,0.98000,0.00000,0.00000,-0.19000,0.84000,-170.85000,255.00000
0.05000,0.03000,0.98000,0.00000,0.00000,-0.19000,0.84000,-171.98000,255.00000
0.05000,0.03000,0.98000,0.00000,0.00000,-0.19000,0.84000,-171.98000,255.00000
0.05000,0.03000,0.98000,0.00000,0.00000,-0.19000,0.84000,-173.11000,255.00000
0.05000,0.03000,0.98000,0.00000,0.00000,-0.19000,0.84000,-173.11000,255.00000
0.05000,0.03000,0.98000,0.00000,0.00000,-0.19000,0.84000,-174.24000,255.00000
0.05000,0.03000,0.98000,0.00000,0.00000,-0.19000,0.84000,-174.24000,255.00000
0.05000,0.03000,0.98000,0.00000,0.00000,-0.19000,0.84000,-175.37000,255.00000
0.05000,0.03000,0.98000,0.00000,0.00000,-0.19000,0.84000,-175.37000,255.00000
0.05000,0.03000,0.98000,0.00000,0.00000,-0.19000,0.84000,-176.50000,255.00000
0.05000,0.03000,0.98000,0.00000,0.00000,-0.19000,0.84000,-176.50000,255.00000
0.05000,0.03000,0.98000,0.00000,0.00000,-0.19000,0.84000,-177.64000,255.00000
0.05000,0.03000,0.98000,0.00000,0.00000,-0.19000,0.84000,-177.64000,255.00000
0.05000,0.03000,0.98000,0.00000,0.00000,-0.19000,0.84000,-178.77000,255.00000
0.05000,0.03000,0.98000,0.00000,0.00000,-0.19000,0.84000,-178.77000,255.00000
0.05000,0.03000,0.98000,0.00000,0.00000,-0.19000,0.84000,-179.90000,255.00000
0.05000,0.03000,0.98000,0.00000,0.00000,-0.19000,0.84000,-179.90000,255.00000
0.05000,0.03000,0.98000,0.00000,0.00000,-0.19000,0.84000,-181.03000,255.00000
0.05000,0.03000,0.98000,0.00000,0.00000,-0.19000,0.84000,-181.03000,255.00000
0.05000,0.03000,0.98000,0.00000,0.00000,-0.19000,0.84000,-182.16000,255.00000
0.05000,0.03000,0.98000,0.00000,0.00000,-0.19000,0.84000,-182.16000,255.00000
0.05000,0.03000,0.98000,0.00000,0.00000,-0.19000,0.84000,-183.29000,255.00000
0.05000,0.03000,0.98000,0.00000,0.00000,-0.19000,0.84000,-183.29000,255.00000
0.05000,0.03000,0.98000,0.00000,0.00000,-0.19000,0.84000,-184.42000,255.00000
0.05000,0.03000,0.98000,0.00000,0.00000,-0.19000,0.84000,-184.42000,255.00000
0.05000,0.03000,0.98000,0.00000,0.00000,-0.19000,0.84000,-185.56000,255.00000
0.05000,0.03000,0.98000,0.00000,0.00000,-0.19000,0.84000,-185.56000,255.00000
0.05000,0.03000,0.98000,0.00000,0.00000,-0.19000,0.84000,-186.69000,255.00000
0.05000,0.03000,0.98000,0.00000,0.00000,-0.19000,0.84000,-186.69000,255.00000
0.05000,0.03000,0.98000,0.00000,0.00000,-0.19000,0.84000,-187.82000,255.00000
0.05000,0.03000,0.98000,0.00000,0.00000,-0.19000,0.84000,-187.82000,255.00000
0.05000,0.03000,0.98000,0.00000,0.00000,-0.19000,0.84000,-188.95000,255.00000
0.05000,0.03000,0.98000,0.00000,0.00000,-0.19000,0.84000,-188.95000,255.00000
0.05000,0.03000,0.98000,0.00000,0.00000,-0.19000,0.84000,-190.08000,255.00000
0.05000,0.03000,0.98000,0.00000,0.00000,-0.19000,0.84000,-190.08000,255.00000
0.05000,0.03000,0.98000,0.00000,0.00000,-0.19000,0.84000,-191.21000,255.00000
0.05000,0.03000,0.98000,0.00000,0.00000,-0.19000,0.84000,-191.21000,255.00000
0.05000,0.03000,0.98000,0.00000,0.00000,-0.19000,0.84000,-192.35000,255.00000
0.05000,0.03000,0.98000,0.00000,0.00000,-0.19000,0.84000,-192.35000,255.00000
0.05000,0.03000,0.98000,0.00000,0.00000,-0.19000,0.84000,-193.48000,255.00000
0.05000,0.03000,0.98000,0.00000,0.00000,-0.19000,0.84000,-193.48000,255.00000
0.05000,0.03000,0.98000,0.00000,0.00000,-0.19000,0.84000,-194.61000,255.00000
0.05000,0.03000,0.98000,0.00000,0.00000,-0.19000,0.84000,-194.61000,255.00000
0.05000,0.03000,0.98000,0.00000,0.00000,-0.19000,0.84000,-195.74000,255.00000
0.05000,0.03000,0.98000,0.00000,0.00000,-0.19000,0.84000,-195.74000,255.00000
0.05000,0.03000,0.98000,0.00000,0.00000,-0.19000,0.84000,-196.87000,255.00000
0.05000,0.03000,0.98000,0.00000,0.00000,-0.19000,0.84000,-196.87000,255.00000
0.05000,0.03000,0.98000,0.00000,0.00000,-0.19000,0.84000,-198.00000,255.00000
0.05000,0.03000,0.98000,0.00000,0.00000,-0.19000,0.84000,-198.00000,255.00000
0.05000,0.03000,0.98000,0.00000,0.00000,-0.19000,0.84000,-199.13000,255.00000
0.05000,0.03000,0.98000,0.00000,0.00000,-0.19000,0.84000,-199.13000,255.00000
0.05000,0.03000,0.98000,0.00000,0.00000,-0.19000,0.84000,-200.27000,255.00000
0.05000,0.03000,0.98000,0.00000,0.00000,-0.19000,0.84000,-200.27000,255.00000
0.05000,0.03000,0.98000,0.00000,0.00000,-0.19000,0.84000,-201.40000,255.00000
0.05000,0.03000,0.98000,0.00000,0.00000,-0.19000,0.84000,-201.40000,255.00000
0.05000,0.03000,0.98000,0.00000,0.00000,-0.19000,0.84000,-202.53000,255.00000
0.05000,0.03000,0.98000,0.00000,0.00000,-0.19000,0.84000,-202.53000,255.00000
0.05000,0.03000,0.98000,0.00000,0.00000,-0.19000,0.84000,-203.66000,255.00000
0.05000,0.03000,0.98000,0.00000,0.00000,-0.19000,0.84000,-203.66000,255.00000
0.05000,0.03000,0.98000,0.00000,0.00000,-0.19000,0.84000,-204.79000,255.00000
0.05000,0.03000,0.98000,0.00000,0.00000,-0.19000,0.84000,-204.79000,255.00000
0.05000,0.03000,0.98000,0.00000,0.00000,-0.19000,0.84000,-205.92000,255.00000
0.05000,0.03000,0.98000,0.00000,0.00000,-0.19000,0.84000,-205.92000,255.00000
0.05000,0.03000,0.98000,0.00000,0.00000,-0.19000,0.84000,-207.06000,255.00000
0.05000,0.03000,0.98000,0.00000,0.00000,-0.19000,0.84000,-207.06000,255.00000
0.05000,0.03000,0.98000,0.00000,0.00000,-0.19000,0.84000,-208.19000,255.00000
0.05000,0.03000,0.98000,0.00000,0.00000,-0.19000,0.84000,-208.19000,255.00000
0.05000,0.03000,0.98000,0.00000,0.00000,-0.19000,0.84000,-209.32000,255.00000
0.05000,0.03000,0.98000,0.00000,0.00000,-0.19000,0.84000,-209.32000,255.00000
0.05000,0.03000,0.98000,0.00000,0.00000,-0.19000,0.84000,-210.45000,255.00000
0.05000,0.03000,0.98000,0.00000,0.00000,-0.19000,0.84000,-210.45000,255.00000
0.05000,0.03000,0.98000,0.00000,0.00000,-0.19000,0.84000,-211.58000,255.00000
0.05000,0.03000,0.98000,0.00000,0.00000,-0.19000,0.84000,-211.58000,255.00000
0.05000,0.03000,0.98000,0.00000,0.00000,-0.19000,0.84000,-212.71000,255.00000
0.05000,0.03000,0.98000,0.00000,0.00000,-0.19000,0.84000,-212.71000,255.00000
0.05000,0.03000,0.98000,0.00000,0.00000,-0.19000,0.84000,-213.85000,255.00000
0.05000,0.03000,0.98000,0.00000,0.00000,-0.19000,0.84000,-213.85000,255.00000
0.05000,0.03000,0.98000,0.00000,0.00000,-0.19000,0.84000,-214.98000,255.00000
0.05000,0.03000,0.98000,0.00000,0.00000,-0.19000,0.84000,-214.98000,255.00000
0.05000,0.03000,0.98000,0.00000,0.00000,-0.19000,0.84000,-216.11000,255.00000
0.05000,0.03000,0.98000,0.00000,0.00000,-0.19000,0.84000,-216.11000,255.00000
0.05000,0.03000,0.98000,0.00000,0.00000,-0.19000,0.84000,-217.24000,255.00000
0.05000,0.03000,0.98000,0.00000,0.00000,-0.19000,0.84000,-217.24000,255.00000
0.05000,0.03000,0.98000,0.00000,0.00000,-0.19000,0.84000,-218.37000,255.00000
0.05000,0.03000,0.98000,0.00000,0.00000,-0.19000,0.84000,-218.37000,255.00000
0.05000,0.03000,0.98000,0.00000,0.00000,-0.19000,0.84000,-219.50000,255.00000
0.05000,0.03000,0.98000,0.00000,0.00000,-0.19000,0.84000,-219.50000,255.00000
0.05000,0.03000,0.98000,0.00000,0.00000,-0.19000,0.84000,-220.63000,255.00000
0.05000,0.03000,0.98000,0.00000,0.00000,-0.19000,0.84000,-220.63000,255.00000
0.05000,0.03000,0.98000,0.00000,0.00000,-0.19000,0.84000,-221.77000,255.00000
0.05000,0.03000,0.98000,0.00000,0.00000,-0.19000,0.84000,-221.77000,255.00000
0.05000,0.03000,0.98000,0.00000,0.00000,-0.19000,0.84000,-222.90000,255.00000
0.05000,0.03000,0.98000,0.00000,0.00000,-0.19000,0.84000,-222.90000,255.00000
0.05000,0.03000,0.98000,0.00000,0.00000,-0.19000,0.84000,-224.03000,255.00000
0.05000,0.03000,0.98000,0.00000,0.00000,-0.19000,0.84000,-224.03000,255.00000
0.05000,0.03000,0.98000,0.00000,0.00000,-0.19000,0.84000,-225.16000,255.00000
0.05000,0.03000,0.98000,0.00000,0.00000,-0.19000,0.84000,-225.16000,255.00000
0.05000,0.03000,0.98000,0.00000,0.00000,-0.19000,0.84000,-226.29000,255.00000
0.05000,0.03000,0.98000,0.00000,0.00000,-0.19000,0.84000,-226.29000,255.00000
0.05000,0.03000,0.98000,0.00000,0.00000,-0.19000,0.84000,-227.42000,255.00000
0.05000,0.03000,0.98000,0.00000,0.00000,-0.19000,0.84000,-227.42000,255.00000
0.05000,0.03000,0.98000,0.00000,0.00000,-0.19000,0.84000,-228.56000,255.00000
0.05000,0.03000,0.98000,0.00000,0.00000,-0.19000,0.84000,-228.56000,255.00000
0.05000,0.03000,0.98000,0.00000,0.00000,-0.19000,0.84000,-229.69000,255.00000
0.05000,0.03000,0.98000,0.00000,0.00000,-0.19000,0.84000,-229.69000,255.00000
0.05000,0.03000,0.98000,0.00000,0.00000,-0.19000,0.84000,-230.82000,255.00000
0.05000,0.03000,0.98000,0.00000,0.00000,-0.19000,0.84000,-230.82000,255.00000
0.05000,0.03000,0.98000,0.00000,0.00000,-0.19000,0.84000,-231.95000,255.00000
0.05000,0.03000,0.98000,0.00000,0.00000,-0.19000,0.84000,-231.95000,255.00000
0.05000,0.03000,0.98000,0.00000,0.00000,-0.19000,0.84000,-233.08000,255.00000
0.05000,0.03000,0.98000,0.00000,0.00000,-0.19000,0.84000,-233.08000,255.00000
0.05000,0.03000,0.98000,0.00000,0.00000,-0.19000,0.84000,-234.21000,255.00000
0.05000,0.03000,0.98000,0.00000,0.00000,-0.19000,0.84000,-234.21000,255.00000
0.05000,0.03000,0.98000,0.00000,0.00000,-0.19000,0.84000,-235.34000,255.00000
0.05000,0.03000,0.98000,0.00000,0.00000,-0.19000,0.84000,-235.34000,255.00000
0.05000,0.03000,0.98000,0.00000,0.00000,-0.19000,0.84000,-236.48000,255.00000
0.05000,0.03000,0.98000,0.00000,0.00000,-0.19000,0.84000,-236.48000,255.00000
0.05000,0.03000,0.98000,0.00000,0.00000,-0.19000,0.84000,-237.61000,255.00000
0.05000,0.03000,0.98000,0.00000,0.00000,-0.19000,0.84000,-237.61000,255.00000
0.05000,0.03000,0.98000,0.00000,0.00000,-0.19000,0.84000,-238.74000,255.00000
0.05000,0.03000,0.98000,0.00000,0.00000,-0.19000,0.84000,-238.74000,255.00000
0.05000,0.03000,0.98000,0.00000,0.00000,-0.19000,0.84000,-239.87000,255.00000
0.05000,0.03000,0.98000,0.00000,0.00000,-0.19000,0.84000,-239.87000,255.00000
0.05000,0.03000,0.98000,0.00000,0.00000,-0.19000,0.84000,-241.00000,255.00000
0.05000,0.03000,0.98000,0.00000,0.00000,-0.19000,0.84000,-241.00000,255.00000
0.05000,0.03000,0.98000,0.00000,0.00000,-0.19000,0.84000,-242.13000,255.00000
0.05000,0.03000,0.98000,0.00000,0.00000,-0.19000,0.84000,-242.13000,255.00000
0.05000,0.03000,0.98000,0.00000,0.00000,-0.19000,0.84000,-243.27000,255.00000
0.05000,0.03000,0.98000,0.00000,0.00000,-0.19000,0.84000,-243.27000,255.00000
0.05000,0.03000,0.98000,0.00000,0.00000,-0.19000,0.84000,-244.40000,255.00000
0.05000,0.03000,0.98000,0.00000,0.00000,-0.19000,0.84000,-244.40000,255.00000
0.05000,0.03000,0.98000,0.00000,0.00000,-0.19000,0.84000,-245.53000,255.00000
0.05000,0.03000,0.98000,0.00000,0.00000,-0.19000,0.84000,-245.53000,255.00000
0.05000,0.03000,0.98000,0.00000,0.00000,-0.19000,0.84000,-246.66000,255.00000
0.05000,0.03000,0.98000,0.00000,0.00000,-0.19000,0.84000,-246.66000,255.00000
0.05000,0.03000,0.98000,0.00000,0.00000,-0.19000,0.84000,-247.79000,255.00000
0.05000,0.03000,0.98000,0.00000,0.00000,-0.19000,0.84000,-247.79000,255.00000
0.05000,0.03000,0.98000,0.00000,0.00000,-0.19000,0.84000,-248.92000,255.00000
0.05000,0.03000,0.98000,0.00000,0.00000,-0.19000,0.84000,-248.92000,255.00000
0.05000,0.03000,0.98000,0.00000,0.00000,-0.19000,0.84000,-250.06000,255.00000
0.05000,0.03000,0.98000,0.00000,0.00000,-0.19000,0.84000,-250.06000,255.00000
0.05000,0.03000,0.98000,0.00000,0.00000,-0.19000,0.84000,-251.19000,255.00000
0.05000,0.03000,0.98000,0.00000,0.00000,-0.19000,0.84000,-251.19000,255.00000
0.05000,0.03000,0.98000,0.00000,0.00000,-0.19000,0.84000,-252.32000,255.00000
0.05000,0.03000,0.98000,0.00000,0.00000,-0.19000,0.84000,-252.32000,255.00000
0.05000,0.03000,0.98000,0.00000,0.00000,-0.19000,0.84000,-253.45000,255.00000
0.05000,0.03000,0.98000,0.00000,0.00000,-0.19000,0.84000,-253.45000,255.00000
0.05000,0.03000,0.98000,0.00000,0.00000,-0.19000,0.84000,-254.58000,255.00000
0.05000,0.03000,0.98000,0.00000,0.00000,-0.19000,0.84000,-254.58000,255.00000
0.05000,0.03000,0.98000,0.00000,0.00000,-0.19000,0.84000,-255.00000,255.00000
0.05000,0.03000,0.98000,0.00000,0.00000,-0.19000,0.84000,-255.00000,255.00000
0.05000,0.03000,0.98000,0.00000,0.00000,-0.19000,0.84000,-255.00000,255.00000
0.05000,0.03000,0.98000,0.00000,0.00000,-0.19000,0.84000,-255.00000,255.00000
0.05000,0.03000,0.98000,0.00000,0.00000,-0.19000,0.84000,-255.00000,255.00000
0.05000,0.03000,0.98000,0.00000,0.00000,-0.19000,0.84000,-255.00000,255.00000
0.05000,0.03000,0.98000,0.00000,0.00000,-0.19000,0.84000,-255.00000,255.00000
0.05000,0.03000,0.98000,0.00000,0.00000,-0.19000,0.84000,-255.00000,255.00000
0.05000,0.03000,0.98000,0.00000,0.00000,-0.19000,0.84000,-255.00000,255.00000
0.05000,0.03000,0.98000,0.00000,0.00000,-0.19000,0.84000,-255.00000,255.00000
0.05000,0.03000,0.98000,0.00000,0.00000,-0.19000,0.84000,-255.00000,255.00000
0.05000,0.03000,0.98000,0.00000,0.00000,-0.19000,0.84000,-255.00000,255.00000
0.05000,0.03000,0.98000,0.00000,0.00000,-0.19000,0.84000,-255.00000,255.00000
0.05000,0.03000,0.98000,0.00000,0.00000,-0.19000,0.84000,-255.00000,255.00000
0.05000,0.03000,0.98000,0.00000,0.00000,-0.19000,0.84000,-255.00000,255.00000
0.05000,0.03000,0.98000,0.00000,0.00000,-0.19000,0.84000,-255.00000,255.00000
0.05000,0.03000,0.98000,0.00000,0.00000,-0.19000,0.84000,-255.00000,255.00000
0.05000,0.03000,0.98000,0.00000,0.00000,-0.19000,0.84000,-255.00000,255.00000
0.05000,0.03000,0.98000,0.00000,0.00000,-0.19000,0.84000,-255.00000,255.00000
0.05000,0.03000,0.98000,0.00000,0.00000,-0.19000,0.84000,-255.00000,255.00000
0.05000,0.03000,0.98000,0.00000,0.00000,-0.19000,0.84000,-255.00000,255.00000
0.05000,0.03000,0.98000,0.00000,0.00000,-0.19000,0.84000,-255.00000,255.00000
0.05000,0.03000,0.98000,0.00000,0.00000,-0.19000,0.84000,-255.00000,255.00000
0.05000,0.03000,0.98000,0.00000,0.00000,-0.19000,0.84000,-255.00000,255.00000
0.05000,0.03000,0.98000,0.00000,0.00000,-0.19000,0.84000,-255.00000,255.00000
0.05000,0.03000,0.98000,0.00000,0.00000,-0.19000,0.84000,-255.00000,255.00000
0.05000,0.03000,0.98000,0.00000,0.00000,-0.19000,0.84000,-255.00000,255.00000
0.05000,0.03000,0.98000,0.00000,0.00000,-0.19000,0.84000,-255.00000,255.00000
0.05000,0.03000,0.98000,0.00000,0.00000,-0.19000,0.84000,-255.00000,255.00000
0.05000,0.03000,0.98000,0.00000,0.00000,-0.19000,0.84000,-255.00000,255.00000
0.05000,0.03000,0.98000,0.00000,0.00000,-0.19000,0.84000,-255.00000,255.00000
0.05000,0.03000,0.98000,0.00000,0.00000,-0.19000,0.84000,-255.00000,255.00000
0.05000,0.03000,0.98000,0.00000,0.00000,-0.19000,0.84000,-255.00000,255.00000
0.05000,0.03000,0.98000,0.00000,0.00000,-0.19000,0.84000,-255.00000,255.00000
0.05000,0.03000,0.98000,0.00000,0.00000,-0.19000,0.84000,-255.00000,255.00000
0.05000,0.03000,0.98000,0.00000,0.00000,-0.19000,0.84000,-255.00000,255.00000
0.05000,0.03000,0.98000,0.00000,0.00000,-0.19000,0.84000,-255.00000,255.00000
0.05000,0.03000,0.98000,0.00000,0.00000,-0.19000,0.84000,-255.00000,255.00000
0.05000,0.03000,0.98000,0.00000,0.00000,-0.19000,0.84000,-255.00000,255.00000
0.05000,0.03000,0.98000,0.00000,0.00000,-0.19000,0.84000,-255.00000,255.00000
0.05000,0.03000,0.98000,0.00000,0.00000,-0.19000,0.84000,-255.00000,255.00000
0.05000,0.03000,0.98000,0.00000,0.00000,-0.19000,0.84000,-255.00000,255.00000
0.05000,0.03000,0.98000,0.00000,0.00000,-0.19000,0.84000,-255.00000,255.00000
0.05000,0.03000,0.98000,0.00000,0.00000,-0.19000,0.84000,-255.00000,255.00000
0.05000,0.03000,0.98000,0.00000,0.00000,-0.19000,0.84000,-255.00000,255.00000
0.05000,0.03000,0.98000,0.00000,0.00000,-0.19000,0.84000,-255.00000,255.00000
0.05000,0.03000,0.98000,0.00000,0.00000,-0.19000,0.84000,-255.00000,255.00000
0.05000,0.03000,0.98000,0.00000,0.00000,-0.19000,0.84000,-255.00000,255.00000
0.05000,0.03000,0.98000,0.00000,0.00000,-0.19000,0.84000,-255.00000,255.00000
0.05000,0.03000,0.98000,0.00000,0.00000,-0.19000,0.84000,-255.00000,255.00000
0.05000,0.03000,0.98000,0.00000,0.00000,-0.19000,0.84000,-255.00000,255.00000
0.05000,0.03000,0.98000,0.00000,0.00000,-0.19000,0.84000,-255.00000,255.00000
0.05000,0.03000,0.98000,0.00000,0.00000,-0.19000,0.84000,-255.00000,255.00000
0.05000,0.03000,0.98000,0.00000,0.00000,-0.19000,0.84000,-255.00000,255.00000
0.05000,0.03000,0.98000,0.00000,0.00000,-0.19000,0.84000,-255.00000,255.00000
0.05000,0.03000,0.98000,0.00000,0.00000,-0.19000,0.84000,-255.00000,255.00000
0.05000,0.03000,0.98000,0.00000,0.00000,-0.19000,0.84000,-255.00000,255.00000
0.05000,0.03000,0.98000,0.00000,0.00000,-0.19000,0.84000,-255.00000,255.00000
0.05000,0.03000,0.98000,0.00000,0.00000,-0.19000,0.84000,-255.00000,255.00000
0.05000,0.03000,0.98000,0.00000,0.00000,-0.19000,0.84000,-255.00000,255.00000
0.05000,0.03000,0.98000,0.00000,0.00000,-0.19000,0.84000,-255.00000,255.00000
0.05000,0.03000,0.98000,0.00000,0.00000,-0.19000,0.84000,-255.00000,255.00000
0.05000,0.03000,0.98000,0.00000,0.00000,-0.19000,0.84000,-255.00000,255.00000
0.05000,0.03000,0.98000,0.00000,0.00000,-0.19000,0.84000,-255.00000,255.00000
0.05000,0.03000,0.98000,0.00000,0.00000,-0.19000,0.84000,-255.00000,255.00000
0.05000,0.03000,0.98000,0.00000,0.00000,-0.19000,0.84000,-255.00000,255.00000
0.05000,0.03000,0.98000,0.00000,0.00000,-0.19000,0.84000,-255.00000,255.00000
0.05000,0.03000,0.98000,0.00000,0.00000,-0.19000,0.84000,-255.00000,255.00000
0.05000,0.03000,0.98000,0.00000,0.00000,-0.19000,0.84000,-255.00000,255.00000
0.05000,0.03000,0.98000,0.00000,0.00000,-0.19000,0.84000,-255.00000,255.00000
0.05000,0.03000,0.98000,0.00000,0.00000,-0.19000,0.84000,-255.00000,255.00000
0.05000,0.03000,0.98000,0.00000,0.00000,-0.19000,0.84000,-255.00000,255.00000
0.05000,0.03000,0.98000,0.00000,0.00000,-0.19000,0.84000,-255.00000,255.00000
0.05000,0.03000,0.98000,0.00000,0.00000,-0.19000,0.84000,-255.00000,255.00000
0.05000,0.03000,0.98000,0.00000,0.00000,-0.19000,0.84000,-255.00000,255.00000
0.05000,0.03000,0.98000,0.00000,0.00000,-0.19000,0.84000,-255.00000,255.00000
0.05000,0.03000,0.98000,0.00000,0.00000,-0.19000,0.84000,-255.00000,255.00000
0.05000,0.03000,0.98000,0.00000,0.00000,-0.19000,0.84000,-255.00000,255.00000
0.05000,0.03000,0.98000,0.00000,0.00000,-0.19000,0.84000,-255.00000,255.00000
0.05000,0.03000,0.98000,0.00000,0.00000,-0.19000,0.84000,-255.00000,255.00000
0.05000,0.03000,0.98000,0.00000,0.00000,-0.19000,0.84000,-255.00000,255.00000
0.05000,0.03000,0.98000,0.00000,0.00000,-0.19000,0.84000,-255.00000,255.00000
0.05000,0.03000,0.98000,0.00000,0.00000,-0.19000,0.84000,-255.00000,255.00000
0.05000,0.03000,0.98000,0.00000,0.00000,-0.19000,0.84000,-255.00000,255.00000
0.05000,0.03000,0.98000,0.00000,0.00000,-0.19000,0.84000,-255.00000,255.00000
0.05000,0.03000,0.98000,0.00000,0.00000,-0.19000,0.84000,-255.00000,255.00000
0.05000,0.03000,0.98000,0.00000,0.00000,-0.19000,0.84000,-255.00000,255.00000
0.05000,0.03000,0.98000,0.00000,0.00000,-0.19000,0.84000,-255.00000,255.00000
0.05000,0.03000,0.98000,0.00000,0.00000,-0.19000,0.84000,-255.00000,255.00000
0.05000,0.03000,0.98000,0.00000,0.00000,-0.19000,0.84000,-255.00000,255.00000
0.05000,0.03000,0.98000,0.00000,0.00000,-0.19000,0.84000,-255.00000,255.00000
0.05000,0.03000,0.98000,0.00000,0.00000,-0.19000,0.84000,-255.00000,255.00000
0.05000,0.03000,0.98000,0.00000,0.00000,-0.19000,0.84000,-255.00000,255.00000
0.05000,0.03000,0.98000,0.00000,0.00000,-0.19000,0.84000,-255.00000,255.00000
0.05000,0.03000,0.98000,0.00000,0.00000,-0.19000,0.84000,-255.00000,255.00000
0.05000,0.03000,0.98000,0.00000,0.00000,-0.19000,0.84000,-255.00000,255.00000
0.05000,0.03000,0.98000,0.00000,0.00000,-0.19000,0.84000,-255.00000,255.00000
0.05000,0.03000,0.98000,0.00000,0.00000,-0.19000,0.84000,-255.00000,255.00000
0.05000,0.03000,0.98000,0.00000,0.00000,-0.19000,0.84000,-255.00000,255.00000
0.05000,0.03000,0.98000,0.00000,0.00000,-0.19000,0.84000,-255.00000,255.00000
0.05000,0.03000,0.98000,0.00000,0.00000,-0.19000,0.84000,-255.00000,255.00000
0.05000,0.03000,0.98000,0.00000,0.00000,-0.19000,0.84000,-255.00000,255.00000
0.05000,0.03000,0.98000,0.00000,0.00000,-0.19000,0.84000,-255.00000,255.00000
0.05000,0.03000,0.98000,0.00000,0.00000,-0.19000,0.84000,-255.00000,255.00000
0.05000,0.03000,0.98000,0.00000,0.00000,-0.19000,0.84000,-255.00000,255.00000
0.05000,0.03000,0.98000,0.00000,0.00000,-0.19000,0.84000,-255.00000,255.00000
0.05000,0.03000,0.98000,0.00000,0.00000,-0.19000,0.84000,-255.00000,255.00000
0.05000,0.03000,0.98000,0.00000,0.00000,-0.19000,0.84000,-255.00000,255.00000
0.05000,0.03000,0.98000,0.00000,0.00000,-0.19000,0.84000,-255.00000,255.00000
0.05000,0.03000,0.98000,0.00000,0.00000,-0.19000,0.84000,-255.00000,255.00000
0.05000,0.03000,0.98000,0.00000,0.00000,-0.19000,0.84000,-255.00000,255.00000
0.05000,0.03000,0.98000,0.00000,0.00000,-0.19000,0.84000,-255.00000,255.00000
0.05000,0.03000,0.98000,0.00000,0.00000,-0.19000,0.84000,-255.00000,255.00000
0.05000,0.03000,0.98000,0.00000,0.00000,-0.19000,0.84000,-255.00000,255.00000
0.05000,0.03000,0.98000,0.00000,0.00000,-0.19000,0.84000,-255.00000,255.00000
0.05000,0.03000,0.98000,0.00000,0.00000,-0.19000,0.84000,-255.00000,255.00000
0.05000,0.03000,0.98000,0.00000,0.00000,-0.19000,0.84000,-255.00000,255.00000
0.05000,0.03000,0.98000,0.00000,0.00000,-0.19000,0.84000,-255.00000,255.00000
0.05000,0.03000,0.98000,0.00000,0.00000,-0.19000,0.84000,-255.00000,255.00000
0.05000,0.03000,0.98000,0.00000,0.00000,-0.19000,0.84000,-255.00000,255.00000
0.05000,0.03000,0.98000,0.00000,0.00000,-0.19000,0.84000,-255.00000,255.00000
0.05000,0.03000,0.98000,0.00000,0.00000,-0.19000,0.84000,-255.00000,255.00000
0.05000,0.03000,0.98000,0.00000,0.00000,-0.19000,0.84000,-255.00000,255.00000
0.05000,0.03000,0.98000,0.00000,0.00000,-0.19000,0.84000,-255.00000,255.00000
0.05000,0.03000,0.98000,0.00000,0.00000,-0.19000,0.84000,-255.00000,255.00000
0.05000,0.03000,0.98000,0.00000,0.00000,-0.19000,0.84000,-255.00000,255.00000
0.05000,0.03000,0.98000,0.00000,0.00000,-0.19000,0.84000,-255.00000,255.00000
0.05000,0.03000,0.98000,0.00000,0.00000,-0.19000,0.84000,-255.00000,255.00000
0.05000,0.03000,0.98000,0.00000,0.00000,-0.19000,0.84000,-255.00000,255.00000
0.05000,0.03000,0.98000,0.00000,0.00000,-0.19000,0.84000,-255.00000,255.00000
0.05000,0.03000,0.98000,0.00000,0.00000,-0.19000,0.84000,-255.00000,255.00000
0.05000,0.03000,0.98000,0.00000,0.00000,-0.19000,0.84000,-255.00000,255.00000
0.05000,0.03000,0.98000,0.00000,0.00000,-0.19000,0.84000,-255.00000,255.00000
0.05000,0.03000,0.98000,0.00000,0.00000,-0.19000,0.84000,-255.00000,255.00000
0.05000,0.03000,0.98000,0.00000,0.00000,-0.19000,0.84000,-255.00000,255.00000
0.05000,0.03000,0.98000,0.00000,0.00000,-0.19000,0.84000,-255.00000,255.00000
0.05000,0.03000,0.98000,0.00000,0.00000,-0.19000,0.84000,-255.00000,255.00000
0.05000,0.03000,0.98000,0.00000,0.00000,-0.19000,0.84000,-255.00000,255.00000
0.05000,0.03000,0.98000,0.00000,0.00000,-0.19000,0.84000,-255.00000,255.00000
0.05000,0.03000,0.98000,0.00000,0.00000,-0.19000,0.84000,-255.00000,255.00000
0.05000,0.03000,0.98000,0.00000,0.00000,-0.19000,0.84000,-255.00000,255.00000
0.05000,0.03000,0.98000,0.00000,0.00000,-0.19000,0.84000,-255.00000,255.00000
0.05000,0.03000,0.98000,0.00000,0.00000,-0.19000,0.84000,-255.00000,255.00000
0.05000,0.03000,0.98000,0.00000,0.00000,-0.19000,0.84000,-255.00000,255.00000
0.05000,0.03000,0.98000,0.00000,0.00000,-0.19000,0.84000,-255.00000,255.00000
0.05000,0.03000,0.98000,0.00000,0.00000,-0.19000,0.84000,-255.00000,255.00000
0.05000,0.03000,0.98000,0.00000,0.00000,-0.19000,0.84000,-255.00000,255.00000
0.05000,0.03000,0.98000,0.00000,0.00000,-0.19000,0.84000,-255.00000,255.00000
0.05000,0.03000,0.98000,0.00000,0.00000,-0.19000,0.84000,-255.00000,255.00000
0.05000,0.03000,0.98000,0.00000,0.00000,-0.19000,0.84000,-255.00000,255.00000
0.05000,0.03000,0.98000,0.00000,0.00000,-0.19000,0.84000,-255.00000,255.00000
0.05000,0.03000,0.98000,0.00000,0.00000,-0.19000,0.84000,-255.00000,255.00000
0.05000,0.03000,0.98000,0.00000,0.00000,-0.19000,0.84000,-255.00000,255.00000
0.05000,0.03000,0.98000,0.00000,0.00000,-0.19000,0.84000,-255.00000,255.00000
0.05000,0.03000,0.98000,0.00000,0.00000,-0.19000,0.84000,-255.00000,255.00000
0.05000,0.03000,0.98000,0.00000,0.00000,-0.19000,0.84000,-255.00000,255.00000
0.05000,0.03000,0.98000,0.00000,0.00000,-0.19000,0.84000,-255.00000,255.00000
0.05000,0.03000,0.98000,0.00000,0.00000,-0.19000,0.84000,-255.00000,255.00000
0.05000,0.03000,0.98000,0.00000,0.00000,-0.19000,0.84000,-255.00000,255.00000
0.05000,0.03000,0.98000,0.00000,0.00000,-0.19000,0.84000,-255.00000,255.00000
0.05000,0.03000,0.98000,0.00000,0.00000,-0.19000,0.84000,-255.00000,255.00000
0.05000,0.03000,0.98000,0.00000,0.00000,-0.19000,0.84000,-255.00000,255.00000
0.05000,0.03000,0.98000,0.00000,0.00000,-0.19000,0.84000,-255.00000,255.00000
0.05000,0.03000,0.98000,0.00000,0.00000,-0.19000,0.84000,-255.00000,255.00000
0.05000,0.03000,0.98000,0.00000,0.00000,-0.19000,0.84000,-255.00000,255.00000
0.05000,0.03000,0.98000,0.00000,0.00000,-0.19000,0.84000,-255.00000,255.00000
0.05000,0.03000,0.98000,0.00000,0.00000,-0.19000,0.84000,-255.00000,255.00000
0.05000,0.03000,0.98000,0.00000,0.00000,-0.19000,0.84000,-255.00000,255.00000
0.05000,0.03000,0.98000,0.00000,0.00000,-0.19000,0.84000,-255.00000,255.00000
0.05000,0.03000,0.98000,0.00000,0.00000,-0.19000,0.84000,-255.00000,255.00000
0.05000,0.03000,0.98000,0.00000,0.00000,-0.19000,0.84000,-255.00000,255.00000
0.05000,0.03000,0.98000,0.00000,0.00000,-0.19000,0.84000,-255.00000,255.00000
0.05000,0.03000,0.98000,0.00000,0.00000,-0.19000,0.84000,-255.00000,255.00000
0.05000,0.03000,0.98000,0.00000,0.00000,-0.19000,0.84000,-255.00000,255.00000
0.05000,0.03000,0.98000,0.00000,0.00000,-0.19000,0.84000,-255.00000,255.00000
0.05000,0.03000,0.98000,0.00000,0.00000,-0.19000,0.84000,-255.00000,255.00000
0.05000,0.03000,0.98000,0.00000,0.00000,-0.19000,0.84000,-255.00000,255.00000
0.05000,0.03000,0.98000,0.00000,0.00000,-0.19000,0.84000,-255.00000,255.00000
0.05000,0.03000,0.98000,0.00000,0.00000,-0.19000,0.84000,-255.00000,255.00000
0.05000,0.03000,0.98000,0.00000,0.00000,-0.19000,0.84000,-255.00000,255.00000
0.05000,0.03000,0.98000,0.00000,0.00000,-0.19000,0.84000,-255.00000,255.00000
0.05000,0.03000,0.98000,0.00000,0.00000,-0.19000,0.84000,-255.00000,255.00000
0.05000,0.03000,0.98000,0.00000,0.00000,-0.19000,0.84000,-255.00000,255.00000
0.05000,0.03000,0.98000,0.00000,0.00000,-0.19000,0.84000,-255.00000,255.00000
0.05000,0.03000,0.98000,0.00000,0.00000,-0.19000,0.84000,-255.00000,255.00000
0.05000,0.03000,0.98000,0.00000,0.00000,-0.19000,0.84000,-255.00000,255.00000
0.05000,0.03000,0.98000,0.00000,0.00000,-0.19000,0.84000,-255.00000,255.00000
0.05000,0.03000,0.98000,0.00000,0.00000,-0.19000,0.84000,-255.00000,255.00000
0.05000,0.03000,0.98000,0.00000,0.00000,-0.19000,0.84000,-255.00000,255.00000
0.05000,0.03000,0.98000,0.00000,0.00000,-0.19000,0.84000,-255.00000,255.00000
0.05000,0.03000,0.98000,0.00000,0.00000,-0.19000,0.84000,-255.00000,255.00000
0.05000,0.03000,0.98000,0.00000,0.00000,-0.19000,0.84000,-255.00000,255.00000
0.05000,0.03000,0.98000,0.00000,0.00000,-0.19000,0.84000,-255.00000,255.00000
0.05000,0.03000,0.98000,0.00000,0.00000,-0.19000,0.84000,-255.00000,255.00000
0.05000,0.03000,0.98000,0.00000,0.00000,-0.19000,0.84000,-255.00000,255.00000
0.05000,0.03000,0.98000,0.00000,0.00000,-0.19000,0.84000,-255.00000,255.00000
0.05000,0.03000,0.98000,0.00000,0.00000,-0.19000,0.84000,-255.00000,255.00000
0.05000,0.03000,0.98000,0.00000,0.00000,-0.19000,0.84000,-255.00000,255.00000
0.05000,0.03000,0.98000,0.00000,0.00000,-0.19000,0.84000,-255.00000,255.00000
0.05000,0.03000,0.98000,0.00000,0.00000,-0.19000,0.84000,-255.00000,255.00000
0.05000,0.03000,0.98000,0.00000,0.00000,-0.19000,0.84000,-255.00000,255.00000
0.05000,0.03000,0.98000,0.00000,0.00000,-0.19000,0.84000,-255.00000,255.00000
0.05000,0.03000,0.98000,0.00000,0.00000,-0.19000,0.84000,-255.00000,255.00000
0.05000,0.03000,0.98000,0.00000,0.00000,-0.19000,0.84000,-255.00000,255.00000
0.05000,0.03000,0.98000,0.00000,0.00000,-0.19000,0.84000,-255.00000,255.00000
0.05000,0.03000,0.98000,0.00000,0.00000,-0.19000,0.84000,-255.00000,255.00000
0.05000,0.03000,0.98000,0.00000,0.00000,-0.19000,0.84000,-255.00000,255.00000
0.05000,0.03000,0.98000,0.00000,0.00000,-0.19000,0.84000,-255.00000,255.00000
0.05000,0.03000,0.98000,0.00000,0.00000,-0.19000,0.84000,-255.00000,255.00000
0.05000,0.03000,0.98000,0.00000,0.00000,-0.19000,0.84000,-255.00000,255.00000
0.05000,0.03000,0.98000,0.00000,0.00000,-0.19000,0.84000,-255.00000,255.00000
0.05000,0.03000,0.98000,0.00000,0.00000,-0.19000,0.84000,-255.00000,255.00000
0.05000,0.03000,0.98000,0.00000,0.00000,-0.19000,0.84000,-255.00000,255.00000
0.05000,0.03000,0.98000,0.00000,0.00000,-0.19000,0.84000,-255.00000,255.00000
0.05000,0.03000,0.98000,0.00000,0.00000,-0.19000,0.84000,-255.00000,255.00000
0.05000,0.03000,0.98000,0.00000,0.00000,-0.19000,0.84000,-255.00000,255.00000
0.05000,0.03000,0.98000,0.00000,0.00000,-0.19000,0.84000,-255.00000,255.00000
0.05000,0.03000,0.98000,0.00000,0.00000,-0.19000,0.84000,-255.00000,255.00000
0.05000,0.03000,0.98000,0.00000,0.00000,-0.19000,0.84000,-255.00000,255.00000
0.05000,0.03000,0.98000,0.00000,0.00000,-0.19000,0.84000,-255.00000,255.00000
0.05000,0.03000,0.98000,0.00000,0.00000,-0.19000,0.84000,-255.00000,255.00000
0.05000,0.03000,0.98000,0.00000,0.00000,-0.19000,0.84000,-255.00000,255.00000
0.05000,0.03000,0.98000,0.00000,0.00000,-0.19000,0.84000,-255.00000,255.00000
0.05000,0.03000,0.98000,0.00000,0.00000,-0.19000,0.84000,-255.00000,255.00000
0.05000,0.03000,0.98000,0.00000,0.00000,-0.19000,0.84000,-255.00000,255.00000
0.05000,0.03000,0.98000,0.00000,0.00000,-0.19000,0.84000,-255.00000,255.00000
0.05000,0.03000,0.98000,0.00000,0.00000,-0.19000,0.84000,-255.00000,255.00000
0.05000,0.03000,0.98000,0.00000,0.00000,-0.19000,0.84000,-255.00000,255.00000
0.05000,0.03000,0.98000,0.00000,0.00000,-0.19000,0.84000,-255.00000,255.00000
0.05000,0.03000,0.98000,0.00000,0.00000,-0.19000,0.84000,-255.00000,255.00000
0.05000,0.03000,0.98000,0.00000,0.00000,-0.19000,0.84000,-255.00000,255.00000
0.05000,0.03000,0.98000,0.00000,0.00000,-0.19000,0.84000,-255.00000,255.00000
0.05000,0.03000,0.98000,0.00000,0.00000,-0.19000,0.84000,-255.00000,255.00000
0.05000,0.03000,0.98000,0.00000,0.00000,-0.19000,0.84000,-255.00000,255.00000
0.05000,0.03000,0.98000,0.00000,0.00000,-0.19000,0.84000,-255.00000,255.00000
0.05000,0.03000,0.98000,0.00000,0.00000,-0.19000,0.84000,-255.00000,255.00000
0.05000,0.03000,0.98000,0.00000,0.00000,-0.19000,0.84000,-255.00000,255.00000
0.05000,0.03000,0.98000,0.00000,0.00000,-0.19000,0.84000,-255.00000,255.00000
0.05000,0.03000,0.98000,0.00000,0.00000,-0.19000,0.84000,-255.00000,255.00000
0.05000,0.03000,0.98000,0.00000,0.00000,-0.19000,0.84000,-255.00000,255.00000
0.05000,0.03000,0.98000,0.00000,0.00000,-0.19000,0.84000,-255.00000,255.00000
0.05000,0.03000,0.98000,0.00000,0.00000,-0.19000,0.84000,-255.00000,255.00000
0.05000,0.03000,0.98000,0.00000,0.00000,-0.19000,0.84000,-255.00000,255.00000
0.05000,0.03000,0.98000,0.00000,0.00000,-0.19000,0.84000,-255.00000,255.00000
0.05000,0.03000,0.98000,0.00000,0.00000,-0.19000,0.84000,-255.00000,255.00000
0.05000,0.03000,0.98000,0.00000,0.00000,-0.19000,0.84000,-255.00000,255.00000
0.05000,0.03000,0.98000,0.00000,0.00000,-0.19000,0.84000,-255.00000,255.00000
0.05000,0.03000,0.98000,0.00000,0.00000,-0.19000,0.84000,-255.00000,255.00000
0.05000,0.03000,0.98000,0.00000,0.00000,-0.19000,0.84000,-255.00000,255.00000
0.05000,0.03000,0.98000,0.00000,0.00000,-0.19000,0.84000,-255.00000,255.00000
0.05000,0.03000,0.98000,0.00000,0.00000,-0.19000,0.84000,-255.00000,255.00000
0.05000,0.03000,0.98000,0.00000,0.00000,-0.19000,0.84000,-255.00000,255.00000
0.05000,0.03000,0.98000,0.00000,0.00000,-0.19000,0.84000,-255.00000,255.00000
0.05000,0.03000,0.98000,0.00000,0.00000,-0.19000,0.84000,-255.00000,255.00000
0.05000,0.03000,0.98000,0.00000,0.00000,-0.19000,0.84000,-255.00000,255.00000
0.05000,0.03000,0.98000,0.00000,0.00000,-0.19000,0.84000,-255.00000,255.00000
0.05000,0.03000,0.98000,0.00000,0.00000,-0.19000,0.84000,-255.00000,255.00000
0.05000,0.03000,0.98000,0.00000,0.00000,-0.19000,0.84000,-255.00000,255.00000
0.05000,0.03000,0.98000,0.00000,0.00000,-0.19000,0.84000,-255.00000,255.00000
0.05000,0.03000,0.98000,0.00000,0.00000,-0.19000,0.84000,-255.00000,255.00000
0.05000,0.03000,0.98000,0.00000,0.00000,-0.19000,0.84000,-255.00000,255.00000
0.05000,0.03000,0.98000,0.00000,0.00000,-0.19000,0.84000,-255.00000,255.00000
0.05000,0.03000,0.98000,0.00000,0.00000,-0.19000,0.84000,-255.00000,255.00000
0.05000,0.03000,0.98000,0.00000,0.00000,-0.19000,0.84000,-255.00000,255.00000
0.05000,0.03000,0.98000,0.00000,0.00000,-0.19000,0.84000,-255.00000,255.00000
0.05000,0.03000,0.98000,0.00000,0.00000,-0.19000,0.84000,-255.00000,255.00000
0.05000,0.03000,0.98000,0.00000,0.00000,-0.19000,0.84000,-255.00000,255.00000
0.05000,0.03000,0.98000,0.00000,0.00000,-0.19000,0.84000,-255.00000,255.00000
0.05000,0.03000,0.98000,0.00000,0.00000,-0.19000,0.84000,-255.00000,255.00000
0.05000,0.03000,0.98000,0.00000,0.00000,-0.19000,0.84000,-255.00000,255.00000
0.05000,0.03000,0.98000,0.00000,0.00000,-0.19000,0.84000,-255.00000,255.00000
0.05000,0.03000,0.98000,0.00000,0.00000,-0.19000,0.84000,-255.00000,255.00000
0.05000,0.03000,0.98000,0.00000,0.00000,-0.19000,0.84000,-255.00000,255.00000
0.05000,0.03000,0.98000,0.00000,0.00000,-0.19000,0.84000,-255.00000,255.00000
0.05000,0.03000,0.98000,0.00000,0.00000,-0.19000,0.84000,-255.00000,255.00000
0.05000,0.03000,0.98000,0.00000,0.00000,-0.19000,0.84000,-255.00000,255.00000
0.05000,0.03000,0.98000,0.00000,0.00000,-0.19000,0.84000,-255.00000,255.00000
0.05000,0.03000,0.98000,0.00000,0.00000,-0.19000,0.84000,-255.00000,255.00000
0.05000,0.03000,0.98000,0.00000,0.00000,-0.19000,0.84000,-255.00000,255.00000
0.05000,0.03000,0.98000,0.00000,0.00000,-0.19000,0.84000,-255.00000,255.00000
0.05000,0.03000,0.98000,0.00000,0.00000,-0.19000,0.84000,-255.00000,255.00000
0.05000,0.03000,0.98000,0.00000,0.00000,-0.19000,0.84000,-255.00000,255.00000
0.05000,0.03000,0.98000,0.00000,0.00000,-0.19000,0.84000,-255.00000,255.00000
0.05000,0.03000,0.98000,0.00000,0.00000,-0.19000,0.84000,-255.00000,255.00000
0.05000,0.03000,0.98000,0.00000,0.00000,-0.19000,0.84000,-255.00000,255.00000
0.05000,0.03000,0.98000,0.00000,0.00000,-0.19000,0.84000,-255.00000,255.00000
0.05000,0.03000,0.98000,0.00000,0.00000,-0.19000,0.84000,-255.00000,255.00000
0.05000,0.03000,0.98000,0.00000,0.00000,-0.19000,0.84000,-255.00000,255.00000
0.05000,0.03000,0.98000,0.00000,0.00000,-0.19000,0.84000,-255.00000,255.00000
0.05000,0.03000,0.98000,0.00000,0.00000,-0.19000,0.84000,-255.00000,255.00000
0.05000,0.03000,0.98000,0.00000,0.00000,-0.19000,0.84000,-255.00000,255.00000
0.05000,0.03000,0.98000,0.00000,0.00000,-0.19000,0.84000,-255.00000,255.00000
0.05000,0.03000,0.98000,0.00000,0.00000,-0.19000,0.84000,-255.00000,255.00000
0.05000,0.03000,0.98000,0.00000,0.00000,-0.19000,0.84000,-255.00000,255.00000
0.05000,0.03000,0.98000,0.00000,0.00000,-0.19000,0.84000,-255.00000,255.00000
0.05000,0.03000,0.98000,0.00000,0.00000,-0.19000,0.84000,-255.00000,255.00000
0.05000,0.03000,0.98000,0.00000,0.00000,-0.19000,0.84000,-255.00000,255.00000
0.05000,0.03000,0.98000,0.00000,0.00000,-0.19000,0.84000,-255.00000,255.00000
0.05000,0.03000,0.98000,0.00000,0.00000,-0.19000,0.84000,-255.00000,255.00000
0.05000,0.03000,0.98000,0.00000,0.00000,-0.19000,0.84000,-255.00000,255.00000
0.05000,0.03000,0.98000,0.00000,0.00000,-0.19000,0.84000,-255.00000,255.00000
0.05000,0.03000,0.98000,0.00000,0.00000,-0.19000,0.84000,-255.00000,255.00000
0.05000,0.03000,0.98000,0.00000,0.00000,-0.19000,0.84000,-255.00000,255.00000
0.05000,0.03000,0.98000,0.00000,0.00000,-0.19000,0.84000,-255.00000,255.00000
0.05000,0.03000,0.98000,0.00000,0.00000,-0.19000,0.84000,-255.00000,255.00000
0.05000,0.03000,0.98000,0.00000,0.00000,-0.19000,0.84000,-255.00000,255.00000
0.05000,0.03000,0.98000,0.00000,0.00000,-0.19000,0.84000,-255.00000,255.00000
0.05000,0.03000,0.98000,0.00000,0.00000,-0.19000,0.84000,-255.00000,255.00000
0.05000,0.03000,0.98000,0.00000,0.00000,-0.19000,0.84000,-255.00000,255.00000
0.05000,0.03000,0.98000,0.00000,0.00000,-0.19000,0.84000,-255.00000,255.00000
0.05000,0.03000,0.98000,0.00000,0.00000,-0.19000,0.84000,-255.00000,255.00000
0.05000,0.03000,0.98000,0.00000,0.00000,-0.19000,0.84000,-255.00000,255.00000
0.05000,0.03000,0.98000,0.00000,0.00000,-0.19000,0.84000,-255.00000,255.00000
0.05000,0.03000,0.98000,0.00000,0.00000,-0.19000,0.84000,-255.00000,255.00000
0.05000,0.03000,0.98000,0.00000,0.00000,-0.19000,0.84000,-255.00000,255.00000
0.05000,0.03000,0.98000,0.00000,0.00000,-0.19000,0.84000,-255.00000,255.00000
0.05000,0.03000,0.98000,0.00000,0.00000,-0.19000,0.84000,-255.00000,255.00000
0.05000,0.03000,0.98000,0.00000,0.00000,-0.19000,0.84000,-255.00000,255.00000
0.05000,0.03000,0.98000,0.00000,0.00000,-0.19000,0.84000,-255.00000,255.00000
0.05000,0.03000,0.98000,0.00000,0.00000,-0.19000,0.84000,-255.00000,255.00000
0.05000,0.03000,0.98000,0.00000,0.00000,-0.19000,0.84000,-255.00000,255.00000
0.05000,0.03000,0.98000,0.00000,0.00000,-0.19000,0.84000,-255.00000,255.00000
0.05000,0.03000,0.98000,0.00000,0.00000,-0.19000,0.84000,-255.00000,255.00000
0.05000,0.03000,0.98000,0.00000,0.00000,-0.19000,0.84000,-255.00000,255.00000
0.05000,0.03000,0.98000,0.00000,0.00000,-0.19000,0.84000,-255.00000,255.00000
0.05000,0.03000,0.98000,0.00000,0.00000,-0.19000,0.84000,-255.00000,255.00000
0.05000,0.03000,0.98000,0.00000,0.00000,-0.19000,0.84000,-255.00000,255.00000
0.05000,0.03000,0.98000,0.00000,0.00000,-0.19000,0.84000,-255.00000,255.00000
0.05000,0.03000,0.98000,0.00000,0.00000,-0.19000,0.84000,-255.00000,255.00000
0.05000,0.03000,0.98000,0.00000,0.00000,-0.19000,0.84000,-255.00000,255.00000
0.05000,0.03000,0.98000,0.00000,0.00000,-0.19000,0.84000,-255.00000,255.00000
0.05000,0.03000,0.98000,0.00000,0.00000,-0.19000,0.84000,-255.00000,255.00000
0.05000,0.03000,0.98000,0.00000,0.00000,-0.19000,0.84000,-255.00000,255.00000
0.05000,0.03000,0.98000,0.00000,0.00000,-0.19000,0.84000,-255.00000,255.00000
0.05000,0.03000,0.98000,0.00000,0.00000,-0.19000,0.84000,-255.00000,255.00000
0.05000,0.03000,0.98000,0.00000,0.00000,-0.19000,0.84000,-255.00000,255.00000
0.05000,0.03000,0.98000,0.00000,0.00000,-0.19000,0.84000,-255.00000,255.00000
0.05000,0.03000,0.98000,0.00000,0.00000,-0.19000,0.84000,-255.00000,255.00000
0.05000,0.03000,0.98000,0.00000,0.00000,-0.19000,0.84000,-255.00000,255.00000
0.05000,0.03000,0.98000,0.00000,0.00000,-0.19000,0.84000,-255.00000,255.00000
0.05000,0.03000,0.98000,0.00000,0.00000,-0.19000,0.84000,-255.00000,255.00000
0.05000,0.03000,0.98000,0.00000,0.00000,-0.19000,0.84000,-255.00000,255.00000
0.05000,0.03000,0.98000,0.00000,0.00000,-0.19000,0.84000,-255.00000,255.00000
0.05000,0.03000,0.98000,0.00000,0.00000,-0.19000,0.84000,-255.00000,255.00000
0.05000,0.03000,0.98000,0.00000,0.00000,-0.19000,0.84000,-255.00000,255.00000
0.05000,0.03000,0.98000,0.00000,0.00000,-0.19000,0.84000,-255.00000,255.00000
0.05000,0.03000,0.98000,0.00000,0.00000,-0.19000,0.84000,-255.00000,255.00000
0.05000,0.03000,0.98000,0.00000,0.00000,-0.19000,0.84000,-255.00000,255.00000
0.05000,0.03000,0.98000,0.00000,0.00000,-0.19000,0.84000,-255.00000,255.00000
0.05000,0.03000,0.98000,0.00000,0.00000,-0.19000,0.84000,-255.00000,255.00000
0.05000,0.03000,0.98000,0.00000,0.00000,-0.19000,0.84000,-255.00000,255.00000
0.05000,0.03000,0.98000,0.00000,0.00000,-0.19000,0.84000,-255.00000,255.00000
0.05000,0.03000,0.98000,0.00000,0.00000,-0.19000,0.84000,-255.00000,255.00000
0.05000,0.03000,0.98000,0.00000,0.00000,-0.19000,0.84000,-255.00000,255.00000
0.05000,0.03000,0.98000,0.00000,0.00000,-0.19000,0.84000,-255.00000,255.00000
0.05000,0.03000,0.98000,0.00000,0.00000,-0.19000,0.84000,-255.00000,255.00000
0.05000,0.03000,0.98000,0.00000,0.00000,-0.19000,0.84000,-255.00000,255.00000
0.05000,0.03000,0.98000,0.00000,0.00000,-0.19000,0.84000,-255.00000,255.00000
0.05000,0.03000,0.98000,0.00000,0.00000,-0.19000,0.84000,-255.00000,255.00000
0.05000,0.03000,0.98000,0.00000,0.00000,-0.19000,0.84000,-255.00000,255.00000
0.05000,0.03000,0.98000,0.00000,0.00000,-0.19000,0.84000,-255.00000,255.00000
0.05000,0.03000,0.98000,0.00000,0.00000,-0.19000,0.84000,-255.00000,255.00000
0.05000,0.03000,0.98000,0.00000,0.00000,-0.19000,0.84000,-255.00000,255.00000
0.05000,0.03000,0.98000,0.00000,0.00000,-0.19000,0.84000,-255.00000,255.00000
0.05000,0.03000,0.98000,0.00000,0.00000,-0.19000,0.84000,-255.00000,255.00000
0.05000,0.03000,0.98000,0.00000,0.00000,-0.19000,0.84000,-255.00000,255.00000
0.05000,0.03000,0.98000,0.00000,0.00000,-0.19000,0.84000,-255.00000,255.00000
0.05000,0.03000,0.98000,0.00000,0.00000,-0.19000,0.84000,-255.00000,255.00000
0.05000,0.03000,0.98000,0.00000,0.00000,-0.19000,0.84000,-255.00000,255.00000
0.05000,0.03000,0.98000,0.00000,0.00000,-0.19000,0.84000,-255.00000,255.00000
0.05000,0.03000,0.98000,0.00000,0.00000,-0.19000,0.84000,-255.00000,255.00000
0.05000,0.03000,0.98000,0.00000,0.00000,-0.19000,0.84000,-255.00000,255.00000
0.05000,0.03000,0.98000,0.00000,0.00000,-0.19000,0.84000,-255.00000,255.00000
0.05000,0.03000,0.98000,0.00000,0.00000,-0.19000,0.84000,-255.00000,255.00000
0.05000,0.03000,0.98000,0.00000,0.00000,-0.19000,0.84000,-255.00000,255.00000
0.05000,0.03000,0.98000,0.00000,0.00000,-0.19000,0.84000,-255.00000,255.00000
0.05000,0.03000,0.98000,0.00000,0.00000,-0.19000,0.84000,-255.00000,255.00000
0.05000,0.03000,0.98000,0.00000,0.00000,-0.19000,0.84000,-255.00000,255.00000
0.05000,0.03000,0.98000,0.00000,0.00000,-0.19000,0.84000,-255.00000,255.00000
0.05000,0.03000,0.98000,0.00000,0.00000,-0.19000,0.84000,-255.00000,255.00000
0.05000,0.03000,0.98000,0.00000,0.00000,-0.19000,0.84000,-255.00000,255.00000
0.05000,0.03000,0.98000,0.00000,0.00000,-0.19000,0.84000,-255.00000,255.00000
0.05000,0.03000,0.98000,0.00000,0.00000,-0.19000,0.84000,-255.00000,255.00000
0.05000,0.03000,0.98000,0.00000,0.00000,-0.19000,0.84000,-255.00000,255.00000
0.05000,0.03000,0.98000,0.00000,0.00000,-0.19000,0.84000,-255.00000,255.00000
0.05000,0.03000,0.98000,0.00000,0.00000,-0.19000,0.84000,-255.00000,255.00000
0.05000,0.03000,0.98000,0.00000,0.00000,-0.19000,0.84000,-255.00000,255.00000
0.05000,0.03000,0.98000,0.00000,0.00000,-0.19000,0.84000,-255.00000,255.00000
0.05000,0.03000,0.98000,0.00000,0.00000,-0.19000,0.84000,-255.00000,255.00000
0.05000,0.03000,0.98000,0.00000,0.00000,-0.19000,0.84000,-255.00000,255.00000
0.05000,0.03000,0.98000,0.00000,0.00000,-0.19000,0.84000,-255.00000,255.00000
0.05000,0.03000,0.98000,0.00000,0.00000,-0.19000,0.84000,-255.00000,255.00000
0.05000,0.03000,0.98000,0.00000,0.00000,-0.19000,0.84000,-255.00000,255.00000
0.05000,0.03000,0.98000,0.00000,0.00000,-0.19000,0.84000,-255.00000,255.00000
0.05000,0.03000,0.98000,0.00000,0.00000,-0.19000,0.84000,-255.00000,255.00000
0.05000,0.03000,0.98000,0.00000,0.00000,-0.19000,0.84000,-255.00000,255.00000
0.05000,0.03000,0.98000,0.00000,0.00000,-0.19000,0.84000,-255.00000,255.00000
0.05000,0.03000,0.98000,0.00000,0.00000,-0.19000,0.84000,-255.00000,255.00000
0.05000,0.03000,0.98000,0.00000,0.00000,-0.19000,0.84000,-255.00000,255.00000
0.05000,0.03000,0.98000,0.00000,0.00000,-0.19000,0.84000,-255.00000,255.00000
0.05000,0.03000,0.98000,0.00000,0.00000,-0.19000,0.84000,-255.00000,255.00000
0.05000,0.03000,0.98000,0.00000,0.00000,-0.19000,0.84000,-255.00000,255.00000
0.05000,0.03000,0.98000,0.00000,0.00000,-0.19000,0.84000,-255.00000,255.00000
0.05000,0.03000,0.98000,0.00000,0.00000,-0.19000,0.84000,-255.00000,255.00000
0.05000,0.03000,0.98000,0.00000,0.00000,-0.19000,0.84000,-255.00000,255.00000
0.05000,0.03000,0.98000,0.00000,0.00000,-0.19000,0.84000,-255.00000,255.00000
0.05000,0.03000,0.98000,0.00000,0.00000,-0.19000,0.84000,-255.00000,255.00000
0.05000,0.03000,0.98000,0.00000,0.00000,-0.19000,0.84000,-255.00000,255.00000
0.05000,0.03000,0.98000,0.00000,0.00000,-0.19000,0.84000,-255.00000,255.00000
0.05000,0.03000,0.98000,0.00000,0.00000,-0.19000,0.84000,-255.00000,255.00000
0.05000,0.03000,0.98000,0.00000,0.00000,-0.19000,0.84000,-255.00000,255.00000
0.05000,0.03000,0.98000,0.00000,0.00000,-0.19000,0.84000,-255.00000,255.00000
0.05000,0.03000,0.98000,0.00000,0.00000,-0.19000,0.84000,-255.00000,255.00000
0.05000,0.03000,0.98000,0.00000,0.00000,-0.19000,0.84000,-255.00000,255.00000
0.05000,0.03000,0.98000,0.00000,0.00000,-0.19000,0.84000,-255.00000,255.00000
0.05000,0.03000,0.98000,0.00000,0.00000,-0.19000,0.84000,-255.00000,255.00000
0.05000,0.03000,0.98000,0.00000,0.00000,-0.19000,0.84000,-255.00000,255.00000
0.05000,0.03000,0.98000,0.00000,0.00000,-0.19000,0.84000,-255.00000,255.00000
0.05000,0.03000,0.98000,0.00000,0.00000,-0.19000,0.84000,-255.00000,255.00000
0.05000,0.03000,0.98000,0.00000,0.00000,-0.19000,0.84000,-255.00000,255.00000
0.05000,0.03000,0.98000,0.00000,0.00000,-0.19000,0.84000,-255.00000,255.00000
0.05000,0.03000,0.98000,0.00000,0.00000,-0.19000,0.84000,-255.00000,255.00000
0.05000,0.03000,0.98000,0.00000,0.00000,-0.19000,0.84000,-255.00000,255.00000
0.05000,0.03000,0.98000,0.00000,0.00000,-0.19000,0.84000,-255.00000,255.00000
0.05000,0.03000,0.98000,0.00000,0.00000,-0.19000,0.84000,-255.00000,255.00000
0.05000,0.03000,0.98000,0.00000,0.00000,-0.19000,0.84000,-255.00000,255.00000
0.05000,0.03000,0.98000,0.00000,0.00000,-0.19000,0.84000,-255.00000,255.00000
0.05000,0.03000,0.98000,0.00000,0.00000,-0.19000,0.84000,-255.00000,255.00000
0.05000,0.03000,0.98000,0.00000,0.00000,-0.19000,0.84000,-255.00000,255.00000
0.05000,0.03000,0.98000,0.00000,0.00000,-0.19000,0.84000,-255.00000,255.00000
0.05000,0.03000,0.98000,0.00000,0.00000,-0.19000,0.84000,-255.00000,255.00000
0.05000,0.03000,0.98000,0.00000,0.00000,-0.19000,0.84000,-255.00000,255.00000
0.05000,0.03000,0.98000,0.00000,0.00000,-0.19000,0.84000,-255.00000,255.00000
0.05000,0.03000,0.98000,0.00000,0.00000,-0.19000,0.84000,-255.00000,255.00000
0.05000,0.03000,0.98000,0.00000,0.00000,-0.19000,0.84000,-255.00000,255.00000
0.05000,0.03000,0.98000,0.00000,0.00000,-0.19000,0.84000,-255.00000,255.00000
0.05000,0.03000,0.98000,0.00000,0.00000,-0.19000,0.84000,-255.00000,255.00000
0.05000,0.03000,0.98000,0.00000,0.00000,-0.19000,0.84000,-255.00000,255.00000
0.05000,0.03000,0.98000,0.00000,0.00000,-0.19000,0.84000,-255.00000,255.00000
0.05000,0.03000,0.98000,0.00000,0.00000,-0.19000,0.84000,-255.00000,255.00000
0.05000,0.03000,0.98000,0.00000,0.00000,-0.19000,0.84000,-255.00000,255.00000
0.05000,0.03000,0.98000,0.00000,0.00000,-0.19000,0.84000,-255.00000,255.00000
0.05000,0.03000,0.98000,0.00000,0.00000,-0.19000,0.84000,-255.00000,255.00000
0.05000,0.03000,0.98000,0.00000,0.00000,-0.19000,0.84000,-255.00000,255.00000
0.05000,0.03000,0.98000,0.00000,0.00000,-0.19000,0.84000,-255.00000,255.00000
0.05000,0.03000,0.98000,0.00000,0.00000,-0.19000,0.84000,-255.00000,255.00000
0.05000,0.03000,0.98000,0.00000,0.00000,-0.19000,0.84000,-255.00000,255.00000
0.05000,0.03000,0.98000,0.00000,0.00000,-0.19000,0.84000,-255.00000,255.00000
0.05000,0.03000,0.98000,0.00000,0.00000,-0.19000,0.84000,-255.00000,255.00000
0.05000,0.03000,0.98000,0.00000,0.00000,-0.19000,0.84000,-255.00000,255.00000
0.05000,0.03000,0.98000,0.00000,0.00000,-0.19000,0.84000,-255.00000,255.00000
0.05000,0.03000,0.98000,0.00000,0.00000,-0.19000,0.84000,-255.00000,255.00000
0.05000,0.03000,0.98000,0.00000,0.00000,-0.19000,0.84000,-255.00000,255.00000
0.05000,0.03000,0.98000,0.00000,0.00000,-0.19000,0.84000,-255.00000,255.00000
0.05000,0.03000,0.98000,0.00000,0.00000,-0.19000,0.84000,-255.00000,255.00000
0.05000,0.03000,0.98000,0.00000,0.00000,-0.19000,0.84000,-255.00000,255.00000
0.05000,0.03000,0.98000,0.00000,0.00000,-0.19000,0.84000,-255.00000,255.00000
0.05000,0.03000,0.98000,0.00000,0.00000,-0.19000,0.84000,-255.00000,255.00000
0.05000,0.03000,0.98000,0.00000,0.00000,-0.19000,0.84000,-255.00000,255.00000
0.05000,0.03000,0.98000,0.00000,0.00000,-0.19000,0.84000,-255.00000,255.00000
0.05000,0.03000,0.98000,0.00000,0.00000,-0.19000,0.84000,-255.00000,255.00000
0.05000,0.03000,0.98000,0.00000,0.00000,-0.19000,0.84000,-255.00000,255.00000
0.05000,0.03000,0.98000,0.00000,0.00000,-0.19000,0.84000,-255.00000,255.00000
0.05000,0.03000,0.98000,0.00000,0.00000,-0.19000,0.84000,-255.00000,255.00000
0.05000,0.03000,0.98000,0.00000,0.00000,-0.19000,0.84000,-255.00000,255.00000
0.05000,0.03000,0.98000,0.00000,0.00000,-0.19000,0.84000,-255.00000,255.00000
0.05000,0.03000,0.98000,0.00000,0.00000,-0.19000,0.84000,-255.00000,255.00000
0.05000,0.03000,0.98000,0.00000,0.00000,-0.19000,0.84000,-255.00000,255.00000
0.05000,0.03000,0.98000,0.00000,0.00000,-0.19000,0.84000,-255.00000,255.00000
0.05000,0.03000,0.98000,0.00000,0.00000,-0.19000,0.84000,-255.00000,255.00000
0.05000,0.03000,0.98000,0.00000,0.00000,-0.19000,0.84000,-255.00000,255.00000
0.05000,0.03000,0.98000,0.00000,0.00000,-0.19000,0.84000,-255.00000,255.00000
0.05000,0.03000,0.98000,0.00000,0.00000,-0.19000,0.84000,-255.00000,255.00000
0.05000,0.03000,0.98000,0.00000,0.00000,-0.19000,0.84000,-255.00000,255.00000
0.05000,0.03000,0.98000,0.00000,0.00000,-0.19000,0.84000,-255.00000,255.00000
0.05000,0.03000,0.98000,0.00000,0.00000,-0.19000,0.84000,-255.00000,255.00000
0.05000,0.03000,0.98000,0.00000,0.00000,-0.19000,0.84000,-255.00000,255.00000
0.05000,0.03000,0.98000,0.00000,0.00000,-0.19000,0.84000,-255.00000,255.00000
0.05000,0.03000,0.98000,0.00000,0.00000,-0.19000,0.84000,-255.00000,255.00000
0.05000,0.03000,0.98000,0.00000,0.00000,-0.19000,0.84000,-255.00000,255.00000
0.05000,0.03000,0.98000,0.00000,0.00000,-0.19000,0.84000,-255.00000,255.00000
0.05000,0.03000,0.98000,0.00000,0.00000,-0.19000,0.84000,-255.00000,255.00000
0.05000,0.03000,0.98000,0.00000,0.00000,-0.19000,0.84000,-255.00000,255.00000
0.05000,0.03000,0.98000,0.00000,0.00000,-0.19000,0.84000,-255.00000,255.00000
0.05000,0.03000,0.98000,0.00000,0.00000,-0.19000,0.84000,-255.00000,255.00000
0.05000,0.03000,0.98000,0.00000,0.00000,-0.19000,0.84000,-255.00000,255.00000
0.05000,0.03000,0.98000,0.00000,0.00000,-0.19000,0.84000,-255.00000,255.00000
0.05000,0.03000,0.98000,0.00000,0.00000,-0.19000,0.84000,-255.00000,255.00000
0.05000,0.03000,0.98000,0.00000,0.00000,-0.19000,0.84000,-255.00000,255.00000
0.05000,0.03000,0.98000,0.00000,0.00000,-0.19000,0.84000,-255.00000,255.00000
0.05000,0.03000,0.98000,0.00000,0.00000,-0.19000,0.84000,-255.00000,255.00000
0.05000,0.03000,0.98000,0.00000,0.00000,-0.19000,0.84000,-255.00000,255.00000
0.05000,0.03000,0.98000,0.00000,0.00000,-0.19000,0.84000,-255.00000,255.00000
0.05000,0.03000,0.98000,0.00000,0.00000,-0.19000,0.84000,-255.00000,255.00000
0.05000,0.03000,0.98000,0.00000,0.00000,-0.19000,0.84000,-255.00000,255.00000
0.05000,0.03000,0.98000,0.00000,0.00000,-0.19000,0.84000,-255.00000,255.00000
0.05000,0.03000,0.98000,0.00000,0.00000,-0.19000,0.84000,-255.00000,255.00000
0.05000,0.03000,0.98000,0.00000,0.00000,-0.19000,0.84000,-255.00000,255.00000
0.05000,0.03000,0.98000,0.00000,0.00000,-0.19000,0.84000,-255.00000,255.00000
0.05000,0.03000,0.98000,0.00000,0.00000,-0.19000,0.84000,-255.00000,255.00000
0.05000,0.03000,0.98000,0.00000,0.00000,-0.19000,0.84000,-255.00000,255.00000
0.05000,0.03000,0.98000,0.00000,0.00000,-0.19000,0.84000,-255.00000,255.00000
0.05000,0.03000,0.98000,0.00000,0.00000,-0.19000,0.84000,-255.00000,255.00000
0.05000,0.03000,0.98000,0.00000,0.00000,-0.19000,0.84000,-255.00000,255.00000
0.05000,0.03000,0.98000,0.00000,0.00000,-0.19000,0.84000,-255.00000,255.00000
0.05000,0.03000,0.98000,0.00000,0.00000,-0.19000,0.84000,-255.00000,255.00000
0.05000,0.03000,0.98000,0.00000,0.00000,-0.19000,0.84000,-255.00000,255.00000
0.05000,0.03000,0.98000,0.00000,0.00000,-0.19000,0.84000,-255.00000,255.00000
0.05000,0.03000,0.98000,0.00000,0.00000,-0.19000,0.84000,-255.00000,255.00000
0.05000,0.03000,0.98000,0.00000,0.00000,-0.19000,0.84000,-255.00000,255.00000
0.05000,0.03000,0.98000,0.00000,0.00000,-0.19000,0.84000,-255.00000,255.00000
0.05000,0.03000,0.98000,0.00000,0.00000,-0.19000,0.84000,-255.00000,255.00000
0.05000,0.03000,0.98000,0.00000,0.00000,-0.19000,0.84000,-255.00000,255.00000
0.05000,0.03000,0.98000,0.00000,0.00000,-0.19000,0.84000,-255.00000,255.00000
0.05000,0.03000,0.98000,0.00000,0.00000,-0.19000,0.84000,-255.00000,255.00000
0.05000,0.03000,0.98000,0.00000,0.00000,-0.19000,0.84000,-255.00000,255.00000
0.05000,0.03000,0.98000,0.00000,0.00000,-0.19000,0.84000,-255.00000,255.00000
0.05000,0.03000,0.98000,0.00000,0.00000,-0.19000,0.84000,-255.00000,255.00000
0.05000,0.03000,0.98000,0.00000,0.00000,-0.19000,0.84000,-255.00000,255.00000
0.05000,0.03000,0.98000,0.00000,0.00000,-0.19000,0.84000,-255.00000,255.00000
0.05000,0.03000,0.98000,0.00000,0.00000,-0.19000,0.84000,-255.00000,255.00000
0.05000,0.03000,0.98000,0.00000,0.00000,-0.19000,0.84000,-255.00000,255.00000
0.05000,0.03000,0.98000,0.00000,0.00000,-0.19000,0.84000,-255.00000,255.00000
0.05000,0.03000,0.98000,0.00000,0.00000,-0.19000,0.84000,-255.00000,255.00000
0.05000,0.03000,0.98000,0.00000,0.00000,-0.19000,0.84000,-255.00000,255.00000
0.05000,0.03000,0.98000,0.00000,0.00000,-0.19000,0.84000,-255.00000,255.00000
0.05000,0.03000,0.98000,0.00000,0.00000,-0.19000,0.84000,-255.00000,255.00000
0.05000,0.03000,0.98000,0.00000,0.00000,-0.19000,0.84000,-255.00000,255.00000
0.05000,0.03000,0.98000,0.00000,0.00000,-0.19000,0.84000,-255.00000,255.00000
0.05000,0.03000,0.98000,0.00000,0.00000,-0.19000,0.84000,-255.00000,255.00000
0.05000,0.03000,0.98000,0.00000,0.00000,-0.19000,0.84000,-255.00000,255.00000
0.05000,0.03000,0.98000,0.00000,0.00000,-0.19000,0.84000,-255.00000,255.00000
0.05000,0.03000,0.98000,0.00000,0.00000,-0.19000,0.84000,-255.00000,255.00000
0.05000,0.03000,0.98000,0.00000,0.00000,-0.19000,0.84000,-255.00000,255.00000
0.05000,0.03000,0.98000,0.00000,0.00000,-0.19000,0.84000,-255.00000,255.00000
0.05000,0.03000,0.98000,0.00000,0.00000,-0.19000,0.84000,-255.00000,255.00000
0.05000,0.03000,0.98000,0.00000,0.00000,-0.19000,0.84000,-255.00000,255.00000
0.05000,0.03000,0.98000,0.00000,0.00000,-0.19000,0.84000,-255.00000,255.00000
0.05000,0.03000,0.98000,0.00000,0.00000,-0.19000,0.84000,-255.00000,255.00000
0.05000,0.03000,0.98000,0.00000,0.00000,-0.19000,0.84000,-255.00000,255.00000
0.05000,0.03000,0.98000,0.00000,0.00000,-0.19000,0.84000,-255.00000,255.00000
0.05000,0.03000,0.98000,0.00000,0.00000,-0.19000,0.84000,-255.00000,255.00000
0.05000,0.03000,0.98000,0.00000,0.00000,-0.19000,0.84000,-255.00000,255.00000
0.05000,0.03000,0.98000,0.00000,0.00000,-0.19000,0.84000,-255.00000,255.00000
0.05000,0.03000,0.98000,0.00000,0.00000,-0.19000,0.84000,-255.00000,255.00000
0.05000,0.03000,0.98000,0.00000,0.00000,-0.19000,0.84000,-255.00000,255.00000
0.05000,0.03000,0.98000,0.00000,0.00000,-0.19000,0.84000,-255.00000,255.00000
0.05000,0.03000,0.98000,0.00000,0.00000,-0.19000,0.84000,-255.00000,255.00000
0.05000,0.03000,0.98000,0.00000,0.00000,-0.19000,0.84000,-255.00000,255.00000
0.05000,0.03000,0.98000,0.00000,0.00000,-0.19000,0.84000,-255.00000,255.00000
0.05000,0.03000,0.98000,0.00000,0.00000,-0.19000,0.84000,-255.00000,255.00000
0.05000,0.03000,0.98000,0.00000,0.00000,-0.19000,0.84000,-255.00000,255.00000
0.05000,0.03000,0.98000,0.00000,0.00000,-0.19000,0.84000,-255.00000,255.00000
0.05000,0.03000,0.98000,0.00000,0.00000,-0.19000,0.84000,-255.00000,255.00000
0.05000,0.03000,0.98000,0.00000,0.00000,-0.19000,0.84000,-255.00000,255.00000
0.05000,0.03000,0.98000,0.00000,0.00000,-0.19000,0.84000,-255.00000,255.00000
0.05000,0.03000,0.98000,0.00000,0.00000,-0.19000,0.84000,-255.00000,255.00000
0.05000,0.03000,0.98000,0.00000,0.00000,-0.19000,0.84000,-255.00000,255.00000
0.05000,0.03000,0.98000,0.00000,0.00000,-0.19000,0.84000,-255.00000,255.00000
0.05000,0.03000,0.98000,0.00000,0.00000,-0.19000,0.84000,-255.00000,255.00000
0.05000,0.03000,0.98000,0.00000,0.00000,-0.19000,0.84000,-255.00000,255.00000
0.05000,0.03000,0.98000,0.00000,0.00000,-0.19000,0.84000,-255.00000,255.00000
0.05000,0.03000,0.98000,0.00000,0.00000,-0.19000,0.84000,-255.00000,255.00000
0.05000,0.03000,0.98000,0.00000,0.00000,-0.19000,0.84000,-255.00000,255.00000
0.05000,0.03000,0.98000,0.00000,0.00000,-0.19000,0.84000,-255.00000,255.00000
0.05000,0.03000,0.98000,0.00000,0.00000,-0.19000,0.84000,-255.00000,255.00000
0.05000,0.03000,0.98000,0.00000,0.00000,-0.19000,0.84000,-255.00000,255.00000
0.05000,0.03000,0.98000,0.00000,0.00000,-0.19000,0.84000,-255.00000,255.00000
0.05000,0.03000,0.98000,0.00000,0.00000,-0.19000,0.84000,-255.00000,255.00000
0.05000,0.03000,0.98000,0.00000,0.00000,-0.19000,0.84000,-255.00000,255.00000
0.05000,0.03000,0.98000,0.00000,0.00000,-0.19000,0.84000,-255.00000,255.00000
0.05000,0.03000,0.98000,0.00000,0.00000,-0.19000,0.84000,-255.00000,255.00000
0.05000,0.03000,0.98000,0.00000,0.00000,-0.19000,0.84000,-255.00000,255.00000
0.05000,0.03000,0.98000,0.00000,0.00000,-0.19000,0.84000,-255.00000,255.00000
0.05000,0.03000,0.98000,0.00000,0.00000,-0.19000,0.84000,-255.00000,255.00000
0.05000,0.03000,0.98000,0.00000,0.00000,-0.19000,0.84000,-255.00000,255.00000
0.05000,0.03000,0.98000,0.00000,0.00000,-0.19000,0.84000,-255.00000,255.00000
0.05000,0.03000,0.98000,0.00000,0.00000,-0.19000,0.84000,-255.00000,255.00000
0.05000,0.03000,0.98000,0.00000,0.00000,-0.19000,0.84000,-255.00000,255.00000
0.05000,0.03000,0.98000,0.00000,0.00000,-0.19000,0.84000,-255.00000,255.00000
0.05000,0.03000,0.98000,0.00000,0.00000,-0.19000,0.84000,-255.00000,255.00000
0.05000,0.03000,0.98000,0.00000,0.00000,-0.19000,0.84000,-255.00000,255.00000
0.05000,0.03000,0.98000,0.00000,0.00000,-0.19000,0.84000,-255.00000,255.00000
0.05000,0.03000,0.98000,0.00000,0.00000,-0.19000,0.84000,-255.00000,255.00000
0.05000,0.03000,0.98000,0.00000,0.00000,-0.19000,0.84000,-255.00000,255.00000
0.05000,0.03000,0.98000,0.00000,0.00000,-0.19000,0.84000,-255.00000,255.00000
0.05000,0.03000,0.98000,0.00000,0.00000,-0.19000,0.84000,-255.00000,255.00000
0.05000,0.03000,0.98000,0.00000,0.00000,-0.19000,0.84000,-255.00000,255.00000
0.05000,0.03000,0.98000,0.00000,0.00000,-0.19000,0.84000,-255.00000,255.00000
0.05000,0.03000,0.98000,0.00000,0.00000,-0.19000,0.84000,-255.00000,255.00000
0.05000,0.03000,0.98000,0.00000,0.00000,-0.19000,0.84000,-255.00000,255.00000
0.05000,0.03000,0.98000,0.00000,0.00000,-0.19000,0.84000,-255.00000,255.00000
0.05000,0.03000,0.98000,0.00000,0.00000,-0.19000,0.84000,-255.00000,255.00000
0.05000,0.03000,0.98000,0.00000,0.00000,-0.19000,0.84000,-255.00000,255.00000
0.05000,0.03000,0.98000,0.00000,0.00000,-0.19000,0.84000,-255.00000,255.00000
0.05000,0.03000,0.98000,0.00000,0.00000,-0.19000,0.84000,-255.00000,255.00000
0.05000,0.03000,0.98000,0.00000,0.00000,-0.19000,0.84000,-255.00000,255.00000
0.05000,0.03000,0.98000,0.00000,0.00000,-0.19000,0.84000,-255.00000,255.00000
0.05000,0.03000,0.98000,0.00000,0.00000,-0.19000,0.84000,-255.00000,255.00000
0.05000,0.03000,0.98000,0.00000,0.00000,-0.19000,0.84000,-255.00000,255.00000
0.05000,0.03000,0.98000,0.00000,0.00000,-0.19000,0.84000,-255.00000,255.00000
0.05000,0.03000,0.98000,0.00000,0.00000,-0.19000,0.84000,-255.00000,255.00000
0.05000,0.03000,0.98000,0.00000,0.00000,-0.19000,0.84000,-255.00000,255.00000
0.05000,0.03000,0.98000,0.00000,0.00000,-0.19000,0.84000,-255.00000,255.00000
0.05000,0.03000,0.98000,0.00000,0.00000,-0.19000,0.84000,-255.00000,255.00000
0.05000,0.03000,0.98000,0.00000,0.00000,-0.19000,0.84000,-255.00000,255.00000
0.05000,0.03000,0.98000,0.00000,0.00000,-0.19000,0.84000,-255.00000,255.00000
0.05000,0.03000,0.98000,0.00000,0.00000,-0.19000,0.84000,-255.00000,255.00000
0.05000,0.03000,0.98000,0.00000,0.00000,-0.19000,0.84000,-255.00000,255.00000
0.05000,0.03000,0.98000,0.00000,0.00000,-0.19000,0.84000,-255.00000,255.00000
0.05000,0.03000,0.98000,0.00000,0.00000,-0.19000,0.84000,-255.00000,255.00000
0.05000,0.03000,0.98000,0.00000,0.00000,-0.19000,0.84000,-255.00000,255.00000
0.05000,0.03000,0.98000,0.00000,0.00000,-0.19000,0.84000,-255.00000,255.00000
0.05000,0.03000,0.98000,0.00000,0.00000,-0.19000,0.84000,-255.00000,255.00000
0.05000,0.03000,0.98000,0.00000,0.00000,-0.19000,0.84000,-255.00000,255.00000
0.05000,0.03000,0.98000,0.00000,0.00000,-0.19000,0.84000,-255.00000,255.00000
0.05000,0.03000,0.98000,0.00000,0.00000,-0.19000,0.84000,-255.00000,255.00000
0.05000,0.03000,0.98000,0.00000,0.00000,-0.19000,0.84000,-255.00000,255.00000
0.05000,0.03000,0.98000,0.00000,0.00000,-0.19000,0.84000,-255.00000,255.00000
0.05000,0.03000,0.98000,0.00000,0.00000,-0.19000,0.84000,-255.00000,255.00000
0.05000,0.03000,0.98000,0.00000,0.00000,-0.19000,0.84000,-255.00000,255.00000
0.05000,0.03000,0.98000,0.00000,0.00000,-0.19000,0.84000,-255.00000,255.00000
0.05000,0.03000,0.98000,0.00000,0.00000,-0.19000,0.84000,-255.00000,255.00000
0.05000,0.03000,0.98000,0.00000,0.00000,-0.19000,0.84000,-255.00000,255.00000
0.05000,0.03000,0.98000,0.00000,0.00000,-0.19000,0.84000,-255.00000,255.00000
0.05000,0.03000,0.98000,0.00000,0.00000,-0.19000,0.84000,-255.00000,255.00000
0.05000,0.03000,0.98000,0.00000,0.00000,-0.19000,0.84000,-255.00000,255.00000
0.05000,0.03000,0.98000,0.00000,0.00000,-0.19000,0.84000,-255.00000,255.00000
0.05000,0.03000,0.98000,0.00000,0.00000,-0.19000,0.84000,-255.00000,255.00000
0.05000,0.03000,0.98000,0.00000,0.00000,-0.19000,0.84000,-255.00000,255.00000
0.05000,0.03000,0.98000,0.00000,0.00000,-0.19000,0.84000,-255.00000,255.00000
0.05000,0.03000,0.98000,0.00000,0.00000,-0.19000,0.84000,-255.00000,255.00000
0.05000,0.03000,0.98000,0.00000,0.00000,-0.19000,0.84000,-255.00000,255.00000
0.05000,0.03000,0.98000,0.00000,0.00000,-0.19000,0.84000,-255.00000,255.00000
0.05000,0.03000,0.98000,0.00000,0.00000,-0.19000,0.84000,-255.00000,255.00000
0.05000,0.03000,0.98000,0.00000,0.00000,-0.19000,0.84000,-255.00000,255.00000
0.05000,0.03000,0.98000,0.00000,0.00000,-0.19000,0.84000,-255.00000,255.00000
0.05000,0.03000,0.98000,0.00000,0.00000,-0.19000,0.84000,-255.00000,255.00000
0.05000,0.03000,0.98000,0.00000,0.00000,-0.19000,0.84000,-255.00000,255.00000
0.05000,0.03000,0.98000,0.00000,0.00000,-0.19000,0.84000,-255.00000,255.00000
0.05000,0.03000,0.98000,0.00000,0.00000,-0.19000,0.84000,-255.00000,255.00000
0.05000,0.03000,0.98000,0.00000,0.00000,-0.19000,0.84000,-255.00000,255.00000
0.05000,0.03000,0.98000,0.00000,0.00000,-0.19000,0.84000,-255.00000,255.00000
0.05000,0.03000,0.98000,0.00000,0.00000,-0.19000,0.84000,-255.00000,255.00000
0.05000,0.03000,0.98000,0.00000,0.00000,-0.19000,0.84000,-255.00000,255.00000
0.05000,0.03000,0.98000,0.00000,0.00000,-0.19000,0.84000,-255.00000,255.00000
0.05000,0.03000,0.98000,0.00000,0.00000,-0.19000,0.84000,-255.00000,255.00000
0.05000,0.03000,0.98000,0.00000,0.00000,-0.19000,0.84000,-255.00000,255.00000
0.05000,0.03000,0.98000,0.00000,0.00000,-0.19000,0.84000,-255.00000,255.00000
0.05000,0.03000,0.98000,0.00000,0.00000,-0.19000,0.84000,-255.00000,255.00000
0.05000,0.03000,0.98000,0.00000,0.00000,-0.19000,0.84000,-255.00000,255.00000
0.05000,0.03000,0.98000,0.00000,0.00000,-0.19000,0.84000,-255.00000,255.00000
0.05000,0.03000,0.98000,0.00000,0.00000,-0.19000,0.84000,-255.00000,255.00000
0.05000,0.03000,0.98000,0.00000,0.00000,-0.19000,0.84000,-255.00000,255.00000
0.05000,0.03000,0.98000,0.00000,0.00000,-0.19000,0.84000,-255.00000,255.00000
0.05000,0.03000,0.98000,0.00000,0.00000,-0.19000,0.84000,-255.00000,255.00000
0.05000,0.03000,0.98000,0.00000,0.00000,-0.19000,0.84000,-255.00000,255.00000
0.05000,0.03000,0.98000,0.00000,0.00000,-0.19000,0.84000,-255.00000,255.00000
0.05000,0.03000,0.98000,0.00000,0.00000,-0.19000,0.84000,-255.00000,255.00000
0.05000,0.03000,0.98000,0.00000,0.00000,-0.19000,0.84000,-255.00000,255.00000
0.05000,0.03000,0.98000,0.00000,0.00000,-0.19000,0.84000,-255.00000,255.00000
0.05000,0.03000,0.98000,0.00000,0.00000,-0.19000,0.84000,-255.00000,255.00000
0.05000,0.03000,0.98000,0.00000,0.00000,-0.19000,0.84000,-255.00000,255.00000
0.05000,0.03000,0.98000,0.00000,0.00000,-0.19000,0.84000,-255.00000,255.00000
0.05000,0.03000,0.98000,0.00000,0.00000,-0.19000,0.84000,-255.00000,255.00000
0.05000,0.03000,0.98000,0.00000,0.00000,-0.19000,0.84000,-255.00000,255.00000
0.05000,0.03000,0.98000,0.00000,0.00000,-0.19000,0.84000,-255.00000,255.00000
0.05000,0.03000,0.98000,0.00000,0.00000,-0.19000,0.84000,-255.00000,255.00000
0.05000,0.03000,0.98000,0.00000,0.00000,-0.19000,0.84000,-255.00000,255.00000
0.05000,0.03000,0.98000,0.00000,0.00000,-0.19000,0.84000,-255.00000,255.00000
0.05000,0.03000,0.98000,0.00000,0.00000,-0.19000,0.84000,-255.00000,255.00000
0.05000,0.03000,0.98000,0.00000,0.00000,-0.19000,0.84000,-255.00000,255.00000
0.05000,0.03000,0.98000,0.00000,0.00000,-0.19000,0.84000,-255.00000,255.00000
0.05000,0.03000,0.98000,0.00000,0.00000,-0.19000,0.84000,-255.00000,255.00000
0.05000,0.03000,0.98000,0.00000,0.00000,-0.19000,0.84000,-255.00000,255.00000
0.05000,0.03000,0.98000,0.00000,0.00000,-0.19000,0.84000,-255.00000,255.00000
0.05000,0.03000,0.98000,0.00000,0.00000,-0.19000,0.84000,-255.00000,255.00000
0.05000,0.03000,0.98000,0.00000,0.00000,-0.19000,0.84000,-255.00000,255.00000
0.05000,0.03000,0.98000,0.00000,0.00000,-0.19000,0.84000,-255.00000,255.00000
0.05000,0.03000,0.98000,0.00000,0.00000,-0.19000,0.84000,-255.00000,255.00000
0.05000,0.03000,0.98000,0.00000,0.00000,-0.19000,0.84000,-255.00000,255.00000
0.05000,0.03000,0.98000,0.00000,0.00000,-0.19000,0.84000,-255.00000,255.00000
0.05000,0.03000,0.98000,0.00000,0.00000,-0.19000,0.84000,-255.00000,255.00000
0.05000,0.03000,0.98000,0.00000,0.00000,-0.19000,0.84000,-255.00000,255.00000
0.05000,0.03000,0.98000,0.00000,0.00000,-0.19000,0.84000,-255.00000,255.00000
0.05000,0.03000,0.98000,0.00000,0.00000,-0.19000,0.84000,-255.00000,255.00000
0.05000,0.03000,0.98000,0.00000,0.00000,-0.19000,0.84000,-255.00000,255.00000
0.05000,0.03000,0.98000,0.00000,0.00000,-0.19000,0.84000,-255.00000,255.00000
0.05000,0.03000,0.98000,0.00000,0.00000,-0.19000,0.84000,-255.00000,255.00000
0.05000,0.03000,0.98000,0.00000,0.00000,-0.19000,0.84000,-255.00000,255.00000
0.05000,0.03000,0.98000,0.00000,0.00000,-0.19000,0.84000,-255.00000,255.00000
0.05000,0.03000,0.98000,0.00000,0.00000,-0.19000,0.84000,-255.00000,255.00000
0.05000,0.03000,0.98000,0.00000,0.00000,-0.19000,0.84000,-255.00000,255.00000
0.05000,0.03000,0.98000,0.00000,0.00000,-0.19000,0.84000,-255.00000,255.00000
0.05000,0.03000,0.98000,0.00000,0.00000,-0.19000,0.84000,-255.00000,255.00000
0.05000,0.03000,0.98000,0.00000,0.00000,-0.19000,0.84000,-255.00000,255.00000
0.05000,0.03000,0.98000,0.00000,0.00000,-0.19000,0.84000,-255.00000,255.00000
0.05000,0.03000,0.98000,0.00000,0.00000,-0.19000,0.84000,-255.00000,255.00000
0.05000,0.03000,0.98000,0.00000,0.00000,-0.19000,0.84000,-255.00000,255.00000
0.05000,0.03000,0.98000,0.00000,0.00000,-0.19000,0.84000,-255.00000,255.00000
0.05000,0.03000,0.98000,0.00000,0.00000,-0.19000,0.84000,-255.00000,255.00000
0.05000,0.03000,0.98000,0.00000,0.00000,-0.19000,0.84000,-255.00000,255.00000
0.05000,0.03000,0.98000,0.00000,0.00000,-0.19000,0.84000,-255.00000,255.00000
0.05000,0.03000,0.98000,0.00000,0.00000,-0.19000,0.84000,-255.00000,255.00000
0.05000,0.03000,0.98000,0.00000,0.00000,-0.19000,0.84000,-255.00000,255.00000
0.05000,0.03000,0.98000,0.00000,0.00000,-0.19000,0.84000,-255.00000,255.00000
0.05000,0.03000,0.98000,0.00000,0.00000,-0.19000,0.84000,-255.00000,255.00000
0.05000,0.03000,0.98000,0.00000,0.00000,-0.19000,0.84000,-255.00000,255.00000
0.05000,0.03000,0.98000,0.00000,0.00000,-0.19000,0.84000,-255.00000,255.00000
0.05000,0.03000,0.98000,0.00000,0.00000,-0.19000,0.84000,-255.00000,255.00000
0.05000,0.03000,0.98000,0.00000,0.00000,-0.19000,0.84000,-255.00000,255.00000
0.05000,0.03000,0.98000,0.00000,0.00000,-0.19000,0.84000,-255.00000,255.00000
0.05000,0.03000,0.98000,0.00000,0.00000,-0.19000,0.84000,-255.00000,255.00000
0.05000,0.03000,0.98000,0.00000,0.00000,-0.19000,0.84000,-255.00000,255.00000
0.05000,0.03000,0.98000,0.00000,0.00000,-0.19000,0.84000,-255.00000,255.00000
0.05000,0.03000,0.98000,0.00000,0.00000,-0.19000,0.84000,-255.00000,255.00000
0.05000,0.03000,0.98000,0.00000,0.00000,-0.19000,0.84000,-255.00000,255.00000
0.05000,0.03000,0.98000,0.00000,0.00000,-0.19000,0.84000,-255.00000,255.00000
0.05000,0.03000,0.98000,0.00000,0.00000,-0.19000,0.84000,-255.00000,255.00000
0.05000,0.03000,0.98000,0.00000,0.00000,-0.19000,0.84000,-255.00000,255.00000
0.05000,0.03000,0.98000,0.00000,0.00000,-0.19000,0.84000,-255.00000,255.00000
0.05000,0.03000,0.98000,0.00000,0.00000,-0.19000,0.84000,-255.00000,255.00000
0.05000,0.03000,0.98000,0.00000,0.00000,-0.19000,0.84000,-255.00000,255.00000
0.05000,0.03000,0.98000,0.00000,0.00000,-0.19000,0.84000,-255.00000,255.00000
0.05000,0.03000,0.98000,0.00000,0.00000,-0.19000,0.84000,-255.00000,255.00000
0.05000,0.03000,0.98000,0.00000,0.00000,-0.19000,0.84000,-255.00000,255.00000
0.05000,0.03000,0.98000,0.00000,0.00000,-0.19000,0.84000,-255.00000,255.00000
0.05000,0.03000,0.98000,0.00000,0.00000,-0.19000,0.84000,-255.00000,255.00000
0.05000,0.03000,0.98000,0.00000,0.00000,-0.19000,0.84000,-255.00000,255.00000
0.05000,0.03000,0.98000,0.00000,0.00000,-0.19000,0.84000,-255.00000,255.00000
0.05000,0.03000,0.98000,0.00000,0.00000,-0.19000,0.84000,-255.00000,255.00000
0.05000,0.03000,0.98000,0.00000,0.00000,-0.19000,0.84000,-255.00000,255.00000
0.05000,0.03000,0.98000,0.00000,0.00000,-0.19000,0.84000,-255.00000,255.00000
0.05000,0.03000,0.98000,0.00000,0.00000,-0.19000,0.84000,-255.00000,255.00000
0.05000,0.03000,0.98000,0.00000,0.00000,-0.19000,0.84000,-255.00000,255.00000
0.05000,0.03000,0.98000,0.00000,0.00000,-0.19000,0.84000,-255.00000,255.00000
0.05000,0.03000,0.98000,0.00000,0.00000,-0.19000,0.84000,-255.00000,255.00000
0.05000,0.03000,0.98000,0.00000,0.00000,-0.19000,0.84000,-255.00000,255.00000
0.05000,0.03000,0.98000,0.00000,0.00000,-0.19000,0.84000,-255.00000,255.00000
0.05000,0.03000,0.98000,0.00000,0.00000,-0.19000,0.84000,-255.00000,255.00000
0.05000,0.03000,0.98000,0.00000,0.00000,-0.19000,0.84000,-255.00000,255.00000
0.05000,0.03000,0.98000,0.00000,0.00000,-0.19000,0.84000,-255.00000,255.00000
0.05000,0.03000,0.98000,0.00000,0.00000,-0.19000,0.84000,-255.00000,255.00000
0.05000,0.03000,0.98000,0.00000,0.00000,-0.19000,0.84000,-255.00000,255.00000
0.05000,0.03000,0.98000,0.00000,0.00000,-0.19000,0.84000,-255.00000,255.00000
0.05000,0.03000,0.98000,0.00000,0.00000,-0.19000,0.84000,-255.00000,255.00000
0.05000,0.03000,0.98000,0.00000,0.00000,-0.19000,0.84000,-255.00000,255.00000
0.05000,0.03000,0.98000,0.00000,0.00000,-0.19000,0.84000,-255.00000,255.00000
0.05000,0.03000,0.98000,0.00000,0.00000,-0.19000,0.84000,-255.00000,255.00000
0.05000,0.03000,0.98000,0.00000,0.00000,-0.19000,0.84000,-255.00000,255.00000
0.05000,0.03000,0.98000,0.00000,0.00000,-0.19000,0.84000,-255.00000,255.00000
0.05000,0.03000,0.98000,0.00000,0.00000,-0.19000,0.84000,-255.00000,255.00000
0.05000,0.03000,0.98000,0.00000,0.00000,-0.19000,0.84000,-255.00000,255.00000
0.05000,0.03000,0.98000,0.00000,0.00000,-0.19000,0.84000,-255.00000,255.00000
0.05000,0.03000,0.98000,0.00000,0.00000,-0.19000,0.84000,-255.00000,255.00000
0.05000,0.03000,0.98000,0.00000,0.00000,-0.19000,0.84000,-255.00000,255.00000
0.05000,0.03000,0.98000,0.00000,0.00000,-0.19000,0.84000,-255.00000,255.00000
0.05000,0.03000,0.98000,0.00000,0.00000,-0.19000,0.84000,-255.00000,255.00000
0.05000,0.03000,0.98000,0.00000,0.00000,-0.19000,0.84000,-255.00000,255.00000
0.05000,0.03000,0.98000,0.00000,0.00000,-0.19000,0.84000,-255.00000,255.00000
0.05000,0.03000,0.98000,0.00000,0.00000,-0.19000,0.84000,-255.00000,255.00000
0.05000,0.03000,0.98000,0.00000,0.00000,-0.19000,0.84000,-255.00000,255.00000
0.05000,0.03000,0.98000,0.00000,0.00000,-0.19000,0.84000,-255.00000,255.00000
0.05000,0.03000,0.98000,0.00000,0.00000,-0.19000,0.84000,-255.00000,255.00000
0.05000,0.03000,0.98000,0.00000,0.00000,-0.19000,0.84000,-255.00000,255.00000
0.05000,0.03000,0.98000,0.00000,0.00000,-0.19000,0.84000,-255.00000,255.00000
0.05000,0.03000,0.98000,0.00000,0.00000,-0.19000,0.84000,-255.00000,255.00000
0.05000,0.03000,0.98000,0.00000,0.00000,-0.19000,0.84000,-255.00000,255.00000
0.05000,0.03000,0.98000,0.00000,0.00000,-0.19000,0.84000,-255.00000,255.00000
0.05000,0.03000,0.98000,0.00000,0.00000,-0.19000,0.84000,-255.00000,255.00000
0.05000,0.03000,0.98000,0.00000,0.00000,-0.19000,0.84000,-255.00000,255.00000
0.05000,0.03000,0.98000,0.00000,0.00000,-0.19000,0.84000,-255.00000,255.00000
0.05000,0.03000,0.98000,0.00000,0.00000,-0.19000,0.84000,-255.00000,255.00000
0.05000,0.03000,0.98000,0.00000,0.00000,-0.19000,0.84000,-255.00000,255.00000
0.05000,0.03000,0.98000,0.00000,0.00000,-0.19000,0.84000,-255.00000,255.00000
0.05000,0.03000,0.98000,0.00000,0.00000,-0.19000,0.84000,-255.00000,255.00000
0.05000,0.03000,0.98000,0.00000,0.00000,-0.19000,0.84000,-255.00000,255.00000
0.05000,0.03000,0.98000,0.00000,0.00000,-0.19000,0.84000,-255.00000,255.00000
0.05000,0.03000,0.98000,0.00000,0.00000,-0.19000,0.84000,-255.00000,255.00000
0.05000,0.03000,0.98000,0.00000,0.00000,-0.19000,0.84000,-255.00000,255.00000
0.05000,0.03000,0.98000,0.00000,0.00000,-0.19000,0.84000,-255.00000,255.00000
0.05000,0.03000,0.98000,0.00000,0.00000,-0.19000,0.84000,-255.00000,255.00000
0.05000,0.03000,0.98000,0.00000,0.00000,-0.19000,0.84000,-255.00000,255.00000
0.05000,0.03000,0.98000,0.00000,0.00000,-0.19000,0.84000,-255.00000,255.00000
0.05000,0.03000,0.98000,0.00000,0.00000,-0.19000,0.84000,-255.00000,255.00000
0.05000,0.03000,0.98000,0.00000,0.00000,-0.19000,0.84000,-255.00000,255.00000
0.05000,0.03000,0.98000,0.00000,0.00000,-0.19000,0.84000,-255.00000,255.00000
0.05000,0.03000,0.98000,0.00000,0.00000,-0.19000,0.84000,-255.00000,255.00000
0.05000,0.03000,0.98000,0.00000,0.00000,-0.19000,0.84000,-255.00000,255.00000
0.05000,0.03000,0.98000,0.00000,0.00000,-0.19000,0.84000,-255.00000,255.00000
0.05000,0.03000,0.98000,0.00000,0.00000,-0.19000,0.84000,-255.00000,255.00000
0.05000,0.03000,0.98000,0.00000,0.00000,-0.19000,0.84000,-255.00000,255.00000
0.05000,0.03000,0.98000,0.00000,0.00000,-0.19000,0.84000,-255.00000,255.00000
0.05000,0.03000,0.98000,0.00000,0.00000,-0.19000,0.84000,-255.00000,255.00000
0.05000,0.03000,0.98000,0.00000,0.00000,-0.19000,0.84000,-255.00000,255.00000
0.05000,0.03000,0.98000,0.00000,0.00000,-0.19000,0.84000,-255.00000,255.00000
0.05000,0.03000,0.98000,0.00000,0.00000,-0.19000,0.84000,-255.00000,255.00000
0.05000,0.03000,0.98000,0.00000,0.00000,-0.19000,0.84000,-255.00000,255.00000
0.05000,0.03000,0.98000,0.00000,0.00000,-0.19000,0.84000,-255.00000,255.00000
0.05000,0.03000,0.98000,0.00000,0.00000,-0.19000,0.84000,-255.00000,255.00000
0.05000,0.03000,0.98000,0.00000,0.00000,-0.19000,0.84000,-255.00000,255.00000
0.05000,0.03000,0.98000,0.00000,0.00000,-0.19000,0.84000,-255.00000,255.00000
0.05000,0.03000,0.98000,0.00000,0.00000,-0.19000,0.84000,-255.00000,255.00000
0.05000,0.03000,0.98000,0.00000,0.00000,-0.19000,0.84000,-255.00000,255.00000
0.05000,0.03000,0.98000,0.00000,0.00000,-0.19000,0.84000,-255.00000,255.00000
0.05000,0.03000,0.98000,0.00000,0.00000,-0.19000,0.84000,-255.00000,255.00000
0.05000,0.03000,0.98000,0.00000,0.00000,-0.19000,0.84000,-255.00000,255.00000
0.05000,0.03000,0.98000,0.00000,0.00000,-0.19000,0.84000,-255.00000,255.00000
0.05000,0.03000,0.98000,0.00000,0.00000,-0.19000,0.84000,-255.00000,255.00000
0.05000,0.03000,0.98000,0.00000,0.00000,-0.19000,0.84000,-255.00000,255.00000
0.05000,0.03000,0.98000,0.00000,0.00000,-0.19000,0.84000,-255.00000,255.00000
0.05000,0.03000,0.98000,0.00000,0.00000,-0.19000,0.84000,-255.00000,255.00000
0.05000,0.03000,0.98000,0.00000,0.00000,-0.19000,0.84000,-255.00000,255.00000
0.05000,0.03000,0.98000,0.00000,0.00000,-0.19000,0.84000,-255.00000,255.00000
0.05000,0.03000,0.98000,0.00000,0.00000,-0.19000,0.84000,-255.00000,255.00000
0.05000,0.03000,0.98000,0.00000,0.00000,-0.19000,0.84000,-255.00000,255.00000
0.05000,0.03000,0.98000,0.00000,0.00000,-0.19000,0.84000,-255.00000,255.00000
0.05000,0.03000,0.98000,0.00000,0.00000,-0.19000,0.84000,-255.00000,255.00000
0.05000,0.03000,0.98000,0.00000,0.00000,-0.19000,0.84000,-255.00000,255.00000
0.05000,0.03000,0.98000,0.00000,0.00000,-0.19000,0.84000,-255.00000,255.00000
0.05000,0.03000,0.98000,0.00000,0.00000,-0.19000,0.84000,-255.00000,255.00000
0.05000,0.03000,0.98000,0.00000,0.00000,-0.19000,0.84000,-255.00000,255.00000
0.05000,0.03000,0.98000,0.00000,0.00000,-0.19000,0.84000,-255.00000,255.00000
0.05000,0.03000,0.98000,0.00000,0.00000,-0.19000,0.84000,-255.00000,255.00000
0.05000,0.03000,0.98000,0.00000,0.00000,-0.19000,0.84000,-255.00000,255.00000
0.05000,0.03000,0.98000,0.00000,0.00000,-0.19000,0.84000,-255.00000,255.00000
0.05000,0.03000,0.98000,0.00000,0.00000,-0.19000,0.84000,-255.00000,255.00000
0.05000,0.03000,0.98000,0.00000,0.00000,-0.19000,0.84000,-255.00000,255.00000
0.05000,0.03000,0.98000,0.00000,0.00000,-0.19000,0.84000,-255.00000,255.00000
0.05000,0.03000,0.98000,0.00000,0.00000,-0.19000,0.84000,-255.00000,255.00000
0.05000,0.03000,0.98000,0.00000,0.00000,-0.19000,0.84000,-255.00000,255.00000
0.05000,0.03000,0.98000,0.00000,0.00000,-0.19000,0.84000,-255.00000,255.00000
0.05000,0.03000,0.98000,0.00000,0.00000,-0.19000,0.84000,-255.00000,255.00000
0.05000,0.03000,0.98000,0.00000,0.00000,-0.19000,0.84000,-255.00000,255.00000
0.05000,0.03000,0.98000,0.00000,0.00000,-0.19000,0.84000,-255.00000,255.00000
0.05000,0.03000,0.98000,0.00000,0.00000,-0.19000,0.84000,-255.00000,255.00000
0.05000,0.03000,0.98000,0.00000,0.00000,-0.19000,0.84000,-255.00000,255.00000
0.05000,0.03000,0.98000,0.00000,0.00000,-0.19000,0.84000,-255.00000,255.00000
0.05000,0.03000,0.98000,0.00000,0.00000,-0.19000,0.84000,-255.00000,255.00000
0.05000,0.03000,0.98000,0.00000,0.00000,-0.19000,0.84000,-255.00000,255.00000
0.05000,0.03000,0.98000,0.00000,0.00000,-0.19000,0.84000,-255.00000,255.00000
0.05000,0.03000,0.98000,0.00000,0.00000,-0.19000,0.84000,-255.00000,255.00000
0.05000,0.03000,0.98000,0.00000,0.00000,-0.19000,0.84000,-255.00000,255.00000
0.05000,0.03000,0.98000,0.00000,0.00000,-0.19000,0.84000,-255.00000,255.00000
0.05000,0.03000,0.98000,0.00000,0.00000,-0.19000,0.84000,-255.00000,255.00000
0.05000,0.03000,0.98000,0.00000,0.00000,-0.19000,0.84000,-255.00000,255.00000
0.05000,0.03000,0.98000,0.00000,0.00000,-0.19000,0.84000,-255.00000,255.00000
0.05000,0.03000,0.98000,0.00000,0.00000,-0.19000,0.84000,-255.00000,255.00000
0.05000,0.03000,0.98000,0.00000,0.00000,-0.19000,0.84000,-255.00000,255.00000
0.05000,0.03000,0.98000,0.00000,0.00000,-0.19000,0.84000,-255.00000,255.00000
0.05000,0.03000,0.98000,0.00000,0.00000,-0.19000,0.84000,-255.00000,255.00000
0.05000,0.03000,0.98000,0.00000,0.00000,-0.19000,0.84000,-255.00000,255.00000
0.05000,0.03000,0.98000,0.00000,0.00000,-0.19000,0.84000,-255.00000,255.00000
0.05000,0.03000,0.98000,0.00000,0.00000,-0.19000,0.84000,-255.00000,255.00000
0.05000,0.03000,0.98000,0.00000,0.00000,-0.19000,0.84000,-255.00000,255.00000
0.05000,0.03000,0.98000,0.00000,0.00000,-0.19000,0.84000,-255.00000,255.00000
0.05000,0.03000,0.98000,0.00000,0.00000,-0.19000,0.84000,-255.00000,255.00000
0.05000,0.03000,0.98000,0.00000,0.00000,-0.19000,0.84000,-255.00000,255.00000
0.05000,0.03000,0.98000,0.00000,0.00000,-0.19000,0.84000,-255.00000,255.00000
0.05000,0.03000,0.98000,0.00000,0.00000,-0.19000,0.84000,-255.00000,255.00000
0.05000,0.03000,0.98000,0.00000,0.00000,-0.19000,0.84000,-255.00000,255.00000
0.05000,0.03000,0.98000,0.00000,0.00000,-0.19000,0.84000,-255.00000,255.00000
0.05000,0.03000,0.98000,0.00000,0.00000,-0.19000,0.84000,-255.00000,255.00000
0.05000,0.03000,0.98000,0.00000,0.00000,-0.19000,0.84000,-255.00000,255.00000
0.05000,0.03000,0.98000,0.00000,0.00000,-0.19000,0.84000,-255.00000,255.00000
0.05000,0.03000,0.98000,0.00000,0.00000,-0.19000,0.84000,-255.00000,255.00000
0.05000,0.03000,0.98000,0.00000,0.00000,-0.19000,0.84000,-255.00000,255.00000
0.05000,0.03000,0.98000,0.00000,0.00000,-0.19000,0.84000,-255.00000,255.00000
0.05000,0.03000,0.98000,0.00000,0.00000,-0.19000,0.84000,-255.00000,255.00000
0.05000,0.03000,0.98000,0.00000,0.00000,-0.19000,0.84000,-255.00000,255.00000
0.05000,0.03000,0.98000,0.00000,0.00000,-0.19000,0.84000,-255.00000,255.00000
0.05000,0.03000,0.98000,0.00000,0.00000,-0.19000,0.84000,-255.00000,255.00000
0.05000,0.03000,0.98000,0.00000,0.00000,-0.19000,0.84000,-255.00000,255.00000
0.05000,0.03000,0.98000,0.00000,0.00000,-0.19000,0.84000,-255.00000,255.00000
0.05000,0.03000,0.98000,0.00000,0.00000,-0.19000,0.84000,-255.00000,255.00000
0.05000,0.03000,0.98000,0.00000,0.00000,-0.19000,0.84000,-255.00000,255.00000
0.05000,0.03000,0.98000,0.00000,0.00000,-0.19000,0.84000,-255.00000,255.00000
0.05000,0.03000,0.98000,0.00000,0.00000,-0.19000,0.84000,-255.00000,255.00000
0.05000,0.03000,0.98000,0.00000,0.00000,-0.19000,0.84000,-255.00000,255.00000
0.05000,0.03000,0.98000,0.00000,0.00000,-0.19000,0.84000,-255.00000,255.00000
0.05000,0.03000,0.98000,0.00000,0.00000,-0.19000,0.84000,-255.00000,255.00000
0.05000,0.03000,0.98000,0.00000,0.00000,-0.19000,0.84000,-255.00000,255.00000
0.05000,0.03000,0.98000,0.00000,0.00000,-0.19000,0.84000,-255.00000,255.00000
0.05000,0.03000,0.98000,0.00000,0.00000,-0.19000,0.84000,-255.00000,255.00000
0.05000,0.03000,0.98000,0.00000,0.00000,-0.19000,0.84000,-255.00000,255.00000
0.05000,0.03000,0.98000,0.00000,0.00000,-0.19000,0.84000,-255.00000,255.00000
0.05000,0.03000,0.98000,0.00000,0.00000,-0.19000,0.84000,-255.00000,255.00000
0.05000,0.03000,0.98000,0.00000,0.00000,-0.19000,0.84000,-255.00000,255.00000
0.05000,0.03000,0.98000,0.00000,0.00000,-0.19000,0.84000,-255.00000,255.00000
0.05000,0.03000,0.98000,0.00000,0.00000,-0.19000,0.84000,-255.00000,255.00000
0.05000,0.03000,0.98000,0.00000,0.00000,-0.19000,0.84000,-255.00000,255.00000
0.05000,0.03000,0.98000,0.00000,0.00000,-0.19000,0.84000,-255.00000,255.00000
0.05000,0.03000,0.98000,0.00000,0.00000,-0.19000,0.84000,-255.00000,255.00000
0.05000,0.03000,0.98000,0.00000,0.00000,-0.19000,0.84000,-255.00000,255.00000
0.05000,0.03000,0.98000,0.00000,0.00000,-0.19000,0.84000,-255.00000,255.00000
0.05000,0.03000,0.98000,0.00000,0.00000,-0.19000,0.84000,-255.00000,255.00000
0.05000,0.03000,0.98000,0.00000,0.00000,-0.19000,0.84000,-255.00000,255.00000
0.05000,0.03000,0.98000,0.00000,0.00000,-0.19000,0.84000,-255.00000,255.00000
0.05000,0.03000,0.98000,0.00000,0.00000,-0.19000,0.84000,-255.00000,255.00000
0.05000,0.03000,0.98000,0.00000,0.00000,-0.19000,0.84000,-255.00000,255.00000
0.05000,0.03000,0.98000,0.00000,0.00000,-0.19000,0.84000,-255.00000,255.00000
0.05000,0.03000,0.98000,0.00000,0.00000,-0.19000,0.84000,-255.00000,255.00000
0.05000,0.03000,0.98000,0.00000,0.00000,-0.19000,0.84000,-255.00000,255.00000
0.05000,0.03000,0.98000,0.00000,0.00000,-0.19000,0.84000,-255.00000,255.00000
0.05000,0.03000,0.98000,0.00000,0.00000,-0.19000,0.84000,-255.00000,255.00000
0.05000,0.03000,0.98000,0.00000,0.00000,-0.19000,0.84000,-255.00000,255.00000
0.05000,0.03000,0.98000,0.00000,0.00000,-0.19000,0.84000,-255.00000,255.00000
0.05000,0.03000,0.98000,0.00000,0.00000,-0.19000,0.84000,-255.00000,255.00000
0.05000,0.03000,0.98000,0.00000,0.00000,-0.19000,0.84000,-255.00000,255.00000
0.05000,0.03000,0.98000,0.00000,0.00000,-0.19000,0.84000,-255.00000,255.00000
0.05000,0.03000,0.98000,0.00000,0.00000,-0.19000,0.84000,-255.00000,255.00000
0.05000,0.03000,0.98000,0.00000,0.00000,-0.19000,0.84000,-255.00000,255.00000
0.05000,0.03000,0.98000,0.00000,0.00000,-0.19000,0.84000,-255.00000,255.00000
0.05000,0.03000,0.98000,0.00000,0.00000,-0.19000,0.84000,-255.00000,255.00000
0.05000,0.03000,0.98000,0.00000,0.00000,-0.19000,0.84000,-255.00000,255.00000
0.05000,0.03000,0.98000,0.00000,0.00000,-0.19000,0.84000,-255.00000,255.00000
0.05000,0.03000,0.98000,0.00000,0.00000,-0.19000,0.84000,-255.00000,255.00000
0.05000,0.03000,0.98000,0.00000,0.00000,-0.19000,0.84000,-255.00000,255.00000
0.05000,0.03000,0.98000,0.00000,0.00000,-0.19000,0.84000,-255.00000,255.00000
0.05000,0.03000,0.98000,0.00000,0.00000,-0.19000,0.84000,-255.00000,255.00000
0.05000,0.03000,0.98000,0.00000,0.00000,-0.19000,0.84000,-255.00000,255.00000
0.05000,0.03000,0.98000,0.00000,0.00000,-0.19000,0.84000,-255.00000,255.00000
0.05000,0.03000,0.98000,0.00000,0.00000,-0.19000,0.84000,-255.00000,255.00000
0.05000,0.03000,0.98000,0.00000,0.00000,-0.19000,0.84000,-255.00000,255.00000
0.05000,0.03000,0.98000,0.00000,0.00000,-0.19000,0.84000,-255.00000,255.00000
0.05000,0.03000,0.98000,0.00000,0.00000,-0.19000,0.84000,-255.00000,255.00000
0.05000,0.03000,0.98000,0.00000,0.00000,-0.19000,0.84000,-255.00000,255.00000
0.05000,0.03000,0.98000,0.00000,0.00000,-0.19000,0.84000,-255.00000,255.00000
0.05000,0.03000,0.98000,0.00000,0.00000,-0.19000,0.84000,-255.00000,255.00000
0.05000,0.03000,0.98000,0.00000,0.00000,-0.19000,0.84000,-255.00000,255.00000
0.05000,0.03000,0.98000,0.00000,0.00000,-0.19000,0.84000,-255.00000,255.00000
0.05000,0.03000,0.98000,0.00000,0.00000,-0.19000,0.84000,-255.00000,255.00000
0.05000,0.03000,0.98000,0.00000,0.00000,-0.19000,0.84000,-255.00000,255.00000
0.05000,0.03000,0.98000,0.00000,0.00000,-0.19000,0.84000,-255.00000,255.00000
0.05000,0.03000,0.98000,0.00000,0.00000,-0.19000,0.84000,-255.00000,255.00000
0.05000,0.03000,0.98000,0.00000,0.00000,-0.19000,0.84000,-255.00000,255.00000
0.05000,0.03000,0.98000,0.00000,0.00000,-0.19000,0.84000,-255.00000,255.00000
0.05000,0.03000,0.98000,0.00000,0.00000,-0.19000,0.84000,-255.00000,255.00000
0.05000,0.03000,0.98000,0.00000,0.00000,-0.19000,0.84000,-255.00000,255.00000
0.05000,0.03000,0.98000,0.00000,0.00000,-0.19000,0.84000,-255.00000,255.00000
0.05000,0.03000,0.98000,0.00000,0.00000,-0.19000,0.84000,-255.00000,255.00000
0.05000,0.03000,0.98000,0.00000,0.00000,-0.19000,0.84000,-255.00000,255.00000
0.05000,0.03000,0.98000,0.00000,0.00000,-0.19000,0.84000,-255.00000,255.00000
0.05000,0.03000,0.98000,0.00000,0.00000,-0.19000,0.84000,-255.00000,255.00000
0.05000,0.03000,0.98000,0.00000,0.00000,-0.19000,0.84000,-255.00000,255.00000
0.05000,0.03000,0.98000,0.00000,0.00000,-0.19000,0.84000,-255.00000,255.00000
0.05000,0.03000,0.98000,0.00000,0.00000,-0.19000,0.84000,-255.00000,255.00000
0.05000,0.03000,0.98000,0.00000,0.00000,-0.19000,0.84000,-255.00000,255.00000
0.05000,0.03000,0.98000,0.00000,0.00000,-0.19000,0.84000,-255.00000,255.00000
0.05000,0.03000,0.98000,0.00000,0.00000,-0.19000,0.84000,-255.00000,255.00000
0.05000,0.03000,0.98000,0.00000,0.00000,-0.19000,0.84000,-255.00000,255.00000
0.05000,0.03000,0.98000,0.00000,0.00000,-0.19000,0.84000,-255.00000,255.00000
0.05000,0.03000,0.98000,0.00000,0.00000,-0.19000,0.84000,-255.00000,255.00000
0.05000,0.03000,0.98000,0.00000,0.00000,-0.19000,0.84000,-255.00000,255.00000
0.05000,0.03000,0.98000,0.00000,0.00000,-0.19000,0.84000,-255.00000,255.00000
0.05000,0.03000,0.98000,0.00000,0.00000,-0.19000,0.84000,-255.00000,255.00000
0.05000,0.03000,0.98000,0.00000,0.00000,-0.19000,0.84000,-255.00000,255.00000
0.05000,0.03000,0.98000,0.00000,0.00000,-0.19000,0.84000,-255.00000,255.00000
0.05000,0.03000,0.98000,0.00000,0.00000,-0.19000,0.84000,-255.00000,255.00000
0.05000,0.03000,0.98000,0.00000,0.00000,-0.19000,0.84000,-255.00000,255.00000
0.05000,0.03000,0.98000,0.00000,0.00000,-0.19000,0.84000,-255.00000,255.00000
0.05000,0.03000,0.98000,0.00000,0.00000,-0.19000,0.84000,-255.00000,255.00000
0.05000,0.03000,0.98000,0.00000,0.00000,-0.19000,0.84000,-255.00000,255.00000
0.05000,0.03000,0.98000,0.00000,0.00000,-0.19000,0.84000,-255.00000,255.00000
0.05000,0.03000,0.98000,0.00000,0.00000,-0.19000,0.84000,-255.00000,255.00000
0.05000,0.03000,0.98000,0.00000,0.00000,-0.19000,0.84000,-255.00000,255.00000
0.05000,0.03000,0.98000,0.00000,0.00000,-0.19000,0.84000,-255.00000,255.00000
0.05000,0.03000,0.98000,0.00000,0.00000,-0.19000,0.84000,-255.00000,255.00000
0.05000,0.03000,0.98000,0.00000,0.00000,-0.19000,0.84000,-255.00000,255.00000
0.05000,0.03000,0.98000,0.00000,0.00000,-0.19000,0.84000,-255.00000,255.00000
0.05000,0.03000,0.98000,0.00000,0.00000,-0.19000,0.84000,-255.00000,255.00000
0.05000,0.03000,0.98000,0.00000,0.00000,-0.19000,0.84000,-255.00000,255.00000
0.05000,0.03000,0.98000,0.00000,0.00000,-0.19000,0.84000,-255.00000,255.00000
0.05000,0.03000,0.98000,0.00000,0.00000,-0.19000,0.84000,-255.00000,255.00000
0.05000,0.03000,0.98000,0.00000,0.00000,-0.19000,0.84000,-255.00000,255.00000
0.05000,0.03000,0.98000,0.00000,0.00000,-0.19000,0.84000,-255.00000,255.00000
0.05000,0.03000,0.98000,0.00000,0.00000,-0.19000,0.84000,-255.00000,255.00000
0.05000,0.03000,0.98000,0.00000,0.00000,-0.19000,0.84000,-255.00000,255.00000
0.05000,0.03000,0.98000,0.00000,0.00000,-0.19000,0.84000,-255.00000,255.00000
0.05000,0.03000,0.98000,0.00000,0.00000,-0.19000,0.84000,-255.00000,255.00000
0.05000,0.03000,0.98000,0.00000,0.00000,-0.19000,0.84000,-255.00000,255.00000
0.05000,0.03000,0.98000,0.00000,0.00000,-0.19000,0.84000,-255.00000,255.00000
0.05000,0.03000,0.98000,0.00000,0.00000,-0.19000,0.84000,-255.00000,255.00000
0.05000,0.03000,0.98000,0.00000,0.00000,-0.19000,0.84000,-255.00000,255.00000
0.05000,0.03000,0.98000,0.00000,0.00000,-0.19000,0.84000,-255.00000,255.00000
0.05000,0.03000,0.98000,0.00000,0.00000,-0.19000,0.84000,-255.00000,255.00000
0.05000,0.03000,0.98000,0.00000,0.00000,-0.19000,0.84000,-255.00000,255.00000
0.05000,0.03000,0.98000,0.00000,0.00000,-0.19000,0.84000,-255.00000,255.00000
0.05000,0.03000,0.98000,0.00000,0.00000,-0.19000,0.84000,-255.00000,255.00000
0.05000,0.03000,0.98000,0.00000,0.00000,-0.19000,0.84000,-255.00000,255.00000
0.05000,0.03000,0.98000,0.00000,0.00000,-0.19000,0.84000,-255.00000,255.00000
0.05000,0.03000,0.98000,0.00000,0.00000,-0.19000,0.84000,-255.00000,255.00000
0.05000,0.03000,0.98000,0.00000,0.00000,-0.19000,0.84000,-255.00000,255.00000
0.05000,0.03000,0.98000,0.00000,0.00000,-0.19000,0.84000,-255.00000,255.00000
0.05000,0.03000,0.98000,0.00000,0.00000,-0.19000,0.84000,-255.00000,255.00000
0.05000,0.03000,0.98000,0.00000,0.00000,-0.19000,0.84000,-255.00000,255.00000
0.05000,0.03000,0.98000,0.00000,0.00000,-0.19000,0.84000,-255.00000,255.00000
0.05000,0.03000,0.98000,0.00000,0.00000,-0.19000,0.84000,-255.00000,255.00000
0.05000,0.03000,0.98000,0.00000,0.00000,-0.19000,0.84000,-255.00000,255.00000
0.05000,0.03000,0.98000,0.00000,0.00000,-0.19000,0.84000,-255.00000,255.00000
0.05000,0.03000,0.98000,0.00000,0.00000,-0.19000,0.84000,-255.00000,255.00000
0.05000,0.03000,0.98000,0.00000,0.00000,-0.19000,0.84000,-255.00000,255.00000
0.05000,0.03000,0.98000,0.00000,0.00000,-0.19000,0.84000,-255.00000,255.00000
0.05000,0.03000,0.98000,0.00000,0.00000,-0.19000,0.84000,-255.00000,255.00000
0.05000,0.03000,0.98000,0.00000,0.00000,-0.19000,0.84000,-255.00000,255.00000
0.05000,0.03000,0.98000,0.00000,0.00000,-0.19000,0.84000,-255.00000,255.00000
0.05000,0.03000,0.98000,0.00000,0.00000,-0.19000,0.84000,-255.00000,255.00000
0.05000,0.03000,0.98000,0.00000,0.00000,-0.19000,0.84000,-255.00000,255.00000
0.05000,0.03000,0.98000,0.00000,0.00000,-0.19000,0.84000,-255.00000,255.00000
0.05000,0.03000,0.98000,0.00000,0.00000,-0.19000,0.84000,-255.00000,255.00000
0.05000,0.03000,0.98000,0.00000,0.00000,-0.19000,0.84000,-255.00000,255.00000
0.05000,0.03000,0.98000,0.00000,0.00000,-0.19000,0.84000,-255.00000,255.00000
0.05000,0.03000,0.98000,0.00000,0.00000,-0.19000,0.84000,-255.00000,255.00000
0.05000,0.03000,0.98000,0.00000,0.00000,-0.19000,0.84000,-255.00000,255.00000
0.05000,0.03000,0.98000,0.00000,0.00000,-0.19000,0.84000,-255.00000,255.00000
0.05000,0.03000,0.98000,0.00000,0.00000,-0.19000,0.84000,-255.00000,255.00000
0.05000,0.03000,0.98000,0.00000,0.00000,-0.19000,0.84000,-255.00000,255.00000
0.05000,0.03000,0.98000,0.00000,0.00000,-0.19000,0.84000,-255.00000,255.00000
0.05000,0.03000,0.98000,0.00000,0.00000,-0.19000,0.84000,-255.00000,255.00000
0.05000,0.03000,0.98000,0.00000,0.00000,-0.19000,0.84000,-255.00000,255.00000
0.05000,0.03000,0.98000,0.00000,0.00000,-0.19000,0.84000,-255.00000,255.00000
0.05000,0.03000,0.98000,0.00000,0.00000,-0.19000,0.84000,-255.00000,255.00000
0.05000,0.03000,0.98000,0.00000,0.00000,-0.19000,0.84000,-255.00000,255.00000
0.05000,0.03000,0.98000,0.00000,0.00000,-0.19000,0.84000,-255.00000,255.00000
0.05000,0.03000,0.98000,0.00000,0.00000,-0.19000,0.84000,-255.00000,255.00000
0.05000,0.03000,0.98000,0.00000,0.00000,-0.19000,0.84000,-255.00000,255.00000
0.05000,0.03000,0.98000,0.00000,0.00000,-0.19000,0.84000,-255.00000,255.00000
0.05000,0.03000,0.98000,0.00000,0.00000,-0.19000,0.84000,-255.00000,255.00000
0.05000,0.03000,0.98000,0.00000,0.00000,-0.19000,0.84000,-255.00000,255.00000
0.05000,0.03000,0.98000,0.00000,0.00000,-0.19000,0.84000,-255.00000,255.00000
0.05000,0.03000,0.98000,0.00000,0.00000,-0.19000,0.84000,-255.00000,255.00000
0.05000,0.03000,0.98000,0.00000,0.00000,-0.19000,0.84000,-255.00000,255.00000
0.05000,0.03000,0.98000,0.00000,0.00000,-0.19000,0.84000,-255.00000,255.00000
0.05000,0.03000,0.98000,0.00000,0.00000,-0.19000,0.84000,-255.00000,255.00000
0.05000,0.03000,0.98000,0.00000,0.00000,-0.19000,0.84000,-255.00000,255.00000
0.05000,0.03000,0.98000,0.00000,0.00000,-0.19000,0.84000,-255.00000,255.00000
0.05000,0.03000,0.98000,0.00000,0.00000,-0.19000,0.84000,-255.00000,255.00000
0.05000,0.03000,0.98000,0.00000,0.00000,-0.19000,0.84000,-255.00000,255.00000
0.05000,0.03000,0.98000,0.00000,0.00000,-0.19000,0.84000,-255.00000,255.00000
0.05000,0.03000,0.98000,0.00000,0.00000,-0.19000,0.84000,-255.00000,255.00000
0.05000,0.03000,0.98000,0.00000,0.00000,-0.19000,0.84000,-255.00000,255.00000
0.05000,0.03000,0.98000,0.00000,0.00000,-0.19000,0.84000,-255.00000,255.00000
0.05000,0.03000,0.98000,0.00000,0.00000,-0.19000,0.84000,-255.00000,255.00000
0.05000,0.03000,0.98000,0.00000,0.00000,-0.19000,0.84000,-255.00000,255.00000
0.05000,0.03000,0.98000,0.00000,0.00000,-0.19000,0.84000,-255.00000,255.00000
0.05000,0.03000,0.98000,0.00000,0.00000,-0.19000,0.84000,-255.00000,255.00000
0.05000,0.03000,0.98000,0.00000,0.00000,-0.19000,0.84000,-255.00000,255.00000
0.05000,0.03000,0.98000,0.00000,0.00000,-0.19000,0.84000,-255.00000,255.00000
0.05000,0.03000,0.98000,0.00000,0.00000,-0.19000,0.84000,-255.00000,255.00000
0.05000,0.03000,0.98000,0.00000,0.00000,-0.19000,0.84000,-255.00000,255.00000
0.05000,0.03000,0.98000,0.00000,0.00000,-0.19000,0.84000,-255.00000,255.00000
0.05000,0.03000,0.98000,0.00000,0.00000,-0.19000,0.84000,-255.00000,255.00000
0.05000,0.03000,0.98000,0.00000,0.00000,-0.19000,0.84000,-255.00000,255.00000
0.05000,0.03000,0.98000,0.00000,0.00000,-0.19000,0.84000,-255.00000,255.00000
0.05000,0.03000,0.98000,0.00000,0.00000,-0.19000,0.84000,-255.00000,255.00000
0.05000,0.03000,0.98000,0.00000,0.00000,-0.19000,0.84000,-255.00000,255.00000
0.05000,0.03000,0.98000,0.00000,0.00000,-0.19000,0.84000,-255.00000,255.00000
0.05000,0.03000,0.98000,0.00000,0.00000,-0.19000,0.84000,-255.00000,255.00000
0.05000,0.03000,0.98000,0.00000,0.00000,-0.19000,0.84000,-255.00000,255.00000
0.05000,0.03000,0.98000,0.00000,0.00000,-0.19000,0.84000,-255.00000,255.00000
0.05000,0.03000,0.98000,0.00000,0.00000,-0.19000,0.84000,-255.00000,255.00000
0.05000,0.03000,0.98000,0.00000,0.00000,-0.19000,0.84000,-255.00000,255.00000
0.05000,0.03000,0.98000,0.00000,0.00000,-0.19000,0.84000,-255.00000,255.00000
0.05000,0.03000,0.98000,0.00000,0.00000,-0.19000,0.84000,-255.00000,255.00000
0.05000,0.03000,0.98000,0.00000,0.00000,-0.19000,0.84000,-255.00000,255.00000
0.05000,0.03000,0.98000,0.00000,0.00000,-0.19000,0.84000,-255.00000,255.00000
0.05000,0.03000,0.98000,0.00000,0.00000,-0.19000,0.84000,-255.00000,255.00000
0.05000,0.03000,0.98000,0.00000,0.00000,-0.19000,0.84000,-255.00000,255.00000
0.05000,0.03000,0.98000,0.00000,0.00000,-0.19000,0.84000,-255.00000,255.00000
0.05000,0.03000,0.98000,0.00000,0.00000,-0.19000,0.84000,-255.00000,255.00000
0.05000,0.03000,0.98000,0.00000,0.00000,-0.19000,0.84000,-255.00000,255.00000
0.05000,0.03000,0.98000,0.00000,0.00000,-0.19000,0.84000,-255.00000,255.00000
0.05000,0.03000,0.98000,0.00000,0.00000,-0.19000,0.84000,-255.00000,255.00000
0.05000,0.03000,0.98000,0.00000,0.00000,-0.19000,0.84000,-255.00000,255.00000
0.05000,0.03000,0.98000,0.00000,0.00000,-0.19000,0.84000,-255.00000,255.00000
0.05000,0.03000,0.98000,0.00000,0.00000,-0.19000,0.84000,-255.00000,255.00000
0.05000,0.03000,0.98000,0.00000,0.00000,-0.19000,0.84000,-255.00000,255.00000
0.05000,0.03000,0.98000,0.00000,0.00000,-0.19000,0.84000,-255.00000,255.00000
0.05000,0.03000,0.98000,0.00000,0.00000,-0.19000,0.84000,-255.00000,255.00000
0.05000,0.03000,0.98000,0.00000,0.00000,-0.19000,0.84000,-255.00000,255.00000
0.05000,0.03000,0.98000,0.00000,0.00000,-0.19000,0.84000,-255.00000,255.00000
0.05000,0.03000,0.98000,0.00000,0.00000,-0.19000,0.84000,-255.00000,255.00000
0.05000,0.03000,0.98000,0.00000,0.00000,-0.19000,0.84000,-255.00000,255.00000
0.05000,0.03000,0.98000,0.00000,0.00000,-0.19000,0.84000,-255.00000,255.00000
0.05000,0.03000,0.98000,0.00000,0.00000,-0.19000,0.84000,-255.00000,255.00000
0.05000,0.03000,0.98000,0.00000,0.00000,-0.19000,0.84000,-255.00000,255.00000
0.05000,0.03000,0.98000,0.00000,0.00000,-0.19000,0.84000,-255.00000,255.00000
0.05000,0.03000,0.98000,0.00000,0.00000,-0.19000,0.84000,-255.00000,255.00000
0.05000,0.03000,0.98000,0.00000,0.00000,-0.19000,0.84000,-255.00000,255.00000
0.05000,0.03000,0.98000,0.00000,0.00000,-0.19000,0.84000,-255.00000,255.00000
0.05000,0.03000,0.98000,0.00000,0.00000,-0.19000,0.84000,-255.00000,255.00000
0.05000,0.03000,0.98000,0.00000,0.00000,-0.19000,0.84000,-255.00000,255.00000
0.05000,0.03000,0.98000,0.00000,0.00000,-0.19000,0.84000,-255.00000,255.00000
0.05000,0.03000,0.98000,0.00000,0.00000,-0.19000,0.84000,-255.00000,255.00000
0.05000,0.03000,0.98000,0.00000,0.00000,-0.19000,0.84000,-255.00000,255.00000
0.05000,0.03000,0.98000,0.00000,0.00000,-0.19000,0.84000,-255.00000,255.00000
0.05000,0.03000,0.98000,0.00000,0.00000,-0.19000,0.84000,-255.00000,255.00000
0.05000,0.03000,0.98000,0.00000,0.00000,-0.19000,0.84000,-255.00000,255.00000
0.05000,0.03000,0.98000,0.00000,0.00000,-0.19000,0.84000,-255.00000,255.00000
0.05000,0.03000,0.98000,0.00000,0.00000,-0.19000,0.84000,-255.00000,255.00000
0.05000,0.03000,0.98000,0.00000,0.00000,-0.19000,0.84000,-255.00000,255.00000
0.05000,0.03000,0.98000,0.00000,0.00000,-0.19000,0.84000,-255.00000,255.00000
0.05000,0.03000,0.98000,0.00000,0.00000,-0.19000,0.84000,-255.00000,255.00000
0.05000,0.03000,0.98000,0.00000,0.00000,-0.19000,0.84000,-255.00000,255.00000
0.05000,0.03000,0.98000,0.00000,0.00000,-0.19000,0.84000,-255.00000,255.00000
0.05000,0.03000,0.98000,0.00000,0.00000,-0.19000,0.84000,-255.00000,255.00000
0.05000,0.03000,0.98000,0.00000,0.00000,-0.19000,0.84000,-255.00000,255.00000
0.05000,0.03000,0.98000,0.00000,0.00000,-0.19000,0.84000,-255.00000,255.00000
0.05000,0.03000,0.98000,0.00000,0.00000,-0.19000,0.84000,-255.00000,255.00000
0.05000,0.03000,0.98000,0.00000,0.00000,-0.19000,0.84000,-255.00000,255.00000
0.05000,0.03000,0.98000,0.00000,0.00000,-0.19000,0.84000,-255.00000,255.00000
0.05000,0.03000,0.98000,0.00000,0.00000,-0.19000,0.84000,-255.00000,255.00000
0.05000,0.03000,0.98000,0.00000,0.00000,-0.19000,0.84000,-255.00000,255.00000
0.05000,0.03000,0.98000,0.00000,0.00000,-0.19000,0.84000,-255.00000,255.00000
0.05000,0.03000,0.98000,0.00000,0.00000,-0.19000,0.84000,-255.00000,255.00000
0.05000,0.03000,0.98000,0.00000,0.00000,-0.19000,0.84000,-255.00000,255.00000
0.05000,0.03000,0.98000,0.00000,0.00000,-0.19000,0.84000,-255.00000,255.00000
0.05000,0.03000,0.98000,0.00000,0.00000,-0.19000,0.84000,-255.00000,255.00000
0.05000,0.03000,0.98000,0.00000,0.00000,-0.19000,0.84000,-255.00000,255.00000
0.05000,0.03000,0.98000,0.00000,0.00000,-0.19000,0.84000,-255.00000,255.00000
0.05000,0.03000,0.98000,0.00000,0.00000,-0.19000,0.84000,-255.00000,255.00000
0.05000,0.03000,0.98000,0.00000,0.00000,-0.19000,0.84000,-255.00000,255.00000
0.05000,0.03000,0.98000,0.00000,0.00000,-0.19000,0.84000,-255.00000,255.00000
0.05000,0.03000,0.98000,0.00000,0.00000,-0.19000,0.84000,-255.00000,255.00000
0.05000,0.03000,0.98000,0.00000,0.00000,-0.19000,0.84000,-255.00000,255.00000
0.05000,0.03000,0.98000,0.00000,0.00000,-0.19000,0.84000,-255.00000,255.00000
0.05000,0.03000,0.98000,0.00000,0.00000,-0.19000,0.84000,-255.00000,255.00000
0.05000,0.03000,0.98000,0.00000,0.00000,-0.19000,0.84000,-255.00000,255.00000
0.05000,0.03000,0.98000,0.00000,0.00000,-0.19000,0.84000,-255.00000,255.00000
0.05000,0.03000,0.98000,0.00000,0.00000,-0.19000,0.84000,-255.00000,255.00000
0.05000,0.03000,0.98000,0.00000,0.00000,-0.19000,0.84000,-255.00000,255.00000
0.05000,0.03000,0.98000,0.00000,0.00000,-0.19000,0.84000,-255.00000,255.00000
0.05000,0.03000,0.98000,0.00000,0.00000,-0.19000,0.84000,-255.00000,255.00000
0.05000,0.03000,0.98000,0.00000,0.00000,-0.19000,0.84000,-255.00000,255.00000
0.05000,0.03000,0.98000,0.00000,0.00000,-0.19000,0.84000,-255.00000,255.00000
0.05000,0.03000,0.98000,0.00000,0.00000,-0.19000,0.84000,-255.00000,255.00000
0.05000,0.03000,0.98000,0.00000,0.00000,-0.19000,0.84000,-255.00000,255.00000
0.05000,0.03000,0.98000,0.00000,0.00000,-0.19000,0.84000,-255.00000,255.00000
0.05000,0.03000,0.98000,0.00000,0.00000,-0.19000,0.84000,-255.00000,255.00000
0.05000,0.03000,0.98000,0.00000,0.00000,-0.19000,0.84000,-255.00000,255.00000
0.05000,0.03000,0.98000,0.00000,0.00000,-0.19000,0.84000,-255.00000,255.00000
0.05000,0.03000,0.98000,0.00000,0.00000,-0.19000,0.84000,-255.00000,255.00000
0.05000,0.03000,0.98000,0.00000,0.00000,-0.19000,0.84000,-255.00000,255.00000
0.05000,0.03000,0.98000,0.00000,0.00000,-0.19000,0.84000,-255.00000,255.00000
0.05000,0.03000,0.98000,0.00000,0.00000,-0.19000,0.84000,-255.00000,255.00000
0.05000,0.03000,0.98000,0.00000,0.00000,-0.19000,0.84000,-255.00000,255.00000
0.05000,0.03000,0.98000,0.00000,0.00000,-0.19000,0.84000,-255.00000,255.00000
0.05000,0.03000,0.98000,0.00000,0.00000,-0.19000,0.84000,-255.00000,255.00000
0.05000,0.03000,0.98000,0.00000,0.00000,-0.19000,0.84000,-255.00000,255.00000
0.05000,0.03000,0.98000,0.00000,0.00000,-0.19000,0.84000,-255.00000,255.00000
0.05000,0.03000,0.98000,0.00000,0.00000,-0.19000,0.84000,-255.00000,255.00000
0.05000,0.03000,0.98000,0.00000,0.00000,-0.19000,0.84000,-255.00000,255.00000
0.05000,0.03000,0.98000,0.00000,0.00000,-0.19000,0.84000,-255.00000,255.00000
0.05000,0.03000,0.98000,0.00000,0.00000,-0.19000,0.84000,-255.00000,255.00000
0.05000,0.03000,0.98000,0.00000,0.00000,-0.19000,0.84000,-255.00000,255.00000
0.05000,0.03000,0.98000,0.00000,0.00000,-0.19000,0.84000,-255.00000,255.00000
0.05000,0.03000,0.98000,0.00000,0.00000,-0.19000,0.84000,-255.00000,255.00000
0.05000,0.03000,0.98000,0.00000,0.00000,-0.19000,0.84000,-255.00000,255.00000
0.05000,0.03000,0.98000,0.00000,0.00000,-0.19000,0.84000,-255.00000,255.00000
0.05000,0.03000,0.98000,0.00000,0.00000,-0.19000,0.84000,-255.00000,255.00000
0.05000,0.03000,0.98000,0.00000,0.00000,-0.19000,0.84000,-255.00000,255.00000
0.05000,0.03000,0.98000,0.00000,0.00000,-0.19000,0.84000,-255.00000,255.00000
0.05000,0.03000,0.98000,0.00000,0.00000,-0.19000,0.84000,-255.00000,255.00000
0.05000,0.03000,0.98000,0.00000,0.00000,-0.19000,0.84000,-255.00000,255.00000
0.05000,0.03000,0.98000,0.00000,0.00000,-0.19000,0.84000,-255.00000,255.00000
0.05000,0.03000,0.98000,0.00000,0.00000,-0.19000,0.84000,-255.00000,255.00000
0.05000,0.03000,0.98000,0.00000,0.00000,-0.19000,0.84000,-255.00000,255.00000
0.05000,0.03000,0.98000,0.00000,0.00000,-0.19000,0.84000,-255.00000,255.00000
0.05000,0.03000,0.98000,0.00000,0.00000,-0.19000,0.84000,-255.00000,255.00000
0.05000,0.03000,0.98000,0.00000,0.00000,-0.19000,0.84000,-255.00000,255.00000
0.05000,0.03000,0.98000,0.00000,0.00000,-0.19000,0.84000,-255.00000,255.00000
0.05000,0.03000,0.98000,0.00000,0.00000,-0.19000,0.84000,-255.00000,255.00000
0.05000,0.03000,0.98000,0.00000,0.00000,-0.19000,0.84000,-255.00000,255.00000
0.05000,0.03000,0.98000,0.00000,0.00000,-0.19000,0.84000,-255.00000,255.00000
0.05000,0.03000,0.98000,0.00000,0.00000,-0.19000,0.84000,-255.00000,255.00000
0.05000,0.03000,0.98000,0.00000,0.00000,-0.19000,0.84000,-255.00000,255.00000
0.05000,0.03000,0.98000,0.00000,0.00000,-0.19000,0.84000,-255.00000,255.00000
0.05000,0.03000,0.98000,0.00000,0.00000,-0.19000,0.84000,-255.00000,255.00000
0.05000,0.03000,0.98000,0.00000,0.00000,-0.19000,0.84000,-255.00000,255.00000
0.05000,0.03000,0.98000,0.00000,0.00000,-0.19000,0.84000,-255.00000,255.00000
0.05000,0.03000,0.98000,0.00000,0.00000,-0.19000,0.84000,-255.00000,255.00000
0.05000,0.03000,0.98000,0.00000,0.00000,-0.19000,0.84000,-255.00000,255.00000
0.05000,0.03000,0.98000,0.00000,0.00000,-0.19000,0.84000,-255.00000,255.00000
0.05000,0.03000,0.98000,0.00000,0.00000,-0.19000,0.84000,-255.00000,255.00000
0.05000,0.03000,0.98000,0.00000,0.00000,-0.19000,0.84000,-255.00000,255.00000
0.05000,0.03000,0.98000,0.00000,0.00000,-0.19000,0.84000,-255.00000,255.00000
0.05000,0.03000,0.98000,0.00000,0.00000,-0.19000,0.84000,-255.00000,255.00000
0.05000,0.03000,0.98000,0.00000,0.00000,-0.19000,0.84000,-255.00000,255.00000
0.05000,0.03000,0.98000,0.00000,0.00000,-0.19000,0.84000,-255.00000,255.00000
0.05000,0.03000,0.98000,0.00000,0.00000,-0.19000,0.84000,-255.00000,255.00000
0.05000,0.03000,0.98000,0.00000,0.00000,-0.19000,0.84000,-255.00000,255.00000
0.05000,0.03000,0.98000,0.00000,0.00000,-0.19000,0.84000,-255.00000,255.00000
0.05000,0.03000,0.98000,0.00000,0.00000,-0.19000,0.84000,-255.00000,255.00000
0.05000,0.03000,0.98000,0.00000,0.00000,-0.19000,0.84000,-255.00000,255.00000
0.05000,0.03000,0.98000,0.00000,0.00000,-0.19000,0.84000,-255.00000,255.00000
0.05000,0.03000,0.98000,0.00000,0.00000,-0.19000,0.84000,-255.00000,255.00000
0.05000,0.03000,0.98000,0.00000,0.00000,-0.19000,0.84000,-255.00000,255.00000
0.05000,0.03000,0.98000,0.00000,0.00000,-0.19000,0.84000,-255.00000,255.00000
0.05000,0.03000,0.98000,0.00000,0.00000,-0.19000,0.84000,-255.00000,255.00000
0.05000,0.03000,0.98000,0.00000,0.00000,-0.19000,0.84000,-255.00000,255.00000
0.05000,0.03000,0.98000,0.00000,0.00000,-0.19000,0.84000,-255.00000,255.00000
0.05000,0.03000,0.98000,0.00000,0.00000,-0.19000,0.84000,-255.00000,255.00000
0.05000,0.03000,0.98000,0.00000,0.00000,-0.19000,0.84000,-255.00000,255.00000
0.05000,0.03000,0.98000,0.00000,0.00000,-0.19000,0.84000,-255.00000,255.00000
0.05000,0.03000,0.98000,0.00000,0.00000,-0.19000,0.84000,-255.00000,255.00000
0.05000,0.03000,0.98000,0.00000,0.00000,-0.19000,0.84000,-255.00000,255.00000
0.05000,0.03000,0.98000,0.00000,0.00000,-0.19000,0.84000,-255.00000,255.00000
0.05000,0.03000,0.98000,0.00000,0.00000,-0.19000,0.84000,-255.00000,255.00000
0.05000,0.03000,0.98000,0.00000,0.00000,-0.19000,0.84000,-255.00000,255.00000
0.05000,0.03000,0.98000,0.00000,0.00000,-0.19000,0.84000,-255.00000,255.00000
0.05000,0.03000,0.98000,0.00000,0.00000,-0.19000,0.84000,-255.00000,255.00000
0.05000,0.03000,0.98000,0.00000,0.00000,-0.19000,0.84000,-255.00000,255.00000
0.05000,0.03000,0.98000,0.00000,0.00000,-0.19000,0.84000,-255.00000,255.00000
0.05000,0.03000,0.98000,0.00000,0.00000,-0.19000,0.84000,-255.00000,255.00000
0.05000,0.03000,0.98000,0.00000,0.00000,-0.19000,0.84000,-255.00000,255.00000
0.05000,0.03000,0.98000,0.00000,0.00000,-0.19000,0.84000,-255.00000,255.00000
0.05000,0.03000,0.98000,0.00000,0.00000,-0.19000,0.84000,-255.00000,255.00000
0.05000,0.03000,0.98000,0.00000,0.00000,-0.19000,0.84000,-255.00000,255.00000
0.05000,0.03000,0.98000,0.00000,0.00000,-0.19000,0.84000,-255.00000,255.00000
0.05000,0.03000,0.98000,0.00000,0.00000,-0.19000,0.84000,-255.00000,255.00000
0.05000,0.03000,0.98000,0.00000,0.00000,-0.19000,0.84000,-255.00000,255.00000
0.05000,0.03000,0.98000,0.00000,0.00000,-0.19000,0.84000,-255.00000,255.00000
0.05000,0.03000,0.98000,0.00000,0.00000,-0.19000,0.84000,-255.00000,255.00000
0.05000,0.03000,0.98000,0.00000,0.00000,-0.19000,0.84000,-255.00000,255.00000
0.05000,0.03000,0.98000,0.00000,0.00000,-0.19000,0.84000,-255.00000,255.00000
0.05000,0.03000,0.98000,0.00000,0.00000,-0.19000,0.84000,-255.00000,255.00000
0.05000,0.03000,0.98000,0.00000,0.00000,-0.19000,0.84000,-255.00000,255.00000
0.05000,0.03000,0.98000,0.00000,0.00000,-0.19000,0.84000,-255.00000,255.00000
0.05000,0.03000,0.98000,0.00000,0.00000,-0.19000,0.84000,-255.00000,255.00000
0.05000,0.03000,0.98000,0.00000,0.00000,-0.19000,0.84000,-255.00000,255.00000
0.05000,0.03000,0.98000,0.00000,0.00000,-0.19000,0.84000,-255.00000,255.00000
0.05000,0.03000,0.98000,0.00000,0.00000,-0.19000,0.84000,-255.00000,255.00000
0.05000,0.03000,0.98000,0.00000,0.00000,-0.19000,0.84000,-255.00000,255.00000
0.05000,0.03000,0.98000,0.00000,0.00000,-0.19000,0.84000,-255.00000,255.00000
0.05000,0.03000,0.98000,0.00000,0.00000,-0.19000,0.84000,-255.00000,255.00000
0.05000,0.03000,0.98000,0.00000,0.00000,-0.19000,0.84000,-255.00000,255.00000
0.05000,0.03000,0.98000,0.00000,0.00000,-0.19000,0.84000,-255.00000,255.00000
0.05000,0.03000,0.98000,0.00000,0.00000,-0.19000,0.84000,-255.00000,255.00000
0.05000,0.03000,0.98000,0.00000,0.00000,-0.19000,0.84000,-255.00000,255.00000
0.05000,0.03000,0.98000,0.00000,0.00000,-0.19000,0.84000,-255.00000,255.00000
0.05000,0.03000,0.98000,0.00000,0.00000,-0.19000,0.84000,-255.00000,255.00000
0.05000,0.03000,0.98000,0.00000,0.00000,-0.19000,0.84000,-255.00000,255.00000
0.05000,0.03000,0.98000,0.00000,0.00000,-0.19000,0.84000,-255.00000,255.00000
0.05000,0.03000,0.98000,0.00000,0.00000,-0.19000,0.84000,-255.00000,255.00000
0.05000,0.03000,0.98000,0.00000,0.00000,-0.19000,0.84000,-255.00000,255.00000
0.05000,0.03000,0.98000,0.00000,0.00000,-0.19000,0.84000,-255.00000,255.00000
0.05000,0.03000,0.98000,0.00000,0.00000,-0.19000,0.84000,-255.00000,255.00000
0.05000,0.03000,0.98000,0.00000,0.00000,-0.19000,0.84000,-255.00000,255.00000
0.05000,0.03000,0.98000,0.00000,0.00000,-0.19000,0.84000,-255.00000,255.00000
0.05000,0.03000,0.98000,0.00000,0.00000,-0.19000,0.84000,-255.00000,255.00000
0.05000,0.03000,0.98000,0.00000,0.00000,-0.19000,0.84000,-255.00000,255.00000
0.05000,0.03000,0.98000,0.00000,0.00000,-0.19000,0.84000,-255.00000,255.00000
0.05000,0.03000,0.98000,0.00000,0.00000,-0.19000,0.84000,-255.00000,255.00000
0.05000,0.03000,0.98000,0.00000,0.00000,-0.19000,0.84000,-255.00000,255.00000
0.05000,0.03000,0.98000,0.00000,0.00000,-0.19000,0.84000,-255.00000,255.00000
0.05000,0.03000,0.98000,0.00000,0.00000,-0.19000,0.84000,-255.00000,255.00000
0.05000,0.03000,0.98000,0.00000,0.00000,-0.19000,0.84000,-255.00000,255.00000
0.05000,0.03000,0.98000,0.00000,0.00000,-0.19000,0.84000,-255.00000,255.00000
0.05000,0.03000,0.98000,0.00000,0.00000,-0.19000,0.84000,-255.00000,255.00000
0.05000,0.03000,0.98000,0.00000,0.00000,-0.19000,0.84000,-255.00000,255.00000
0.05000,0.03000,0.98000,0.00000,0.00000,-0.19000,0.84000,-255.00000,255.00000
0.05000,0.03000,0.98000,0.00000,0.00000,-0.19000,0.84000,-255.00000,255.00000
0.05000,0.03000,0.98000,0.00000,0.00000,-0.19000,0.84000,-255.00000,255.00000
0.05000,0.03000,0.98000,0.00000,0.00000,-0.19000,0.84000,-255.00000,255.00000
0.05000,0.03000,0.98000,0.00000,0.00000,-0.19000,0.84000,-255.00000,255.00000
0.05000,0.03000,0.98000,0.00000,0.00000,-0.19000,0.84000,-255.00000,255.00000
0.05000,0.03000,0.98000,0.00000,0.00000,-0.19000,0.84000,-255.00000,255.00000
0.05000,0.03000,0.98000,0.00000,0.00000,-0.19000,0.84000,-255.00000,255.00000
0.05000,0.03000,0.98000,0.00000,0.00000,-0.19000,0.84000,-255.00000,255.00000
0.05000,0.03000,0.98000,0.00000,0.00000,-0.19000,0.84000,-255.00000,255.00000
0.05000,0.03000,0.98000,0.00000,0.00000,-0.19000,0.84000,-255.00000,255.00000
0.05000,0.03000,0.98000,0.00000,0.00000,-0.19000,0.84000,-255.00000,255.00000
0.05000,0.03000,0.98000,0.00000,0.00000,-0.19000,0.84000,-255.00000,255.00000
0.05000,0.03000,0.98000,0.00000,0.00000,-0.19000,0.84000,-255.00000,255.00000
0.05000,0.03000,0.98000,0.00000,0.00000,-0.19000,0.84000,-255.00000,255.00000
0.05000,0.03000,0.98000,0.00000,0.00000,-0.19000,0.84000,-255.00000,255.00000
0.05000,0.03000,0.98000,0.00000,0.00000,-0.19000,0.84000,-255.00000,255.00000
0.05000,0.03000,0.98000,0.00000,0.00000,-0.19000,0.84000,-255.00000,255.00000
0.05000,0.03000,0.98000,0.00000,0.00000,-0.19000,0.84000,-255.00000,255.00000
0.05000,0.03000,0.98000,0.00000,0.00000,-0.19000,0.84000,-255.00000,255.00000
0.05000,0.03000,0.98000,0.00000,0.00000,-0.19000,0.84000,-255.00000,255.00000
0.05000,0.03000,0.98000,0.00000,0.00000,-0.19000,0.84000,-255.00000,255.00000
0.05000,0.03000,0.98000,0.00000,0.00000,-0.19000,0.84000,-255.00000,255.00000
0.05000,0.03000,0.98000,0.00000,0.00000,-0.19000,0.84000,-255.00000,255.00000
0.05000,0.03000,0.98000,0.00000,0.00000,-0.19000,0.84000,-255.00000,255.00000
0.05000,0.03000,0.98000,0.00000,0.00000,-0.19000,0.84000,-255.00000,255.00000
0.05000,0.03000,0.98000,0.00000,0.00000,-0.19000,0.84000,-255.00000,255.00000
0.05000,0.03000,0.98000,0.00000,0.00000,-0.19000,0.84000,-255.00000,255.00000
0.05000,0.03000,0.98000,0.00000,0.00000,-0.19000,0.84000,-255.00000,255.00000
0.05000,0.03000,0.98000,0.00000,0.00000,-0.19000,0.84000,-255.00000,255.00000
0.05000,0.03000,0.98000,0.00000,0.00000,-0.19000,0.84000,-255.00000,255.00000
0.05000,0.03000,0.98000,0.00000,0.00000,-0.19000,0.84000,-255.00000,255.00000
0.05000,0.03000,0.98000,0.00000,0.00000,-0.19000,0.84000,-255.00000,255.00000
0.05000,0.03000,0.98000,0.00000,0.00000,-0.19000,0.84000,-255.00000,255.00000
0.05000,0.03000,0.98000,0.00000,0.00000,-0.19000,0.84000,-255.00000,255.00000
0.05000,0.03000,0.98000,0.00000,0.00000,-0.19000,0.84000,-255.00000,255.00000
0.05000,0.03000,0.98000,0.00000,0.00000,-0.19000,0.84000,-255.00000,255.00000
0.05000,0.03000,0.98000,0.00000,0.00000,-0.19000,0.84000,-255.00000,255.00000
0.05000,0.03000,0.98000,0.00000,0.00000,-0.19000,0.84000,-255.00000,255.00000
0.05000,0.03000,0.98000,0.00000,0.00000,-0.19000,0.84000,-255.00000,255.00000
0.05000,0.03000,0.98000,0.00000,0.00000,-0.19000,0.84000,-255.00000,255.00000
0.05000,0.03000,0.98000,0.00000,0.00000,-0.19000,0.84000,-255.00000,255.00000
0.05000,0.03000,0.98000,0.00000,0.00000,-0.19000,0.84000,-255.00000,255.00000
0.05000,0.03000,0.98000,0.00000,0.00000,-0.19000,0.84000,-255.00000,255.00000
0.05000,0.03000,0.98000,0.00000,0.00000,-0.19000,0.84000,-255.00000,255.00000
0.05000,0.03000,0.98000,0.00000,0.00000,-0.19000,0.84000,-255.00000,255.00000
0.05000,0.03000,0.98000,0.00000,0.00000,-0.19000,0.84000,-255.00000,255.00000
0.05000,0.03000,0.98000,0.00000,0.00000,-0.19000,0.84000,-255.00000,255.00000
0.05000,0.03000,0.98000,0.00000,0.00000,-0.19000,0.84000,-255.00000,255.00000
0.05000,0.03000,0.98000,0.00000,0.00000,-0.19000,0.84000,-255.00000,255.00000
0.05000,0.03000,0.98000,0.00000,0.00000,-0.19000,0.84000,-255.00000,255.00000
