0.00000,0.73000,0.00000,0.00000,0.00000,-0.00000,0.00000,-0.00000,0.00000
0.00000,0.73000,0.00000,0.00000,0.00000,3.28000,3.28000,-0.00000,0.00000
0.00000,0.73000,0.00000,0.00000,0.00000,-0.94000,-2.18000,-14.16000,-32.73000
0.00000,0.73000,0.00000,0.00000,0.00000,-0.94000,-2.18000,-14.16000,-32.73000
0.00000,0.73000,0.00000,0.00000,0.00000,-0.94000,-2.18000,-19.83000,-45.83000
0.00000,0.73000,0.00000,0.00000,0.00000,-0.94000,-2.18000,-19.83000,-45.83000
-0.00000,0.73000,0.00000,0.00000,-0.02000,-0.94000,-2.18000,-25.49000,-58.92000
-0.00000,0.73000,0.00000,0.00000,-0.10000,-0.94000,-2.18000,-25.49000,-58.92000
-0.00000,0.73000,0.00000,0.00000,0.00000,-0.94000,-2.18000,-31.17000,-70.44000
-0.00000,0.73000,0.00000,0.00000,0.00000,-0.94000,-2.18000,-31.17000,-70.44000
-0.00000,0.73000,0.00000,0.00000,0.00000,-0.94000,-2.18000,-36.84000,-84.47000
-0.00000,0.73000,0.00000,0.00000,0.00000,-0.94000,-2.18000,-36.84000,-84.47000
-0.00000,0.73000,0.00000,-0.02000,0.00000,-0.94000,-2.18000,-42.51000,-97.55000
-0.00000,0.73000,0.00000,-0.02000,-0.08000,-0.94000,-2.18000,-42.51000,-97.55000
-0.00000,0.73000,0.00000,0.00000,-0.08000,-0.95000,-2.18000,-47.87000,-109.39000
-0.00000,0.73000,0.00000,-0.08000,-0.08000,-0.95000,-2.18000,-47.87000,-109.39000
-0.00000,0.73000,0.01000,-0.04000,-0.12000,-0.95000,-2.18000,-52.49000,-121.97000
-0.00000,0.73000,0.02000,0.00000,-0.79000,-0.95000,-2.18000,-52.49000,-121.97000
-0.00000,0.73000,0.06000,0.00000,-2.05000,-0.95000,-2.17000,-58.98000,-123.86000
-0.01000,0.73000,0.10000,-0.33000,-2.80000,-0.97000,-2.16000,-58.98000,-123.86000
-0.01000,0.73000,0.15000,-0.79000,-3.17000,-0.99000,-2.14000,-60.24000,-101.50000
-0.02000,0.73000,0.17000,-1.16000,-2.80000,-1.00000,-2.12000,-60.24000,-101.50000
-0.02000,0.73000,0.19000,-1.45000,-2.28000,-1.01000,-2.11000,-52.12000,-97.07000
-0.02000,0.73000,0.20000,-1.35000,-1.87000,-1.02000,-2.11000,-52.12000,-97.07000
-0.03000,0.73000,0.20000,-1.18000,-1.45000,-1.04000,-2.11000,-48.87000,-106.88000
-0.03000,0.73000,0.21000,-1.00000,-1.58000,-1.09000,-2.11000,-48.87000,-106.88000
-0.03000,0.73000,0.23000,-0.75000,-1.78000,-1.64000,-2.25000,-61.24000,-114.75000
-0.04000,0.73000,0.25000,-0.93000,-2.07000,-3.09000,-3.13000,-61.24000,-114.75000
-0.04000,0.73000,0.27000,-1.31000,-2.32000,-3.20000,-3.17000,-89.52000,-125.23000
-0.04000,0.72000,0.28000,-2.16000,-2.61000,-2.37000,-2.00000,-89.52000,-125.23000
-0.05000,0.72000,0.28000,-3.11000,-3.01000,-2.14000,-1.25000,-68.90000,-94.88000
-0.06000,0.72000,0.27000,-3.32000,-2.57000,-2.16000,-1.32000,-68.90000,-94.88000
-0.06000,0.72000,0.24000,-3.15000,-1.89000,-2.70000,-2.62000,-59.63000,-107.82000
-0.07000,0.72000,0.23000,-2.66000,-1.78000,-3.27000,-3.29000,-59.63000,-107.82000
-0.07000,0.72000,0.22000,-2.24000,-1.97000,-2.89000,-2.94000,-68.74000,-124.69000
-0.08000,0.72000,0.22000,-2.26000,-2.39000,-2.56000,-2.65000,-68.74000,-124.69000
-0.08000,0.71000,0.23000,-2.39000,-2.99000,-2.71000,-2.77000,-73.35000,-120.16000
-0.09000,0.71000,0.25000,-2.57000,-3.19000,-3.16000,-3.19000,-73.35000,-120.16000
-0.10000,0.71000,0.25000,-2.78000,-3.15000,-3.29000,-3.27000,-80.10000,-117.72000
-0.10000,0.71000,0.25000,-3.13000,-3.05000,-3.21000,-3.18000,-80.10000,-117.72000
-0.11000,0.71000,0.25000,-3.38000,-3.05000,-3.23000,-3.21000,-75.17000,-119.44000
-0.12000,0.71000,0.24000,-3.44000,-3.09000,-3.29000,-3.27000,-75.17000,-119.44000
-0.12000,0.70000,0.23000,-3.44000,-3.09000,-3.23000,-3.26000,-71.10000,-120.57000
-0.13000,0.70000,0.23000,-3.36000,-3.18000,-3.10000,-3.13000,-71.10000,-120.57000
-0.14000,0.70000,0.23000,-3.15000,-3.28000,-2.97000,-3.01000,-67.10000,-116.58000
-0.15000,0.70000,0.23000,-2.99000,-3.17000,-3.05000,-3.08000,-67.10000,-116.58000
-0.15000,0.70000,0.24000,-2.82000,-3.11000,-3.14000,-3.17000,-72.92000,-118.00000
-0.16000,0.70000,0.25000,-2.76000,-3.15000,-3.23000,-3.26000,-72.92000,-118.00000
-0.16000,0.69000,0.25000,-2.84000,-3.24000,-3.29000,-3.26000,-79.51000,-119.70000
-0.17000,0.69000,0.26000,-3.05000,-3.17000,-3.20000,-3.17000,-79.51000,-119.70000
-0.18000,0.69000,0.26000,-3.26000,-3.22000,-3.14000,-3.10000,-76.05000,-117.66000
-0.19000,0.69000,0.26000,-3.28000,-3.24000,-3.15000,-3.12000,-76.05000,-117.66000
-0.19000,0.69000,0.25000,-3.26000,-3.13000,-3.16000,-3.13000,-73.53000,-116.71000
-0.20000,0.69000,0.25000,-3.26000,-3.05000,-3.21000,-3.18000,-73.53000,-116.71000
-0.21000,0.68000,0.25000,-3.15000,-3.07000,-3.26000,-3.24000,-74.65000,-120.45000
-0.21000,0.68000,0.25000,-3.07000,-3.11000,-3.28000,-3.25000,-74.65000,-120.45000
-0.22000,0.68000,0.25000,-3.13000,-3.13000,-3.27000,-3.24000,-77.60000,-120.75000
-0.23000,0.68000,0.25000,-3.26000,-3.17000,-3.27000,-3.24000,-77.60000,-120.75000
-0.23000,0.68000,0.25000,-3.32000,-3.26000,-3.28000,-3.26000,-76.15000,-120.78000
-0.24000,0.68000,0.24000,-3.38000,-3.17000,-3.29000,-3.26000,-76.15000,-120.78000
-0.25000,0.67000,0.24000,-3.42000,-3.11000,-3.27000,-3.29000,-74.20000,-121.80000
-0.26000,0.67000,0.23000,-3.32000,-3.24000,-3.20000,-3.23000,-74.20000,-121.80000
-0.26000,0.67000,0.24000,-3.20000,-3.36000,-3.17000,-3.20000,-72.95000,-120.15000
-0.27000,0.67000,0.24000,-3.20000,-3.28000,-3.22000,-3.25000,-72.95000,-120.15000
-0.28000,0.67000,0.24000,-3.09000,-3.32000,-3.24000,-3.26000,-74.93000,-120.27000
-0.28000,0.66000,0.25000,-3.05000,-3.36000,-3.27000,-3.29000,-74.93000,-120.27000
-0.29000,0.66000,0.25000,-3.07000,-3.32000,-3.27000,-3.24000,-77.83000,-118.61000
-0.30000,0.66000,0.25000,-3.24000,-3.24000,-3.19000,-3.16000,-77.83000,-118.61000
-0.30000,0.66000,0.25000,-3.28000,-3.15000,-3.19000,-3.16000,-75.12000,-118.48000
-0.31000,0.66000,0.25000,-3.30000,-3.15000,-3.22000,-3.20000,-75.12000,-118.48000
-0.32000,0.66000,0.24000,-3.34000,-3.11000,-3.26000,-3.23000,-74.98000,-120.39000
-0.33000,0.65000,0.24000,-3.32000,-3.11000,-3.29000,-3.27000,-74.98000,-120.39000
-0.33000,0.65000,0.24000,-3.24000,-3.24000,-3.26000,-3.29000,-74.47000,-122.31000
-0.34000,0.65000,0.24000,-3.22000,-3.28000,-3.26000,-3.29000,-74.47000,-122.31000
-0.35000,0.65000,0.24000,-3.28000,-3.34000,-3.27000,-3.29000,-75.74000,-120.93000
-0.35000,0.65000,0.25000,-3.26000,-3.38000,-3.27000,-3.29000,-75.74000,-120.93000
-0.36000,0.65000,0.25000,-3.22000,-3.38000,-3.29000,-3.26000,-75.78000,-119.06000
-0.37000,0.64000,0.25000,-3.26000,-3.22000,-3.26000,-3.24000,-75.78000,-119.06000
-0.38000,0.64000,0.25000,-3.24000,-3.17000,-3.27000,-3.24000,-75.65000,-120.50000
-0.38000,0.64000,0.25000,-3.17000,-3.20000,-3.28000,-3.25000,-75.65000,-120.50000
-0.39000,0.64000,0.25000,-3.13000,-3.22000,-3.27000,-3.25000,-77.01000,-121.02000
-0.40000,0.64000,0.25000,-3.24000,-3.15000,-3.25000,-3.22000,-77.01000,-121.02000
-0.40000,0.63000,0.24000,-3.28000,-3.11000,-3.26000,-3.24000,-76.56000,-121.84000
-0.41000,0.63000,0.24000,-3.28000,-3.22000,-3.29000,-3.26000,-76.56000,-121.84000
-0.42000,0.63000,0.24000,-3.32000,-3.24000,-3.29000,-3.27000,-76.53000,-121.85000
-0.42000,0.63000,0.24000,-3.40000,-3.30000,-3.27000,-3.30000,-76.53000,-121.85000
-0.43000,0.63000,0.24000,-3.32000,-3.40000,-3.26000,-3.29000,-74.30000,-121.23000
-0.44000,0.63000,0.24000,-3.28000,-3.36000,-3.27000,-3.29000,-74.30000,-121.23000
-0.45000,0.62000,0.24000,-3.28000,-3.28000,-3.29000,-3.27000,-75.79000,-119.94000
-0.45000,0.62000,0.24000,-3.22000,-3.26000,-3.29000,-3.27000,-75.79000,-119.94000
-0.46000,0.62000,0.24000,-3.13000,-3.20000,-3.29000,-3.27000,-76.78000,-120.90000
-0.47000,0.62000,0.24000,-3.15000,-2.93000,-3.28000,-3.26000,-76.78000,-120.90000
-0.47000,0.62000,0.23000,-3.24000,-2.78000,-3.27000,-3.29000,-77.84000,-126.35000
-0.48000,0.62000,0.23000,-3.24000,-3.03000,-3.17000,-3.20000,-77.84000,-126.35000
-0.49000,0.61000,0.23000,-3.30000,-3.36000,-1.02000,-2.11000,-43.57000,-109.19000
-0.49000,0.61000,0.24000,-2.70000,-3.13000,-1.02000,-2.11000,-43.57000,-109.19000
-0.50000,0.61000,0.26000,-1.60000,-2.80000,-1.04000,-2.11000,-38.58000,-102.07000
-0.50000,0.61000,0.29000,-0.77000,-2.57000,-2.23000,-2.46000,-38.58000,-102.07000
-0.50000,0.61000,0.33000,-0.21000,-2.32000,-3.23000,-3.20000,-90.50000,-120.78000
-0.51000,0.61000,0.36000,-1.04000,-2.45000,-2.11000,-1.04000,-90.50000,-120.78000
-0.51000,0.61000,0.36000,-2.53000,-2.82000,-2.11000,-1.01000,-84.42000,-93.58000
-0.52000,0.60000,0.34000,-3.22000,-2.28000,-2.11000,-1.01000,-84.42000,-93.58000
-0.53000,0.60000,0.30000,-3.71000,-1.54000,-2.11000,-1.02000,-58.13000,-87.50000
-0.53000,0.60000,0.26000,-3.42000,-1.12000,-2.56000,-2.44000,-58.13000,-87.50000
-0.53000,0.60000,0.23000,-2.66000,-0.60000,-2.84000,-2.89000,-59.37000,-125.49000
-0.54000,0.60000,0.21000,-2.24000,-1.20000,-1.02000,-2.11000,-59.37000,-125.49000
-0.54000,0.60000,0.22000,-1.95000,-2.43000,-1.01000,-2.11000,-46.18000,-123.17000
-0.55000,0.60000,0.24000,-1.45000,-3.05000,-1.01000,-2.11000,-46.18000,-123.17000
-0.55000,0.60000,0.29000,-0.91000,-3.28000,-1.14000,-2.12000,-52.50000,-101.07000
-0.56000,0.59000,0.33000,-0.83000,-3.05000,-3.28000,-3.25000,-52.50000,-101.07000
-0.56000,0.59000,0.36000,-0.85000,-2.55000,-2.11000,-1.05000,-74.51000,-79.49000
-0.56000,0.59000,0.36000,-1.39000,-1.70000,-2.11000,-1.01000,-74.51000,-79.49000
-0.57000,0.59000,0.34000,-2.18000,-0.64000,-2.12000,-1.01000,-73.89000,-87.07000
-0.57000,0.59000,0.29000,-2.64000,0.00000,-2.11000,-1.02000,-73.89000,-87.07000
-0.57000,0.59000,0.24000,-2.74000,-0.02000,-3.24000,-3.21000,-76.38000,-141.42000
-0.58000,0.59000,0.21000,-2.78000,-1.29000,-1.07000,-2.11000,-76.38000,-141.42000
-0.58000,0.59000,0.21000,-2.90000,-3.01000,-1.01000,-2.11000,-44.48000,-124.91000
-0.59000,0.59000,0.24000,-2.41000,-3.67000,-1.01000,-2.11000,-44.48000,-124.91000
-0.59000,0.58000,0.28000,-1.41000,-3.84000,-1.03000,-2.11000,-39.75000,-93.99000
-0.60000,0.58000,0.33000,-0.75000,-3.20000,-3.24000,-3.27000,-39.75000,-93.99000
-0.60000,0.58000,0.36000,-0.17000,-2.28000,-2.12000,-1.11000,-72.69000,-76.88000
-0.60000,0.58000,0.37000,-0.79000,-1.39000,-2.11000,-1.01000,-72.69000,-76.88000
-0.61000,0.58000,0.35000,-1.74000,-0.23000,-2.12000,-1.01000,-80.32000,-89.86000
-0.61000,0.58000,0.30000,-2.55000,0.00000,-2.11000,-1.02000,-80.32000,-89.86000
-0.61000,0.58000,0.24000,-3.17000,0.00000,-2.92000,-2.87000,-73.86000,-136.37000
-0.62000,0.58000,0.20000,-3.15000,-0.83000,-1.11000,-2.12000,-73.86000,-136.37000
-0.62000,0.58000,0.19000,-3.07000,-2.47000,-1.01000,-2.12000,-38.40000,-129.84000
-0.63000,0.57000,0.21000,-2.34000,-3.38000,-1.00000,-2.12000,-38.40000,-129.84000
-0.63000,0.57000,0.26000,-1.14000,-3.86000,-1.01000,-2.11000,-37.68000,-99.24000
-0.64000,0.57000,0.32000,-0.29000,-3.45000,-1.63000,-2.24000,-37.68000,-99.24000
-0.64000,0.57000,0.36000,0.00000,-2.70000,-2.42000,-2.13000,-81.62000,-90.94000
-0.64000,0.57000,0.38000,-1.04000,-2.01000,-2.11000,-1.01000,-81.62000,-90.94000
-0.65000,0.57000,0.37000,-2.24000,-1.39000,-2.12000,-1.01000,-78.72000,-87.66000
-0.65000,0.57000,0.33000,-2.91000,-0.87000,-2.11000,-1.01000,-78.72000,-87.66000
-0.66000,0.57000,0.28000,-3.28000,-0.71000,-2.11000,-1.05000,-56.99000,-99.42000
-0.66000,0.56000,0.24000,-2.90000,-0.54000,-3.26000,-3.29000,-56.99000,-99.42000
-0.66000,0.56000,0.22000,-2.24000,-1.12000,-1.05000,-2.11000,-36.31000,-121.32000
-0.67000,0.56000,0.23000,-1.41000,-1.91000,-1.01000,-2.11000,-36.31000,-121.32000
-0.67000,0.56000,0.27000,-0.41000,-2.80000,-1.02000,-2.11000,-47.14000,-110.16000
-0.67000,0.56000,0.32000,-0.12000,-2.91000,-2.98000,-3.02000,-47.14000,-110.16000
-0.68000,0.56000,0.37000,-0.04000,-2.78000,-2.15000,-1.29000,-81.09000,-84.11000
-0.68000,0.56000,0.39000,-1.02000,-2.07000,-2.12000,-1.01000,-81.09000,-84.11000
-0.68000,0.56000,0.37000,-2.32000,-1.16000,-2.13000,-1.00000,-79.47000,-82.56000
-0.69000,0.56000,0.33000,-2.99000,-0.75000,-2.12000,-1.01000,-79.47000,-82.56000
-0.69000,0.55000,0.27000,-3.38000,-0.02000,-2.11000,-1.03000,-56.25000,-96.54000
-0.70000,0.55000,0.21000,-3.11000,-0.02000,-3.05000,-3.09000,-56.25000,-96.54000
-0.70000,0.55000,0.17000,-2.43000,-0.10000,-1.01000,-2.11000,-32.69000,-125.29000
-0.70000,0.55000,0.16000,-1.43000,-0.91000,-1.00000,-2.13000,-32.69000,-125.29000
-0.70000,0.55000,0.20000,-0.39000,-2.26000,-0.99000,-2.13000,-44.99000,-124.77000
-0.71000,0.55000,0.25000,0.00000,-3.09000,-1.01000,-2.12000,-44.99000,-124.77000
-0.71000,0.55000,0.31000,0.00000,-3.47000,-1.23000,-2.14000,-67.45000,-99.55000
-0.71000,0.55000,0.37000,-0.04000,-3.01000,-2.42000,-2.14000,-67.45000,-99.55000
-0.72000,0.55000,0.40000,-0.77000,-2.39000,-2.12000,-1.01000,-87.46000,-78.12000
-0.72000,0.55000,0.39000,-1.97000,-1.62000,-2.13000,-1.00000,-87.46000,-78.12000
-0.72000,0.54000,0.34000,-3.09000,-0.58000,-2.13000,-1.00000,-71.11000,-86.82000
-0.73000,0.54000,0.29000,-3.44000,-0.44000,-2.11000,-1.02000,-71.11000,-86.82000
-0.73000,0.54000,0.23000,-3.20000,0.00000,-3.17000,-3.14000,-65.66000,-132.99000
-0.74000,0.54000,0.18000,-2.78000,-0.02000,-1.03000,-2.11000,-65.66000,-132.99000
-0.74000,0.54000,0.15000,-2.55000,-0.91000,-1.00000,-2.12000,-41.43000,-140.16000
-0.74000,0.54000,0.17000,-1.83000,-2.70000,-0.99000,-2.14000,-41.43000,-140.16000
-0.75000,0.54000,0.22000,-0.85000,-3.90000,-0.99000,-2.13000,-44.95000,-112.73000
-0.75000,0.54000,0.29000,-0.42000,-3.92000,-1.01000,-2.11000,-44.95000,-112.73000
-0.76000,0.54000,0.35000,-0.15000,-3.53000,-3.24000,-3.27000,-94.84000,-108.04000
-0.76000,0.54000,0.39000,-1.12000,-3.15000,-2.11000,-1.02000,-94.84000,-108.04000
-0.77000,0.53000,0.39000,-2.78000,-2.84000,-2.12000,-1.00000,-84.42000,-81.70000
-0.77000,0.53000,0.36000,-3.55000,-2.01000,-2.12000,-1.00000,-84.42000,-81.70000
-0.78000,0.53000,0.31000,-3.88000,-1.02000,-2.11000,-1.01000,-53.90000,-86.02000
-0.78000,0.53000,0.25000,-3.34000,-0.33000,-2.36000,-1.98000,-53.90000,-86.02000
-0.79000,0.53000,0.22000,-2.41000,-0.64000,-2.10000,-2.41000,-48.20000,-126.16000
-0.79000,0.53000,0.21000,-1.74000,-1.24000,-1.02000,-2.11000,-48.20000,-126.16000
-0.79000,0.52000,0.24000,-1.20000,-2.70000,-1.01000,-2.11000,-48.41000,-120.45000
-0.80000,0.52000,0.28000,-0.79000,-3.28000,-1.05000,-2.11000,-48.41000,-120.45000
-0.80000,0.52000,0.34000,-0.62000,-3.46000,-3.27000,-3.29000,-92.17000,-112.88000
-0.81000,0.52000,0.36000,-1.70000,-3.26000,-2.11000,-1.03000,-92.17000,-112.88000
-0.81000,0.52000,0.36000,-3.03000,-3.05000,-2.12000,-1.01000,-76.07000,-79.05000
-0.82000,0.52000,0.34000,-3.49000,-2.16000,-2.12000,-1.01000,-76.07000,-79.05000
-0.83000,0.51000,0.29000,-3.57000,-0.91000,-2.11000,-1.01000,-51.70000,-82.11000
-0.83000,0.51000,0.25000,-3.07000,-0.60000,-2.60000,-2.50000,-51.70000,-82.11000
-0.83000,0.51000,0.21000,-2.08000,-0.17000,-2.65000,-2.73000,-57.83000,-124.28000
-0.83000,0.51000,0.18000,-1.66000,-0.02000,-1.02000,-2.11000,-57.83000,-124.28000
-0.83000,0.51000,0.16000,-1.43000,0.00000,-1.01000,-2.12000,-51.80000,-136.63000
-0.84000,0.51000,0.15000,-1.06000,-0.81000,-1.00000,-2.13000,-51.80000,-136.63000
-0.84000,0.51000,0.19000,-0.75000,-2.68000,-0.99000,-2.13000,-56.68000,-137.58000
-0.85000,0.51000,0.24000,-0.79000,-3.71000,-1.01000,-2.12000,-56.68000,-137.58000
-0.85000,0.51000,0.30000,-0.89000,-4.34000,-1.04000,-2.11000,-61.08000,-101.58000
-0.86000,0.51000,0.35000,-1.06000,-3.94000,-3.09000,-3.05000,-61.08000,-101.58000
-0.86000,0.51000,0.38000,-1.37000,-3.03000,-2.11000,-1.01000,-74.56000,-72.11000
-0.87000,0.50000,0.38000,-1.93000,-1.78000,-2.12000,-1.00000,-74.56000,-72.11000
-0.87000,0.50000,0.35000,-2.51000,-0.60000,-2.13000,-1.00000,-68.04000,-86.69000
-0.87000,0.50000,0.30000,-2.68000,0.00000,-2.11000,-1.01000,-68.04000,-86.69000
-0.87000,0.50000,0.25000,-2.68000,-0.02000,-2.15000,-1.27000,-58.34000,-112.73000
-0.88000,0.50000,0.21000,-2.43000,0.00000,-3.14000,-3.17000,-58.34000,-112.73000
-0.88000,0.50000,0.17000,-1.95000,-0.15000,-1.02000,-2.11000,-41.98000,-132.93000
-0.88000,0.50000,0.18000,-1.31000,-1.66000,-1.01000,-2.12000,-41.98000,-132.93000
-0.89000,0.50000,0.23000,-0.58000,-3.11000,-1.01000,-2.12000,-50.14000,-120.89000
-0.89000,0.50000,0.28000,-0.35000,-3.57000,-1.02000,-2.11000,-50.14000,-120.89000
-0.89000,0.50000,0.34000,-0.35000,-3.55000,-3.20000,-3.23000,-95.63000,-111.70000
-0.90000,0.49000,0.37000,-1.68000,-3.22000,-2.11000,-1.03000,-95.63000,-111.70000
-0.91000,0.49000,0.37000,-3.17000,-2.93000,-2.14000,-1.24000,-76.88000,-85.04000
-0.91000,0.49000,0.34000,-3.61000,-2.30000,-2.20000,-1.48000,-76.88000,-85.04000
-0.92000,0.49000,0.30000,-3.57000,-1.45000,-3.20000,-3.17000,-66.50000,-115.79000
-0.92000,0.49000,0.27000,-3.34000,-1.58000,-1.78000,-2.29000,-66.50000,-115.79000
-0.93000,0.48000,0.26000,-2.88000,-2.37000,-1.02000,-2.11000,-35.38000,-115.99000
-0.93000,0.48000,0.28000,-1.97000,-2.74000,-1.01000,-2.11000,-35.38000,-115.99000
-0.94000,0.48000,0.32000,-0.83000,-3.03000,-1.02000,-2.11000,-41.99000,-101.73000
-0.94000,0.48000,0.36000,-0.19000,-2.86000,-2.72000,-2.79000,-41.99000,-101.73000
-0.94000,0.48000,0.41000,-0.02000,-2.41000,-2.32000,-1.86000,-82.54000,-92.41000
-0.95000,0.48000,0.43000,-1.02000,-1.97000,-2.11000,-1.01000,-82.54000,-92.41000
-0.95000,0.48000,0.41000,-2.32000,-1.33000,-2.12000,-1.01000,-79.91000,-86.95000
-0.95000,0.47000,0.37000,-2.97000,-0.89000,-2.11000,-1.01000,-79.91000,-86.95000
-0.96000,0.47000,0.33000,-3.20000,-0.75000,-2.14000,-1.23000,-57.58000,-100.69000
-0.96000,0.47000,0.28000,-2.86000,-0.15000,-3.20000,-3.22000,-57.58000,-100.69000
-0.96000,0.47000,0.24000,-2.26000,-0.06000,-1.02000,-2.11000,-37.35000,-127.07000
-0.97000,0.47000,0.24000,-1.33000,-1.60000,-1.00000,-2.12000,-37.35000,-127.07000
-0.97000,0.47000,0.29000,-0.42000,-2.86000,-1.01000,-2.12000,-49.11000,-117.27000
-0.97000,0.47000,0.34000,0.00000,-3.26000,-1.03000,-2.11000,-49.11000,-117.27000
-0.98000,0.47000,0.40000,0.00000,-3.34000,-3.21000,-3.18000,-100.19000,-111.45000
-0.98000,0.47000,0.43000,-1.54000,-3.13000,-2.11000,-1.01000,-100.19000,-111.45000
-0.99000,0.46000,0.42000,-3.32000,-2.78000,-2.12000,-1.00000,-80.10000,-80.17000
-1.00000,0.46000,0.39000,-3.96000,-1.95000,-2.12000,-1.01000,-80.10000,-80.17000
-1.00000,0.46000,0.33000,-4.00000,-0.93000,-2.11000,-1.02000,-46.96000,-85.36000
-1.00000,0.46000,0.28000,-3.28000,-0.52000,-3.28000,-3.26000,-46.96000,-85.36000
-1.01000,0.46000,0.25000,-2.18000,-0.29000,-1.03000,-2.11000,-30.01000,-117.55000
-1.01000,0.46000,0.23000,-1.08000,0.00000,-1.01000,-2.12000,-30.01000,-117.55000
-1.01000,0.46000,0.23000,-0.08000,-0.02000,-1.00000,-2.12000,-49.03000,-135.12000
-1.01000,0.46000,0.23000,-0.12000,0.00000,-1.00000,-2.12000,-49.03000,-135.12000
-1.01000,0.46000,0.22000,-0.02000,0.00000,-1.00000,-2.12000,-62.86000,-147.88000
-1.01000,0.46000,0.22000,0.00000,0.00000,-1.00000,-2.13000,-62.86000,-147.88000
-1.01000,0.46000,0.22000,0.00000,0.00000,-1.00000,-2.13000,-69.98000,-160.63000
-1.01000,0.46000,0.22000,0.00000,0.00000,-1.00000,-2.13000,-69.98000,-160.63000
-1.01000,0.46000,0.22000,-0.25000,0.00000,-1.00000,-2.13000,-75.98000,-173.38000
-1.01000,0.45000,0.21000,-0.75000,0.00000,-1.00000,-2.13000,-75.98000,-173.38000
-1.01000,0.45000,0.19000,-1.20000,0.00000,-0.99000,-2.13000,-70.64000,-186.25000
-1.01000,0.45000,0.16000,-1.33000,0.00000,-0.98000,-2.14000,-70.64000,-186.25000
-1.01000,0.45000,0.14000,-1.20000,0.00000,-0.97000,-2.15000,-63.08000,-199.35000
-1.02000,0.45000,0.12000,-1.08000,0.00000,-0.96000,-2.16000,-63.08000,-199.35000
-1.02000,0.45000,0.10000,-0.85000,0.00000,-0.95000,-2.17000,-64.39000,-212.54000
-1.02000,0.45000,0.09000,-0.66000,0.00000,-0.95000,-2.18000,-64.39000,-212.54000
-1.02000,0.45000,0.08000,-0.56000,0.00000,-0.94000,-2.18000,-69.70000,-225.75000
-1.02000,0.45000,0.07000,-0.60000,0.00000,-0.94000,-2.19000,-69.70000,-225.75000
-1.02000,0.45000,0.06000,-0.64000,0.00000,-0.93000,-2.19000,-72.18000,-238.96000
-1.02000,0.45000,0.05000,-0.62000,0.00000,-0.93000,-2.19000,-72.18000,-238.96000
-1.02000,0.45000,0.08000,-0.91000,-2.72000,-0.93000,-2.20000,-73.76000,-252.22000
-1.03000,0.45000,0.19000,-1.33000,-7.30000,-0.94000,-2.19000,-73.76000,-252.22000
-1.05000,0.45000,0.33000,-1.72000,-9.53000,-0.97000,-2.15000,-65.71000,-155.14000
-1.06000,0.45000,0.46000,-1.97000,-9.22000,-1.67000,-2.26000,-65.71000,-155.14000
-1.07000,0.44000,0.57000,-2.03000,-7.81000,-2.12000,-1.00000,-71.22000,-78.28000
-1.08000,0.44000,0.63000,-2.32000,-5.91000,-2.17000,-0.95000,-71.22000,-78.28000
-1.08000,0.43000,0.65000,-2.66000,-3.69000,-2.20000,-0.93000,-67.91000,-77.44000
-1.09000,0.43000,0.64000,-2.74000,-2.18000,-2.20000,-0.92000,-67.91000,-77.44000
-1.09000,0.43000,0.61000,-2.78000,-1.12000,-2.20000,-0.92000,-61.03000,-103.46000
-1.09000,0.42000,0.58000,-2.66000,-1.16000,-2.20000,-0.93000,-61.03000,-103.46000
-1.10000,0.42000,0.57000,-2.37000,-1.64000,-2.19000,-0.93000,-58.89000,-111.34000
-1.10000,0.42000,0.57000,-2.20000,-2.14000,-2.19000,-0.94000,-58.89000,-111.34000
-1.10000,0.42000,0.58000,-2.03000,-2.53000,-2.19000,-0.93000,-62.95000,-95.35000
-1.11000,0.41000,0.59000,-1.95000,-2.47000,-2.20000,-0.93000,-62.95000,-95.35000
-1.11000,0.41000,0.59000,-2.03000,-2.12000,-2.20000,-0.92000,-66.80000,-83.01000
-1.12000,0.41000,0.58000,-2.24000,-1.51000,-2.20000,-0.92000,-66.80000,-83.01000
-1.12000,0.41000,0.55000,-2.43000,-0.95000,-2.20000,-0.92000,-63.96000,-88.03000
-1.12000,0.40000,0.52000,-2.43000,-0.83000,-2.20000,-0.93000,-63.96000,-88.03000
-1.13000,0.40000,0.49000,-2.37000,-0.81000,-2.19000,-0.93000,-60.74000,-94.91000
-1.13000,0.40000,0.46000,-2.32000,-0.77000,-2.18000,-0.94000,-60.74000,-94.91000
-1.13000,0.40000,0.45000,-2.10000,-1.08000,-2.17000,-0.95000,-60.64000,-96.71000
-1.13000,0.40000,0.43000,-1.93000,-1.16000,-2.17000,-0.96000,-60.64000,-96.71000
-1.14000,0.40000,0.42000,-1.91000,-1.27000,-2.17000,-0.96000,-65.53000,-92.03000
-1.14000,0.39000,0.41000,-2.03000,-1.31000,-2.16000,-0.96000,-65.53000,-92.03000
-1.14000,0.39000,0.39000,-2.05000,-1.29000,-2.16000,-0.97000,-65.32000,-88.74000
-1.15000,0.39000,0.37000,-2.14000,-1.12000,-2.16000,-0.97000,-65.32000,-88.74000
-1.15000,0.39000,0.35000,-2.20000,-0.83000,-2.15000,-0.97000,-64.37000,-89.61000
-1.15000,0.39000,0.32000,-2.20000,-0.73000,-2.14000,-0.98000,-64.37000,-89.61000
-1.16000,0.39000,0.30000,-2.16000,-0.81000,-2.13000,-0.99000,-63.23000,-94.92000
-1.16000,0.39000,0.28000,-2.12000,-0.95000,-2.12000,-1.00000,-63.23000,-94.92000
-1.16000,0.39000,0.26000,-2.12000,-1.06000,-2.12000,-1.01000,-63.85000,-93.35000
-1.17000,0.39000,0.24000,-2.08000,-1.20000,-2.11000,-1.01000,-63.85000,-93.35000
-1.17000,0.38000,0.23000,-2.07000,-1.10000,-2.11000,-1.02000,-64.30000,-90.12000
-1.17000,0.38000,0.20000,-2.16000,-1.00000,-2.13000,-1.17000,-64.30000,-90.12000
-1.18000,0.38000,0.18000,-2.28000,-0.87000,-2.88000,-2.82000,-74.83000,-119.17000
-1.18000,0.38000,0.16000,-2.47000,-1.70000,-3.21000,-3.24000,-74.83000,-119.17000
-1.19000,0.38000,0.16000,-2.80000,-2.45000,-2.66000,-2.73000,-71.18000,-118.16000
-1.20000,0.38000,0.16000,-2.95000,-2.95000,-1.82000,-2.30000,-71.18000,-118.16000
-1.20000,0.38000,0.16000,-2.91000,-3.24000,-1.56000,-2.22000,-48.63000,-98.03000
-1.21000,0.38000,0.18000,-2.41000,-3.01000,-1.84000,-2.31000,-48.63000,-98.03000
-1.21000,0.38000,0.19000,-1.70000,-2.51000,-2.68000,-2.75000,-65.28000,-100.71000
-1.22000,0.38000,0.20000,-1.58000,-2.30000,-3.20000,-3.23000,-65.28000,-100.71000
-1.22000,0.38000,0.21000,-1.83000,-2.18000,-3.26000,-3.24000,-88.09000,-117.02000
-1.23000,0.37000,0.21000,-2.53000,-2.39000,-3.13000,-3.10000,-88.09000,-117.02000
-1.23000,0.37000,0.20000,-3.36000,-2.82000,-3.16000,-3.13000,-82.32000,-119.73000
-1.24000,0.37000,0.19000,-3.61000,-3.17000,-3.28000,-3.26000,-82.32000,-119.73000
-1.25000,0.37000,0.18000,-3.78000,-3.36000,-3.25000,-3.27000,-71.25000,-114.56000
-1.26000,0.37000,0.17000,-3.75000,-3.34000,-0.96000,-2.17000,-71.25000,-114.56000
-1.26000,0.37000,0.17000,-3.46000,-3.30000,-0.95000,-2.17000,-32.45000,-96.15000
-1.27000,0.37000,0.18000,-2.41000,-2.97000,-0.95000,-2.18000,-32.45000,-96.15000
-1.27000,0.37000,0.21000,-1.06000,-2.51000,-0.95000,-2.17000,-35.83000,-94.76000
-1.28000,0.36000,0.24000,-0.17000,-2.16000,-0.96000,-2.16000,-35.83000,-94.76000
-1.28000,0.36000,0.28000,0.00000,-1.91000,-0.97000,-2.15000,-61.07000,-101.76000
-1.28000,0.36000,0.30000,-0.44000,-1.87000,-0.99000,-2.14000,-61.07000,-101.76000
-1.28000,0.36000,0.32000,-1.04000,-1.83000,-1.00000,-2.12000,-62.26000,-105.69000
-1.29000,0.36000,0.33000,-1.35000,-2.03000,-1.01000,-2.12000,-62.26000,-105.69000
-1.29000,0.36000,0.34000,-1.56000,-2.24000,-1.01000,-2.12000,-52.11000,-104.61000
-1.30000,0.36000,0.36000,-1.54000,-2.28000,-1.01000,-2.11000,-52.11000,-104.61000
-1.30000,0.36000,0.38000,-1.35000,-2.39000,-1.02000,-2.11000,-47.41000,-101.22000
-1.30000,0.36000,0.40000,-1.04000,-2.39000,-1.16000,-2.13000,-47.41000,-101.22000
-1.31000,0.35000,0.43000,-0.73000,-2.30000,-3.01000,-3.05000,-81.71000,-112.82000
-1.31000,0.35000,0.45000,-1.49000,-2.45000,-3.05000,-3.01000,-81.71000,-112.82000
-1.32000,0.35000,0.45000,-2.49000,-2.68000,-2.21000,-1.52000,-74.69000,-92.94000
-1.32000,0.35000,0.44000,-2.95000,-2.43000,-2.14000,-1.25000,-74.69000,-92.94000
-1.33000,0.35000,0.42000,-3.07000,-1.89000,-2.37000,-1.99000,-59.53000,-94.75000
-1.33000,0.34000,0.39000,-2.90000,-1.49000,-3.24000,-3.22000,-59.53000,-94.75000
-1.33000,0.34000,0.38000,-2.41000,-1.49000,-2.78000,-2.84000,-62.87000,-118.83000
-1.34000,0.34000,0.37000,-2.12000,-1.87000,-1.25000,-2.14000,-62.87000,-118.83000
-1.34000,0.34000,0.38000,-2.01000,-2.61000,-1.09000,-2.11000,-48.59000,-110.42000
-1.35000,0.34000,0.41000,-1.60000,-2.97000,-1.58000,-2.23000,-48.59000,-110.42000
-1.35000,0.33000,0.44000,-1.02000,-3.07000,-3.21000,-3.24000,-81.99000,-112.24000
-1.36000,0.33000,0.47000,-1.51000,-3.01000,-2.26000,-1.68000,-81.99000,-112.24000
-1.36000,0.33000,0.48000,-2.49000,-2.91000,-2.11000,-1.02000,-76.37000,-79.97000
-1.37000,0.33000,0.47000,-2.95000,-2.20000,-2.11000,-1.01000,-76.37000,-79.97000
-1.37000,0.32000,0.43000,-3.15000,-1.18000,-2.11000,-1.02000,-58.45000,-80.19000
-1.38000,0.32000,0.38000,-2.95000,-0.23000,-2.72000,-2.65000,-58.45000,-80.19000
-1.38000,0.32000,0.34000,-2.49000,0.00000,-1.92000,-2.34000,-50.56000,-122.45000
-1.38000,0.32000,0.32000,-1.89000,-0.85000,-1.01000,-2.11000,-50.56000,-122.45000
-1.38000,0.32000,0.33000,-1.35000,-2.07000,-1.01000,-2.12000,-46.59000,-122.51000
-1.39000,0.32000,0.37000,-0.93000,-2.97000,-1.01000,-2.12000,-46.59000,-122.51000
-1.39000,0.32000,0.42000,-0.52000,-3.53000,-1.03000,-2.11000,-56.04000,-98.16000
-1.40000,0.31000,0.47000,-0.58000,-3.28000,-3.25000,-3.22000,-56.04000,-98.16000
-1.40000,0.31000,0.50000,-0.85000,-2.66000,-2.11000,-1.02000,-78.01000,-72.04000
-1.40000,0.31000,0.50000,-1.66000,-1.70000,-2.12000,-1.01000,-78.01000,-72.04000
-1.41000,0.31000,0.47000,-2.55000,-0.75000,-2.12000,-1.01000,-71.19000,-81.93000
-1.41000,0.31000,0.42000,-2.95000,-0.04000,-2.11000,-1.02000,-71.19000,-81.93000
-1.41000,0.31000,0.36000,-3.03000,0.00000,-3.18000,-3.15000,-70.53000,-134.80000
-1.42000,0.31000,0.33000,-2.90000,-0.81000,-1.05000,-2.11000,-70.53000,-134.80000
-1.42000,0.30000,0.32000,-2.74000,-2.57000,-1.01000,-2.12000,-40.02000,-126.46000
-1.43000,0.30000,0.35000,-2.05000,-3.55000,-1.01000,-2.12000,-40.02000,-126.46000
-1.43000,0.30000,0.40000,-1.06000,-4.00000,-1.01000,-2.11000,-41.47000,-93.11000
-1.44000,0.30000,0.46000,-0.42000,-3.59000,-2.90000,-2.95000,-41.47000,-93.11000
-1.44000,0.30000,0.51000,-0.04000,-2.72000,-2.12000,-1.11000,-76.35000,-68.78000
-1.44000,0.29000,0.52000,-0.71000,-1.56000,-2.12000,-1.01000,-76.35000,-68.78000
-1.45000,0.29000,0.49000,-1.89000,-0.19000,-2.13000,-1.00000,-82.34000,-82.79000
-1.45000,0.29000,0.44000,-2.72000,0.00000,-2.11000,-1.01000,-82.34000,-82.79000
-1.45000,0.29000,0.38000,-3.34000,0.00000,-2.24000,-1.61000,-62.34000,-111.95000
-1.45000,0.29000,0.33000,-3.26000,-0.02000,-1.82000,-2.30000,-62.34000,-111.95000
-1.46000,0.29000,0.29000,-2.70000,-0.71000,-1.01000,-2.12000,-32.92000,-128.94000
-1.46000,0.29000,0.30000,-1.74000,-2.22000,-0.99000,-2.13000,-32.92000,-128.94000
-1.47000,0.29000,0.35000,-0.52000,-3.34000,-0.99000,-2.13000,-41.91000,-108.75000
-1.47000,0.28000,0.41000,-0.04000,-3.46000,-1.01000,-2.11000,-41.91000,-108.75000
-1.47000,0.28000,0.47000,0.00000,-3.18000,-2.74000,-2.80000,-89.10000,-99.57000
-1.48000,0.28000,0.50000,-0.89000,-2.59000,-2.13000,-1.19000,-89.10000,-99.57000
-1.48000,0.28000,0.49000,-2.61000,-2.18000,-2.11000,-1.01000,-83.10000,-81.84000
-1.49000,0.28000,0.46000,-3.42000,-1.54000,-2.11000,-1.01000,-83.10000,-81.84000
-1.49000,0.27000,0.40000,-3.84000,-0.83000,-2.14000,-1.21000,-52.84000,-91.22000
-1.49000,0.27000,0.34000,-3.38000,-0.02000,-2.97000,-3.01000,-52.84000,-91.22000
-1.50000,0.27000,0.31000,-2.49000,-0.48000,-1.01000,-2.11000,-28.85000,-125.52000
-1.50000,0.27000,0.31000,-1.31000,-1.81000,-0.99000,-2.13000,-28.85000,-125.52000
-1.50000,0.27000,0.37000,-0.17000,-2.99000,-1.00000,-2.13000,-45.51000,-111.52000
-1.51000,0.27000,0.42000,-0.02000,-3.28000,-1.01000,-2.11000,-45.51000,-111.52000
-1.51000,0.27000,0.48000,-0.04000,-3.22000,-2.92000,-2.96000,-91.78000,-103.91000
-1.52000,0.26000,0.51000,-1.22000,-2.86000,-2.12000,-1.11000,-91.78000,-103.91000
-1.52000,0.26000,0.50000,-2.80000,-2.43000,-2.11000,-1.01000,-79.02000,-78.97000
-1.53000,0.26000,0.47000,-3.51000,-1.72000,-2.11000,-1.01000,-79.02000,-78.97000
-1.53000,0.26000,0.42000,-3.61000,-0.87000,-2.11000,-1.02000,-50.02000,-85.07000
-1.53000,0.25000,0.37000,-3.07000,-0.10000,-2.89000,-2.84000,-50.02000,-85.07000
-1.54000,0.25000,0.33000,-2.20000,0.00000,-1.39000,-2.18000,-37.42000,-122.51000
-1.54000,0.25000,0.31000,-1.20000,-0.15000,-0.99000,-2.14000,-37.42000,-122.51000
-1.54000,0.25000,0.33000,-0.25000,-1.58000,-0.98000,-2.15000,-49.17000,-133.86000
-1.54000,0.25000,0.38000,-0.17000,-2.93000,-0.99000,-2.14000,-49.17000,-133.86000
-1.55000,0.25000,0.45000,-0.02000,-3.86000,-1.01000,-2.12000,-63.85000,-103.72000
-1.55000,0.25000,0.51000,-0.50000,-3.67000,-3.01000,-3.05000,-63.85000,-103.72000
-1.55000,0.25000,0.54000,-1.08000,-2.95000,-2.11000,-1.06000,-80.42000,-71.83000
-1.56000,0.24000,0.54000,-1.93000,-1.76000,-2.11000,-1.01000,-80.42000,-71.83000
-1.56000,0.24000,0.50000,-2.78000,-0.35000,-2.11000,-1.01000,-68.67000,-84.05000
-1.56000,0.24000,0.46000,-2.84000,-0.54000,-2.19000,-1.44000,-68.67000,-84.05000
-1.57000,0.24000,0.41000,-2.78000,-0.06000,-3.18000,-3.21000,-72.08000,-130.85000
-1.57000,0.24000,0.37000,-2.76000,-0.83000,-1.02000,-2.11000,-72.08000,-130.85000
-1.58000,0.23000,0.37000,-2.72000,-2.41000,-1.01000,-2.12000,-42.75000,-126.21000
-1.58000,0.23000,0.38000,-2.18000,-3.20000,-1.00000,-2.12000,-42.75000,-126.21000
-1.59000,0.23000,0.43000,-1.29000,-3.67000,-1.01000,-2.12000,-40.99000,-98.43000
-1.59000,0.23000,0.48000,-0.62000,-3.40000,-1.05000,-2.11000,-40.99000,-98.43000
-1.59000,0.23000,0.53000,-0.08000,-2.74000,-3.26000,-3.23000,-91.09000,-105.59000
-1.60000,0.22000,0.55000,-1.27000,-2.34000,-2.11000,-1.02000,-91.09000,-105.59000
-1.60000,0.22000,0.53000,-2.82000,-2.22000,-2.11000,-1.01000,-80.04000,-87.12000
-1.61000,0.22000,0.50000,-3.49000,-1.78000,-2.11000,-1.01000,-80.04000,-87.12000
-1.61000,0.22000,0.46000,-3.71000,-1.08000,-2.14000,-1.25000,-52.29000,-91.10000
-1.62000,0.21000,0.41000,-3.30000,-0.75000,-3.12000,-3.15000,-52.29000,-91.10000
-1.62000,0.21000,0.38000,-2.49000,-0.87000,-1.02000,-2.11000,-30.16000,-116.30000
-1.62000,0.21000,0.38000,-1.35000,-1.33000,-1.01000,-2.12000,-30.16000,-116.30000
-1.63000,0.21000,0.42000,-0.25000,-2.24000,-1.01000,-2.12000,-45.56000,-115.94000
-1.63000,0.21000,0.47000,-0.06000,-2.76000,-1.02000,-2.11000,-45.56000,-115.94000
-1.63000,0.21000,0.52000,0.00000,-3.07000,-3.21000,-3.24000,-95.85000,-115.99000
-1.64000,0.21000,0.56000,-1.16000,-3.07000,-2.11000,-1.03000,-95.85000,-115.99000
-1.64000,0.20000,0.56000,-2.97000,-2.99000,-2.12000,-1.01000,-81.87000,-80.78000
-1.65000,0.20000,0.53000,-3.69000,-2.28000,-2.12000,-1.01000,-81.87000,-80.78000
-1.65000,0.20000,0.48000,-3.90000,-1.18000,-2.11000,-1.01000,-49.51000,-80.31000
-1.66000,0.19000,0.43000,-3.43000,-0.66000,-2.84000,-2.78000,-49.51000,-80.31000
-1.66000,0.19000,0.39000,-2.51000,0.00000,-1.64000,-2.25000,-36.99000,-115.45000
-1.66000,0.19000,0.36000,-1.45000,-0.02000,-1.01000,-2.11000,-36.99000,-115.45000
-1.66000,0.19000,0.35000,-0.52000,-0.21000,-1.00000,-2.12000,-46.26000,-132.76000
-1.66000,0.19000,0.39000,-0.15000,-1.85000,-1.00000,-2.13000,-46.26000,-132.76000
-1.67000,0.19000,0.44000,0.00000,-3.22000,-1.01000,-2.12000,-63.31000,-117.86000
-1.67000,0.19000,0.50000,-0.31000,-3.59000,-2.40000,-2.54000,-63.31000,-117.86000
-1.67000,0.18000,0.55000,-1.02000,-3.49000,-2.16000,-1.30000,-83.20000,-81.15000
-1.68000,0.18000,0.56000,-1.99000,-2.66000,-2.12000,-1.01000,-83.20000,-81.15000
-1.68000,0.18000,0.53000,-2.95000,-1.54000,-2.12000,-1.00000,-68.55000,-76.96000
-1.69000,0.18000,0.48000,-3.20000,-0.46000,-2.11000,-1.01000,-68.55000,-76.96000
-1.69000,0.18000,0.43000,-3.11000,-0.04000,-2.38000,-2.03000,-55.15000,-115.47000
-1.69000,0.17000,0.40000,-2.63000,-0.91000,-1.91000,-2.34000,-55.15000,-115.47000
-1.70000,0.17000,0.40000,-2.05000,-2.03000,-1.02000,-2.11000,-38.22000,-119.19000
-1.70000,0.17000,0.42000,-1.33000,-2.68000,-1.02000,-2.11000,-38.22000,-119.19000
-1.71000,0.17000,0.47000,-0.50000,-3.09000,-1.09000,-2.11000,-49.20000,-100.00000
-1.71000,0.17000,0.52000,0.00000,-3.03000,-3.27000,-3.24000,-49.20000,-100.00000
-1.71000,0.17000,0.57000,-0.19000,-2.55000,-2.11000,-1.02000,-82.95000,-74.89000
-1.71000,0.16000,0.57000,-1.20000,-1.60000,-2.12000,-1.00000,-82.95000,-74.89000
-1.72000,0.16000,0.54000,-2.43000,-0.44000,-2.13000,-1.00000,-77.85000,-83.96000
-1.72000,0.16000,0.49000,-2.90000,-0.48000,-2.12000,-1.01000,-77.85000,-83.96000
-1.72000,0.16000,0.44000,-3.20000,0.00000,-2.11000,-1.07000,-57.62000,-98.31000
-1.73000,0.16000,0.38000,-2.95000,0.00000,-3.02000,-3.06000,-57.62000,-98.31000
-1.73000,0.16000,0.34000,-2.26000,0.00000,-1.01000,-2.11000,-35.77000,-124.59000
-1.73000,0.16000,0.32000,-1.39000,-0.02000,-1.00000,-2.13000,-35.77000,-124.59000
-1.73000,0.16000,0.31000,-0.39000,-0.29000,-0.99000,-2.14000,-47.10000,-137.40000
-1.73000,0.16000,0.35000,0.00000,-1.93000,-0.99000,-2.14000,-47.10000,-137.40000
-1.74000,0.15000,0.41000,0.00000,-3.32000,-1.00000,-2.13000,-65.70000,-121.28000
-1.74000,0.15000,0.47000,-0.04000,-3.61000,-1.02000,-2.11000,-65.70000,-121.28000
-1.74000,0.15000,0.53000,-0.73000,-3.57000,-3.26000,-3.24000,-105.04000,-113.91000
-1.75000,0.15000,0.54000,-2.24000,-3.32000,-2.11000,-1.02000,-105.04000,-113.91000
-1.76000,0.14000,0.53000,-3.90000,-2.99000,-2.12000,-1.01000,-74.20000,-82.63000
-1.76000,0.14000,0.49000,-4.32000,-2.10000,-2.11000,-1.01000,-74.20000,-82.63000
-1.77000,0.14000,0.44000,-4.05000,-1.10000,-2.11000,-1.02000,-42.15000,-87.30000
-1.77000,0.13000,0.39000,-3.11000,-0.79000,-3.20000,-3.17000,-42.15000,-87.30000
-1.77000,0.13000,0.36000,-1.93000,-0.08000,-1.49000,-2.20000,-37.75000,-118.19000
-1.78000,0.13000,0.36000,-1.00000,-1.29000,-1.01000,-2.11000,-37.75000,-118.19000
-1.78000,0.13000,0.40000,-0.19000,-2.28000,-0.97000,-2.15000,-51.96000,-118.44000
-1.78000,0.13000,0.45000,-0.10000,-2.78000,-0.99000,-2.14000,-51.96000,-118.44000
-1.78000,0.13000,0.50000,-0.17000,-2.99000,-1.01000,-2.12000,-65.75000,-100.73000
-1.79000,0.13000,0.54000,-0.66000,-2.74000,-1.17000,-2.13000,-65.75000,-100.73000
-1.79000,0.13000,0.56000,-1.25000,-2.28000,-3.27000,-3.29000,-96.69000,-115.02000
-1.80000,0.12000,0.56000,-2.43000,-2.28000,-2.88000,-2.83000,-96.69000,-115.02000
-1.80000,0.12000,0.54000,-3.63000,-2.49000,-2.99000,-2.94000,-81.63000,-119.93000
-1.81000,0.12000,0.51000,-3.94000,-2.82000,-3.24000,-3.27000,-81.63000,-119.93000
-1.81000,0.11000,0.50000,-3.90000,-3.05000,-2.30000,-2.49000,-51.90000,-108.99000
-1.82000,0.11000,0.49000,-3.40000,-2.99000,-1.09000,-2.11000,-51.90000,-108.99000
-1.83000,0.10000,0.50000,-2.53000,-2.84000,-1.03000,-2.11000,-31.07000,-98.75000
-1.83000,0.10000,0.52000,-1.45000,-2.57000,-1.04000,-2.11000,-31.07000,-98.75000
-1.83000,0.10000,0.55000,-0.37000,-2.24000,-2.08000,-2.40000,-61.83000,-104.06000
-1.83000,0.10000,0.59000,0.00000,-2.10000,-3.24000,-3.21000,-61.83000,-104.06000
-1.84000,0.10000,0.62000,-0.48000,-2.12000,-2.11000,-1.05000,-87.81000,-89.88000
-1.84000,0.10000,0.62000,-1.68000,-1.70000,-2.11000,-1.01000,-87.81000,-89.88000
-1.84000,0.09000,0.59000,-2.99000,-1.10000,-2.11000,-1.01000,-75.34000,-88.97000
-1.85000,0.09000,0.54000,-3.42000,-0.71000,-2.11000,-1.05000,-75.34000,-88.97000
-1.85000,0.09000,0.48000,-3.47000,-0.35000,-3.26000,-3.28000,-68.93000,-133.83000
-1.86000,0.09000,0.44000,-3.32000,-1.22000,-1.02000,-2.11000,-68.93000,-133.83000
-1.86000,0.08000,0.44000,-3.11000,-2.74000,-1.00000,-2.12000,-35.69000,-124.13000
-1.87000,0.08000,0.46000,-2.20000,-3.44000,-1.00000,-2.13000,-35.69000,-124.13000
-1.87000,0.08000,0.51000,-1.00000,-3.71000,-1.01000,-2.12000,-38.64000,-96.19000
-1.88000,0.08000,0.56000,-0.25000,-3.22000,-1.04000,-2.11000,-38.64000,-96.19000
-1.88000,0.08000,0.61000,0.00000,-2.49000,-3.24000,-3.22000,-94.30000,-108.10000
-1.88000,0.07000,0.62000,-1.20000,-2.22000,-2.11000,-1.02000,-94.30000,-108.10000
-1.89000,0.07000,0.61000,-2.90000,-2.20000,-2.11000,-1.01000,-80.96000,-89.98000
-1.89000,0.07000,0.58000,-3.63000,-1.74000,-2.11000,-1.02000,-80.96000,-89.98000
-1.90000,0.06000,0.53000,-3.73000,-1.20000,-2.24000,-1.63000,-51.98000,-99.20000
-1.90000,0.06000,0.49000,-3.09000,-0.98000,-3.02000,-3.06000,-51.98000,-99.20000
-1.90000,0.06000,0.47000,-2.20000,-1.16000,-1.02000,-2.11000,-33.42000,-117.14000
-1.91000,0.06000,0.49000,-1.16000,-1.78000,-1.01000,-2.11000,-33.42000,-117.14000
-1.91000,0.06000,0.53000,-0.17000,-2.51000,-1.02000,-2.11000,-49.84000,-111.82000
-1.91000,0.05000,0.58000,0.00000,-2.70000,-2.43000,-2.55000,-49.84000,-111.82000
-1.91000,0.05000,0.63000,0.00000,-2.68000,-2.50000,-2.31000,-88.62000,-103.14000
-1.92000,0.05000,0.65000,-1.14000,-2.41000,-2.11000,-1.01000,-88.62000,-103.14000
-1.92000,0.05000,0.64000,-2.47000,-2.07000,-2.12000,-1.00000,-80.88000,-85.54000
-1.93000,0.04000,0.61000,-3.11000,-1.35000,-2.12000,-1.00000,-80.88000,-85.54000
-1.93000,0.04000,0.56000,-3.42000,-0.73000,-2.11000,-1.01000,-57.01000,-93.13000
-1.93000,0.04000,0.51000,-3.13000,-0.25000,-2.38000,-2.03000,-57.01000,-93.13000
-1.93000,0.04000,0.46000,-2.53000,-0.08000,-2.38000,-2.53000,-54.68000,-130.31000
-1.94000,0.04000,0.44000,-2.03000,-0.75000,-1.01000,-2.11000,-54.68000,-130.31000
-1.94000,0.04000,0.45000,-1.62000,-2.37000,-1.00000,-2.12000,-46.06000,-130.44000
-1.95000,0.03000,0.49000,-1.12000,-3.32000,-1.01000,-2.12000,-46.06000,-130.44000
-1.95000,0.03000,0.55000,-0.71000,-3.78000,-1.02000,-2.11000,-53.81000,-99.87000
-1.95000,0.03000,0.60000,-0.62000,-3.44000,-3.24000,-3.27000,-53.81000,-99.87000
-1.96000,0.03000,0.64000,-0.71000,-2.70000,-2.11000,-1.04000,-76.96000,-74.69000
-1.96000,0.02000,0.64000,-1.37000,-1.58000,-2.12000,-1.01000,-76.96000,-74.69000
-1.96000,0.02000,0.61000,-2.32000,-0.41000,-2.12000,-1.00000,-74.89000,-87.76000
-1.97000,0.02000,0.56000,-2.74000,-0.37000,-2.11000,-1.01000,-74.89000,-87.76000
-1.97000,0.02000,0.51000,-2.95000,-0.02000,-2.24000,-1.60000,-60.56000,-111.36000
-1.97000,0.02000,0.46000,-2.76000,-0.02000,-2.76000,-2.82000,-60.56000,-111.36000
-1.97000,0.02000,0.42000,-2.35000,0.00000,-1.01000,-2.11000,-38.88000,-131.63000
-1.97000,0.02000,0.39000,-1.49000,0.00000,-0.99000,-2.13000,-38.88000,-131.63000
-1.98000,0.02000,0.38000,-0.52000,-0.04000,-0.98000,-2.15000,-46.88000,-145.01000
-1.98000,0.01000,0.40000,-0.19000,-1.39000,0.48000,-0.43000,-46.88000,-145.01000
-1.98000,0.01000,0.46000,-0.02000,-3.22000,0.51000,-0.45000,-41.04000,-111.53000
-1.98000,0.01000,0.53000,0.00000,-3.57000,0.59000,-0.43000,-41.04000,-111.53000
-1.99000,0.01000,0.58000,0.00000,-3.22000,0.71000,-0.33000,-36.67000,-71.42000
-1.99000,0.01000,0.62000,0.00000,-2.16000,0.92000,-0.11000,-36.67000,-71.42000
-1.99000,0.01000,0.63000,0.00000,-0.60000,1.14000,0.12000,-25.95000,-66.34000
-1.99000,0.01000,0.64000,0.00000,-0.10000,1.21000,0.20000,-25.95000,-66.34000
-1.99000,0.01000,0.64000,0.00000,0.00000,1.22000,0.21000,-17.87000,-82.19000
-1.99000,0.01000,0.64000,0.00000,-0.12000,1.22000,0.21000,-17.87000,-82.19000
-1.99000,0.01000,0.65000,0.00000,-0.48000,1.24000,0.23000,-10.31000,-79.76000
-1.99000,0.01000,0.65000,0.00000,-0.02000,1.30000,0.28000,-10.31000,-79.76000
-1.99000,0.01000,0.65000,0.00000,-0.02000,1.30000,0.29000,-1.94000,-78.30000
-1.99000,0.01000,0.65000,0.00000,0.00000,1.30000,0.29000,-1.94000,-78.30000
-1.99000,0.01000,0.65000,0.00000,0.00000,1.30000,0.29000,5.91000,-76.73000
-1.99000,0.01000,0.65000,0.00000,0.00000,1.30000,0.29000,5.91000,-76.73000
-1.99000,0.01000,0.65000,0.00000,0.00000,1.30000,0.29000,13.73000,-74.99000
-1.99000,0.01000,0.65000,0.00000,0.00000,1.30000,0.29000,13.73000,-74.99000
-1.99000,0.01000,0.65000,0.00000,0.00000,1.30000,0.29000,21.55000,-73.26000
-1.99000,0.01000,0.65000,0.00000,0.00000,1.30000,0.29000,21.55000,-73.26000
-1.99000,0.01000,0.65000,0.00000,0.00000,1.30000,0.29000,29.38000,-71.52000
-1.99000,0.01000,0.65000,0.02000,0.00000,1.30000,0.29000,29.38000,-71.52000
-1.99000,0.01000,0.65000,0.00000,0.00000,1.31000,0.29000,36.93000,-69.76000
-1.99000,0.01000,0.65000,0.00000,0.00000,1.31000,0.29000,36.93000,-69.76000
-1.99000,0.01000,0.65000,0.00000,0.00000,1.31000,0.29000,44.95000,-68.01000
-1.99000,0.01000,0.65000,0.00000,0.00000,1.31000,0.29000,44.95000,-68.01000
-1.99000,0.01000,0.65000,0.02000,0.00000,1.31000,0.29000,52.79000,-66.26000
-1.99000,0.01000,0.65000,0.00000,0.00000,1.31000,0.29000,52.79000,-66.26000
-1.99000,0.01000,0.65000,0.00000,0.00000,1.31000,0.29000,60.66000,-64.48000
-1.99000,0.01000,0.65000,0.02000,0.00000,1.31000,0.29000,60.66000,-64.48000
-1.99000,0.01000,0.65000,0.00000,0.00000,1.31000,0.30000,68.24000,-62.70000
-1.99000,0.01000,0.65000,0.04000,0.00000,1.31000,0.30000,68.24000,-62.70000
-1.99000,0.01000,0.66000,0.71000,0.00000,1.32000,0.30000,75.75000,-60.86000
-1.99000,0.01000,0.69000,1.52000,0.00000,1.40000,0.37000,75.75000,-60.86000
-1.99000,0.01000,0.73000,2.18000,0.00000,1.57000,0.51000,65.09000,-55.97000
-1.98000,0.01000,0.77000,2.32000,0.00000,1.77000,0.66000,65.09000,-55.97000
-1.98000,0.01000,0.81000,2.32000,0.00000,1.92000,0.78000,58.47000,-48.87000
-1.98000,0.02000,0.85000,2.16000,0.00000,2.02000,0.84000,58.47000,-48.87000
-1.98000,0.02000,0.89000,1.95000,0.00000,2.09000,0.88000,61.09000,-42.66000
-1.98000,0.02000,0.92000,1.89000,0.00000,2.13000,0.90000,61.09000,-42.66000
-1.98000,0.02000,0.96000,1.97000,0.00000,2.16000,0.90000,65.80000,-37.06000
-1.98000,0.02000,1.00000,2.16000,0.00000,2.18000,0.91000,65.80000,-37.06000
-1.97000,0.02000,1.04000,2.34000,0.00000,2.20000,0.90000,63.93000,-31.60000
-1.97000,0.03000,1.08000,2.39000,0.00000,2.21000,0.91000,63.93000,-31.60000
-1.97000,0.03000,1.13000,2.37000,0.00000,2.21000,0.91000,60.94000,-26.13000
-1.97000,0.03000,1.17000,2.32000,0.00000,2.21000,0.91000,60.94000,-26.13000
-1.97000,0.03000,1.21000,2.24000,0.00000,2.21000,0.91000,60.84000,-20.63000
-1.97000,0.04000,1.25000,2.16000,0.00000,2.21000,0.91000,60.84000,-20.63000
-1.97000,0.04000,1.28000,2.08000,0.00000,2.21000,0.92000,62.57000,-15.04000
-1.97000,0.04000,1.32000,2.08000,0.00000,2.20000,0.93000,62.57000,-15.04000
-1.97000,0.04000,1.36000,2.08000,0.00000,2.18000,0.94000,63.77000,-9.18000
-1.97000,0.05000,1.40000,2.08000,0.00000,2.16000,0.96000,63.77000,-9.18000
-1.97000,0.05000,1.44000,2.16000,0.00000,2.13000,0.99000,63.62000,-2.76000
-1.97000,0.05000,1.48000,2.20000,0.00000,2.09000,1.04000,63.62000,-2.76000
-1.96000,0.05000,1.52000,2.22000,0.00000,2.02000,1.10000,60.49000,4.82000
-1.96000,0.06000,1.56000,2.18000,0.00000,1.94000,1.19000,60.49000,4.82000
-1.96000,0.06000,1.59000,2.12000,0.00000,1.82000,1.30000,56.66000,14.47000
-1.96000,0.06000,1.63000,1.93000,0.00000,2.13000,1.90000,56.66000,14.47000
-1.96000,0.06000,1.66000,1.81000,0.00000,3.24000,3.24000,79.57000,51.40000
-1.97000,0.06000,1.70000,2.24000,0.00000,1.49000,1.79000,79.57000,51.40000
-1.97000,0.07000,1.75000,2.91000,0.00000,1.27000,1.86000,53.17000,50.05000
-1.97000,0.07000,1.80000,2.74000,0.00000,1.13000,2.00000,53.17000,50.05000
-1.97000,0.07000,1.84000,2.16000,0.00000,1.04000,2.08000,36.47000,64.59000
-1.97000,0.07000,1.87000,1.33000,0.00000,0.99000,2.13000,36.47000,64.59000
-1.97000,0.07000,1.88000,0.46000,0.00000,0.97000,2.15000,46.42000,78.12000
-1.97000,0.07000,1.88000,0.12000,0.00000,0.97000,2.16000,46.42000,78.12000
-1.97000,0.07000,1.88000,0.00000,0.00000,0.97000,2.16000,62.22000,91.15000
-1.97000,0.07000,1.88000,0.08000,0.00000,0.97000,2.16000,62.22000,91.15000
-1.97000,0.08000,1.89000,0.75000,0.00000,0.96000,2.16000,67.87000,104.12000
-1.97000,0.08000,1.92000,1.33000,0.02000,0.95000,2.17000,67.87000,104.12000
-1.97000,0.08000,1.95000,1.68000,0.00000,0.94000,2.18000,54.15000,117.12000
-1.97000,0.08000,1.98000,1.64000,0.02000,0.93000,2.20000,54.15000,117.12000
-1.97000,0.08000,2.00000,1.41000,0.00000,0.92000,2.20000,46.84000,130.39000
-1.97000,0.08000,2.01000,0.93000,0.39000,0.92000,2.21000,46.84000,130.39000
-1.97000,0.09000,1.99000,0.48000,1.47000,0.92000,2.21000,53.03000,137.97000
-1.97000,0.09000,1.96000,0.48000,2.30000,0.92000,2.21000,53.03000,137.97000
-1.97000,0.09000,1.91000,0.56000,3.09000,0.92000,2.20000,59.89000,120.10000
-1.98000,0.10000,1.87000,0.75000,3.17000,0.94000,2.19000,59.89000,120.10000
-1.98000,0.10000,1.83000,1.08000,3.05000,0.96000,2.16000,59.10000,105.85000
-1.98000,0.10000,1.81000,1.31000,2.72000,0.99000,2.14000,59.10000,105.85000
-1.98000,0.11000,1.79000,1.41000,2.34000,1.01000,2.11000,52.77000,105.85000
-1.98000,0.11000,1.78000,1.22000,2.16000,1.03000,2.09000,52.77000,105.85000
-1.98000,0.12000,1.76000,1.08000,1.97000,1.06000,2.07000,52.87000,109.97000
-1.98000,0.12000,1.74000,0.95000,2.03000,1.08000,2.04000,52.87000,109.97000
-1.98000,0.12000,1.72000,0.79000,2.14000,1.12000,2.01000,56.81000,110.44000
-1.98000,0.13000,1.69000,0.89000,2.20000,1.17000,1.96000,56.81000,110.44000
-1.98000,0.13000,1.67000,1.02000,2.22000,1.23000,1.90000,60.41000,106.11000
-1.98000,0.13000,1.65000,1.16000,2.22000,1.29000,1.83000,60.41000,106.11000
-1.98000,0.14000,1.64000,1.33000,2.16000,1.36000,1.77000,60.33000,102.05000
-1.98000,0.14000,1.63000,1.45000,1.93000,1.50000,1.80000,60.33000,102.05000
-1.98000,0.14000,1.62000,1.56000,1.78000,1.91000,2.14000,65.45000,109.32000
-1.98000,0.15000,1.62000,1.64000,1.91000,2.26000,2.43000,65.45000,109.32000
-1.98000,0.15000,1.62000,1.87000,1.99000,2.70000,2.73000,77.21000,119.70000
-1.98000,0.16000,1.62000,2.24000,2.26000,2.83000,2.85000,77.21000,119.70000
-1.99000,0.16000,1.62000,2.70000,2.59000,2.84000,2.86000,76.68000,121.33000
-1.99000,0.17000,1.62000,2.90000,2.86000,2.72000,2.74000,76.68000,121.33000
-1.99000,0.18000,1.62000,3.15000,2.97000,2.65000,2.68000,67.41000,113.19000
-1.99000,0.18000,1.62000,3.07000,2.95000,2.30000,2.45000,67.41000,113.19000
-1.99000,0.19000,1.62000,2.78000,2.89000,2.05000,2.27000,54.43000,104.62000
-1.99000,0.20000,1.62000,2.37000,2.59000,2.19000,2.39000,54.43000,104.62000
-1.99000,0.20000,1.61000,1.87000,2.35000,2.59000,2.63000,66.95000,111.24000
-1.99000,0.21000,1.60000,1.78000,2.32000,3.05000,3.06000,66.95000,111.24000
-1.99000,0.21000,1.59000,1.91000,2.43000,3.26000,3.26000,87.07000,125.02000
-1.99000,0.22000,1.59000,2.55000,2.68000,3.25000,3.24000,87.07000,125.02000
-1.99000,0.22000,1.59000,3.26000,3.05000,3.21000,3.21000,83.70000,124.53000
-1.99000,0.23000,1.59000,3.49000,3.32000,3.26000,3.26000,83.70000,124.53000
-1.99000,0.24000,1.60000,3.61000,3.34000,3.28000,3.28000,74.67000,119.15000
-1.99000,0.25000,1.61000,3.61000,3.28000,3.26000,3.26000,74.67000,119.15000
-1.99000,0.25000,1.61000,3.36000,3.26000,3.16000,3.17000,69.77000,117.85000
-1.99000,0.26000,1.60000,3.09000,3.24000,3.11000,3.12000,69.77000,117.85000
-1.99000,0.27000,1.60000,2.93000,3.11000,3.17000,3.18000,75.00000,117.96000
-1.99000,0.27000,1.60000,2.97000,3.11000,3.23000,3.24000,75.00000,117.96000
-1.99000,0.28000,1.60000,3.01000,3.11000,3.26000,3.27000,78.73000,120.79000
-1.99000,0.29000,1.60000,3.17000,3.13000,3.28000,3.28000,78.73000,120.79000
-1.99000,0.30000,1.60000,3.34000,3.13000,3.27000,3.27000,77.52000,121.52000
-1.99000,0.30000,1.60000,3.36000,3.26000,3.23000,3.23000,77.52000,121.52000
-1.99000,0.31000,1.60000,3.32000,3.32000,3.19000,3.20000,74.12000,119.38000
-1.99000,0.32000,1.60000,3.32000,3.26000,3.19000,3.20000,74.12000,119.38000
-1.99000,0.33000,1.60000,3.28000,3.28000,3.16000,3.17000,73.26000,118.57000
-1.99000,0.33000,1.60000,3.15000,3.32000,3.16000,3.16000,73.26000,118.57000
-1.99000,0.34000,1.60000,3.11000,3.20000,3.22000,3.22000,75.61000,117.88000
-1.99000,0.35000,1.60000,3.15000,3.13000,3.24000,3.24000,75.61000,117.88000
-1.99000,0.35000,1.60000,3.15000,3.11000,3.23000,3.23000,76.21000,120.31000
-1.99000,0.36000,1.60000,3.11000,3.17000,3.22000,3.22000,76.21000,120.31000
-1.99000,0.37000,1.60000,3.20000,3.20000,3.23000,3.24000,77.32000,120.32000
-1.99000,0.38000,1.60000,3.28000,3.24000,3.23000,3.23000,77.32000,120.32000
-1.99000,0.38000,1.60000,3.24000,3.32000,3.22000,3.22000,75.31000,119.53000
-1.99000,0.39000,1.60000,3.20000,3.32000,3.24000,3.24000,75.31000,119.53000
-1.99000,0.40000,1.60000,3.20000,3.22000,3.26000,3.27000,76.87000,118.84000
-1.99000,0.40000,1.59000,3.15000,3.26000,3.27000,3.27000,76.87000,118.84000
-1.99000,0.41000,1.59000,3.09000,3.26000,3.28000,3.28000,78.12000,119.65000
-1.99000,0.42000,1.59000,3.22000,3.22000,3.28000,3.28000,78.12000,119.65000
-1.99000,0.43000,1.59000,3.30000,3.24000,3.28000,3.28000,77.96000,120.40000
-1.99000,0.43000,1.59000,3.22000,3.32000,3.28000,3.28000,77.96000,120.40000
-1.99000,0.44000,1.59000,3.20000,3.32000,3.28000,3.27000,78.28000,119.15000
-1.99000,0.45000,1.59000,3.20000,3.24000,3.26000,3.25000,78.28000,119.15000
-1.99000,0.45000,1.59000,3.24000,3.24000,3.25000,3.24000,78.50000,119.64000
-1.99000,0.46000,1.59000,3.22000,3.28000,3.24000,3.24000,78.50000,119.64000
-1.99000,0.47000,1.59000,3.26000,3.28000,3.23000,3.22000,78.19000,118.73000
-1.99000,0.48000,1.59000,3.32000,3.20000,3.22000,3.21000,78.19000,118.73000
-1.99000,0.48000,1.59000,3.30000,3.18000,3.25000,3.24000,77.01000,119.96000
-1.99000,0.49000,1.59000,3.13000,3.13000,3.27000,3.27000,77.01000,119.96000
-1.99000,0.50000,1.59000,3.20000,3.11000,3.27000,3.27000,79.68000,121.51000
-1.99000,0.51000,1.59000,3.24000,3.24000,3.28000,3.28000,79.68000,121.51000
-1.99000,0.51000,1.59000,3.24000,3.32000,3.28000,3.28000,79.07000,120.90000
-1.99000,0.52000,1.59000,3.32000,3.28000,3.27000,3.26000,79.07000,120.90000
-2.00000,0.53000,1.59000,3.32000,3.24000,3.27000,3.27000,77.97000,120.41000
-2.00000,0.53000,1.59000,3.24000,3.28000,3.28000,3.28000,77.97000,120.41000
-2.00000,0.54000,1.59000,3.15000,3.24000,3.27000,3.27000,78.98000,120.41000
-2.00000,0.55000,1.59000,3.22000,3.22000,3.26000,3.26000,78.98000,120.41000
-2.00000,0.56000,1.59000,3.22000,3.24000,3.26000,3.26000,79.31000,121.09000
-2.00000,0.56000,1.59000,3.20000,3.34000,3.25000,3.25000,79.31000,121.09000
-2.00000,0.57000,1.59000,3.20000,3.30000,3.22000,3.21000,79.20000,118.75000
-2.00000,0.58000,1.59000,3.32000,3.28000,3.17000,3.16000,79.20000,118.75000
-2.00000,0.59000,1.59000,3.24000,3.28000,3.18000,3.17000,76.88000,118.30000
-2.00000,0.59000,1.58000,3.11000,3.26000,3.15000,3.14000,76.88000,118.30000
-2.00000,0.60000,1.58000,3.15000,3.18000,3.05000,3.04000,77.27000,116.01000
-2.00000,0.61000,1.58000,3.20000,3.15000,3.01000,3.00000,77.27000,116.01000
-2.00000,0.61000,1.58000,3.11000,3.09000,3.01000,2.99000,74.99000,115.56000
-2.00000,0.62000,1.59000,3.07000,2.97000,2.99000,2.97000,74.99000,115.56000
-2.00000,0.63000,1.59000,2.99000,2.88000,3.02000,3.01000,75.96000,117.64000
-2.00000,0.63000,1.59000,2.88000,2.99000,3.06000,3.05000,75.96000,117.64000
-2.00000,0.64000,1.58000,2.80000,3.05000,2.95000,2.93000,77.36000,116.41000
-2.00000,0.65000,1.58000,2.86000,2.97000,2.62000,2.58000,77.36000,116.41000
-2.00000,0.65000,1.58000,2.99000,3.01000,2.40000,2.21000,69.87000,105.50000
-2.00000,0.66000,1.58000,2.82000,2.80000,2.20000,1.98000,69.87000,105.50000
-2.00000,0.67000,1.58000,2.66000,2.45000,2.07000,1.82000,62.67000,97.69000
-2.00000,0.67000,1.59000,2.37000,1.91000,2.14000,1.91000,62.67000,97.69000
-2.00000,0.67000,1.60000,2.03000,1.43000,2.54000,2.49000,72.10000,115.18000
-2.00000,0.68000,1.61000,2.03000,1.62000,3.05000,3.04000,72.10000,115.18000
-2.00000,0.68000,1.62000,2.28000,1.85000,3.22000,3.21000,88.26000,133.85000
-2.00000,0.69000,1.62000,2.74000,2.36000,3.28000,3.28000,88.26000,133.85000
-2.00000,0.70000,1.63000,3.20000,2.86000,3.23000,3.23000,84.97000,132.54000
-2.00000,0.70000,1.64000,3.49000,3.03000,3.05000,3.06000,84.97000,132.54000
-2.00000,0.71000,1.65000,3.72000,3.05000,2.26000,2.43000,62.15000,115.71000
-2.00000,0.72000,1.66000,3.38000,2.82000,0.20000,-0.83000,62.15000,115.71000
-2.00000,0.72000,1.66000,2.72000,2.53000,0.04000,-0.99000,23.02000,63.97000
-2.00000,0.73000,1.67000,1.52000,1.41000,-0.11000,-1.13000,23.02000,63.97000
-2.00000,0.73000,1.67000,0.17000,0.04000,-0.19000,-1.21000,27.52000,59.00000
-2.00000,0.73000,1.67000,0.00000,0.00000,-0.21000,-1.22000,27.52000,59.00000
-2.00000,0.73000,1.67000,0.00000,0.00000,-0.21000,-1.22000,39.72000,64.20000
-2.00000,0.73000,1.67000,0.06000,0.00000,-0.21000,-1.22000,39.72000,64.20000
-2.00000,0.73000,1.67000,0.00000,0.00000,-0.22000,-1.23000,37.39000,56.73000
-2.00000,0.73000,1.67000,0.00000,0.00000,-0.22000,-1.23000,37.39000,56.73000
-2.00000,0.73000,1.67000,0.00000,0.00000,-0.22000,-1.23000,36.64000,49.33000
-2.00000,0.73000,1.67000,0.00000,0.00000,-0.22000,-1.23000,36.64000,49.33000
-2.00000,0.73000,1.67000,0.00000,0.00000,-0.22000,-1.23000,35.32000,41.94000
-2.00000,0.73000,1.67000,0.00000,0.00000,-0.22000,-1.23000,35.32000,41.94000
-2.00000,0.73000,1.67000,0.00000,0.00000,-0.22000,-1.23000,34.00000,34.54000
-2.00000,0.73000,1.67000,0.00000,0.00000,-0.22000,-1.23000,34.00000,34.54000
-2.00000,0.73000,1.67000,0.00000,0.00000,-0.22000,-1.23000,32.69000,27.15000
-2.00000,0.73000,1.67000,0.00000,0.00000,-0.22000,-1.23000,32.69000,27.15000
-2.00000,0.73000,1.67000,0.00000,0.00000,-0.22000,-1.23000,31.37000,19.75000
-2.00000,0.73000,1.67000,0.00000,0.00000,-0.22000,-1.23000,31.37000,19.75000
-2.00000,0.73000,1.67000,0.00000,0.00000,-0.22000,-1.23000,30.05000,12.36000
-2.00000,0.73000,1.67000,0.00000,0.00000,-0.22000,-1.23000,30.05000,12.36000
-2.00000,0.73000,1.67000,0.00000,0.00000,-0.22000,-1.23000,28.74000,4.96000
-2.00000,0.73000,1.67000,0.00000,0.00000,-0.22000,-1.23000,28.74000,4.96000
-2.00000,0.73000,1.67000,0.00000,0.00000,-0.22000,-1.23000,27.42000,-2.43000
-2.00000,0.73000,1.67000,0.00000,0.00000,-0.22000,-1.23000,27.42000,-2.43000
-2.00000,0.73000,1.67000,0.00000,0.00000,-0.22000,-1.23000,26.10000,-9.83000
-2.00000,0.73000,1.67000,0.00000,0.00000,-0.22000,-1.23000,26.10000,-9.83000
-2.00000,0.73000,1.67000,0.00000,0.00000,-0.22000,-1.23000,24.79000,-17.22000
-2.00000,0.73000,1.67000,0.00000,0.00000,-0.22000,-1.23000,24.79000,-17.22000
-2.00000,0.73000,1.67000,0.00000,0.00000,-0.22000,-1.23000,23.47000,-24.61000
-2.00000,0.73000,1.67000,0.00000,0.00000,-0.22000,-1.23000,23.47000,-24.61000
-2.00000,0.73000,1.67000,0.00000,0.00000,-0.22000,-1.23000,22.15000,-32.01000
-2.00000,0.73000,1.67000,0.00000,0.00000,-0.22000,-1.23000,22.15000,-32.01000
-2.00000,0.73000,1.67000,0.00000,0.00000,-0.22000,-1.23000,20.83000,-39.40000
-2.00000,0.73000,1.67000,0.00000,0.00000,-0.22000,-1.23000,20.83000,-39.40000
-2.00000,0.73000,1.67000,0.00000,0.00000,-0.22000,-1.23000,19.52000,-46.80000
-2.00000,0.73000,1.67000,0.00000,0.00000,-0.22000,-1.23000,19.52000,-46.80000
-2.00000,0.73000,1.67000,0.00000,0.00000,-0.22000,-1.23000,18.20000,-54.19000
-2.00000,0.73000,1.67000,0.00000,0.00000,-0.22000,-1.23000,18.20000,-54.19000
-2.00000,0.73000,1.67000,0.00000,0.00000,-0.22000,-1.23000,16.88000,-61.59000
-2.00000,0.73000,1.67000,0.00000,0.00000,-0.22000,-1.23000,16.88000,-61.59000
-2.00000,0.73000,1.67000,0.00000,0.00000,-0.22000,-1.23000,15.57000,-68.98000
-2.00000,0.73000,1.67000,0.00000,0.00000,-0.22000,-1.23000,15.57000,-68.98000
-2.00000,0.73000,1.67000,0.00000,0.00000,-0.22000,-1.23000,14.25000,-76.38000
-2.00000,0.73000,1.67000,0.00000,0.00000,-0.22000,-1.23000,14.25000,-76.38000
-2.00000,0.73000,1.67000,0.00000,0.00000,-0.22000,-1.23000,12.93000,-83.77000
-2.00000,0.73000,1.67000,0.00000,0.00000,-0.22000,-1.23000,12.93000,-83.77000
-2.00000,0.73000,1.67000,0.00000,0.00000,-0.22000,-1.23000,11.62000,-91.17000
-2.00000,0.73000,1.67000,0.00000,0.00000,-0.22000,-1.23000,11.62000,-91.17000
-2.00000,0.73000,1.67000,0.00000,0.00000,-0.22000,-1.23000,10.30000,-98.56000
-2.00000,0.73000,1.67000,0.00000,0.00000,-0.22000,-1.23000,10.30000,-98.56000
-2.00000,0.73000,1.67000,0.00000,0.00000,-0.22000,-1.23000,8.98000,-105.96000
-2.00000,0.73000,1.67000,0.00000,0.00000,-0.22000,-1.23000,8.98000,-105.96000
-2.00000,0.73000,1.67000,0.00000,-0.02000,-0.22000,-1.23000,7.67000,-113.35000
-2.00000,0.73000,1.67000,0.00000,0.00000,-0.22000,-1.23000,7.67000,-113.35000
-2.00000,0.73000,1.67000,0.00000,0.00000,-0.22000,-1.23000,6.32000,-120.77000
-2.00000,0.73000,1.67000,0.00000,-0.02000,-0.22000,-1.23000,6.32000,-120.77000
-2.00000,0.73000,1.67000,0.00000,-0.02000,-0.22000,-1.24000,4.96000,-127.90000
-2.00000,0.73000,1.69000,0.00000,-0.83000,-0.23000,-1.24000,4.96000,-127.90000
-2.00000,0.72000,1.72000,0.00000,-1.74000,-0.30000,-1.32000,2.49000,-124.25000
-2.00000,0.72000,1.76000,0.00000,-2.34000,-0.44000,-1.49000,2.49000,-124.25000
-2.00000,0.72000,1.81000,0.00000,-2.72000,-0.60000,-1.68000,-3.79000,-109.95000
-2.00000,0.72000,1.86000,0.00000,-2.64000,-0.74000,-1.86000,-3.79000,-109.95000
-2.00000,0.71000,1.90000,0.00000,-2.47000,-0.82000,-1.98000,-10.69000,-106.04000
-2.00000,0.71000,1.94000,0.00000,-2.32000,-0.87000,-2.06000,-10.69000,-106.04000
-2.00000,0.71000,1.98000,0.00000,-2.24000,-0.89000,-2.11000,-16.63000,-108.72000
-2.00000,0.71000,2.02000,0.00000,-2.26000,-0.90000,-2.15000,-16.63000,-108.72000
-1.99000,0.70000,2.07000,0.00000,-2.30000,-0.90000,-2.17000,-22.20000,-109.31000
-1.99000,0.70000,2.11000,0.00000,-2.32000,-0.91000,-2.19000,-22.20000,-109.31000
-1.99000,0.70000,2.15000,0.00000,-2.37000,-0.91000,-2.20000,-27.64000,-108.27000
-1.99000,0.70000,2.19000,0.00000,-2.34000,-0.91000,-2.21000,-27.64000,-108.27000
-1.99000,0.69000,2.24000,0.00000,-2.32000,-0.91000,-2.21000,-33.10000,-107.39000
-1.99000,0.69000,2.28000,0.00000,-2.28000,-0.91000,-2.21000,-33.10000,-107.39000
-1.99000,0.69000,2.32000,-0.02000,-2.18000,-0.91000,-2.21000,-38.58000,-107.55000
-1.98000,0.69000,2.35000,0.00000,-2.16000,-0.91000,-2.21000,-38.58000,-107.55000
-1.98000,0.69000,2.39000,0.00000,-2.12000,-0.91000,-2.21000,-44.07000,-109.00000
-1.98000,0.69000,2.43000,0.00000,-2.10000,-0.91000,-2.21000,-44.07000,-109.00000
-1.98000,0.68000,2.47000,0.00000,-2.05000,-0.92000,-2.20000,-49.67000,-110.13000
-1.98000,0.68000,2.51000,0.00000,-2.16000,-0.93000,-2.20000,-49.67000,-110.13000
-1.97000,0.68000,2.55000,0.00000,-2.20000,-0.94000,-2.18000,-55.50000,-109.56000
-1.97000,0.68000,2.59000,0.00000,-2.14000,-0.95000,-2.17000,-55.50000,-109.56000
-1.97000,0.68000,2.62000,0.00000,-2.10000,-0.97000,-2.15000,-61.58000,-109.58000
-1.97000,0.68000,2.66000,-0.02000,-2.14000,-0.99000,-2.14000,-61.58000,-109.58000
-1.97000,0.68000,2.70000,-0.02000,-2.06000,-1.00000,-2.12000,-67.56000,-109.21000
-1.96000,0.68000,2.73000,-0.08000,-1.99000,-1.01000,-2.11000,-67.56000,-109.21000
-1.96000,0.67000,2.76000,-0.66000,-1.97000,-1.42000,-2.18000,-78.78000,-112.22000
-1.96000,0.67000,2.77000,-1.43000,-2.05000,-3.15000,-3.18000,-78.78000,-112.22000
-1.95000,0.67000,2.76000,-2.22000,-2.03000,-3.29000,-3.27000,-94.67000,-128.70000
-1.95000,0.67000,2.75000,-3.13000,-2.41000,-3.26000,-3.29000,-94.67000,-128.70000
-1.94000,0.67000,2.73000,-3.86000,-2.90000,-2.96000,-3.01000,-75.40000,-126.78000
-1.93000,0.66000,2.72000,-4.05000,-3.11000,-1.39000,-2.18000,-75.40000,-126.78000
-1.93000,0.66000,2.71000,-3.86000,-3.28000,-1.02000,-2.11000,-31.57000,-106.28000
-1.92000,0.66000,2.71000,-2.74000,-2.99000,-1.01000,-2.11000,-31.57000,-106.28000
-1.92000,0.65000,2.74000,-1.20000,-2.53000,-1.01000,-2.11000,-32.92000,-102.15000
-1.91000,0.65000,2.77000,-0.19000,-2.24000,-1.07000,-2.11000,-32.92000,-102.15000
-1.91000,0.65000,2.81000,0.00000,-1.99000,-3.22000,-3.24000,-93.88000,-125.10000
-1.91000,0.65000,2.83000,-1.31000,-2.30000,-2.28000,-1.74000,-93.88000,-125.10000
-1.90000,0.65000,2.82000,-2.82000,-2.72000,-2.11000,-1.03000,-78.58000,-96.97000
-1.90000,0.65000,2.80000,-3.47000,-2.28000,-2.11000,-1.03000,-78.58000,-96.97000
-1.89000,0.65000,2.77000,-3.65000,-1.70000,-2.23000,-1.58000,-52.85000,-97.90000
-1.89000,0.64000,2.74000,-3.09000,-1.35000,-3.26000,-3.29000,-52.85000,-97.90000
-1.88000,0.64000,2.72000,-2.30000,-1.12000,-1.35000,-2.17000,-37.83000,-116.50000
-1.88000,0.64000,2.72000,-1.35000,-1.62000,-1.02000,-2.11000,-37.83000,-116.50000
-1.88000,0.64000,2.75000,-0.39000,-2.20000,-1.02000,-2.11000,-48.60000,-116.44000
-1.87000,0.64000,2.80000,-0.02000,-2.47000,-2.44000,-2.56000,-48.60000,-116.44000
-1.87000,0.64000,2.84000,0.00000,-2.57000,-2.78000,-2.71000,-92.90000,-115.68000
-1.87000,0.64000,2.87000,-1.02000,-2.63000,-2.11000,-1.01000,-92.90000,-115.68000
-1.86000,0.64000,2.87000,-2.59000,-2.57000,-2.12000,-1.00000,-84.70000,-89.02000
-1.86000,0.63000,2.85000,-3.42000,-1.95000,-2.13000,-1.00000,-84.70000,-89.02000
-1.85000,0.63000,2.80000,-3.84000,-1.12000,-2.12000,-1.01000,-55.20000,-89.55000
-1.85000,0.63000,2.75000,-3.49000,-0.68000,-2.11000,-1.02000,-55.20000,-89.55000
-1.84000,0.63000,2.71000,-2.70000,-0.66000,-3.24000,-3.21000,-63.21000,-135.93000
-1.84000,0.63000,2.69000,-2.34000,-1.51000,-1.74000,-2.28000,-63.21000,-135.93000
-1.83000,0.62000,2.71000,-2.16000,-2.86000,-1.03000,-2.11000,-45.77000,-122.06000
-1.83000,0.62000,2.74000,-1.60000,-3.36000,-1.08000,-2.11000,-45.77000,-122.06000
-1.82000,0.62000,2.78000,-1.04000,-3.38000,-2.88000,-2.93000,-76.84000,-110.30000
-1.82000,0.62000,2.81000,-1.39000,-3.09000,-2.64000,-2.56000,-76.84000,-110.30000
-1.81000,0.62000,2.82000,-2.18000,-2.76000,-2.14000,-0.99000,-76.49000,-82.63000
-1.81000,0.62000,2.81000,-2.70000,-1.91000,-2.14000,-0.98000,-76.49000,-82.63000
-1.81000,0.61000,2.77000,-3.07000,-0.87000,-2.14000,-0.99000,-61.38000,-87.75000
-1.80000,0.61000,2.72000,-2.99000,-0.31000,-2.12000,-1.00000,-61.38000,-87.75000
-1.80000,0.61000,2.67000,-2.57000,0.00000,-2.11000,-1.03000,-53.16000,-106.78000
-1.80000,0.61000,2.64000,-2.12000,-0.06000,-3.28000,-3.25000,-53.16000,-106.78000
-1.79000,0.61000,2.61000,-1.72000,-0.50000,-1.35000,-2.17000,-49.64000,-131.92000
-1.79000,0.61000,2.63000,-1.27000,-1.95000,-1.02000,-2.11000,-49.64000,-131.92000
-1.79000,0.60000,2.66000,-0.83000,-2.95000,-1.05000,-2.11000,-53.23000,-115.31000
-1.78000,0.60000,2.71000,-0.79000,-3.13000,-3.20000,-3.23000,-53.23000,-115.31000
-1.78000,0.60000,2.75000,-0.81000,-3.05000,-2.15000,-1.29000,-75.67000,-86.21000
-1.78000,0.60000,2.76000,-1.39000,-2.32000,-2.11000,-1.01000,-75.67000,-86.21000
-1.77000,0.60000,2.75000,-2.28000,-1.24000,-2.12000,-1.01000,-74.35000,-83.04000
-1.77000,0.60000,2.71000,-2.82000,-0.71000,-2.11000,-1.01000,-74.35000,-83.04000
-1.77000,0.60000,2.65000,-3.05000,0.00000,-2.12000,-1.10000,-57.18000,-100.89000
-1.76000,0.59000,2.60000,-2.74000,0.00000,-3.00000,-3.04000,-57.18000,-100.89000
-1.76000,0.59000,2.56000,-2.28000,-0.02000,-1.02000,-2.11000,-37.67000,-128.92000
-1.76000,0.59000,2.54000,-1.52000,-0.35000,-1.00000,-2.13000,-37.67000,-128.92000
-1.76000,0.59000,2.57000,-0.54000,-1.99000,-0.99000,-2.13000,-45.32000,-136.68000
-1.75000,0.59000,2.62000,0.00000,-3.05000,-1.00000,-2.12000,-45.32000,-136.68000
-1.75000,0.59000,2.69000,-0.02000,-3.78000,-1.03000,-2.11000,-65.44000,-106.47000
-1.75000,0.58000,2.74000,-0.58000,-3.55000,-2.92000,-2.87000,-65.44000,-106.47000
-1.74000,0.58000,2.77000,-1.22000,-2.88000,-2.11000,-1.01000,-79.14000,-76.92000
-1.74000,0.58000,2.77000,-2.05000,-1.66000,-2.12000,-1.00000,-79.14000,-76.92000
-1.73000,0.58000,2.73000,-2.88000,-0.60000,-2.12000,-1.00000,-66.41000,-89.91000
-1.73000,0.58000,2.67000,-2.95000,-0.04000,-2.11000,-1.02000,-66.41000,-89.91000
-1.73000,0.58000,2.62000,-2.76000,0.00000,-3.23000,-3.20000,-70.08000,-143.26000
-1.73000,0.57000,2.58000,-2.68000,-0.04000,-1.07000,-2.11000,-70.08000,-143.26000
-1.72000,0.57000,2.55000,-2.63000,-1.27000,-1.01000,-2.12000,-42.45000,-145.98000
-1.72000,0.57000,2.57000,-2.05000,-3.03000,-0.99000,-2.13000,-42.45000,-145.98000
-1.71000,0.57000,2.62000,-1.16000,-4.09000,-1.00000,-2.12000,-41.68000,-113.70000
-1.71000,0.56000,2.68000,-0.60000,-4.03000,-1.02000,-2.11000,-41.68000,-113.70000
-1.70000,0.56000,2.74000,-0.12000,-3.51000,-3.26000,-3.23000,-90.97000,-109.89000
-1.70000,0.56000,2.78000,-1.10000,-2.99000,-2.11000,-1.01000,-90.97000,-109.89000
-1.69000,0.56000,2.77000,-2.82000,-2.55000,-2.12000,-1.00000,-82.46000,-87.26000
-1.69000,0.56000,2.74000,-3.65000,-1.91000,-2.12000,-1.00000,-82.46000,-87.26000
-1.68000,0.55000,2.69000,-4.03000,-1.16000,-2.11000,-1.01000,-50.16000,-91.69000
-1.68000,0.55000,2.64000,-3.57000,-0.66000,-2.41000,-2.11000,-50.16000,-91.69000
-1.68000,0.55000,2.60000,-2.70000,-0.77000,-2.21000,-2.45000,-43.61000,-126.58000
-1.67000,0.55000,2.60000,-1.78000,-1.41000,-1.02000,-2.11000,-43.61000,-126.58000
-1.67000,0.55000,2.62000,-1.08000,-2.59000,-1.01000,-2.11000,-44.27000,-120.97000
-1.67000,0.54000,2.67000,-0.68000,-3.05000,-1.05000,-2.11000,-44.27000,-120.97000
-1.66000,0.54000,2.72000,-0.35000,-3.26000,-3.26000,-3.28000,-89.78000,-118.15000
-1.66000,0.54000,2.75000,-1.41000,-3.19000,-2.11000,-1.03000,-89.78000,-118.15000
-1.65000,0.54000,2.75000,-2.99000,-3.01000,-2.12000,-1.01000,-77.24000,-83.28000
-1.64000,0.53000,2.72000,-3.73000,-2.20000,-2.12000,-1.01000,-77.24000,-83.28000
-1.64000,0.53000,2.67000,-3.88000,-1.14000,-2.11000,-1.01000,-46.51000,-85.17000
-1.64000,0.53000,2.62000,-3.28000,-0.27000,-2.62000,-2.53000,-46.51000,-85.17000
-1.63000,0.53000,2.59000,-2.30000,-0.64000,-1.59000,-2.23000,-35.82000,-125.27000
-1.63000,0.53000,2.58000,-1.31000,-1.00000,-1.02000,-2.11000,-35.82000,-125.27000
-1.63000,0.53000,2.62000,-0.33000,-2.28000,-1.01000,-2.11000,-46.59000,-124.32000
-1.63000,0.52000,2.67000,-0.02000,-2.90000,-1.20000,-2.13000,-46.59000,-124.32000
-1.62000,0.52000,2.73000,0.00000,-3.20000,-3.07000,-3.04000,-95.03000,-116.28000
-1.62000,0.52000,2.76000,-1.33000,-3.17000,-2.11000,-1.01000,-95.03000,-116.28000
-1.61000,0.52000,2.76000,-3.11000,-2.90000,-2.13000,-1.00000,-79.55000,-82.43000
-1.61000,0.52000,2.72000,-3.92000,-1.95000,-2.13000,-0.99000,-79.55000,-82.43000
-1.60000,0.51000,2.66000,-4.13000,-0.83000,-2.12000,-1.00000,-45.38000,-87.83000
-1.60000,0.51000,2.61000,-3.45000,-0.68000,-2.11000,-1.03000,-45.38000,-87.83000
-1.59000,0.51000,2.57000,-2.41000,-0.06000,-3.27000,-3.24000,-58.88000,-134.67000
-1.59000,0.51000,2.54000,-1.95000,-0.35000,-1.18000,-2.13000,-58.88000,-134.67000
-1.59000,0.51000,2.55000,-1.80000,-2.16000,-1.01000,-2.11000,-46.43000,-138.03000
-1.58000,0.50000,2.58000,-1.47000,-3.30000,-1.01000,-2.11000,-46.43000,-138.03000
-1.58000,0.50000,2.63000,-1.08000,-3.96000,-1.02000,-2.11000,-48.13000,-104.32000
-1.57000,0.50000,2.68000,-0.87000,-3.65000,-1.00000,-2.12000,-48.13000,-104.32000
-1.57000,0.50000,2.72000,-0.73000,-2.88000,-1.02000,-2.11000,-54.42000,-91.87000
-1.57000,0.49000,2.74000,-0.91000,-2.05000,-2.99000,-3.03000,-54.42000,-91.87000
-1.56000,0.49000,2.75000,-1.18000,-1.39000,-3.26000,-3.23000,-88.21000,-123.39000
-1.56000,0.49000,2.74000,-2.09000,-1.68000,-3.19000,-3.16000,-88.21000,-123.39000
-1.56000,0.49000,2.72000,-3.32000,-2.32000,-3.29000,-3.26000,-85.04000,-136.58000
-1.55000,0.49000,2.70000,-4.00000,-2.95000,-2.94000,-2.98000,-85.04000,-136.58000
-1.54000,0.48000,2.69000,-4.23000,-3.55000,-1.26000,-2.15000,-33.17000,-110.35000
-1.53000,0.48000,2.69000,-3.34000,-3.53000,-1.03000,-2.11000,-33.17000,-110.35000
-1.53000,0.48000,2.72000,-1.78000,-3.09000,-1.03000,-2.11000,-23.24000,-96.20000
-1.53000,0.47000,2.76000,-0.48000,-2.55000,-2.36000,-2.52000,-23.24000,-96.20000
-1.52000,0.47000,2.79000,0.00000,-2.03000,-3.09000,-3.05000,-83.19000,-116.51000
-1.52000,0.47000,2.81000,-0.79000,-2.01000,-2.11000,-1.03000,-83.19000,-116.51000
-1.52000,0.47000,2.81000,-2.28000,-2.22000,-2.11000,-1.01000,-79.52000,-97.00000
-1.51000,0.47000,2.79000,-3.13000,-1.99000,-2.11000,-1.01000,-79.52000,-97.00000
-1.50000,0.47000,2.76000,-3.55000,-1.51000,-2.11000,-1.02000,-52.20000,-91.44000
-1.50000,0.47000,2.72000,-3.24000,-1.12000,-2.87000,-2.82000,-52.20000,-91.44000
-1.50000,0.46000,2.68000,-2.55000,-0.75000,-2.74000,-2.80000,-53.97000,-125.40000
-1.49000,0.46000,2.68000,-1.99000,-1.62000,-1.02000,-2.11000,-53.97000,-125.40000
-1.49000,0.46000,2.69000,-1.64000,-2.53000,-1.02000,-2.11000,-43.84000,-117.60000
-1.48000,0.46000,2.72000,-1.24000,-2.88000,-1.04000,-2.11000,-43.84000,-117.60000
-1.48000,0.46000,2.77000,-0.75000,-3.03000,-2.92000,-2.96000,-77.67000,-114.37000
-1.48000,0.45000,2.80000,-1.29000,-2.99000,-2.50000,-2.32000,-77.67000,-114.37000
-1.47000,0.45000,2.80000,-2.41000,-2.82000,-2.11000,-1.02000,-74.93000,-84.14000
-1.47000,0.45000,2.78000,-3.07000,-2.03000,-2.11000,-1.01000,-74.93000,-84.14000
-1.46000,0.45000,2.74000,-3.32000,-1.06000,-2.11000,-1.03000,-53.06000,-86.83000
-1.46000,0.45000,2.70000,-2.95000,-0.68000,-3.22000,-3.19000,-53.06000,-86.83000
-1.45000,0.45000,2.66000,-2.39000,0.00000,-1.43000,-2.19000,-39.03000,-118.39000
-1.45000,0.45000,2.64000,-1.58000,-0.27000,-1.01000,-2.11000,-39.03000,-118.39000
-1.45000,0.44000,2.65000,-0.73000,-1.58000,-1.00000,-2.12000,-44.04000,-132.67000
-1.45000,0.44000,2.69000,-0.31000,-2.57000,-1.01000,-2.12000,-44.04000,-132.67000
-1.44000,0.44000,2.75000,-0.02000,-3.40000,-1.03000,-2.11000,-60.05000,-108.97000
-1.44000,0.44000,2.81000,-0.46000,-3.36000,-3.09000,-3.06000,-60.05000,-108.97000
-1.44000,0.44000,2.84000,-0.95000,-2.88000,-2.11000,-1.01000,-78.33000,-77.98000
-1.43000,0.44000,2.84000,-1.93000,-1.81000,-2.12000,-1.00000,-78.33000,-77.98000
-1.43000,0.44000,2.79000,-2.93000,-0.41000,-2.12000,-1.00000,-66.37000,-87.04000
-1.42000,0.43000,2.75000,-3.11000,-0.62000,-2.11000,-1.02000,-66.37000,-87.04000
-1.42000,0.43000,2.69000,-3.07000,0.00000,-3.00000,-2.96000,-62.91000,-129.27000
-1.42000,0.43000,2.64000,-2.90000,0.00000,-1.12000,-2.12000,-62.91000,-129.27000
-1.42000,0.43000,2.59000,-2.57000,-0.04000,-1.01000,-2.12000,-35.45000,-140.09000
-1.41000,0.43000,2.59000,-1.74000,-1.41000,-0.99000,-2.14000,-35.45000,-140.09000
-1.41000,0.43000,2.63000,-0.75000,-3.09000,-0.98000,-2.14000,-41.12000,-132.00000
-1.41000,0.42000,2.70000,-0.17000,-3.84000,-1.00000,-2.13000,-41.12000,-132.00000
-1.40000,0.42000,2.77000,0.00000,-4.09000,-1.03000,-2.11000,-60.94000,-99.40000
-1.40000,0.42000,2.83000,-0.08000,-3.40000,-2.52000,-2.36000,-60.94000,-99.40000
-1.39000,0.42000,2.86000,-0.81000,-2.43000,-2.12000,-1.01000,-83.68000,-79.09000
-1.39000,0.42000,2.85000,-1.97000,-1.47000,-2.13000,-0.99000,-83.68000,-79.09000
-1.39000,0.42000,2.80000,-3.09000,-0.25000,-2.13000,-1.00000,-67.72000,-93.50000
-1.38000,0.42000,2.74000,-3.42000,-0.06000,-2.11000,-1.02000,-67.72000,-93.50000
-1.38000,0.41000,2.68000,-3.32000,0.00000,-3.28000,-3.25000,-64.10000,-145.61000
-1.38000,0.41000,2.65000,-2.99000,-1.43000,-1.02000,-2.11000,-64.10000,-145.61000
-1.37000,0.41000,2.66000,-2.80000,-3.15000,-1.01000,-2.12000,-35.75000,-127.23000
-1.36000,0.41000,2.69000,-2.01000,-3.71000,-1.01000,-2.12000,-35.75000,-127.23000
-1.36000,0.40000,2.74000,-0.87000,-3.84000,-1.02000,-2.11000,-38.63000,-96.95000
-1.36000,0.40000,2.80000,-0.21000,-3.26000,-3.15000,-3.18000,-38.63000,-96.95000
-1.35000,0.40000,2.84000,0.00000,-2.37000,-2.11000,-1.04000,-76.07000,-78.20000
-1.35000,0.40000,2.85000,-0.73000,-1.29000,-2.12000,-1.01000,-76.07000,-78.20000
-1.35000,0.40000,2.83000,-1.99000,-0.62000,-2.12000,-1.00000,-79.94000,-93.84000
-1.34000,0.40000,2.77000,-2.88000,-0.04000,-2.12000,-1.01000,-79.94000,-93.84000
-1.34000,0.40000,2.71000,-3.44000,-0.04000,-2.21000,-1.51000,-57.23000,-118.42000
-1.34000,0.40000,2.65000,-3.22000,0.00000,-1.88000,-2.33000,-57.23000,-118.42000
-1.34000,0.39000,2.61000,-2.51000,0.00000,-1.01000,-2.12000,-30.18000,-137.00000
-1.33000,0.39000,2.58000,-1.49000,-0.08000,-0.99000,-2.14000,-30.18000,-137.00000
-1.33000,0.39000,2.61000,-0.29000,-1.64000,-0.97000,-2.15000,-42.24000,-148.94000
-1.33000,0.39000,2.67000,0.00000,-3.34000,-0.98000,-2.14000,-42.24000,-148.94000
-1.32000,0.39000,2.75000,0.00000,-4.32000,-1.01000,-2.12000,-62.01000,-112.05000
-1.32000,0.39000,2.82000,-0.02000,-4.05000,-2.44000,-2.56000,-62.01000,-112.05000
-1.32000,0.39000,2.88000,-0.02000,-3.32000,-2.11000,-1.03000,-84.23000,-77.81000
-1.31000,0.38000,2.90000,-1.00000,-2.20000,-2.13000,-1.00000,-84.23000,-77.81000
-1.31000,0.38000,2.87000,-2.53000,-0.91000,-2.14000,-0.99000,-82.65000,-86.74000
-1.31000,0.38000,2.81000,-3.40000,-0.06000,-2.13000,-0.99000,-82.65000,-86.74000
-1.30000,0.38000,2.74000,-3.88000,0.00000,-2.11000,-1.01000,-52.99000,-111.89000
-1.30000,0.38000,2.68000,-3.46000,0.00000,-3.09000,-3.06000,-52.99000,-111.89000
-1.30000,0.38000,2.63000,-2.66000,-0.02000,-1.03000,-2.11000,-28.08000,-134.93000
-1.29000,0.38000,2.61000,-1.49000,-0.50000,-1.00000,-2.12000,-28.08000,-134.93000
-1.29000,0.38000,2.65000,-0.25000,-2.39000,-0.97000,-2.16000,-42.06000,-140.93000
-1.29000,0.37000,2.71000,-0.06000,-3.49000,-0.98000,-2.14000,-42.06000,-140.93000
-1.28000,0.37000,2.79000,0.00000,-4.11000,-1.01000,-2.12000,-60.99000,-105.48000
-1.28000,0.37000,2.85000,-0.02000,-3.67000,-2.90000,-2.95000,-60.99000,-105.48000
-1.28000,0.37000,2.90000,-0.17000,-2.88000,-2.11000,-1.03000,-83.75000,-78.09000
-1.27000,0.37000,2.91000,-1.51000,-1.74000,-2.12000,-1.00000,-83.75000,-78.09000
-1.27000,0.37000,2.86000,-2.88000,-0.29000,-2.12000,-1.00000,-74.14000,-90.76000
-1.27000,0.37000,2.80000,-3.36000,-0.02000,-2.11000,-1.02000,-74.14000,-90.76000
-1.26000,0.37000,2.74000,-3.51000,0.00000,-3.26000,-3.29000,-67.19000,-146.47000
-1.26000,0.36000,2.70000,-3.38000,-1.62000,-1.01000,-2.11000,-67.19000,-146.47000
-1.25000,0.36000,2.71000,-3.03000,-3.36000,-1.00000,-2.12000,-32.41000,-124.63000
-1.24000,0.36000,2.74000,-2.08000,-3.86000,-1.01000,-2.12000,-32.41000,-124.63000
-1.24000,0.36000,2.79000,-0.87000,-3.80000,-1.02000,-2.11000,-37.91000,-93.81000
-1.24000,0.35000,2.85000,-0.12000,-3.11000,-3.09000,-3.13000,-37.91000,-93.81000
-1.23000,0.35000,2.89000,0.00000,-2.20000,-2.11000,-1.07000,-77.24000,-78.97000
-1.23000,0.35000,2.89000,-0.85000,-1.08000,-2.12000,-1.01000,-77.24000,-78.97000
-1.23000,0.35000,2.86000,-2.22000,-0.54000,-2.12000,-1.01000,-78.39000,-96.28000
-1.22000,0.35000,2.81000,-2.97000,-0.08000,-2.11000,-1.02000,-78.39000,-96.28000
-1.22000,0.35000,2.75000,-3.42000,-0.06000,-3.25000,-3.23000,-71.27000,-144.07000
-1.22000,0.35000,2.69000,-3.59000,-0.31000,-1.02000,-2.11000,-71.27000,-144.07000
-1.21000,0.35000,2.67000,-3.42000,-2.30000,-0.99000,-2.13000,-29.79000,-143.04000
-1.21000,0.34000,2.69000,-2.41000,-3.63000,-0.99000,-2.14000,-29.79000,-143.04000
-1.20000,0.34000,2.75000,-0.95000,-4.28000,-0.99000,-2.13000,-31.92000,-104.16000
-1.20000,0.34000,2.82000,-0.08000,-3.78000,-1.02000,-2.11000,-31.92000,-104.16000
-1.19000,0.34000,2.87000,0.00000,-2.97000,-3.26000,-3.24000,-92.36000,-109.58000
-1.19000,0.34000,2.89000,-1.33000,-2.51000,-2.11000,-1.02000,-92.36000,-109.58000
-1.18000,0.33000,2.88000,-3.13000,-2.16000,-2.12000,-1.01000,-75.55000,-91.94000
-1.18000,0.33000,2.84000,-3.76000,-1.74000,-2.11000,-1.01000,-75.55000,-91.94000
-1.17000,0.33000,2.79000,-3.80000,-1.29000,-2.26000,-1.68000,-45.99000,-104.43000
-1.17000,0.33000,2.76000,-3.09000,-1.27000,-2.99000,-3.03000,-45.99000,-104.43000
-1.16000,0.33000,2.75000,-2.10000,-1.64000,-1.03000,-2.11000,-28.55000,-117.62000
-1.16000,0.33000,2.77000,-0.98000,-2.16000,-1.02000,-2.11000,-28.55000,-117.62000
-1.16000,0.33000,2.82000,-0.06000,-2.66000,-1.22000,-2.14000,-50.74000,-109.77000
-1.15000,0.32000,2.87000,0.00000,-2.68000,-3.17000,-3.14000,-50.74000,-109.77000
-1.15000,0.32000,2.92000,0.00000,-2.59000,-2.11000,-1.02000,-80.16000,-85.06000
-1.15000,0.32000,2.94000,-0.81000,-1.99000,-2.13000,-1.00000,-80.16000,-85.06000
-1.14000,0.32000,2.92000,-2.22000,-1.06000,-2.14000,-0.99000,-81.09000,-84.97000
-1.14000,0.32000,2.87000,-3.13000,-0.35000,-2.13000,-1.00000,-81.09000,-84.97000
-1.14000,0.32000,2.81000,-3.69000,-0.50000,-2.11000,-1.02000,-53.79000,-103.94000
-1.13000,0.32000,2.75000,-3.28000,0.00000,-3.26000,-3.24000,-53.79000,-103.94000
-1.13000,0.32000,2.70000,-2.49000,0.00000,-1.02000,-2.11000,-29.14000,-129.55000
-1.13000,0.32000,2.68000,-1.41000,-0.02000,-1.00000,-2.12000,-29.14000,-129.55000
-1.13000,0.32000,2.68000,-0.21000,-0.23000,-0.99000,-2.13000,-43.15000,-142.29000
-1.13000,0.32000,2.72000,0.00000,-2.05000,-0.99000,-2.13000,-43.15000,-142.29000
-1.12000,0.31000,2.78000,0.00000,-3.46000,-1.01000,-2.12000,-62.04000,-124.27000
-1.12000,0.31000,2.85000,0.00000,-3.78000,-1.80000,-2.30000,-62.04000,-124.27000
-1.11000,0.31000,2.91000,-0.02000,-3.69000,-2.12000,-1.14000,-84.81000,-84.06000
-1.11000,0.31000,2.95000,-0.93000,-2.70000,-2.13000,-1.00000,-84.81000,-84.06000
-1.11000,0.31000,2.93000,-2.53000,-1.43000,-2.14000,-0.99000,-83.82000,-82.16000
-1.10000,0.31000,2.88000,-3.42000,-0.73000,-2.13000,-0.99000,-83.82000,-82.16000
-1.10000,0.31000,2.81000,-3.92000,0.00000,-2.11000,-1.01000,-53.31000,-101.83000
-1.09000,0.31000,2.74000,-3.61000,-0.02000,-3.21000,-3.18000,-53.31000,-101.83000
-1.09000,0.31000,2.69000,-2.74000,-0.06000,-1.02000,-2.11000,-26.23000,-130.55000
-1.09000,0.30000,2.70000,-1.49000,-1.62000,-1.00000,-2.13000,-26.23000,-130.55000
-1.08000,0.30000,2.74000,-0.25000,-2.91000,-1.00000,-2.13000,-42.14000,-119.38000
-1.08000,0.30000,2.80000,0.00000,-3.34000,-1.02000,-2.11000,-42.14000,-119.38000
-1.08000,0.30000,2.86000,0.00000,-3.36000,-3.27000,-3.29000,-95.63000,-114.13000
-1.07000,0.30000,2.90000,-1.24000,-3.11000,-2.11000,-1.02000,-95.63000,-114.13000
-1.07000,0.30000,2.89000,-3.15000,-2.76000,-2.12000,-1.00000,-79.36000,-82.94000
-1.06000,0.29000,2.86000,-3.86000,-1.93000,-2.12000,-1.01000,-79.36000,-82.94000
-1.06000,0.29000,2.80000,-4.01000,-0.89000,-2.11000,-1.02000,-45.21000,-88.21000
-1.05000,0.29000,2.75000,-3.38000,-0.75000,-3.22000,-3.19000,-45.21000,-88.21000
-1.05000,0.29000,2.71000,-2.32000,-0.04000,-1.12000,-2.12000,-27.01000,-117.00000
-1.05000,0.29000,2.70000,-1.12000,-0.75000,-1.01000,-2.12000,-27.01000,-117.00000
-1.04000,0.29000,2.74000,-0.08000,-1.78000,-1.01000,-2.12000,-45.68000,-125.25000
-1.04000,0.29000,2.78000,-0.04000,-2.53000,-1.02000,-2.11000,-45.68000,-125.25000
-1.04000,0.29000,2.84000,-0.08000,-3.13000,-2.91000,-2.96000,-89.78000,-119.32000
-1.03000,0.29000,2.87000,-1.16000,-3.21000,-2.13000,-1.15000,-89.78000,-119.32000
-1.03000,0.28000,2.88000,-2.82000,-3.01000,-2.11000,-1.01000,-78.22000,-82.41000
-1.02000,0.28000,2.85000,-3.65000,-2.14000,-2.12000,-1.01000,-78.22000,-82.41000
-1.02000,0.28000,2.80000,-3.86000,-1.08000,-2.11000,-1.02000,-46.50000,-85.43000
-1.01000,0.28000,2.75000,-3.28000,-0.33000,-3.01000,-2.96000,-46.50000,-85.43000
-1.01000,0.28000,2.70000,-2.32000,-0.06000,-1.19000,-2.13000,-28.99000,-122.51000
-1.01000,0.28000,2.70000,-1.20000,-1.04000,-1.01000,-2.11000,-28.99000,-122.51000
-1.00000,0.28000,2.74000,-0.12000,-2.18000,-1.01000,-2.12000,-44.91000,-122.51000
-1.00000,0.27000,2.79000,-0.15000,-2.74000,-1.03000,-2.11000,-44.91000,-122.51000
-1.00000,0.27000,2.84000,-0.02000,-3.07000,-3.24000,-3.27000,-93.12000,-120.74000
-0.99000,0.27000,2.87000,-1.31000,-3.11000,-2.11000,-1.03000,-93.12000,-120.74000
-0.99000,0.27000,2.87000,-3.07000,-2.99000,-2.12000,-1.01000,-77.43000,-84.44000
-0.98000,0.27000,2.84000,-3.75000,-2.12000,-2.12000,-1.01000,-77.43000,-84.44000
-0.98000,0.27000,2.79000,-3.90000,-1.12000,-2.11000,-1.01000,-45.47000,-86.80000
-0.97000,0.26000,2.74000,-3.24000,-0.56000,-2.29000,-1.77000,-45.47000,-86.80000
-0.97000,0.26000,2.70000,-2.20000,-0.02000,-2.89000,-2.93000,-54.97000,-132.34000
-0.97000,0.26000,2.69000,-1.68000,-0.93000,-1.02000,-2.11000,-54.97000,-132.34000
-0.96000,0.26000,2.71000,-1.39000,-2.49000,-1.01000,-2.11000,-48.10000,-128.65000
-0.96000,0.26000,2.75000,-1.10000,-3.22000,-1.02000,-2.11000,-48.10000,-128.65000
-0.95000,0.26000,2.80000,-0.87000,-3.53000,-1.67000,-2.25000,-62.63000,-103.62000
-0.95000,0.26000,2.84000,-1.06000,-3.20000,-3.07000,-3.03000,-62.63000,-103.62000
-0.94000,0.25000,2.86000,-1.49000,-2.59000,-2.11000,-1.02000,-73.24000,-79.65000
-0.94000,0.25000,2.85000,-2.03000,-1.66000,-2.12000,-1.01000,-73.24000,-79.65000
-0.94000,0.25000,2.80000,-2.74000,-0.31000,-3.25000,-3.27000,-82.01000,-123.42000
-0.93000,0.25000,2.76000,-3.19000,-0.62000,-1.03000,-2.11000,-82.01000,-123.42000
-0.93000,0.25000,2.73000,-3.61000,-1.91000,-1.00000,-2.12000,-38.25000,-131.40000
-0.92000,0.25000,2.72000,-3.03000,-2.78000,-0.99000,-2.13000,-38.25000,-131.40000
-0.92000,0.24000,2.76000,-1.70000,-3.53000,-0.99000,-2.14000,-27.36000,-108.28000
-0.91000,0.24000,2.81000,-0.56000,-3.44000,-1.00000,-2.12000,-27.36000,-108.28000
-0.91000,0.24000,2.86000,-0.02000,-3.01000,-1.02000,-2.11000,-52.67000,-93.97000
-0.91000,0.24000,2.91000,0.00000,-2.39000,-3.29000,-3.26000,-52.67000,-93.97000
-0.90000,0.24000,2.94000,0.00000,-1.74000,-2.11000,-1.04000,-80.09000,-85.82000
-0.90000,0.24000,2.95000,-0.56000,-1.16000,-2.11000,-1.01000,-80.09000,-85.82000
-0.90000,0.24000,2.92000,-2.05000,-0.29000,-2.12000,-1.01000,-84.53000,-95.63000
-0.90000,0.24000,2.86000,-3.09000,-0.04000,-2.11000,-1.02000,-84.53000,-95.63000
-0.89000,0.24000,2.79000,-3.71000,-0.02000,-3.29000,-3.26000,-73.40000,-145.28000
-0.89000,0.23000,2.75000,-3.82000,-1.47000,-1.02000,-2.11000,-73.40000,-145.28000
-0.88000,0.23000,2.74000,-3.71000,-3.24000,-1.00000,-2.13000,-29.39000,-126.12000
-0.87000,0.23000,2.76000,-2.64000,-3.82000,-0.99000,-2.13000,-29.39000,-126.12000
-0.87000,0.23000,2.82000,-1.04000,-3.90000,-1.00000,-2.12000,-30.26000,-94.81000
-0.86000,0.23000,2.87000,-0.15000,-3.13000,-1.03000,-2.11000,-30.26000,-94.81000
-0.86000,0.22000,2.91000,0.00000,-2.22000,-3.26000,-3.24000,-91.75000,-111.64000
-0.86000,0.22000,2.93000,-1.08000,-2.03000,-2.11000,-1.04000,-91.75000,-111.64000
-0.85000,0.22000,2.91000,-2.80000,-2.05000,-2.11000,-1.02000,-79.10000,-95.44000
-0.85000,0.22000,2.88000,-3.63000,-1.76000,-2.11000,-1.03000,-79.10000,-95.44000
-0.84000,0.22000,2.83000,-3.90000,-1.35000,-2.93000,-2.88000,-59.34000,-121.36000
-0.84000,0.22000,2.80000,-3.57000,-1.81000,-1.82000,-2.30000,-59.34000,-121.36000
-0.83000,0.22000,2.79000,-3.05000,-2.43000,-1.02000,-2.11000,-27.36000,-115.83000
-0.83000,0.21000,2.80000,-1.95000,-2.72000,-1.01000,-2.11000,-27.36000,-115.83000
-0.82000,0.21000,2.85000,-0.54000,-2.86000,-1.02000,-2.11000,-36.32000,-103.95000
-0.82000,0.21000,2.89000,-0.04000,-2.59000,-2.75000,-2.82000,-36.32000,-103.95000
-0.82000,0.21000,2.93000,0.00000,-2.24000,-2.39000,-2.06000,-80.00000,-101.51000
-0.81000,0.21000,2.95000,-0.75000,-1.93000,-2.11000,-1.01000,-80.00000,-101.51000
-0.81000,0.21000,2.95000,-2.12000,-1.66000,-2.12000,-1.01000,-79.43000,-92.43000
-0.80000,0.21000,2.91000,-3.03000,-1.24000,-2.12000,-1.01000,-79.43000,-92.43000
-0.80000,0.21000,2.86000,-3.61000,-0.75000,-2.11000,-1.02000,-53.21000,-97.42000
-0.80000,0.21000,2.82000,-3.26000,-0.83000,-3.30000,-3.27000,-53.21000,-97.42000
-0.79000,0.21000,2.79000,-2.53000,-0.89000,-1.06000,-2.11000,-28.49000,-118.58000
-0.79000,0.20000,2.79000,-1.47000,-1.49000,-1.01000,-2.11000,-28.49000,-118.58000
-0.79000,0.20000,2.82000,-0.33000,-2.26000,-1.01000,-2.11000,-41.38000,-116.35000
-0.78000,0.20000,2.87000,0.00000,-2.59000,-1.11000,-2.12000,-41.38000,-116.35000
-0.78000,0.20000,2.92000,0.00000,-2.72000,-3.24000,-3.22000,-94.20000,-120.14000
-0.78000,0.20000,2.95000,-1.08000,-2.82000,-2.11000,-1.02000,-94.20000,-120.14000
-0.77000,0.20000,2.95000,-2.90000,-2.90000,-2.12000,-1.01000,-80.62000,-87.33000
-0.76000,0.20000,2.92000,-3.73000,-2.20000,-2.12000,-1.01000,-80.62000,-87.33000
-0.76000,0.20000,2.87000,-4.05000,-1.24000,-2.11000,-1.01000,-46.86000,-85.89000
-0.75000,0.20000,2.82000,-3.38000,-0.56000,-3.01000,-2.97000,-46.86000,-85.89000
-0.75000,0.19000,2.78000,-2.24000,0.00000,-1.26000,-2.15000,-29.66000,-120.34000
-0.75000,0.19000,2.78000,-1.08000,-1.12000,-1.01000,-2.11000,-29.66000,-120.34000
-0.75000,0.19000,2.82000,-0.12000,-2.18000,-1.01000,-2.11000,-47.73000,-120.95000
-0.74000,0.19000,2.87000,0.00000,-2.74000,-1.11000,-2.12000,-47.73000,-120.95000
-0.74000,0.19000,2.92000,0.00000,-2.99000,-3.20000,-3.17000,-96.29000,-118.44000
-0.74000,0.19000,2.95000,-1.20000,-2.90000,-2.11000,-1.02000,-96.29000,-118.44000
-0.73000,0.19000,2.95000,-3.03000,-2.86000,-2.12000,-1.00000,-81.30000,-86.09000
-0.72000,0.19000,2.92000,-3.78000,-2.20000,-2.12000,-1.00000,-81.30000,-86.09000
-0.72000,0.19000,2.87000,-4.07000,-1.20000,-2.11000,-1.01000,-48.05000,-85.39000
-0.71000,0.18000,2.82000,-3.53000,-0.64000,-2.83000,-2.77000,-48.05000,-85.39000
-0.71000,0.18000,2.78000,-2.43000,-0.06000,-1.44000,-2.19000,-31.75000,-119.27000
-0.71000,0.18000,2.76000,-1.27000,-0.17000,-1.01000,-2.11000,-31.75000,-119.27000
-0.71000,0.18000,2.78000,-0.29000,-1.58000,-1.00000,-2.12000,-46.59000,-134.69000
-0.70000,0.18000,2.83000,0.00000,-2.66000,-1.01000,-2.11000,-46.59000,-134.69000
-0.70000,0.18000,2.89000,0.00000,-3.53000,-2.02000,-2.37000,-79.20000,-112.87000
-0.70000,0.18000,2.94000,-0.46000,-3.36000,-2.14000,-1.23000,-79.20000,-112.87000
-0.69000,0.18000,2.96000,-1.85000,-2.90000,-2.12000,-1.01000,-86.00000,-80.10000
-0.68000,0.18000,2.94000,-2.95000,-1.97000,-2.13000,-1.00000,-86.00000,-80.10000
-0.68000,0.18000,2.89000,-3.76000,-0.81000,-2.12000,-1.00000,-58.68000,-86.78000
-0.68000,0.18000,2.83000,-3.61000,-0.33000,-2.11000,-1.04000,-58.68000,-86.78000
-0.67000,0.17000,2.79000,-2.99000,-0.48000,-3.09000,-3.12000,-58.24000,-137.30000
-0.67000,0.17000,2.75000,-2.47000,-0.33000,-1.02000,-2.11000,-58.24000,-137.30000
-0.66000,0.17000,2.75000,-2.09000,-2.16000,-1.00000,-2.12000,-40.96000,-139.06000
-0.66000,0.17000,2.78000,-1.49000,-3.34000,-1.00000,-2.12000,-40.96000,-139.06000
-0.65000,0.17000,2.84000,-0.71000,-4.07000,-1.01000,-2.11000,-46.94000,-104.50000
-0.65000,0.17000,2.91000,-0.37000,-3.78000,-3.13000,-3.16000,-46.94000,-104.50000
-0.65000,0.16000,2.95000,-0.35000,-2.99000,-2.11000,-1.02000,-77.24000,-74.29000
-0.64000,0.16000,2.96000,-1.18000,-1.76000,-2.12000,-1.00000,-77.24000,-74.29000
-0.64000,0.16000,2.93000,-2.32000,-0.50000,-2.13000,-1.00000,-75.83000,-87.55000
-0.64000,0.16000,2.88000,-2.99000,0.00000,-2.12000,-1.01000,-75.83000,-87.55000
-0.63000,0.16000,2.82000,-3.32000,-0.02000,-2.27000,-1.70000,-56.49000,-120.00000
-0.63000,0.16000,2.77000,-2.97000,-0.52000,-1.78000,-2.29000,-56.49000,-120.00000
-0.63000,0.16000,2.76000,-2.37000,-1.72000,-1.01000,-2.11000,-33.67000,-128.57000
-0.62000,0.16000,2.78000,-1.51000,-2.55000,-1.01000,-2.12000,-33.67000,-128.57000
-0.62000,0.16000,2.83000,-0.50000,-3.24000,-1.01000,-2.11000,-43.72000,-107.62000
-0.61000,0.15000,2.89000,0.00000,-3.18000,-2.14000,-2.42000,-43.72000,-107.62000
-0.61000,0.15000,2.94000,-0.02000,-2.76000,-2.24000,-1.62000,-81.84000,-88.21000
-0.61000,0.15000,2.95000,-1.14000,-1.93000,-2.12000,-1.01000,-81.84000,-88.21000
-0.60000,0.15000,2.93000,-2.49000,-1.14000,-2.12000,-1.00000,-76.41000,-88.35000
-0.60000,0.15000,2.88000,-3.20000,-0.79000,-2.11000,-1.01000,-76.41000,-88.35000
-0.59000,0.15000,2.82000,-3.53000,-0.15000,-2.13000,-1.19000,-51.62000,-102.74000
-0.59000,0.15000,2.77000,-3.15000,-0.23000,-2.53000,-2.62000,-51.62000,-102.74000
-0.59000,0.15000,2.75000,-2.32000,-1.06000,-1.01000,-2.11000,-29.04000,-127.38000
-0.58000,0.15000,2.76000,-1.29000,-1.97000,-1.00000,-2.12000,-29.04000,-127.38000
-0.58000,0.15000,2.81000,-0.25000,-2.95000,-1.00000,-2.12000,-44.11000,-112.67000
-0.58000,0.14000,2.86000,0.00000,-3.13000,-1.03000,-2.11000,-44.11000,-112.67000
-0.57000,0.14000,2.92000,0.00000,-2.95000,-3.27000,-3.24000,-95.64000,-112.91000
-0.57000,0.14000,2.94000,-1.37000,-2.70000,-2.11000,-1.02000,-95.64000,-112.91000
-0.56000,0.14000,2.93000,-3.19000,-2.47000,-2.12000,-1.01000,-77.48000,-86.63000
-0.56000,0.14000,2.89000,-3.80000,-1.89000,-2.12000,-1.01000,-77.48000,-86.63000
-0.55000,0.14000,2.84000,-3.84000,-1.10000,-2.11000,-1.02000,-45.38000,-88.80000
-0.55000,0.14000,2.80000,-3.15000,-0.58000,-3.13000,-3.09000,-45.38000,-88.80000
-0.55000,0.14000,2.76000,-2.12000,0.00000,-1.37000,-2.17000,-33.85000,-120.49000
-0.54000,0.14000,2.76000,-1.04000,-1.10000,-1.01000,-2.11000,-33.85000,-120.49000
-0.54000,0.13000,2.80000,-0.23000,-2.20000,-1.01000,-2.11000,-49.49000,-121.37000
-0.54000,0.13000,2.85000,0.00000,-2.80000,-1.04000,-2.11000,-49.49000,-121.37000
-0.53000,0.13000,2.90000,0.00000,-3.13000,-3.29000,-3.27000,-99.14000,-119.25000
-0.53000,0.13000,2.94000,-1.26000,-3.09000,-2.11000,-1.02000,-99.14000,-119.25000
-0.52000,0.13000,2.93000,-3.24000,-2.90000,-2.12000,-1.00000,-82.37000,-83.73000
-0.52000,0.13000,2.89000,-4.11000,-2.18000,-2.24000,-1.62000,-82.37000,-83.73000
-0.51000,0.13000,2.84000,-4.32000,-1.20000,-3.25000,-3.28000,-61.76000,-118.97000
-0.50000,0.12000,2.79000,-3.98000,-1.31000,-1.02000,-2.11000,-61.76000,-118.97000
-0.50000,0.12000,2.77000,-3.36000,-2.12000,-1.00000,-2.13000,-24.71000,-121.39000
-0.49000,0.12000,2.78000,-2.08000,-2.76000,-0.99000,-2.14000,-24.71000,-121.39000
-0.49000,0.12000,2.83000,-0.56000,-3.15000,-0.99000,-2.13000,-35.33000,-104.59000
-0.49000,0.12000,2.88000,0.00000,-2.97000,-1.01000,-2.11000,-35.33000,-104.59000
-0.48000,0.12000,2.93000,0.00000,-2.59000,-2.48000,-2.58000,-82.29000,-104.41000
-0.48000,0.12000,2.96000,-0.75000,-2.32000,-2.54000,-2.41000,-82.29000,-104.41000
-0.48000,0.12000,2.95000,-2.24000,-1.97000,-2.11000,-1.02000,-80.34000,-88.40000
-0.47000,0.11000,2.92000,-3.13000,-1.39000,-2.11000,-1.03000,-80.34000,-88.40000
-0.47000,0.11000,2.87000,-3.61000,-0.79000,-2.94000,-2.89000,-65.19000,-122.59000
-0.46000,0.11000,2.83000,-3.51000,-1.51000,-1.36000,-2.17000,-65.19000,-122.59000
-0.46000,0.11000,2.82000,-3.22000,-2.30000,-1.01000,-2.11000,-29.54000,-118.04000
-0.45000,0.11000,2.83000,-2.18000,-2.82000,-1.01000,-2.12000,-29.54000,-118.04000
-0.45000,0.11000,2.87000,-0.79000,-3.03000,-1.01000,-2.11000,-34.47000,-102.06000
-0.44000,0.11000,2.92000,-0.02000,-2.72000,-1.18000,-2.13000,-34.47000,-102.06000
-0.44000,0.11000,2.96000,0.00000,-2.28000,-3.15000,-3.11000,-91.85000,-114.36000
-0.44000,0.11000,2.97000,-1.35000,-2.20000,-2.11000,-1.02000,-91.85000,-114.36000
-0.43000,0.10000,2.96000,-2.99000,-2.26000,-2.11000,-1.01000,-75.14000,-93.01000
-0.42000,0.10000,2.93000,-3.69000,-1.78000,-2.11000,-1.02000,-75.14000,-93.01000
-0.42000,0.10000,2.88000,-3.80000,-1.20000,-2.62000,-2.54000,-52.27000,-114.95000
-0.41000,0.10000,2.85000,-3.28000,-1.54000,-2.35000,-2.51000,-52.27000,-114.95000
-0.41000,0.10000,2.84000,-2.53000,-1.95000,-1.02000,-2.11000,-28.00000,-116.75000
-0.40000,0.10000,2.85000,-1.45000,-2.28000,-1.01000,-2.11000,-28.00000,-116.75000
-0.40000,0.10000,2.89000,-0.31000,-2.59000,-1.02000,-2.11000,-41.87000,-108.95000
-0.40000,0.10000,2.94000,0.00000,-2.57000,-3.09000,-3.12000,-41.87000,-108.95000
-0.40000,0.10000,2.98000,-0.02000,-2.41000,-2.16000,-1.32000,-78.15000,-91.76000
-0.39000,0.10000,3.00000,-0.77000,-1.89000,-2.11000,-1.01000,-78.15000,-91.76000
-0.39000,0.09000,2.99000,-2.08000,-1.25000,-2.12000,-1.00000,-79.03000,-89.75000
-0.39000,0.09000,2.95000,-2.97000,-0.85000,-2.12000,-1.01000,-79.03000,-89.75000
-0.38000,0.09000,2.89000,-3.49000,-0.12000,-2.11000,-1.03000,-53.92000,-100.47000
-0.38000,0.09000,2.83000,-3.15000,-0.12000,-3.05000,-3.09000,-53.92000,-100.47000
-0.38000,0.09000,2.79000,-2.41000,-0.02000,-1.01000,-2.11000,-29.55000,-128.59000
-0.37000,0.09000,2.79000,-1.41000,-1.37000,-1.00000,-2.13000,-29.55000,-128.59000
-0.37000,0.09000,2.83000,-0.21000,-2.64000,-1.00000,-2.13000,-42.60000,-122.10000
-0.37000,0.09000,2.89000,-0.02000,-3.17000,-1.01000,-2.11000,-42.60000,-122.10000
-0.36000,0.09000,2.95000,-0.08000,-3.28000,-3.02000,-3.06000,-91.35000,-113.56000
-0.36000,0.09000,2.98000,-1.18000,-3.03000,-2.11000,-1.05000,-91.35000,-113.56000
-0.35000,0.09000,2.98000,-2.80000,-2.76000,-2.11000,-1.01000,-78.31000,-84.33000
-0.35000,0.08000,2.96000,-3.47000,-2.01000,-2.11000,-1.01000,-78.31000,-84.33000
-0.34000,0.08000,2.91000,-3.74000,-0.95000,-2.11000,-1.02000,-49.53000,-87.62000
-0.34000,0.08000,2.86000,-3.26000,-0.54000,-3.28000,-3.25000,-49.53000,-87.62000
-0.33000,0.08000,2.81000,-2.30000,-0.02000,-1.04000,-2.11000,-28.54000,-120.04000
-0.33000,0.08000,2.81000,-1.20000,-0.85000,-1.01000,-2.12000,-28.54000,-120.04000
-0.33000,0.08000,2.84000,-0.15000,-1.99000,-1.01000,-2.12000,-45.50000,-125.00000
-0.33000,0.08000,2.89000,0.00000,-2.74000,-1.02000,-2.11000,-45.50000,-125.00000
-0.32000,0.08000,2.95000,0.00000,-3.17000,-3.08000,-3.12000,-93.54000,-119.24000
-0.32000,0.08000,2.98000,-1.31000,-3.13000,-2.11000,-1.04000,-93.54000,-119.24000
-0.31000,0.08000,2.98000,-3.01000,-2.99000,-2.11000,-1.01000,-77.90000,-84.01000
-0.30000,0.08000,2.96000,-3.65000,-2.24000,-2.12000,-1.01000,-77.90000,-84.01000
-0.30000,0.07000,2.91000,-3.80000,-1.12000,-2.11000,-1.02000,-47.45000,-84.78000
-0.30000,0.07000,2.86000,-3.28000,-0.64000,-3.20000,-3.17000,-47.45000,-84.78000
-0.29000,0.07000,2.82000,-2.28000,0.00000,-1.14000,-2.12000,-29.26000,-117.96000
-0.29000,0.07000,2.80000,-1.04000,0.00000,-1.01000,-2.12000,-29.26000,-117.96000
-0.29000,0.07000,2.80000,-0.06000,0.00000,-1.00000,-2.12000,-47.99000,-136.49000
-0.29000,0.07000,2.80000,0.00000,0.00000,-1.00000,-2.12000,-47.99000,-136.49000
-0.29000,0.07000,2.80000,0.00000,0.00000,-1.00000,-2.12000,-63.34000,-149.24000
-0.29000,0.07000,2.80000,-0.02000,-0.02000,-1.00000,-2.12000,-63.34000,-149.24000
-0.29000,0.07000,2.82000,0.00000,-1.35000,-1.00000,-2.12000,-69.04000,-161.67000
-0.29000,0.07000,2.88000,-0.46000,-3.46000,-1.01000,-2.11000,-69.04000,-161.67000
-0.28000,0.07000,2.94000,-1.29000,-4.54000,-2.45000,-2.56000,-90.08000,-129.18000
-0.27000,0.07000,2.97000,-2.43000,-4.29000,-2.15000,-1.29000,-90.08000,-129.18000
-0.26000,0.07000,2.97000,-3.51000,-3.69000,-2.11000,-1.01000,-67.39000,-88.09000
-0.26000,0.06000,2.96000,-3.61000,-2.76000,-2.11000,-1.01000,-67.39000,-88.09000
-0.25000,0.06000,2.93000,-3.36000,-1.72000,-2.11000,-1.02000,-47.70000,-91.47000
-0.25000,0.06000,2.90000,-2.74000,-1.20000,-2.17000,-1.38000,-47.70000,-91.47000
-0.24000,0.06000,2.88000,-1.95000,-1.06000,-3.25000,-3.22000,-68.83000,-137.38000
-0.24000,0.06000,2.89000,-1.87000,-2.01000,-3.15000,-3.18000,-68.83000,-137.38000
-0.23000,0.06000,2.90000,-2.24000,-3.15000,-3.20000,-3.23000,-84.30000,-137.53000
-0.23000,0.06000,2.92000,-2.78000,-3.73000,-3.20000,-3.17000,-84.30000,-137.53000
-0.22000,0.06000,2.93000,-3.36000,-4.09000,-2.39000,-2.06000,-66.47000,-101.50000
-0.21000,0.05000,2.94000,-3.40000,-3.55000,-2.11000,-1.09000,-66.47000,-101.50000
-0.20000,0.05000,2.93000,-3.15000,-2.66000,-2.11000,-1.05000,-50.52000,-79.00000
-0.20000,0.05000,2.91000,-2.61000,-1.62000,-2.13000,-1.19000,-50.52000,-79.00000
-0.20000,0.05000,2.89000,-1.93000,-0.83000,-2.78000,-2.71000,-64.64000,-117.93000
-0.19000,0.05000,2.87000,-1.85000,-0.75000,-3.29000,-3.27000,-64.64000,-117.93000
-0.19000,0.05000,2.86000,-2.10000,-1.76000,-2.75000,-2.81000,-76.73000,-139.07000
-0.18000,0.05000,2.87000,-2.36000,-2.84000,-2.15000,-2.43000,-76.73000,-139.07000
-0.18000,0.05000,2.89000,-2.78000,-3.67000,-2.83000,-2.89000,-75.64000,-121.17000
-0.17000,0.04000,2.90000,-3.01000,-3.73000,-3.26000,-3.29000,-75.64000,-121.17000
-0.16000,0.04000,2.91000,-3.15000,-3.59000,-3.17000,-3.13000,-73.77000,-111.75000
-0.16000,0.04000,2.91000,-3.07000,-3.32000,-2.85000,-2.79000,-73.77000,-111.75000
-0.15000,0.04000,2.91000,-3.15000,-2.97000,-2.52000,-2.36000,-64.09000,-102.82000
-0.14000,0.04000,2.90000,-3.03000,-2.61000,-2.67000,-2.58000,-64.09000,-102.82000
-0.14000,0.04000,2.90000,-2.74000,-2.34000,-3.01000,-2.97000,-68.81000,-116.78000
-0.13000,0.03000,2.89000,-2.61000,-2.41000,-3.20000,-3.17000,-68.81000,-116.78000
-0.13000,0.03000,2.89000,-2.72000,-2.41000,-3.26000,-3.23000,-78.62000,-125.94000
-0.12000,0.03000,2.88000,-2.95000,-2.82000,-3.27000,-3.30000,-78.62000,-125.94000
-0.11000,0.03000,2.88000,-3.26000,-3.26000,-3.26000,-3.29000,-77.54000,-125.49000
-0.11000,0.03000,2.88000,-3.49000,-3.38000,-3.26000,-3.29000,-77.54000,-125.49000
-0.10000,0.03000,2.88000,-3.57000,-3.44000,-3.24000,-3.27000,-71.05000,-119.60000
-0.09000,0.02000,2.88000,-3.42000,-3.49000,-3.20000,-3.23000,-71.05000,-119.60000
-0.08000,0.02000,2.88000,-3.26000,-3.26000,-3.21000,-3.24000,-70.11000,-116.96000
-0.08000,0.02000,2.88000,-3.07000,-3.05000,-3.20000,-3.23000,-70.11000,-116.96000
-0.07000,0.02000,2.88000,-2.84000,-2.97000,-3.19000,-3.21000,-73.71000,-121.63000
-0.06000,0.02000,2.89000,-2.82000,-3.11000,-3.21000,-3.24000,-73.71000,-121.63000
-0.06000,0.01000,2.89000,-3.03000,-3.22000,-3.26000,-3.29000,-79.30000,-122.80000
-0.05000,0.01000,2.89000,-3.30000,-3.28000,-3.29000,-3.27000,-79.30000,-122.80000
-0.04000,0.01000,2.89000,-3.53000,-3.38000,-3.29000,-3.27000,-75.26000,-121.07000
-0.04000,0.01000,2.89000,-3.57000,-3.36000,-3.27000,-3.29000,-75.26000,-121.07000
-0.03000,0.01000,2.88000,-3.65000,-3.26000,-3.23000,-3.25000,-70.17000,-119.54000
-0.02000,0.01000,2.87000,-3.49000,-3.20000,-3.01000,-3.05000,-70.17000,-119.54000
-0.01000,0.00000,2.87000,-3.28000,-3.24000,-0.31000,0.32000,-25.61000,-67.77000
-0.01000,0.00000,2.87000,-2.18000,-2.03000,-0.33000,0.34000,-25.61000,-67.77000
-0.01000,0.00000,2.87000,-0.56000,-0.54000,-0.34000,0.35000,-26.59000,-63.62000
-0.01000,0.00000,2.87000,-0.02000,0.00000,-0.34000,0.36000,-26.59000,-63.62000
-0.01000,0.00000,2.87000,0.00000,0.00000,-0.34000,0.36000,-47.98000,-79.76000
-0.01000,0.00000,2.87000,-0.12000,0.00000,-0.34000,0.36000,-47.98000,-79.76000
-0.01000,0.00000,2.86000,-0.25000,0.00000,-0.35000,0.36000,-48.40000,-77.56000
-0.01000,0.00000,2.86000,-0.35000,0.00000,-0.35000,0.37000,-48.40000,-77.56000
-0.01000,0.00000,2.85000,-0.37000,0.00000,-0.36000,0.38000,-46.55000,-75.12000
-0.01000,0.00000,2.84000,-0.42000,0.00000,-0.37000,0.39000,-46.55000,-75.12000
-0.01000,0.00000,2.83000,-0.39000,0.00000,-0.38000,0.40000,-45.96000,-72.49000
-0.01000,0.00000,2.83000,-0.19000,0.00000,-0.39000,0.41000,-45.96000,-72.49000
-0.01000,0.00000,2.83000,-0.21000,0.00000,-0.40000,0.42000,-49.39000,-69.82000
-0.00000,0.00000,2.82000,-0.37000,0.00000,-0.40000,0.43000,-49.39000,-69.82000
-0.00000,0.00000,2.81000,-0.52000,0.00000,-0.41000,0.44000,-48.01000,-67.05000
-0.00000,0.00000,2.80000,-0.58000,0.00000,-0.42000,0.45000,-48.01000,-67.05000
-0.00000,0.00000,2.79000,-0.62000,0.00000,-0.43000,0.47000,-45.39000,-63.99000
-0.00000,-0.00000,2.78000,-0.56000,0.00000,-0.43000,0.48000,-45.39000,-63.99000
-0.00000,-0.00000,2.77000,-0.42000,0.00000,-0.44000,0.50000,-44.99000,-60.74000
-0.00000,-0.00000,2.77000,-0.35000,0.00000,-0.44000,0.51000,-44.99000,-60.74000
-0.00000,-0.00000,2.76000,-0.21000,0.00000,-0.45000,0.51000,-47.46000,-57.49000
-0.00000,-0.00000,2.76000,-0.29000,0.00000,-0.45000,0.52000,-47.46000,-57.49000
-0.00000,-0.00000,2.75000,-0.39000,0.00000,-0.45000,0.53000,-48.99000,-54.23000
-0.00000,-0.00000,2.74000,-0.54000,0.00000,-0.45000,0.53000,-48.99000,-54.23000
0.00000,-0.00000,2.73000,-0.64000,0.00000,-0.45000,0.55000,-46.20000,-50.76000
0.00000,-0.00000,2.72000,-0.52000,0.00000,-0.45000,0.56000,-46.20000,-50.76000
0.00000,-0.00000,2.71000,-0.46000,0.00000,-0.44000,0.57000,-45.84000,-47.06000
0.00000,-0.00000,2.70000,-0.46000,0.00000,-0.43000,0.59000,-45.84000,-47.06000
0.00000,-0.00000,2.69000,-0.46000,0.00000,-0.43000,0.60000,-46.11000,-43.26000
0.00000,-0.00000,2.69000,-0.42000,0.00000,-0.42000,0.61000,-46.11000,-43.26000
0.00000,-0.00000,2.68000,-0.50000,0.00000,-0.41000,0.62000,-46.27000,-39.28000
0.00000,-0.00000,2.67000,-0.50000,0.00000,-0.39000,0.64000,-46.27000,-39.28000
0.00000,-0.00000,2.66000,-0.50000,0.00000,-0.38000,0.66000,-44.55000,-35.03000
0.00000,-0.00000,2.65000,-0.37000,0.00000,-0.36000,0.68000,-44.55000,-35.03000
0.01000,-0.00000,2.65000,-0.33000,0.00000,-0.35000,0.69000,-45.22000,-30.58000
0.01000,-0.00000,2.64000,-0.33000,0.00000,-0.33000,0.71000,-45.22000,-30.58000
0.01000,-0.00000,2.63000,-0.35000,0.00000,-0.32000,0.72000,-45.22000,-25.97000
0.01000,-0.00000,2.63000,-0.39000,0.00000,-0.30000,0.74000,-45.22000,-25.97000
0.01000,-0.00000,2.62000,-0.42000,0.00000,-0.27000,0.76000,-43.57000,-21.03000
0.01000,-0.00000,2.61000,-0.39000,0.00000,-0.25000,0.79000,-43.57000,-21.03000
0.01000,-0.00000,2.61000,-0.27000,0.00000,-0.22000,0.81000,-42.06000,-15.71000
0.01000,-0.00000,2.60000,-0.15000,0.00000,-0.20000,0.83000,-42.06000,-15.71000
0.01000,-0.00000,2.60000,-0.08000,0.00000,-0.19000,0.84000,-44.29000,-10.38000
0.01000,-0.00000,2.60000,0.00000,0.00000,-0.18000,0.85000,-44.29000,-10.38000
0.01000,-0.00000,2.60000,0.00000,0.00000,-0.18000,0.85000,-46.65000,-5.24000
0.01000,-0.00000,2.60000,0.00000,0.00000,-0.18000,0.85000,-46.65000,-5.24000
0.01000,-0.00000,2.60000,0.00000,0.00000,-0.18000,0.85000,-47.76000,-0.15000
0.01000,-0.00000,2.60000,0.00000,0.00000,-0.18000,0.85000,-47.76000,-0.15000
0.01000,-0.00000,2.60000,0.00000,0.00000,-0.18000,0.85000,-48.87000,4.94000
0.01000,-0.00000,2.60000,0.00000,0.00000,-0.18000,0.85000,-48.87000,4.94000
0.01000,-0.00000,2.60000,0.00000,0.00000,-0.18000,0.85000,-49.97000,10.03000
0.01000,-0.00000,2.60000,0.00000,0.00000,-0.18000,0.85000,-49.97000,10.03000
0.01000,-0.00000,2.60000,0.00000,0.00000,-0.18000,0.85000,-51.08000,15.12000
0.01000,-0.00000,2.60000,0.00000,0.00000,-0.18000,0.85000,-51.08000,15.12000
0.01000,-0.00000,2.60000,0.00000,0.00000,-0.18000,0.85000,-52.19000,20.21000
0.01000,-0.00000,2.60000,0.00000,0.00000,-0.18000,0.85000,-52.19000,20.21000
0.01000,-0.00000,2.60000,-0.02000,0.00000,-0.18000,0.85000,-53.29000,25.30000
0.01000,-0.00000,2.60000,0.00000,0.00000,-0.18000,0.85000,-53.29000,25.30000
0.01000,-0.00000,2.60000,-0.02000,0.00000,-0.18000,0.85000,-54.38000,30.41000
0.01000,-0.01000,2.59000,-0.42000,0.00000,-0.18000,0.85000,-54.38000,30.41000
0.01000,-0.01000,2.58000,-0.81000,0.00000,-0.15000,0.88000,-48.73000,36.00000
0.01000,-0.01000,2.56000,-0.87000,0.00000,-0.08000,0.95000,-48.73000,36.00000
0.01000,-0.01000,2.55000,-0.83000,0.00000,0.01000,1.03000,-37.86000,43.58000
0.01000,-0.01000,2.54000,-0.46000,0.00000,0.11000,1.13000,-37.86000,43.58000
0.01000,-0.01000,2.54000,-0.08000,0.00000,0.16000,1.18000,-36.51000,51.96000
0.01000,-0.01000,2.54000,0.00000,0.00000,0.17000,1.19000,-36.51000,51.96000
0.01000,-0.01000,2.54000,0.00000,0.00000,0.17000,1.19000,-39.49000,59.17000
0.01000,-0.01000,2.54000,0.00000,0.00000,0.17000,1.19000,-39.49000,59.17000
0.01000,-0.01000,2.54000,0.00000,0.00000,0.17000,1.19000,-38.45000,66.31000
0.01000,-0.01000,2.54000,0.00000,0.00000,0.17000,1.19000,-38.45000,66.31000
0.01000,-0.01000,2.54000,0.00000,0.00000,0.17000,1.19000,-37.41000,73.44000
0.01000,-0.01000,2.54000,0.00000,0.00000,0.17000,1.19000,-37.41000,73.44000
0.01000,-0.01000,2.54000,0.00000,0.00000,0.17000,1.19000,-36.37000,80.57000
0.01000,-0.01000,2.54000,0.00000,0.00000,0.17000,1.19000,-36.37000,80.57000
0.01000,-0.01000,2.54000,0.00000,0.00000,0.17000,1.19000,-35.32000,87.71000
0.01000,-0.01000,2.54000,0.00000,0.00000,0.17000,1.19000,-35.32000,87.71000
0.01000,-0.01000,2.54000,0.00000,0.00000,0.17000,1.19000,-34.28000,94.84000
0.01000,-0.01000,2.54000,0.00000,0.00000,0.17000,1.19000,-34.28000,94.84000
0.01000,-0.01000,2.54000,0.00000,0.00000,0.17000,1.19000,-33.24000,101.97000
0.01000,-0.01000,2.54000,0.00000,0.00000,0.17000,1.19000,-33.24000,101.97000
0.01000,-0.01000,2.54000,0.00000,0.00000,0.17000,1.19000,-32.20000,109.10000
0.01000,-0.01000,2.54000,0.00000,0.00000,0.17000,1.19000,-32.20000,109.10000
0.01000,-0.01000,2.54000,0.00000,0.00000,0.17000,1.19000,-31.15000,116.24000
0.01000,-0.01000,2.54000,0.00000,0.00000,0.17000,1.19000,-31.15000,116.24000
0.01000,-0.01000,2.54000,0.00000,0.00000,0.17000,1.19000,-30.11000,123.37000
0.01000,-0.01000,2.54000,0.00000,0.00000,0.17000,1.19000,-30.11000,123.37000
0.01000,-0.01000,2.54000,0.00000,0.00000,0.17000,1.19000,-29.07000,130.50000
0.01000,-0.01000,2.54000,0.00000,0.02000,0.17000,1.19000,-29.07000,130.50000
0.01000,-0.01000,2.54000,0.00000,0.02000,0.18000,1.19000,-27.99000,137.35000
0.01000,-0.01000,2.54000,0.00000,0.02000,0.18000,1.19000,-27.99000,137.35000
0.01000,-0.01000,2.53000,0.00000,0.66000,0.18000,1.20000,-26.87000,144.44000
0.01000,-0.01000,2.49000,0.00000,2.14000,0.25000,1.26000,-26.87000,144.44000
0.01000,-0.00000,2.43000,0.00000,3.03000,0.46000,1.51000,-21.58000,124.54000
0.00000,-0.00000,2.37000,0.00000,3.32000,0.68000,1.79000,-21.58000,124.54000
0.00000,0.00000,2.31000,0.00000,3.28000,0.82000,1.98000,-13.42000,110.04000
-0.00000,0.00000,2.26000,0.00000,2.95000,0.88000,2.09000,-13.42000,110.04000
-0.00000,0.01000,2.21000,0.00000,2.55000,0.90000,2.15000,-7.31000,110.13000
-0.01000,0.01000,2.17000,0.00000,2.30000,0.91000,2.18000,-7.31000,110.13000
-0.01000,0.01000,2.13000,0.00000,2.30000,0.90000,2.20000,-1.83000,115.70000
-0.01000,0.01000,2.09000,0.00000,2.45000,0.91000,2.21000,-1.83000,115.70000
-0.01000,0.02000,2.04000,0.00000,2.59000,0.91000,2.21000,3.64000,113.10000
-0.01000,0.02000,1.99000,0.00000,2.66000,0.91000,2.21000,3.64000,113.10000
-0.01000,0.02000,1.94000,0.00000,2.74000,0.91000,2.21000,9.15000,108.57000
-0.01000,0.02000,1.89000,0.00000,2.64000,0.92000,2.21000,9.15000,108.57000
-0.01000,0.03000,1.85000,0.00000,2.49000,0.92000,2.20000,14.80000,106.04000
-0.02000,0.03000,1.81000,0.00000,2.37000,0.94000,2.18000,14.80000,106.04000
-0.02000,0.03000,1.76000,0.00000,2.32000,0.96000,2.16000,20.96000,106.87000
-0.02000,0.03000,1.72000,0.02000,2.26000,1.00000,2.12000,20.96000,106.87000
-0.02000,0.04000,1.68000,0.00000,2.22000,1.05000,2.08000,27.71000,105.92000
-0.02000,0.04000,1.64000,0.02000,2.22000,1.12000,2.01000,27.71000,105.92000
-0.02000,0.04000,1.60000,0.00000,2.20000,1.21000,1.91000,36.33000,102.98000
-0.02000,0.04000,1.57000,0.00000,2.03000,1.34000,1.79000,36.33000,102.98000
-0.02000,0.05000,1.53000,0.00000,1.91000,2.62000,2.66000,64.93000,115.11000
-0.02000,0.05000,1.49000,0.02000,2.16000,3.08000,3.07000,64.93000,115.11000
-0.02000,0.05000,1.45000,0.02000,2.32000,1.77000,1.36000,67.52000,97.55000
-0.02000,0.05000,1.42000,0.04000,1.99000,1.90000,1.23000,67.52000,97.55000
-0.02000,0.06000,1.40000,0.64000,1.66000,1.99000,1.14000,81.03000,91.86000
-0.02000,0.06000,1.41000,1.60000,1.20000,2.03000,1.10000,81.03000,91.86000
-0.02000,0.06000,1.44000,2.57000,0.87000,2.02000,1.11000,69.77000,98.17000
-0.01000,0.07000,1.48000,2.88000,0.75000,1.95000,1.18000,69.77000,98.17000
-0.01000,0.07000,1.51000,2.88000,1.04000,1.84000,1.28000,50.33000,107.07000
-0.01000,0.08000,1.53000,2.45000,1.33000,1.77000,1.44000,50.33000,107.07000
-0.01000,0.08000,1.53000,1.87000,1.68000,2.73000,2.69000,63.87000,122.73000
-0.01000,0.08000,1.52000,1.70000,2.22000,2.91000,2.89000,63.87000,122.73000
-0.01000,0.09000,1.51000,1.87000,2.78000,2.31000,2.11000,70.57000,108.70000
-0.01000,0.09000,1.50000,2.20000,2.66000,1.75000,1.41000,70.57000,108.70000
-0.01000,0.10000,1.50000,2.57000,2.45000,1.77000,1.36000,58.60000,90.29000
-0.01000,0.10000,1.51000,2.49000,1.95000,1.76000,1.37000,58.60000,90.29000
-0.01000,0.11000,1.53000,2.22000,1.33000,1.76000,1.44000,51.57000,94.26000
-0.01000,0.11000,1.54000,1.89000,1.10000,2.43000,2.27000,51.57000,94.26000
-0.01000,0.12000,1.55000,1.56000,1.04000,3.14000,3.13000,76.85000,129.31000
-0.01000,0.12000,1.55000,1.83000,1.89000,3.28000,3.28000,76.85000,129.31000
-0.01000,0.13000,1.55000,2.55000,2.70000,3.27000,3.27000,87.30000,131.78000
-0.01000,0.13000,1.55000,3.20000,3.20000,3.24000,3.24000,87.30000,131.78000
-0.01000,0.14000,1.55000,3.72000,3.55000,3.24000,3.24000,75.01000,120.01000
-0.01000,0.15000,1.56000,3.84000,3.51000,3.27000,3.27000,75.01000,120.01000
-0.01000,0.16000,1.56000,3.72000,3.28000,3.27000,3.27000,65.97000,116.02000
-0.01000,0.16000,1.57000,3.42000,3.20000,3.12000,3.13000,65.97000,116.02000
-0.01000,0.17000,1.57000,3.01000,3.09000,2.97000,2.99000,64.37000,115.06000
-0.01000,0.18000,1.56000,2.76000,2.99000,3.03000,3.04000,64.37000,115.06000
-0.01000,0.18000,1.56000,2.61000,2.91000,3.15000,3.16000,74.28000,119.48000
-0.01000,0.19000,1.55000,2.66000,3.01000,3.25000,3.25000,74.28000,119.48000
-0.01000,0.20000,1.55000,2.95000,3.07000,3.28000,3.28000,80.14000,122.01000
-0.01000,0.20000,1.55000,3.28000,3.07000,3.27000,3.26000,80.14000,122.01000
-0.01000,0.21000,1.56000,3.57000,3.24000,3.28000,3.28000,74.58000,122.76000
-0.01000,0.22000,1.56000,3.57000,3.34000,3.23000,3.24000,74.58000,122.76000
-0.01000,0.23000,1.57000,3.51000,3.32000,3.14000,3.15000,68.18000,118.03000
-0.01000,0.23000,1.57000,3.30000,3.24000,3.03000,3.05000,68.18000,118.03000
-0.01000,0.24000,1.56000,3.07000,3.24000,2.98000,3.00000,67.23000,116.10000
-0.01000,0.25000,1.56000,2.82000,3.20000,3.08000,3.09000,67.23000,116.10000
-0.01000,0.25000,1.55000,2.78000,3.07000,3.23000,3.24000,76.29000,118.93000
-0.01000,0.26000,1.55000,2.90000,3.09000,3.28000,3.28000,76.29000,118.93000
-0.01000,0.27000,1.55000,3.18000,3.13000,3.27000,3.27000,78.10000,121.24000
-0.01000,0.28000,1.55000,3.42000,3.15000,3.28000,3.28000,78.10000,121.24000
-0.01000,0.28000,1.56000,3.57000,3.22000,3.27000,3.27000,72.45000,121.37000
-0.01000,0.29000,1.56000,3.55000,3.34000,3.17000,3.18000,72.45000,121.37000
-0.01000,0.30000,1.56000,3.34000,3.38000,3.06000,3.07000,66.50000,116.25000
-0.01000,0.31000,1.56000,3.24000,3.24000,3.08000,3.09000,66.50000,116.25000
-0.01000,0.31000,1.56000,2.99000,3.13000,3.07000,3.08000,68.38000,116.33000
-0.01000,0.32000,1.55000,2.80000,3.13000,3.14000,3.15000,68.38000,116.33000
-0.01000,0.33000,1.55000,2.76000,3.03000,3.25000,3.25000,76.63000,119.55000
-0.01000,0.33000,1.55000,2.93000,3.03000,3.28000,3.28000,76.63000,119.55000
-0.01000,0.34000,1.55000,3.11000,3.11000,3.28000,3.28000,77.86000,122.16000
-0.01000,0.35000,1.55000,3.22000,3.20000,3.28000,3.28000,77.86000,122.16000
-0.01000,0.35000,1.55000,3.36000,3.24000,3.28000,3.28000,75.63000,121.18000
-0.01000,0.36000,1.55000,3.36000,3.28000,3.28000,3.28000,75.63000,121.18000
-0.01000,0.37000,1.55000,3.32000,3.36000,3.27000,3.28000,73.76000,120.40000
-0.01000,0.38000,1.55000,3.28000,3.30000,3.28000,3.28000,73.76000,120.40000
-0.01000,0.38000,1.55000,3.32000,3.26000,3.28000,3.28000,74.57000,120.14000
-0.01000,0.39000,1.55000,3.20000,3.32000,3.27000,3.28000,74.57000,120.14000
-0.01000,0.40000,1.55000,3.20000,3.30000,3.28000,3.28000,75.87000,119.75000
-0.01000,0.41000,1.55000,3.30000,3.20000,3.28000,3.28000,75.87000,119.75000
-0.01000,0.41000,1.55000,3.34000,3.15000,3.28000,3.28000,74.84000,121.40000
-0.01000,0.42000,1.55000,3.24000,3.24000,3.27000,3.27000,74.84000,121.40000
-0.01000,0.43000,1.55000,3.28000,3.26000,3.26000,3.27000,75.39000,121.05000
-0.01000,0.43000,1.55000,3.32000,3.24000,3.26000,3.26000,75.39000,121.05000
-0.01000,0.44000,1.55000,3.28000,3.32000,3.24000,3.24000,73.97000,120.91000
-0.01000,0.45000,1.55000,3.20000,3.20000,3.25000,3.25000,73.97000,120.91000
-0.01000,0.46000,1.56000,3.15000,2.97000,3.25000,3.25000,75.45000,121.67000
-0.01000,0.46000,1.56000,3.20000,2.99000,3.19000,3.20000,75.45000,121.67000
-0.01000,0.47000,1.56000,3.20000,3.09000,3.09000,3.10000,73.34000,122.79000
-0.01000,0.48000,1.56000,3.20000,3.15000,3.01000,3.02000,73.34000,122.79000
-0.01000,0.48000,1.56000,3.22000,3.18000,2.96000,2.97000,70.77000,119.12000
-0.01000,0.49000,1.56000,3.13000,3.30000,2.90000,2.92000,70.77000,119.12000
-0.01000,0.50000,1.56000,2.99000,3.32000,3.01000,3.02000,71.07000,116.62000
-0.01000,0.51000,1.55000,3.07000,3.20000,3.18000,3.19000,71.07000,116.62000
-0.01000,0.51000,1.55000,3.07000,3.09000,3.22000,3.22000,74.37000,119.50000
-0.01000,0.52000,1.55000,3.09000,3.15000,3.22000,3.23000,74.37000,119.50000
-0.01000,0.53000,1.55000,3.24000,3.17000,3.23000,3.24000,75.20000,120.53000
-0.01000,0.53000,1.56000,3.34000,3.20000,3.21000,3.22000,75.20000,120.53000
-0.00000,0.54000,1.56000,3.32000,3.26000,3.15000,3.16000,71.05000,119.21000
-0.00000,0.55000,1.55000,3.13000,3.28000,3.11000,3.12000,71.05000,119.21000
-0.00000,0.56000,1.55000,3.07000,3.20000,3.17000,3.17000,73.27000,117.97000
-0.00000,0.56000,1.55000,3.05000,3.13000,3.21000,3.21000,73.27000,117.97000
-0.00000,0.57000,1.55000,3.03000,3.07000,3.23000,3.23000,75.61000,120.38000
-0.00000,0.58000,1.55000,3.15000,3.07000,3.23000,3.24000,75.61000,120.38000
-0.00000,0.58000,1.55000,3.24000,3.13000,3.20000,3.21000,74.78000,121.58000
-0.00000,0.59000,1.55000,3.32000,3.26000,3.15000,3.16000,74.78000,121.58000
-0.00000,0.60000,1.55000,3.24000,3.38000,3.11000,3.12000,71.16000,118.24000
-0.00000,0.61000,1.55000,3.24000,3.28000,3.16000,3.17000,71.16000,118.24000
-0.00000,0.61000,1.55000,3.20000,3.18000,3.17000,3.17000,72.00000,117.92000
-0.00000,0.62000,1.55000,3.11000,3.22000,3.14000,3.15000,72.00000,117.92000
-0.00000,0.63000,1.55000,3.11000,3.15000,3.17000,3.18000,73.53000,118.31000
-0.00000,0.63000,1.55000,3.15000,3.13000,3.18000,3.18000,73.53000,118.31000
-0.00000,0.64000,1.55000,3.11000,3.15000,3.15000,3.16000,72.96000,119.04000
-0.00000,0.65000,1.54000,3.03000,3.20000,3.15000,3.16000,72.96000,119.04000
-0.00000,0.66000,1.54000,3.03000,3.20000,3.20000,3.20000,75.52000,118.94000
-0.00000,0.66000,1.54000,3.13000,3.17000,3.24000,3.24000,75.52000,118.94000
-0.00000,0.67000,1.54000,3.17000,3.22000,3.24000,3.24000,75.59000,119.88000
-0.00000,0.68000,1.54000,3.24000,3.20000,3.24000,3.24000,75.59000,119.88000
-0.00000,0.68000,1.54000,3.34000,3.20000,3.22000,3.22000,74.35000,119.69000
-0.00000,0.69000,1.55000,3.34000,3.24000,3.14000,3.15000,74.35000,119.69000
-0.00000,0.70000,1.55000,3.30000,3.28000,3.02000,3.03000,69.64000,116.31000
-0.00000,0.71000,1.55000,3.22000,3.20000,2.85000,2.87000,69.64000,116.31000
-0.00000,0.71000,1.55000,3.11000,3.11000,2.49000,2.54000,61.62000,108.34000